t,true_value,signal,bid,ask,trader_type,trade_side,trade_price,inventory,cash,pnl_mark_to_true,inv_penalty,risk_adj_pnl
1,-0.469142,-7.483697,-8.483697,-6.483697,informed,buy_from_mm,-6.483697,-1,-6.483697,-6.014555,0.010000,-6.024555
2,0.804564,-4.092167,-5.092167,-3.092167,informed,buy_from_mm,-3.092167,-2,-9.575864,-11.184992,0.040000,-11.224992
3,-1.435247,-3.788556,-4.788556,-2.788556,informed,buy_from_mm,-2.788556,-3,-12.364420,-8.058680,0.090000,-8.148680
4,-1.403622,-6.936008,-7.936008,-5.936008,noise,none,0.000000,-3,-12.364420,-8.153553,0.090000,-8.243553
5,-3.058731,-0.787724,-1.787724,0.212276,noise,none,0.000000,-3,-12.364420,-3.188228,0.090000,-3.278228
6,-2.396716,-8.739230,-9.739230,-7.739230,noise,none,0.000000,-3,-12.364420,-5.174272,0.090000,-5.264272
7,-3.019235,-3.816154,-4.816154,-2.816154,informed,none,0.000000,-3,-12.364420,-3.306715,0.090000,-3.396715
8,-3.402578,1.653417,0.653417,2.653417,noise,buy_from_mm,2.653417,-4,-9.711003,3.899309,0.160000,3.739309
9,-3.409304,2.180201,1.180201,3.180201,noise,none,0.000000,-4,-9.711003,3.926214,0.160000,3.766214
10,-1.601477,2.508469,1.508469,3.508469,noise,none,0.000000,-4,-9.711003,-3.305094,0.160000,-3.465094
11,-2.101668,-4.143345,-5.143345,-3.143345,noise,none,0.000000,-4,-9.711003,-1.304331,0.160000,-1.464331
12,-1.720878,3.272023,2.272023,4.272023,noise,none,0.000000,-4,-9.711003,-2.827491,0.160000,-2.987491
13,-1.831905,-1.529633,-2.529633,-0.529633,informed,none,0.000000,-4,-9.711003,-2.383383,0.160000,-2.543383
14,-1.918100,-5.720023,-6.720023,-4.720023,noise,none,0.000000,-4,-9.711003,-2.038603,0.160000,-2.198603
15,-1.407241,0.253806,-0.746194,1.253806,noise,buy_from_mm,1.253806,-5,-8.457197,-1.420990,0.250000,-1.670990
16,-2.402970,0.459170,-0.540830,1.459170,noise,buy_from_mm,1.459170,-6,-6.998027,7.419795,0.360000,7.059795
17,-4.300804,-1.879277,-2.879277,-0.879277,noise,none,0.000000,-6,-6.998027,18.806799,0.360000,18.446799
18,-6.190827,-5.285818,-6.285818,-4.285818,noise,none,0.000000,-6,-6.998027,30.146937,0.360000,29.786937
19,-6.442977,1.681475,0.681475,2.681475,informed,sell_to_mm,0.681475,-5,-7.679502,24.535382,0.250000,24.285382
20,-4.380147,-5.736422,-6.736422,-4.736422,informed,buy_from_mm,-4.736422,-6,-12.415923,13.864957,0.360000,13.504957
21,-5.079669,5.672865,4.672865,6.672865,noise,none,0.000000,-6,-12.415923,18.062089,0.360000,17.702089
22,-4.403292,-12.145826,-13.145826,-11.145826,noise,none,0.000000,-6,-12.415923,14.003829,0.360000,13.643829
23,-4.203912,-4.188129,-5.188129,-3.188129,informed,none,0.000000,-6,-12.415923,12.807548,0.360000,12.447548
24,-4.100752,-3.366163,-4.366163,-2.366163,informed,none,0.000000,-6,-12.415923,12.188590,0.360000,11.828590
25,-4.177916,-4.076820,-5.076820,-3.076820,informed,none,0.000000,-6,-12.415923,12.651570,0.360000,12.291570
26,-3.486033,0.429470,-0.570530,1.429470,informed,sell_to_mm,-0.570530,-5,-11.845394,5.584773,0.250000,5.334773
27,-2.249884,2.420524,1.420524,3.420524,informed,sell_to_mm,1.420524,-4,-13.265917,-4.266382,0.160000,-4.426382
28,-3.175023,1.159875,0.159875,2.159875,noise,none,0.000000,-4,-13.265917,-0.565827,0.160000,-0.725827
29,-4.231447,1.558757,0.558757,2.558757,informed,sell_to_mm,0.558757,-3,-13.824674,-1.130334,0.090000,-1.220334
30,-1.461441,-0.267400,-1.267400,0.732600,informed,sell_to_mm,-1.267400,-2,-12.557275,-9.634393,0.040000,-9.674393
31,-0.718424,-2.882759,-3.882759,-1.882759,informed,buy_from_mm,-1.882759,-3,-14.440034,-12.284761,0.090000,-12.374761
32,-1.802266,4.205314,3.205314,5.205314,informed,sell_to_mm,3.205314,-2,-17.645347,-14.040815,0.040000,-14.080815
33,-1.503384,-4.940401,-5.940401,-3.940401,noise,none,0.000000,-2,-17.645347,-14.638580,0.040000,-14.678580
34,-0.497224,-4.040696,-5.040696,-3.040696,noise,sell_to_mm,-5.040696,-1,-12.604651,-12.107427,0.010000,-12.117427
35,-0.158823,3.361163,2.361163,4.361163,noise,sell_to_mm,2.361163,0,-14.965814,-14.965814,0.000000,-14.965814
36,-1.097605,-10.595059,-11.595059,-9.595059,noise,none,0.000000,0,-14.965814,-14.965814,0.000000,-14.965814
37,-2.690545,-2.346899,-3.346899,-1.346899,informed,none,0.000000,0,-14.965814,-14.965814,0.000000,-14.965814
38,-2.847051,-1.214667,-2.214667,-0.214667,noise,none,0.000000,0,-14.965814,-14.965814,0.000000,-14.965814
39,-2.618229,-6.909467,-7.909467,-5.909467,noise,buy_from_mm,-5.909467,-1,-20.875282,-18.257052,0.010000,-18.267052
40,0.457687,0.169068,-0.830932,1.169068,noise,none,0.000000,-1,-20.875282,-21.332968,0.010000,-21.342968
41,0.712524,-1.846129,-2.846129,-0.846129,informed,buy_from_mm,-0.846129,-2,-21.721411,-23.146460,0.040000,-23.186460
42,2.233806,0.996079,-0.003921,1.996079,informed,buy_from_mm,1.996079,-3,-19.725332,-26.426751,0.090000,-26.516751
43,1.948467,8.535412,7.535412,9.535412,informed,sell_to_mm,7.535412,-2,-27.260744,-31.157677,0.040000,-31.197677
44,0.637517,-0.236904,-1.236904,0.763096,noise,none,0.000000,-2,-27.260744,-28.535779,0.040000,-28.575779
45,1.222484,-1.830186,-2.830186,-0.830186,noise,none,0.000000,-2,-27.260744,-29.705711,0.040000,-29.745711
46,1.994254,1.649121,0.649121,2.649121,noise,sell_to_mm,0.649121,-1,-27.909865,-29.904119,0.010000,-29.914119
47,1.715696,8.195866,7.195866,9.195866,informed,sell_to_mm,7.195866,0,-35.105732,-35.105732,0.000000,-35.105732
48,2.868491,-3.651448,-4.651448,-2.651448,informed,buy_from_mm,-2.651448,-1,-37.757180,-40.625671,0.010000,-40.635671
49,2.785980,-0.809886,-1.809886,0.190114,informed,buy_from_mm,0.190114,-2,-37.567066,-43.139026,0.040000,-43.179026
50,3.184246,0.784544,-0.215456,1.784544,noise,buy_from_mm,1.784544,-3,-35.782522,-45.335261,0.090000,-45.425261
51,4.362820,9.388549,8.388549,10.388549,informed,sell_to_mm,8.388549,-2,-44.171071,-52.896712,0.040000,-52.936712
52,4.600105,-4.398894,-5.398894,-3.398894,informed,buy_from_mm,-3.398894,-3,-47.569965,-61.370279,0.090000,-61.460279
53,5.081245,2.423609,1.423609,3.423609,noise,none,0.000000,-3,-47.569965,-62.813701,0.090000,-62.903701
54,5.865842,12.366459,11.366459,13.366459,noise,none,0.000000,-3,-47.569965,-65.167493,0.090000,-65.257493
55,4.393321,3.155459,2.155459,4.155459,informed,buy_from_mm,4.155459,-4,-43.414506,-60.987790,0.160000,-61.147790
56,4.744891,5.280368,4.280368,6.280368,noise,buy_from_mm,6.280368,-5,-37.134138,-60.858592,0.250000,-61.108592
57,3.997147,10.707040,9.707040,11.707040,noise,none,0.000000,-5,-37.134138,-57.119874,0.250000,-57.369874
58,4.615111,3.705734,2.705734,4.705734,noise,none,0.000000,-5,-37.134138,-60.209691,0.250000,-60.459691
59,4.589187,-2.495171,-3.495171,-1.495171,noise,buy_from_mm,-1.495171,-6,-38.629309,-66.164429,0.360000,-66.524429
60,4.871201,13.548063,12.548063,14.548063,noise,sell_to_mm,12.548063,-5,-51.177372,-75.533378,0.250000,-75.783378
61,4.425032,1.488365,0.488365,2.488365,noise,buy_from_mm,2.488365,-6,-48.689006,-75.239199,0.360000,-75.599199
62,4.305744,0.340875,-0.659125,1.340875,informed,buy_from_mm,1.340875,-7,-47.348131,-77.488341,0.490000,-77.978341
63,4.703947,2.243032,1.243032,3.243032,noise,none,0.000000,-7,-47.348131,-80.275760,0.490000,-80.765760
64,6.677446,12.165420,11.165420,13.165420,noise,none,0.000000,-7,-47.348131,-94.090252,0.490000,-94.580252
65,7.540226,5.827050,4.827050,6.827050,informed,buy_from_mm,6.827050,-8,-40.521081,-100.842893,0.640000,-101.482893
66,8.326907,9.910615,8.910615,10.910615,informed,sell_to_mm,8.910615,-7,-49.431696,-107.720046,0.490000,-108.210046
67,8.262156,17.551809,16.551809,18.551809,noise,none,0.000000,-7,-49.431696,-107.266789,0.490000,-107.756789
68,8.357339,11.219704,10.219704,12.219704,noise,buy_from_mm,12.219704,-8,-37.211992,-104.070706,0.640000,-104.710706
69,9.431314,3.433862,2.433862,4.433862,noise,none,0.000000,-8,-37.211992,-112.662507,0.640000,-113.302507
70,9.470439,4.916325,3.916325,5.916325,informed,buy_from_mm,5.916325,-9,-31.295667,-116.529617,0.810000,-117.339617
71,11.278389,13.588349,12.588349,14.588349,noise,none,0.000000,-9,-31.295667,-132.801165,0.810000,-133.611165
72,10.616128,6.896496,5.896496,7.896496,noise,none,0.000000,-9,-31.295667,-126.840815,0.810000,-127.650815
73,12.358999,7.614609,6.614609,8.614609,noise,none,0.000000,-9,-31.295667,-142.526660,0.810000,-143.336660
74,13.494440,3.597704,2.597704,4.597704,noise,buy_from_mm,4.597704,-10,-26.697963,-161.642363,1.000000,-162.642363
75,14.330061,12.171884,11.171884,13.171884,noise,none,0.000000,-10,-26.697963,-169.998571,1.000000,-170.998571
76,15.641094,14.392452,13.392452,15.392452,informed,buy_from_mm,15.392452,-11,-11.305511,-183.357544,1.210000,-184.567544
77,16.692183,21.124056,20.124056,22.124056,informed,sell_to_mm,20.124056,-10,-31.429567,-198.351395,1.000000,-199.351395
78,16.495606,17.264048,16.264048,18.264048,informed,none,0.000000,-10,-31.429567,-196.385630,1.000000,-197.385630
79,17.011025,13.404397,12.404397,14.404397,noise,none,0.000000,-10,-31.429567,-201.539818,1.000000,-202.539818
80,16.422712,18.964966,17.964966,19.964966,noise,buy_from_mm,19.964966,-11,-11.464602,-192.114438,1.210000,-193.324438
81,17.216265,16.959290,15.959290,17.959290,noise,none,0.000000,-11,-11.464602,-200.843520,1.210000,-202.053520
82,17.800298,18.775213,17.775213,19.775213,informed,none,0.000000,-11,-11.464602,-207.267881,1.210000,-208.477881
83,17.185180,17.969034,16.969034,18.969034,informed,none,0.000000,-11,-11.464602,-200.501577,1.210000,-201.711577
84,17.188174,15.281938,14.281938,16.281938,noise,none,0.000000,-11,-11.464602,-200.534519,1.210000,-201.744519
85,17.438023,20.768273,19.768273,21.768273,noise,none,0.000000,-11,-11.464602,-203.282852,1.210000,-204.492852
86,16.905293,16.798784,15.798784,17.798784,noise,none,0.000000,-11,-11.464602,-197.422826,1.210000,-198.632826
87,15.050771,10.645123,9.645123,11.645123,noise,none,0.000000,-11,-11.464602,-177.023083,1.210000,-178.233083
88,15.656450,13.858882,12.858882,14.858882,noise,sell_to_mm,12.858882,-10,-24.323484,-180.887985,1.000000,-181.887985
89,14.471898,10.673922,9.673922,11.673922,noise,none,0.000000,-10,-24.323484,-169.042460,1.000000,-170.042460
90,15.078362,16.932128,15.932128,17.932128,informed,sell_to_mm,15.932128,-9,-40.255612,-175.960869,0.810000,-176.770869
91,15.409169,13.650994,12.650994,14.650994,noise,none,0.000000,-9,-40.255612,-178.938129,0.810000,-179.748129
92,15.885806,11.766843,10.766843,12.766843,noise,none,0.000000,-9,-40.255612,-183.227862,0.810000,-184.037862
93,15.033806,13.296307,12.296307,14.296307,informed,buy_from_mm,14.296307,-10,-25.959305,-176.297370,1.000000,-177.297370
94,15.305946,19.439466,18.439466,20.439466,noise,none,0.000000,-10,-25.959305,-179.018762,1.000000,-180.018762
95,16.878771,14.356751,13.356751,15.356751,informed,buy_from_mm,15.356751,-11,-10.602555,-196.269040,1.210000,-197.479040
96,17.063274,18.474425,17.474425,19.474425,noise,none,0.000000,-11,-10.602555,-198.298572,1.210000,-199.508572
97,15.154221,13.524603,12.524603,14.524603,noise,sell_to_mm,12.524603,-10,-23.127158,-174.669368,1.000000,-175.669368
98,14.953241,8.869438,7.869438,9.869438,informed,buy_from_mm,9.869438,-11,-13.257720,-177.743372,1.210000,-178.953372
99,14.597463,15.543436,14.543436,16.543436,noise,none,0.000000,-11,-13.257720,-173.829809,1.210000,-175.039809
100,15.329592,18.431489,17.431489,19.431489,noise,sell_to_mm,17.431489,-10,-30.689209,-183.985126,1.000000,-184.985126
101,15.381382,13.610006,12.610006,14.610006,noise,sell_to_mm,12.610006,-9,-43.299215,-181.731652,0.810000,-182.541652
102,15.359672,14.744097,13.744097,15.744097,noise,none,0.000000,-9,-43.299215,-181.536265,0.810000,-182.346265
103,14.911081,11.055315,10.055315,12.055315,informed,buy_from_mm,12.055315,-10,-31.243901,-180.354714,1.000000,-181.354714
104,14.169843,10.141373,9.141373,11.141373,informed,buy_from_mm,11.141373,-11,-20.102528,-175.970799,1.210000,-177.180799
105,14.182687,18.080961,17.080961,19.080961,informed,sell_to_mm,17.080961,-10,-37.183488,-179.010360,1.000000,-180.010360
106,13.819747,16.746628,15.746628,17.746628,informed,sell_to_mm,15.746628,-9,-52.930116,-177.307840,0.810000,-178.117840
107,14.619192,19.673975,18.673975,20.673975,noise,none,0.000000,-9,-52.930116,-184.502840,0.810000,-185.312840
108,14.951867,13.737564,12.737564,14.737564,noise,none,0.000000,-9,-52.930116,-187.496919,0.810000,-188.306919
109,14.031597,4.959323,3.959323,5.959323,noise,none,0.000000,-9,-52.930116,-179.214487,0.810000,-180.024487
110,14.536062,8.710214,7.710214,9.710214,noise,none,0.000000,-9,-52.930116,-183.754676,0.810000,-184.564676
111,12.586198,10.538686,9.538686,11.538686,informed,buy_from_mm,11.538686,-10,-41.391430,-167.253406,1.000000,-168.253406
112,11.746412,8.044795,7.044795,9.044795,noise,none,0.000000,-10,-41.391430,-158.855553,1.000000,-159.855553
113,9.991547,0.674851,-0.325149,1.674851,noise,none,0.000000,-10,-41.391430,-141.306895,1.000000,-142.306895
114,8.391767,4.947504,3.947504,5.947504,noise,none,0.000000,-10,-41.391430,-125.309097,1.000000,-126.309097
115,9.176894,4.133020,3.133020,5.133020,noise,buy_from_mm,5.133020,-11,-36.258410,-137.204239,1.210000,-138.414239
116,9.379832,7.964097,6.964097,8.964097,informed,buy_from_mm,8.964097,-12,-27.294313,-139.852296,1.440000,-141.292296
117,9.162197,10.042297,9.042297,11.042297,informed,none,0.000000,-12,-27.294313,-137.240675,1.440000,-138.680675
118,9.206245,10.510067,9.510067,11.510067,informed,sell_to_mm,9.510067,-11,-36.804380,-138.073080,1.210000,-139.283080
119,8.440538,10.842569,9.842569,11.842569,informed,sell_to_mm,9.842569,-10,-46.646948,-131.052328,1.000000,-132.052328
120,8.761761,14.775759,13.775759,15.775759,informed,sell_to_mm,13.775759,-9,-60.422707,-139.278556,0.810000,-140.088556
121,7.671028,7.316108,6.316108,8.316108,noise,sell_to_mm,6.316108,-8,-66.738815,-128.107037,0.640000,-128.747037
122,8.157459,5.869244,4.869244,6.869244,noise,none,0.000000,-8,-66.738815,-131.998484,0.640000,-132.638484
123,7.917918,6.157675,5.157675,7.157675,informed,buy_from_mm,7.157675,-9,-59.581140,-130.842406,0.810000,-131.652406
124,7.188269,4.964471,3.964471,5.964471,noise,none,0.000000,-9,-59.581140,-124.275562,0.810000,-125.085562
125,7.024639,7.918075,6.918075,8.918075,noise,none,0.000000,-9,-59.581140,-122.802892,0.810000,-123.612892
126,8.213322,9.351458,8.351458,10.351458,noise,sell_to_mm,8.351458,-8,-67.932598,-133.639176,0.640000,-134.279176
127,8.346455,4.421613,3.421613,5.421613,informed,buy_from_mm,5.421613,-9,-62.510985,-137.629079,0.810000,-138.439079
128,7.763643,8.987614,7.987614,9.987614,informed,sell_to_mm,7.987614,-8,-70.498599,-132.607742,0.640000,-133.247742
129,7.506735,13.131655,12.131655,14.131655,noise,none,0.000000,-8,-70.498599,-130.552478,0.640000,-131.192478
130,7.902460,6.819434,5.819434,7.819434,noise,none,0.000000,-8,-70.498599,-133.718283,0.640000,-134.358283
131,8.422651,5.534657,4.534657,6.534657,informed,buy_from_mm,6.534657,-9,-63.963942,-139.767798,0.810000,-140.577798
132,9.344812,10.101450,9.101450,11.101450,noise,none,0.000000,-9,-63.963942,-148.067250,0.810000,-148.877250
133,9.983466,2.309525,1.309525,3.309525,noise,none,0.000000,-9,-63.963942,-153.815135,0.810000,-154.625135
134,10.232583,10.651803,9.651803,11.651803,noise,sell_to_mm,9.651803,-8,-73.615745,-155.476406,0.640000,-156.116406
135,10.283708,9.636257,8.636257,10.636257,noise,sell_to_mm,8.636257,-7,-82.252002,-154.237956,0.490000,-154.727956
136,9.789857,15.462629,14.462629,16.462629,noise,buy_from_mm,16.462629,-8,-65.789373,-144.108232,0.640000,-144.748232
137,9.433470,0.720799,-0.279201,1.720799,informed,buy_from_mm,1.720799,-9,-64.068574,-148.969803,0.810000,-149.779803
138,9.553767,11.874026,10.874026,12.874026,noise,none,0.000000,-9,-64.068574,-150.052472,0.810000,-150.862472
139,9.528292,14.372828,13.372828,15.372828,informed,sell_to_mm,13.372828,-8,-77.441402,-153.667739,0.640000,-154.307739
140,9.112211,5.884677,4.884677,6.884677,noise,none,0.000000,-8,-77.441402,-150.339090,0.640000,-150.979090
141,9.563922,10.747111,9.747111,11.747111,noise,none,0.000000,-8,-77.441402,-153.952781,0.640000,-154.592781
142,9.745820,6.900737,5.900737,7.900737,noise,none,0.000000,-8,-77.441402,-155.407965,0.640000,-156.047965
143,8.985239,16.878568,15.878568,17.878568,informed,sell_to_mm,15.878568,-7,-93.319970,-156.216645,0.490000,-156.706645
144,8.875142,11.049371,10.049371,12.049371,informed,sell_to_mm,10.049371,-6,-103.369341,-156.620192,0.360000,-156.980192
145,9.178071,10.220162,9.220162,11.220162,informed,sell_to_mm,9.220162,-5,-112.589504,-158.479857,0.250000,-158.729857
146,10.070653,14.891696,13.891696,15.891696,informed,sell_to_mm,13.891696,-4,-126.481199,-166.763810,0.160000,-166.923810
147,9.095133,-1.212455,-2.212455,-0.212455,noise,none,0.000000,-4,-126.481199,-162.861731,0.160000,-163.021731
148,8.728554,4.340376,3.340376,5.340376,noise,sell_to_mm,3.340376,-3,-129.821576,-156.007237,0.090000,-156.097237
149,8.951775,9.722028,8.722028,10.722028,informed,none,0.000000,-3,-129.821576,-156.676899,0.090000,-156.766899
150,10.321992,12.127743,11.127743,13.127743,noise,none,0.000000,-3,-129.821576,-160.787551,0.090000,-160.877551
151,11.534982,9.332291,8.332291,10.332291,noise,none,0.000000,-3,-129.821576,-164.426521,0.090000,-164.516521
152,12.145634,8.660153,7.660153,9.660153,informed,buy_from_mm,9.660153,-4,-120.161423,-168.743959,0.160000,-168.903959
153,13.076121,13.379585,12.379585,14.379585,noise,none,0.000000,-4,-120.161423,-172.465905,0.160000,-172.625905
154,11.581450,15.810542,14.810542,16.810542,noise,sell_to_mm,14.810542,-3,-134.971965,-169.716316,0.090000,-169.806316
155,12.624938,5.032135,4.032135,6.032135,noise,none,0.000000,-3,-134.971965,-172.846778,0.090000,-172.936778
156,12.199192,13.936998,12.936998,14.936998,informed,sell_to_mm,12.936998,-2,-147.908963,-172.307347,0.040000,-172.347347
157,12.669829,8.468308,7.468308,9.468308,noise,buy_from_mm,9.468308,-3,-138.440654,-176.450142,0.090000,-176.540142
158,13.351803,12.602659,11.602659,13.602659,informed,none,0.000000,-3,-138.440654,-178.496062,0.090000,-178.586062
159,13.925172,16.963382,15.963382,17.963382,noise,buy_from_mm,17.963382,-4,-120.477273,-176.177960,0.160000,-176.337960
160,12.414473,12.798274,11.798274,13.798274,noise,none,0.000000,-4,-120.477273,-170.135166,0.160000,-170.295166
161,12.164662,8.970054,7.970054,9.970054,informed,buy_from_mm,9.970054,-5,-110.507218,-171.330527,0.250000,-171.580527
162,11.346863,12.217682,11.217682,13.217682,noise,none,0.000000,-5,-110.507218,-167.241534,0.250000,-167.491534
163,10.410414,6.345841,5.345841,7.345841,informed,buy_from_mm,7.345841,-6,-103.161377,-165.623858,0.360000,-165.983858
164,8.379514,4.003519,3.003519,5.003519,noise,buy_from_mm,5.003519,-7,-98.157858,-156.814457,0.490000,-157.304457
165,8.285136,14.700288,13.700288,15.700288,noise,none,0.000000,-7,-98.157858,-156.153811,0.490000,-156.643811
166,7.523091,5.486292,4.486292,6.486292,noise,none,0.000000,-7,-98.157858,-150.819492,0.490000,-151.309492
167,6.882465,14.182400,13.182400,15.182400,informed,sell_to_mm,13.182400,-6,-111.340258,-152.635048,0.360000,-152.995048
168,8.197255,15.420985,14.420985,16.420985,noise,none,0.000000,-6,-111.340258,-160.523786,0.360000,-160.883786
169,9.617907,11.196102,10.196102,12.196102,informed,sell_to_mm,10.196102,-5,-121.536360,-169.625893,0.250000,-169.875893
170,10.190312,-0.115128,-1.115128,0.884872,informed,buy_from_mm,0.884872,-6,-120.651488,-181.793358,0.360000,-182.153358
171,10.933939,9.706999,8.706999,10.706999,informed,buy_from_mm,10.706999,-7,-109.944488,-186.482063,0.490000,-186.972063
172,11.652941,9.233577,8.233577,10.233577,noise,buy_from_mm,10.233577,-8,-99.710911,-192.934439,0.640000,-193.574439
173,11.279666,14.000742,13.000742,15.000742,informed,sell_to_mm,13.000742,-7,-112.711653,-191.669318,0.490000,-192.159318
174,10.396110,8.364456,7.364456,9.364456,informed,buy_from_mm,9.364456,-8,-103.347197,-186.516078,0.640000,-187.156078
175,9.410806,14.785446,13.785446,15.785446,informed,sell_to_mm,13.785446,-7,-117.132643,-183.008283,0.490000,-183.498283
176,9.926201,4.035718,3.035718,5.035718,informed,buy_from_mm,5.035718,-8,-112.096925,-191.506533,0.640000,-192.146533
177,9.184745,10.032661,9.032661,11.032661,informed,none,0.000000,-8,-112.096925,-185.574885,0.640000,-186.214885
178,7.765114,9.276129,8.276129,10.276129,informed,sell_to_mm,8.276129,-7,-120.373054,-174.728849,0.490000,-175.218849
179,7.880218,8.548452,7.548452,9.548452,informed,none,0.000000,-7,-120.373054,-175.534581,0.490000,-176.024581
180,7.168569,0.216893,-0.783107,1.216893,informed,buy_from_mm,1.216893,-8,-119.156161,-176.504712,0.640000,-177.144712
181,8.001495,1.207716,0.207716,2.207716,noise,none,0.000000,-8,-119.156161,-183.168120,0.640000,-183.808120
182,9.265822,9.687959,8.687959,10.687959,noise,none,0.000000,-8,-119.156161,-193.282738,0.640000,-193.922738
183,10.194375,9.231514,8.231514,10.231514,informed,none,0.000000,-8,-119.156161,-200.711158,0.640000,-201.351158
184,10.890877,13.319379,12.319379,14.319379,noise,none,0.000000,-8,-119.156161,-206.283178,0.640000,-206.923178
185,9.523526,4.696836,3.696836,5.696836,noise,none,0.000000,-8,-119.156161,-195.344366,0.640000,-195.984366
186,9.651614,18.980274,17.980274,19.980274,noise,none,0.000000,-8,-119.156161,-196.369072,0.640000,-197.009072
187,10.515916,6.944357,5.944357,7.944357,informed,buy_from_mm,7.944357,-9,-111.211804,-205.855051,0.810000,-206.665051
188,9.296200,9.453591,8.453591,10.453591,noise,buy_from_mm,10.453591,-10,-100.758213,-193.720214,1.000000,-194.720214
189,8.813966,12.693929,11.693929,13.693929,noise,sell_to_mm,11.693929,-9,-112.452142,-191.777840,0.810000,-192.587840
190,5.840373,1.444837,0.444837,2.444837,noise,none,0.000000,-9,-112.452142,-165.015495,0.810000,-165.825495
191,6.557257,5.024793,4.024793,6.024793,noise,none,0.000000,-9,-112.452142,-171.467451,0.810000,-172.277451
192,5.977287,6.627984,5.627984,7.627984,noise,buy_from_mm,7.627984,-10,-104.824158,-164.597026,1.000000,-165.597026
193,5.788189,7.295883,6.295883,8.295883,informed,sell_to_mm,6.295883,-9,-111.120041,-163.213741,0.810000,-164.023741
194,4.668340,7.789405,6.789405,8.789405,informed,sell_to_mm,6.789405,-8,-117.909446,-155.256163,0.640000,-155.896163
195,4.568925,1.338360,0.338360,2.338360,noise,buy_from_mm,2.338360,-9,-115.571087,-156.691416,0.810000,-157.501416
196,3.031628,5.835488,4.835488,6.835488,informed,sell_to_mm,4.835488,-8,-120.406575,-144.659598,0.640000,-145.299598
197,2.466666,-0.223887,-1.223887,0.776113,noise,none,0.000000,-8,-120.406575,-140.139905,0.640000,-140.779905
198,1.683701,-0.208380,-1.208380,0.791620,noise,none,0.000000,-8,-120.406575,-133.876187,0.640000,-134.516187
199,1.089994,-7.479967,-8.479967,-6.479967,informed,buy_from_mm,-6.479967,-9,-126.886542,-136.696488,0.810000,-137.506488
200,1.082845,1.364668,0.364668,2.364668,noise,none,0.000000,-9,-126.886542,-136.632148,0.810000,-137.442148
201,0.995505,3.710669,2.710669,4.710669,informed,sell_to_mm,2.710669,-8,-129.597211,-137.561254,0.640000,-138.201254
202,0.883743,-3.179104,-4.179104,-2.179104,noise,none,0.000000,-8,-129.597211,-136.667157,0.640000,-137.307157
203,2.561194,-1.214332,-2.214332,-0.214332,noise,none,0.000000,-8,-129.597211,-150.086766,0.640000,-150.726766
204,3.186798,-1.362061,-2.362061,-0.362061,noise,none,0.000000,-8,-129.597211,-155.091595,0.640000,-155.731595
205,3.713884,-0.425295,-1.425295,0.574705,noise,none,0.000000,-8,-129.597211,-159.308280,0.640000,-159.948280
206,6.086241,0.505813,-0.494187,1.505813,informed,buy_from_mm,1.505813,-9,-128.091398,-182.867563,0.810000,-183.677563
207,5.398721,2.366050,1.366050,3.366050,noise,none,0.000000,-9,-128.091398,-176.679884,0.810000,-177.489884
208,5.703655,8.910128,7.910128,9.910128,informed,sell_to_mm,7.910128,-8,-136.001526,-181.630770,0.640000,-182.270770
209,5.785133,0.424929,-0.575071,1.424929,informed,buy_from_mm,1.424929,-9,-134.576597,-186.642798,0.810000,-187.452798
210,5.026308,7.880894,6.880894,8.880894,informed,sell_to_mm,6.880894,-8,-141.457491,-181.667951,0.640000,-182.307951
211,3.487411,2.891409,1.891409,3.891409,informed,none,0.000000,-8,-141.457491,-169.356778,0.640000,-169.996778
212,4.062899,13.671113,12.671113,14.671113,informed,sell_to_mm,12.671113,-7,-154.128604,-182.568899,0.490000,-183.058899
213,5.280756,14.396675,13.396675,15.396675,informed,sell_to_mm,13.396675,-6,-167.525279,-199.209815,0.360000,-199.569815
214,4.718556,6.428197,5.428197,7.428197,noise,none,0.000000,-6,-167.525279,-195.836613,0.360000,-196.196613
215,3.061842,5.718100,4.718100,6.718100,noise,sell_to_mm,4.718100,-5,-172.243379,-187.552590,0.250000,-187.802590
216,2.748633,3.695934,2.695934,4.695934,informed,none,0.000000,-5,-172.243379,-185.986543,0.250000,-186.236543
217,3.456984,-9.043694,-10.043694,-8.043694,noise,none,0.000000,-5,-172.243379,-189.528298,0.250000,-189.778298
218,2.519296,1.852171,0.852171,2.852171,informed,none,0.000000,-5,-172.243379,-184.839858,0.250000,-185.089858
219,3.280422,0.153958,-0.846042,1.153958,informed,buy_from_mm,1.153958,-6,-171.089421,-190.771954,0.360000,-191.131954
220,2.252255,6.537028,5.537028,7.537028,informed,sell_to_mm,5.537028,-5,-176.626449,-187.887723,0.250000,-188.137723
221,0.820243,-2.138896,-3.138896,-1.138896,noise,buy_from_mm,-1.138896,-6,-177.765346,-182.686801,0.360000,-183.046801
222,-0.535357,4.150932,3.150932,5.150932,informed,sell_to_mm,3.150932,-5,-180.916278,-178.239492,0.250000,-178.489492
223,0.340914,-0.038817,-1.038817,0.961183,noise,none,0.000000,-5,-180.916278,-182.620847,0.250000,-182.870847
224,-0.863140,-1.833103,-2.833103,-0.833103,noise,sell_to_mm,-2.833103,-4,-178.083175,-174.630614,0.160000,-174.790614
225,-1.673740,-7.983045,-8.983045,-6.983045,informed,buy_from_mm,-6.983045,-5,-185.066219,-176.697518,0.250000,-176.947518
226,-2.441756,-0.280200,-1.280200,0.719800,informed,sell_to_mm,-1.280200,-4,-183.786019,-174.018996,0.160000,-174.178996
227,-2.262341,-5.048559,-6.048559,-4.048559,noise,none,0.000000,-4,-183.786019,-174.736655,0.160000,-174.896655
228,-2.294493,-3.232615,-4.232615,-2.232615,informed,none,0.000000,-4,-183.786019,-174.608046,0.160000,-174.768046
229,-0.598978,-2.281162,-3.281162,-1.281162,noise,none,0.000000,-4,-183.786019,-181.390106,0.160000,-181.550106
230,1.161650,-1.646771,-2.646771,-0.646771,informed,buy_from_mm,-0.646771,-5,-184.432791,-190.241042,0.250000,-190.491042
231,2.078155,2.533844,1.533844,3.533844,informed,none,0.000000,-5,-184.432791,-194.823567,0.250000,-195.073567
232,2.451764,3.919027,2.919027,4.919027,noise,buy_from_mm,4.919027,-6,-179.513764,-194.224350,0.360000,-194.584350
233,1.283036,2.268125,1.268125,3.268125,noise,none,0.000000,-6,-179.513764,-187.211980,0.360000,-187.571980
234,0.818077,1.021700,0.021700,2.021700,noise,none,0.000000,-6,-179.513764,-184.422224,0.360000,-184.782224
235,0.392823,1.066942,0.066942,2.066942,noise,none,0.000000,-6,-179.513764,-181.870700,0.360000,-182.230700
236,-0.910853,-0.944715,-1.944715,0.055285,noise,none,0.000000,-6,-179.513764,-174.048644,0.360000,-174.408644
237,-0.704608,-6.041909,-7.041909,-5.041909,noise,none,0.000000,-6,-179.513764,-175.286115,0.360000,-175.646115
238,-0.878323,-7.398518,-8.398518,-6.398518,noise,none,0.000000,-6,-179.513764,-174.243826,0.360000,-174.603826
239,-2.199869,-4.058304,-5.058304,-3.058304,noise,sell_to_mm,-5.058304,-5,-174.455460,-163.456115,0.250000,-163.706115
240,-2.679242,-1.420253,-2.420253,-0.420253,noise,sell_to_mm,-2.420253,-4,-172.035207,-161.318240,0.160000,-161.478240
241,-3.116802,-4.994512,-5.994512,-3.994512,informed,buy_from_mm,-3.994512,-5,-176.029719,-160.445710,0.250000,-160.695710
242,-3.398996,-14.635322,-15.635322,-13.635322,noise,buy_from_mm,-13.635322,-6,-189.665041,-169.271068,0.360000,-169.631068
243,-3.342653,-1.444890,-2.444890,-0.444890,noise,none,0.000000,-6,-189.665041,-169.609124,0.360000,-169.969124
244,-4.184437,-1.673038,-2.673038,-0.673038,noise,none,0.000000,-6,-189.665041,-164.558417,0.360000,-164.918417
245,-5.738570,-2.701059,-3.701059,-1.701059,informed,sell_to_mm,-3.701059,-5,-185.963982,-157.271130,0.250000,-157.521130
246,-6.266805,-5.321014,-6.321014,-4.321014,noise,none,0.000000,-5,-185.963982,-154.629958,0.250000,-154.879958
247,-6.575519,-9.774661,-10.774661,-8.774661,noise,buy_from_mm,-8.774661,-6,-194.738644,-155.285528,0.360000,-155.645528
248,-6.512001,-14.144824,-15.144824,-13.144824,noise,none,0.000000,-6,-194.738644,-155.666640,0.360000,-156.026640
249,-7.232545,-10.189183,-11.189183,-9.189183,noise,sell_to_mm,-11.189183,-5,-183.549461,-147.386734,0.250000,-147.636734
250,-7.155945,-2.797039,-3.797039,-1.797039,informed,sell_to_mm,-3.797039,-4,-179.752422,-151.128642,0.160000,-151.288642
251,-6.873152,-6.365048,-7.365048,-5.365048,noise,none,0.000000,-4,-179.752422,-152.259816,0.160000,-152.419816
252,-7.666032,-5.702568,-6.702568,-4.702568,noise,sell_to_mm,-6.702568,-3,-173.049854,-150.051759,0.090000,-150.141759
253,-9.081547,-6.431872,-7.431872,-5.431872,noise,buy_from_mm,-5.431872,-4,-178.481726,-142.155539,0.160000,-142.315539
254,-9.245289,-7.771566,-8.771566,-6.771566,noise,none,0.000000,-4,-178.481726,-141.500569,0.160000,-141.660569
255,-10.239474,-6.100496,-7.100496,-5.100496,informed,sell_to_mm,-7.100496,-3,-171.381229,-140.662807,0.090000,-140.752807
256,-11.732139,-17.104860,-18.104860,-16.104860,noise,sell_to_mm,-18.104860,-2,-153.276370,-129.812091,0.040000,-129.852091
257,-10.089021,-4.671780,-5.671780,-3.671780,informed,sell_to_mm,-5.671780,-1,-147.604590,-137.515570,0.010000,-137.525570
258,-8.968757,-8.596688,-9.596688,-7.596688,noise,sell_to_mm,-9.596688,0,-138.007902,-138.007902,0.000000,-138.007902
259,-9.114231,-10.186724,-11.186724,-9.186724,informed,buy_from_mm,-9.186724,-1,-147.194626,-138.080395,0.010000,-138.090395
260,-8.820035,-13.631253,-14.631253,-12.631253,noise,none,0.000000,-1,-147.194626,-138.374591,0.010000,-138.384591
261,-8.085937,-10.595474,-11.595474,-9.595474,noise,none,0.000000,-1,-147.194626,-139.108689,0.010000,-139.118689
262,-8.000411,-5.963973,-6.963973,-4.963973,informed,sell_to_mm,-6.963973,0,-140.230653,-140.230653,0.000000,-140.230653
263,-8.288975,-5.278235,-6.278235,-4.278235,informed,sell_to_mm,-6.278235,1,-133.952418,-142.241393,0.010000,-142.251393
264,-8.836055,-5.250517,-6.250517,-4.250517,noise,none,0.000000,1,-133.952418,-142.788473,0.010000,-142.798473
265,-8.346097,-9.948255,-10.948255,-8.948255,informed,buy_from_mm,-8.948255,0,-142.900673,-142.900673,0.000000,-142.900673
266,-10.249718,-14.938553,-15.938553,-13.938553,noise,sell_to_mm,-15.938553,1,-126.962120,-137.211838,0.010000,-137.221838
267,-10.192405,-9.667546,-10.667546,-8.667546,noise,none,0.000000,1,-126.962120,-137.154525,0.010000,-137.164525
268,-8.263857,-9.466523,-10.466523,-8.466523,noise,buy_from_mm,-8.466523,0,-135.428643,-135.428643,0.000000,-135.428643
269,-9.130540,-6.677485,-7.677485,-5.677485,informed,sell_to_mm,-7.677485,1,-127.751158,-136.881698,0.010000,-136.891698
270,-9.928527,-3.503973,-4.503973,-2.503973,noise,none,0.000000,1,-127.751158,-137.679685,0.010000,-137.689685
271,-8.100308,-10.812676,-11.812676,-9.812676,informed,buy_from_mm,-9.812676,0,-137.563834,-137.563834,0.000000,-137.563834
272,-6.754213,-7.470693,-8.470693,-6.470693,informed,none,0.000000,0,-137.563834,-137.563834,0.000000,-137.563834
273,-6.335770,0.506917,-0.493083,1.506917,informed,sell_to_mm,-0.493083,1,-137.070752,-143.406521,0.010000,-143.416521
274,-5.066380,-5.236626,-6.236626,-4.236626,informed,none,0.000000,1,-137.070752,-142.137132,0.010000,-142.147132
275,-4.351339,1.054902,0.054902,2.054902,informed,sell_to_mm,0.054902,2,-137.125654,-145.828331,0.040000,-145.868331
276,-4.028089,-6.161675,-7.161675,-5.161675,noise,none,0.000000,2,-137.125654,-145.181831,0.040000,-145.221831
277,-5.198130,-8.795083,-9.795083,-7.795083,informed,buy_from_mm,-7.795083,1,-144.920737,-150.118866,0.010000,-150.128866
278,-5.153614,1.866462,0.866462,2.866462,noise,none,0.000000,1,-144.920737,-150.074351,0.010000,-150.084351
279,-3.591614,2.860863,1.860863,3.860863,noise,buy_from_mm,3.860863,0,-141.059874,-141.059874,0.000000,-141.059874
280,-2.901259,-6.806140,-7.806140,-5.806140,noise,sell_to_mm,-7.806140,1,-133.253734,-136.154993,0.010000,-136.164993
281,-4.075439,-6.556944,-7.556944,-5.556944,noise,sell_to_mm,-7.556944,2,-125.696790,-133.847668,0.040000,-133.887668
282,-4.090227,4.053590,3.053590,5.053590,noise,none,0.000000,2,-125.696790,-133.877244,0.040000,-133.917244
283,-2.949554,-5.580831,-6.580831,-4.580831,noise,none,0.000000,2,-125.696790,-131.595898,0.040000,-131.635898
284,-3.069024,-5.624957,-6.624957,-4.624957,noise,none,0.000000,2,-125.696790,-131.834838,0.040000,-131.874838
285,-3.151553,4.366875,3.366875,5.366875,noise,none,0.000000,2,-125.696790,-131.999897,0.040000,-132.039897
286,-4.923765,-0.027488,-1.027488,0.972512,noise,none,0.000000,2,-125.696790,-135.544320,0.040000,-135.584320
287,-6.863308,-11.017524,-12.017524,-10.017524,noise,none,0.000000,2,-125.696790,-139.423406,0.040000,-139.463406
288,-5.813714,-4.297915,-5.297915,-3.297915,noise,none,0.000000,2,-125.696790,-137.324218,0.040000,-137.364218
289,-4.608224,4.922483,3.922483,5.922483,informed,sell_to_mm,3.922483,3,-129.619273,-143.443945,0.090000,-143.533945
290,-5.702117,-0.413596,-1.413596,0.586404,noise,none,0.000000,3,-129.619273,-146.725625,0.090000,-146.815625
291,-6.651452,-11.322968,-12.322968,-10.322968,noise,buy_from_mm,-10.322968,2,-139.942240,-153.245144,0.040000,-153.285144
292,-4.851266,-4.783583,-5.783583,-3.783583,informed,none,0.000000,2,-139.942240,-149.644772,0.040000,-149.684772
293,-3.972571,-0.521554,-1.521554,0.478446,informed,sell_to_mm,-1.521554,3,-138.420686,-150.338400,0.090000,-150.428400
294,-3.384684,-5.241791,-6.241791,-4.241791,informed,buy_from_mm,-4.241791,2,-142.662477,-149.431844,0.040000,-149.471844
295,-2.829526,-0.715627,-1.715627,0.284373,noise,none,0.000000,2,-142.662477,-148.321528,0.040000,-148.361528
296,-2.842836,0.702251,-0.297749,1.702251,noise,none,0.000000,2,-142.662477,-148.348149,0.040000,-148.388149
297,-2.417002,-1.373259,-2.373259,-0.373259,noise,buy_from_mm,-0.373259,1,-143.035736,-145.452738,0.010000,-145.462738
298,-2.776934,0.890153,-0.109847,1.890153,informed,sell_to_mm,-0.109847,2,-142.925889,-148.479758,0.040000,-148.519758
299,-3.080263,-8.859724,-9.859724,-7.859724,noise,none,0.000000,2,-142.925889,-149.086416,0.040000,-149.126416
300,-3.256050,0.188843,-0.811157,1.188843,informed,sell_to_mm,-0.811157,3,-142.114732,-151.882881,0.090000,-151.972881
301,-3.169232,-7.823357,-8.823357,-6.823357,informed,buy_from_mm,-6.823357,2,-148.938089,-155.276553,0.040000,-155.316553
302,-3.688698,-5.005602,-6.005602,-4.005602,noise,none,0.000000,2,-148.938089,-156.315485,0.040000,-156.355485
303,-3.837843,-3.427399,-4.427399,-2.427399,informed,none,0.000000,2,-148.938089,-156.613775,0.040000,-156.653775
304,-5.227999,-7.249635,-8.249635,-6.249635,informed,buy_from_mm,-6.249635,1,-155.187723,-160.415723,0.010000,-160.425723
305,-5.978178,-13.845213,-14.845213,-12.845213,informed,buy_from_mm,-12.845213,0,-168.032936,-168.032936,0.000000,-168.032936
306,-6.986816,-6.198246,-7.198246,-5.198246,noise,none,0.000000,0,-168.032936,-168.032936,0.000000,-168.032936
307,-8.886429,-6.876654,-7.876654,-5.876654,informed,sell_to_mm,-7.876654,1,-160.156282,-169.042711,0.010000,-169.052711
308,-9.001165,-7.913654,-8.913654,-6.913654,noise,none,0.000000,1,-160.156282,-169.157447,0.010000,-169.167447
309,-10.438792,-13.147411,-14.147411,-12.147411,noise,buy_from_mm,-12.147411,0,-172.303693,-172.303693,0.000000,-172.303693
310,-11.114547,-5.409983,-6.409983,-4.409983,informed,sell_to_mm,-6.409983,1,-165.893710,-177.008256,0.010000,-177.018256
311,-11.695218,-11.753667,-12.753667,-10.753667,noise,none,0.000000,1,-165.893710,-177.588928,0.010000,-177.598928
312,-12.395703,-12.393128,-13.393128,-11.393128,informed,none,0.000000,1,-165.893710,-178.289413,0.010000,-178.299413
313,-12.380258,-11.810559,-12.810559,-10.810559,noise,none,0.000000,1,-165.893710,-178.273967,0.010000,-178.283967
314,-11.563279,-9.992152,-10.992152,-8.992152,informed,sell_to_mm,-10.992152,2,-154.901558,-178.028115,0.040000,-178.068115
315,-11.443360,-10.278093,-11.278093,-9.278093,noise,none,0.000000,2,-154.901558,-177.788277,0.040000,-177.828277
316,-10.107627,-10.832359,-11.832359,-9.832359,noise,none,0.000000,2,-154.901558,-175.116812,0.040000,-175.156812
317,-9.802213,-1.600323,-2.600323,-0.600323,noise,sell_to_mm,-2.600323,3,-152.301235,-181.707872,0.090000,-181.797872
318,-9.773745,-11.011234,-12.011234,-10.011234,informed,buy_from_mm,-10.011234,2,-162.312469,-181.859959,0.040000,-181.899959
319,-10.355831,-8.899092,-9.899092,-7.899092,informed,sell_to_mm,-9.899092,3,-152.413376,-183.480870,0.090000,-183.570870
320,-10.102632,-19.100922,-20.100922,-18.100922,informed,buy_from_mm,-18.100922,2,-170.514299,-190.719562,0.040000,-190.759562
321,-12.245483,-9.460843,-10.460843,-8.460843,noise,none,0.000000,2,-170.514299,-195.005265,0.040000,-195.045265
322,-10.568838,-11.448811,-12.448811,-10.448811,noise,none,0.000000,2,-170.514299,-191.651976,0.040000,-191.691976
323,-11.733066,-11.076883,-12.076883,-10.076883,noise,none,0.000000,2,-170.514299,-193.980431,0.040000,-194.020431
324,-12.801438,-20.287581,-21.287581,-19.287581,noise,none,0.000000,2,-170.514299,-196.117174,0.040000,-196.157174
325,-11.905091,-15.128671,-16.128671,-14.128671,informed,buy_from_mm,-14.128671,1,-184.642969,-196.548061,0.010000,-196.558061
326,-12.546266,-21.458793,-22.458793,-20.458793,noise,none,0.000000,1,-184.642969,-197.189236,0.010000,-197.199236
327,-12.249978,-9.842275,-10.842275,-8.842275,informed,sell_to_mm,-10.842275,2,-173.800695,-198.300651,0.040000,-198.340651
328,-12.580300,-9.323146,-10.323146,-8.323146,informed,sell_to_mm,-10.323146,3,-163.477549,-201.218450,0.090000,-201.308450
329,-11.907579,-9.386606,-10.386606,-8.386606,noise,none,0.000000,3,-163.477549,-199.200287,0.090000,-199.290287
330,-11.931428,-14.024692,-15.024692,-13.024692,informed,buy_from_mm,-13.024692,2,-176.502241,-200.365098,0.040000,-200.405098
331,-13.387758,-15.076535,-16.076535,-14.076535,noise,none,0.000000,2,-176.502241,-203.277757,0.040000,-203.317757
332,-14.463681,-19.399761,-20.399761,-18.399761,informed,buy_from_mm,-18.399761,1,-194.902002,-209.365684,0.010000,-209.375684
333,-13.782006,-17.709352,-18.709352,-16.709352,noise,none,0.000000,1,-194.902002,-208.684009,0.010000,-208.694009
334,-13.898571,-15.611010,-16.611010,-14.611010,noise,none,0.000000,1,-194.902002,-208.800573,0.010000,-208.810573
335,-14.269432,-10.606660,-11.606660,-9.606660,noise,buy_from_mm,-9.606660,0,-204.508663,-204.508663,0.000000,-204.508663
336,-14.633074,-14.193158,-15.193158,-13.193158,noise,none,0.000000,0,-204.508663,-204.508663,0.000000,-204.508663
337,-15.915273,-14.043418,-15.043418,-13.043418,noise,none,0.000000,0,-204.508663,-204.508663,0.000000,-204.508663
338,-18.094707,-12.522753,-13.522753,-11.522753,informed,sell_to_mm,-13.522753,1,-190.985910,-209.080616,0.010000,-209.090616
339,-18.146406,-11.141385,-12.141385,-10.141385,informed,sell_to_mm,-12.141385,2,-178.844524,-215.137337,0.040000,-215.177337
340,-18.221178,-25.888468,-26.888468,-24.888468,noise,buy_from_mm,-24.888468,1,-203.732992,-221.954170,0.010000,-221.964170
341,-18.236643,-21.110952,-22.110952,-20.110952,noise,none,0.000000,1,-203.732992,-221.969636,0.010000,-221.979636
342,-19.590504,-18.114723,-19.114723,-17.114723,noise,none,0.000000,1,-203.732992,-223.323497,0.010000,-223.333497
343,-20.046035,-21.657463,-22.657463,-20.657463,informed,buy_from_mm,-20.657463,0,-224.390455,-224.390455,0.000000,-224.390455
344,-19.846968,-23.516648,-24.516648,-22.516648,informed,buy_from_mm,-22.516648,-1,-246.907103,-227.060135,0.010000,-227.070135
345,-21.601450,-22.578532,-23.578532,-21.578532,informed,none,0.000000,-1,-246.907103,-225.305653,0.010000,-225.315653
346,-19.581300,-23.792834,-24.792834,-22.792834,informed,buy_from_mm,-22.792834,-2,-269.699938,-230.537337,0.040000,-230.577337
347,-20.066673,-20.332295,-21.332295,-19.332295,informed,none,0.000000,-2,-269.699938,-229.566592,0.040000,-229.606592
348,-20.875179,-27.467396,-28.467396,-26.467396,informed,buy_from_mm,-26.467396,-3,-296.167333,-233.541795,0.090000,-233.631795
349,-23.087295,-21.997427,-22.997427,-20.997427,noise,buy_from_mm,-20.997427,-4,-317.164760,-224.815582,0.160000,-224.975582
350,-21.272417,-21.294512,-22.294512,-20.294512,informed,none,0.000000,-4,-317.164760,-232.075092,0.160000,-232.235092
351,-20.999052,-18.735919,-19.735919,-17.735919,informed,sell_to_mm,-19.735919,-3,-297.428841,-234.431686,0.090000,-234.521686
352,-20.302760,-25.872222,-26.872222,-24.872222,informed,buy_from_mm,-24.872222,-4,-322.301063,-241.090025,0.160000,-241.250025
353,-18.721965,-26.633713,-27.633713,-25.633713,informed,buy_from_mm,-25.633713,-5,-347.934776,-254.324952,0.250000,-254.574952
354,-17.682338,-22.303152,-23.303152,-21.303152,informed,buy_from_mm,-21.303152,-6,-369.237928,-263.143901,0.360000,-263.503901
355,-16.215972,-11.070405,-12.070405,-10.070405,informed,sell_to_mm,-12.070405,-5,-357.167523,-276.087661,0.250000,-276.337661
356,-16.532067,-14.369549,-15.369549,-13.369549,informed,sell_to_mm,-15.369549,-4,-341.797974,-275.669707,0.160000,-275.829707
357,-14.615494,-13.659788,-14.659788,-12.659788,noise,sell_to_mm,-14.659788,-3,-327.138186,-283.291704,0.090000,-283.381704
358,-14.005144,-10.400548,-11.400548,-9.400548,informed,sell_to_mm,-11.400548,-2,-315.737639,-287.727351,0.040000,-287.767351
359,-13.891203,-16.643705,-17.643705,-15.643705,noise,sell_to_mm,-17.643705,-1,-298.093934,-284.202731,0.010000,-284.212731
360,-13.078869,-18.916333,-19.916333,-17.916333,informed,buy_from_mm,-17.916333,-2,-316.010267,-289.852529,0.040000,-289.892529
361,-14.492249,-9.503536,-10.503536,-8.503536,informed,sell_to_mm,-10.503536,-1,-305.506731,-291.014481,0.010000,-291.024481
362,-13.757491,-16.519726,-17.519726,-15.519726,informed,buy_from_mm,-15.519726,-2,-321.026457,-293.511475,0.040000,-293.551475
363,-15.728307,-13.888159,-14.888159,-12.888159,informed,sell_to_mm,-14.888159,-1,-306.138298,-290.409991,0.010000,-290.419991
364,-16.107437,-14.549340,-15.549340,-13.549340,noise,none,0.000000,-1,-306.138298,-290.030861,0.010000,-290.040861
365,-15.916043,-10.792586,-11.792586,-9.792586,informed,sell_to_mm,-11.792586,0,-294.345712,-294.345712,0.000000,-294.345712
366,-15.910536,-20.976959,-21.976959,-19.976959,informed,buy_from_mm,-19.976959,-1,-314.322670,-298.412134,0.010000,-298.422134
367,-17.861170,-18.198774,-19.198774,-17.198774,noise,sell_to_mm,-19.198774,0,-295.123896,-295.123896,0.000000,-295.123896
368,-17.419994,-12.546832,-13.546832,-11.546832,informed,sell_to_mm,-13.546832,1,-281.577064,-298.997058,0.010000,-299.007058
369,-16.683227,-17.144622,-18.144622,-16.144622,informed,none,0.000000,1,-281.577064,-298.260291,0.010000,-298.270291
370,-17.326089,-21.995819,-22.995819,-20.995819,noise,sell_to_mm,-22.995819,2,-258.581245,-293.233423,0.040000,-293.273423
371,-16.336222,-16.671527,-17.671527,-15.671527,noise,none,0.000000,2,-258.581245,-291.253690,0.040000,-291.293690
372,-16.282086,-15.877238,-16.877238,-14.877238,informed,none,0.000000,2,-258.581245,-291.145417,0.040000,-291.185417
373,-15.981862,-15.976822,-16.976822,-14.976822,noise,buy_from_mm,-14.976822,1,-273.558067,-289.539929,0.010000,-289.549929
374,-16.660184,-13.972411,-14.972411,-12.972411,informed,sell_to_mm,-14.972411,2,-258.585656,-291.906023,0.040000,-291.946023
375,-15.941309,-23.090411,-24.090411,-22.090411,noise,none,0.000000,2,-258.585656,-290.468273,0.040000,-290.508273
376,-16.067227,-20.068833,-21.068833,-19.068833,noise,none,0.000000,2,-258.585656,-290.720109,0.040000,-290.760109
377,-15.622250,-17.467954,-18.467954,-16.467954,noise,buy_from_mm,-16.467954,1,-275.053609,-290.675859,0.010000,-290.685859
378,-15.877522,-15.738742,-16.738742,-14.738742,informed,none,0.000000,1,-275.053609,-290.931131,0.010000,-290.941131
379,-16.521278,-14.279391,-15.279391,-13.279391,noise,none,0.000000,1,-275.053609,-291.574887,0.010000,-291.584887
380,-18.676122,-14.144636,-15.144636,-13.144636,informed,sell_to_mm,-15.144636,2,-259.908973,-297.261216,0.040000,-297.301216
381,-16.747665,-16.006950,-17.006950,-15.006950,noise,none,0.000000,2,-259.908973,-293.404303,0.040000,-293.444303
382,-16.507888,-12.237721,-13.237721,-11.237721,noise,none,0.000000,2,-259.908973,-292.924749,0.040000,-292.964749
383,-17.055703,-14.849560,-15.849560,-13.849560,noise,buy_from_mm,-13.849560,1,-273.758533,-290.814236,0.010000,-290.824236
384,-17.696565,-19.132935,-20.132935,-18.132935,informed,buy_from_mm,-18.132935,0,-291.891468,-291.891468,0.000000,-291.891468
385,-18.369733,-18.850373,-19.850373,-17.850373,noise,buy_from_mm,-17.850373,-1,-309.741841,-291.372107,0.010000,-291.382107
386,-18.692898,-20.685887,-21.685887,-19.685887,noise,none,0.000000,-1,-309.741841,-291.048943,0.010000,-291.058943
387,-18.232959,-18.723287,-19.723287,-17.723287,informed,none,0.000000,-1,-309.741841,-291.508882,0.010000,-291.518882
388,-18.020865,-17.000984,-18.000984,-16.000984,informed,sell_to_mm,-18.000984,0,-291.740857,-291.740857,0.000000,-291.740857
389,-18.570210,-21.466101,-22.466101,-20.466101,informed,buy_from_mm,-20.466101,-1,-312.206957,-293.636747,0.010000,-293.646747
390,-19.676698,-20.322609,-21.322609,-19.322609,noise,none,0.000000,-1,-312.206957,-292.530260,0.010000,-292.540260
391,-19.032348,-16.816608,-17.816608,-15.816608,informed,sell_to_mm,-17.816608,0,-294.390349,-294.390349,0.000000,-294.390349
392,-17.356747,-17.186708,-18.186708,-16.186708,noise,buy_from_mm,-16.186708,-1,-310.577057,-293.220311,0.010000,-293.230311
393,-16.299774,-15.095913,-16.095913,-14.095913,noise,none,0.000000,-1,-310.577057,-294.277283,0.010000,-294.287283
394,-15.250881,-16.311423,-17.311423,-15.311423,noise,none,0.000000,-1,-310.577057,-295.326176,0.010000,-295.336176
395,-14.886000,-14.041383,-15.041383,-13.041383,informed,none,0.000000,-1,-310.577057,-295.691057,0.010000,-295.701057
396,-13.702164,-17.877326,-18.877326,-16.877326,informed,buy_from_mm,-16.877326,-2,-327.454383,-300.050056,0.040000,-300.090056
397,-11.791196,-7.072100,-8.072100,-6.072100,noise,none,0.000000,-2,-327.454383,-303.871992,0.040000,-303.911992
398,-12.670579,-11.061992,-12.061992,-10.061992,noise,sell_to_mm,-12.061992,-1,-315.392391,-302.721812,0.010000,-302.731812
399,-12.051523,-18.420687,-19.420687,-17.420687,noise,sell_to_mm,-19.420687,0,-295.971704,-295.971704,0.000000,-295.971704
400,-12.490620,-15.391781,-16.391781,-14.391781,noise,buy_from_mm,-14.391781,-1,-310.363486,-297.872865,0.010000,-297.882865
401,-13.271875,-14.657680,-15.657680,-13.657680,noise,none,0.000000,-1,-310.363486,-297.091611,0.010000,-297.101611
402,-14.244915,-14.969127,-15.969127,-13.969127,informed,none,0.000000,-1,-310.363486,-296.118570,0.010000,-296.128570
403,-15.229324,-14.747340,-15.747340,-13.747340,noise,none,0.000000,-1,-310.363486,-295.134161,0.010000,-295.144161
404,-14.189426,-14.705070,-15.705070,-13.705070,noise,none,0.000000,-1,-310.363486,-296.174059,0.010000,-296.184059
405,-13.910791,-25.004915,-26.004915,-24.004915,informed,buy_from_mm,-24.004915,-2,-334.368401,-306.546819,0.040000,-306.586819
406,-14.342775,-2.224970,-3.224970,-1.224970,noise,buy_from_mm,-1.224970,-3,-335.593371,-292.565044,0.090000,-292.655044
407,-12.562189,-10.750035,-11.750035,-9.750035,informed,sell_to_mm,-11.750035,-2,-323.843336,-298.718957,0.040000,-298.758957
408,-13.396592,-9.446759,-10.446759,-8.446759,noise,buy_from_mm,-8.446759,-3,-332.290095,-292.100320,0.090000,-292.190320
409,-13.778424,-12.804737,-13.804737,-11.804737,noise,none,0.000000,-3,-332.290095,-290.954821,0.090000,-291.044821
410,-14.846471,-14.358630,-15.358630,-13.358630,informed,none,0.000000,-3,-332.290095,-287.750681,0.090000,-287.840681
411,-15.465719,-16.274284,-17.274284,-15.274284,informed,none,0.000000,-3,-332.290095,-285.892939,0.090000,-285.982939
412,-15.030957,-13.328389,-14.328389,-12.328389,informed,sell_to_mm,-14.328389,-2,-317.961706,-287.899792,0.040000,-287.939792
413,-16.280337,-11.430251,-12.430251,-10.430251,noise,none,0.000000,-2,-317.961706,-285.401033,0.040000,-285.441033
414,-17.679857,-16.211450,-17.211450,-15.211450,noise,none,0.000000,-2,-317.961706,-282.601993,0.040000,-282.641993
415,-17.565798,-13.390647,-14.390647,-12.390647,informed,sell_to_mm,-14.390647,-1,-303.571059,-286.005262,0.010000,-286.015262
416,-18.379865,-23.590747,-24.590747,-22.590747,informed,buy_from_mm,-22.590747,-2,-326.161806,-289.402076,0.040000,-289.442076
417,-19.775180,-22.911903,-23.911903,-21.911903,informed,buy_from_mm,-21.911903,-3,-348.073709,-288.748168,0.090000,-288.838168
418,-20.823878,-20.259096,-21.259096,-19.259096,noise,none,0.000000,-3,-348.073709,-285.602075,0.090000,-285.692075
419,-22.239782,-18.318467,-19.318467,-17.318467,noise,none,0.000000,-3,-348.073709,-281.354363,0.090000,-281.444363
420,-23.265865,-28.073107,-29.073107,-27.073107,noise,none,0.000000,-3,-348.073709,-278.276114,0.090000,-278.366114
421,-24.374198,-29.076199,-30.076199,-28.076199,noise,none,0.000000,-3,-348.073709,-274.951116,0.090000,-275.041116
422,-24.605514,-16.647864,-17.647864,-15.647864,informed,sell_to_mm,-17.647864,-2,-330.425845,-281.214817,0.040000,-281.254817
423,-26.113557,-31.087126,-32.087126,-30.087126,noise,none,0.000000,-2,-330.425845,-278.198731,0.040000,-278.238731
424,-25.805357,-29.270324,-30.270324,-28.270324,informed,buy_from_mm,-28.270324,-3,-358.696168,-281.280098,0.090000,-281.370098
425,-24.968929,-27.208857,-28.208857,-26.208857,informed,buy_from_mm,-26.208857,-4,-384.905026,-285.029310,0.160000,-285.189310
426,-23.565136,-30.759143,-31.759143,-29.759143,informed,buy_from_mm,-29.759143,-5,-414.664168,-296.838489,0.250000,-297.088489
427,-22.975212,-25.881748,-26.881748,-24.881748,noise,none,0.000000,-5,-414.664168,-299.788106,0.250000,-300.038106
428,-22.773965,-23.150843,-24.150843,-22.150843,noise,none,0.000000,-5,-414.664168,-300.794343,0.250000,-301.044343
429,-23.351980,-27.784626,-28.784626,-26.784626,informed,buy_from_mm,-26.784626,-6,-441.448794,-301.336917,0.360000,-301.696917
430,-24.929123,-27.206114,-28.206114,-26.206114,noise,none,0.000000,-6,-441.448794,-291.874054,0.360000,-292.234054
431,-24.372346,-23.595181,-24.595181,-22.595181,noise,none,0.000000,-6,-441.448794,-295.214720,0.360000,-295.574720
432,-23.900902,-25.827154,-26.827154,-24.827154,noise,none,0.000000,-6,-441.448794,-298.043380,0.360000,-298.403380
433,-23.161805,-19.955540,-20.955540,-18.955540,informed,sell_to_mm,-20.955540,-5,-420.493254,-304.684228,0.250000,-304.934228
434,-20.388086,-18.298914,-19.298914,-17.298914,noise,none,0.000000,-5,-420.493254,-318.552826,0.250000,-318.802826
435,-21.000705,-20.468363,-21.468363,-19.468363,noise,none,0.000000,-5,-420.493254,-315.489731,0.250000,-315.739731
436,-21.668040,-20.456890,-21.456890,-19.456890,noise,none,0.000000,-5,-420.493254,-312.153054,0.250000,-312.403054
437,-23.156082,-23.032534,-24.032534,-22.032534,informed,none,0.000000,-5,-420.493254,-304.712843,0.250000,-304.962843
438,-21.139427,-17.903294,-18.903294,-16.903294,noise,none,0.000000,-5,-420.493254,-314.796118,0.250000,-315.046118
439,-21.574716,-19.024711,-20.024711,-18.024711,noise,none,0.000000,-5,-420.493254,-312.619676,0.250000,-312.869676
440,-22.065712,-24.622349,-25.622349,-23.622349,informed,buy_from_mm,-23.622349,-6,-444.115603,-311.721334,0.360000,-312.081334
441,-22.823109,-26.525983,-27.525983,-25.525983,informed,buy_from_mm,-25.525983,-7,-469.641586,-309.879822,0.490000,-310.369822
442,-23.456809,-24.840494,-25.840494,-23.840494,noise,none,0.000000,-7,-469.641586,-305.443921,0.490000,-305.933921
443,-23.079047,-22.071101,-23.071101,-21.071101,informed,sell_to_mm,-23.071101,-6,-446.570485,-308.096202,0.360000,-308.456202
444,-23.379561,-19.764271,-20.764271,-18.764271,informed,sell_to_mm,-20.764271,-5,-425.806214,-308.908409,0.250000,-309.158409
445,-24.184357,-19.108000,-20.108000,-18.108000,informed,sell_to_mm,-20.108000,-4,-405.698214,-308.960785,0.160000,-309.120785
446,-21.847882,-24.240864,-25.240864,-23.240864,informed,buy_from_mm,-23.240864,-5,-428.939078,-319.699668,0.250000,-319.949668
447,-21.240532,-23.310651,-24.310651,-22.310651,informed,buy_from_mm,-22.310651,-6,-451.249729,-323.806540,0.360000,-324.166540
448,-22.815217,-27.516636,-28.516636,-26.516636,noise,none,0.000000,-6,-451.249729,-314.358429,0.360000,-314.718429
449,-24.734833,-27.982645,-28.982645,-26.982645,informed,buy_from_mm,-26.982645,-7,-478.232374,-305.088546,0.490000,-305.578546
450,-23.873767,-24.246649,-25.246649,-23.246649,noise,none,0.000000,-7,-478.232374,-311.116006,0.490000,-311.606006
451,-24.415184,-23.848807,-24.848807,-22.848807,informed,none,0.000000,-7,-478.232374,-307.326087,0.490000,-307.816087
452,-23.994706,-26.597087,-27.597087,-25.597087,informed,buy_from_mm,-25.597087,-8,-503.829461,-311.871812,0.640000,-312.511812
453,-23.504635,-31.148769,-32.148769,-30.148769,noise,none,0.000000,-8,-503.829461,-315.792378,0.640000,-316.432378
454,-22.184383,-23.382507,-24.382507,-22.382507,noise,none,0.000000,-8,-503.829461,-326.354393,0.640000,-326.994393
455,-20.986046,-21.049613,-22.049613,-20.049613,noise,sell_to_mm,-22.049613,-7,-481.779848,-334.877523,0.490000,-335.367523
456,-19.992670,-20.515547,-21.515547,-19.515547,noise,buy_from_mm,-19.515547,-8,-501.295395,-341.354033,0.640000,-341.994033
457,-18.040642,-13.455387,-14.455387,-12.455387,informed,sell_to_mm,-14.455387,-7,-486.840008,-360.555516,0.490000,-361.045516
458,-17.998677,-20.279063,-21.279063,-19.279063,noise,none,0.000000,-7,-486.840008,-360.849268,0.490000,-361.339268
459,-17.839015,-12.426402,-13.426402,-11.426402,noise,none,0.000000,-7,-486.840008,-361.966903,0.490000,-362.456903
460,-17.698783,-23.907051,-24.907051,-22.907051,noise,none,0.000000,-7,-486.840008,-362.948526,0.490000,-363.438526
461,-17.406628,-21.267241,-22.267241,-20.267241,informed,buy_from_mm,-20.267241,-8,-507.107249,-367.854228,0.640000,-368.494228
462,-16.396049,-17.503241,-18.503241,-16.503241,noise,none,0.000000,-8,-507.107249,-375.938859,0.640000,-376.578859
463,-15.700722,-8.493832,-9.493832,-7.493832,informed,sell_to_mm,-9.493832,-7,-497.613417,-387.708366,0.490000,-388.198366
464,-15.194796,-14.269653,-15.269653,-13.269653,noise,sell_to_mm,-15.269653,-6,-482.343764,-391.174985,0.360000,-391.534985
465,-15.040742,-15.543888,-16.543888,-14.543888,noise,none,0.000000,-6,-482.343764,-392.099313,0.360000,-392.459313
466,-13.729943,-9.341323,-10.341323,-8.341323,noise,sell_to_mm,-10.341323,-5,-472.002441,-403.352725,0.250000,-403.602725
467,-14.382984,-13.759525,-14.759525,-12.759525,informed,none,0.000000,-5,-472.002441,-400.087521,0.250000,-400.337521
468,-14.443447,-19.300357,-20.300357,-18.300357,noise,buy_from_mm,-18.300357,-6,-490.302798,-403.642118,0.360000,-404.002118
469,-13.232508,-11.967021,-12.967021,-10.967021,informed,sell_to_mm,-12.967021,-5,-477.335777,-411.173237,0.250000,-411.423237
470,-13.210770,-14.574775,-15.574775,-13.574775,noise,none,0.000000,-5,-477.335777,-411.281927,0.250000,-411.531927
471,-12.847451,-9.862152,-10.862152,-8.862152,informed,sell_to_mm,-10.862152,-4,-466.473625,-415.083821,0.160000,-415.243821
472,-13.335450,-21.964719,-22.964719,-20.964719,noise,none,0.000000,-4,-466.473625,-413.131825,0.160000,-413.291825
473,-11.536852,-7.147566,-8.147566,-6.147566,noise,none,0.000000,-4,-466.473625,-420.326216,0.160000,-420.486216
474,-11.383749,-8.397566,-9.397566,-7.397566,noise,none,0.000000,-4,-466.473625,-420.938627,0.160000,-421.098627
475,-12.510942,-3.722430,-4.722430,-2.722430,informed,sell_to_mm,-4.722430,-3,-461.751195,-424.218369,0.090000,-424.308369
476,-13.552997,-17.742320,-18.742320,-16.742320,informed,buy_from_mm,-16.742320,-4,-478.493515,-424.281529,0.160000,-424.441529
477,-13.140454,-12.521799,-13.521799,-11.521799,noise,sell_to_mm,-13.521799,-3,-464.971716,-425.550355,0.090000,-425.640355
478,-13.819697,-11.883705,-12.883705,-10.883705,informed,sell_to_mm,-12.883705,-2,-452.088011,-424.448617,0.040000,-424.488617
479,-12.296494,-9.660132,-10.660132,-8.660132,noise,sell_to_mm,-10.660132,-1,-441.427879,-429.131385,0.010000,-429.141385
480,-12.231512,-20.118363,-21.118363,-19.118363,noise,none,0.000000,-1,-441.427879,-429.196367,0.010000,-429.206367
481,-12.349584,-12.540909,-13.540909,-11.540909,informed,none,0.000000,-1,-441.427879,-429.078295,0.010000,-429.088295
482,-11.717734,-15.990731,-16.990731,-14.990731,informed,buy_from_mm,-14.990731,-2,-456.418610,-432.983142,0.040000,-433.023142
483,-10.337218,-8.052253,-9.052253,-7.052253,noise,none,0.000000,-2,-456.418610,-435.744174,0.040000,-435.784174
484,-11.986709,-14.065772,-15.065772,-13.065772,informed,buy_from_mm,-13.065772,-3,-469.484382,-433.524255,0.090000,-433.614255
485,-11.526541,-9.688678,-10.688678,-8.688678,informed,sell_to_mm,-10.688678,-2,-458.795704,-435.742621,0.040000,-435.782621
486,-12.832369,-17.318035,-18.318035,-16.318035,informed,buy_from_mm,-16.318035,-3,-475.113739,-436.616631,0.090000,-436.706631
487,-12.427570,-11.335419,-12.335419,-10.335419,noise,none,0.000000,-3,-475.113739,-437.831028,0.090000,-437.921028
488,-12.008858,-10.715312,-11.715312,-9.715312,noise,none,0.000000,-3,-475.113739,-439.087164,0.090000,-439.177164
489,-12.045710,-4.511248,-5.511248,-3.511248,informed,sell_to_mm,-5.511248,-2,-469.602490,-445.511071,0.040000,-445.551071
490,-12.097975,-17.848948,-18.848948,-16.848948,noise,none,0.000000,-2,-469.602490,-445.406540,0.040000,-445.446540
491,-12.185515,-9.967780,-10.967780,-8.967780,informed,sell_to_mm,-10.967780,-1,-458.634711,-446.449196,0.010000,-446.459196
492,-12.053148,-10.544819,-11.544819,-9.544819,noise,none,0.000000,-1,-458.634711,-446.581562,0.010000,-446.591562
493,-13.509038,-13.979414,-14.979414,-12.979414,noise,none,0.000000,-1,-458.634711,-445.125673,0.010000,-445.135673
494,-12.089167,-21.036830,-22.036830,-20.036830,noise,sell_to_mm,-22.036830,0,-436.597880,-436.597880,0.000000,-436.597880
495,-11.781645,-12.946012,-13.946012,-11.946012,informed,buy_from_mm,-11.946012,-1,-448.543892,-436.762247,0.010000,-436.772247
496,-11.916687,-9.477736,-10.477736,-8.477736,noise,sell_to_mm,-10.477736,0,-438.066156,-438.066156,0.000000,-438.066156
497,-11.188778,-7.671904,-8.671904,-6.671904,noise,buy_from_mm,-6.671904,-1,-444.738060,-433.549282,0.010000,-433.559282
498,-11.437240,-8.414155,-9.414155,-7.414155,noise,none,0.000000,-1,-444.738060,-433.300820,0.010000,-433.310820
499,-10.939917,-14.168670,-15.168670,-13.168670,noise,none,0.000000,-1,-444.738060,-433.798143,0.010000,-433.808143
500,-11.533395,-10.221956,-11.221956,-9.221956,noise,none,0.000000,-1,-444.738060,-433.204665,0.010000,-433.214665
501,-11.941862,-5.973347,-6.973347,-4.973347,informed,sell_to_mm,-6.973347,0,-437.764713,-437.764713,0.000000,-437.764713
502,-11.235587,-10.475924,-11.475924,-9.475924,noise,sell_to_mm,-11.475924,1,-426.288788,-437.524376,0.010000,-437.534376
503,-10.858110,-9.052216,-10.052216,-8.052216,noise,none,0.000000,1,-426.288788,-437.146899,0.010000,-437.156899
504,-9.524818,-7.357759,-8.357759,-6.357759,noise,none,0.000000,1,-426.288788,-435.813606,0.010000,-435.823606
505,-9.821289,-4.621336,-5.621336,-3.621336,noise,none,0.000000,1,-426.288788,-436.110078,0.010000,-436.120078
506,-10.426044,-12.868012,-13.868012,-11.868012,noise,sell_to_mm,-13.868012,2,-412.420776,-433.272864,0.040000,-433.312864
507,-10.008677,-9.113602,-10.113602,-8.113602,noise,buy_from_mm,-8.113602,1,-420.534378,-430.543055,0.010000,-430.553055
508,-10.120455,-0.773612,-1.773612,0.226388,informed,sell_to_mm,-1.773612,2,-418.760766,-439.001675,0.040000,-439.041675
509,-10.272764,-16.317476,-17.317476,-15.317476,informed,buy_from_mm,-15.317476,1,-434.078242,-444.351006,0.010000,-444.361006
510,-11.003870,-9.750007,-10.750007,-8.750007,noise,none,0.000000,1,-434.078242,-445.082112,0.010000,-445.092112
511,-11.128750,-12.910969,-13.910969,-11.910969,noise,none,0.000000,1,-434.078242,-445.206992,0.010000,-445.216992
512,-10.507037,-10.040686,-11.040686,-9.040686,informed,none,0.000000,1,-434.078242,-444.585279,0.010000,-444.595279
513,-9.743105,-18.074390,-19.074390,-17.074390,informed,buy_from_mm,-17.074390,0,-451.152632,-451.152632,0.000000,-451.152632
514,-10.244913,-10.025150,-11.025150,-9.025150,informed,none,0.000000,0,-451.152632,-451.152632,0.000000,-451.152632
515,-11.122050,-17.162897,-18.162897,-16.162897,informed,buy_from_mm,-16.162897,-1,-467.315529,-456.193479,0.010000,-456.203479
516,-12.035355,-10.268720,-11.268720,-9.268720,noise,none,0.000000,-1,-467.315529,-455.280174,0.010000,-455.290174
517,-12.733996,-17.204328,-18.204328,-16.204328,noise,none,0.000000,-1,-467.315529,-454.581532,0.010000,-454.591532
518,-12.398676,-11.290206,-12.290206,-10.290206,noise,none,0.000000,-1,-467.315529,-454.916853,0.010000,-454.926853
519,-11.725408,-12.586720,-13.586720,-11.586720,noise,buy_from_mm,-11.586720,-2,-478.902249,-455.451434,0.040000,-455.491434
520,-12.536460,-18.554659,-19.554659,-17.554659,noise,none,0.000000,-2,-478.902249,-453.829328,0.040000,-453.869328
521,-12.810286,-12.638391,-13.638391,-11.638391,informed,none,0.000000,-2,-478.902249,-453.281678,0.040000,-453.321678
522,-12.344291,-12.075176,-13.075176,-11.075176,noise,buy_from_mm,-11.075176,-3,-489.977425,-452.944553,0.090000,-453.034553
523,-12.320009,-13.278993,-14.278993,-12.278993,noise,none,0.000000,-3,-489.977425,-453.017398,0.090000,-453.107398
524,-11.574441,-16.868300,-17.868300,-15.868300,noise,sell_to_mm,-17.868300,-2,-472.109125,-448.960243,0.040000,-449.000243
525,-12.465074,-17.067757,-18.067757,-16.067757,noise,none,0.000000,-2,-472.109125,-447.178977,0.040000,-447.218977
526,-13.005660,-7.331622,-8.331622,-6.331622,informed,sell_to_mm,-8.331622,-1,-463.777503,-450.771843,0.010000,-450.781843
527,-13.637234,-15.297186,-16.297186,-14.297186,informed,buy_from_mm,-14.297186,-2,-478.074689,-450.800220,0.040000,-450.840220
528,-13.933139,-9.909821,-10.909821,-8.909821,noise,none,0.000000,-2,-478.074689,-450.208411,0.040000,-450.248411
529,-13.498522,-20.654875,-21.654875,-19.654875,noise,none,0.000000,-2,-478.074689,-451.077644,0.040000,-451.117644
530,-13.952846,-14.298638,-15.298638,-13.298638,informed,none,0.000000,-2,-478.074689,-450.168997,0.040000,-450.208997
531,-14.280502,-22.021283,-23.021283,-21.021283,informed,buy_from_mm,-21.021283,-3,-499.095971,-456.254466,0.090000,-456.344466
532,-15.318085,-15.491493,-16.491493,-14.491493,noise,none,0.000000,-3,-499.095971,-453.141716,0.090000,-453.231716
533,-15.355160,-17.449900,-18.449900,-16.449900,informed,buy_from_mm,-16.449900,-4,-515.545872,-454.125233,0.160000,-454.285233
534,-16.484257,-11.601605,-12.601605,-10.601605,noise,none,0.000000,-4,-515.545872,-449.608842,0.160000,-449.768842
535,-16.223064,-8.956301,-9.956301,-7.956301,noise,none,0.000000,-4,-515.545872,-450.653616,0.160000,-450.813616
536,-15.522126,-20.228177,-21.228177,-19.228177,noise,none,0.000000,-4,-515.545872,-453.457367,0.160000,-453.617367
537,-15.998269,-17.243472,-18.243472,-16.243472,noise,none,0.000000,-4,-515.545872,-451.552795,0.160000,-451.712795
538,-17.558053,-13.815588,-14.815588,-12.815588,noise,none,0.000000,-4,-515.545872,-445.313661,0.160000,-445.473661
539,-17.883100,-15.312168,-16.312168,-14.312168,noise,none,0.000000,-4,-515.545872,-444.013470,0.160000,-444.173470
540,-16.543699,-15.194913,-16.194913,-14.194913,informed,sell_to_mm,-16.194913,-3,-499.350959,-449.719863,0.090000,-449.809863
541,-15.984465,-18.515063,-19.515063,-17.515063,noise,sell_to_mm,-19.515063,-2,-479.835895,-447.866965,0.040000,-447.906965
542,-15.181808,-12.804956,-13.804956,-11.804956,noise,none,0.000000,-2,-479.835895,-449.472279,0.040000,-449.512279
543,-14.748805,-15.198014,-16.198014,-14.198014,noise,none,0.000000,-2,-479.835895,-450.338285,0.040000,-450.378285
544,-15.465222,-16.580073,-17.580073,-15.580073,informed,buy_from_mm,-15.580073,-3,-495.415968,-449.020301,0.090000,-449.110301
545,-15.484901,-14.961868,-15.961868,-13.961868,noise,buy_from_mm,-13.961868,-4,-509.377836,-447.438230,0.160000,-447.598230
546,-15.703430,-10.653564,-11.653564,-9.653564,informed,sell_to_mm,-11.653564,-3,-497.724272,-450.613982,0.090000,-450.703982
547,-15.949257,-14.398250,-15.398250,-13.398250,noise,none,0.000000,-3,-497.724272,-449.876500,0.090000,-449.966500
548,-16.002508,-16.458492,-17.458492,-15.458492,noise,none,0.000000,-3,-497.724272,-449.716748,0.090000,-449.806748
549,-16.978542,-21.115777,-22.115777,-20.115777,noise,sell_to_mm,-22.115777,-2,-475.608495,-441.651410,0.040000,-441.691410
550,-16.572574,-19.148793,-20.148793,-18.148793,noise,sell_to_mm,-20.148793,-1,-455.459702,-438.887127,0.010000,-438.897127
551,-17.489294,-12.678527,-13.678527,-11.678527,noise,none,0.000000,-1,-455.459702,-437.970408,0.010000,-437.980408
552,-17.111574,-13.929267,-14.929267,-12.929267,informed,sell_to_mm,-14.929267,0,-440.530434,-440.530434,0.000000,-440.530434
553,-14.424461,-20.632880,-21.632880,-19.632880,noise,none,0.000000,0,-440.530434,-440.530434,0.000000,-440.530434
554,-15.288126,-16.768899,-17.768899,-15.768899,informed,buy_from_mm,-15.768899,-1,-456.299334,-441.011208,0.010000,-441.021208
555,-15.497188,-18.094478,-19.094478,-17.094478,noise,sell_to_mm,-19.094478,0,-437.204856,-437.204856,0.000000,-437.204856
556,-13.316372,-10.195675,-11.195675,-9.195675,noise,none,0.000000,0,-437.204856,-437.204856,0.000000,-437.204856
557,-12.195437,-9.025261,-10.025261,-8.025261,noise,sell_to_mm,-10.025261,1,-427.179594,-439.375032,0.010000,-439.385032
558,-11.838979,-17.944555,-18.944555,-16.944555,informed,buy_from_mm,-16.944555,0,-444.124150,-444.124150,0.000000,-444.124150
559,-10.836411,-11.370337,-12.370337,-10.370337,noise,none,0.000000,0,-444.124150,-444.124150,0.000000,-444.124150
560,-12.128060,-10.552861,-11.552861,-9.552861,informed,sell_to_mm,-11.552861,1,-432.571288,-444.699348,0.010000,-444.709348
561,-11.995016,-15.784355,-16.784355,-14.784355,noise,buy_from_mm,-14.784355,0,-447.355643,-447.355643,0.000000,-447.355643
562,-11.963786,-16.013792,-17.013792,-15.013792,noise,none,0.000000,0,-447.355643,-447.355643,0.000000,-447.355643
563,-11.520790,-8.440392,-9.440392,-7.440392,noise,buy_from_mm,-7.440392,-1,-454.796036,-443.275245,0.010000,-443.285245
564,-12.015666,-12.468182,-13.468182,-11.468182,noise,none,0.000000,-1,-454.796036,-442.780370,0.010000,-442.790370
565,-13.187432,-15.569129,-16.569129,-14.569129,noise,buy_from_mm,-14.569129,-2,-469.365164,-442.990300,0.040000,-443.030300
566,-13.237061,-14.952061,-15.952061,-13.952061,noise,buy_from_mm,-13.952061,-3,-483.317225,-443.606042,0.090000,-443.696042
567,-15.315534,-16.365182,-17.365182,-15.365182,noise,buy_from_mm,-15.365182,-4,-498.682407,-437.420272,0.160000,-437.580272
568,-15.212733,-5.228587,-6.228587,-4.228587,noise,none,0.000000,-4,-498.682407,-437.831474,0.160000,-437.991474
569,-16.141099,-13.933531,-14.933531,-12.933531,informed,sell_to_mm,-14.933531,-3,-483.748877,-435.325580,0.090000,-435.415580
570,-15.289100,-16.849373,-17.849373,-15.849373,informed,buy_from_mm,-15.849373,-4,-499.598250,-438.441849,0.160000,-438.601849
571,-15.054046,-15.115981,-16.115981,-14.115981,informed,none,0.000000,-4,-499.598250,-439.382064,0.160000,-439.542064
572,-13.484890,-5.346922,-6.346922,-4.346922,informed,sell_to_mm,-6.346922,-3,-493.251328,-452.796657,0.090000,-452.886657
573,-13.675016,-13.279845,-14.279845,-12.279845,informed,none,0.000000,-3,-493.251328,-452.226280,0.090000,-452.316280
574,-14.190110,-8.563924,-9.563924,-7.563924,noise,sell_to_mm,-9.563924,-2,-483.687404,-455.307184,0.040000,-455.347184
575,-14.362585,-16.726610,-17.726610,-15.726610,noise,none,0.000000,-2,-483.687404,-454.962234,0.040000,-455.002234
576,-13.843879,-12.595524,-13.595524,-11.595524,noise,none,0.000000,-2,-483.687404,-455.999645,0.040000,-456.039645
577,-12.642222,-13.311491,-14.311491,-12.311491,informed,none,0.000000,-2,-483.687404,-458.402959,0.040000,-458.442959
578,-11.446386,-4.435797,-5.435797,-3.435797,noise,none,0.000000,-2,-483.687404,-460.794631,0.040000,-460.834631
579,-11.972300,-14.970263,-15.970263,-13.970263,noise,none,0.000000,-2,-483.687404,-459.742803,0.040000,-459.782803
580,-13.159940,-13.172313,-14.172313,-12.172313,informed,none,0.000000,-2,-483.687404,-457.367525,0.040000,-457.407525
581,-14.289080,-17.083718,-18.083718,-16.083718,informed,buy_from_mm,-16.083718,-3,-499.771122,-456.903882,0.090000,-456.993882
582,-13.282078,-15.758144,-16.758144,-14.758144,informed,buy_from_mm,-14.758144,-4,-514.529266,-461.400954,0.160000,-461.560954
583,-13.031891,-17.819268,-18.819268,-16.819268,noise,none,0.000000,-4,-514.529266,-462.401703,0.160000,-462.561703
584,-14.248364,-10.090661,-11.090661,-9.090661,noise,none,0.000000,-4,-514.529266,-457.535811,0.160000,-457.695811
585,-12.596161,-3.284139,-4.284139,-2.284139,noise,none,0.000000,-4,-514.529266,-464.144622,0.160000,-464.304622
586,-12.669647,-18.219999,-19.219999,-17.219999,noise,none,0.000000,-4,-514.529266,-463.850677,0.160000,-464.010677
587,-12.740398,-15.013960,-16.013960,-14.013960,noise,sell_to_mm,-16.013960,-3,-498.515306,-460.294113,0.090000,-460.384113
588,-14.110656,-10.737974,-11.737974,-9.737974,noise,none,0.000000,-3,-498.515306,-456.183338,0.090000,-456.273338
589,-15.814400,-13.904931,-14.904931,-12.904931,noise,none,0.000000,-3,-498.515306,-451.072105,0.090000,-451.162105
590,-14.830044,-20.372654,-21.372654,-19.372654,informed,buy_from_mm,-19.372654,-4,-517.887960,-458.567782,0.160000,-458.727782
591,-15.686060,-11.506163,-12.506163,-10.506163,noise,buy_from_mm,-10.506163,-5,-528.394123,-449.963822,0.250000,-450.213822
592,-14.663814,-15.775522,-16.775522,-14.775522,noise,none,0.000000,-5,-528.394123,-455.075054,0.250000,-455.325054
593,-12.973915,-16.492522,-17.492522,-15.492522,informed,buy_from_mm,-15.492522,-6,-543.886644,-466.043154,0.360000,-466.403154
594,-12.539930,-22.641899,-23.641899,-21.641899,noise,buy_from_mm,-21.641899,-7,-565.528543,-477.749031,0.490000,-478.239031
595,-12.363754,-11.971811,-12.971811,-10.971811,informed,none,0.000000,-7,-565.528543,-478.982265,0.490000,-479.472265
596,-13.850133,-15.186319,-16.186319,-14.186319,informed,buy_from_mm,-14.186319,-8,-579.714862,-468.913795,0.640000,-469.553795
597,-13.634238,-8.656410,-9.656410,-7.656410,noise,none,0.000000,-8,-579.714862,-470.640957,0.640000,-471.280957
598,-12.034676,-12.912127,-13.912127,-11.912127,noise,none,0.000000,-8,-579.714862,-483.437451,0.640000,-484.077451
599,-11.709351,-9.393494,-10.393494,-8.393494,noise,sell_to_mm,-10.393494,-7,-569.321368,-487.355914,0.490000,-487.845914
600,-11.110355,-13.621829,-14.621829,-12.621829,informed,buy_from_mm,-12.621829,-8,-581.943197,-493.060356,0.640000,-493.700356
601,-12.846423,-13.787591,-14.787591,-12.787591,informed,none,0.000000,-8,-581.943197,-479.171815,0.640000,-479.811815
602,-11.917680,-11.611908,-12.611908,-10.611908,informed,none,0.000000,-8,-581.943197,-486.601760,0.640000,-487.241760
603,-13.146583,-10.621850,-11.621850,-9.621850,noise,sell_to_mm,-11.621850,-7,-570.321348,-478.295270,0.490000,-478.785270
604,-14.169226,-12.062220,-13.062220,-11.062220,noise,buy_from_mm,-11.062220,-8,-581.383567,-468.029756,0.640000,-468.669756
605,-11.921549,-12.627120,-13.627120,-11.627120,noise,buy_from_mm,-11.627120,-9,-593.010688,-485.716747,0.810000,-486.526747
606,-11.991378,-18.597360,-19.597360,-17.597360,informed,buy_from_mm,-17.597360,-10,-610.608048,-490.694266,1.000000,-491.694266
607,-12.985624,-16.562617,-17.562617,-15.562617,informed,buy_from_mm,-15.562617,-11,-626.170665,-483.328800,1.210000,-484.538800
608,-12.465468,-12.184253,-13.184253,-11.184253,noise,none,0.000000,-11,-626.170665,-489.050516,1.210000,-490.260516
609,-12.020092,-13.690623,-14.690623,-12.690623,informed,buy_from_mm,-12.690623,-12,-638.861288,-494.620182,1.440000,-496.060182
610,-11.510984,-15.752596,-16.752596,-14.752596,noise,none,0.000000,-12,-638.861288,-500.729480,1.440000,-502.169480
611,-12.510807,-19.981452,-20.981452,-18.981452,noise,none,0.000000,-12,-638.861288,-488.731604,1.440000,-490.171604
612,-12.574323,-15.305002,-16.305002,-14.305002,noise,none,0.000000,-12,-638.861288,-487.969407,1.440000,-489.409407
613,-12.045621,-15.654007,-16.654007,-14.654007,informed,buy_from_mm,-14.654007,-13,-653.515295,-496.922225,1.690000,-498.612225
614,-14.128356,-17.406160,-18.406160,-16.406160,informed,buy_from_mm,-16.406160,-14,-669.921455,-472.124469,1.960000,-474.084469
615,-13.964790,-5.625860,-6.625860,-4.625860,informed,sell_to_mm,-6.625860,-13,-663.295595,-481.753319,1.690000,-483.443319
616,-15.476556,-10.973306,-11.973306,-9.973306,informed,sell_to_mm,-11.973306,-12,-651.322290,-465.603617,1.440000,-467.043617
617,-16.153638,-13.344325,-14.344325,-12.344325,informed,sell_to_mm,-14.344325,-11,-636.977965,-459.287942,1.210000,-460.497942
618,-15.825459,-7.621281,-8.621281,-6.621281,informed,sell_to_mm,-8.621281,-10,-628.356684,-470.102093,1.000000,-471.102093
619,-14.891326,-14.066790,-15.066790,-13.066790,noise,none,0.000000,-10,-628.356684,-479.443428,1.000000,-480.443428
620,-15.011787,-15.653054,-16.653054,-14.653054,informed,none,0.000000,-10,-628.356684,-478.238818,1.000000,-479.238818
621,-16.333754,-14.114832,-15.114832,-13.114832,noise,buy_from_mm,-13.114832,-11,-641.471516,-461.800219,1.210000,-463.010219
622,-15.746277,-17.499692,-18.499692,-16.499692,noise,none,0.000000,-11,-641.471516,-468.262473,1.210000,-469.472473
623,-16.162565,-16.257582,-17.257582,-15.257582,informed,none,0.000000,-11,-641.471516,-463.683305,1.210000,-464.893305
624,-15.869458,-16.461048,-17.461048,-15.461048,noise,buy_from_mm,-15.461048,-12,-656.932564,-466.499072,1.440000,-467.939072
625,-17.816425,-8.616568,-9.616568,-7.616568,noise,none,0.000000,-12,-656.932564,-443.135465,1.440000,-444.575465
626,-16.815611,-21.044706,-22.044706,-20.044706,informed,buy_from_mm,-20.044706,-13,-676.977270,-458.374322,1.690000,-460.064322
627,-16.394452,-15.900054,-16.900054,-14.900054,noise,none,0.000000,-13,-676.977270,-463.849391,1.690000,-465.539391
628,-14.899830,-15.650483,-16.650483,-14.650483,informed,none,0.000000,-13,-676.977270,-483.279486,1.690000,-484.969486
629,-13.050910,-15.555927,-16.555927,-14.555927,noise,none,0.000000,-13,-676.977270,-507.315440,1.690000,-509.005440
630,-12.797024,-8.760313,-9.760313,-7.760313,noise,none,0.000000,-13,-676.977270,-510.615959,1.690000,-512.305959
631,-12.670992,-7.314304,-8.314304,-6.314304,informed,sell_to_mm,-8.314304,-12,-668.662966,-516.611065,1.440000,-518.051065
632,-11.717434,-10.594653,-11.594653,-9.594653,informed,sell_to_mm,-11.594653,-11,-657.068313,-528.176533,1.210000,-529.386533
633,-11.495522,-6.702323,-7.702323,-5.702323,noise,none,0.000000,-11,-657.068313,-530.617567,1.210000,-531.827567
634,-11.022855,-11.341780,-12.341780,-10.341780,noise,none,0.000000,-11,-657.068313,-535.816911,1.210000,-537.026911
635,-12.362584,-11.680044,-12.680044,-10.680044,noise,none,0.000000,-11,-657.068313,-521.079890,1.210000,-522.289890
636,-12.923339,-15.813552,-16.813552,-14.813552,noise,none,0.000000,-11,-657.068313,-514.911587,1.210000,-516.121587
637,-12.842911,-11.618605,-12.618605,-10.618605,noise,none,0.000000,-11,-657.068313,-515.796295,1.210000,-517.006295
638,-14.022333,-13.896864,-14.896864,-12.896864,noise,none,0.000000,-11,-657.068313,-502.822648,1.210000,-504.032648
639,-15.725471,-12.598360,-13.598360,-11.598360,informed,sell_to_mm,-13.598360,-10,-643.469953,-486.215242,1.000000,-487.215242
640,-15.203450,-20.775818,-21.775818,-19.775818,noise,buy_from_mm,-19.775818,-11,-663.245770,-496.007816,1.210000,-497.217816
641,-14.500803,-14.075239,-15.075239,-13.075239,informed,none,0.000000,-11,-663.245770,-503.736942,1.210000,-504.946942
642,-13.834973,-21.933750,-22.933750,-20.933750,informed,buy_from_mm,-20.933750,-12,-684.179520,-518.159845,1.440000,-519.599845
643,-12.861978,-11.513318,-12.513318,-10.513318,noise,none,0.000000,-12,-684.179520,-529.835781,1.440000,-531.275781
644,-12.382399,-11.386845,-12.386845,-10.386845,noise,none,0.000000,-12,-684.179520,-535.590727,1.440000,-537.030727
645,-11.952875,-13.897928,-14.897928,-12.897928,informed,buy_from_mm,-12.897928,-13,-697.077448,-541.690075,1.690000,-543.380075
646,-11.526161,-6.958535,-7.958535,-5.958535,noise,none,0.000000,-13,-697.077448,-547.237354,1.690000,-548.927354
647,-10.597450,-14.675335,-15.675335,-13.675335,informed,buy_from_mm,-13.675335,-14,-710.752783,-562.388489,1.960000,-564.348489
648,-12.426850,-16.861474,-17.861474,-15.861474,noise,none,0.000000,-14,-710.752783,-536.776886,1.960000,-538.736886
649,-13.580336,-19.218425,-20.218425,-18.218425,informed,buy_from_mm,-18.218425,-15,-728.971208,-525.266161,2.250000,-527.516161
650,-15.113748,-13.660408,-14.660408,-12.660408,informed,sell_to_mm,-14.660408,-14,-714.310800,-502.718322,1.960000,-504.678322
651,-14.930869,-16.096564,-17.096564,-15.096564,noise,none,0.000000,-14,-714.310800,-505.278636,1.960000,-507.238636
652,-12.402556,-13.692569,-14.692569,-12.692569,noise,none,0.000000,-14,-714.310800,-540.675011,1.960000,-542.635011
653,-11.710811,-22.626067,-23.626067,-21.626067,informed,buy_from_mm,-21.626067,-15,-735.936867,-560.274700,2.250000,-562.524700
654,-12.438043,-13.909467,-14.909467,-12.909467,noise,none,0.000000,-15,-735.936867,-549.366216,2.250000,-551.616216
655,-15.022629,-16.806031,-17.806031,-15.806031,noise,none,0.000000,-15,-735.936867,-510.597435,2.250000,-512.847435
656,-15.157035,-16.096636,-17.096636,-15.096636,informed,none,0.000000,-15,-735.936867,-508.581342,2.250000,-510.831342
657,-14.313252,-10.940872,-11.940872,-9.940872,noise,none,0.000000,-15,-735.936867,-521.238094,2.250000,-523.488094
658,-14.469100,-16.678299,-17.678299,-15.678299,noise,none,0.000000,-15,-735.936867,-518.900371,2.250000,-521.150371
659,-13.617228,-10.494740,-11.494740,-9.494740,informed,sell_to_mm,-11.494740,-14,-724.442127,-533.800940,1.960000,-535.760940
660,-11.979333,-13.004226,-14.004226,-12.004226,informed,buy_from_mm,-12.004226,-15,-736.446353,-556.756364,2.250000,-559.006364
661,-10.462024,-12.056416,-13.056416,-11.056416,noise,sell_to_mm,-13.056416,-14,-723.389936,-576.921597,1.960000,-578.881597
662,-9.424405,-9.004554,-10.004554,-8.004554,noise,none,0.000000,-14,-723.389936,-591.448260,1.960000,-593.408260
663,-8.842019,-10.084393,-11.084393,-9.084393,noise,buy_from_mm,-9.084393,-15,-732.474330,-599.844040,2.250000,-602.094040
664,-9.659013,-12.494305,-13.494305,-11.494305,informed,buy_from_mm,-11.494305,-16,-743.968635,-589.424428,2.560000,-591.984428
665,-10.534225,-17.255347,-18.255347,-16.255347,informed,buy_from_mm,-16.255347,-17,-760.223981,-581.142152,2.890000,-584.032152
666,-10.901213,-8.185686,-9.185686,-7.185686,noise,none,0.000000,-17,-760.223981,-574.903362,2.890000,-577.793362
667,-11.425553,-10.039387,-11.039387,-9.039387,noise,sell_to_mm,-11.039387,-16,-749.184594,-566.375743,2.560000,-568.935743
668,-10.522902,-12.205735,-13.205735,-11.205735,noise,none,0.000000,-16,-749.184594,-580.818170,2.560000,-583.378170
669,-12.157679,-14.931530,-15.931530,-13.931530,noise,sell_to_mm,-15.931530,-15,-733.253064,-550.887882,2.250000,-553.137882
670,-12.606502,-12.523173,-13.523173,-11.523173,noise,none,0.000000,-15,-733.253064,-544.155533,2.250000,-546.405533
671,-12.186783,-11.672727,-12.672727,-10.672727,informed,none,0.000000,-15,-733.253064,-550.451322,2.250000,-552.701322
672,-10.951808,-6.590942,-7.590942,-5.590942,informed,sell_to_mm,-7.590942,-14,-725.662123,-572.336811,1.960000,-574.296811
673,-10.960683,-2.556835,-3.556835,-1.556835,informed,sell_to_mm,-3.556835,-13,-722.105288,-579.616411,1.690000,-581.306411
674,-10.532470,-10.245092,-11.245092,-9.245092,noise,buy_from_mm,-9.245092,-14,-731.350380,-583.895795,1.960000,-585.855795
675,-11.244394,-11.783204,-12.783204,-10.783204,noise,buy_from_mm,-10.783204,-15,-742.133584,-573.467679,2.250000,-575.717679
676,-12.031466,-14.737154,-15.737154,-13.737154,informed,buy_from_mm,-13.737154,-16,-755.870738,-563.367282,2.560000,-565.927282
677,-10.994494,-9.466663,-10.466663,-8.466663,noise,none,0.000000,-16,-755.870738,-579.958842,2.560000,-582.518842
678,-10.330018,-13.932506,-14.932506,-12.932506,noise,sell_to_mm,-14.932506,-15,-740.938232,-585.987964,2.250000,-588.237964
679,-12.064843,-7.789410,-8.789410,-6.789410,noise,buy_from_mm,-6.789410,-16,-747.727643,-554.690157,2.560000,-557.250157
680,-11.458001,-11.596271,-12.596271,-10.596271,noise,none,0.000000,-16,-747.727643,-564.399621,2.560000,-566.959621
681,-11.441905,-12.867068,-13.867068,-11.867068,informed,buy_from_mm,-11.867068,-17,-759.594711,-565.082333,2.890000,-567.972333
682,-9.899458,-14.564162,-15.564162,-13.564162,informed,buy_from_mm,-13.564162,-18,-773.158873,-594.968629,3.240000,-598.208629
683,-10.926651,-7.088277,-8.088277,-6.088277,noise,sell_to_mm,-8.088277,-17,-765.070596,-579.317525,2.890000,-582.207525
684,-12.143606,-22.061476,-23.061476,-21.061476,noise,none,0.000000,-17,-765.070596,-558.629292,2.890000,-561.519292
685,-11.845076,-9.191338,-10.191338,-8.191338,noise,none,0.000000,-17,-765.070596,-563.704308,2.890000,-566.594308
686,-11.919067,-15.739705,-16.739705,-14.739705,informed,buy_from_mm,-14.739705,-18,-779.810301,-565.267089,3.240000,-568.507089
687,-12.820139,-10.478949,-11.478949,-9.478949,informed,sell_to_mm,-11.478949,-17,-768.331352,-550.388996,2.890000,-553.278996
688,-11.913439,-9.914625,-10.914625,-8.914625,noise,none,0.000000,-17,-768.331352,-565.802888,2.890000,-568.692888
689,-12.687571,-15.018002,-16.018002,-14.018002,noise,buy_from_mm,-14.018002,-18,-782.349354,-553.973074,3.240000,-557.213074
690,-11.374638,-7.977728,-8.977728,-6.977728,informed,sell_to_mm,-8.977728,-17,-773.371625,-580.002786,2.890000,-582.892786
691,-10.860098,-11.628949,-12.628949,-10.628949,noise,none,0.000000,-17,-773.371625,-588.749958,2.890000,-591.639958
692,-11.794938,-6.846562,-7.846562,-5.846562,noise,none,0.000000,-17,-773.371625,-572.857671,2.890000,-575.747671
693,-10.441564,-12.277276,-13.277276,-11.277276,informed,buy_from_mm,-11.277276,-18,-784.648902,-596.700751,3.240000,-599.940751
694,-11.986787,-18.476126,-19.476126,-17.476126,noise,none,0.000000,-18,-784.648902,-568.886737,3.240000,-572.126737
695,-11.297051,-7.438385,-8.438385,-6.438385,noise,none,0.000000,-18,-784.648902,-581.301987,3.240000,-584.541987
696,-11.963263,-20.413018,-21.413018,-19.413018,informed,buy_from_mm,-19.413018,-19,-804.061919,-576.759916,3.610000,-580.369916
697,-12.461913,-8.230008,-9.230008,-7.230008,informed,sell_to_mm,-9.230008,-18,-794.831911,-570.517472,3.240000,-573.757472
698,-12.278452,-7.479839,-8.479839,-6.479839,noise,none,0.000000,-18,-794.831911,-573.819767,3.240000,-577.059767
699,-13.232813,-10.031450,-11.031450,-9.031450,noise,none,0.000000,-18,-794.831911,-556.641273,3.240000,-559.881273
700,-14.406507,-11.870702,-12.870702,-10.870702,noise,none,0.000000,-18,-794.831911,-535.514786,3.240000,-538.754786
701,-14.144635,-15.080199,-16.080199,-14.080199,informed,none,0.000000,-18,-794.831911,-540.228472,3.240000,-543.468472
702,-12.852852,-8.800244,-9.800244,-7.800244,noise,buy_from_mm,-7.800244,-19,-802.632156,-558.427961,3.610000,-562.037961
703,-13.480982,-19.275289,-20.275289,-18.275289,informed,buy_from_mm,-18.275289,-20,-820.907444,-551.287807,4.000000,-555.287807
704,-13.651254,-17.857024,-18.857024,-16.857024,noise,none,0.000000,-20,-820.907444,-547.882367,4.000000,-551.882367
705,-11.362578,-14.767042,-15.767042,-13.767042,noise,none,0.000000,-20,-820.907444,-593.655875,4.000000,-597.655875
706,-11.812434,-11.239290,-12.239290,-10.239290,noise,none,0.000000,-20,-820.907444,-584.658760,4.000000,-588.658760
707,-12.186438,-16.597490,-17.597490,-15.597490,noise,none,0.000000,-20,-820.907444,-577.178676,4.000000,-581.178676
708,-12.490998,-11.417838,-12.417838,-10.417838,noise,none,0.000000,-20,-820.907444,-571.087488,4.000000,-575.087488
709,-12.213490,-9.301926,-10.301926,-8.301926,informed,sell_to_mm,-10.301926,-19,-810.605518,-578.549218,3.610000,-582.159218
710,-12.056014,-9.358578,-10.358578,-8.358578,noise,none,0.000000,-19,-810.605518,-581.541259,3.610000,-585.151259
711,-13.499641,-9.866005,-10.866005,-8.866005,informed,sell_to_mm,-10.866005,-18,-799.739513,-556.745969,3.240000,-559.985969
712,-13.246296,-11.863946,-12.863946,-10.863946,informed,sell_to_mm,-12.863946,-17,-786.875567,-561.688538,2.890000,-564.578538
713,-13.079767,-14.819403,-15.819403,-13.819403,noise,buy_from_mm,-13.819403,-18,-800.694969,-565.259160,3.240000,-568.499160
714,-11.649423,-18.025263,-19.025263,-17.025263,noise,none,0.000000,-18,-800.694969,-591.005359,3.240000,-594.245359
715,-11.862094,-11.559276,-12.559276,-10.559276,noise,none,0.000000,-18,-800.694969,-587.177271,3.240000,-590.417271
716,-11.288344,-7.866417,-8.866417,-6.866417,informed,sell_to_mm,-8.866417,-17,-791.828552,-599.926706,2.890000,-602.816706
717,-11.213000,-15.735951,-16.735951,-14.735951,noise,none,0.000000,-17,-791.828552,-601.207544,2.890000,-604.097544
718,-13.276173,-12.450419,-13.450419,-11.450419,noise,buy_from_mm,-11.450419,-18,-803.278971,-564.307862,3.240000,-567.547862
719,-12.913974,-14.363691,-15.363691,-13.363691,informed,buy_from_mm,-13.363691,-19,-816.642662,-571.277161,3.610000,-574.887161
720,-12.855244,-10.818165,-11.818165,-9.818165,noise,none,0.000000,-19,-816.642662,-572.393030,3.610000,-576.003030
721,-13.317862,-21.364292,-22.364292,-20.364292,informed,buy_from_mm,-20.364292,-20,-837.006954,-570.649718,4.000000,-574.649718
722,-13.282242,-18.449688,-19.449688,-17.449688,informed,buy_from_mm,-17.449688,-21,-854.456642,-575.529568,4.410000,-579.939568
723,-12.786878,-16.650399,-17.650399,-15.650399,informed,buy_from_mm,-15.650399,-22,-870.107041,-588.795723,4.840000,-593.635723
724,-12.976523,-11.545696,-12.545696,-10.545696,noise,none,0.000000,-22,-870.107041,-584.623536,4.840000,-589.463536
725,-14.259710,-10.421065,-11.421065,-9.421065,informed,sell_to_mm,-11.421065,-21,-858.685976,-559.232058,4.410000,-563.642058
726,-12.898507,-10.316440,-11.316440,-9.316440,noise,none,0.000000,-21,-858.685976,-587.817320,4.410000,-592.227320
727,-11.980123,-10.253366,-11.253366,-9.253366,noise,sell_to_mm,-11.253366,-20,-847.432610,-607.830152,4.000000,-611.830152
728,-12.723250,-14.009818,-15.009818,-13.009818,noise,buy_from_mm,-13.009818,-21,-860.442429,-593.254174,4.410000,-597.664174
729,-14.466939,-21.645471,-22.645471,-20.645471,informed,buy_from_mm,-20.645471,-22,-881.087900,-562.815244,4.840000,-567.655244
730,-14.910996,-14.062150,-15.062150,-13.062150,noise,none,0.000000,-22,-881.087900,-553.045991,4.840000,-557.885991
731,-14.557391,-14.755765,-15.755765,-13.755765,informed,none,0.000000,-22,-881.087900,-560.825295,4.840000,-565.665295
732,-13.362959,-11.380230,-12.380230,-10.380230,informed,sell_to_mm,-12.380230,-21,-868.707670,-588.085534,4.410000,-592.495534
733,-15.244905,-5.990181,-6.990181,-4.990181,noise,none,0.000000,-21,-868.707670,-548.564671,4.410000,-552.974671
734,-15.175562,-9.735117,-10.735117,-8.735117,informed,sell_to_mm,-10.735117,-20,-857.972552,-554.461318,4.000000,-558.461318
735,-14.172595,-18.961946,-19.961946,-17.961946,informed,buy_from_mm,-17.961946,-21,-875.934498,-578.310011,4.410000,-582.720011
736,-13.883748,-16.540964,-17.540964,-15.540964,noise,buy_from_mm,-15.540964,-22,-891.475462,-586.033001,4.840000,-590.873001
737,-13.901309,-11.062007,-12.062007,-10.062007,noise,none,0.000000,-22,-891.475462,-585.646660,4.840000,-590.486660
738,-12.701492,-11.673076,-12.673076,-10.673076,noise,none,0.000000,-22,-891.475462,-612.042633,4.840000,-616.882633
739,-11.639485,-14.434465,-15.434465,-13.434465,noise,none,0.000000,-22,-891.475462,-635.406782,4.840000,-640.246782
740,-12.237448,-7.403202,-8.403202,-6.403202,informed,sell_to_mm,-8.403202,-21,-883.072261,-626.085852,4.410000,-630.495852
741,-11.851280,-13.984090,-14.984090,-12.984090,informed,buy_from_mm,-12.984090,-22,-896.056351,-635.328187,4.840000,-640.168187
742,-12.759586,-11.502592,-12.502592,-10.502592,noise,none,0.000000,-22,-896.056351,-615.345464,4.840000,-620.185464
743,-12.268221,-11.047031,-12.047031,-10.047031,informed,sell_to_mm,-12.047031,-21,-884.009320,-626.376670,4.410000,-630.786670
744,-12.363115,-15.033694,-16.033694,-14.033694,informed,buy_from_mm,-14.033694,-22,-898.043014,-626.054491,4.840000,-630.894491
745,-12.344298,-14.140495,-15.140495,-13.140495,informed,buy_from_mm,-13.140495,-23,-911.183509,-627.264653,5.290000,-632.554653
746,-13.054706,-13.565481,-14.565481,-12.565481,informed,none,0.000000,-23,-911.183509,-610.925264,5.290000,-616.215264
747,-12.523650,-14.462399,-15.462399,-13.462399,noise,none,0.000000,-23,-911.183509,-623.139555,5.290000,-628.429555
748,-14.206942,-9.239893,-10.239893,-8.239893,informed,sell_to_mm,-10.239893,-22,-900.943616,-588.390893,4.840000,-593.230893
749,-14.450130,-13.659388,-14.659388,-12.659388,noise,none,0.000000,-22,-900.943616,-583.040762,4.840000,-587.880762
750,-14.371639,-13.843415,-14.843415,-12.843415,noise,none,0.000000,-22,-900.943616,-584.767547,4.840000,-589.607547
751,-12.835192,-16.497057,-17.497057,-15.497057,noise,none,0.000000,-22,-900.943616,-618.569393,4.840000,-623.409393
752,-13.246971,-18.374708,-19.374708,-17.374708,noise,sell_to_mm,-19.374708,-21,-881.568908,-603.382522,4.410000,-607.792522
753,-11.344047,-7.566729,-8.566729,-6.566729,informed,sell_to_mm,-8.566729,-20,-873.002180,-646.121232,4.000000,-650.121232
754,-12.048643,-11.749307,-12.749307,-10.749307,noise,buy_from_mm,-10.749307,-21,-883.751487,-630.729975,4.410000,-635.139975
755,-13.717458,-11.675471,-12.675471,-10.675471,noise,none,0.000000,-21,-883.751487,-595.684870,4.410000,-600.094870
756,-13.294032,-11.053366,-12.053366,-10.053366,informed,sell_to_mm,-12.053366,-20,-871.698121,-605.817484,4.000000,-609.817484
757,-14.292014,-12.290835,-13.290835,-11.290835,informed,sell_to_mm,-13.290835,-19,-858.407287,-586.859019,3.610000,-590.469019
758,-13.523996,-10.143288,-11.143288,-9.143288,informed,sell_to_mm,-11.143288,-18,-847.263998,-603.832068,3.240000,-607.072068
759,-14.116050,-16.164680,-17.164680,-15.164680,informed,buy_from_mm,-15.164680,-19,-862.428678,-594.223724,3.610000,-597.833724
760,-15.636452,-20.506905,-21.506905,-19.506905,informed,buy_from_mm,-19.506905,-20,-881.935583,-569.206535,4.000000,-573.206535
761,-16.180368,-18.709842,-19.709842,-17.709842,noise,sell_to_mm,-19.709842,-19,-862.225741,-554.798756,3.610000,-558.408756
762,-14.892877,-12.175133,-13.175133,-11.175133,informed,sell_to_mm,-13.175133,-18,-849.050607,-580.978829,3.240000,-584.218829
763,-14.131585,-11.249035,-12.249035,-10.249035,noise,none,0.000000,-18,-849.050607,-594.682085,3.240000,-597.922085
764,-13.110898,-16.387880,-17.387880,-15.387880,informed,buy_from_mm,-15.387880,-19,-864.438487,-615.331426,3.610000,-618.941426
765,-14.199076,-17.764781,-18.764781,-16.764781,informed,buy_from_mm,-16.764781,-20,-881.203269,-597.221743,4.000000,-601.221743
766,-13.305193,-14.189506,-15.189506,-13.189506,noise,sell_to_mm,-15.189506,-19,-866.013763,-613.215094,3.610000,-616.825094
767,-12.751504,-11.934599,-12.934599,-10.934599,informed,none,0.000000,-19,-866.013763,-623.735185,3.610000,-627.345185
768,-12.284155,-12.361775,-13.361775,-11.361775,noise,none,0.000000,-19,-866.013763,-632.614826,3.610000,-636.224826
769,-12.201620,-7.030591,-8.030591,-6.030591,noise,none,0.000000,-19,-866.013763,-634.182989,3.610000,-637.792989
770,-11.926495,-7.793095,-8.793095,-6.793095,noise,buy_from_mm,-6.793095,-20,-872.806858,-634.276968,4.000000,-638.276968
771,-12.365108,-14.669789,-15.669789,-13.669789,noise,sell_to_mm,-15.669789,-19,-857.137070,-622.200010,3.610000,-625.810010
772,-12.654029,-7.267469,-8.267469,-6.267469,noise,none,0.000000,-19,-857.137070,-616.710512,3.610000,-620.320512
773,-13.668868,-13.268716,-14.268716,-12.268716,informed,none,0.000000,-19,-857.137070,-597.428584,3.610000,-601.038584
774,-12.887604,-7.690527,-8.690527,-6.690527,informed,sell_to_mm,-8.690527,-18,-848.446542,-616.469668,3.240000,-619.709668
775,-12.783197,-11.844852,-12.844852,-10.844852,noise,none,0.000000,-18,-848.446542,-618.349005,3.240000,-621.589005
776,-13.953654,-14.803821,-15.803821,-13.803821,noise,sell_to_mm,-15.803821,-17,-832.642721,-595.430608,2.890000,-598.320608
777,-14.257714,-19.659286,-20.659286,-18.659286,noise,none,0.000000,-17,-832.642721,-590.261583,2.890000,-593.151583
778,-15.053676,-16.256830,-17.256830,-15.256830,noise,none,0.000000,-17,-832.642721,-576.730233,2.890000,-579.620233
779,-16.280456,-15.577669,-16.577669,-14.577669,noise,none,0.000000,-17,-832.642721,-555.874969,2.890000,-558.764969
780,-15.867226,-14.378880,-15.378880,-13.378880,informed,sell_to_mm,-15.378880,-16,-817.263841,-563.388223,2.560000,-565.948223
781,-15.894691,-16.848966,-17.848966,-15.848966,noise,none,0.000000,-16,-817.263841,-562.948791,2.560000,-565.508791
782,-16.963242,-17.722120,-18.722120,-16.722120,informed,none,0.000000,-16,-817.263841,-545.851976,2.560000,-548.411976
783,-15.901764,-17.814800,-18.814800,-16.814800,noise,none,0.000000,-16,-817.263841,-562.835621,2.560000,-565.395621
784,-15.615967,-18.845688,-19.845688,-17.845688,informed,buy_from_mm,-17.845688,-17,-835.109529,-569.638091,2.890000,-572.528091
785,-16.884593,-10.283150,-11.283150,-9.283150,noise,sell_to_mm,-11.283150,-16,-823.826379,-553.672887,2.560000,-556.232887
786,-16.452543,-14.656729,-15.656729,-13.656729,informed,sell_to_mm,-15.656729,-15,-808.169650,-561.381509,2.250000,-563.631509
787,-16.604572,-14.505284,-15.505284,-13.505284,informed,sell_to_mm,-15.505284,-14,-792.664366,-560.200354,1.960000,-562.160354
788,-15.970468,-7.883199,-8.883199,-6.883199,noise,buy_from_mm,-6.883199,-15,-799.547564,-559.990545,2.250000,-562.240545
789,-15.529567,-15.740875,-16.740875,-14.740875,informed,none,0.000000,-15,-799.547564,-566.604056,2.250000,-568.854056
790,-14.439124,-19.297556,-20.297556,-18.297556,informed,buy_from_mm,-18.297556,-16,-817.845120,-586.819133,2.560000,-589.379133
791,-14.037877,-15.351952,-16.351952,-14.351952,noise,none,0.000000,-16,-817.845120,-593.239084,2.560000,-595.799084
792,-13.172319,-14.795774,-15.795774,-13.795774,informed,buy_from_mm,-13.795774,-17,-831.640895,-607.711473,2.890000,-610.601473
793,-12.212461,-15.802628,-16.802628,-14.802628,informed,buy_from_mm,-14.802628,-18,-846.443522,-626.619233,3.240000,-629.859233
794,-11.797593,-13.044120,-14.044120,-12.044120,noise,none,0.000000,-18,-846.443522,-634.086840,3.240000,-637.326840
795,-12.168753,-13.708760,-14.708760,-12.708760,informed,buy_from_mm,-12.708760,-19,-859.152282,-627.945968,3.610000,-631.555968
796,-13.665427,-6.208982,-7.208982,-5.208982,informed,sell_to_mm,-7.208982,-18,-851.943300,-605.965610,3.240000,-609.205610
797,-14.415228,-16.619376,-17.619376,-15.619376,noise,none,0.000000,-18,-851.943300,-592.469194,3.240000,-595.709194
798,-14.768268,-17.281408,-18.281408,-16.281408,noise,sell_to_mm,-18.281408,-17,-833.661892,-582.601341,2.890000,-585.491341
799,-16.206405,-13.670717,-14.670717,-12.670717,informed,sell_to_mm,-14.670717,-16,-818.991175,-559.688690,2.560000,-562.248690
800,-16.517972,-14.051557,-15.051557,-13.051557,noise,none,0.000000,-16,-818.991175,-554.703628,2.560000,-557.263628
801,-16.014682,-15.804393,-16.804393,-14.804393,noise,sell_to_mm,-16.804393,-15,-802.186782,-561.966555,2.250000,-564.216555
802,-16.536978,-18.051666,-19.051666,-17.051666,noise,none,0.000000,-15,-802.186782,-554.132119,2.250000,-556.382119
803,-18.417331,-14.195129,-15.195129,-13.195129,noise,none,0.000000,-15,-802.186782,-525.926817,2.250000,-528.176817
804,-18.215474,-14.377117,-15.377117,-13.377117,noise,buy_from_mm,-13.377117,-16,-815.563899,-524.116318,2.560000,-526.676318
805,-19.404868,-21.216354,-22.216354,-20.216354,noise,none,0.000000,-16,-815.563899,-505.086006,2.560000,-507.646006
806,-18.521300,-20.124793,-21.124793,-19.124793,informed,buy_from_mm,-19.124793,-17,-834.688693,-519.826594,2.890000,-522.716594
807,-18.809304,-21.616102,-22.616102,-20.616102,informed,buy_from_mm,-20.616102,-18,-855.304794,-516.737319,3.240000,-519.977319
808,-19.950344,-18.267335,-19.267335,-17.267335,noise,none,0.000000,-18,-855.304794,-496.198606,3.240000,-499.438606
809,-18.863366,-18.721475,-19.721475,-17.721475,informed,none,0.000000,-18,-855.304794,-515.764208,3.240000,-519.004208
810,-19.375166,-25.060629,-26.060629,-24.060629,informed,buy_from_mm,-24.060629,-19,-879.365423,-511.237277,3.610000,-514.847277
811,-19.266298,-21.333716,-22.333716,-20.333716,noise,none,0.000000,-19,-879.365423,-513.305756,3.610000,-516.915756
812,-17.895757,-7.781405,-8.781405,-6.781405,noise,none,0.000000,-19,-879.365423,-539.346047,3.610000,-542.956047
813,-18.331192,-24.493421,-25.493421,-23.493421,informed,buy_from_mm,-23.493421,-20,-902.858844,-536.235000,4.000000,-540.235000
814,-19.600081,-27.254021,-28.254021,-26.254021,informed,buy_from_mm,-26.254021,-21,-929.112865,-517.511167,4.410000,-521.921167
815,-20.182707,-15.926127,-16.926127,-14.926127,informed,sell_to_mm,-16.926127,-20,-912.186738,-508.532608,4.000000,-512.532608
816,-19.435051,-18.923754,-19.923754,-17.923754,informed,none,0.000000,-20,-912.186738,-523.485716,4.000000,-527.485716
817,-20.280834,-20.716936,-21.716936,-19.716936,noise,sell_to_mm,-21.716936,-19,-890.469802,-505.133954,3.610000,-508.743954
818,-20.814277,-23.106062,-24.106062,-22.106062,noise,none,0.000000,-19,-890.469802,-494.998531,3.610000,-498.608531
819,-21.444881,-22.026668,-23.026668,-21.026668,noise,none,0.000000,-19,-890.469802,-483.017053,3.610000,-486.627053
820,-20.689393,-21.114811,-22.114811,-20.114811,noise,none,0.000000,-19,-890.469802,-497.371340,3.610000,-500.981340
821,-21.659703,-15.986756,-16.986756,-14.986756,informed,sell_to_mm,-16.986756,-18,-873.483046,-483.608385,3.240000,-486.848385
822,-21.604479,-20.057301,-21.057301,-19.057301,noise,none,0.000000,-18,-873.483046,-484.602428,3.240000,-487.842428
823,-22.064660,-21.882925,-22.882925,-20.882925,informed,none,0.000000,-18,-873.483046,-476.319165,3.240000,-479.559165
824,-23.103075,-28.264703,-29.264703,-27.264703,informed,buy_from_mm,-27.264703,-19,-900.747748,-461.789328,3.610000,-465.399328
825,-23.279461,-21.405605,-22.405605,-20.405605,noise,none,0.000000,-19,-900.747748,-458.437982,3.610000,-462.047982
826,-23.182106,-23.896173,-24.896173,-22.896173,informed,none,0.000000,-19,-900.747748,-460.287729,3.610000,-463.897729
827,-23.481371,-29.356872,-30.356872,-28.356872,noise,none,0.000000,-19,-900.747748,-454.601699,3.610000,-458.211699
828,-22.613161,-16.061819,-17.061819,-15.061819,noise,buy_from_mm,-15.061819,-20,-915.809568,-463.546346,4.000000,-467.546346
829,-22.737600,-21.302420,-22.302420,-20.302420,informed,sell_to_mm,-22.302420,-19,-893.507148,-461.492748,3.610000,-465.102748
830,-21.260112,-22.885061,-23.885061,-21.885061,noise,buy_from_mm,-21.885061,-20,-915.392209,-490.189968,4.000000,-494.189968
831,-22.348990,-15.979364,-16.979364,-14.979364,informed,sell_to_mm,-16.979364,-19,-898.412845,-473.782043,3.610000,-477.392043
832,-23.822938,-25.398357,-26.398357,-24.398357,noise,buy_from_mm,-24.398357,-20,-922.811202,-446.352442,4.000000,-450.352442
833,-23.382174,-20.336242,-21.336242,-19.336242,informed,sell_to_mm,-21.336242,-19,-901.474960,-457.213645,3.610000,-460.823645
834,-23.427797,-20.546194,-21.546194,-19.546194,informed,sell_to_mm,-21.546194,-18,-879.928765,-458.228425,3.240000,-461.468425
835,-24.112599,-21.670018,-22.670018,-20.670018,informed,sell_to_mm,-22.670018,-17,-857.258748,-447.344563,2.890000,-450.234563
836,-26.030920,-25.725983,-26.725983,-24.725983,informed,none,0.000000,-17,-857.258748,-414.733103,2.890000,-417.623103
837,-25.942412,-21.147714,-22.147714,-20.147714,noise,none,0.000000,-17,-857.258748,-416.237741,2.890000,-419.127741
838,-27.068609,-26.807434,-27.807434,-25.807434,informed,none,0.000000,-17,-857.258748,-397.092387,2.890000,-399.982387
839,-26.201952,-32.174711,-33.174711,-31.174711,informed,buy_from_mm,-31.174711,-18,-888.433459,-416.798331,3.240000,-420.038331
840,-24.838840,-29.527349,-30.527349,-28.527349,noise,none,0.000000,-18,-888.433459,-441.334334,3.240000,-444.574334
841,-25.218628,-24.013450,-25.013450,-23.013450,noise,buy_from_mm,-23.013450,-19,-911.446908,-432.292981,3.610000,-435.902981
842,-25.287149,-23.539962,-24.539962,-22.539962,noise,none,0.000000,-19,-911.446908,-430.991086,3.610000,-434.601086
843,-26.892308,-23.284537,-24.284537,-22.284537,noise,buy_from_mm,-22.284537,-20,-933.731445,-395.885284,4.000000,-399.885284
844,-27.988803,-28.654043,-29.654043,-27.654043,informed,none,0.000000,-20,-933.731445,-373.955391,4.000000,-377.955391
845,-26.851794,-24.351110,-25.351110,-23.351110,noise,none,0.000000,-20,-933.731445,-396.695571,4.000000,-400.695571
846,-27.377157,-25.943768,-26.943768,-24.943768,informed,sell_to_mm,-26.943768,-19,-906.787677,-386.621689,3.610000,-390.231689
847,-29.014178,-31.387464,-32.387464,-30.387464,informed,buy_from_mm,-30.387464,-20,-937.175140,-356.891577,4.000000,-360.891577
848,-29.265711,-34.770632,-35.770632,-33.770632,noise,none,0.000000,-20,-937.175140,-351.860921,4.000000,-355.860921
849,-30.266194,-31.312925,-32.312925,-30.312925,noise,buy_from_mm,-30.312925,-21,-967.488066,-331.897991,4.410000,-336.307991
850,-30.221834,-30.883395,-31.883395,-29.883395,informed,none,0.000000,-21,-967.488066,-332.829560,4.410000,-337.239560
851,-30.139724,-27.551526,-28.551526,-26.551526,noise,none,0.000000,-21,-967.488066,-334.553871,4.410000,-338.963871
852,-30.411683,-25.475313,-26.475313,-24.475313,informed,sell_to_mm,-26.475313,-20,-941.012752,-332.779096,4.000000,-336.779096
853,-30.882833,-30.949193,-31.949193,-29.949193,noise,buy_from_mm,-29.949193,-21,-970.961945,-322.422450,4.410000,-326.832450
854,-29.544465,-23.533037,-24.533037,-22.533037,noise,none,0.000000,-21,-970.961945,-350.528170,4.410000,-354.938170
855,-28.486018,-18.592279,-19.592279,-17.592279,noise,none,0.000000,-21,-970.961945,-372.755557,4.410000,-377.165557
856,-30.111008,-30.292198,-31.292198,-29.292198,noise,none,0.000000,-21,-970.961945,-338.630767,4.410000,-343.040767
857,-32.253003,-31.662451,-32.662451,-30.662451,noise,buy_from_mm,-30.662451,-22,-1001.624396,-292.058338,4.840000,-296.898338
858,-31.127090,-30.104626,-31.104626,-29.104626,noise,none,0.000000,-22,-1001.624396,-316.828409,4.840000,-321.668409
859,-30.771453,-26.261571,-27.261571,-25.261571,noise,none,0.000000,-22,-1001.624396,-324.652431,4.840000,-329.492431
860,-30.642149,-30.497167,-31.497167,-29.497167,informed,none,0.000000,-22,-1001.624396,-327.497125,4.840000,-332.337125
861,-30.386725,-29.818700,-30.818700,-28.818700,noise,none,0.000000,-22,-1001.624396,-333.116441,4.840000,-337.956441
862,-30.529968,-33.699470,-34.699470,-32.699470,noise,none,0.000000,-22,-1001.624396,-329.965090,4.840000,-334.805090
863,-29.923712,-27.325267,-28.325267,-26.325267,noise,none,0.000000,-22,-1001.624396,-343.302724,4.840000,-348.142724
864,-28.883542,-25.073428,-26.073428,-24.073428,informed,sell_to_mm,-26.073428,-21,-975.550968,-368.996591,4.410000,-373.406591
865,-28.100799,-20.234074,-21.234074,-19.234074,informed,sell_to_mm,-21.234074,-20,-954.316895,-392.300911,4.000000,-396.300911
866,-28.726180,-23.835870,-24.835870,-22.835870,informed,sell_to_mm,-24.835870,-19,-929.481024,-383.683599,3.610000,-387.293599
867,-28.598585,-27.983871,-28.983871,-26.983871,noise,buy_from_mm,-26.983871,-20,-956.464895,-384.493191,4.000000,-388.493191
868,-28.916369,-30.833360,-31.833360,-29.833360,informed,buy_from_mm,-29.833360,-21,-986.298255,-379.054501,4.410000,-383.464501
869,-27.310718,-25.766171,-26.766171,-24.766171,informed,sell_to_mm,-26.766171,-20,-959.532084,-413.317717,4.000000,-417.317717
870,-25.146638,-23.457230,-24.457230,-22.457230,noise,buy_from_mm,-22.457230,-21,-981.989314,-453.909917,4.410000,-458.319917
871,-25.698177,-26.004246,-27.004246,-25.004246,informed,none,0.000000,-21,-981.989314,-442.327596,4.410000,-446.737596
872,-26.221144,-24.077424,-25.077424,-23.077424,noise,none,0.000000,-21,-981.989314,-431.345281,4.410000,-435.755281
873,-24.808230,-25.635994,-26.635994,-24.635994,noise,buy_from_mm,-24.635994,-22,-1006.625308,-460.844237,4.840000,-465.684237
874,-23.054362,-24.262328,-25.262328,-23.262328,noise,none,0.000000,-22,-1006.625308,-499.429339,4.840000,-504.269339
875,-24.353437,-23.519683,-24.519683,-22.519683,noise,none,0.000000,-22,-1006.625308,-470.849685,4.840000,-475.689685
876,-24.756101,-19.367940,-20.367940,-18.367940,noise,none,0.000000,-22,-1006.625308,-461.991081,4.840000,-466.831081
877,-24.921599,-29.948354,-30.948354,-28.948354,informed,buy_from_mm,-28.948354,-23,-1035.573661,-462.376876,5.290000,-467.666876
878,-26.654294,-25.464482,-26.464482,-24.464482,noise,none,0.000000,-23,-1035.573661,-422.524893,5.290000,-427.814893
879,-25.540615,-23.986301,-24.986301,-22.986301,informed,sell_to_mm,-24.986301,-22,-1010.587361,-448.693820,4.840000,-453.533820
880,-26.828466,-24.944961,-25.944961,-23.944961,noise,none,0.000000,-22,-1010.587361,-420.361100,4.840000,-425.201100
881,-25.872334,-27.112290,-28.112290,-26.112290,noise,none,0.000000,-22,-1010.587361,-441.396017,4.840000,-446.236017
882,-25.016203,-24.015310,-25.015310,-23.015310,noise,none,0.000000,-22,-1010.587361,-460.230901,4.840000,-465.070901
883,-25.853414,-30.157071,-31.157071,-29.157071,informed,buy_from_mm,-29.157071,-23,-1039.744432,-445.115903,5.290000,-450.405903
884,-25.619903,-26.142805,-27.142805,-25.142805,noise,none,0.000000,-23,-1039.744432,-450.486662,5.290000,-455.776662
885,-26.555605,-28.295970,-29.295970,-27.295970,informed,buy_from_mm,-27.295970,-24,-1067.040401,-429.705871,5.760000,-435.465871
886,-28.348292,-31.292944,-32.292944,-30.292944,noise,none,0.000000,-24,-1067.040401,-386.681399,5.760000,-392.441399
887,-27.668676,-26.730106,-27.730106,-25.730106,informed,none,0.000000,-24,-1067.040401,-402.992182,5.760000,-408.752182
888,-27.165491,-22.620999,-23.620999,-21.620999,informed,sell_to_mm,-23.620999,-23,-1043.419402,-418.613099,5.290000,-423.903099
889,-26.587933,-18.235681,-19.235681,-17.235681,informed,sell_to_mm,-19.235681,-22,-1024.183721,-439.249190,4.840000,-444.089190
890,-27.111188,-25.113254,-26.113254,-24.113254,informed,sell_to_mm,-26.113254,-21,-998.070467,-428.735520,4.410000,-433.145520
891,-27.147361,-22.511263,-23.511263,-21.511263,noise,buy_from_mm,-21.511263,-22,-1019.581730,-422.339786,4.840000,-427.179786
892,-28.240750,-32.431222,-33.431222,-31.431222,noise,none,0.000000,-22,-1019.581730,-398.285230,4.840000,-403.125230
893,-28.397458,-22.006554,-23.006554,-21.006554,noise,none,0.000000,-22,-1019.581730,-394.837663,4.840000,-399.677663
894,-29.335947,-23.906244,-24.906244,-22.906244,informed,sell_to_mm,-24.906244,-21,-994.675486,-378.620609,4.410000,-383.030609
895,-30.551526,-32.016941,-33.016941,-31.016941,informed,buy_from_mm,-31.016941,-22,-1025.692427,-353.558855,4.840000,-358.398855
896,-30.314087,-23.414071,-24.414071,-22.414071,noise,none,0.000000,-22,-1025.692427,-358.782519,4.840000,-363.622519
897,-30.279454,-30.495346,-31.495346,-29.495346,noise,buy_from_mm,-29.495346,-23,-1055.187772,-358.760322,5.290000,-364.050322
898,-30.463031,-31.660250,-32.660250,-30.660250,noise,none,0.000000,-23,-1055.187772,-354.538060,5.290000,-359.828060
899,-31.055077,-30.582962,-31.582962,-29.582962,informed,none,0.000000,-23,-1055.187772,-340.921005,5.290000,-346.211005
900,-32.696639,-23.912439,-24.912439,-22.912439,informed,sell_to_mm,-24.912439,-22,-1030.275333,-310.949265,4.840000,-315.789265
901,-33.558938,-30.510905,-31.510905,-29.510905,noise,buy_from_mm,-29.510905,-23,-1059.786238,-287.930655,5.290000,-293.220655
902,-33.083770,-37.444203,-38.444203,-36.444203,noise,buy_from_mm,-36.444203,-24,-1096.230441,-302.219959,5.760000,-307.979959
903,-31.606217,-33.923883,-34.923883,-32.923883,noise,none,0.000000,-24,-1096.230441,-337.681242,5.760000,-343.441242
904,-32.212652,-29.809590,-30.809590,-28.809590,noise,sell_to_mm,-30.809590,-23,-1065.420851,-324.529845,5.290000,-329.819845
905,-32.541333,-34.704104,-35.704104,-33.704104,informed,buy_from_mm,-33.704104,-24,-1099.124956,-318.132955,5.760000,-323.892955
906,-32.372034,-31.308741,-32.308741,-30.308741,noise,sell_to_mm,-32.308741,-23,-1066.816215,-322.259433,5.290000,-327.549433
907,-31.514731,-29.826580,-30.826580,-28.826580,informed,sell_to_mm,-30.826580,-22,-1035.989634,-342.665558,4.840000,-347.505558
908,-31.586204,-35.476549,-36.476549,-34.476549,noise,sell_to_mm,-36.476549,-21,-999.513085,-336.202811,4.410000,-340.612811
909,-33.195784,-32.871191,-33.871191,-31.871191,noise,none,0.000000,-21,-999.513085,-302.401623,4.410000,-306.811623
910,-32.997920,-33.776113,-34.776113,-32.776113,noise,none,0.000000,-21,-999.513085,-306.556773,4.410000,-310.966773
911,-33.098742,-31.510619,-32.510619,-30.510619,informed,sell_to_mm,-32.510619,-20,-967.002466,-305.027625,4.000000,-309.027625
912,-32.128803,-28.131972,-29.131972,-27.131972,noise,none,0.000000,-20,-967.002466,-324.426410,4.000000,-328.426410
913,-31.865780,-30.475256,-31.475256,-29.475256,noise,none,0.000000,-20,-967.002466,-329.686856,4.000000,-333.686856
914,-31.871869,-33.724232,-34.724232,-32.724232,noise,sell_to_mm,-34.724232,-19,-932.278234,-326.712716,3.610000,-330.322716
915,-31.288855,-33.676420,-34.676420,-32.676420,informed,buy_from_mm,-32.676420,-20,-964.954654,-339.177550,4.000000,-343.177550
916,-31.862806,-29.629751,-30.629751,-28.629751,noise,none,0.000000,-20,-964.954654,-327.698525,4.000000,-331.698525
917,-29.692367,-35.528408,-36.528408,-34.528408,noise,none,0.000000,-20,-964.954654,-371.107312,4.000000,-375.107312
918,-28.335642,-28.708227,-29.708227,-27.708227,informed,none,0.000000,-20,-964.954654,-398.241822,4.000000,-402.241822
919,-28.403740,-21.980652,-22.980652,-20.980652,noise,none,0.000000,-20,-964.954654,-396.879858,4.000000,-400.879858
920,-29.131858,-38.809145,-39.809145,-37.809145,noise,none,0.000000,-20,-964.954654,-382.317503,4.000000,-386.317503
921,-29.084303,-28.002118,-29.002118,-27.002118,informed,sell_to_mm,-29.002118,-19,-935.952536,-383.350779,3.610000,-386.960779
922,-29.287053,-30.608451,-31.608451,-29.608451,informed,buy_from_mm,-29.608451,-20,-965.560987,-379.819933,4.000000,-383.819933
923,-29.385809,-24.927669,-25.927669,-23.927669,noise,none,0.000000,-20,-965.560987,-377.844809,4.000000,-381.844809
924,-30.626767,-31.202360,-32.202360,-30.202360,noise,buy_from_mm,-30.202360,-21,-995.763348,-352.601231,4.410000,-357.011231
925,-30.080325,-29.893484,-30.893484,-28.893484,noise,none,0.000000,-21,-995.763348,-364.076520,4.410000,-368.486520
926,-30.623846,-38.196539,-39.196539,-37.196539,noise,none,0.000000,-21,-995.763348,-352.662573,4.410000,-357.072573
927,-31.781093,-32.489592,-33.489592,-31.489592,informed,none,0.000000,-21,-995.763348,-328.360391,4.410000,-332.770391
928,-30.959144,-28.442354,-29.442354,-27.442354,informed,sell_to_mm,-29.442354,-20,-966.320994,-347.138110,4.000000,-351.138110
929,-31.583862,-31.450812,-32.450812,-30.450812,informed,none,0.000000,-20,-966.320994,-334.643763,4.000000,-338.643763
930,-31.442256,-35.700635,-36.700635,-34.700635,informed,buy_from_mm,-34.700635,-21,-1001.021629,-340.734260,4.410000,-345.144260
931,-32.304517,-33.967081,-34.967081,-32.967081,noise,none,0.000000,-21,-1001.021629,-322.626777,4.410000,-327.036777
932,-31.637659,-24.218945,-25.218945,-23.218945,noise,none,0.000000,-21,-1001.021629,-336.630795,4.410000,-341.040795
933,-29.808525,-27.734204,-28.734204,-26.734204,noise,none,0.000000,-21,-1001.021629,-375.042608,4.410000,-379.452608
934,-30.410608,-33.063126,-34.063126,-32.063126,informed,buy_from_mm,-32.063126,-22,-1033.084755,-364.051375,4.840000,-368.891375
935,-30.957250,-41.667909,-42.667909,-40.667909,informed,buy_from_mm,-40.667909,-23,-1073.752664,-361.735902,5.290000,-367.025902
936,-30.042705,-33.416835,-34.416835,-32.416835,informed,buy_from_mm,-32.416835,-24,-1106.169499,-385.144577,5.760000,-390.904577
937,-28.020909,-30.366951,-31.366951,-29.366951,noise,none,0.000000,-24,-1106.169499,-433.667685,5.760000,-439.427685
938,-28.184974,-34.406457,-35.406457,-33.406457,informed,buy_from_mm,-33.406457,-25,-1139.575955,-434.951601,6.250000,-441.201601
939,-26.979381,-26.250804,-27.250804,-25.250804,noise,sell_to_mm,-27.250804,-24,-1112.325152,-464.820017,5.760000,-470.580017
940,-26.671324,-22.072106,-23.072106,-21.072106,informed,sell_to_mm,-23.072106,-23,-1089.253046,-475.812600,5.290000,-481.102600
941,-26.289932,-24.407368,-25.407368,-23.407368,noise,sell_to_mm,-25.407368,-22,-1063.845677,-485.467171,4.840000,-490.307171
942,-26.745215,-33.876663,-34.876663,-32.876663,noise,none,0.000000,-22,-1063.845677,-475.450956,4.840000,-480.290956
943,-25.762625,-23.414067,-24.414067,-22.414067,informed,sell_to_mm,-24.414067,-21,-1039.431610,-498.416479,4.410000,-502.826479
944,-24.126386,-21.355979,-22.355979,-20.355979,informed,sell_to_mm,-22.355979,-20,-1017.075631,-534.547911,4.000000,-538.547911
945,-24.977430,-25.087843,-26.087843,-24.087843,noise,buy_from_mm,-24.087843,-21,-1041.163475,-516.637452,4.410000,-521.047452
946,-23.601999,-26.552171,-27.552171,-25.552171,noise,none,0.000000,-21,-1041.163475,-545.521495,4.410000,-549.931495
947,-21.172847,-20.467604,-21.467604,-19.467604,noise,sell_to_mm,-21.467604,-20,-1019.695871,-596.238938,4.000000,-600.238938
948,-20.443626,-26.110154,-27.110154,-25.110154,informed,buy_from_mm,-25.110154,-21,-1044.806024,-615.489869,4.410000,-619.899869
949,-20.276215,-20.106607,-21.106607,-19.106607,noise,none,0.000000,-21,-1044.806024,-619.005515,4.410000,-623.415515
950,-20.370498,-19.778591,-20.778591,-18.778591,noise,none,0.000000,-21,-1044.806024,-617.025563,4.410000,-621.435563
951,-20.282036,-21.950477,-22.950477,-20.950477,noise,none,0.000000,-21,-1044.806024,-618.883278,4.410000,-623.293278
952,-20.198997,-26.820346,-27.820346,-25.820346,noise,none,0.000000,-21,-1044.806024,-620.627083,4.410000,-625.037083
953,-20.450653,-21.165407,-22.165407,-20.165407,noise,none,0.000000,-21,-1044.806024,-615.342309,4.410000,-619.752309
954,-20.860526,-22.741049,-23.741049,-21.741049,informed,buy_from_mm,-21.741049,-22,-1066.547074,-607.615496,4.840000,-612.455496
955,-21.223693,-11.576358,-12.576358,-10.576358,informed,sell_to_mm,-12.576358,-21,-1053.970716,-608.273162,4.410000,-612.683162
956,-21.135668,-24.134072,-25.134072,-23.134072,informed,buy_from_mm,-23.134072,-22,-1077.104788,-612.120098,4.840000,-616.960098
957,-21.232532,-24.375886,-25.375886,-23.375886,noise,none,0.000000,-22,-1077.104788,-609.989091,4.840000,-614.829091
958,-21.292946,-18.234977,-19.234977,-17.234977,noise,buy_from_mm,-17.234977,-23,-1094.339765,-604.601999,5.290000,-609.891999
959,-22.243716,-16.900580,-17.900580,-15.900580,informed,sell_to_mm,-17.900580,-22,-1076.439185,-587.077437,4.840000,-591.917437
960,-20.393236,-11.959858,-12.959858,-10.959858,noise,buy_from_mm,-10.959858,-23,-1087.399044,-618.354617,5.290000,-623.644617
961,-19.491983,-14.428314,-15.428314,-13.428314,informed,sell_to_mm,-15.428314,-22,-1071.970729,-643.147100,4.840000,-647.987100
962,-20.192380,-25.530743,-26.530743,-24.530743,informed,buy_from_mm,-24.530743,-23,-1096.501473,-632.076741,5.290000,-637.366741
963,-21.418190,-19.820466,-20.820466,-18.820466,noise,none,0.000000,-23,-1096.501473,-603.883111,5.290000,-609.173111
964,-20.538298,-26.682247,-27.682247,-25.682247,noise,none,0.000000,-23,-1096.501473,-624.120623,5.290000,-629.410623
965,-19.391209,-18.658263,-19.658263,-17.658263,informed,none,0.000000,-23,-1096.501473,-650.503665,5.290000,-655.793665
966,-18.360307,-6.966786,-7.966786,-5.966786,informed,sell_to_mm,-7.966786,-22,-1088.534686,-684.607925,4.840000,-689.447925
967,-18.948479,-24.171192,-25.171192,-23.171192,informed,buy_from_mm,-23.171192,-23,-1111.705878,-675.890862,5.290000,-681.180862
968,-18.030552,-17.251456,-18.251456,-16.251456,noise,none,0.000000,-23,-1111.705878,-697.003191,5.290000,-702.293191
969,-19.000401,-24.542411,-25.542411,-23.542411,informed,buy_from_mm,-23.542411,-24,-1135.248289,-679.238666,5.760000,-684.998666
970,-18.995926,-18.980648,-19.980648,-17.980648,noise,none,0.000000,-24,-1135.248289,-679.346074,5.760000,-685.106074
971,-18.551456,-15.964510,-16.964510,-14.964510,noise,none,0.000000,-24,-1135.248289,-690.013349,5.760000,-695.773349
972,-16.443489,-15.815400,-16.815400,-14.815400,noise,none,0.000000,-24,-1135.248289,-740.604556,5.760000,-746.364556
973,-16.464124,-13.638451,-14.638451,-12.638451,noise,sell_to_mm,-14.638451,-23,-1120.609838,-741.934992,5.290000,-747.224992
974,-17.799051,-14.472469,-15.472469,-13.472469,informed,sell_to_mm,-15.472469,-22,-1105.137368,-713.558244,4.840000,-718.398244
975,-17.887393,-22.081342,-23.081342,-21.081342,informed,buy_from_mm,-21.081342,-23,-1126.218711,-714.808662,5.290000,-720.098662
976,-16.510647,-19.250219,-20.250219,-18.250219,noise,buy_from_mm,-18.250219,-24,-1144.468930,-748.213401,5.760000,-753.973401
977,-16.901982,-17.973436,-18.973436,-16.973436,noise,sell_to_mm,-18.973436,-23,-1125.495494,-736.749914,5.290000,-742.039914
978,-17.709262,-17.410483,-18.410483,-16.410483,informed,none,0.000000,-23,-1125.495494,-718.182468,5.290000,-723.472468
979,-18.750758,-11.956769,-12.956769,-10.956769,informed,sell_to_mm,-12.956769,-22,-1112.538725,-700.022057,4.840000,-704.862057
980,-18.318877,-24.884238,-25.884238,-23.884238,informed,buy_from_mm,-23.884238,-23,-1136.422963,-715.088792,5.290000,-720.378792
981,-16.084524,-16.968243,-17.968243,-15.968243,noise,buy_from_mm,-15.968243,-24,-1152.391206,-766.362618,5.760000,-772.122618
982,-15.787042,-14.056017,-15.056017,-13.056017,noise,none,0.000000,-24,-1152.391206,-773.502187,5.760000,-779.262187
983,-15.017902,-16.218215,-17.218215,-15.218215,noise,none,0.000000,-24,-1152.391206,-791.961548,5.760000,-797.721548
984,-14.529076,-10.871939,-11.871939,-9.871939,noise,buy_from_mm,-9.871939,-25,-1162.263145,-799.036253,6.250000,-805.286253
985,-15.381209,-16.540789,-17.540789,-15.540789,informed,buy_from_mm,-15.540789,-26,-1177.803934,-777.892487,6.760000,-784.652487
986,-13.666618,-17.103404,-18.103404,-16.103404,noise,none,0.000000,-26,-1177.803934,-822.471873,6.760000,-829.231873
987,-15.112270,-17.841072,-18.841072,-16.841072,informed,buy_from_mm,-16.841072,-27,-1194.645006,-786.613728,7.290000,-793.903728
988,-14.782692,-12.114050,-13.114050,-11.114050,noise,none,0.000000,-27,-1194.645006,-795.512331,7.290000,-802.802331
989,-15.170927,-11.634312,-12.634312,-10.634312,noise,none,0.000000,-27,-1194.645006,-785.029969,7.290000,-792.319969
990,-15.698561,-17.534570,-18.534570,-16.534570,noise,none,0.000000,-27,-1194.645006,-770.783857,7.290000,-778.073857
991,-15.611014,-17.562664,-18.562664,-16.562664,noise,none,0.000000,-27,-1194.645006,-773.147641,7.290000,-780.437641
992,-17.468594,-23.016571,-24.016571,-22.016571,informed,buy_from_mm,-22.016571,-28,-1216.661577,-727.540932,7.840000,-735.380932
993,-16.299905,-15.377543,-16.377543,-14.377543,noise,none,0.000000,-28,-1216.661577,-760.264242,7.840000,-768.104242
994,-16.444429,-12.963850,-13.963850,-11.963850,noise,none,0.000000,-28,-1216.661577,-756.217571,7.840000,-764.057571
995,-15.811729,-12.531342,-13.531342,-11.531342,informed,sell_to_mm,-13.531342,-27,-1203.130235,-776.213556,7.290000,-783.503556
996,-15.491979,-11.097265,-12.097265,-10.097265,noise,sell_to_mm,-12.097265,-26,-1191.032970,-788.241511,6.760000,-795.001511
997,-15.505653,-15.401406,-16.401406,-14.401406,informed,none,0.000000,-26,-1191.032970,-787.886002,6.760000,-794.646002
998,-15.412655,-10.604158,-11.604158,-9.604158,informed,sell_to_mm,-11.604158,-25,-1179.428812,-794.112428,6.250000,-800.362428
999,-14.129954,-11.783092,-12.783092,-10.783092,informed,sell_to_mm,-12.783092,-24,-1166.645720,-827.526818,5.760000,-833.286818
1000,-14.537761,-19.072439,-20.072439,-18.072439,noise,none,0.000000,-24,-1166.645720,-817.739460,5.760000,-823.499460
1001,-12.576973,-8.960932,-9.960932,-7.960932,informed,sell_to_mm,-9.960932,-23,-1156.684787,-867.414415,5.290000,-872.704415
1002,-12.292517,-11.733373,-12.733373,-10.733373,noise,sell_to_mm,-12.733373,-22,-1143.951415,-873.516041,4.840000,-878.356041
1003,-12.234259,-15.208397,-16.208397,-14.208397,noise,none,0.000000,-22,-1143.951415,-874.797709,4.840000,-879.637709
1004,-11.980781,-5.192115,-6.192115,-4.192115,informed,sell_to_mm,-6.192115,-21,-1137.759300,-886.162900,4.410000,-890.572900
1005,-11.171256,-13.234872,-14.234872,-12.234872,informed,buy_from_mm,-12.234872,-22,-1149.994171,-904.226529,4.840000,-909.066529
1006,-11.807127,-7.441320,-8.441320,-6.441320,informed,sell_to_mm,-8.441320,-21,-1141.552852,-893.603174,4.410000,-898.013174
1007,-10.261981,-15.752765,-16.752765,-14.752765,informed,buy_from_mm,-14.752765,-22,-1156.305616,-930.542034,4.840000,-935.382034
1008,-9.724224,-18.434870,-19.434870,-17.434870,noise,none,0.000000,-22,-1156.305616,-942.372678,4.840000,-947.212678
1009,-8.557490,-6.398636,-7.398636,-5.398636,noise,buy_from_mm,-5.398636,-23,-1161.704253,-964.881989,5.290000,-970.171989
1010,-7.582878,-8.663998,-9.663998,-7.663998,informed,buy_from_mm,-7.663998,-24,-1169.368251,-987.379185,5.760000,-993.139185
1011,-8.891605,-13.294595,-14.294595,-12.294595,noise,none,0.000000,-24,-1169.368251,-955.969732,5.760000,-961.729732
1012,-8.165736,-1.456366,-2.456366,-0.456366,informed,sell_to_mm,-2.456366,-23,-1166.911885,-979.099950,5.290000,-984.389950
1013,-8.831947,-9.835970,-10.835970,-8.835970,noise,sell_to_mm,-10.835970,-22,-1156.075915,-961.773080,4.840000,-966.613080
1014,-7.554570,-7.084360,-8.084360,-6.084360,informed,none,0.000000,-22,-1156.075915,-989.875374,4.840000,-994.715374
1015,-6.913591,-5.034731,-6.034731,-4.034731,noise,none,0.000000,-22,-1156.075915,-1003.976911,4.840000,-1008.816911
1016,-5.430021,-5.454157,-6.454157,-4.454157,informed,none,0.000000,-22,-1156.075915,-1036.615445,4.840000,-1041.455445
1017,-6.161410,-2.257455,-3.257455,-1.257455,informed,sell_to_mm,-3.257455,-21,-1152.818461,-1023.428857,4.410000,-1027.838857
1018,-8.616467,-12.533952,-13.533952,-11.533952,informed,buy_from_mm,-11.533952,-22,-1164.352413,-974.790148,4.840000,-979.630148
1019,-9.079632,-12.917829,-13.917829,-11.917829,informed,buy_from_mm,-11.917829,-23,-1176.270242,-967.438703,5.290000,-972.728703
1020,-8.866971,-7.708621,-8.708621,-6.708621,noise,none,0.000000,-23,-1176.270242,-972.329915,5.290000,-977.619915
1021,-8.601698,-6.303294,-7.303294,-5.303294,noise,sell_to_mm,-7.303294,-22,-1168.966948,-979.729597,4.840000,-984.569597
1022,-9.123274,-6.479262,-7.479262,-5.479262,noise,none,0.000000,-22,-1168.966948,-968.254919,4.840000,-973.094919
1023,-8.316775,-11.431020,-12.431020,-10.431020,noise,none,0.000000,-22,-1168.966948,-985.997897,4.840000,-990.837897
1024,-6.909048,-7.834231,-8.834231,-6.834231,noise,none,0.000000,-22,-1168.966948,-1016.967885,4.840000,-1021.807885
1025,-6.608562,-8.714602,-9.714602,-7.714602,noise,buy_from_mm,-7.714602,-23,-1176.681551,-1024.684628,5.290000,-1029.974628
1026,-6.403788,-7.014751,-8.014751,-6.014751,informed,none,0.000000,-23,-1176.681551,-1029.394434,5.290000,-1034.684434
1027,-6.542682,-7.902290,-8.902290,-6.902290,informed,buy_from_mm,-6.902290,-24,-1183.583840,-1026.559466,5.760000,-1032.319466
1028,-8.052358,-3.237359,-4.237359,-2.237359,informed,sell_to_mm,-4.237359,-23,-1179.346481,-994.142243,5.290000,-999.432243
1029,-8.748883,-11.782345,-12.782345,-10.782345,noise,none,0.000000,-23,-1179.346481,-978.122178,5.290000,-983.412178
1030,-9.591449,-10.405119,-11.405119,-9.405119,noise,none,0.000000,-23,-1179.346481,-958.743158,5.290000,-964.033158
1031,-6.881145,-4.499171,-5.499171,-3.499171,informed,sell_to_mm,-5.499171,-22,-1173.847310,-1022.462125,4.840000,-1027.302125
1032,-7.181863,-10.797356,-11.797356,-9.797356,noise,sell_to_mm,-11.797356,-21,-1162.049954,-1011.230832,4.410000,-1015.640832
1033,-6.482572,-10.863364,-11.863364,-9.863364,informed,buy_from_mm,-9.863364,-22,-1171.913317,-1029.296729,4.840000,-1034.136729
1034,-7.239354,-11.283058,-12.283058,-10.283058,informed,buy_from_mm,-10.283058,-23,-1182.196375,-1015.691238,5.290000,-1020.981238
1035,-7.162880,-10.619172,-11.619172,-9.619172,informed,buy_from_mm,-9.619172,-24,-1191.815547,-1019.906420,5.760000,-1025.666420
1036,-7.582053,-8.873832,-9.873832,-7.873832,noise,none,0.000000,-24,-1191.815547,-1009.846268,5.760000,-1015.606268
1037,-6.911991,-5.300580,-6.300580,-4.300580,noise,none,0.000000,-24,-1191.815547,-1025.927770,5.760000,-1031.687770
1038,-8.322452,-10.985876,-11.985876,-9.985876,noise,none,0.000000,-24,-1191.815547,-992.076708,5.760000,-997.836708
1039,-9.710799,-9.507769,-10.507769,-8.507769,noise,none,0.000000,-24,-1191.815547,-958.756366,5.760000,-964.516366
1040,-9.609054,-1.843257,-2.843257,-0.843257,informed,sell_to_mm,-2.843257,-23,-1188.972291,-967.964041,5.290000,-973.254041
1041,-7.567388,-0.544752,-1.544752,0.455248,noise,none,0.000000,-23,-1188.972291,-1014.922364,5.290000,-1020.212364
1042,-5.852452,-4.709113,-5.709113,-3.709113,noise,none,0.000000,-23,-1188.972291,-1054.365892,5.290000,-1059.655892
1043,-8.513735,-6.590172,-7.590172,-5.590172,noise,none,0.000000,-23,-1188.972291,-993.156390,5.290000,-998.446390
1044,-8.805558,-3.302552,-4.302552,-2.302552,noise,none,0.000000,-23,-1188.972291,-986.444456,5.290000,-991.734456
1045,-6.631096,-4.377811,-5.377811,-3.377811,noise,none,0.000000,-23,-1188.972291,-1036.457082,5.290000,-1041.747082
1046,-7.611694,-8.252057,-9.252057,-7.252057,noise,sell_to_mm,-9.252057,-22,-1179.720233,-1012.262973,4.840000,-1017.102973
1047,-6.089630,-6.919824,-7.919824,-5.919824,noise,none,0.000000,-22,-1179.720233,-1045.748383,4.840000,-1050.588383
1048,-6.177993,-4.070436,-5.070436,-3.070436,noise,none,0.000000,-22,-1179.720233,-1043.804381,4.840000,-1048.644381
1049,-5.280115,-4.317035,-5.317035,-3.317035,noise,none,0.000000,-22,-1179.720233,-1063.557714,4.840000,-1068.397714
1050,-4.704228,-1.666669,-2.666669,-0.666669,informed,sell_to_mm,-2.666669,-21,-1177.053565,-1078.264771,4.410000,-1082.674771
1051,-4.521321,-3.375974,-4.375974,-2.375974,noise,sell_to_mm,-4.375974,-20,-1172.677591,-1082.251167,4.000000,-1086.251167
1052,-3.709380,-2.835655,-3.835655,-1.835655,informed,none,0.000000,-20,-1172.677591,-1098.489995,4.000000,-1102.489995
1053,-4.676048,1.311158,0.311158,2.311158,noise,sell_to_mm,0.311158,-19,-1172.988749,-1084.143846,3.610000,-1087.753846
1054,-4.712719,-5.210941,-6.210941,-4.210941,noise,none,0.000000,-19,-1172.988749,-1083.447090,3.610000,-1087.057090
1055,-4.300616,-1.598840,-2.598840,-0.598840,noise,buy_from_mm,-0.598840,-20,-1173.587589,-1087.575272,4.000000,-1091.575272
1056,-4.871553,-5.431912,-6.431912,-4.431912,noise,none,0.000000,-20,-1173.587589,-1076.156527,4.000000,-1080.156527
1057,-4.536763,-0.408332,-1.408332,0.591668,informed,sell_to_mm,-1.408332,-19,-1172.179257,-1085.980765,3.610000,-1089.590765
1058,-5.568574,-6.454384,-7.454384,-5.454384,noise,none,0.000000,-19,-1172.179257,-1066.376353,3.610000,-1069.986353
1059,-4.993850,-0.633548,-1.633548,0.366452,noise,none,0.000000,-19,-1172.179257,-1077.296100,3.610000,-1080.906100
1060,-5.411376,-1.845659,-2.845659,-0.845659,informed,sell_to_mm,-2.845659,-18,-1169.333599,-1071.928836,3.240000,-1075.168836
1061,-6.382023,-4.443669,-5.443669,-3.443669,noise,none,0.000000,-18,-1169.333599,-1054.457186,3.240000,-1057.697186
1062,-6.567492,-6.320094,-7.320094,-5.320094,noise,buy_from_mm,-5.320094,-19,-1174.653693,-1049.871339,3.610000,-1053.481339
1063,-7.556831,-4.778490,-5.778490,-3.778490,noise,none,0.000000,-19,-1174.653693,-1031.073909,3.610000,-1034.683909
1064,-8.074451,-8.847727,-9.847727,-7.847727,noise,buy_from_mm,-7.847727,-20,-1182.501420,-1021.012408,4.000000,-1025.012408
1065,-8.212366,-7.454663,-8.454663,-6.454663,noise,none,0.000000,-20,-1182.501420,-1018.254098,4.000000,-1022.254098
1066,-5.851537,-13.142550,-14.142550,-12.142550,noise,none,0.000000,-20,-1182.501420,-1065.470687,4.000000,-1069.470687
1067,-4.012122,-4.713284,-5.713284,-3.713284,noise,none,0.000000,-20,-1182.501420,-1102.258977,4.000000,-1106.258977
1068,-4.627844,-5.705121,-6.705121,-4.705121,noise,sell_to_mm,-6.705121,-19,-1175.796298,-1087.867256,3.610000,-1091.477256
1069,-6.129960,-5.432036,-6.432036,-4.432036,noise,none,0.000000,-19,-1175.796298,-1059.327050,3.610000,-1062.937050
1070,-4.414033,-11.635158,-12.635158,-10.635158,noise,buy_from_mm,-10.635158,-20,-1186.431456,-1098.150799,4.000000,-1102.150799
1071,-4.998753,-2.946553,-3.946553,-1.946553,noise,none,0.000000,-20,-1186.431456,-1086.456394,4.000000,-1090.456394
1072,-3.503865,-7.338221,-8.338221,-6.338221,noise,none,0.000000,-20,-1186.431456,-1116.354160,4.000000,-1120.354160
1073,-2.884637,-7.045266,-8.045266,-6.045266,noise,none,0.000000,-20,-1186.431456,-1128.738723,4.000000,-1132.738723
1074,-3.844990,-2.723214,-3.723214,-1.723214,noise,none,0.000000,-20,-1186.431456,-1109.531647,4.000000,-1113.531647
1075,-3.827374,1.056287,0.056287,2.056287,noise,buy_from_mm,2.056287,-21,-1184.375170,-1104.000318,4.410000,-1108.410318
1076,-3.933468,-1.364121,-2.364121,-0.364121,noise,buy_from_mm,-0.364121,-22,-1184.739291,-1098.202990,4.840000,-1103.042990
1077,-3.745064,-6.788348,-7.788348,-5.788348,noise,none,0.000000,-22,-1184.739291,-1102.347873,4.840000,-1107.187873
1078,-2.636145,-5.329005,-6.329005,-4.329005,informed,buy_from_mm,-4.329005,-23,-1189.068296,-1128.436956,5.290000,-1133.726956
1079,0.105097,2.501514,1.501514,3.501514,noise,none,0.000000,-23,-1189.068296,-1191.485532,5.290000,-1196.775532
1080,0.885782,-5.994121,-6.994121,-4.994121,informed,buy_from_mm,-4.994121,-24,-1194.062417,-1215.321184,5.760000,-1221.081184
1081,0.033189,7.274080,6.274080,8.274080,noise,none,0.000000,-24,-1194.062417,-1194.858963,5.760000,-1200.618963
1082,0.217707,-7.671656,-8.671656,-6.671656,informed,buy_from_mm,-6.671656,-25,-1200.734074,-1206.176742,6.250000,-1212.426742
1083,0.341834,-6.078904,-7.078904,-5.078904,informed,buy_from_mm,-5.078904,-26,-1205.812978,-1214.700649,6.760000,-1221.460649
1084,0.402955,-3.905067,-4.905067,-2.905067,informed,buy_from_mm,-2.905067,-27,-1208.718045,-1219.597828,7.290000,-1226.887828
1085,0.773525,-4.516600,-5.516600,-3.516600,informed,buy_from_mm,-3.516600,-28,-1212.234645,-1233.893344,7.840000,-1241.733344
1086,0.849244,-0.460049,-1.460049,0.539951,noise,none,0.000000,-28,-1212.234645,-1236.013487,7.840000,-1243.853487
1087,0.006220,-3.363003,-4.363003,-2.363003,informed,buy_from_mm,-2.363003,-29,-1214.597648,-1214.778039,8.410000,-1223.188039
1088,0.339607,6.083340,5.083340,7.083340,noise,sell_to_mm,5.083340,-28,-1219.680988,-1229.189981,7.840000,-1237.029981
1089,0.772483,-6.982843,-7.982843,-5.982843,informed,buy_from_mm,-5.982843,-29,-1225.663831,-1248.065853,8.410000,-1256.475853
1090,-0.207804,1.043620,0.043620,2.043620,noise,none,0.000000,-29,-1225.663831,-1219.637527,8.410000,-1228.047527
1091,0.269322,-4.651891,-5.651891,-3.651891,noise,buy_from_mm,-3.651891,-30,-1229.315722,-1237.395394,9.000000,-1246.395394
1092,1.174021,1.462951,0.462951,2.462951,informed,none,0.000000,-30,-1229.315722,-1264.536356,9.000000,-1273.536356
1093,2.042463,8.911477,7.911477,9.911477,noise,buy_from_mm,9.911477,-31,-1219.404245,-1282.720598,9.610000,-1292.330598
1094,2.564537,8.272857,7.272857,9.272857,noise,sell_to_mm,7.272857,-30,-1226.677102,-1303.613215,9.000000,-1312.613215
1095,2.764193,-2.082615,-3.082615,-1.082615,informed,buy_from_mm,-1.082615,-31,-1227.759717,-1313.449704,9.610000,-1323.059704
1096,0.605685,1.360814,0.360814,2.360814,informed,none,0.000000,-31,-1227.759717,-1246.535939,9.610000,-1256.145939
1097,1.430850,9.037935,8.037935,10.037935,noise,buy_from_mm,10.037935,-32,-1217.721782,-1263.508970,10.240000,-1273.748970
1098,1.999131,-3.551562,-4.551562,-2.551562,noise,sell_to_mm,-4.551562,-31,-1213.170220,-1275.143295,9.610000,-1284.753295
1099,1.313524,-4.993612,-5.993612,-3.993612,informed,buy_from_mm,-3.993612,-32,-1217.163832,-1259.196596,10.240000,-1269.436596
1100,0.896411,-0.993901,-1.993901,0.006099,informed,buy_from_mm,0.006099,-33,-1217.157733,-1246.739291,10.890000,-1257.629291
1101,1.532312,2.449810,1.449810,3.449810,noise,buy_from_mm,3.449810,-34,-1213.707923,-1265.806515,11.560000,-1277.366515
1102,2.810873,5.516644,4.516644,6.516644,informed,sell_to_mm,4.516644,-33,-1218.224567,-1310.983375,10.890000,-1321.873375
1103,3.188192,1.490943,0.490943,2.490943,noise,none,0.000000,-33,-1218.224567,-1323.434913,10.890000,-1334.324913
1104,2.799929,8.668547,7.668547,9.668547,noise,none,0.000000,-33,-1218.224567,-1310.622215,10.890000,-1321.512215
1105,2.276439,-0.958388,-1.958388,0.041612,noise,none,0.000000,-33,-1218.224567,-1293.347065,10.890000,-1304.237065
1106,1.712818,3.108226,2.108226,4.108226,noise,none,0.000000,-33,-1218.224567,-1274.747549,10.890000,-1285.637549
1107,1.285637,-3.071157,-4.071157,-2.071157,noise,none,0.000000,-33,-1218.224567,-1260.650573,10.890000,-1271.540573
1108,1.846486,3.388111,2.388111,4.388111,noise,buy_from_mm,4.388111,-34,-1213.836456,-1276.616983,11.560000,-1288.176983
1109,1.063257,-0.779196,-1.779196,0.220804,informed,buy_from_mm,0.220804,-35,-1213.615652,-1250.829635,12.250000,-1263.079635
1110,1.576111,-2.517787,-3.517787,-1.517787,noise,none,0.000000,-35,-1213.615652,-1268.779536,12.250000,-1281.029536
1111,0.403147,8.810210,7.810210,9.810210,noise,sell_to_mm,7.810210,-34,-1221.425862,-1235.132859,11.560000,-1246.692859
1112,0.165453,-0.523073,-1.523073,0.476927,noise,none,0.000000,-34,-1221.425862,-1227.051278,11.560000,-1238.611278
1113,1.338505,-1.809561,-2.809561,-0.809561,informed,buy_from_mm,-0.809561,-35,-1222.235423,-1269.083098,12.250000,-1281.333098
1114,-0.877901,1.422096,0.422096,2.422096,informed,sell_to_mm,0.422096,-34,-1222.657519,-1192.808885,11.560000,-1204.368885
1115,-2.195071,-0.965292,-1.965292,0.034708,noise,buy_from_mm,0.034708,-35,-1222.622811,-1145.795311,12.250000,-1158.045311
1116,-1.876959,-3.201734,-4.201734,-2.201734,noise,sell_to_mm,-4.201734,-34,-1218.421077,-1154.604461,11.560000,-1166.164461
1117,-2.003543,-4.549967,-5.549967,-3.549967,informed,buy_from_mm,-3.549967,-35,-1221.971044,-1151.847028,12.250000,-1164.097028
1118,-1.698350,1.258340,0.258340,2.258340,informed,sell_to_mm,0.258340,-34,-1222.229384,-1164.485481,11.560000,-1176.045481
1119,-1.465322,-3.879794,-4.879794,-2.879794,noise,none,0.000000,-34,-1222.229384,-1172.408433,11.560000,-1183.968433
1120,-1.200587,-0.361953,-1.361953,0.638047,informed,none,0.000000,-34,-1222.229384,-1181.409434,11.560000,-1192.969434
1121,-1.912960,-0.986587,-1.986587,0.013413,informed,none,0.000000,-34,-1222.229384,-1157.188733,11.560000,-1168.748733
1122,-2.256135,1.898499,0.898499,2.898499,noise,none,0.000000,-34,-1222.229384,-1145.520798,11.560000,-1157.080798
1123,-1.252092,-3.543617,-4.543617,-2.543617,informed,buy_from_mm,-2.543617,-35,-1224.773001,-1180.949780,12.250000,-1193.199780
1124,-0.571647,7.787238,6.787238,8.787238,informed,sell_to_mm,6.787238,-34,-1231.560239,-1212.124228,11.560000,-1223.684228
1125,-1.072568,-3.782236,-4.782236,-2.782236,informed,buy_from_mm,-2.782236,-35,-1234.342475,-1196.802594,12.250000,-1209.052594
1126,-0.796751,1.309770,0.309770,2.309770,informed,sell_to_mm,0.309770,-34,-1234.652245,-1207.562717,11.560000,-1219.122717
1127,-1.074399,-7.315242,-8.315242,-6.315242,informed,buy_from_mm,-6.315242,-35,-1240.967487,-1203.363530,12.250000,-1215.613530
1128,-0.934049,3.656651,2.656651,4.656651,noise,none,0.000000,-35,-1240.967487,-1208.275780,12.250000,-1220.525780
1129,-1.002535,0.182422,-0.817578,1.182422,informed,sell_to_mm,-0.817578,-34,-1240.149908,-1206.063728,11.560000,-1217.623728
1130,-0.678929,-0.776037,-1.776037,0.223963,informed,none,0.000000,-34,-1240.149908,-1217.066336,11.560000,-1228.626336
1131,0.975588,3.702725,2.702725,4.702725,noise,none,0.000000,-34,-1240.149908,-1273.319891,11.560000,-1284.879891
1132,3.005885,3.060164,2.060164,4.060164,noise,none,0.000000,-34,-1240.149908,-1342.349981,11.560000,-1353.909981
1133,3.278712,5.251211,4.251211,6.251211,informed,sell_to_mm,4.251211,-33,-1244.401120,-1352.598603,10.890000,-1363.488603
1134,3.580352,5.538767,4.538767,6.538767,noise,none,0.000000,-33,-1244.401120,-1362.552737,10.890000,-1373.442737
1135,4.802504,8.414021,7.414021,9.414021,noise,sell_to_mm,7.414021,-32,-1251.815141,-1405.495266,10.240000,-1415.735266
1136,5.489128,6.672318,5.672318,7.672318,noise,none,0.000000,-32,-1251.815141,-1427.467234,10.240000,-1437.707234
1137,5.379587,6.853189,5.853189,7.853189,informed,sell_to_mm,5.853189,-31,-1257.668330,-1424.435526,9.610000,-1434.045526
1138,6.921930,12.099859,11.099859,13.099859,noise,none,0.000000,-31,-1257.668330,-1472.248161,9.610000,-1481.858161
1139,5.455204,10.544202,9.544202,11.544202,noise,none,0.000000,-31,-1257.668330,-1426.779665,9.610000,-1436.389665
1140,5.347708,9.439839,8.439839,10.439839,informed,sell_to_mm,8.439839,-30,-1266.108170,-1426.539396,9.000000,-1435.539396
1141,5.247204,7.266259,6.266259,8.266259,noise,none,0.000000,-30,-1266.108170,-1423.524296,9.000000,-1432.524296
1142,4.207940,3.587764,2.587764,4.587764,informed,none,0.000000,-30,-1266.108170,-1392.346378,9.000000,-1401.346378
1143,3.302335,6.022108,5.022108,7.022108,informed,sell_to_mm,5.022108,-29,-1271.130278,-1366.897984,8.410000,-1375.307984
1144,3.949875,5.476250,4.476250,6.476250,informed,sell_to_mm,4.476250,-28,-1275.606528,-1386.203016,7.840000,-1394.043016
1145,1.784916,-2.453876,-3.453876,-1.453876,noise,sell_to_mm,-3.453876,-27,-1272.152652,-1320.345381,7.290000,-1327.635381
1146,2.805834,-0.264765,-1.264765,0.735235,noise,sell_to_mm,-1.264765,-26,-1270.887887,-1343.839562,6.760000,-1350.599562
1147,2.260337,1.083391,0.083391,2.083391,informed,buy_from_mm,2.083391,-27,-1268.804496,-1329.833587,7.290000,-1337.123587
1148,3.231494,-0.989299,-1.989299,0.010701,noise,none,0.000000,-27,-1268.804496,-1356.054827,7.290000,-1363.344827
1149,3.762968,0.385150,-0.614850,1.385150,noise,none,0.000000,-27,-1268.804496,-1370.404630,7.290000,-1377.694630
1150,3.152124,-0.192833,-1.192833,0.807167,noise,none,0.000000,-27,-1268.804496,-1353.911837,7.290000,-1361.201837
1151,3.619346,16.452669,15.452669,17.452669,noise,none,0.000000,-27,-1268.804496,-1366.526839,7.290000,-1373.816839
1152,2.926960,5.104708,4.104708,6.104708,informed,sell_to_mm,4.104708,-26,-1272.909203,-1349.010159,6.760000,-1355.770159
1153,3.443330,5.723612,4.723612,6.723612,noise,none,0.000000,-26,-1272.909203,-1362.435772,6.760000,-1369.195772
1154,3.932676,4.346438,3.346438,5.346438,noise,sell_to_mm,3.346438,-25,-1276.255641,-1374.572549,6.250000,-1380.822549
1155,2.871782,-0.273202,-1.273202,0.726798,noise,none,0.000000,-25,-1276.255641,-1348.050180,6.250000,-1354.300180
1156,2.664856,3.455198,2.455198,4.455198,informed,none,0.000000,-25,-1276.255641,-1342.877046,6.250000,-1349.127046
1157,2.769346,1.492856,0.492856,2.492856,noise,none,0.000000,-25,-1276.255641,-1345.489301,6.250000,-1351.739301
1158,2.965604,4.594587,3.594587,5.594587,noise,none,0.000000,-25,-1276.255641,-1350.395748,6.250000,-1356.645748
1159,2.799148,1.746198,0.746198,2.746198,noise,none,0.000000,-25,-1276.255641,-1346.234347,6.250000,-1352.484347
1160,1.897733,3.628010,2.628010,4.628010,informed,sell_to_mm,2.628010,-24,-1278.883651,-1324.429249,5.760000,-1330.189249
1161,3.718101,3.807814,2.807814,4.807814,noise,none,0.000000,-24,-1278.883651,-1368.118085,5.760000,-1373.878085
1162,2.829257,1.604827,0.604827,2.604827,informed,buy_from_mm,2.604827,-25,-1276.278824,-1347.010257,6.250000,-1353.260257
1163,3.375021,4.915525,3.915525,5.915525,informed,sell_to_mm,3.915525,-24,-1280.194349,-1361.194845,5.760000,-1366.954845
1164,3.652850,0.183803,-0.816197,1.183803,noise,none,0.000000,-24,-1280.194349,-1367.862759,5.760000,-1373.622759
1165,3.055681,4.966649,3.966649,5.966649,informed,sell_to_mm,3.966649,-23,-1284.160998,-1354.441661,5.290000,-1359.731661
1166,3.083494,5.390372,4.390372,6.390372,noise,none,0.000000,-23,-1284.160998,-1355.081354,5.290000,-1360.371354
1167,2.357620,5.291410,4.291410,6.291410,noise,none,0.000000,-23,-1284.160998,-1338.386247,5.290000,-1343.676247
1168,1.159908,-0.302654,-1.302654,0.697346,noise,none,0.000000,-23,-1284.160998,-1310.838874,5.290000,-1316.128874
1169,1.509746,2.950847,1.950847,3.950847,noise,none,0.000000,-23,-1284.160998,-1318.885165,5.290000,-1324.175165
1170,1.543556,-2.792610,-3.792610,-1.792610,noise,none,0.000000,-23,-1284.160998,-1319.662782,5.290000,-1324.952782
1171,0.402732,-3.349394,-4.349394,-2.349394,informed,buy_from_mm,-2.349394,-24,-1286.510392,-1296.175971,5.760000,-1301.935971
1172,-1.450063,-2.105744,-3.105744,-1.105744,noise,none,0.000000,-24,-1286.510392,-1251.708886,5.760000,-1257.468886
1173,-0.615904,6.326254,5.326254,7.326254,noise,none,0.000000,-24,-1286.510392,-1271.728705,5.760000,-1277.488705
1174,-1.585706,-1.687790,-2.687790,-0.687790,informed,none,0.000000,-24,-1286.510392,-1248.453459,5.760000,-1254.213459
1175,-0.213961,-6.439625,-7.439625,-5.439625,noise,sell_to_mm,-7.439625,-23,-1279.070767,-1274.149671,5.290000,-1279.439671
1176,-0.263334,4.953723,3.953723,5.953723,informed,sell_to_mm,3.953723,-22,-1283.024490,-1277.231145,4.840000,-1282.071145
1177,-1.400490,-1.645163,-2.645163,-0.645163,noise,none,0.000000,-22,-1283.024490,-1252.213707,4.840000,-1257.053707
1178,-2.007468,3.694341,2.694341,4.694341,noise,none,0.000000,-22,-1283.024490,-1238.860197,4.840000,-1243.700197
1179,-2.184036,-2.761260,-3.761260,-1.761260,informed,none,0.000000,-22,-1283.024490,-1234.975694,4.840000,-1239.815694
1180,-0.199296,-8.060477,-9.060477,-7.060477,noise,none,0.000000,-22,-1283.024490,-1278.639968,4.840000,-1283.479968
1181,0.332371,-6.728069,-7.728069,-5.728069,noise,none,0.000000,-22,-1283.024490,-1290.336657,4.840000,-1295.176657
1182,-0.777842,-0.173035,-1.173035,0.826965,noise,none,0.000000,-22,-1283.024490,-1265.911956,4.840000,-1270.751956
1183,0.216401,-1.916403,-2.916403,-0.916403,informed,buy_from_mm,-0.916403,-23,-1283.940893,-1288.918115,5.290000,-1294.208115
1184,1.283998,2.499153,1.499153,3.499153,noise,none,0.000000,-23,-1283.940893,-1313.472850,5.290000,-1318.762850
1185,1.574304,-1.468281,-2.468281,-0.468281,informed,buy_from_mm,-0.468281,-24,-1284.409174,-1322.192463,5.760000,-1327.952463
1186,3.182049,5.352478,4.352478,6.352478,informed,sell_to_mm,4.352478,-23,-1288.761652,-1361.948768,5.290000,-1367.238768
1187,1.908568,5.370771,4.370771,6.370771,informed,sell_to_mm,4.370771,-22,-1293.132423,-1335.120912,4.840000,-1339.960912
1188,3.159636,2.356456,1.356456,3.356456,noise,none,0.000000,-22,-1293.132423,-1362.644423,4.840000,-1367.484423
1189,3.857907,-4.805267,-5.805267,-3.805267,informed,buy_from_mm,-3.805267,-23,-1296.937690,-1385.669548,5.290000,-1390.959548
1190,3.008290,4.159727,3.159727,5.159727,noise,sell_to_mm,3.159727,-22,-1300.097417,-1366.279808,4.840000,-1371.119808
1191,2.857263,4.994970,3.994970,5.994970,informed,sell_to_mm,3.994970,-21,-1304.092388,-1364.094904,4.410000,-1368.504904
1192,1.632618,3.874750,2.874750,4.874750,noise,none,0.000000,-21,-1304.092388,-1338.377360,4.410000,-1342.787360
1193,1.793958,2.535037,1.535037,3.535037,informed,none,0.000000,-21,-1304.092388,-1341.765512,4.410000,-1346.175512
1194,2.815782,8.583274,7.583274,9.583274,informed,sell_to_mm,7.583274,-20,-1311.675661,-1367.991299,4.000000,-1371.991299
1195,2.102209,-1.080148,-2.080148,-0.080148,noise,sell_to_mm,-2.080148,-19,-1309.595514,-1349.537483,3.610000,-1353.147483
1196,2.139601,-1.345726,-2.345726,-0.345726,noise,none,0.000000,-19,-1309.595514,-1350.247939,3.610000,-1353.857939
1197,2.550574,4.258107,3.258107,5.258107,informed,sell_to_mm,3.258107,-18,-1312.853621,-1358.763945,3.240000,-1362.003945
1198,3.188789,5.545097,4.545097,6.545097,informed,sell_to_mm,4.545097,-17,-1317.398718,-1371.608123,2.890000,-1374.498123
1199,3.967424,2.720180,1.720180,3.720180,noise,buy_from_mm,3.720180,-18,-1313.678538,-1385.092172,3.240000,-1388.332172
1200,2.660462,3.762971,2.762971,4.762971,noise,sell_to_mm,2.762971,-17,-1316.441509,-1361.669363,2.890000,-1364.559363
1201,3.809254,5.224970,4.224970,6.224970,noise,none,0.000000,-17,-1316.441509,-1381.198829,2.890000,-1384.088829
1202,5.540641,11.612230,10.612230,12.612230,noise,none,0.000000,-17,-1316.441509,-1410.632401,2.890000,-1413.522401
1203,5.630553,9.937332,8.937332,10.937332,noise,none,0.000000,-17,-1316.441509,-1412.160905,2.890000,-1415.050905
1204,6.965824,1.397884,0.397884,2.397884,informed,buy_from_mm,2.397884,-18,-1314.043625,-1439.428457,3.240000,-1442.668457
1205,4.978909,3.883957,2.883957,4.883957,informed,buy_from_mm,4.883957,-19,-1309.159668,-1403.758938,3.610000,-1407.368938
1206,3.878921,1.775160,0.775160,2.775160,noise,none,0.000000,-19,-1309.159668,-1382.859166,3.610000,-1386.469166
1207,2.699375,0.924893,-0.075107,1.924893,noise,sell_to_mm,-0.075107,-18,-1309.084561,-1357.673320,3.240000,-1360.913320
1208,3.455377,1.252364,0.252364,2.252364,noise,none,0.000000,-18,-1309.084561,-1371.281340,3.240000,-1374.521340
1209,3.552493,2.993061,1.993061,3.993061,noise,none,0.000000,-18,-1309.084561,-1373.029428,3.240000,-1376.269428
1210,2.271619,1.589438,0.589438,2.589438,noise,none,0.000000,-18,-1309.084561,-1349.973711,3.240000,-1353.213711
1211,1.572237,1.850127,0.850127,2.850127,informed,none,0.000000,-18,-1309.084561,-1337.384824,3.240000,-1340.624824
1212,2.488277,-4.761204,-5.761204,-3.761204,noise,none,0.000000,-18,-1309.084561,-1353.873548,3.240000,-1357.113548
1213,2.318910,0.118828,-0.881172,1.118828,noise,sell_to_mm,-0.881172,-17,-1308.203389,-1347.624865,2.890000,-1350.514865
1214,2.167419,-1.561061,-2.561061,-0.561061,informed,buy_from_mm,-0.561061,-18,-1308.764450,-1347.777999,3.240000,-1351.017999
1215,3.304693,9.126049,8.126049,10.126049,noise,none,0.000000,-18,-1308.764450,-1368.248917,3.240000,-1371.488917
1216,2.751599,1.590065,0.590065,2.590065,noise,none,0.000000,-18,-1308.764450,-1358.293230,3.240000,-1361.533230
1217,2.331511,-0.244020,-1.244020,0.755980,informed,buy_from_mm,0.755980,-19,-1308.008470,-1352.307180,3.610000,-1355.917180
1218,3.153092,5.079792,4.079792,6.079792,noise,none,0.000000,-19,-1308.008470,-1367.917210,3.610000,-1371.527210
1219,1.269802,4.134525,3.134525,5.134525,noise,buy_from_mm,5.134525,-20,-1302.873945,-1328.269977,4.000000,-1332.269977
1220,0.466614,-0.624693,-1.624693,0.375307,noise,none,0.000000,-20,-1302.873945,-1312.206231,4.000000,-1316.206231
1221,0.028136,1.297425,0.297425,2.297425,noise,none,0.000000,-20,-1302.873945,-1303.436670,4.000000,-1307.436670
1222,-0.172842,-5.908329,-6.908329,-4.908329,noise,buy_from_mm,-4.908329,-21,-1307.782275,-1304.152595,4.410000,-1308.562595
1223,-2.132041,2.524693,1.524693,3.524693,informed,sell_to_mm,1.524693,-20,-1309.306968,-1266.666153,4.000000,-1270.666153
1224,-2.181360,-4.611676,-5.611676,-3.611676,informed,buy_from_mm,-3.611676,-21,-1312.918644,-1267.110078,4.410000,-1271.520078
1225,-0.712158,0.550711,-0.449289,1.550711,noise,none,0.000000,-21,-1312.918644,-1297.963333,4.410000,-1302.373333
1226,-1.128637,-9.514907,-10.514907,-8.514907,informed,buy_from_mm,-8.514907,-22,-1321.433551,-1296.603537,4.840000,-1301.443537
1227,-1.175861,-6.667395,-7.667395,-5.667395,noise,none,0.000000,-22,-1321.433551,-1295.564617,4.840000,-1300.404617
1228,-0.019420,-7.547053,-8.547053,-6.547053,noise,buy_from_mm,-6.547053,-23,-1327.980604,-1327.533953,5.290000,-1332.823953
1229,-0.040168,4.240207,3.240207,5.240207,informed,sell_to_mm,3.240207,-22,-1331.220811,-1330.337111,4.840000,-1335.177111
1230,-0.610781,-0.993935,-1.993935,0.006065,informed,none,0.000000,-22,-1331.220811,-1317.783620,4.840000,-1322.623620
1231,-0.948919,0.285962,-0.714038,1.285962,noise,none,0.000000,-22,-1331.220811,-1310.344600,4.840000,-1315.184600
1232,-0.828763,-4.155771,-5.155771,-3.155771,noise,none,0.000000,-22,-1331.220811,-1312.988018,4.840000,-1317.828018
1233,-0.095910,1.178846,0.178846,2.178846,noise,none,0.000000,-22,-1331.220811,-1329.110797,4.840000,-1333.950797
1234,-1.793654,-3.336901,-4.336901,-2.336901,noise,buy_from_mm,-2.336901,-23,-1333.557712,-1292.303668,5.290000,-1297.593668
1235,-4.551802,-5.645943,-6.645943,-4.645943,noise,none,0.000000,-23,-1333.557712,-1228.866258,5.290000,-1234.156258
1236,-3.702231,-9.442631,-10.442631,-8.442631,noise,none,0.000000,-23,-1333.557712,-1248.406389,5.290000,-1253.696389
1237,-4.948637,-4.098549,-5.098549,-3.098549,noise,none,0.000000,-23,-1333.557712,-1219.739057,5.290000,-1225.029057
1238,-3.781488,-2.256746,-3.256746,-1.256746,informed,sell_to_mm,-3.256746,-22,-1330.300966,-1247.108220,4.840000,-1251.948220
1239,-3.659261,-5.530359,-6.530359,-4.530359,noise,sell_to_mm,-6.530359,-21,-1323.770607,-1246.926136,4.410000,-1251.336136
1240,-3.932624,-0.906668,-1.906668,0.093332,noise,sell_to_mm,-1.906668,-20,-1321.863939,-1243.211457,4.000000,-1247.211457
1241,-2.574640,-1.020696,-2.020696,-0.020696,noise,none,0.000000,-20,-1321.863939,-1270.371134,4.000000,-1274.371134
1242,-3.768754,-5.448165,-6.448165,-4.448165,informed,buy_from_mm,-4.448165,-21,-1326.312104,-1247.168273,4.410000,-1251.578273
1243,-2.615147,0.023239,-0.976761,1.023239,noise,none,0.000000,-21,-1326.312104,-1271.394012,4.410000,-1275.804012
1244,-1.978389,-4.937857,-5.937857,-3.937857,noise,buy_from_mm,-3.937857,-22,-1330.249961,-1286.725403,4.840000,-1291.565403
1245,-3.082511,0.103747,-0.896253,1.103747,noise,none,0.000000,-22,-1330.249961,-1262.434710,4.840000,-1267.274710
1246,-1.597344,2.961689,1.961689,3.961689,informed,sell_to_mm,1.961689,-21,-1332.211650,-1298.667435,4.410000,-1303.077435
1247,-3.210615,-6.262560,-7.262560,-5.262560,noise,sell_to_mm,-7.262560,-20,-1324.949090,-1260.736785,4.000000,-1264.736785
1248,-1.698635,4.925211,3.925211,5.925211,informed,sell_to_mm,3.925211,-19,-1328.874301,-1296.600229,3.610000,-1300.210229
1249,-2.139235,1.511995,0.511995,2.511995,informed,sell_to_mm,0.511995,-18,-1329.386296,-1290.880058,3.240000,-1294.120058
1250,-1.494290,3.344489,2.344489,4.344489,noise,sell_to_mm,2.344489,-17,-1331.730785,-1306.327859,2.890000,-1309.217859
1251,-1.599776,-10.291805,-11.291805,-9.291805,noise,buy_from_mm,-9.291805,-18,-1341.022590,-1312.226622,3.240000,-1315.466622
1252,-1.757267,-6.884336,-7.884336,-5.884336,informed,buy_from_mm,-5.884336,-19,-1346.906925,-1313.518854,3.610000,-1317.128854
1253,-1.682380,-0.458429,-1.458429,0.541571,noise,none,0.000000,-19,-1346.906925,-1314.941714,3.610000,-1318.551714
1254,-3.510611,-6.209792,-7.209792,-5.209792,noise,buy_from_mm,-5.209792,-20,-1352.116717,-1281.904506,4.000000,-1285.904506
1255,-3.800020,-2.058789,-3.058789,-1.058789,noise,sell_to_mm,-3.058789,-19,-1349.057928,-1276.857554,3.610000,-1280.467554
1256,-3.052144,-6.481056,-7.481056,-5.481056,noise,buy_from_mm,-5.481056,-20,-1354.538985,-1293.496096,4.000000,-1297.496096
1257,-3.925243,0.435483,-0.564517,1.435483,informed,sell_to_mm,-0.564517,-19,-1353.974467,-1279.394858,3.610000,-1283.004858
1258,-5.042050,-6.545031,-7.545031,-5.545031,informed,buy_from_mm,-5.545031,-20,-1359.519498,-1258.678506,4.000000,-1262.678506
1259,-5.275845,-3.683201,-4.683201,-2.683201,informed,sell_to_mm,-4.683201,-19,-1354.836297,-1254.595251,3.610000,-1258.205251
1260,-5.311501,-2.917622,-3.917622,-1.917622,informed,sell_to_mm,-3.917622,-18,-1350.918676,-1255.311657,3.240000,-1258.551657
1261,-6.895384,-14.957578,-15.957578,-13.957578,noise,none,0.000000,-18,-1350.918676,-1226.801756,3.240000,-1230.041756
1262,-6.802919,-7.297011,-8.297011,-6.297011,informed,none,0.000000,-18,-1350.918676,-1228.466134,3.240000,-1231.706134
1263,-8.443375,-3.625496,-4.625496,-2.625496,noise,none,0.000000,-18,-1350.918676,-1198.937931,3.240000,-1202.177931
1264,-7.086390,-11.340467,-12.340467,-10.340467,noise,none,0.000000,-18,-1350.918676,-1223.363662,3.240000,-1226.603662
1265,-7.524978,-6.472030,-7.472030,-5.472030,noise,buy_from_mm,-5.472030,-19,-1356.390706,-1213.416122,3.610000,-1217.026122
1266,-8.702015,-6.738822,-7.738822,-5.738822,informed,sell_to_mm,-7.738822,-18,-1348.651884,-1192.015613,3.240000,-1195.255613
1267,-8.389182,0.851072,-0.148928,1.851072,noise,none,0.000000,-18,-1348.651884,-1197.646605,3.240000,-1200.886605
1268,-7.752096,-4.938678,-5.938678,-3.938678,informed,sell_to_mm,-5.938678,-17,-1342.713206,-1210.927572,2.890000,-1213.817572
1269,-7.329001,-6.216084,-7.216084,-5.216084,informed,sell_to_mm,-7.216084,-16,-1335.497122,-1218.233112,2.560000,-1220.793112
1270,-7.438633,-8.376971,-9.376971,-7.376971,noise,sell_to_mm,-9.376971,-15,-1326.120151,-1214.540663,2.250000,-1216.790663
1271,-9.133020,-10.815843,-11.815843,-9.815843,noise,none,0.000000,-15,-1326.120151,-1189.124858,2.250000,-1191.374858
1272,-11.039725,-10.895976,-11.895976,-9.895976,informed,none,0.000000,-15,-1326.120151,-1160.524280,2.250000,-1162.774280
1273,-10.995810,0.402904,-0.597096,1.402904,informed,sell_to_mm,-0.597096,-14,-1325.523056,-1171.581719,1.960000,-1173.541719
1274,-10.589989,-11.150823,-12.150823,-10.150823,noise,none,0.000000,-14,-1325.523056,-1177.263205,1.960000,-1179.223205
1275,-11.548567,-6.203166,-7.203166,-5.203166,noise,none,0.000000,-14,-1325.523056,-1163.843112,1.960000,-1165.803112
1276,-12.891080,-14.708733,-15.708733,-13.708733,noise,none,0.000000,-14,-1325.523056,-1145.047938,1.960000,-1147.007938
1277,-13.506215,-9.182705,-10.182705,-8.182705,informed,sell_to_mm,-10.182705,-13,-1315.340351,-1139.759552,1.690000,-1141.449552
1278,-13.616890,-19.580237,-20.580237,-18.580237,noise,none,0.000000,-13,-1315.340351,-1138.320783,1.690000,-1140.010783
1279,-12.849922,-24.873836,-25.873836,-23.873836,noise,none,0.000000,-13,-1315.340351,-1148.291369,1.690000,-1149.981369
1280,-13.959838,-20.878369,-21.878369,-19.878369,informed,buy_from_mm,-19.878369,-14,-1335.218720,-1139.780994,1.960000,-1141.740994
1281,-15.962850,-12.183485,-13.183485,-11.183485,informed,sell_to_mm,-13.183485,-13,-1322.035235,-1114.518180,1.690000,-1116.208180
1282,-17.305191,-16.886426,-17.886426,-15.886426,noise,buy_from_mm,-15.886426,-14,-1337.921662,-1095.648991,1.960000,-1097.608991
1283,-17.903150,-9.310447,-10.310447,-8.310447,informed,sell_to_mm,-10.310447,-13,-1327.611215,-1094.870262,1.690000,-1096.560262
1284,-16.601445,-16.879317,-17.879317,-15.879317,informed,none,0.000000,-13,-1327.611215,-1111.792425,1.690000,-1113.482425
1285,-16.450922,-22.243280,-23.243280,-21.243280,noise,none,0.000000,-13,-1327.611215,-1113.749225,1.690000,-1115.439225
1286,-15.817288,-19.146895,-20.146895,-18.146895,informed,buy_from_mm,-18.146895,-14,-1345.758110,-1124.316079,1.960000,-1126.276079
1287,-15.756241,-18.088499,-19.088499,-17.088499,informed,buy_from_mm,-17.088499,-15,-1362.846609,-1126.502994,2.250000,-1128.752994
1288,-14.309895,-14.780119,-15.780119,-13.780119,informed,none,0.000000,-15,-1362.846609,-1148.198178,2.250000,-1150.448178
1289,-15.745645,-9.534949,-10.534949,-8.534949,informed,sell_to_mm,-10.534949,-14,-1352.311660,-1131.872631,1.960000,-1133.832631
1290,-16.006563,-16.267981,-17.267981,-15.267981,informed,none,0.000000,-14,-1352.311660,-1128.219777,1.960000,-1130.179777
1291,-17.429316,-17.340160,-18.340160,-16.340160,noise,none,0.000000,-14,-1352.311660,-1108.301235,1.960000,-1110.261235
1292,-16.751761,-14.681704,-15.681704,-13.681704,noise,none,0.000000,-14,-1352.311660,-1117.787002,1.960000,-1119.747002
1293,-17.547420,-12.670458,-13.670458,-11.670458,noise,none,0.000000,-14,-1352.311660,-1106.647780,1.960000,-1108.607780
1294,-17.367106,-12.080186,-13.080186,-11.080186,noise,buy_from_mm,-11.080186,-15,-1363.391846,-1102.885263,2.250000,-1105.135263
1295,-17.287505,-21.312900,-22.312900,-20.312900,noise,buy_from_mm,-20.312900,-16,-1383.704746,-1107.104670,2.560000,-1109.664670
1296,-17.549891,-15.132315,-16.132315,-14.132315,noise,none,0.000000,-16,-1383.704746,-1102.906489,2.560000,-1105.466489
1297,-17.954718,-21.661688,-22.661688,-20.661688,informed,buy_from_mm,-20.661688,-17,-1404.366434,-1099.136229,2.890000,-1102.026229
1298,-17.231817,-27.190853,-28.190853,-26.190853,informed,buy_from_mm,-26.190853,-18,-1430.557287,-1120.384582,3.240000,-1123.624582
1299,-17.095980,-22.105420,-23.105420,-21.105420,noise,none,0.000000,-18,-1430.557287,-1122.829645,3.240000,-1126.069645
1300,-15.491921,-17.249740,-18.249740,-16.249740,informed,buy_from_mm,-16.249740,-19,-1446.807027,-1152.460519,3.610000,-1156.070519
1301,-14.846324,-11.659179,-12.659179,-10.659179,informed,sell_to_mm,-12.659179,-18,-1434.147848,-1166.914014,3.240000,-1170.154014
1302,-16.266342,-12.155717,-13.155717,-11.155717,noise,none,0.000000,-18,-1434.147848,-1141.353700,3.240000,-1144.593700
1303,-17.615024,-19.911847,-20.911847,-18.911847,noise,sell_to_mm,-20.911847,-17,-1413.236001,-1113.780592,2.890000,-1116.670592
1304,-17.440722,-16.888809,-17.888809,-15.888809,noise,none,0.000000,-17,-1413.236001,-1116.743726,2.890000,-1119.633726
1305,-18.948225,-16.293297,-17.293297,-15.293297,noise,none,0.000000,-17,-1413.236001,-1091.116168,2.890000,-1094.006168
1306,-18.424509,-15.015802,-16.015802,-14.015802,informed,sell_to_mm,-16.015802,-16,-1397.220199,-1102.428050,2.560000,-1104.988050
1307,-19.796358,-18.933638,-19.933638,-17.933638,noise,buy_from_mm,-17.933638,-17,-1415.153837,-1078.615747,2.890000,-1081.505747
1308,-20.259085,-25.838645,-26.838645,-24.838645,noise,none,0.000000,-17,-1415.153837,-1070.749395,2.890000,-1073.639395
1309,-20.322190,-16.533772,-17.533772,-15.533772,noise,none,0.000000,-17,-1415.153837,-1069.676610,2.890000,-1072.566610
1310,-21.766356,-22.083920,-23.083920,-21.083920,noise,buy_from_mm,-21.083920,-18,-1436.237757,-1044.443357,3.240000,-1047.683357
1311,-22.223436,-29.728411,-30.728411,-28.728411,informed,buy_from_mm,-28.728411,-19,-1464.966168,-1042.720877,3.610000,-1046.330877
1312,-22.180527,-23.228415,-24.228415,-22.228415,noise,none,0.000000,-19,-1464.966168,-1043.536156,3.610000,-1047.146156
1313,-22.680325,-25.090012,-26.090012,-24.090012,informed,buy_from_mm,-24.090012,-20,-1489.056180,-1035.449673,4.000000,-1039.449673
1314,-23.927013,-18.737446,-19.737446,-17.737446,noise,sell_to_mm,-19.737446,-19,-1469.318734,-1014.705494,3.610000,-1018.315494
1315,-23.105836,-20.556403,-21.556403,-19.556403,informed,sell_to_mm,-21.556403,-18,-1447.762331,-1031.857276,3.240000,-1035.097276
1316,-24.563534,-19.120149,-20.120149,-18.120149,noise,none,0.000000,-18,-1447.762331,-1005.618716,3.240000,-1008.858716
1317,-25.389857,-31.766368,-32.766368,-30.766368,informed,buy_from_mm,-30.766368,-19,-1478.528699,-996.121417,3.610000,-999.731417
1318,-26.043956,-31.339676,-32.339676,-30.339676,informed,buy_from_mm,-30.339676,-20,-1508.868375,-987.989263,4.000000,-991.989263
1319,-25.581540,-25.313860,-26.313860,-24.313860,informed,none,0.000000,-20,-1508.868375,-997.237578,4.000000,-1001.237578
1320,-25.284697,-23.118739,-24.118739,-22.118739,noise,sell_to_mm,-24.118739,-19,-1484.749635,-1004.340391,3.610000,-1007.950391
1321,-26.186714,-25.161621,-26.161621,-24.161621,noise,none,0.000000,-19,-1484.749635,-987.202065,3.610000,-990.812065
1322,-26.567039,-22.398366,-23.398366,-21.398366,noise,none,0.000000,-19,-1484.749635,-979.975896,3.610000,-983.585896
1323,-25.561861,-29.436250,-30.436250,-28.436250,noise,none,0.000000,-19,-1484.749635,-999.074278,3.610000,-1002.684278
1324,-25.191824,-32.714736,-33.714736,-31.714736,noise,buy_from_mm,-31.714736,-20,-1516.464372,-1012.627892,4.000000,-1016.627892
1325,-25.959630,-22.350267,-23.350267,-21.350267,noise,none,0.000000,-20,-1516.464372,-997.271777,4.000000,-1001.271777
1326,-26.434382,-30.666409,-31.666409,-29.666409,informed,buy_from_mm,-29.666409,-21,-1546.130781,-991.008753,4.410000,-995.418753
1327,-27.979411,-27.362694,-28.362694,-26.362694,noise,none,0.000000,-21,-1546.130781,-958.563149,4.410000,-962.973149
1328,-27.162188,-20.041620,-21.041620,-19.041620,informed,sell_to_mm,-21.041620,-20,-1525.089161,-981.845406,4.000000,-985.845406
1329,-26.589038,-22.403529,-23.403529,-21.403529,informed,sell_to_mm,-23.403529,-19,-1501.685632,-996.493909,3.610000,-1000.103909
1330,-27.013287,-20.911581,-21.911581,-19.911581,informed,sell_to_mm,-21.911581,-18,-1479.774051,-993.534890,3.240000,-996.774890
1331,-25.603609,-25.467895,-26.467895,-24.467895,informed,none,0.000000,-18,-1479.774051,-1018.909089,3.240000,-1022.149089
1332,-25.195843,-27.544078,-28.544078,-26.544078,noise,none,0.000000,-18,-1479.774051,-1026.248868,3.240000,-1029.488868
1333,-25.611448,-19.599872,-20.599872,-18.599872,noise,sell_to_mm,-20.599872,-17,-1459.174179,-1023.779569,2.890000,-1026.669569
1334,-26.339105,-21.242184,-22.242184,-20.242184,informed,sell_to_mm,-22.242184,-16,-1436.931995,-1015.506314,2.560000,-1018.066314
1335,-27.165980,-27.423898,-28.423898,-26.423898,noise,none,0.000000,-16,-1436.931995,-1002.276319,2.560000,-1004.836319
1336,-27.311697,-23.114039,-24.114039,-22.114039,noise,none,0.000000,-16,-1436.931995,-999.944845,2.560000,-1002.504845
1337,-27.221695,-33.421389,-34.421389,-32.421389,informed,buy_from_mm,-32.421389,-17,-1469.353384,-1006.584571,2.890000,-1009.474571
1338,-26.404757,-21.308370,-22.308370,-20.308370,informed,sell_to_mm,-22.308370,-16,-1447.045015,-1024.568908,2.560000,-1027.128908
1339,-25.171109,-22.266529,-23.266529,-21.266529,informed,sell_to_mm,-23.266529,-15,-1423.778485,-1046.211847,2.250000,-1048.461847
1340,-26.243235,-28.155726,-29.155726,-27.155726,noise,sell_to_mm,-29.155726,-14,-1394.622759,-1027.217467,1.960000,-1029.177467
1341,-23.833889,-24.540141,-25.540141,-23.540141,noise,none,0.000000,-14,-1394.622759,-1060.948312,1.960000,-1062.908312
1342,-24.845964,-26.298941,-27.298941,-25.298941,informed,buy_from_mm,-25.298941,-15,-1419.921701,-1047.232243,2.250000,-1049.482243
1343,-25.658771,-21.857516,-22.857516,-20.857516,informed,sell_to_mm,-22.857516,-14,-1397.064184,-1037.841390,1.960000,-1039.801390
1344,-24.878945,-19.747580,-20.747580,-18.747580,informed,sell_to_mm,-20.747580,-13,-1376.316605,-1052.890321,1.690000,-1054.580321
1345,-21.757826,-20.864132,-21.864132,-19.864132,noise,none,0.000000,-13,-1376.316605,-1093.464862,1.690000,-1095.154862
1346,-20.380393,-26.827781,-27.827781,-25.827781,informed,buy_from_mm,-25.827781,-14,-1402.144385,-1116.818881,1.960000,-1118.778881
1347,-21.311411,-28.160546,-29.160546,-27.160546,noise,none,0.000000,-14,-1402.144385,-1103.784626,1.960000,-1105.744626
1348,-21.421965,-24.400285,-25.400285,-23.400285,noise,none,0.000000,-14,-1402.144385,-1102.236877,1.960000,-1104.196877
1349,-21.332543,-17.121655,-18.121655,-16.121655,noise,none,0.000000,-14,-1402.144385,-1103.488784,1.960000,-1105.448784
1350,-21.719895,-25.340457,-26.340457,-24.340457,noise,none,0.000000,-14,-1402.144385,-1098.065856,1.960000,-1100.025856
1351,-23.397784,-20.833262,-21.833262,-19.833262,informed,sell_to_mm,-21.833262,-13,-1380.311123,-1076.139928,1.690000,-1077.829928
1352,-22.335825,-23.106442,-24.106442,-22.106442,noise,none,0.000000,-13,-1380.311123,-1089.945394,1.690000,-1091.635394
1353,-23.454230,-21.098608,-22.098608,-20.098608,noise,none,0.000000,-13,-1380.311123,-1075.406131,1.690000,-1077.096131
1354,-24.054891,-19.927420,-20.927420,-18.927420,noise,none,0.000000,-13,-1380.311123,-1067.597538,1.690000,-1069.287538
1355,-24.976200,-13.426085,-14.426085,-12.426085,noise,none,0.000000,-13,-1380.311123,-1055.620519,1.690000,-1057.310519
1356,-23.894240,-28.787236,-29.787236,-27.787236,noise,sell_to_mm,-29.787236,-12,-1350.523887,-1063.793004,1.440000,-1065.233004
1357,-25.555505,-31.825953,-32.825953,-30.825953,noise,none,0.000000,-12,-1350.523887,-1043.857827,1.440000,-1045.297827
1358,-27.702499,-25.259735,-26.259735,-24.259735,informed,sell_to_mm,-26.259735,-11,-1324.264152,-1019.536663,1.210000,-1020.746663
1359,-26.866853,-20.442835,-21.442835,-19.442835,noise,sell_to_mm,-21.442835,-10,-1302.821317,-1034.152784,1.000000,-1035.152784
1360,-26.865958,-36.246500,-37.246500,-35.246500,noise,none,0.000000,-10,-1302.821317,-1034.161734,1.000000,-1035.161734
1361,-26.327216,-28.570967,-29.570967,-27.570967,noise,sell_to_mm,-29.570967,-9,-1273.250351,-1036.305403,0.810000,-1037.115403
1362,-27.459817,-30.993048,-31.993048,-29.993048,noise,sell_to_mm,-31.993048,-8,-1241.257303,-1021.578771,0.640000,-1022.218771
1363,-28.306161,-28.422205,-29.422205,-27.422205,informed,none,0.000000,-8,-1241.257303,-1014.808011,0.640000,-1015.448011
1364,-29.421605,-30.024845,-31.024845,-29.024845,informed,none,0.000000,-8,-1241.257303,-1005.884464,0.640000,-1006.524464
1365,-29.824828,-34.680182,-35.680182,-33.680182,noise,none,0.000000,-8,-1241.257303,-1002.658676,0.640000,-1003.298676
1366,-30.065696,-21.988304,-22.988304,-20.988304,noise,none,0.000000,-8,-1241.257303,-1000.731738,0.640000,-1001.371738
1367,-32.156173,-38.538981,-39.538981,-37.538981,noise,buy_from_mm,-37.538981,-9,-1278.796283,-989.390728,0.810000,-990.200728
1368,-32.951311,-36.122674,-37.122674,-35.122674,noise,none,0.000000,-9,-1278.796283,-982.234488,0.810000,-983.044488
1369,-31.589054,-39.378760,-40.378760,-38.378760,informed,buy_from_mm,-38.378760,-10,-1317.175044,-1001.284504,1.000000,-1002.284504
1370,-33.546045,-33.711571,-34.711571,-32.711571,noise,none,0.000000,-10,-1317.175044,-981.714591,1.000000,-982.714591
1371,-33.672478,-35.392157,-36.392157,-34.392157,informed,buy_from_mm,-34.392157,-11,-1351.567201,-981.169948,1.210000,-982.379948
1372,-33.596147,-39.123170,-40.123170,-38.123170,noise,sell_to_mm,-40.123170,-10,-1311.444030,-975.482559,1.000000,-976.482559
1373,-35.103996,-31.779998,-32.779998,-30.779998,informed,sell_to_mm,-32.779998,-9,-1278.664032,-962.728069,0.810000,-963.538069
1374,-36.554038,-36.092972,-37.092972,-35.092972,noise,none,0.000000,-9,-1278.664032,-949.677691,0.810000,-950.487691
1375,-36.589687,-36.803228,-37.803228,-35.803228,noise,sell_to_mm,-37.803228,-8,-1240.860805,-948.143311,0.640000,-948.783311
1376,-35.457105,-38.494036,-39.494036,-37.494036,noise,none,0.000000,-8,-1240.860805,-957.203966,0.640000,-957.843966
1377,-34.523099,-34.683320,-35.683320,-33.683320,noise,buy_from_mm,-33.683320,-9,-1274.544125,-963.836232,0.810000,-964.646232
1378,-34.427991,-31.091189,-32.091189,-30.091189,noise,none,0.000000,-9,-1274.544125,-964.692206,0.810000,-965.502206
1379,-33.267879,-37.811259,-38.811259,-36.811259,noise,buy_from_mm,-36.811259,-10,-1311.355383,-978.676590,1.000000,-979.676590
1380,-32.928654,-31.445460,-32.445460,-30.445460,informed,sell_to_mm,-32.445460,-9,-1278.909924,-982.552035,0.810000,-983.362035
1381,-32.978684,-36.255685,-37.255685,-35.255685,noise,sell_to_mm,-37.255685,-8,-1241.654239,-977.824764,0.640000,-978.464764
1382,-31.696187,-29.241782,-30.241782,-28.241782,informed,sell_to_mm,-30.241782,-7,-1211.412457,-989.539147,0.490000,-990.029147
1383,-31.617975,-30.225395,-31.225395,-29.225395,noise,none,0.000000,-7,-1211.412457,-990.086633,0.490000,-990.576633
1384,-31.781284,-34.730170,-35.730170,-33.730170,noise,none,0.000000,-7,-1211.412457,-988.943470,0.490000,-989.433470
1385,-31.287165,-36.613680,-37.613680,-35.613680,noise,none,0.000000,-7,-1211.412457,-992.402301,0.490000,-992.892301
1386,-31.593300,-27.072283,-28.072283,-26.072283,noise,none,0.000000,-7,-1211.412457,-990.259357,0.490000,-990.749357
1387,-31.845647,-32.946645,-33.946645,-31.946645,noise,sell_to_mm,-33.946645,-6,-1177.465812,-986.391928,0.360000,-986.751928
1388,-31.207611,-33.444319,-34.444319,-32.444319,informed,buy_from_mm,-32.444319,-7,-1209.910131,-991.456851,0.490000,-991.946851
1389,-31.035189,-30.523573,-31.523573,-29.523573,noise,none,0.000000,-7,-1209.910131,-992.663807,0.490000,-993.153807
1390,-30.965856,-31.650775,-32.650775,-30.650775,noise,none,0.000000,-7,-1209.910131,-993.149140,0.490000,-993.639140
1391,-30.738034,-32.202307,-33.202307,-31.202307,informed,buy_from_mm,-31.202307,-8,-1241.112438,-995.208167,0.640000,-995.848167
1392,-30.170344,-32.626602,-33.626602,-31.626602,informed,buy_from_mm,-31.626602,-9,-1272.739040,-1001.205942,0.810000,-1002.015942
1393,-30.031903,-26.374389,-27.374389,-25.374389,noise,none,0.000000,-9,-1272.739040,-1002.451913,0.810000,-1003.261913
1394,-29.160000,-32.088191,-33.088191,-31.088191,noise,buy_from_mm,-31.088191,-10,-1303.827231,-1012.227235,1.000000,-1013.227235
1395,-29.166508,-24.088426,-25.088426,-23.088426,noise,none,0.000000,-10,-1303.827231,-1012.162152,1.000000,-1013.162152
1396,-30.027348,-30.424358,-31.424358,-29.424358,noise,none,0.000000,-10,-1303.827231,-1003.553748,1.000000,-1004.553748
1397,-29.721800,-37.724725,-38.724725,-36.724725,informed,buy_from_mm,-36.724725,-11,-1340.551956,-1013.612162,1.210000,-1014.822162
1398,-30.154622,-31.480746,-32.480746,-30.480746,informed,buy_from_mm,-30.480746,-12,-1371.032702,-1009.177240,1.440000,-1010.617240
1399,-31.058524,-29.753699,-30.753699,-28.753699,noise,none,0.000000,-12,-1371.032702,-998.330415,1.440000,-999.770415
1400,-32.549943,-36.997849,-37.997849,-35.997849,noise,none,0.000000,-12,-1371.032702,-980.433380,1.440000,-981.873380
1401,-32.860883,-35.688406,-36.688406,-34.688406,noise,sell_to_mm,-36.688406,-11,-1334.344296,-972.874579,1.210000,-974.084579
1402,-32.206293,-30.680759,-31.680759,-29.680759,noise,none,0.000000,-11,-1334.344296,-980.075073,1.210000,-981.285073
1403,-30.715491,-30.268614,-31.268614,-29.268614,informed,none,0.000000,-11,-1334.344296,-996.473898,1.210000,-997.683898
1404,-29.643030,-21.009579,-22.009579,-20.009579,informed,sell_to_mm,-22.009579,-10,-1312.334716,-1015.904412,1.000000,-1016.904412
1405,-28.617379,-29.602673,-30.602673,-28.602673,noise,buy_from_mm,-28.602673,-11,-1340.937389,-1026.146225,1.210000,-1027.356225
1406,-29.386210,-31.413873,-32.413873,-30.413873,informed,buy_from_mm,-30.413873,-12,-1371.351263,-1018.716745,1.440000,-1020.156745
1407,-29.588868,-34.839859,-35.839859,-33.839859,noise,none,0.000000,-12,-1371.351263,-1016.284851,1.440000,-1017.724851
1408,-29.639605,-26.124779,-27.124779,-25.124779,noise,none,0.000000,-12,-1371.351263,-1015.675999,1.440000,-1017.115999
1409,-29.948321,-31.242730,-32.242730,-30.242730,noise,none,0.000000,-12,-1371.351263,-1011.971415,1.440000,-1013.411415
1410,-30.919847,-30.673677,-31.673677,-29.673677,informed,none,0.000000,-12,-1371.351263,-1000.313104,1.440000,-1001.753104
1411,-30.437209,-31.485440,-32.485440,-30.485440,informed,buy_from_mm,-30.485440,-13,-1401.836702,-1006.152982,1.690000,-1007.842982
1412,-29.973278,-31.049992,-32.049992,-30.049992,noise,none,0.000000,-13,-1401.836702,-1012.184087,1.690000,-1013.874087
1413,-30.536266,-32.262233,-33.262233,-31.262233,informed,buy_from_mm,-31.262233,-14,-1433.098935,-1005.591207,1.960000,-1007.551207
1414,-29.461841,-33.627872,-34.627872,-32.627872,informed,buy_from_mm,-32.627872,-15,-1465.726807,-1023.799197,2.250000,-1026.049197
1415,-27.373502,-27.242753,-28.242753,-26.242753,noise,buy_from_mm,-26.242753,-16,-1491.969560,-1053.993523,2.560000,-1056.553523
1416,-25.981656,-27.005671,-28.005671,-26.005671,noise,none,0.000000,-16,-1491.969560,-1076.263069,2.560000,-1078.823069
1417,-27.678774,-33.147418,-34.147418,-32.147418,noise,none,0.000000,-16,-1491.969560,-1049.109173,2.560000,-1051.669173
1418,-27.975363,-25.816527,-26.816527,-24.816527,noise,none,0.000000,-16,-1491.969560,-1044.363756,2.560000,-1046.923756
1419,-28.363283,-29.406590,-30.406590,-28.406590,noise,none,0.000000,-16,-1491.969560,-1038.157026,2.560000,-1040.717026
1420,-28.337473,-32.271810,-33.271810,-31.271810,informed,buy_from_mm,-31.271810,-17,-1523.241370,-1041.504326,2.890000,-1044.394326
1421,-28.249590,-26.284410,-27.284410,-25.284410,noise,none,0.000000,-17,-1523.241370,-1042.998343,2.890000,-1045.888343
1422,-29.531773,-26.655272,-27.655272,-25.655272,noise,none,0.000000,-17,-1523.241370,-1021.201223,2.890000,-1024.091223
1423,-28.941327,-26.817349,-27.817349,-25.817349,noise,none,0.000000,-17,-1523.241370,-1031.238813,2.890000,-1034.128813
1424,-27.906898,-27.317421,-28.317421,-26.317421,informed,none,0.000000,-17,-1523.241370,-1048.824096,2.890000,-1051.714096
1425,-28.002553,-25.416363,-26.416363,-24.416363,noise,none,0.000000,-17,-1523.241370,-1047.197975,2.890000,-1050.087975
1426,-28.658271,-27.159502,-28.159502,-26.159502,noise,buy_from_mm,-26.159502,-18,-1549.400871,-1033.551995,3.240000,-1036.791995
1427,-28.787708,-27.621586,-28.621586,-26.621586,noise,sell_to_mm,-28.621586,-17,-1520.779285,-1031.388255,2.890000,-1034.278255
1428,-30.274114,-31.494323,-32.494323,-30.494323,noise,buy_from_mm,-30.494323,-18,-1551.273609,-1006.339553,3.240000,-1009.579553
1429,-30.690666,-28.866078,-29.866078,-27.866078,noise,none,0.000000,-18,-1551.273609,-998.841614,3.240000,-1002.081614
1430,-30.697979,-29.357885,-30.357885,-28.357885,informed,sell_to_mm,-30.357885,-17,-1520.915724,-999.050088,2.890000,-1001.940088
1431,-33.193013,-38.482833,-39.482833,-37.482833,noise,none,0.000000,-17,-1520.915724,-956.634511,2.890000,-959.524511
1432,-31.658600,-29.635593,-30.635593,-28.635593,noise,sell_to_mm,-30.635593,-16,-1490.280131,-983.742537,2.560000,-986.302537
1433,-31.415633,-37.856574,-38.856574,-36.856574,informed,buy_from_mm,-36.856574,-17,-1527.136704,-993.070937,2.890000,-995.960937
1434,-29.301280,-30.488434,-31.488434,-29.488434,noise,none,0.000000,-17,-1527.136704,-1029.014942,2.890000,-1031.904942
1435,-27.713097,-28.155804,-29.155804,-27.155804,informed,none,0.000000,-17,-1527.136704,-1056.014056,2.890000,-1058.904056
1436,-26.728586,-24.733583,-25.733583,-23.733583,noise,buy_from_mm,-23.733583,-18,-1550.870287,-1069.755741,3.240000,-1072.995741
1437,-26.036059,-24.325782,-25.325782,-23.325782,noise,none,0.000000,-18,-1550.870287,-1082.221221,3.240000,-1085.461221
1438,-26.061834,-27.363682,-28.363682,-26.363682,noise,sell_to_mm,-28.363682,-17,-1522.506606,-1079.455422,2.890000,-1082.345422
1439,-25.744310,-23.370880,-24.370880,-22.370880,noise,buy_from_mm,-22.370880,-18,-1544.877485,-1081.479903,3.240000,-1084.719903
1440,-27.312018,-34.583739,-35.583739,-33.583739,noise,sell_to_mm,-35.583739,-17,-1509.293746,-1044.989442,2.890000,-1047.879442
1441,-26.985638,-26.964189,-27.964189,-25.964189,informed,none,0.000000,-17,-1509.293746,-1050.537905,2.890000,-1053.427905
1442,-27.702527,-23.153206,-24.153206,-22.153206,noise,buy_from_mm,-22.153206,-18,-1531.446952,-1032.801469,3.240000,-1036.041469
1443,-27.670934,-22.438726,-23.438726,-21.438726,noise,none,0.000000,-18,-1531.446952,-1033.370131,3.240000,-1036.610131
1444,-26.659406,-24.623856,-25.623856,-23.623856,noise,sell_to_mm,-25.623856,-17,-1505.823096,-1052.613196,2.890000,-1055.503196
1445,-27.720175,-25.056926,-26.056926,-24.056926,noise,none,0.000000,-17,-1505.823096,-1034.580114,2.890000,-1037.470114
1446,-26.292186,-22.376882,-23.376882,-21.376882,noise,none,0.000000,-17,-1505.823096,-1058.855939,2.890000,-1061.745939
1447,-27.192635,-28.236732,-29.236732,-27.236732,informed,buy_from_mm,-27.236732,-18,-1533.059828,-1043.592399,3.240000,-1046.832399
1448,-27.278620,-23.226863,-24.226863,-22.226863,noise,buy_from_mm,-22.226863,-19,-1555.286691,-1036.992912,3.610000,-1040.602912
1449,-29.088374,-29.055392,-30.055392,-28.055392,informed,none,0.000000,-19,-1555.286691,-1002.607590,3.610000,-1006.217590
1450,-27.989963,-23.144433,-24.144433,-22.144433,informed,sell_to_mm,-24.144433,-18,-1531.142258,-1027.322919,3.240000,-1030.562919
1451,-28.109852,-36.698726,-37.698726,-35.698726,noise,sell_to_mm,-37.698726,-17,-1493.443532,-1015.576054,2.890000,-1018.466054
1452,-26.802703,-24.211820,-25.211820,-23.211820,noise,none,0.000000,-17,-1493.443532,-1037.797584,2.890000,-1040.687584
1453,-27.081349,-31.825164,-32.825164,-30.825164,noise,none,0.000000,-17,-1493.443532,-1033.060599,2.890000,-1035.950599
1454,-27.813620,-30.383533,-31.383533,-29.383533,noise,none,0.000000,-17,-1493.443532,-1020.611985,2.890000,-1023.501985
1455,-27.619010,-24.416217,-25.416217,-23.416217,informed,sell_to_mm,-25.416217,-16,-1468.027315,-1026.123149,2.560000,-1028.683149
1456,-27.931088,-22.978901,-23.978901,-21.978901,informed,sell_to_mm,-23.978901,-15,-1444.048414,-1025.082095,2.250000,-1027.332095
1457,-27.046059,-24.934966,-25.934966,-23.934966,informed,sell_to_mm,-25.934966,-14,-1418.113448,-1039.468629,1.960000,-1041.428629
1458,-26.090939,-29.429358,-30.429358,-28.429358,noise,none,0.000000,-14,-1418.113448,-1052.840299,1.960000,-1054.800299
1459,-27.740636,-27.806192,-28.806192,-26.806192,noise,none,0.000000,-14,-1418.113448,-1029.744542,1.960000,-1031.704542
1460,-28.819672,-27.066256,-28.066256,-26.066256,informed,sell_to_mm,-28.066256,-13,-1390.047193,-1015.391462,1.690000,-1017.081462
1461,-29.699166,-33.165395,-34.165395,-32.165395,informed,buy_from_mm,-32.165395,-14,-1422.212588,-1006.424258,1.960000,-1008.384258
1462,-30.713969,-27.076874,-28.076874,-26.076874,noise,none,0.000000,-14,-1422.212588,-992.217015,1.960000,-994.177015
1463,-30.954516,-18.577896,-19.577896,-17.577896,noise,none,0.000000,-14,-1422.212588,-988.849362,1.960000,-990.809362
1464,-32.987859,-33.800674,-34.800674,-32.800674,informed,none,0.000000,-14,-1422.212588,-960.382555,1.960000,-962.342555
1465,-34.443767,-32.946834,-33.946834,-31.946834,informed,sell_to_mm,-33.946834,-13,-1388.265754,-940.496777,1.690000,-942.186777
1466,-33.209110,-24.403936,-25.403936,-23.403936,informed,sell_to_mm,-25.403936,-12,-1362.861818,-964.352499,1.440000,-965.792499
1467,-33.982458,-36.755624,-37.755624,-35.755624,noise,none,0.000000,-12,-1362.861818,-955.072325,1.440000,-956.512325
1468,-35.635532,-41.502893,-42.502893,-40.502893,noise,none,0.000000,-12,-1362.861818,-935.235436,1.440000,-936.675436
1469,-35.126259,-30.164563,-31.164563,-29.164563,noise,none,0.000000,-12,-1362.861818,-941.346716,1.440000,-942.786716
1470,-36.182647,-34.531416,-35.531416,-33.531416,noise,buy_from_mm,-33.531416,-13,-1396.393234,-926.018823,1.690000,-927.708823
1471,-35.347208,-30.911715,-31.911715,-29.911715,informed,sell_to_mm,-31.911715,-12,-1364.481519,-940.315028,1.440000,-941.755028
1472,-35.544148,-42.926681,-43.926681,-41.926681,informed,buy_from_mm,-41.926681,-13,-1406.408200,-944.334272,1.690000,-946.024272
1473,-35.263861,-32.702085,-33.702085,-31.702085,noise,none,0.000000,-13,-1406.408200,-947.978010,1.690000,-949.668010
1474,-35.338747,-35.812111,-36.812111,-34.812111,noise,none,0.000000,-13,-1406.408200,-947.004493,1.690000,-948.694493
1475,-35.064488,-42.634515,-43.634515,-41.634515,noise,none,0.000000,-13,-1406.408200,-950.569853,1.690000,-952.259853
1476,-32.912509,-33.522390,-34.522390,-32.522390,informed,none,0.000000,-13,-1406.408200,-978.545584,1.690000,-980.235584
1477,-32.037409,-32.264249,-33.264249,-31.264249,noise,none,0.000000,-13,-1406.408200,-989.921883,1.690000,-991.611883
1478,-32.916345,-32.612320,-33.612320,-31.612320,informed,none,0.000000,-13,-1406.408200,-978.495710,1.690000,-980.185710
1479,-33.908249,-34.984335,-35.984335,-33.984335,noise,buy_from_mm,-33.984335,-14,-1440.392535,-965.677050,1.960000,-967.637050
1480,-34.518441,-42.545687,-43.545687,-41.545687,noise,none,0.000000,-14,-1440.392535,-957.134360,1.960000,-959.094360
1481,-35.317027,-30.075079,-31.075079,-29.075079,noise,buy_from_mm,-29.075079,-15,-1469.467614,-939.712215,2.250000,-941.962215
1482,-34.644544,-37.298122,-38.298122,-36.298122,noise,sell_to_mm,-38.298122,-14,-1431.169493,-946.145875,1.960000,-948.105875
1483,-35.453176,-39.423226,-40.423226,-38.423226,informed,buy_from_mm,-38.423226,-15,-1469.592719,-937.795085,2.250000,-940.045085
1484,-34.411657,-34.075264,-35.075264,-33.075264,noise,none,0.000000,-15,-1469.592719,-953.417867,2.250000,-955.667867
1485,-33.801633,-40.899840,-41.899840,-39.899840,noise,none,0.000000,-15,-1469.592719,-962.568227,2.250000,-964.818227
1486,-31.800277,-32.838978,-33.838978,-31.838978,informed,buy_from_mm,-31.838978,-16,-1501.431697,-992.627266,2.560000,-995.187266
1487,-31.826498,-27.453564,-28.453564,-26.453564,informed,sell_to_mm,-28.453564,-15,-1472.978133,-995.580660,2.250000,-997.830660
1488,-29.082161,-31.949690,-32.949690,-30.949690,informed,buy_from_mm,-30.949690,-16,-1503.927823,-1038.613242,2.560000,-1041.173242
1489,-28.621773,-34.744872,-35.744872,-33.744872,informed,buy_from_mm,-33.744872,-17,-1537.672694,-1051.102547,2.890000,-1053.992547
1490,-29.204547,-30.671999,-31.671999,-29.671999,noise,none,0.000000,-17,-1537.672694,-1041.195393,2.890000,-1044.085393
1491,-29.243501,-28.051452,-29.051452,-27.051452,noise,sell_to_mm,-29.051452,-16,-1508.621243,-1040.725229,2.560000,-1043.285229
1492,-29.314183,-28.886102,-29.886102,-27.886102,noise,none,0.000000,-16,-1508.621243,-1039.594320,2.560000,-1042.154320
1493,-29.207652,-37.611774,-38.611774,-36.611774,informed,buy_from_mm,-36.611774,-17,-1545.233017,-1048.702930,2.890000,-1051.592930
1494,-31.091383,-35.040319,-36.040319,-34.040319,noise,none,0.000000,-17,-1545.233017,-1016.679508,2.890000,-1019.569508
1495,-32.238912,-37.098381,-38.098381,-36.098381,informed,buy_from_mm,-36.098381,-18,-1581.331398,-1001.030981,3.240000,-1004.270981
1496,-33.463784,-36.564782,-37.564782,-35.564782,informed,buy_from_mm,-35.564782,-19,-1616.896180,-981.084284,3.610000,-984.694284
1497,-34.653676,-36.964285,-37.964285,-35.964285,informed,buy_from_mm,-35.964285,-20,-1652.860465,-959.786953,4.000000,-963.786953
1498,-34.209475,-29.769489,-30.769489,-28.769489,informed,sell_to_mm,-30.769489,-19,-1622.090976,-972.110953,3.610000,-975.720953
1499,-34.788615,-34.047992,-35.047992,-33.047992,informed,none,0.000000,-19,-1622.090976,-961.107282,3.610000,-964.717282
1500,-34.812771,-34.488662,-35.488662,-33.488662,noise,none,0.000000,-19,-1622.090976,-960.648336,3.610000,-964.258336
1501,-35.754204,-32.597663,-33.597663,-31.597663,noise,buy_from_mm,-31.597663,-20,-1653.688639,-938.604568,4.000000,-942.604568
1502,-36.080346,-34.084461,-35.084461,-33.084461,informed,sell_to_mm,-35.084461,-19,-1618.604178,-933.077598,3.610000,-936.687598
1503,-36.687046,-43.244475,-44.244475,-42.244475,informed,buy_from_mm,-42.244475,-20,-1660.848653,-927.107734,4.000000,-931.107734
1504,-35.621856,-36.658319,-37.658319,-35.658319,informed,buy_from_mm,-35.658319,-21,-1696.506973,-948.447991,4.410000,-952.857991
1505,-36.616686,-36.102473,-37.102473,-35.102473,informed,none,0.000000,-21,-1696.506973,-927.556556,4.410000,-931.966556
1506,-34.249222,-32.573554,-33.573554,-31.573554,noise,none,0.000000,-21,-1696.506973,-977.273312,4.410000,-981.683312
1507,-35.289230,-33.161892,-34.161892,-32.161892,noise,none,0.000000,-21,-1696.506973,-955.433143,4.410000,-959.843143
1508,-33.313407,-35.472460,-36.472460,-34.472460,informed,buy_from_mm,-34.472460,-22,-1730.979433,-998.084489,4.840000,-1002.924489
1509,-32.881529,-34.962646,-35.962646,-33.962646,noise,none,0.000000,-22,-1730.979433,-1007.585787,4.840000,-1012.425787
1510,-33.165497,-32.132294,-33.132294,-31.132294,noise,none,0.000000,-22,-1730.979433,-1001.338494,4.840000,-1006.178494
1511,-31.311581,-26.183440,-27.183440,-25.183440,informed,sell_to_mm,-27.183440,-21,-1703.795993,-1046.252787,4.410000,-1050.662787
1512,-32.519399,-36.975437,-37.975437,-35.975437,noise,none,0.000000,-21,-1703.795993,-1020.888624,4.410000,-1025.298624
1513,-32.940444,-36.110375,-37.110375,-35.110375,noise,none,0.000000,-21,-1703.795993,-1012.046661,4.410000,-1016.456661
1514,-31.953373,-36.746633,-37.746633,-35.746633,noise,none,0.000000,-21,-1703.795993,-1032.775159,4.410000,-1037.185159
1515,-33.013436,-36.451878,-37.451878,-35.451878,noise,none,0.000000,-21,-1703.795993,-1010.513838,4.410000,-1014.923838
1516,-31.560802,-29.443781,-30.443781,-28.443781,informed,sell_to_mm,-30.443781,-20,-1673.352212,-1042.136174,4.000000,-1046.136174
1517,-30.902525,-30.700670,-31.700670,-29.700670,noise,buy_from_mm,-29.700670,-21,-1703.052882,-1054.099851,4.410000,-1058.509851
1518,-29.651749,-27.199664,-28.199664,-26.199664,noise,none,0.000000,-21,-1703.052882,-1080.366153,4.410000,-1084.776153
1519,-29.260736,-33.311058,-34.311058,-32.311058,noise,none,0.000000,-21,-1703.052882,-1088.577422,4.410000,-1092.987422
1520,-27.271144,-33.015921,-34.015921,-32.015921,noise,buy_from_mm,-32.015921,-22,-1735.068802,-1135.103628,4.840000,-1139.943628
1521,-26.675054,-32.565209,-33.565209,-31.565209,noise,sell_to_mm,-33.565209,-21,-1701.503593,-1141.327460,4.410000,-1145.737460
1522,-25.361640,-32.796292,-33.796292,-31.796292,informed,buy_from_mm,-31.796292,-22,-1733.299885,-1175.343804,4.840000,-1180.183804
1523,-24.932112,-14.701925,-15.701925,-13.701925,noise,none,0.000000,-22,-1733.299885,-1184.793430,4.840000,-1189.633430
1524,-25.200675,-25.085433,-26.085433,-24.085433,informed,none,0.000000,-22,-1733.299885,-1178.885033,4.840000,-1183.725033
1525,-26.238766,-33.726625,-34.726625,-32.726625,informed,buy_from_mm,-32.726625,-23,-1766.026510,-1162.534893,5.290000,-1167.824893
1526,-27.009550,-28.939012,-29.939012,-27.939012,noise,none,0.000000,-23,-1766.026510,-1144.806864,5.290000,-1150.096864
1527,-26.642022,-27.917237,-28.917237,-26.917237,noise,none,0.000000,-23,-1766.026510,-1153.260011,5.290000,-1158.550011
1528,-26.164683,-26.065262,-27.065262,-25.065262,informed,none,0.000000,-23,-1766.026510,-1164.238810,5.290000,-1169.528810
1529,-26.085720,-23.566084,-24.566084,-22.566084,noise,none,0.000000,-23,-1766.026510,-1166.054939,5.290000,-1171.344939
1530,-26.534173,-25.247010,-26.247010,-24.247010,informed,sell_to_mm,-26.247010,-22,-1739.779500,-1156.027702,4.840000,-1160.867702
1531,-25.576190,-21.098654,-22.098654,-20.098654,informed,sell_to_mm,-22.098654,-21,-1717.680846,-1180.580861,4.410000,-1184.990861
1532,-24.114530,-22.234490,-23.234490,-21.234490,informed,sell_to_mm,-23.234490,-20,-1694.446356,-1212.155748,4.000000,-1216.155748
1533,-23.974454,-21.521354,-22.521354,-20.521354,informed,sell_to_mm,-22.521354,-19,-1671.925002,-1216.410372,3.610000,-1220.020372
1534,-23.163943,-26.288505,-27.288505,-25.288505,informed,buy_from_mm,-25.288505,-20,-1697.213507,-1233.934645,4.000000,-1237.934645
1535,-23.963584,-29.769125,-30.769125,-28.769125,informed,buy_from_mm,-28.769125,-21,-1725.982632,-1222.747364,4.410000,-1227.157364
1536,-24.173802,-32.128193,-33.128193,-31.128193,informed,buy_from_mm,-31.128193,-22,-1757.110825,-1225.287172,4.840000,-1230.127172
1537,-25.127661,-17.672561,-18.672561,-16.672561,informed,sell_to_mm,-18.672561,-21,-1738.438263,-1210.757391,4.410000,-1215.167391
1538,-24.995681,-29.933169,-30.933169,-28.933169,noise,buy_from_mm,-28.933169,-22,-1767.371433,-1217.466461,4.840000,-1222.306461
1539,-25.268419,-24.156208,-25.156208,-23.156208,informed,sell_to_mm,-25.156208,-21,-1742.215225,-1211.578433,4.410000,-1215.988433
1540,-26.745375,-28.702989,-29.702989,-27.702989,informed,buy_from_mm,-27.702989,-22,-1769.918214,-1181.519954,4.840000,-1186.359954
1541,-25.924871,-22.979040,-23.979040,-21.979040,informed,sell_to_mm,-23.979040,-21,-1745.939173,-1201.516878,4.410000,-1205.926878
1542,-28.084679,-28.804514,-29.804514,-27.804514,informed,none,0.000000,-21,-1745.939173,-1156.160916,4.410000,-1160.570916
1543,-29.303724,-40.695318,-41.695318,-39.695318,noise,none,0.000000,-21,-1745.939173,-1130.560977,4.410000,-1134.970977
1544,-28.116453,-31.059152,-32.059152,-30.059152,noise,none,0.000000,-21,-1745.939173,-1155.493657,4.410000,-1159.903657
1545,-29.642433,-36.944521,-37.944521,-35.944521,noise,sell_to_mm,-37.944521,-20,-1707.994652,-1115.145986,4.000000,-1119.145986
1546,-30.150800,-28.170146,-29.170146,-27.170146,noise,none,0.000000,-20,-1707.994652,-1104.978655,4.000000,-1108.978655
1547,-29.368491,-29.675196,-30.675196,-28.675196,noise,none,0.000000,-20,-1707.994652,-1120.624827,4.000000,-1124.624827
1548,-27.907571,-26.380755,-27.380755,-25.380755,noise,none,0.000000,-20,-1707.994652,-1149.843242,4.000000,-1153.843242
1549,-27.227498,-29.251456,-30.251456,-28.251456,informed,buy_from_mm,-28.251456,-21,-1736.246109,-1164.468649,4.410000,-1168.878649
1550,-26.281833,-28.790325,-29.790325,-27.790325,noise,none,0.000000,-21,-1736.246109,-1184.327617,4.410000,-1188.737617
1551,-28.035841,-30.883980,-31.883980,-29.883980,noise,none,0.000000,-21,-1736.246109,-1147.493452,4.410000,-1151.903452
1552,-27.179906,-27.511798,-28.511798,-26.511798,informed,none,0.000000,-21,-1736.246109,-1165.468073,4.410000,-1169.878073
1553,-28.336360,-28.462644,-29.462644,-27.462644,informed,none,0.000000,-21,-1736.246109,-1141.182555,4.410000,-1145.592555
1554,-26.528799,-34.617052,-35.617052,-33.617052,noise,buy_from_mm,-33.617052,-22,-1769.863161,-1186.229584,4.840000,-1191.069584
1555,-28.559658,-29.889234,-30.889234,-28.889234,informed,buy_from_mm,-28.889234,-23,-1798.752395,-1141.880260,5.290000,-1147.170260
1556,-28.221616,-28.728995,-29.728995,-27.728995,informed,none,0.000000,-23,-1798.752395,-1149.655215,5.290000,-1154.945215
1557,-29.342429,-37.124818,-38.124818,-36.124818,informed,buy_from_mm,-36.124818,-24,-1834.877213,-1130.658919,5.760000,-1136.418919
1558,-30.108490,-30.074044,-31.074044,-29.074044,noise,sell_to_mm,-31.074044,-23,-1803.803169,-1111.307898,5.290000,-1116.597898
1559,-28.489698,-28.506812,-29.506812,-27.506812,informed,none,0.000000,-23,-1803.803169,-1148.540109,5.290000,-1153.830109
1560,-29.680416,-23.109828,-24.109828,-22.109828,informed,sell_to_mm,-24.109828,-22,-1779.693341,-1126.724189,4.840000,-1131.564189
1561,-30.107292,-32.922778,-33.922778,-31.922778,noise,buy_from_mm,-31.922778,-23,-1811.616119,-1119.148408,5.290000,-1124.438408
1562,-32.297870,-45.819279,-46.819279,-44.819279,informed,buy_from_mm,-44.819279,-24,-1856.435397,-1081.286508,5.760000,-1087.046508
1563,-32.581535,-31.498056,-32.498056,-30.498056,noise,none,0.000000,-24,-1856.435397,-1074.478557,5.760000,-1080.238557
1564,-33.525030,-44.451509,-45.451509,-43.451509,informed,buy_from_mm,-43.451509,-25,-1899.886906,-1061.761168,6.250000,-1068.011168
1565,-34.737963,-38.668137,-39.668137,-37.668137,noise,none,0.000000,-25,-1899.886906,-1031.437819,6.250000,-1037.687819
1566,-34.867404,-36.837175,-37.837175,-35.837175,informed,buy_from_mm,-35.837175,-26,-1935.724082,-1029.171574,6.760000,-1035.931574
1567,-35.356229,-38.707268,-39.707268,-37.707268,noise,none,0.000000,-26,-1935.724082,-1016.462117,6.760000,-1023.222117
1568,-34.762212,-39.785740,-40.785740,-38.785740,noise,none,0.000000,-26,-1935.724082,-1031.906568,6.760000,-1038.666568
1569,-34.511123,-32.202761,-33.202761,-31.202761,informed,sell_to_mm,-33.202761,-25,-1902.521320,-1039.743244,6.250000,-1045.993244
1570,-33.332545,-22.739127,-23.739127,-21.739127,informed,sell_to_mm,-23.739127,-24,-1878.782193,-1078.801121,5.760000,-1084.561121
1571,-32.701661,-34.763248,-35.763248,-33.763248,informed,buy_from_mm,-33.763248,-25,-1912.545440,-1095.003927,6.250000,-1101.253927
1572,-32.884025,-28.552624,-29.552624,-27.552624,noise,none,0.000000,-25,-1912.545440,-1090.444810,6.250000,-1096.694810
1573,-32.728059,-25.646921,-26.646921,-24.646921,informed,sell_to_mm,-26.646921,-24,-1885.898520,-1100.425100,5.760000,-1106.185100
1574,-31.489312,-27.280932,-28.280932,-26.280932,noise,buy_from_mm,-26.280932,-25,-1912.179452,-1124.946662,6.250000,-1131.196662
1575,-30.483677,-34.915437,-35.915437,-33.915437,noise,none,0.000000,-25,-1912.179452,-1150.087529,6.250000,-1156.337529
1576,-29.369359,-28.979969,-29.979969,-27.979969,informed,none,0.000000,-25,-1912.179452,-1177.945473,6.250000,-1184.195473
1577,-29.502060,-37.752897,-38.752897,-36.752897,informed,buy_from_mm,-36.752897,-26,-1948.932349,-1181.878785,6.760000,-1188.638785
1578,-30.976987,-41.766835,-42.766835,-40.766835,informed,buy_from_mm,-40.766835,-27,-1989.699184,-1153.320526,7.290000,-1160.610526
1579,-31.395350,-31.260760,-32.260760,-30.260760,informed,none,0.000000,-27,-1989.699184,-1142.024729,7.290000,-1149.314729
1580,-29.973859,-34.196614,-35.196614,-33.196614,noise,buy_from_mm,-33.196614,-28,-2022.895797,-1183.627748,7.840000,-1191.467748
1581,-30.950100,-33.059995,-34.059995,-32.059995,informed,buy_from_mm,-32.059995,-29,-2054.955792,-1157.402890,8.410000,-1165.812890
1582,-32.711847,-37.980241,-38.980241,-36.980241,informed,buy_from_mm,-36.980241,-30,-2091.936033,-1110.580630,9.000000,-1119.580630
1583,-32.259229,-28.984770,-29.984770,-27.984770,informed,sell_to_mm,-29.984770,-29,-2061.951263,-1126.433610,8.410000,-1134.843610
1584,-31.220214,-32.865712,-33.865712,-31.865712,noise,none,0.000000,-29,-2061.951263,-1156.565047,8.410000,-1164.975047
1585,-31.753358,-29.468755,-30.468755,-28.468755,noise,none,0.000000,-29,-2061.951263,-1141.103895,8.410000,-1149.513895
1586,-30.060249,-29.254108,-30.254108,-28.254108,informed,none,0.000000,-29,-2061.951263,-1190.204028,8.410000,-1198.614028
1587,-30.841503,-29.817898,-30.817898,-28.817898,informed,sell_to_mm,-30.817898,-28,-2031.133364,-1167.571275,7.840000,-1175.411275
1588,-29.782464,-27.479762,-28.479762,-26.479762,noise,buy_from_mm,-26.479762,-29,-2057.613126,-1193.921682,8.410000,-1202.331682
1589,-28.617506,-32.576036,-33.576036,-31.576036,noise,none,0.000000,-29,-2057.613126,-1227.705454,8.410000,-1236.115454
1590,-28.485916,-28.532775,-29.532775,-27.532775,noise,none,0.000000,-29,-2057.613126,-1231.521559,8.410000,-1239.931559
1591,-28.535292,-23.801994,-24.801994,-22.801994,noise,none,0.000000,-29,-2057.613126,-1230.089657,8.410000,-1238.499657
1592,-28.422592,-32.422166,-33.422166,-31.422166,informed,buy_from_mm,-31.422166,-30,-2089.035292,-1236.357520,9.000000,-1245.357520
1593,-28.054387,-29.952961,-30.952961,-28.952961,informed,buy_from_mm,-28.952961,-31,-2117.988253,-1248.302270,9.610000,-1257.912270
1594,-28.248862,-32.575865,-33.575865,-31.575865,informed,buy_from_mm,-31.575865,-32,-2149.564118,-1245.600518,10.240000,-1255.840518
1595,-27.370224,-27.812102,-28.812102,-26.812102,noise,none,0.000000,-32,-2149.564118,-1273.716944,10.240000,-1283.956944
1596,-27.279903,-31.745136,-32.745136,-30.745136,noise,none,0.000000,-32,-2149.564118,-1276.607216,10.240000,-1286.847216
1597,-26.893763,-21.031112,-22.031112,-20.031112,informed,sell_to_mm,-22.031112,-31,-2127.533005,-1293.826353,9.610000,-1303.436353
1598,-26.615630,-31.537383,-32.537383,-30.537383,noise,none,0.000000,-31,-2127.533005,-1302.448476,9.610000,-1312.058476
1599,-26.252825,-30.810311,-31.810311,-29.810311,noise,none,0.000000,-31,-2127.533005,-1313.695422,9.610000,-1323.305422
1600,-27.534794,-23.851636,-24.851636,-22.851636,informed,sell_to_mm,-24.851636,-30,-2102.681370,-1276.637553,9.000000,-1285.637553
1601,-26.552928,-17.491490,-18.491490,-16.491490,noise,none,0.000000,-30,-2102.681370,-1306.093536,9.000000,-1315.093536
1602,-26.333088,-23.256732,-24.256732,-22.256732,informed,sell_to_mm,-24.256732,-29,-2078.424637,-1314.765092,8.410000,-1323.175092
1603,-24.744969,-19.594198,-20.594198,-18.594198,informed,sell_to_mm,-20.594198,-28,-2057.830440,-1364.971302,7.840000,-1372.811302
1604,-24.600699,-19.548947,-20.548947,-18.548947,informed,sell_to_mm,-20.548947,-27,-2037.281493,-1373.062610,7.290000,-1380.352610
1605,-25.786003,-27.533793,-28.533793,-26.533793,noise,none,0.000000,-27,-2037.281493,-1341.059422,7.290000,-1348.349422
1606,-26.032540,-23.149622,-24.149622,-22.149622,noise,buy_from_mm,-22.149622,-28,-2059.431115,-1330.520001,7.840000,-1338.360001
1607,-27.813132,-21.633511,-22.633511,-20.633511,informed,sell_to_mm,-22.633511,-27,-2036.797604,-1285.843053,7.290000,-1293.133053
1608,-28.576889,-25.440614,-26.440614,-24.440614,noise,none,0.000000,-27,-2036.797604,-1265.221610,7.290000,-1272.511610
1609,-27.248153,-23.355475,-24.355475,-22.355475,noise,none,0.000000,-27,-2036.797604,-1301.097485,7.290000,-1308.387485
1610,-27.397092,-20.640162,-21.640162,-19.640162,noise,none,0.000000,-27,-2036.797604,-1297.076120,7.290000,-1304.366120
1611,-27.023866,-24.397321,-25.397321,-23.397321,noise,none,0.000000,-27,-2036.797604,-1307.153232,7.290000,-1314.443232
1612,-25.439164,-24.893230,-25.893230,-23.893230,noise,none,0.000000,-27,-2036.797604,-1349.940180,7.290000,-1357.230180
1613,-25.993749,-31.514297,-32.514297,-30.514297,noise,none,0.000000,-27,-2036.797604,-1334.966390,7.290000,-1342.256390
1614,-26.139817,-24.998088,-25.998088,-23.998088,noise,sell_to_mm,-25.998088,-26,-2010.799517,-1331.164265,6.760000,-1337.924265
1615,-26.341491,-27.148366,-28.148366,-26.148366,noise,none,0.000000,-26,-2010.799517,-1325.920755,6.760000,-1332.680755
1616,-26.797219,-24.961832,-25.961832,-23.961832,noise,none,0.000000,-26,-2010.799517,-1314.071812,6.760000,-1320.831812
1617,-27.042404,-24.209268,-25.209268,-23.209268,noise,buy_from_mm,-23.209268,-27,-2034.008785,-1303.863874,7.290000,-1311.153874
1618,-27.603055,-29.535459,-30.535459,-28.535459,noise,none,0.000000,-27,-2034.008785,-1288.726303,7.290000,-1296.016303
1619,-27.044894,-29.645239,-30.645239,-28.645239,informed,buy_from_mm,-28.645239,-28,-2062.654024,-1305.396999,7.840000,-1313.236999
1620,-27.401093,-19.381214,-20.381214,-18.381214,noise,none,0.000000,-28,-2062.654024,-1295.423419,7.840000,-1303.263419
1621,-27.136160,-31.696631,-32.696631,-30.696631,noise,buy_from_mm,-30.696631,-29,-2093.350655,-1306.402021,8.410000,-1314.812021
1622,-27.398882,-31.667995,-32.667995,-30.667995,noise,none,0.000000,-29,-2093.350655,-1298.783090,8.410000,-1307.193090
1623,-25.906476,-27.179937,-28.179937,-26.179937,noise,buy_from_mm,-26.179937,-30,-2119.530592,-1342.336308,9.000000,-1351.336308
1624,-26.456375,-26.611300,-27.611300,-25.611300,noise,none,0.000000,-30,-2119.530592,-1325.839346,9.000000,-1334.839346
1625,-28.009537,-25.093653,-26.093653,-24.093653,informed,sell_to_mm,-26.093653,-29,-2093.436939,-1281.160365,8.410000,-1289.570365
1626,-30.970258,-33.635909,-34.635909,-32.635909,informed,buy_from_mm,-32.635909,-30,-2126.072848,-1196.965104,9.000000,-1205.965104
1627,-31.441613,-32.342296,-33.342296,-31.342296,noise,sell_to_mm,-33.342296,-29,-2092.730552,-1180.923783,8.410000,-1189.333783
1628,-31.522899,-27.937355,-28.937355,-26.937355,noise,none,0.000000,-29,-2092.730552,-1178.566495,8.410000,-1186.976495
1629,-32.447109,-31.712911,-32.712911,-30.712911,noise,sell_to_mm,-32.712911,-28,-2060.017641,-1151.498579,7.840000,-1159.338579
1630,-31.113222,-32.941013,-33.941013,-31.941013,informed,buy_from_mm,-31.941013,-29,-2091.958654,-1189.675220,8.410000,-1198.085220
1631,-30.260775,-30.033986,-31.033986,-29.033986,informed,none,0.000000,-29,-2091.958654,-1214.396190,8.410000,-1222.806190
1632,-29.962169,-23.361658,-24.361658,-22.361658,noise,none,0.000000,-29,-2091.958654,-1223.055765,8.410000,-1231.465765
1633,-29.282048,-39.923907,-40.923907,-38.923907,informed,buy_from_mm,-38.923907,-30,-2130.882561,-1252.421133,9.000000,-1261.421133
1634,-28.156748,-19.659109,-20.659109,-18.659109,noise,none,0.000000,-30,-2130.882561,-1286.180115,9.000000,-1295.180115
1635,-27.411937,-27.622191,-28.622191,-26.622191,noise,none,0.000000,-30,-2130.882561,-1308.524438,9.000000,-1317.524438
1636,-28.620271,-31.907671,-32.907671,-30.907671,noise,none,0.000000,-30,-2130.882561,-1272.274436,9.000000,-1281.274436
1637,-28.305102,-26.170746,-27.170746,-25.170746,noise,sell_to_mm,-27.170746,-29,-2103.711815,-1282.863854,8.410000,-1291.273854
1638,-28.509996,-31.908974,-32.908974,-30.908974,noise,none,0.000000,-29,-2103.711815,-1276.921941,8.410000,-1285.331941
1639,-26.986361,-29.161359,-30.161359,-28.161359,noise,none,0.000000,-29,-2103.711815,-1321.107340,8.410000,-1329.517340
1640,-25.751191,-28.291821,-29.291821,-27.291821,informed,buy_from_mm,-27.291821,-30,-2131.003636,-1358.467910,9.000000,-1367.467910
1641,-25.470906,-23.352789,-24.352789,-22.352789,informed,sell_to_mm,-24.352789,-29,-2106.650847,-1367.994577,8.410000,-1376.404577
1642,-25.733392,-30.992081,-31.992081,-29.992081,noise,buy_from_mm,-29.992081,-30,-2136.642928,-1364.641165,9.000000,-1373.641165
1643,-26.017467,-28.932703,-29.932703,-27.932703,informed,buy_from_mm,-27.932703,-31,-2164.575631,-1358.034166,9.610000,-1367.644166
1644,-26.550536,-26.951375,-27.951375,-25.951375,noise,none,0.000000,-31,-2164.575631,-1341.509017,9.610000,-1351.119017
1645,-28.735212,-20.574482,-21.574482,-19.574482,noise,buy_from_mm,-19.574482,-32,-2184.150113,-1264.623330,10.240000,-1274.863330
1646,-28.656922,-31.106711,-32.106711,-30.106711,informed,buy_from_mm,-30.106711,-33,-2214.256824,-1268.578412,10.890000,-1279.468412
1647,-28.640091,-29.507599,-30.507599,-28.507599,informed,none,0.000000,-33,-2214.256824,-1269.133835,10.890000,-1280.023835
1648,-27.666941,-31.425220,-32.425220,-30.425220,noise,buy_from_mm,-30.425220,-34,-2244.682044,-1304.006058,11.560000,-1315.566058
1649,-29.177453,-31.523326,-32.523326,-30.523326,noise,none,0.000000,-34,-2244.682044,-1252.648651,11.560000,-1264.208651
1650,-29.570289,-25.957479,-26.957479,-24.957479,informed,sell_to_mm,-26.957479,-33,-2217.724565,-1241.905012,10.890000,-1252.795012
1651,-31.161874,-24.958401,-25.958401,-23.958401,noise,none,0.000000,-33,-2217.724565,-1189.382719,10.890000,-1200.272719
1652,-31.561616,-35.023745,-36.023745,-34.023745,noise,none,0.000000,-33,-2217.724565,-1176.191242,10.890000,-1187.081242
1653,-32.155042,-29.238616,-30.238616,-28.238616,noise,sell_to_mm,-30.238616,-32,-2187.485949,-1158.524589,10.240000,-1168.764589
1654,-32.892482,-33.011603,-34.011603,-32.011603,informed,none,0.000000,-32,-2187.485949,-1134.926516,10.240000,-1145.166516
1655,-32.599532,-24.350619,-25.350619,-23.350619,informed,sell_to_mm,-25.350619,-31,-2162.135329,-1151.549840,9.610000,-1161.159840
1656,-31.666986,-33.433361,-34.433361,-32.433361,informed,buy_from_mm,-32.433361,-32,-2194.568691,-1181.225145,10.240000,-1191.465145
1657,-29.980275,-32.830076,-33.830076,-31.830076,informed,buy_from_mm,-31.830076,-33,-2226.398767,-1237.049680,10.890000,-1247.939680
1658,-30.155392,-26.151695,-27.151695,-25.151695,noise,none,0.000000,-33,-2226.398767,-1231.270820,10.890000,-1242.160820
1659,-29.618341,-32.132583,-33.132583,-31.132583,informed,buy_from_mm,-31.132583,-34,-2257.531350,-1250.507760,11.560000,-1262.067760
1660,-29.803965,-30.124979,-31.124979,-29.124979,noise,none,0.000000,-34,-2257.531350,-1244.196552,11.560000,-1255.756552
1661,-29.995472,-31.076518,-32.076518,-30.076518,noise,none,0.000000,-34,-2257.531350,-1237.685287,11.560000,-1249.245287
1662,-30.684058,-28.665887,-29.665887,-27.665887,noise,none,0.000000,-34,-2257.531350,-1214.273375,11.560000,-1225.833375
1663,-31.653024,-31.709242,-32.709242,-30.709242,informed,none,0.000000,-34,-2257.531350,-1181.328523,11.560000,-1192.888523
1664,-31.196369,-26.411215,-27.411215,-25.411215,noise,none,0.000000,-34,-2257.531350,-1196.854817,11.560000,-1208.414817
1665,-30.950437,-26.473356,-27.473356,-25.473356,noise,none,0.000000,-34,-2257.531350,-1205.216503,11.560000,-1216.776503
1666,-31.308290,-26.817514,-27.817514,-25.817514,informed,sell_to_mm,-27.817514,-33,-2229.713836,-1196.540255,10.890000,-1207.430255
1667,-32.498407,-30.291135,-31.291135,-29.291135,informed,sell_to_mm,-31.291135,-32,-2198.422700,-1158.473689,10.240000,-1168.713689
1668,-31.211119,-31.622270,-32.622270,-30.622270,informed,none,0.000000,-32,-2198.422700,-1199.666899,10.240000,-1209.906899
1669,-30.981063,-27.796555,-28.796555,-26.796555,noise,none,0.000000,-32,-2198.422700,-1207.028691,10.240000,-1217.268691
1670,-29.713455,-31.895058,-32.895058,-30.895058,noise,none,0.000000,-32,-2198.422700,-1247.592156,10.240000,-1257.832156
1671,-28.598792,-28.974744,-29.974744,-27.974744,noise,none,0.000000,-32,-2198.422700,-1283.261341,10.240000,-1293.501341
1672,-29.923704,-31.778732,-32.778732,-30.778732,informed,buy_from_mm,-30.778732,-33,-2229.201433,-1241.719209,10.890000,-1252.609209
1673,-30.621232,-23.341229,-24.341229,-22.341229,noise,none,0.000000,-33,-2229.201433,-1218.700789,10.890000,-1229.590789
1674,-30.016677,-30.372476,-31.372476,-29.372476,noise,sell_to_mm,-31.372476,-32,-2197.828957,-1237.295300,10.240000,-1247.535300
1675,-30.249573,-22.116568,-23.116568,-21.116568,noise,none,0.000000,-32,-2197.828957,-1229.842629,10.240000,-1240.082629
1676,-32.383575,-29.495187,-30.495187,-28.495187,noise,none,0.000000,-32,-2197.828957,-1161.554555,10.240000,-1171.794555
1677,-31.946134,-33.112138,-34.112138,-32.112138,informed,buy_from_mm,-32.112138,-33,-2229.941094,-1175.718688,10.890000,-1186.608688
1678,-32.073077,-27.598455,-28.598455,-26.598455,informed,sell_to_mm,-28.598455,-32,-2201.342640,-1175.004164,10.240000,-1185.244164
1679,-31.400308,-30.354171,-31.354171,-29.354171,noise,none,0.000000,-32,-2201.342640,-1196.532799,10.240000,-1206.772799
1680,-29.309961,-28.729172,-29.729172,-27.729172,noise,buy_from_mm,-27.729172,-33,-2229.071811,-1261.843091,10.890000,-1272.733091
1681,-29.042051,-31.356799,-32.356799,-30.356799,noise,none,0.000000,-33,-2229.071811,-1270.684141,10.890000,-1281.574141
1682,-29.719833,-26.562635,-27.562635,-25.562635,informed,sell_to_mm,-27.562635,-32,-2201.509176,-1250.474517,10.240000,-1260.714517
1683,-30.600995,-30.635519,-31.635519,-29.635519,noise,none,0.000000,-32,-2201.509176,-1222.277336,10.240000,-1232.517336
1684,-30.857137,-28.528367,-29.528367,-27.528367,noise,none,0.000000,-32,-2201.509176,-1214.080789,10.240000,-1224.320789
1685,-32.262845,-26.417708,-27.417708,-25.417708,noise,none,0.000000,-32,-2201.509176,-1169.098123,10.240000,-1179.338123
1686,-31.251159,-32.575131,-33.575131,-31.575131,informed,buy_from_mm,-31.575131,-33,-2233.084307,-1201.796071,10.890000,-1212.686071
1687,-30.147780,-26.549708,-27.549708,-25.549708,noise,none,0.000000,-33,-2233.084307,-1238.207566,10.890000,-1249.097566
1688,-28.228757,-21.002899,-22.002899,-20.002899,noise,none,0.000000,-33,-2233.084307,-1301.535337,10.890000,-1312.425337
1689,-29.974809,-29.032396,-30.032396,-28.032396,noise,none,0.000000,-33,-2233.084307,-1243.915626,10.890000,-1254.805626
1690,-29.744153,-30.748676,-31.748676,-29.748676,informed,buy_from_mm,-29.748676,-34,-2262.832983,-1251.531768,11.560000,-1263.091768
1691,-30.387237,-26.450864,-27.450864,-25.450864,noise,none,0.000000,-34,-2262.832983,-1229.666921,11.560000,-1241.226921
1692,-30.116810,-27.556155,-28.556155,-26.556155,informed,sell_to_mm,-28.556155,-33,-2234.276828,-1240.422084,10.890000,-1251.312084
1693,-31.167947,-33.219083,-34.219083,-32.219083,noise,sell_to_mm,-34.219083,-32,-2200.057745,-1202.683429,10.240000,-1212.923429
1694,-32.160632,-30.089527,-31.089527,-29.089527,noise,none,0.000000,-32,-2200.057745,-1170.917518,10.240000,-1181.157518
1695,-32.034844,-30.199637,-31.199637,-29.199637,noise,none,0.000000,-32,-2200.057745,-1174.942730,10.240000,-1185.182730
1696,-31.180347,-23.576262,-24.576262,-22.576262,noise,none,0.000000,-32,-2200.057745,-1202.286631,10.240000,-1212.526631
1697,-32.024387,-32.549622,-33.549622,-31.549622,noise,buy_from_mm,-31.549622,-33,-2231.607367,-1174.802597,10.890000,-1185.692597
1698,-30.662997,-30.930023,-31.930023,-29.930023,informed,none,0.000000,-33,-2231.607367,-1219.728482,10.890000,-1230.618482
1699,-30.470406,-33.308678,-34.308678,-32.308678,informed,buy_from_mm,-32.308678,-34,-2263.916045,-1227.922230,11.560000,-1239.482230
1700,-29.657937,-32.760747,-33.760747,-31.760747,informed,buy_from_mm,-31.760747,-35,-2295.676792,-1257.648994,12.250000,-1269.898994
1701,-29.393472,-30.587246,-31.587246,-29.587246,informed,buy_from_mm,-29.587246,-36,-2325.264038,-1267.099038,12.960000,-1280.059038
1702,-28.969375,-41.677988,-42.677988,-40.677988,informed,buy_from_mm,-40.677988,-37,-2365.942026,-1294.075155,13.690000,-1307.765155
1703,-28.393537,-30.900881,-31.900881,-29.900881,noise,sell_to_mm,-31.900881,-36,-2334.041145,-1311.873801,12.960000,-1324.833801
1704,-28.193396,-27.829577,-28.829577,-26.829577,informed,none,0.000000,-36,-2334.041145,-1319.078906,12.960000,-1332.038906
1705,-28.007188,-27.372647,-28.372647,-26.372647,informed,none,0.000000,-36,-2334.041145,-1325.782388,12.960000,-1338.742388
1706,-29.217843,-23.050248,-24.050248,-22.050248,informed,sell_to_mm,-24.050248,-35,-2309.990897,-1287.366394,12.250000,-1299.616394
1707,-28.764139,-28.047308,-29.047308,-27.047308,noise,none,0.000000,-35,-2309.990897,-1303.246043,12.250000,-1315.496043
1708,-30.155502,-27.176220,-28.176220,-26.176220,informed,sell_to_mm,-28.176220,-34,-2281.814676,-1256.527599,11.560000,-1268.087599
1709,-28.990259,-29.825165,-30.825165,-28.825165,noise,none,0.000000,-34,-2281.814676,-1296.145872,11.560000,-1307.705872
1710,-28.436056,-33.564366,-34.564366,-32.564366,noise,sell_to_mm,-34.564366,-33,-2247.250310,-1308.860478,10.890000,-1319.750478
1711,-26.168937,-19.076978,-20.076978,-18.076978,informed,sell_to_mm,-20.076978,-32,-2227.173332,-1389.767340,10.240000,-1400.007340
1712,-24.763627,-19.540173,-20.540173,-18.540173,noise,none,0.000000,-32,-2227.173332,-1434.737268,10.240000,-1444.977268
1713,-23.011675,-23.467185,-24.467185,-22.467185,noise,none,0.000000,-32,-2227.173332,-1490.799719,10.240000,-1501.039719
1714,-21.961897,-22.851947,-23.851947,-21.851947,noise,buy_from_mm,-21.851947,-33,-2249.025279,-1524.282689,10.890000,-1535.172689
1715,-20.986302,-20.478785,-21.478785,-19.478785,noise,none,0.000000,-33,-2249.025279,-1556.477298,10.890000,-1567.367298
1716,-21.454384,-19.437746,-20.437746,-18.437746,informed,sell_to_mm,-20.437746,-32,-2228.587532,-1542.047230,10.240000,-1552.287230
1717,-20.968707,-10.811136,-11.811136,-9.811136,informed,sell_to_mm,-11.811136,-31,-2216.776396,-1566.746469,9.610000,-1576.356469
1718,-20.575811,-25.404285,-26.404285,-24.404285,informed,buy_from_mm,-24.404285,-32,-2241.180681,-1582.754726,10.240000,-1592.994726
1719,-18.875149,-15.513447,-16.513447,-14.513447,informed,sell_to_mm,-16.513447,-31,-2224.667234,-1639.537620,9.610000,-1649.147620
1720,-18.997282,-16.783503,-17.783503,-15.783503,noise,none,0.000000,-31,-2224.667234,-1635.751484,9.610000,-1645.361484
1721,-19.771011,-14.371500,-15.371500,-13.371500,noise,buy_from_mm,-13.371500,-32,-2238.038734,-1605.366381,10.240000,-1615.606381
1722,-18.994688,-12.286820,-13.286820,-11.286820,noise,none,0.000000,-32,-2238.038734,-1630.208730,10.240000,-1640.448730
1723,-18.013601,-17.869406,-18.869406,-16.869406,noise,none,0.000000,-32,-2238.038734,-1661.603507,10.240000,-1671.843507
1724,-17.232187,-13.783327,-14.783327,-12.783327,noise,none,0.000000,-32,-2238.038734,-1686.608741,10.240000,-1696.848741
1725,-16.956553,-15.706818,-16.706818,-14.706818,noise,none,0.000000,-32,-2238.038734,-1695.429051,10.240000,-1705.669051
1726,-14.949247,-16.358020,-17.358020,-15.358020,informed,buy_from_mm,-15.358020,-33,-2253.396754,-1760.071610,10.890000,-1770.961610
1727,-16.270932,-14.637005,-15.637005,-13.637005,noise,sell_to_mm,-15.637005,-32,-2237.759750,-1717.089927,10.240000,-1727.329927
1728,-17.903117,-18.040706,-19.040706,-17.040706,informed,none,0.000000,-32,-2237.759750,-1664.860012,10.240000,-1675.100012
1729,-19.026973,-21.595894,-22.595894,-20.595894,noise,none,0.000000,-32,-2237.759750,-1628.896613,10.240000,-1639.136613
1730,-19.419605,-20.603615,-21.603615,-19.603615,informed,buy_from_mm,-19.603615,-33,-2257.363364,-1616.516411,10.890000,-1627.406411
1731,-19.109111,-16.870490,-17.870490,-15.870490,informed,sell_to_mm,-17.870490,-32,-2239.492874,-1628.001332,10.240000,-1638.241332
1732,-17.963012,-23.301757,-24.301757,-22.301757,informed,buy_from_mm,-22.301757,-33,-2261.794632,-1669.015232,10.890000,-1679.905232
1733,-17.660848,-10.303359,-11.303359,-9.303359,noise,sell_to_mm,-11.303359,-32,-2250.491273,-1685.344132,10.240000,-1695.584132
1734,-17.911566,-19.285291,-20.285291,-18.285291,noise,none,0.000000,-32,-2250.491273,-1677.321157,10.240000,-1687.561157
1735,-17.630213,-11.414304,-12.414304,-10.414304,noise,none,0.000000,-32,-2250.491273,-1686.324462,10.240000,-1696.564462
1736,-17.885998,-15.343276,-16.343276,-14.343276,noise,none,0.000000,-32,-2250.491273,-1678.139348,10.240000,-1688.379348
1737,-18.185340,-19.513716,-20.513716,-18.513716,informed,buy_from_mm,-18.513716,-33,-2269.004989,-1668.888785,10.890000,-1679.778785
1738,-18.288606,-18.701371,-19.701371,-17.701371,noise,none,0.000000,-33,-2269.004989,-1665.480997,10.890000,-1676.370997
1739,-18.314735,-16.170600,-17.170600,-15.170600,noise,none,0.000000,-33,-2269.004989,-1664.618748,10.890000,-1675.508748
1740,-19.256842,-16.934970,-17.934970,-15.934970,noise,buy_from_mm,-15.934970,-34,-2284.939959,-1630.207328,11.560000,-1641.767328
1741,-18.919089,-24.803103,-25.803103,-23.803103,noise,none,0.000000,-34,-2284.939959,-1641.690923,11.560000,-1653.250923
1742,-17.964396,-22.697073,-23.697073,-21.697073,noise,none,0.000000,-34,-2284.939959,-1674.150489,11.560000,-1685.710489
1743,-18.817106,-14.943111,-15.943111,-13.943111,noise,none,0.000000,-34,-2284.939959,-1645.158343,11.560000,-1656.718343
1744,-20.247529,-20.227931,-21.227931,-19.227931,noise,none,0.000000,-34,-2284.939959,-1596.523965,11.560000,-1608.083965
1745,-21.369271,-18.544200,-19.544200,-17.544200,noise,none,0.000000,-34,-2284.939959,-1558.384758,11.560000,-1569.944758
1746,-22.584142,-33.478592,-34.478592,-32.478592,informed,buy_from_mm,-32.478592,-35,-2317.418551,-1526.973574,12.250000,-1539.223574
1747,-23.437903,-22.696410,-23.696410,-21.696410,noise,none,0.000000,-35,-2317.418551,-1497.091954,12.250000,-1509.341954
1748,-23.919088,-19.792800,-20.792800,-18.792800,noise,none,0.000000,-35,-2317.418551,-1480.250470,12.250000,-1492.500470
1749,-24.933256,-27.202449,-28.202449,-26.202449,informed,buy_from_mm,-26.202449,-36,-2343.621000,-1446.023795,12.960000,-1458.983795
1750,-24.966347,-32.997408,-33.997408,-31.997408,noise,none,0.000000,-36,-2343.621000,-1444.832503,12.960000,-1457.792503
1751,-24.916449,-26.464074,-27.464074,-25.464074,noise,none,0.000000,-36,-2343.621000,-1446.628840,12.960000,-1459.588840
1752,-23.956230,-23.627475,-24.627475,-22.627475,informed,none,0.000000,-36,-2343.621000,-1481.196737,12.960000,-1494.156737
1753,-22.170889,-25.187645,-26.187645,-24.187645,noise,none,0.000000,-36,-2343.621000,-1545.469011,12.960000,-1558.429011
1754,-21.696613,-20.392078,-21.392078,-19.392078,noise,none,0.000000,-36,-2343.621000,-1562.542948,12.960000,-1575.502948
1755,-22.304177,-16.801898,-17.801898,-15.801898,informed,sell_to_mm,-17.801898,-35,-2325.819101,-1545.172911,12.250000,-1557.422911
1756,-20.360884,-22.558598,-23.558598,-21.558598,noise,none,0.000000,-35,-2325.819101,-1613.188169,12.250000,-1625.438169
1757,-20.658202,-16.317418,-17.317418,-15.317418,noise,none,0.000000,-35,-2325.819101,-1602.782040,12.250000,-1615.032040
1758,-21.639855,-24.442373,-25.442373,-23.442373,noise,none,0.000000,-35,-2325.819101,-1568.424172,12.250000,-1580.674172
1759,-22.410448,-25.264959,-26.264959,-24.264959,noise,none,0.000000,-35,-2325.819101,-1541.453406,12.250000,-1553.703406
1760,-23.913744,-19.625721,-20.625721,-18.625721,informed,sell_to_mm,-20.625721,-34,-2305.193381,-1492.126093,11.560000,-1503.686093
1761,-25.465545,-22.744672,-23.744672,-21.744672,informed,sell_to_mm,-23.744672,-33,-2281.448709,-1441.085709,10.890000,-1451.975709
1762,-25.558619,-28.533729,-29.533729,-27.533729,noise,none,0.000000,-33,-2281.448709,-1438.014293,10.890000,-1448.904293
1763,-24.459300,-26.420608,-27.420608,-25.420608,informed,buy_from_mm,-25.420608,-34,-2306.869317,-1475.253119,11.560000,-1486.813119
1764,-23.396488,-25.688604,-26.688604,-24.688604,informed,buy_from_mm,-24.688604,-35,-2331.557920,-1512.680833,12.250000,-1524.930833
1765,-22.376651,-20.652838,-21.652838,-19.652838,noise,buy_from_mm,-19.652838,-36,-2351.210759,-1545.651325,12.960000,-1558.611325
1766,-22.480254,-26.608945,-27.608945,-25.608945,noise,none,0.000000,-36,-2351.210759,-1541.921602,12.960000,-1554.881602
1767,-23.233804,-19.946898,-20.946898,-18.946898,noise,none,0.000000,-36,-2351.210759,-1514.793802,12.960000,-1527.753802
1768,-23.176219,-20.973894,-21.973894,-19.973894,informed,sell_to_mm,-21.973894,-35,-2329.236864,-1518.069182,12.250000,-1530.319182
1769,-23.048837,-17.098460,-18.098460,-16.098460,noise,none,0.000000,-35,-2329.236864,-1522.527560,12.250000,-1534.777560
1770,-24.306651,-23.533853,-24.533853,-22.533853,noise,sell_to_mm,-24.533853,-34,-2304.703011,-1478.276872,11.560000,-1489.836872
1771,-22.902265,-29.599858,-30.599858,-28.599858,noise,none,0.000000,-34,-2304.703011,-1526.025992,11.560000,-1537.585992
1772,-22.732822,-16.955488,-17.955488,-15.955488,noise,none,0.000000,-34,-2304.703011,-1531.787064,11.560000,-1543.347064
1773,-22.940139,-31.671831,-32.671831,-30.671831,informed,buy_from_mm,-30.671831,-35,-2335.374843,-1532.469981,12.250000,-1544.719981
1774,-24.251212,-31.857997,-32.857997,-30.857997,noise,none,0.000000,-35,-2335.374843,-1486.582411,12.250000,-1498.832411
1775,-24.181627,-24.690909,-25.690909,-23.690909,noise,sell_to_mm,-25.690909,-34,-2309.683933,-1487.508605,11.560000,-1499.068605
1776,-25.588422,-25.432009,-26.432009,-24.432009,noise,buy_from_mm,-24.432009,-35,-2334.115943,-1438.521183,12.250000,-1450.771183
1777,-25.378999,-27.438328,-28.438328,-26.438328,informed,buy_from_mm,-26.438328,-36,-2360.554271,-1446.910292,12.960000,-1459.870292
1778,-25.626551,-19.951613,-20.951613,-18.951613,informed,sell_to_mm,-20.951613,-35,-2339.602658,-1442.673384,12.250000,-1454.923384
1779,-25.777935,-28.991861,-29.991861,-27.991861,noise,none,0.000000,-35,-2339.602658,-1437.374949,12.250000,-1449.624949
1780,-26.629860,-32.535530,-33.535530,-31.535530,noise,sell_to_mm,-33.535530,-34,-2306.067127,-1400.651891,11.560000,-1412.211891
1781,-26.874715,-30.476915,-31.476915,-29.476915,noise,buy_from_mm,-29.476915,-35,-2335.544043,-1394.929011,12.250000,-1407.179011
1782,-25.769924,-30.987474,-31.987474,-29.987474,informed,buy_from_mm,-29.987474,-36,-2365.531517,-1437.814247,12.960000,-1450.774247
1783,-26.351307,-27.568475,-28.568475,-26.568475,informed,buy_from_mm,-26.568475,-37,-2392.099992,-1417.101633,13.690000,-1430.791633
1784,-26.400736,-24.415716,-25.415716,-23.415716,informed,sell_to_mm,-25.415716,-36,-2366.684276,-1416.257780,12.960000,-1429.217780
1785,-26.469545,-31.287745,-32.287745,-30.287745,noise,sell_to_mm,-32.287745,-35,-2334.396530,-1407.962465,12.250000,-1420.212465
1786,-26.894633,-29.135425,-30.135425,-28.135425,noise,sell_to_mm,-30.135425,-34,-2304.261105,-1389.843583,11.560000,-1401.403583
1787,-26.829904,-32.241839,-33.241839,-31.241839,informed,buy_from_mm,-31.241839,-35,-2335.502944,-1396.456300,12.250000,-1408.706300
1788,-27.763717,-26.716051,-27.716051,-25.716051,informed,sell_to_mm,-27.716051,-34,-2307.786892,-1363.820516,11.560000,-1375.380516
1789,-28.644892,-28.063959,-29.063959,-27.063959,informed,none,0.000000,-34,-2307.786892,-1333.860580,11.560000,-1345.420580
1790,-28.866781,-27.311225,-28.311225,-26.311225,informed,sell_to_mm,-28.311225,-33,-2279.475667,-1326.871890,10.890000,-1337.761890
1791,-27.617501,-25.023321,-26.023321,-24.023321,noise,none,0.000000,-33,-2279.475667,-1368.098126,10.890000,-1378.988126
1792,-27.031041,-27.431361,-28.431361,-26.431361,informed,none,0.000000,-33,-2279.475667,-1387.451299,10.890000,-1398.341299
1793,-27.521030,-25.400944,-26.400944,-24.400944,noise,none,0.000000,-33,-2279.475667,-1371.281666,10.890000,-1382.171666
1794,-26.626626,-25.997692,-26.997692,-24.997692,informed,none,0.000000,-33,-2279.475667,-1400.797010,10.890000,-1411.687010
1795,-27.767891,-27.058170,-28.058170,-26.058170,informed,none,0.000000,-33,-2279.475667,-1363.135266,10.890000,-1374.025266
1796,-26.037675,-29.396927,-30.396927,-28.396927,noise,none,0.000000,-33,-2279.475667,-1420.232387,10.890000,-1431.122387
1797,-26.562989,-31.405514,-32.405514,-30.405514,noise,none,0.000000,-33,-2279.475667,-1402.897043,10.890000,-1413.787043
1798,-25.889049,-21.866419,-22.866419,-20.866419,noise,buy_from_mm,-20.866419,-34,-2300.342086,-1420.114410,11.560000,-1431.674410
1799,-24.418193,-28.351986,-29.351986,-27.351986,noise,buy_from_mm,-27.351986,-35,-2327.694073,-1473.057306,12.250000,-1485.307306
1800,-23.829750,-24.421290,-25.421290,-23.421290,informed,none,0.000000,-35,-2327.694073,-1493.652815,12.250000,-1505.902815
1801,-25.015766,-19.856240,-20.856240,-18.856240,noise,none,0.000000,-35,-2327.694073,-1452.142270,12.250000,-1464.392270
1802,-26.238739,-22.305743,-23.305743,-21.305743,noise,none,0.000000,-35,-2327.694073,-1409.338200,12.250000,-1421.588200
1803,-25.225750,-31.677423,-32.677423,-30.677423,informed,buy_from_mm,-30.677423,-36,-2358.371495,-1450.244499,12.960000,-1463.204499
1804,-25.243277,-32.027636,-33.027636,-31.027636,informed,buy_from_mm,-31.027636,-37,-2389.399131,-1455.397864,13.690000,-1469.087864
1805,-25.215139,-28.557337,-29.557337,-27.557337,informed,buy_from_mm,-27.557337,-38,-2416.956468,-1458.781176,14.440000,-1473.221176
1806,-25.142025,-23.840852,-24.840852,-22.840852,noise,sell_to_mm,-24.840852,-37,-2392.115616,-1461.860698,13.690000,-1475.550698
1807,-25.245734,-26.577017,-27.577017,-25.577017,informed,buy_from_mm,-25.577017,-38,-2417.692633,-1458.354733,14.440000,-1472.794733
1808,-26.001614,-30.992592,-31.992592,-29.992592,noise,sell_to_mm,-31.992592,-37,-2385.700041,-1423.640327,13.690000,-1437.330327
1809,-24.720763,-25.444755,-26.444755,-24.444755,informed,none,0.000000,-37,-2385.700041,-1471.031804,13.690000,-1484.721804
1810,-25.735236,-24.019606,-25.019606,-23.019606,informed,sell_to_mm,-25.019606,-36,-2360.680435,-1434.211933,12.960000,-1447.171933
1811,-26.311481,-27.415326,-28.415326,-26.415326,informed,buy_from_mm,-26.415326,-37,-2387.095761,-1413.570967,13.690000,-1427.260967
1812,-27.694840,-31.822440,-32.822440,-30.822440,noise,none,0.000000,-37,-2387.095761,-1362.386690,13.690000,-1376.076690
1813,-27.089938,-26.243693,-27.243693,-25.243693,informed,none,0.000000,-37,-2387.095761,-1384.768064,13.690000,-1398.458064
1814,-27.289563,-33.662367,-34.662367,-32.662367,noise,buy_from_mm,-32.662367,-38,-2419.758128,-1382.754723,14.440000,-1397.194723
1815,-27.484221,-31.213980,-32.213980,-30.213980,noise,sell_to_mm,-32.213980,-37,-2387.544148,-1370.627956,13.690000,-1384.317956
1816,-27.089701,-26.560497,-27.560497,-25.560497,informed,none,0.000000,-37,-2387.544148,-1385.225221,13.690000,-1398.915221
1817,-26.898338,-22.247611,-23.247611,-21.247611,noise,none,0.000000,-37,-2387.544148,-1392.305644,13.690000,-1405.995644
1818,-25.273638,-27.533081,-28.533081,-26.533081,noise,none,0.000000,-37,-2387.544148,-1452.419559,13.690000,-1466.109559
1819,-24.258399,-23.741376,-24.741376,-22.741376,noise,buy_from_mm,-22.741376,-38,-2410.285524,-1488.466376,14.440000,-1502.906376
1820,-22.267723,-27.721827,-28.721827,-26.721827,informed,buy_from_mm,-26.721827,-39,-2437.007351,-1568.566137,15.210000,-1583.776137
1821,-23.130719,-23.270715,-24.270715,-22.270715,informed,none,0.000000,-39,-2437.007351,-1534.909300,15.210000,-1550.119300
1822,-22.571762,-26.511625,-27.511625,-25.511625,noise,none,0.000000,-39,-2437.007351,-1556.708621,15.210000,-1571.918621
1823,-21.909010,-22.040908,-23.040908,-21.040908,informed,none,0.000000,-39,-2437.007351,-1582.555947,15.210000,-1597.765947
1824,-20.726965,-23.099984,-24.099984,-22.099984,informed,buy_from_mm,-22.099984,-40,-2459.107335,-1630.028742,16.000000,-1646.028742
1825,-20.055459,-19.931092,-20.931092,-18.931092,informed,none,0.000000,-40,-2459.107335,-1656.888958,16.000000,-1672.888958
1826,-19.153024,-19.020718,-20.020718,-18.020718,informed,none,0.000000,-40,-2459.107335,-1692.986369,16.000000,-1708.986369
1827,-20.042668,-19.411973,-20.411973,-18.411973,noise,none,0.000000,-40,-2459.107335,-1657.400629,16.000000,-1673.400629
1828,-20.863234,-19.029171,-20.029171,-18.029171,noise,none,0.000000,-40,-2459.107335,-1624.577974,16.000000,-1640.577974
1829,-20.826956,-21.168938,-22.168938,-20.168938,informed,none,0.000000,-40,-2459.107335,-1626.029075,16.000000,-1642.029075
1830,-23.245505,-21.958493,-22.958493,-20.958493,noise,none,0.000000,-40,-2459.107335,-1529.287153,16.000000,-1545.287153
1831,-24.694946,-25.698593,-26.698593,-24.698593,noise,buy_from_mm,-24.698593,-41,-2483.805928,-1471.313127,16.810000,-1488.123127
1832,-25.867506,-20.636834,-21.636834,-19.636834,noise,none,0.000000,-41,-2483.805928,-1423.238200,16.810000,-1440.048200
1833,-26.731429,-27.597402,-28.597402,-26.597402,informed,none,0.000000,-41,-2483.805928,-1387.817342,16.810000,-1404.627342
1834,-27.310643,-26.785610,-27.785610,-25.785610,informed,none,0.000000,-41,-2483.805928,-1364.069545,16.810000,-1380.879545
1835,-27.740181,-26.566379,-27.566379,-25.566379,noise,none,0.000000,-41,-2483.805928,-1346.458489,16.810000,-1363.268489
1836,-26.855032,-30.671598,-31.671598,-29.671598,noise,buy_from_mm,-29.671598,-42,-2513.477526,-1385.566201,17.640000,-1403.206201
1837,-27.437042,-27.690731,-28.690731,-26.690731,noise,buy_from_mm,-26.690731,-43,-2540.168257,-1360.375466,18.490000,-1378.865466
1838,-29.023972,-36.328865,-37.328865,-35.328865,noise,none,0.000000,-43,-2540.168257,-1292.137472,18.490000,-1310.627472
1839,-30.326433,-37.820205,-38.820205,-36.820205,informed,buy_from_mm,-36.820205,-44,-2576.988462,-1242.625426,19.360000,-1261.985426
1840,-30.150208,-33.555569,-34.555569,-32.555569,noise,none,0.000000,-44,-2576.988462,-1250.379315,19.360000,-1269.739315
1841,-30.885576,-25.193820,-26.193820,-24.193820,informed,sell_to_mm,-26.193820,-43,-2550.794643,-1222.714860,18.490000,-1241.204860
1842,-31.730407,-29.912163,-30.912163,-28.912163,informed,sell_to_mm,-30.912163,-42,-2519.882479,-1187.205367,17.640000,-1204.845367
1843,-31.417146,-29.389064,-30.389064,-28.389064,noise,buy_from_mm,-28.389064,-43,-2548.271544,-1197.334267,18.490000,-1215.824267
1844,-31.810371,-37.847258,-38.847258,-36.847258,informed,buy_from_mm,-36.847258,-44,-2585.118801,-1185.462482,19.360000,-1204.822482
1845,-30.731095,-30.284812,-31.284812,-29.284812,noise,none,0.000000,-44,-2585.118801,-1232.950624,19.360000,-1252.310624
1846,-29.098335,-30.899562,-31.899562,-29.899562,noise,buy_from_mm,-29.899562,-45,-2615.018363,-1305.593289,20.250000,-1325.843289
1847,-29.048580,-35.783999,-36.783999,-34.783999,informed,buy_from_mm,-34.783999,-46,-2649.802363,-1313.567687,21.160000,-1334.727687
1848,-27.486822,-31.131706,-32.131706,-30.131706,informed,buy_from_mm,-30.131706,-47,-2679.934068,-1388.053436,22.090000,-1410.143436
1849,-27.557718,-31.669633,-32.669633,-30.669633,noise,none,0.000000,-47,-2679.934068,-1384.721318,22.090000,-1406.811318
1850,-26.060595,-33.728457,-34.728457,-32.728457,noise,none,0.000000,-47,-2679.934068,-1455.086086,22.090000,-1477.176086
1851,-25.989713,-25.990989,-26.990989,-24.990989,informed,none,0.000000,-47,-2679.934068,-1458.417550,22.090000,-1480.507550
1852,-28.950033,-30.950777,-31.950777,-29.950777,informed,buy_from_mm,-29.950777,-48,-2709.884845,-1320.283253,23.040000,-1343.323253
1853,-29.246757,-29.052445,-30.052445,-28.052445,informed,none,0.000000,-48,-2709.884845,-1306.040531,23.040000,-1329.080531
1854,-27.439202,-33.048585,-34.048585,-32.048585,noise,none,0.000000,-48,-2709.884845,-1392.803129,23.040000,-1415.843129
1855,-27.681203,-21.889547,-22.889547,-20.889547,noise,buy_from_mm,-20.889547,-49,-2730.774392,-1374.395429,24.010000,-1398.405429
1856,-26.993615,-22.567606,-23.567606,-21.567606,noise,none,0.000000,-49,-2730.774392,-1408.087260,24.010000,-1432.097260
1857,-26.806834,-25.547987,-26.547987,-24.547987,noise,none,0.000000,-49,-2730.774392,-1417.239533,24.010000,-1441.249533
1858,-29.182473,-32.571440,-33.571440,-31.571440,noise,none,0.000000,-49,-2730.774392,-1300.833214,24.010000,-1324.843214
1859,-27.534028,-26.910759,-27.910759,-25.910759,noise,none,0.000000,-49,-2730.774392,-1381.607035,24.010000,-1405.617035
1860,-27.141764,-28.127515,-29.127515,-27.127515,informed,none,0.000000,-49,-2730.774392,-1400.827967,24.010000,-1424.837967
1861,-26.279833,-28.682429,-29.682429,-27.682429,informed,buy_from_mm,-27.682429,-50,-2758.456821,-1444.465173,25.000000,-1469.465173
1862,-26.881258,-21.259323,-22.259323,-20.259323,noise,none,0.000000,-50,-2758.456821,-1414.393904,25.000000,-1439.393904
1863,-26.501323,-25.704102,-26.704102,-24.704102,informed,none,0.000000,-50,-2758.456821,-1433.390688,25.000000,-1458.390688
1864,-27.607674,-30.445660,-31.445660,-29.445660,noise,buy_from_mm,-29.445660,-51,-2787.902481,-1379.911106,26.010000,-1405.921106
1865,-27.449301,-31.023279,-32.023279,-30.023279,informed,buy_from_mm,-30.023279,-52,-2817.925761,-1390.562095,27.040000,-1417.602095
1866,-28.520780,-26.392717,-27.392717,-25.392717,noise,buy_from_mm,-25.392717,-53,-2843.318478,-1331.717121,28.090000,-1359.807121
1867,-29.129447,-32.758179,-33.758179,-31.758179,noise,sell_to_mm,-33.758179,-52,-2809.560299,-1294.829055,27.040000,-1321.869055
1868,-31.533611,-31.917461,-32.917461,-30.917461,noise,sell_to_mm,-32.917461,-51,-2776.642838,-1168.428682,26.010000,-1194.438682
1869,-31.720340,-28.754901,-29.754901,-27.754901,informed,sell_to_mm,-29.754901,-50,-2746.887937,-1160.870928,25.000000,-1185.870928
1870,-32.404641,-34.408748,-35.408748,-33.408748,noise,none,0.000000,-50,-2746.887937,-1126.655903,25.000000,-1151.655903
1871,-31.198189,-37.079321,-38.079321,-36.079321,noise,sell_to_mm,-38.079321,-49,-2708.808616,-1180.097337,24.010000,-1204.107337
1872,-31.177634,-34.230343,-35.230343,-33.230343,informed,buy_from_mm,-33.230343,-50,-2742.038959,-1183.157269,25.000000,-1208.157269
1873,-31.008293,-27.068825,-28.068825,-26.068825,informed,sell_to_mm,-28.068825,-49,-2713.970133,-1194.563757,24.010000,-1218.573757
1874,-31.038186,-29.610868,-30.610868,-28.610868,noise,none,0.000000,-49,-2713.970133,-1193.099030,24.010000,-1217.109030
1875,-31.748689,-36.926018,-37.926018,-35.926018,noise,none,0.000000,-49,-2713.970133,-1158.284387,24.010000,-1182.294387
1876,-31.881885,-33.796635,-34.796635,-32.796635,informed,buy_from_mm,-32.796635,-50,-2746.766769,-1152.672515,25.000000,-1177.672515
1877,-31.541789,-26.273780,-27.273780,-25.273780,informed,sell_to_mm,-27.273780,-49,-2719.492989,-1173.945334,24.010000,-1197.955334
1878,-31.557150,-37.075201,-38.075201,-36.075201,noise,none,0.000000,-49,-2719.492989,-1173.192643,24.010000,-1197.202643
1879,-33.056702,-32.120363,-33.120363,-31.120363,noise,none,0.000000,-49,-2719.492989,-1099.714597,24.010000,-1123.724597
1880,-32.871169,-36.770679,-37.770679,-35.770679,noise,none,0.000000,-49,-2719.492989,-1108.805723,24.010000,-1132.815723
1881,-32.852194,-32.386371,-33.386371,-31.386371,informed,none,0.000000,-49,-2719.492989,-1109.735478,24.010000,-1133.745478
1882,-35.008680,-35.514415,-36.514415,-34.514415,noise,buy_from_mm,-34.514415,-50,-2754.007404,-1003.573413,25.000000,-1028.573413
1883,-34.550921,-31.272672,-32.272672,-30.272672,informed,sell_to_mm,-32.272672,-49,-2721.734732,-1028.739609,24.010000,-1052.749609
1884,-35.209258,-37.738714,-38.738714,-36.738714,noise,none,0.000000,-49,-2721.734732,-996.481096,24.010000,-1020.491096
1885,-35.492733,-31.281709,-32.281709,-30.281709,noise,none,0.000000,-49,-2721.734732,-982.590823,24.010000,-1006.600823
1886,-35.446953,-38.808035,-39.808035,-37.808035,noise,none,0.000000,-49,-2721.734732,-984.834029,24.010000,-1008.844029
1887,-35.512448,-33.676848,-34.676848,-32.676848,noise,none,0.000000,-49,-2721.734732,-981.624782,24.010000,-1005.634782
1888,-36.140669,-33.694322,-34.694322,-32.694322,noise,sell_to_mm,-34.694322,-48,-2687.040410,-952.288290,23.040000,-975.328290
1889,-35.976436,-32.937637,-33.937637,-31.937637,noise,buy_from_mm,-31.937637,-49,-2718.978046,-956.132698,24.010000,-980.142698
1890,-36.423219,-40.189405,-41.189405,-39.189405,noise,none,0.000000,-49,-2718.978046,-934.240325,24.010000,-958.250325
1891,-36.055191,-40.383647,-41.383647,-39.383647,noise,none,0.000000,-49,-2718.978046,-952.273687,24.010000,-976.283687
1892,-35.841295,-41.691010,-42.691010,-40.691010,informed,buy_from_mm,-40.691010,-50,-2759.669056,-967.604307,25.000000,-992.604307
1893,-35.871790,-30.189133,-31.189133,-29.189133,noise,sell_to_mm,-31.189133,-49,-2728.479923,-970.762202,24.010000,-994.772202
1894,-35.356841,-33.509752,-34.509752,-32.509752,informed,sell_to_mm,-34.509752,-48,-2693.970171,-996.841817,23.040000,-1019.881817
1895,-35.070721,-30.927908,-31.927908,-29.927908,noise,none,0.000000,-48,-2693.970171,-1010.575540,23.040000,-1033.615540
1896,-34.236400,-28.038099,-29.038099,-27.038099,noise,none,0.000000,-48,-2693.970171,-1050.622974,23.040000,-1073.662974
1897,-33.311097,-35.380498,-36.380498,-34.380498,noise,sell_to_mm,-36.380498,-47,-2657.589673,-1091.968128,22.090000,-1114.058128
1898,-33.253867,-33.410600,-34.410600,-32.410600,noise,none,0.000000,-47,-2657.589673,-1094.657926,22.090000,-1116.747926
1899,-34.251562,-36.590777,-37.590777,-35.590777,informed,buy_from_mm,-35.590777,-48,-2693.180450,-1049.105488,23.040000,-1072.145488
1900,-33.535119,-31.840192,-32.840192,-30.840192,noise,none,0.000000,-48,-2693.180450,-1083.494755,23.040000,-1106.534755
1901,-33.265500,-38.898681,-39.898681,-37.898681,noise,none,0.000000,-48,-2693.180450,-1096.436465,23.040000,-1119.476465
1902,-30.454355,-30.562250,-31.562250,-29.562250,informed,none,0.000000,-48,-2693.180450,-1231.371429,23.040000,-1254.411429
1903,-32.515139,-33.226482,-34.226482,-32.226482,noise,none,0.000000,-48,-2693.180450,-1132.453762,23.040000,-1155.493762
1904,-31.180578,-28.086812,-29.086812,-27.086812,noise,none,0.000000,-48,-2693.180450,-1196.512711,23.040000,-1219.552711
1905,-29.448895,-30.534738,-31.534738,-29.534738,noise,buy_from_mm,-29.534738,-49,-2722.715188,-1279.719319,24.010000,-1303.729319
1906,-29.326792,-32.570578,-33.570578,-31.570578,noise,none,0.000000,-49,-2722.715188,-1285.702374,24.010000,-1309.712374
1907,-30.802813,-26.345499,-27.345499,-25.345499,noise,none,0.000000,-49,-2722.715188,-1213.377344,24.010000,-1237.387344
1908,-31.811257,-31.332867,-32.332867,-30.332867,noise,none,0.000000,-49,-2722.715188,-1163.963616,24.010000,-1187.973616
1909,-32.202165,-30.274626,-31.274626,-29.274626,noise,none,0.000000,-49,-2722.715188,-1144.809126,24.010000,-1168.819126
1910,-31.894699,-29.074146,-30.074146,-28.074146,noise,none,0.000000,-49,-2722.715188,-1159.874942,24.010000,-1183.884942
1911,-30.864361,-40.007304,-41.007304,-39.007304,noise,none,0.000000,-49,-2722.715188,-1210.361494,24.010000,-1234.371494
1912,-30.567072,-25.256650,-26.256650,-24.256650,noise,none,0.000000,-49,-2722.715188,-1224.928648,24.010000,-1248.938648
1913,-30.804518,-37.010518,-38.010518,-36.010518,noise,none,0.000000,-49,-2722.715188,-1213.293789,24.010000,-1237.303789
1914,-30.740098,-33.595175,-34.595175,-32.595175,informed,buy_from_mm,-32.595175,-50,-2755.310363,-1218.305452,25.000000,-1243.305452
1915,-32.300477,-28.509441,-29.509441,-27.509441,informed,sell_to_mm,-29.509441,-49,-2725.800922,-1143.077557,24.010000,-1167.087557
1916,-32.693087,-29.359981,-30.359981,-28.359981,noise,buy_from_mm,-28.359981,-50,-2754.160903,-1119.506576,25.000000,-1144.506576
1917,-30.400637,-27.460250,-28.460250,-26.460250,noise,none,0.000000,-50,-2754.160903,-1234.129051,25.000000,-1259.129051
1918,-29.999556,-24.859212,-25.859212,-23.859212,noise,sell_to_mm,-25.859212,-49,-2728.301692,-1258.323460,24.010000,-1282.333460
1919,-29.287303,-30.347756,-31.347756,-29.347756,noise,none,0.000000,-49,-2728.301692,-1293.223840,24.010000,-1317.233840
1920,-27.070452,-27.117620,-28.117620,-26.117620,informed,none,0.000000,-49,-2728.301692,-1401.849558,24.010000,-1425.859558
1921,-26.408636,-23.077523,-24.077523,-22.077523,informed,sell_to_mm,-24.077523,-48,-2704.224169,-1436.609648,23.040000,-1459.649648
1922,-27.599467,-27.500269,-28.500269,-26.500269,noise,none,0.000000,-48,-2704.224169,-1379.449770,23.040000,-1402.489770
1923,-27.237859,-31.233850,-32.233850,-30.233850,informed,buy_from_mm,-30.233850,-49,-2734.458019,-1399.802941,24.010000,-1423.812941
1924,-26.193304,-29.845297,-30.845297,-28.845297,noise,sell_to_mm,-30.845297,-48,-2703.612722,-1446.334130,23.040000,-1469.374130
1925,-28.072633,-36.324686,-37.324686,-35.324686,noise,none,0.000000,-48,-2703.612722,-1356.126336,23.040000,-1379.166336
1926,-28.820760,-36.543178,-37.543178,-35.543178,informed,buy_from_mm,-35.543178,-49,-2739.155900,-1326.938652,24.010000,-1350.948652
1927,-29.418371,-29.693962,-30.693962,-28.693962,noise,none,0.000000,-49,-2739.155900,-1297.655715,24.010000,-1321.665715
1928,-31.390023,-31.010558,-32.010558,-30.010558,noise,none,0.000000,-49,-2739.155900,-1201.044795,24.010000,-1225.054795
1929,-30.862453,-27.118608,-28.118608,-26.118608,informed,sell_to_mm,-28.118608,-48,-2711.037293,-1229.639549,23.040000,-1252.679549
1930,-30.044991,-31.387692,-32.387692,-30.387692,noise,none,0.000000,-48,-2711.037293,-1268.877702,23.040000,-1291.917702
1931,-28.736136,-34.559839,-35.559839,-33.559839,informed,buy_from_mm,-33.559839,-49,-2744.597131,-1336.526448,24.010000,-1360.536448
1932,-28.104803,-31.956650,-32.956650,-30.956650,informed,buy_from_mm,-30.956650,-50,-2775.553781,-1370.313616,25.000000,-1395.313616
1933,-27.229601,-22.981010,-23.981010,-21.981010,noise,sell_to_mm,-23.981010,-49,-2751.572771,-1417.322325,24.010000,-1441.332325
1934,-28.721689,-31.096356,-32.096356,-30.096356,informed,buy_from_mm,-30.096356,-50,-2781.669127,-1345.584661,25.000000,-1370.584661
1935,-31.043192,-26.192061,-27.192061,-25.192061,informed,sell_to_mm,-27.192061,-49,-2754.477066,-1233.360650,24.010000,-1257.370650
1936,-30.839756,-20.681611,-21.681611,-19.681611,informed,sell_to_mm,-21.681611,-48,-2732.795455,-1252.487188,23.040000,-1275.527188
1937,-30.720489,-30.719536,-31.719536,-29.719536,noise,none,0.000000,-48,-2732.795455,-1258.211975,23.040000,-1281.251975
1938,-31.057255,-26.447370,-27.447370,-25.447370,informed,sell_to_mm,-27.447370,-47,-2705.348085,-1245.657077,22.090000,-1267.747077
1939,-32.138260,-39.555530,-40.555530,-38.555530,informed,buy_from_mm,-38.555530,-48,-2743.903615,-1201.267113,23.040000,-1224.307113
1940,-31.665846,-31.688968,-32.688968,-30.688968,informed,none,0.000000,-48,-2743.903615,-1223.943001,23.040000,-1246.983001
1941,-30.744308,-30.411770,-31.411770,-29.411770,informed,none,0.000000,-48,-2743.903615,-1268.176835,23.040000,-1291.216835
1942,-32.166487,-30.139564,-31.139564,-29.139564,noise,none,0.000000,-48,-2743.903615,-1199.912243,23.040000,-1222.952243
1943,-33.588938,-37.904811,-38.904811,-36.904811,informed,buy_from_mm,-36.904811,-49,-2780.808426,-1134.950446,24.010000,-1158.960446
1944,-34.343135,-36.814597,-37.814597,-35.814597,noise,buy_from_mm,-35.814597,-50,-2816.623023,-1099.466286,25.000000,-1124.466286
1945,-36.790695,-33.285589,-34.285589,-32.285589,noise,none,0.000000,-50,-2816.623023,-977.088262,25.000000,-1002.088262
1946,-35.598500,-39.785692,-40.785692,-38.785692,informed,buy_from_mm,-38.785692,-51,-2855.408715,-1039.885234,26.010000,-1065.895234
1947,-35.422702,-41.639645,-42.639645,-40.639645,noise,none,0.000000,-51,-2855.408715,-1048.850915,26.010000,-1074.860915
1948,-34.830835,-34.767835,-35.767835,-33.767835,noise,none,0.000000,-51,-2855.408715,-1079.036154,26.010000,-1105.046154
1949,-33.250650,-32.602184,-33.602184,-31.602184,informed,none,0.000000,-51,-2855.408715,-1159.625566,26.010000,-1185.635566
1950,-32.723179,-37.514828,-38.514828,-36.514828,noise,sell_to_mm,-38.514828,-50,-2816.893887,-1180.734960,25.000000,-1205.734960
1951,-32.637983,-32.065418,-33.065418,-31.065418,noise,none,0.000000,-50,-2816.893887,-1184.994733,25.000000,-1209.994733
1952,-31.709087,-28.436983,-29.436983,-27.436983,informed,sell_to_mm,-29.436983,-49,-2787.456904,-1233.711657,24.010000,-1257.721657
1953,-33.188983,-27.167672,-28.167672,-26.167672,noise,none,0.000000,-49,-2787.456904,-1161.196716,24.010000,-1185.206716
1954,-33.608019,-32.216043,-33.216043,-31.216043,noise,none,0.000000,-49,-2787.456904,-1140.663983,24.010000,-1164.673983
1955,-34.107327,-40.761673,-41.761673,-39.761673,noise,none,0.000000,-49,-2787.456904,-1116.197870,24.010000,-1140.207870
1956,-32.388519,-30.308802,-31.308802,-29.308802,informed,sell_to_mm,-31.308802,-48,-2756.148102,-1201.499191,23.040000,-1224.539191
1957,-33.961605,-29.019142,-30.019142,-28.019142,informed,sell_to_mm,-30.019142,-47,-2726.128960,-1129.933536,22.090000,-1152.023536
1958,-31.825062,-29.651099,-30.651099,-28.651099,noise,sell_to_mm,-30.651099,-46,-2695.477862,-1231.525020,21.160000,-1252.685020
1959,-31.048714,-27.714044,-28.714044,-26.714044,noise,none,0.000000,-46,-2695.477862,-1267.237029,21.160000,-1288.397029
1960,-32.549633,-31.454703,-32.454703,-30.454703,noise,none,0.000000,-46,-2695.477862,-1198.194732,21.160000,-1219.354732
1961,-33.423562,-35.797510,-36.797510,-34.797510,informed,buy_from_mm,-34.797510,-47,-2730.275372,-1159.367940,22.090000,-1181.457940
1962,-33.094048,-36.909347,-37.909347,-35.909347,informed,buy_from_mm,-35.909347,-48,-2766.184719,-1177.670427,23.040000,-1200.710427
1963,-33.359556,-28.233794,-29.233794,-27.233794,informed,sell_to_mm,-29.233794,-47,-2736.950925,-1169.051788,22.090000,-1191.141788
1964,-32.663268,-33.951430,-34.951430,-32.951430,noise,none,0.000000,-47,-2736.950925,-1201.777338,22.090000,-1223.867338
1965,-32.213935,-35.530395,-36.530395,-34.530395,noise,buy_from_mm,-34.530395,-48,-2771.481320,-1225.212459,23.040000,-1248.252459
1966,-31.647756,-28.569289,-29.569289,-27.569289,informed,sell_to_mm,-29.569289,-47,-2741.912031,-1254.467496,22.090000,-1276.557496
1967,-31.375735,-32.874844,-33.874844,-31.874844,informed,buy_from_mm,-31.874844,-48,-2773.786875,-1267.751588,23.040000,-1290.791588
1968,-33.550325,-34.630336,-35.630336,-33.630336,informed,buy_from_mm,-33.630336,-49,-2807.417211,-1163.451292,24.010000,-1187.461292
1969,-34.250526,-36.426090,-37.426090,-35.426090,informed,buy_from_mm,-35.426090,-50,-2842.843301,-1130.316989,25.000000,-1155.316989
1970,-34.794074,-37.669391,-38.669391,-36.669391,informed,buy_from_mm,-36.669391,-51,-2879.512691,-1105.014917,26.010000,-1131.024917
1971,-35.650349,-39.035535,-40.035535,-38.035535,noise,sell_to_mm,-40.035535,-50,-2839.477156,-1056.959682,25.000000,-1081.959682
1972,-36.946551,-34.783201,-35.783201,-33.783201,noise,sell_to_mm,-35.783201,-49,-2803.693956,-993.312942,24.010000,-1017.322942
1973,-37.178792,-43.456525,-44.456525,-42.456525,noise,sell_to_mm,-44.456525,-48,-2759.237430,-974.655417,23.040000,-997.695417
1974,-39.572744,-38.422818,-39.422818,-37.422818,informed,sell_to_mm,-39.422818,-47,-2719.814613,-859.895643,22.090000,-881.985643
1975,-40.834676,-46.243683,-47.243683,-45.243683,informed,buy_from_mm,-45.243683,-48,-2765.058295,-804.993856,23.040000,-828.033856
1976,-41.977868,-35.527716,-36.527716,-34.527716,noise,none,0.000000,-48,-2765.058295,-750.120644,23.040000,-773.160644
1977,-41.314160,-35.968066,-36.968066,-34.968066,noise,none,0.000000,-48,-2765.058295,-781.978626,23.040000,-805.018626
1978,-40.201450,-38.155868,-39.155868,-37.155868,informed,sell_to_mm,-39.155868,-47,-2725.902428,-836.434266,22.090000,-858.524266
1979,-39.332037,-39.657797,-40.657797,-38.657797,noise,none,0.000000,-47,-2725.902428,-877.296705,22.090000,-899.386705
1980,-40.474626,-39.442738,-40.442738,-38.442738,noise,none,0.000000,-47,-2725.902428,-823.595004,22.090000,-845.685004
1981,-40.541882,-39.909863,-40.909863,-38.909863,noise,none,0.000000,-47,-2725.902428,-820.433993,22.090000,-842.523993
1982,-40.148950,-38.132406,-39.132406,-37.132406,informed,sell_to_mm,-39.132406,-46,-2686.770022,-839.918330,21.160000,-861.078330
1983,-39.756827,-43.718486,-44.718486,-42.718486,informed,buy_from_mm,-42.718486,-47,-2729.488507,-860.917658,22.090000,-883.007658
1984,-40.381616,-42.333682,-43.333682,-41.333682,noise,none,0.000000,-47,-2729.488507,-831.552570,22.090000,-853.642570
1985,-40.259953,-40.885995,-41.885995,-39.885995,noise,none,0.000000,-47,-2729.488507,-837.270716,22.090000,-859.360716
1986,-39.745765,-43.620534,-44.620534,-42.620534,informed,buy_from_mm,-42.620534,-48,-2772.109041,-864.312326,23.040000,-887.352326
1987,-38.353610,-37.151421,-38.151421,-36.151421,informed,sell_to_mm,-38.151421,-47,-2733.957620,-931.337927,22.090000,-953.427927
1988,-39.197564,-36.300314,-37.300314,-35.300314,informed,sell_to_mm,-37.300314,-46,-2696.657306,-893.569358,21.160000,-914.729358
1989,-38.661079,-42.879926,-43.879926,-41.879926,noise,buy_from_mm,-41.879926,-47,-2738.537232,-921.466542,22.090000,-943.556542
1990,-38.578319,-45.564457,-46.564457,-44.564457,informed,buy_from_mm,-44.564457,-48,-2783.101689,-931.342371,23.040000,-954.382371
1991,-36.365741,-31.452541,-32.452541,-30.452541,informed,sell_to_mm,-32.452541,-47,-2750.649148,-1041.459321,22.090000,-1063.549321
1992,-36.165922,-40.678566,-41.678566,-39.678566,noise,none,0.000000,-47,-2750.649148,-1050.850833,22.090000,-1072.940833
1993,-35.104197,-33.850498,-34.850498,-32.850498,noise,none,0.000000,-47,-2750.649148,-1100.751890,22.090000,-1122.841890
1994,-35.347149,-34.421350,-35.421350,-33.421350,informed,none,0.000000,-47,-2750.649148,-1089.333128,22.090000,-1111.423128
1995,-34.817907,-36.079573,-37.079573,-35.079573,informed,buy_from_mm,-35.079573,-48,-2785.728721,-1114.469171,23.040000,-1137.509171
1996,-35.007045,-29.134875,-30.134875,-28.134875,noise,none,0.000000,-48,-2785.728721,-1105.390573,23.040000,-1128.430573
1997,-36.856488,-35.381603,-36.381603,-34.381603,noise,none,0.000000,-48,-2785.728721,-1016.617280,23.040000,-1039.657280
1998,-36.710712,-34.558695,-35.558695,-33.558695,informed,sell_to_mm,-35.558695,-47,-2750.170026,-1024.766576,22.090000,-1046.856576
1999,-35.656149,-33.596777,-34.596777,-32.596777,noise,none,0.000000,-47,-2750.170026,-1074.331029,22.090000,-1096.421029
2000,-32.950948,-34.517111,-35.517111,-33.517111,noise,none,0.000000,-47,-2750.170026,-1201.475480,22.090000,-1223.565480
