t,true_value,signal,bid,ask,trader_type,trade_side,trade_price,inventory,cash,pnl_mark_to_true,inv_penalty,risk_adj_pnl
1,1.096859,1.706434,0.706434,2.706434,noise,none,0.000000,0,0.000000,0.000000,0.000000,0.000000
2,-0.522716,1.846853,0.846853,2.846853,informed,sell_to_mm,0.846853,1,-0.846853,-1.369569,0.010000,-1.379569
3,-0.227359,0.129236,-0.870764,1.129236,noise,buy_from_mm,1.129236,0,0.282383,0.282383,0.000000,0.282383
4,0.404522,1.984802,0.984802,2.984802,informed,sell_to_mm,0.984802,1,-0.702419,-0.297898,0.010000,-0.307898
5,1.019063,2.145606,1.145606,3.145606,informed,sell_to_mm,1.145606,2,-1.848026,0.190101,0.040000,0.150101
6,1.005990,1.382349,0.382349,2.382349,informed,none,0.000000,2,-1.848026,0.163955,0.040000,0.123955
7,0.903847,1.609964,0.609964,2.609964,noise,none,0.000000,2,-1.848026,-0.040331,0.040000,-0.080331
8,0.905456,1.073010,0.073010,2.073010,informed,none,0.000000,2,-1.848026,-0.037113,0.040000,-0.077113
9,-0.258249,0.629052,-0.370948,1.629052,noise,buy_from_mm,1.629052,1,-0.218974,-0.477223,0.010000,-0.487223
10,0.421131,0.460395,-0.539605,1.460395,noise,none,0.000000,1,-0.218974,0.202157,0.010000,0.192157
11,0.348033,-0.927490,-1.927490,0.072510,informed,buy_from_mm,0.072510,0,-0.146464,-0.146464,0.000000,-0.146464
12,0.368872,0.197775,-0.802225,1.197775,informed,none,0.000000,0,-0.146464,-0.146464,0.000000,-0.146464
13,0.532200,0.976520,-0.023480,1.976520,noise,none,0.000000,0,-0.146464,-0.146464,0.000000,-0.146464
14,0.720819,0.822133,-0.177867,1.822133,informed,none,0.000000,0,-0.146464,-0.146464,0.000000,-0.146464
15,-0.145264,0.202486,-0.797514,1.202486,noise,sell_to_mm,-0.797514,1,0.651050,0.505786,0.010000,0.495786
16,-0.318297,1.016638,0.016638,2.016638,informed,sell_to_mm,0.016638,2,0.634413,-0.002181,0.040000,-0.042181
17,1.747482,2.004853,1.004853,3.004853,noise,none,0.000000,2,0.634413,4.129377,0.040000,4.089377
18,0.879222,0.625908,-0.374092,1.625908,noise,none,0.000000,2,0.634413,2.392856,0.040000,2.352856
19,2.572631,1.926511,0.926511,2.926511,informed,none,0.000000,2,0.634413,5.779675,0.040000,5.739675
20,1.480152,2.706530,1.706530,3.706530,noise,none,0.000000,2,0.634413,3.594717,0.040000,3.554717
21,1.446089,-1.015160,-2.015160,-0.015160,noise,buy_from_mm,-0.015160,1,0.619253,2.065342,0.010000,2.055342
22,1.758609,1.457043,0.457043,2.457043,informed,none,0.000000,1,0.619253,2.377861,0.010000,2.367861
23,1.569101,2.105638,1.105638,3.105638,informed,none,0.000000,1,0.619253,2.188354,0.010000,2.178354
24,0.427332,0.305422,-0.694578,1.305422,informed,none,0.000000,1,0.619253,1.046585,0.010000,1.036585
25,-0.125567,-1.229701,-2.229701,-0.229701,informed,buy_from_mm,-0.229701,0,0.389552,0.389552,0.000000,0.389552
26,0.448044,0.866350,-0.133650,1.866350,informed,none,0.000000,0,0.389552,0.389552,0.000000,0.389552
27,1.032521,1.673191,0.673191,2.673191,noise,none,0.000000,0,0.389552,0.389552,0.000000,0.389552
28,1.216304,1.652343,0.652343,2.652343,informed,none,0.000000,0,0.389552,0.389552,0.000000,0.389552
29,1.458924,2.158037,1.158037,3.158037,informed,none,0.000000,0,0.389552,0.389552,0.000000,0.389552
30,3.404550,3.814622,2.814622,4.814622,noise,none,0.000000,0,0.389552,0.389552,0.000000,0.389552
31,2.454693,2.427593,1.427593,3.427593,noise,sell_to_mm,1.427593,1,-1.038041,1.416652,0.010000,1.406652
32,1.979771,2.441931,1.441931,3.441931,noise,none,0.000000,1,-1.038041,0.941730,0.010000,0.931730
33,2.674326,4.005997,3.005997,5.005997,noise,none,0.000000,1,-1.038041,1.636285,0.010000,1.626285
34,2.693572,2.223490,1.223490,3.223490,noise,buy_from_mm,3.223490,0,2.185449,2.185449,0.000000,2.185449
35,3.619735,4.868397,3.868397,5.868397,noise,buy_from_mm,5.868397,-1,8.053846,4.434112,0.010000,4.424112
36,2.932224,1.682169,0.682169,2.682169,noise,none,0.000000,-1,8.053846,5.121623,0.010000,5.111623
37,3.365255,3.006526,2.006526,4.006526,noise,sell_to_mm,2.006526,0,6.047321,6.047321,0.000000,6.047321
38,3.756395,3.343481,2.343481,4.343481,noise,sell_to_mm,2.343481,1,3.703840,7.460235,0.010000,7.450235
39,3.592307,2.485028,1.485028,3.485028,noise,sell_to_mm,1.485028,2,2.218812,9.403427,0.040000,9.363427
40,2.988493,3.030294,2.030294,4.030294,noise,none,0.000000,2,2.218812,8.195799,0.040000,8.155799
41,1.252737,-0.495821,-1.495821,0.504179,noise,buy_from_mm,0.504179,1,2.722991,3.975728,0.010000,3.965728
42,0.332971,0.162542,-0.837458,1.162542,informed,none,0.000000,1,2.722991,3.055963,0.010000,3.045963
43,-1.162599,-0.156287,-1.156287,0.843713,informed,sell_to_mm,-1.156287,2,3.879278,1.554081,0.040000,1.514081
44,-2.197731,-0.761222,-1.761222,0.238778,noise,none,0.000000,2,3.879278,-0.516184,0.040000,-0.556184
45,-2.849272,-3.882624,-4.882624,-2.882624,informed,buy_from_mm,-2.882624,1,0.996654,-1.852618,0.010000,-1.862618
46,-2.280630,-2.893570,-3.893570,-1.893570,noise,none,0.000000,1,0.996654,-1.283976,0.010000,-1.293976
47,-3.229547,-1.589601,-2.589601,-0.589601,noise,buy_from_mm,-0.589601,0,0.407052,0.407052,0.000000,0.407052
48,-4.229530,-4.367498,-5.367498,-3.367498,informed,none,0.000000,0,0.407052,0.407052,0.000000,0.407052
49,-5.307773,-5.359433,-6.359433,-4.359433,informed,none,0.000000,0,0.407052,0.407052,0.000000,0.407052
50,-4.913603,-4.220975,-5.220975,-3.220975,noise,none,0.000000,0,0.407052,0.407052,0.000000,0.407052
51,-3.218487,-3.213557,-4.213557,-2.213557,noise,none,0.000000,0,0.407052,0.407052,0.000000,0.407052
52,-2.289305,-2.468568,-3.468568,-1.468568,informed,none,0.000000,0,0.407052,0.407052,0.000000,0.407052
53,-3.239976,-4.006260,-5.006260,-3.006260,noise,sell_to_mm,-5.006260,1,5.413312,2.173336,0.010000,2.163336
54,-2.342021,-1.613441,-2.613441,-0.613441,noise,buy_from_mm,-0.613441,0,4.799871,4.799871,0.000000,4.799871
55,-0.171820,1.606767,0.606767,2.606767,informed,sell_to_mm,0.606767,1,4.193105,4.021285,0.010000,4.011285
56,-0.607428,0.396622,-0.603378,1.396622,informed,sell_to_mm,-0.603378,2,4.796483,3.581627,0.040000,3.541627
57,-0.384264,-1.647056,-2.647056,-0.647056,informed,buy_from_mm,-0.647056,1,4.149427,3.765163,0.010000,3.755163
58,1.491826,1.732244,0.732244,2.732244,noise,sell_to_mm,0.732244,2,3.417183,6.400834,0.040000,6.360834
59,1.545899,-0.045780,-1.045780,0.954220,informed,buy_from_mm,0.954220,1,4.371403,5.917301,0.010000,5.907301
60,1.086268,3.957638,2.957638,4.957638,noise,none,0.000000,1,4.371403,5.457671,0.010000,5.447671
61,0.768599,1.934118,0.934118,2.934118,noise,none,0.000000,1,4.371403,5.140001,0.010000,5.130001
62,0.558043,-1.887795,-2.887795,-0.887795,informed,buy_from_mm,-0.887795,0,3.483607,3.483607,0.000000,3.483607
63,2.349925,0.386015,-0.613985,1.386015,informed,buy_from_mm,1.386015,-1,4.869622,2.519697,0.010000,2.509697
64,1.615318,2.244271,1.244271,3.244271,informed,none,0.000000,-1,4.869622,3.254305,0.010000,3.244305
65,2.565019,2.278879,1.278879,3.278879,noise,sell_to_mm,1.278879,0,3.590743,3.590743,0.000000,3.590743
66,2.232349,2.008679,1.008679,3.008679,noise,none,0.000000,0,3.590743,3.590743,0.000000,3.590743
67,2.650544,2.021492,1.021492,3.021492,noise,none,0.000000,0,3.590743,3.590743,0.000000,3.590743
68,2.689441,2.780912,1.780912,3.780912,informed,none,0.000000,0,3.590743,3.590743,0.000000,3.590743
69,3.415884,3.144180,2.144180,4.144180,noise,none,0.000000,0,3.590743,3.590743,0.000000,3.590743
70,3.844440,4.311540,3.311540,5.311540,noise,none,0.000000,0,3.590743,3.590743,0.000000,3.590743
71,3.804325,4.110229,3.110229,5.110229,noise,none,0.000000,0,3.590743,3.590743,0.000000,3.590743
72,5.021394,4.709134,3.709134,5.709134,noise,none,0.000000,0,3.590743,3.590743,0.000000,3.590743
73,5.074892,6.608954,5.608954,7.608954,noise,none,0.000000,0,3.590743,3.590743,0.000000,3.590743
74,4.189411,3.927967,2.927967,4.927967,informed,none,0.000000,0,3.590743,3.590743,0.000000,3.590743
75,4.278530,5.215654,4.215654,6.215654,noise,none,0.000000,0,3.590743,3.590743,0.000000,3.590743
76,3.943915,4.217696,3.217696,5.217696,noise,none,0.000000,0,3.590743,3.590743,0.000000,3.590743
77,2.272817,0.845560,-0.154440,1.845560,noise,none,0.000000,0,3.590743,3.590743,0.000000,3.590743
78,3.205863,2.892870,1.892870,3.892870,informed,none,0.000000,0,3.590743,3.590743,0.000000,3.590743
79,3.100209,2.096862,1.096862,3.096862,informed,buy_from_mm,3.096862,-1,6.687605,3.587395,0.010000,3.577395
80,4.895360,3.506568,2.506568,4.506568,noise,sell_to_mm,2.506568,0,4.181036,4.181036,0.000000,4.181036
81,7.265886,8.539121,7.539121,9.539121,informed,sell_to_mm,7.539121,1,-3.358085,3.907801,0.010000,3.897801
82,7.765837,8.923639,7.923639,9.923639,noise,none,0.000000,1,-3.358085,4.407752,0.010000,4.397752
83,8.319787,8.313559,7.313559,9.313559,noise,none,0.000000,1,-3.358085,4.961702,0.010000,4.951702
84,8.980481,7.908858,6.908858,8.908858,noise,none,0.000000,1,-3.358085,5.622396,0.010000,5.612396
85,7.979219,8.325613,7.325613,9.325613,noise,none,0.000000,1,-3.358085,4.621134,0.010000,4.611134
86,7.670394,7.144221,6.144221,8.144221,noise,sell_to_mm,6.144221,2,-9.502305,5.838482,0.040000,5.798482
87,8.949784,10.313138,9.313138,11.313138,informed,sell_to_mm,9.313138,3,-18.815443,8.033909,0.090000,7.943909
88,9.770602,9.633125,8.633125,10.633125,informed,none,0.000000,3,-18.815443,10.496363,0.090000,10.406363
89,9.783272,11.613310,10.613310,12.613310,noise,none,0.000000,3,-18.815443,10.534374,0.090000,10.444374
90,10.766721,9.125964,8.125964,10.125964,noise,none,0.000000,3,-18.815443,13.484720,0.090000,13.394720
91,11.594114,12.579800,11.579800,13.579800,noise,none,0.000000,3,-18.815443,15.966898,0.090000,15.876898
92,11.851890,12.496453,11.496453,13.496453,noise,sell_to_mm,11.496453,4,-30.311896,17.095665,0.160000,16.935665
93,9.791481,9.755791,8.755791,10.755791,noise,none,0.000000,4,-30.311896,8.854029,0.160000,8.694029
94,9.948482,9.510902,8.510902,10.510902,noise,none,0.000000,4,-30.311896,9.482033,0.160000,9.322033
95,9.146552,9.955299,8.955299,10.955299,informed,none,0.000000,4,-30.311896,6.274313,0.160000,6.114313
96,9.331087,9.598888,8.598888,10.598888,informed,none,0.000000,4,-30.311896,7.012452,0.160000,6.852452
97,11.199552,10.201325,9.201325,11.201325,informed,none,0.000000,4,-30.311896,14.486312,0.160000,14.326312
98,11.682030,10.307056,9.307056,11.307056,noise,sell_to_mm,9.307056,5,-39.618951,18.791198,0.250000,18.541198
99,11.072967,10.614583,9.614583,11.614583,noise,sell_to_mm,9.614583,6,-49.233535,17.204264,0.360000,16.844264
100,11.046919,13.886551,12.886551,14.886551,informed,sell_to_mm,12.886551,7,-62.120085,15.208346,0.490000,14.718346
101,13.782188,15.923799,14.923799,16.923799,noise,sell_to_mm,14.923799,8,-77.043885,33.213621,0.640000,32.573621
102,15.415760,14.501125,13.501125,15.501125,noise,sell_to_mm,13.501125,9,-90.545009,48.196832,0.810000,47.386832
103,16.635233,18.010549,17.010549,19.010549,noise,none,0.000000,9,-90.545009,59.172090,0.810000,58.362090
104,17.223791,17.643014,16.643014,18.643014,informed,none,0.000000,9,-90.545009,64.469110,0.810000,63.659110
105,17.951724,17.253216,16.253216,18.253216,noise,none,0.000000,9,-90.545009,71.020506,0.810000,70.210506
106,15.025327,16.390172,15.390172,17.390172,noise,none,0.000000,9,-90.545009,44.682932,0.810000,43.872932
107,16.573916,18.295936,17.295936,19.295936,informed,sell_to_mm,17.295936,10,-107.840945,57.898214,1.000000,56.898214
108,16.243571,17.542124,16.542124,18.542124,informed,sell_to_mm,16.542124,11,-124.383069,54.296214,1.210000,53.086214
109,13.785957,13.235504,12.235504,14.235504,informed,none,0.000000,11,-124.383069,27.262456,1.210000,26.052456
110,13.880413,13.629296,12.629296,14.629296,noise,sell_to_mm,12.629296,12,-137.012365,29.552586,1.440000,28.112586
111,13.663224,13.077564,12.077564,14.077564,informed,none,0.000000,12,-137.012365,26.946320,1.440000,25.506320
112,12.441087,12.816738,11.816738,13.816738,noise,none,0.000000,12,-137.012365,12.280683,1.440000,10.840683
113,11.538447,11.739705,10.739705,12.739705,informed,none,0.000000,12,-137.012365,1.448999,1.440000,0.008999
114,12.853979,11.779793,10.779793,12.779793,informed,buy_from_mm,12.779793,11,-124.232572,17.161192,1.210000,15.951192
115,14.261396,15.557201,14.557201,16.557201,noise,buy_from_mm,16.557201,10,-107.675371,34.938587,1.000000,33.938587
116,13.999538,12.407293,11.407293,13.407293,informed,buy_from_mm,13.407293,9,-94.268078,31.727767,0.810000,30.917767
117,14.252068,15.274882,14.274882,16.274882,informed,sell_to_mm,14.274882,10,-108.542960,33.977722,1.000000,32.977722
118,15.477680,13.903848,12.903848,14.903848,noise,none,0.000000,10,-108.542960,46.233843,1.000000,45.233843
119,15.500243,14.714823,13.714823,15.714823,informed,none,0.000000,10,-108.542960,46.459471,1.000000,45.459471
120,14.286561,15.217901,14.217901,16.217901,noise,none,0.000000,10,-108.542960,34.322654,1.000000,33.322654
121,15.614969,15.971921,14.971921,16.971921,noise,buy_from_mm,16.971921,9,-91.571040,48.963685,0.810000,48.153685
122,18.353500,17.485970,16.485970,18.485970,informed,none,0.000000,9,-91.571040,73.610459,0.810000,72.800459
123,20.014304,19.000071,18.000071,20.000071,noise,none,0.000000,9,-91.571040,88.557697,0.810000,87.747697
124,20.661814,20.664827,19.664827,21.664827,informed,none,0.000000,9,-91.571040,94.385282,0.810000,93.575282
125,19.073137,19.466916,18.466916,20.466916,informed,none,0.000000,9,-91.571040,80.087192,0.810000,79.277192
126,17.683737,18.217147,17.217147,19.217147,noise,none,0.000000,9,-91.571040,67.582592,0.810000,66.772592
127,16.395445,17.712701,16.712701,18.712701,informed,sell_to_mm,16.712701,10,-108.283741,55.670709,1.000000,54.670709
128,16.273733,18.620236,17.620236,19.620236,informed,sell_to_mm,17.620236,11,-125.903977,53.107089,1.210000,51.897089
129,16.021570,15.438856,14.438856,16.438856,informed,none,0.000000,11,-125.903977,50.333295,1.210000,49.123295
130,14.685866,15.024027,14.024027,16.024027,informed,none,0.000000,11,-125.903977,35.640545,1.210000,34.430545
131,15.065672,16.918637,15.918637,17.918637,informed,sell_to_mm,15.918637,12,-141.822613,38.965448,1.440000,37.525448
132,14.621618,12.646970,11.646970,13.646970,informed,buy_from_mm,13.646970,11,-128.175643,32.662159,1.210000,31.452159
133,14.239639,14.262754,13.262754,15.262754,noise,none,0.000000,11,-128.175643,28.460385,1.210000,27.250385
134,14.693683,14.713418,13.713418,15.713418,noise,none,0.000000,11,-128.175643,33.454874,1.210000,32.244874
135,12.992254,13.234429,12.234429,14.234429,informed,none,0.000000,11,-128.175643,14.739146,1.210000,13.529146
136,13.386365,13.504711,12.504711,14.504711,noise,none,0.000000,11,-128.175643,19.074371,1.210000,17.864371
137,13.911800,13.833058,12.833058,14.833058,noise,none,0.000000,11,-128.175643,24.854155,1.210000,23.644155
138,13.335035,12.914809,11.914809,13.914809,noise,none,0.000000,11,-128.175643,18.509737,1.210000,17.299737
139,13.915285,13.263556,12.263556,14.263556,informed,none,0.000000,11,-128.175643,24.892496,1.210000,23.682496
140,12.580228,12.725585,11.725585,13.725585,noise,sell_to_mm,11.725585,12,-139.901228,11.061508,1.440000,9.621508
141,14.299364,14.826839,13.826839,15.826839,noise,none,0.000000,12,-139.901228,31.691141,1.440000,30.251141
142,14.163808,14.323986,13.323986,15.323986,noise,none,0.000000,12,-139.901228,30.064471,1.440000,28.624471
143,14.366300,12.127091,11.127091,13.127091,informed,buy_from_mm,13.127091,11,-126.774138,31.255158,1.210000,30.045158
144,13.275111,15.143786,14.143786,16.143786,informed,sell_to_mm,14.143786,12,-140.917923,18.383403,1.440000,16.943403
145,15.667252,15.022176,14.022176,16.022176,informed,none,0.000000,12,-140.917923,47.089096,1.440000,45.649096
146,16.496700,16.397588,15.397588,17.397588,noise,none,0.000000,12,-140.917923,57.042471,1.440000,55.602471
147,15.858978,16.802082,15.802082,17.802082,noise,buy_from_mm,17.802082,11,-123.115841,51.332914,1.210000,50.122914
148,15.622535,15.717539,14.717539,16.717539,noise,none,0.000000,11,-123.115841,48.732048,1.210000,47.522048
149,14.864844,15.237046,14.237046,16.237046,informed,none,0.000000,11,-123.115841,40.397443,1.210000,39.187443
150,14.645478,14.167149,13.167149,15.167149,informed,none,0.000000,11,-123.115841,37.984412,1.210000,36.774412
151,14.461033,15.156132,14.156132,16.156132,noise,none,0.000000,11,-123.115841,35.955526,1.210000,34.745526
152,12.304647,14.488021,13.488021,15.488021,noise,none,0.000000,11,-123.115841,12.235279,1.210000,11.025279
153,10.174306,10.567267,9.567267,11.567267,informed,none,0.000000,11,-123.115841,-11.198473,1.210000,-12.408473
154,9.737899,10.249499,9.249499,11.249499,noise,sell_to_mm,9.249499,12,-132.365340,-15.510547,1.440000,-16.950547
155,9.351037,7.959300,6.959300,8.959300,informed,buy_from_mm,8.959300,11,-123.406041,-20.544633,1.210000,-21.754633
156,8.662837,9.532816,8.532816,10.532816,informed,none,0.000000,11,-123.406041,-28.114839,1.210000,-29.324839
157,9.020009,6.759186,5.759186,7.759186,informed,buy_from_mm,7.759186,10,-115.646854,-25.446766,1.000000,-26.446766
158,7.369100,8.119854,7.119854,9.119854,informed,none,0.000000,10,-115.646854,-41.955851,1.000000,-42.955851
159,4.677400,4.424654,3.424654,5.424654,noise,buy_from_mm,5.424654,9,-110.222200,-68.125603,0.810000,-68.935603
160,5.030535,7.097552,6.097552,8.097552,noise,sell_to_mm,6.097552,10,-116.319752,-66.014404,1.000000,-67.014404
161,5.531808,6.097862,5.097862,7.097862,informed,none,0.000000,10,-116.319752,-61.001676,1.000000,-62.001676
162,6.233446,6.180475,5.180475,7.180475,noise,sell_to_mm,5.180475,11,-121.500227,-52.932320,1.210000,-54.142320
163,5.826958,6.278045,5.278045,7.278045,noise,none,0.000000,11,-121.500227,-57.403688,1.210000,-58.613688
164,5.632445,7.771418,6.771418,8.771418,noise,sell_to_mm,6.771418,12,-128.271646,-60.682305,1.440000,-62.122305
165,5.825301,5.676938,4.676938,6.676938,informed,none,0.000000,12,-128.271646,-58.368032,1.440000,-59.808032
166,6.553948,7.545398,6.545398,8.545398,informed,none,0.000000,12,-128.271646,-49.624274,1.440000,-51.064274
167,3.870574,3.764019,2.764019,4.764019,noise,none,0.000000,12,-128.271646,-81.824757,1.440000,-83.264757
168,1.422100,4.202545,3.202545,5.202545,informed,sell_to_mm,3.202545,13,-131.474191,-112.986893,1.690000,-114.676893
169,-0.592975,-0.542347,-1.542347,0.457653,informed,none,0.000000,13,-131.474191,-139.182864,1.690000,-140.872864
170,-1.468369,-1.074205,-2.074205,-0.074205,noise,sell_to_mm,-2.074205,14,-129.399986,-149.957147,1.960000,-151.917147
171,-0.295964,-0.557937,-1.557937,0.442063,informed,none,0.000000,14,-129.399986,-133.543483,1.960000,-135.503483
172,0.032615,-0.801995,-1.801995,0.198005,noise,none,0.000000,14,-129.399986,-128.943375,1.960000,-130.903375
173,-1.359175,-2.504477,-3.504477,-1.504477,noise,none,0.000000,14,-129.399986,-148.428441,1.960000,-150.388441
174,-0.782400,-1.945240,-2.945240,-0.945240,noise,none,0.000000,14,-129.399986,-140.353589,1.960000,-142.313589
175,-0.009415,-0.495466,-1.495466,0.504534,noise,none,0.000000,14,-129.399986,-129.531803,1.960000,-131.491803
176,0.227525,1.286946,0.286946,2.286946,noise,none,0.000000,14,-129.399986,-126.214640,1.960000,-128.174640
177,0.391982,0.086072,-0.913928,1.086072,informed,none,0.000000,14,-129.399986,-123.912245,1.960000,-125.872245
178,1.558500,2.713678,1.713678,3.713678,noise,none,0.000000,14,-129.399986,-107.580987,1.960000,-109.540987
179,0.956265,3.258082,2.258082,4.258082,informed,sell_to_mm,2.258082,15,-131.658068,-117.314087,2.250000,-119.564087
180,0.375089,0.286484,-0.713516,1.286484,noise,none,0.000000,15,-131.658068,-126.031727,2.250000,-128.281727
181,-0.920731,-0.675616,-1.675616,0.324384,noise,none,0.000000,15,-131.658068,-145.469030,2.250000,-147.719030
182,-0.069227,-1.205530,-2.205530,-0.205530,informed,buy_from_mm,-0.205530,14,-131.863598,-132.832770,1.960000,-134.792770
183,0.944869,1.741049,0.741049,2.741049,informed,none,0.000000,14,-131.863598,-118.635429,1.960000,-120.595429
184,-0.011274,0.503750,-0.496250,1.503750,noise,none,0.000000,14,-131.863598,-132.021431,1.960000,-133.981431
185,-0.578716,-1.162615,-2.162615,-0.162615,informed,none,0.000000,14,-131.863598,-139.965623,1.960000,-141.925623
186,-0.532908,-1.225995,-2.225995,-0.225995,noise,none,0.000000,14,-131.863598,-139.324315,1.960000,-141.284315
187,-1.025890,-1.049978,-2.049978,-0.049978,noise,none,0.000000,14,-131.863598,-146.226063,1.960000,-148.186063
188,0.365449,0.670753,-0.329247,1.670753,informed,none,0.000000,14,-131.863598,-126.747307,1.960000,-128.707307
189,-1.520847,-2.375380,-3.375380,-1.375380,informed,none,0.000000,14,-131.863598,-153.155456,1.960000,-155.115456
190,-2.323221,-2.551728,-3.551728,-1.551728,noise,none,0.000000,14,-131.863598,-164.388688,1.960000,-166.348688
191,-2.313886,-3.454161,-4.454161,-2.454161,noise,none,0.000000,14,-131.863598,-164.257995,1.960000,-166.217995
192,-1.995752,-2.185578,-3.185578,-1.185578,informed,none,0.000000,14,-131.863598,-159.804132,1.960000,-161.764132
193,-3.049792,-4.209545,-5.209545,-3.209545,noise,none,0.000000,14,-131.863598,-174.560688,1.960000,-176.520688
194,-3.148782,-3.242222,-4.242222,-2.242222,noise,buy_from_mm,-2.242222,13,-134.105819,-175.039988,1.690000,-176.729988
195,-3.780359,-3.744737,-4.744737,-2.744737,noise,none,0.000000,13,-134.105819,-183.250492,1.690000,-184.940492
196,-4.107777,-3.264268,-4.264268,-2.264268,informed,none,0.000000,13,-134.105819,-187.506922,1.690000,-189.196922
197,-2.292252,-2.839817,-3.839817,-1.839817,informed,none,0.000000,13,-134.105819,-163.905092,1.690000,-165.595092
198,-1.422900,-0.958484,-1.958484,0.041516,noise,none,0.000000,13,-134.105819,-152.603519,1.690000,-154.293519
199,-1.739266,-2.249192,-3.249192,-1.249192,noise,buy_from_mm,-1.249192,12,-135.355011,-156.226198,1.440000,-157.666198
200,0.250747,1.299750,0.299750,2.299750,informed,sell_to_mm,0.299750,13,-135.654761,-132.395047,1.690000,-134.085047
201,-0.855520,-1.870088,-2.870088,-0.870088,noise,buy_from_mm,-0.870088,12,-136.524849,-146.791086,1.440000,-148.231086
202,-2.199961,-3.556252,-4.556252,-2.556252,noise,none,0.000000,12,-136.524849,-162.924381,1.440000,-164.364381
203,-1.034510,0.989913,-0.010087,1.989913,noise,none,0.000000,12,-136.524849,-148.938974,1.440000,-150.378974
204,-0.177057,0.571601,-0.428399,1.571601,noise,none,0.000000,12,-136.524849,-138.649534,1.440000,-140.089534
205,0.861615,2.589521,1.589521,3.589521,noise,none,0.000000,12,-136.524849,-126.185470,1.440000,-127.625470
206,2.298376,2.451942,1.451942,3.451942,informed,none,0.000000,12,-136.524849,-108.944333,1.440000,-110.384333
207,1.347051,2.026192,1.026192,3.026192,informed,none,0.000000,12,-136.524849,-120.360236,1.440000,-121.800236
208,1.910684,0.902032,-0.097968,1.902032,noise,buy_from_mm,1.902032,11,-134.622817,-113.605291,1.210000,-114.815291
209,1.034307,0.823773,-0.176227,1.823773,noise,buy_from_mm,1.823773,10,-132.799044,-122.455979,1.000000,-123.455979
210,2.190343,1.777999,0.777999,2.777999,noise,none,0.000000,10,-132.799044,-110.895612,1.000000,-111.895612
211,2.853966,3.038452,2.038452,4.038452,informed,none,0.000000,10,-132.799044,-104.259387,1.000000,-105.259387
212,4.407873,3.543025,2.543025,4.543025,informed,none,0.000000,10,-132.799044,-88.720317,1.000000,-89.720317
213,4.468731,4.161510,3.161510,5.161510,noise,buy_from_mm,5.161510,9,-127.637534,-87.418953,0.810000,-88.228953
214,4.735935,5.108814,4.108814,6.108814,noise,sell_to_mm,4.108814,10,-131.746349,-84.387002,1.000000,-85.387002
215,2.484173,0.881091,-0.118909,1.881091,informed,buy_from_mm,1.881091,9,-129.865258,-107.507697,0.810000,-108.317697
216,3.158501,3.847118,2.847118,4.847118,noise,none,0.000000,9,-129.865258,-101.438750,0.810000,-102.248750
217,3.437069,5.695104,4.695104,6.695104,noise,buy_from_mm,6.695104,8,-123.170154,-95.673603,0.640000,-96.313603
218,5.542747,5.924836,4.924836,6.924836,noise,none,0.000000,8,-123.170154,-78.828174,0.640000,-79.468174
219,6.169711,6.662237,5.662237,7.662237,informed,none,0.000000,8,-123.170154,-73.812462,0.640000,-74.452462
220,6.989214,8.312017,7.312017,9.312017,noise,none,0.000000,8,-123.170154,-67.256440,0.640000,-67.896440
221,6.312262,6.455819,5.455819,7.455819,informed,none,0.000000,8,-123.170154,-72.672059,0.640000,-73.312059
222,6.869218,5.954432,4.954432,6.954432,informed,none,0.000000,8,-123.170154,-68.216411,0.640000,-68.856411
223,5.775702,5.047475,4.047475,6.047475,noise,none,0.000000,8,-123.170154,-76.964535,0.640000,-77.604535
224,5.853311,6.628777,5.628777,7.628777,informed,none,0.000000,8,-123.170154,-76.343666,0.640000,-76.983666
225,7.452618,7.137934,6.137934,8.137934,noise,none,0.000000,8,-123.170154,-63.549212,0.640000,-64.189212
226,7.944013,8.067466,7.067466,9.067466,noise,none,0.000000,8,-123.170154,-59.618047,0.640000,-60.258047
227,8.863409,9.487331,8.487331,10.487331,noise,none,0.000000,8,-123.170154,-52.262878,0.640000,-52.902878
228,8.072440,7.597864,6.597864,8.597864,informed,none,0.000000,8,-123.170154,-58.590631,0.640000,-59.230631
229,8.213972,8.375287,7.375287,9.375287,noise,none,0.000000,8,-123.170154,-57.458377,0.640000,-58.098377
230,8.291238,8.209765,7.209765,9.209765,informed,none,0.000000,8,-123.170154,-56.840251,0.640000,-57.480251
231,8.448944,8.015915,7.015915,9.015915,informed,none,0.000000,8,-123.170154,-55.578600,0.640000,-56.218600
232,7.142467,5.716896,4.716896,6.716896,noise,sell_to_mm,4.716896,9,-127.887050,-63.604847,0.810000,-64.414847
233,7.305119,5.800100,4.800100,6.800100,noise,none,0.000000,9,-127.887050,-62.140975,0.810000,-62.950975
234,6.257757,6.288397,5.288397,7.288397,informed,none,0.000000,9,-127.887050,-71.567238,0.810000,-72.377238
235,5.520021,6.330155,5.330155,7.330155,informed,none,0.000000,9,-127.887050,-78.206857,0.810000,-79.016857
236,6.517186,7.425027,6.425027,8.425027,noise,none,0.000000,9,-127.887050,-69.232379,0.810000,-70.042379
237,7.219201,5.912721,4.912721,6.912721,noise,sell_to_mm,4.912721,10,-132.799770,-60.607759,1.000000,-61.607759
238,6.375597,6.069693,5.069693,7.069693,noise,none,0.000000,10,-132.799770,-69.043797,1.000000,-70.043797
239,6.480002,8.712537,7.712537,9.712537,informed,sell_to_mm,7.712537,11,-140.512307,-69.232281,1.210000,-70.442281
240,6.494061,7.518893,6.518893,8.518893,informed,sell_to_mm,6.518893,12,-147.031200,-69.102472,1.440000,-70.542472
241,5.547709,4.809804,3.809804,5.809804,informed,none,0.000000,12,-147.031200,-80.458691,1.440000,-81.898691
242,5.892954,5.722719,4.722719,6.722719,informed,none,0.000000,12,-147.031200,-76.315747,1.440000,-77.755747
243,6.478615,7.543760,6.543760,8.543760,informed,sell_to_mm,6.543760,13,-153.574960,-69.352971,1.690000,-71.042971
244,8.228164,8.210886,7.210886,9.210886,noise,none,0.000000,13,-153.574960,-46.608832,1.690000,-48.298832
245,7.733389,8.351641,7.351641,9.351641,noise,none,0.000000,13,-153.574960,-53.040898,1.690000,-54.730898
246,6.427803,7.105787,6.105787,8.105787,noise,none,0.000000,13,-153.574960,-70.013518,1.690000,-71.703518
247,6.099041,6.328942,5.328942,7.328942,noise,buy_from_mm,7.328942,12,-146.246018,-73.057531,1.440000,-74.497531
248,5.667436,6.299160,5.299160,7.299160,informed,none,0.000000,12,-146.246018,-78.236783,1.440000,-79.676783
249,4.618883,4.638290,3.638290,5.638290,informed,none,0.000000,12,-146.246018,-90.819428,1.440000,-92.259428
250,3.845654,4.176847,3.176847,5.176847,noise,none,0.000000,12,-146.246018,-100.098169,1.440000,-101.538169
251,3.873249,4.974026,3.974026,5.974026,noise,none,0.000000,12,-146.246018,-99.767033,1.440000,-101.207033
252,2.741860,3.266426,2.266426,4.266426,noise,none,0.000000,12,-146.246018,-113.343704,1.440000,-114.783704
253,4.740724,3.836054,2.836054,4.836054,noise,sell_to_mm,2.836054,13,-149.082073,-87.452657,1.690000,-89.142657
254,3.462399,4.303050,3.303050,5.303050,noise,none,0.000000,13,-149.082073,-104.070883,1.690000,-105.760883
255,4.051724,4.030283,3.030283,5.030283,noise,none,0.000000,13,-149.082073,-96.409658,1.690000,-98.099658
256,4.543573,6.875768,5.875768,7.875768,informed,sell_to_mm,5.875768,14,-154.957841,-91.347821,1.960000,-93.307821
257,6.396499,6.914199,5.914199,7.914199,noise,none,0.000000,14,-154.957841,-65.406860,1.960000,-67.366860
258,6.805405,7.197160,6.197160,8.197160,noise,none,0.000000,14,-154.957841,-59.682167,1.960000,-61.642167
259,6.461464,7.117991,6.117991,8.117991,informed,none,0.000000,14,-154.957841,-64.497348,1.960000,-66.457348
260,6.000803,3.756228,2.756228,4.756228,noise,sell_to_mm,2.756228,15,-157.714069,-67.702022,2.250000,-69.952022
261,4.562085,4.121117,3.121117,5.121117,noise,sell_to_mm,3.121117,16,-160.835186,-87.841829,2.560000,-90.401829
262,2.764356,5.110416,4.110416,6.110416,informed,sell_to_mm,4.110416,17,-164.945602,-117.951549,2.890000,-120.841549
263,3.325049,4.021159,3.021159,5.021159,noise,buy_from_mm,5.021159,16,-159.924443,-106.723658,2.560000,-109.283658
264,3.305321,3.856022,2.856022,4.856022,noise,none,0.000000,16,-159.924443,-107.039308,2.560000,-109.599308
265,3.593150,4.048682,3.048682,5.048682,informed,none,0.000000,16,-159.924443,-102.434045,2.560000,-104.994045
266,3.893549,4.741154,3.741154,5.741154,informed,none,0.000000,16,-159.924443,-97.627664,2.560000,-100.187664
267,4.093454,3.876820,2.876820,4.876820,informed,none,0.000000,16,-159.924443,-94.429186,2.560000,-96.989186
268,3.636172,4.456190,3.456190,5.456190,noise,none,0.000000,16,-159.924443,-101.745695,2.560000,-104.305695
269,3.068894,4.212607,3.212607,5.212607,informed,sell_to_mm,3.212607,17,-163.137049,-110.965853,2.890000,-113.855853
270,4.576209,4.458427,3.458427,5.458427,informed,none,0.000000,17,-163.137049,-85.341500,2.890000,-88.231500
271,4.837795,4.542233,3.542233,5.542233,noise,none,0.000000,17,-163.137049,-80.894526,2.890000,-83.784526
272,4.134245,3.524999,2.524999,4.524999,informed,none,0.000000,17,-163.137049,-92.854878,2.890000,-95.744878
273,4.330512,5.498230,4.498230,6.498230,informed,sell_to_mm,4.498230,18,-167.635280,-89.686056,3.240000,-92.926056
274,3.378532,3.558009,2.558009,4.558009,informed,none,0.000000,18,-167.635280,-106.821700,3.240000,-110.061700
275,3.344902,4.744882,3.744882,5.744882,informed,sell_to_mm,3.744882,19,-171.380162,-107.827026,3.610000,-111.437026
276,4.353027,4.432478,3.432478,5.432478,informed,none,0.000000,19,-171.380162,-88.672653,3.610000,-92.282653
277,6.212887,5.866506,4.866506,6.866506,noise,none,0.000000,19,-171.380162,-53.335315,3.610000,-56.945315
278,6.246371,6.953891,5.953891,7.953891,noise,none,0.000000,19,-171.380162,-52.699107,3.610000,-56.309107
279,7.249003,7.646588,6.646588,8.646588,noise,none,0.000000,19,-171.380162,-33.649114,3.610000,-37.259114
280,7.541568,7.095254,6.095254,8.095254,noise,sell_to_mm,6.095254,20,-177.475415,-26.644059,4.000000,-30.644059
281,7.663346,8.071342,7.071342,9.071342,noise,none,0.000000,20,-177.475415,-24.208500,4.000000,-28.208500
282,7.715052,8.085432,7.085432,9.085432,informed,none,0.000000,20,-177.475415,-23.174376,4.000000,-27.174376
283,8.770854,8.733878,7.733878,9.733878,informed,none,0.000000,20,-177.475415,-2.058336,4.000000,-6.058336
284,10.238506,8.905030,7.905030,9.905030,informed,buy_from_mm,9.905030,19,-167.570386,26.961228,3.610000,23.351228
285,11.276648,10.777586,9.777586,11.777586,informed,none,0.000000,19,-167.570386,46.685919,3.610000,43.075919
286,9.661735,10.830620,9.830620,11.830620,informed,sell_to_mm,9.830620,20,-177.401006,15.833700,4.000000,11.833700
287,9.309076,8.314894,7.314894,9.314894,informed,none,0.000000,20,-177.401006,8.780518,4.000000,4.780518
288,10.173561,10.719867,9.719867,11.719867,noise,none,0.000000,20,-177.401006,26.070212,4.000000,22.070212
289,9.840429,11.021235,10.021235,12.021235,informed,sell_to_mm,10.021235,21,-187.422241,19.226767,4.410000,14.816767
290,10.512606,8.699170,7.699170,9.699170,noise,none,0.000000,21,-187.422241,33.342491,4.410000,28.932491
291,8.443963,10.814308,9.814308,11.814308,noise,none,0.000000,21,-187.422241,-10.099021,4.410000,-14.509021
292,7.135648,7.507479,6.507479,8.507479,noise,buy_from_mm,8.507479,20,-178.914762,-36.201797,4.000000,-40.201797
293,6.648319,7.987562,6.987562,8.987562,noise,none,0.000000,20,-178.914762,-45.948386,4.000000,-49.948386
294,6.679041,6.097747,5.097747,7.097747,informed,none,0.000000,20,-178.914762,-45.333950,4.000000,-49.333950
295,7.224536,7.191654,6.191654,8.191654,informed,none,0.000000,20,-178.914762,-34.424048,4.000000,-38.424048
296,6.153712,6.589576,5.589576,7.589576,noise,none,0.000000,20,-178.914762,-55.840514,4.000000,-59.840514
297,5.705613,6.184236,5.184236,7.184236,informed,none,0.000000,20,-178.914762,-64.802499,4.000000,-68.802499
298,5.470272,6.688921,5.688921,7.688921,noise,none,0.000000,20,-178.914762,-69.509321,4.000000,-73.509321
299,6.314444,7.809989,6.809989,8.809989,noise,none,0.000000,20,-178.914762,-52.625890,4.000000,-56.625890
300,7.491039,6.061379,5.061379,7.061379,noise,sell_to_mm,5.061379,21,-183.976141,-26.664315,4.410000,-31.074315
301,7.132601,7.672977,6.672977,8.672977,informed,none,0.000000,21,-183.976141,-34.191524,4.410000,-38.601524
302,6.214532,5.953222,4.953222,6.953222,noise,buy_from_mm,6.953222,20,-177.022918,-52.732279,4.000000,-56.732279
303,6.436161,6.823926,5.823926,7.823926,informed,none,0.000000,20,-177.022918,-48.299704,4.000000,-52.299704
304,5.745210,5.998990,4.998990,6.998990,noise,none,0.000000,20,-177.022918,-62.118713,4.000000,-66.118713
305,5.954741,3.759793,2.759793,4.759793,informed,buy_from_mm,4.759793,19,-172.263125,-59.123038,3.610000,-62.733038
306,5.691576,7.847042,6.847042,8.847042,noise,none,0.000000,19,-172.263125,-64.123187,3.610000,-67.733187
307,5.852487,4.598736,3.598736,5.598736,noise,none,0.000000,19,-172.263125,-61.065872,3.610000,-64.675872
308,5.816072,4.846692,3.846692,5.846692,noise,none,0.000000,19,-172.263125,-61.757757,3.610000,-65.367757
309,5.814268,6.589579,5.589579,7.589579,informed,none,0.000000,19,-172.263125,-61.792041,3.610000,-65.402041
310,3.741740,2.710489,1.710489,3.710489,noise,none,0.000000,19,-172.263125,-101.170059,3.610000,-104.780059
311,4.776689,4.823524,3.823524,5.823524,noise,none,0.000000,19,-172.263125,-81.506042,3.610000,-85.116042
312,3.780968,3.640348,2.640348,4.640348,informed,none,0.000000,19,-172.263125,-100.424737,3.610000,-104.034737
313,4.434130,4.763278,3.763278,5.763278,informed,none,0.000000,19,-172.263125,-88.014658,3.610000,-91.624658
314,4.590323,3.785828,2.785828,4.785828,noise,none,0.000000,19,-172.263125,-85.046988,3.610000,-88.656988
315,6.013923,6.006839,5.006839,7.006839,noise,none,0.000000,19,-172.263125,-57.998579,3.610000,-61.608579
316,5.243312,4.044422,3.044422,5.044422,noise,none,0.000000,19,-172.263125,-72.640194,3.610000,-76.250194
317,6.373282,6.821674,5.821674,7.821674,informed,none,0.000000,19,-172.263125,-51.170768,3.610000,-54.780768
318,6.251692,5.506277,4.506277,6.506277,noise,buy_from_mm,6.506277,18,-165.756848,-53.226394,3.240000,-56.466394
319,6.840753,7.593469,6.593469,8.593469,noise,buy_from_mm,8.593469,17,-157.163379,-40.870572,2.890000,-43.760572
320,6.732638,7.503205,6.503205,8.503205,noise,none,0.000000,17,-157.163379,-42.708528,2.890000,-45.598528
321,7.557056,8.025919,7.025919,9.025919,noise,buy_from_mm,9.025919,16,-148.137460,-27.224568,2.560000,-29.784568
322,6.284302,4.737405,3.737405,5.737405,informed,buy_from_mm,5.737405,15,-142.400055,-48.135521,2.250000,-50.385521
323,5.035252,5.345974,4.345974,6.345974,noise,none,0.000000,15,-142.400055,-66.871270,2.250000,-69.121270
324,3.840518,3.796501,2.796501,4.796501,informed,none,0.000000,15,-142.400055,-84.792281,2.250000,-87.042281
325,4.091858,4.647737,3.647737,5.647737,noise,buy_from_mm,5.647737,14,-136.752318,-79.466303,1.960000,-81.426303
326,4.692961,4.024479,3.024479,5.024479,noise,sell_to_mm,3.024479,15,-139.776797,-69.382387,2.250000,-71.632387
327,3.503839,4.377327,3.377327,5.377327,informed,none,0.000000,15,-139.776797,-87.219210,2.250000,-89.469210
328,4.501655,2.996049,1.996049,3.996049,informed,buy_from_mm,3.996049,14,-135.780747,-72.757571,1.960000,-74.717571
329,6.218152,4.745857,3.745857,5.745857,noise,none,0.000000,14,-135.780747,-48.726621,1.960000,-50.686621
330,6.015356,6.328881,5.328881,7.328881,informed,none,0.000000,14,-135.780747,-51.565767,1.960000,-53.525767
331,5.663483,3.289690,2.289690,4.289690,informed,buy_from_mm,4.289690,13,-131.491057,-57.865772,1.690000,-59.555772
332,5.794774,6.554722,5.554722,7.554722,noise,none,0.000000,13,-131.491057,-56.158996,1.690000,-57.848996
333,5.722546,6.072286,5.072286,7.072286,noise,buy_from_mm,7.072286,12,-124.418771,-55.748217,1.440000,-57.188217
334,5.873609,6.870112,5.870112,7.870112,informed,none,0.000000,12,-124.418771,-53.935457,1.440000,-55.375457
335,6.253793,6.295195,5.295195,7.295195,noise,none,0.000000,12,-124.418771,-49.373253,1.440000,-50.813253
336,6.510104,7.811664,6.811664,8.811664,noise,sell_to_mm,6.811664,13,-131.230435,-46.599080,1.690000,-48.289080
337,5.193234,4.662355,3.662355,5.662355,noise,none,0.000000,13,-131.230435,-63.718393,1.690000,-65.408393
338,3.287722,5.314030,4.314030,6.314030,noise,none,0.000000,13,-131.230435,-88.490051,1.690000,-90.180051
339,4.016401,2.887388,1.887388,3.887388,informed,buy_from_mm,3.887388,12,-127.343047,-79.146231,1.440000,-80.586231
340,3.802882,3.789384,2.789384,4.789384,noise,none,0.000000,12,-127.343047,-81.708458,1.440000,-83.148458
341,4.862125,4.993753,3.993753,5.993753,informed,none,0.000000,12,-127.343047,-68.997541,1.440000,-70.437541
342,3.318871,3.305488,2.305488,4.305488,informed,none,0.000000,12,-127.343047,-87.516598,1.440000,-88.956598
343,4.084355,3.421600,2.421600,4.421600,informed,none,0.000000,12,-127.343047,-78.330789,1.440000,-79.770789
344,3.685337,2.354636,1.354636,3.354636,informed,buy_from_mm,3.354636,11,-123.988411,-83.449708,1.210000,-84.659708
345,3.307942,3.671991,2.671991,4.671991,informed,none,0.000000,11,-123.988411,-87.601047,1.210000,-88.811047
346,3.523914,3.941876,2.941876,4.941876,noise,none,0.000000,11,-123.988411,-85.225354,1.210000,-86.435354
347,4.602794,5.241802,4.241802,6.241802,noise,buy_from_mm,6.241802,10,-117.746609,-71.718673,1.000000,-72.718673
348,4.174045,5.283674,4.283674,6.283674,noise,none,0.000000,10,-117.746609,-76.006161,1.000000,-77.006161
349,5.431333,4.524971,3.524971,5.524971,noise,sell_to_mm,3.524971,11,-121.271581,-61.526916,1.210000,-62.736916
350,5.909601,6.703910,5.703910,7.703910,noise,sell_to_mm,5.703910,12,-126.975491,-56.060282,1.440000,-57.500282
351,5.653418,5.702433,4.702433,6.702433,noise,buy_from_mm,6.702433,11,-120.273057,-58.085462,1.210000,-59.295462
352,5.917208,6.590254,5.590254,7.590254,noise,none,0.000000,11,-120.273057,-55.183767,1.210000,-56.393767
353,4.504056,5.631110,4.631110,6.631110,informed,sell_to_mm,4.631110,12,-124.904167,-70.855501,1.440000,-72.295501
354,5.834717,4.732963,3.732963,5.732963,noise,none,0.000000,12,-124.904167,-54.887561,1.440000,-56.327561
355,5.977649,7.073898,6.073898,8.073898,noise,sell_to_mm,6.073898,13,-130.978066,-53.268629,1.690000,-54.958629
356,5.870914,6.152715,5.152715,7.152715,noise,sell_to_mm,5.152715,14,-136.130780,-53.937979,1.960000,-55.897979
357,6.865949,8.111860,7.111860,9.111860,noise,none,0.000000,14,-136.130780,-40.007494,1.960000,-41.967494
358,8.911446,7.704170,6.704170,8.704170,noise,none,0.000000,14,-136.130780,-11.370541,1.960000,-13.330541
359,8.099540,7.760196,6.760196,8.760196,noise,none,0.000000,14,-136.130780,-22.737220,1.960000,-24.697220
360,6.760579,5.722822,4.722822,6.722822,informed,buy_from_mm,6.722822,13,-129.407958,-41.520430,1.690000,-43.210430
361,7.078103,5.358989,4.358989,6.358989,noise,buy_from_mm,6.358989,12,-123.048968,-38.111729,1.440000,-39.551729
362,6.251731,7.619104,6.619104,8.619104,informed,sell_to_mm,6.619104,13,-129.668073,-48.395570,1.690000,-50.085570
363,7.801708,7.769216,6.769216,8.769216,noise,sell_to_mm,6.769216,14,-136.437289,-27.213371,1.960000,-29.173371
364,9.358746,10.166950,9.166950,11.166950,noise,none,0.000000,14,-136.437289,-5.414839,1.960000,-7.374839
365,11.060214,11.162639,10.162639,12.162639,informed,none,0.000000,14,-136.437289,18.405714,1.960000,16.445714
366,12.158446,10.457098,9.457098,11.457098,noise,none,0.000000,14,-136.437289,33.780955,1.960000,31.820955
367,13.544973,13.446492,12.446492,14.446492,noise,none,0.000000,14,-136.437289,53.192335,1.960000,51.232335
368,14.165399,13.168063,12.168063,14.168063,noise,buy_from_mm,14.168063,13,-122.269226,61.880959,1.690000,60.190959
369,14.147963,13.878812,12.878812,14.878812,noise,none,0.000000,13,-122.269226,61.654289,1.690000,59.964289
370,13.669803,14.154960,13.154960,15.154960,noise,none,0.000000,13,-122.269226,55.438218,1.690000,53.748218
371,13.315993,12.663993,11.663993,13.663993,informed,none,0.000000,13,-122.269226,50.838684,1.690000,49.148684
372,12.274846,13.432345,12.432345,14.432345,noise,none,0.000000,13,-122.269226,37.303772,1.690000,35.613772
373,11.286652,11.262548,10.262548,12.262548,informed,none,0.000000,13,-122.269226,24.457245,1.690000,22.767245
374,10.670197,10.324763,9.324763,11.324763,noise,buy_from_mm,11.324763,12,-110.944464,17.097901,1.440000,15.657901
375,11.092854,12.480550,11.480550,13.480550,noise,none,0.000000,12,-110.944464,22.169786,1.440000,20.729786
376,10.610780,12.221529,11.221529,13.221529,informed,sell_to_mm,11.221529,13,-122.165992,15.774152,1.690000,14.084152
377,10.642285,10.059645,9.059645,11.059645,noise,none,0.000000,13,-122.165992,16.183715,1.690000,14.493715
378,10.220626,9.505313,8.505313,10.505313,noise,none,0.000000,13,-122.165992,10.702140,1.690000,9.012140
379,11.013847,10.379972,9.379972,11.379972,noise,none,0.000000,13,-122.165992,21.014014,1.690000,19.324014
380,10.989983,11.003524,10.003524,12.003524,informed,none,0.000000,13,-122.165992,20.703785,1.690000,19.013785
381,12.834472,11.836975,10.836975,12.836975,informed,none,0.000000,13,-122.165992,44.682147,1.690000,42.992147
382,13.201031,13.139461,12.139461,14.139461,informed,none,0.000000,13,-122.165992,49.447414,1.690000,47.757414
383,12.647408,14.043878,13.043878,15.043878,informed,sell_to_mm,13.043878,14,-135.209870,41.853844,1.960000,39.893844
384,12.178198,11.766934,10.766934,12.766934,informed,none,0.000000,14,-135.209870,35.284901,1.960000,33.324901
385,11.184059,10.175462,9.175462,11.175462,informed,buy_from_mm,11.175462,13,-124.034408,21.358360,1.690000,19.668360
386,11.642176,12.136238,11.136238,13.136238,noise,sell_to_mm,11.136238,14,-135.170647,27.819822,1.960000,25.859822
387,12.245602,12.309950,11.309950,13.309950,informed,none,0.000000,14,-135.170647,36.267778,1.960000,34.307778
388,11.136924,11.785158,10.785158,12.785158,noise,none,0.000000,14,-135.170647,20.746290,1.960000,18.786290
389,10.781633,8.344198,7.344198,9.344198,noise,none,0.000000,14,-135.170647,15.772218,1.960000,13.812218
390,10.672699,10.857049,9.857049,11.857049,informed,none,0.000000,14,-135.170647,14.247144,1.960000,12.287144
391,11.583601,11.673476,10.673476,12.673476,informed,none,0.000000,14,-135.170647,26.999773,1.960000,25.039773
392,13.189841,11.949954,10.949954,12.949954,informed,buy_from_mm,12.949954,13,-122.220692,49.247237,1.690000,47.557237
393,13.199963,14.721897,13.721897,15.721897,informed,sell_to_mm,13.721897,14,-135.942590,48.856897,1.960000,46.896897
394,10.702640,11.319818,10.319818,12.319818,noise,none,0.000000,14,-135.942590,13.894372,1.960000,11.934372
395,10.747361,11.090710,10.090710,12.090710,noise,none,0.000000,14,-135.942590,14.520468,1.960000,12.560468
396,10.077040,8.396426,7.396426,9.396426,noise,none,0.000000,14,-135.942590,5.135968,1.960000,3.175968
397,10.897856,10.115952,9.115952,11.115952,noise,sell_to_mm,9.115952,15,-145.058541,18.409301,2.250000,16.159301
398,11.151622,11.873183,10.873183,12.873183,noise,sell_to_mm,10.873183,16,-155.931724,22.494222,2.560000,19.934222
399,10.554636,10.104389,9.104389,11.104389,informed,none,0.000000,16,-155.931724,12.942460,2.560000,10.382460
400,9.818076,9.997304,8.997304,10.997304,informed,none,0.000000,16,-155.931724,1.157495,2.560000,-1.402505
401,9.328842,10.571384,9.571384,11.571384,informed,sell_to_mm,9.571384,17,-165.503108,-6.912791,2.890000,-9.802791
402,8.385828,7.582655,6.582655,8.582655,noise,buy_from_mm,8.582655,16,-156.920452,-22.747200,2.560000,-25.307200
403,6.220577,6.610478,5.610478,7.610478,noise,none,0.000000,16,-156.920452,-57.391222,2.560000,-59.951222
404,5.809658,6.145909,5.145909,7.145909,informed,none,0.000000,16,-156.920452,-63.965926,2.560000,-66.525926
405,5.302744,6.001240,5.001240,7.001240,informed,none,0.000000,16,-156.920452,-72.076547,2.560000,-74.636547
406,5.152658,3.934505,2.934505,4.934505,noise,none,0.000000,16,-156.920452,-74.477918,2.560000,-77.037918
407,4.955845,5.363913,4.363913,6.363913,informed,none,0.000000,16,-156.920452,-77.626927,2.560000,-80.186927
408,3.421604,4.275658,3.275658,5.275658,noise,sell_to_mm,3.275658,17,-160.196110,-102.028847,2.890000,-104.918847
409,3.999517,3.928413,2.928413,4.928413,informed,none,0.000000,17,-160.196110,-92.204324,2.890000,-95.094324
410,3.633576,1.289921,0.289921,2.289921,noise,sell_to_mm,0.289921,18,-160.486032,-95.081659,3.240000,-98.321659
411,3.440462,3.772319,2.772319,4.772319,noise,buy_from_mm,4.772319,17,-155.713712,-97.225861,2.890000,-100.115861
412,3.022995,3.248865,2.248865,4.248865,noise,buy_from_mm,4.248865,16,-151.464848,-103.096933,2.560000,-105.656933
413,2.260241,2.591967,1.591967,3.591967,noise,none,0.000000,16,-151.464848,-115.300992,2.560000,-117.860992
414,1.431664,0.788693,-0.211307,1.788693,noise,none,0.000000,16,-151.464848,-128.558228,2.560000,-131.118228
415,1.593064,0.522803,-0.477197,1.522803,noise,none,0.000000,16,-151.464848,-125.975829,2.560000,-128.535829
416,1.840769,1.130172,0.130172,2.130172,informed,none,0.000000,16,-151.464848,-122.012549,2.560000,-124.572549
417,2.070137,1.734799,0.734799,2.734799,informed,none,0.000000,16,-151.464848,-118.342652,2.560000,-120.902652
418,2.208476,3.002343,2.002343,4.002343,noise,none,0.000000,16,-151.464848,-116.129235,2.560000,-118.689235
419,2.982350,3.948704,2.948704,4.948704,noise,sell_to_mm,2.948704,17,-154.413551,-103.713602,2.890000,-106.603602
420,3.113307,4.307781,3.307781,5.307781,informed,sell_to_mm,3.307781,18,-157.721333,-101.681803,3.240000,-104.921803
421,3.474671,2.102676,1.102676,3.102676,informed,buy_from_mm,3.102676,17,-154.618657,-95.549249,2.890000,-98.439249
422,3.599247,2.672007,1.672007,3.672007,noise,none,0.000000,17,-154.618657,-93.431454,2.890000,-96.321454
423,3.628006,3.980470,2.980470,4.980470,informed,none,0.000000,17,-154.618657,-92.942551,2.890000,-95.832551
424,2.527863,4.225762,3.225762,5.225762,noise,none,0.000000,17,-154.618657,-111.644985,2.890000,-114.534985
425,2.751413,3.169281,2.169281,4.169281,noise,none,0.000000,17,-154.618657,-107.844636,2.890000,-110.734636
426,2.098313,2.915247,1.915247,3.915247,noise,none,0.000000,17,-154.618657,-118.947344,2.890000,-121.837344
427,0.920308,1.206353,0.206353,2.206353,informed,none,0.000000,17,-154.618657,-138.973413,2.890000,-141.863413
428,0.399273,0.899407,-0.100593,1.899407,informed,none,0.000000,17,-154.618657,-147.831019,2.890000,-150.721019
429,0.022186,-0.293517,-1.293517,0.706483,informed,none,0.000000,17,-154.618657,-154.241498,2.890000,-157.131498
430,0.443488,-0.809371,-1.809371,0.190629,informed,buy_from_mm,0.190629,16,-154.428028,-147.332216,2.560000,-149.892216
431,-0.106296,0.548160,-0.451840,1.548160,noise,none,0.000000,16,-154.428028,-156.128771,2.560000,-158.688771
432,-0.300902,-0.536267,-1.536267,0.463733,noise,buy_from_mm,0.463733,15,-153.964295,-158.477819,2.250000,-160.727819
433,-0.344755,-0.294011,-1.294011,0.705989,informed,none,0.000000,15,-153.964295,-159.135615,2.250000,-161.385615
434,-0.340805,-0.540879,-1.540879,0.459121,noise,none,0.000000,15,-153.964295,-159.076374,2.250000,-161.326374
435,-0.222474,-0.463840,-1.463840,0.536160,noise,none,0.000000,15,-153.964295,-157.301411,2.250000,-159.551411
436,-0.376912,-1.761212,-2.761212,-0.761212,noise,none,0.000000,15,-153.964295,-159.617977,2.250000,-161.867977
437,-0.156584,0.739825,-0.260175,1.739825,noise,none,0.000000,15,-153.964295,-156.313061,2.250000,-158.563061
438,-0.143473,-0.332636,-1.332636,0.667364,noise,none,0.000000,15,-153.964295,-156.116395,2.250000,-158.366395
439,-0.930405,-0.570856,-1.570856,0.429144,noise,buy_from_mm,0.429144,14,-153.535150,-166.560814,1.960000,-168.520814
440,-2.619993,-2.796360,-3.796360,-1.796360,noise,none,0.000000,14,-153.535150,-190.215052,1.960000,-192.175052
441,-2.735020,-3.786579,-4.786579,-2.786579,noise,buy_from_mm,-2.786579,13,-156.321729,-191.876994,1.690000,-193.566994
442,-3.128907,-1.633889,-2.633889,-0.633889,informed,sell_to_mm,-2.633889,14,-153.687841,-197.492533,1.960000,-199.452533
443,-4.739638,-4.569406,-5.569406,-3.569406,informed,none,0.000000,14,-153.687841,-220.042771,1.960000,-222.002771
444,-4.977069,-4.380584,-5.380584,-3.380584,noise,none,0.000000,14,-153.687841,-223.366811,1.960000,-225.326811
445,-2.994446,-2.699394,-3.699394,-1.699394,informed,none,0.000000,14,-153.687841,-195.610079,1.960000,-197.570079
446,-1.914234,-0.634717,-1.634717,0.365283,noise,none,0.000000,14,-153.687841,-180.487123,1.960000,-182.447123
447,-1.916580,-2.146716,-3.146716,-1.146716,noise,sell_to_mm,-3.146716,15,-150.541125,-179.289819,2.250000,-181.539819
448,-2.361142,-4.344855,-5.344855,-3.344855,informed,buy_from_mm,-3.344855,14,-153.885980,-186.941970,1.960000,-188.901970
449,-1.936540,-3.162696,-4.162696,-2.162696,noise,none,0.000000,14,-153.885980,-180.997538,1.960000,-182.957538
450,-2.502687,-3.673984,-4.673984,-2.673984,informed,buy_from_mm,-2.673984,13,-156.559964,-189.094893,1.690000,-190.784893
451,-2.754333,-3.172944,-4.172944,-2.172944,noise,none,0.000000,13,-156.559964,-192.366297,1.690000,-194.056297
452,-2.410750,-2.886085,-3.886085,-1.886085,informed,none,0.000000,13,-156.559964,-187.899719,1.690000,-189.589719
453,-2.700786,-3.568085,-4.568085,-2.568085,noise,sell_to_mm,-4.568085,14,-151.991879,-189.802889,1.960000,-191.762889
454,-2.547442,-2.567764,-3.567764,-1.567764,noise,buy_from_mm,-1.567764,13,-153.559642,-186.676382,1.690000,-188.366382
455,-3.176896,-2.747072,-3.747072,-1.747072,informed,none,0.000000,13,-153.559642,-194.859295,1.690000,-196.549295
456,-4.711938,-4.288148,-5.288148,-3.288148,noise,buy_from_mm,-3.288148,12,-156.847790,-213.391044,1.440000,-214.831044
457,-2.971974,-0.903149,-1.903149,0.096851,noise,none,0.000000,12,-156.847790,-192.511482,1.440000,-193.951482
458,-2.961128,-2.563623,-3.563623,-1.563623,noise,none,0.000000,12,-156.847790,-192.381331,1.440000,-193.821331
459,-3.612030,-2.533156,-3.533156,-1.533156,noise,none,0.000000,12,-156.847790,-200.192150,1.440000,-201.632150
460,-4.414432,-3.244321,-4.244321,-2.244321,noise,buy_from_mm,-2.244321,11,-159.092111,-207.650867,1.210000,-208.860867
461,-4.811714,-6.077953,-7.077953,-5.077953,noise,none,0.000000,11,-159.092111,-212.020960,1.210000,-213.230960
462,-4.255286,-4.077600,-5.077600,-3.077600,noise,buy_from_mm,-3.077600,10,-162.169711,-204.722571,1.000000,-205.722571
463,-2.867162,-2.820208,-3.820208,-1.820208,informed,none,0.000000,10,-162.169711,-190.841329,1.000000,-191.841329
464,-3.427304,-4.492627,-5.492627,-3.492627,informed,buy_from_mm,-3.492627,9,-165.662338,-196.508075,0.810000,-197.318075
465,-4.937184,-4.697272,-5.697272,-3.697272,informed,none,0.000000,9,-165.662338,-210.096990,0.810000,-210.906990
466,-3.227183,-2.341823,-3.341823,-1.341823,noise,none,0.000000,9,-165.662338,-194.706985,0.810000,-195.516985
467,-3.213458,-1.949753,-2.949753,-0.949753,noise,none,0.000000,9,-165.662338,-194.583462,0.810000,-195.393462
468,-3.095962,-3.816854,-4.816854,-2.816854,noise,buy_from_mm,-2.816854,8,-168.479192,-193.246888,0.640000,-193.886888
469,-6.393570,-6.267255,-7.267255,-5.267255,informed,none,0.000000,8,-168.479192,-219.627754,0.640000,-220.267754
470,-7.400703,-6.354124,-7.354124,-5.354124,informed,sell_to_mm,-7.354124,9,-161.125068,-227.731394,0.810000,-228.541394
471,-7.977582,-7.272266,-8.272266,-6.272266,noise,buy_from_mm,-6.272266,8,-167.397334,-231.217991,0.640000,-231.857991
472,-6.705378,-5.590308,-6.590308,-4.590308,noise,none,0.000000,8,-167.397334,-221.040355,0.640000,-221.680355
473,-6.722112,-7.642521,-8.642521,-6.642521,noise,none,0.000000,8,-167.397334,-221.174227,0.640000,-221.814227
474,-6.240937,-8.407604,-9.407604,-7.407604,informed,buy_from_mm,-7.407604,7,-174.804937,-218.491499,0.490000,-218.981499
475,-6.746137,-6.700459,-7.700459,-5.700459,informed,none,0.000000,7,-174.804937,-222.027898,0.490000,-222.517898
476,-6.999896,-7.914498,-8.914498,-6.914498,informed,none,0.000000,7,-174.804937,-223.804209,0.490000,-224.294209
477,-7.255727,-6.345678,-7.345678,-5.345678,noise,none,0.000000,7,-174.804937,-225.595027,0.490000,-226.085027
478,-6.874142,-7.093093,-8.093093,-6.093093,informed,none,0.000000,7,-174.804937,-222.923929,0.490000,-223.413929
479,-5.291607,-3.614802,-4.614802,-2.614802,noise,none,0.000000,7,-174.804937,-211.846185,0.490000,-212.336185
480,-4.329164,-4.078092,-5.078092,-3.078092,noise,none,0.000000,7,-174.804937,-205.109083,0.490000,-205.599083
481,-5.932417,-4.942563,-5.942563,-3.942563,informed,none,0.000000,7,-174.804937,-216.331854,0.490000,-216.821854
482,-6.988410,-5.220372,-6.220372,-4.220372,noise,sell_to_mm,-6.220372,8,-168.584565,-224.491845,0.640000,-225.131845
483,-7.294183,-6.551338,-7.551338,-5.551338,informed,none,0.000000,8,-168.584565,-226.938027,0.640000,-227.578027
484,-7.321755,-7.468863,-8.468863,-6.468863,noise,none,0.000000,8,-168.584565,-227.158606,0.640000,-227.798606
485,-5.849626,-6.900470,-7.900470,-5.900470,informed,buy_from_mm,-5.900470,7,-174.485035,-215.432418,0.490000,-215.922418
486,-4.822362,-5.147891,-6.147891,-4.147891,noise,none,0.000000,7,-174.485035,-208.241571,0.490000,-208.731571
487,-5.623903,-6.323655,-7.323655,-5.323655,noise,none,0.000000,7,-174.485035,-213.852354,0.490000,-214.342354
488,-7.483426,-8.374345,-9.374345,-7.374345,informed,none,0.000000,7,-174.485035,-226.869018,0.490000,-227.359018
489,-7.728124,-9.419919,-10.419919,-8.419919,noise,buy_from_mm,-8.419919,6,-182.904954,-229.273699,0.360000,-229.633699
490,-7.634832,-7.630665,-8.630665,-6.630665,informed,none,0.000000,6,-182.904954,-228.713944,0.360000,-229.073944
491,-8.468530,-7.414356,-8.414356,-6.414356,informed,sell_to_mm,-8.414356,7,-174.490598,-233.770306,0.490000,-234.260306
492,-7.937141,-7.965630,-8.965630,-6.965630,noise,sell_to_mm,-8.965630,8,-165.524968,-229.022094,0.640000,-229.662094
493,-6.905003,-5.566495,-6.566495,-4.566495,noise,none,0.000000,8,-165.524968,-220.764992,0.640000,-221.404992
494,-7.511765,-8.221619,-9.221619,-7.221619,noise,none,0.000000,8,-165.524968,-225.619091,0.640000,-226.259091
495,-7.498656,-7.079017,-8.079017,-6.079017,noise,buy_from_mm,-6.079017,7,-171.603985,-224.094578,0.490000,-224.584578
496,-8.237700,-7.715794,-8.715794,-6.715794,noise,sell_to_mm,-8.715794,8,-162.888192,-228.789792,0.640000,-229.429792
497,-8.655569,-8.814452,-9.814452,-7.814452,noise,none,0.000000,8,-162.888192,-232.132740,0.640000,-232.772740
498,-9.536223,-7.462167,-8.462167,-6.462167,informed,sell_to_mm,-8.462167,9,-154.426025,-240.252029,0.810000,-241.062029
499,-9.904451,-9.994938,-10.994938,-8.994938,noise,none,0.000000,9,-154.426025,-243.566088,0.810000,-244.376088
500,-8.244651,-6.039303,-7.039303,-5.039303,informed,sell_to_mm,-7.039303,10,-147.386721,-229.833236,1.000000,-230.833236
501,-7.266812,-7.226486,-8.226486,-6.226486,informed,none,0.000000,10,-147.386721,-220.054840,1.000000,-221.054840
502,-6.473761,-5.983139,-6.983139,-4.983139,noise,none,0.000000,10,-147.386721,-212.124331,1.000000,-213.124331
503,-3.322568,-2.841495,-3.841495,-1.841495,informed,none,0.000000,10,-147.386721,-180.612398,1.000000,-181.612398
504,-2.894684,-3.171448,-4.171448,-2.171448,informed,none,0.000000,10,-147.386721,-176.333561,1.000000,-177.333561
505,-2.037185,-1.010017,-2.010017,-0.010017,noise,none,0.000000,10,-147.386721,-167.758575,1.000000,-168.758575
506,-0.443697,-2.773362,-3.773362,-1.773362,informed,buy_from_mm,-1.773362,9,-149.160083,-153.153359,0.810000,-153.963359
507,0.997229,1.573204,0.573204,2.573204,noise,none,0.000000,9,-149.160083,-140.185020,0.810000,-140.995020
508,0.814078,1.337351,0.337351,2.337351,noise,none,0.000000,9,-149.160083,-141.833384,0.810000,-142.643384
509,-0.248023,1.333185,0.333185,2.333185,informed,sell_to_mm,0.333185,10,-149.493268,-151.973500,1.000000,-152.973500
510,1.529741,1.909456,0.909456,2.909456,informed,none,0.000000,10,-149.493268,-134.195861,1.000000,-135.195861
511,0.510698,1.835228,0.835228,2.835228,noise,none,0.000000,10,-149.493268,-144.386286,1.000000,-145.386286
512,0.967087,1.494060,0.494060,2.494060,informed,none,0.000000,10,-149.493268,-139.822399,1.000000,-140.822399
513,1.280813,1.554053,0.554053,2.554053,noise,none,0.000000,10,-149.493268,-136.685135,1.000000,-137.685135
514,1.945582,1.349695,0.349695,2.349695,noise,none,0.000000,10,-149.493268,-130.037450,1.000000,-131.037450
515,0.943058,0.330793,-0.669207,1.330793,noise,sell_to_mm,-0.669207,11,-148.824061,-138.450419,1.210000,-139.660419
516,2.018626,2.025056,1.025056,3.025056,noise,none,0.000000,11,-148.824061,-126.619172,1.210000,-127.829172
517,1.664605,0.124820,-0.875180,1.124820,noise,none,0.000000,11,-148.824061,-130.513410,1.210000,-131.723410
518,0.619305,-0.049531,-1.049531,0.950469,noise,none,0.000000,11,-148.824061,-142.011702,1.210000,-143.221702
519,0.266189,1.128682,0.128682,2.128682,noise,none,0.000000,11,-148.824061,-145.895983,1.210000,-147.105983
520,-0.168665,0.735884,-0.264116,1.735884,noise,none,0.000000,11,-148.824061,-150.679374,1.210000,-151.889374
521,0.569699,0.683544,-0.316456,1.683544,noise,none,0.000000,11,-148.824061,-142.557367,1.210000,-143.767367
522,0.304330,-0.257907,-1.257907,0.742093,noise,sell_to_mm,-1.257907,12,-147.566154,-143.914191,1.440000,-145.354191
523,-0.698741,-1.172681,-2.172681,-0.172681,informed,none,0.000000,12,-147.566154,-155.951042,1.440000,-157.391042
524,-1.119354,-0.218467,-1.218467,0.781533,noise,none,0.000000,12,-147.566154,-160.998398,1.440000,-162.438398
525,-2.336648,-0.590836,-1.590836,0.409164,informed,sell_to_mm,-1.590836,13,-145.975319,-176.351741,1.690000,-178.041741
526,-1.066252,0.570293,-0.429707,1.570293,noise,none,0.000000,13,-145.975319,-159.836592,1.690000,-161.526592
527,-0.534013,-1.140640,-2.140640,-0.140640,noise,none,0.000000,13,-145.975319,-152.917489,1.690000,-154.607489
528,-1.281800,-1.494846,-2.494846,-0.494846,noise,sell_to_mm,-2.494846,14,-143.480472,-161.425670,1.960000,-163.385670
529,-0.976355,1.397381,0.397381,2.397381,noise,none,0.000000,14,-143.480472,-157.149440,1.960000,-159.109440
530,-1.290138,-1.079014,-2.079014,-0.079014,noise,buy_from_mm,-0.079014,13,-143.559486,-160.331280,1.690000,-162.021280
531,-0.977364,-2.797878,-3.797878,-1.797878,informed,buy_from_mm,-1.797878,12,-145.357365,-157.085731,1.440000,-158.525731
532,-0.318846,0.978830,-0.021170,1.978830,noise,none,0.000000,12,-145.357365,-149.183513,1.440000,-150.623513
533,-0.169977,0.385283,-0.614717,1.385283,informed,none,0.000000,12,-145.357365,-147.397087,1.440000,-148.837087
534,0.311789,0.391247,-0.608753,1.391247,informed,none,0.000000,12,-145.357365,-141.615896,1.440000,-143.055896
535,-0.702601,-0.334250,-1.334250,0.665750,informed,none,0.000000,12,-145.357365,-153.788577,1.440000,-155.228577
536,0.122462,0.001391,-0.998609,1.001391,noise,none,0.000000,12,-145.357365,-143.887823,1.440000,-145.327823
537,0.078898,-2.123749,-3.123749,-1.123749,noise,none,0.000000,12,-145.357365,-144.410583,1.440000,-145.850583
538,0.415189,0.402689,-0.597311,1.402689,noise,sell_to_mm,-0.597311,13,-144.760053,-139.362590,1.690000,-141.052590
539,0.044096,0.682040,-0.317960,1.682040,noise,none,0.000000,13,-144.760053,-144.186810,1.690000,-145.876810
540,-0.240981,0.462130,-0.537870,1.462130,noise,none,0.000000,13,-144.760053,-147.892812,1.690000,-149.582812
541,-0.646877,-1.494067,-2.494067,-0.494067,noise,none,0.000000,13,-144.760053,-153.169458,1.690000,-154.859458
542,0.114599,-0.683958,-1.683958,0.316042,informed,none,0.000000,13,-144.760053,-143.270272,1.690000,-144.960272
543,-0.161802,0.256521,-0.743479,1.256521,noise,none,0.000000,13,-144.760053,-146.863477,1.690000,-148.553477
544,-0.184477,2.168905,1.168905,3.168905,noise,none,0.000000,13,-144.760053,-147.158254,1.690000,-148.848254
545,0.035263,-0.632788,-1.632788,0.367212,noise,sell_to_mm,-1.632788,14,-143.127265,-142.633585,1.960000,-144.593585
546,0.376319,0.529511,-0.470489,1.529511,noise,sell_to_mm,-0.470489,15,-142.656776,-137.011986,2.250000,-139.261986
547,1.142130,1.945780,0.945780,2.945780,noise,none,0.000000,15,-142.656776,-125.524820,2.250000,-127.774820
548,1.654884,2.708902,1.708902,3.708902,informed,sell_to_mm,1.708902,16,-144.365678,-117.887541,2.560000,-120.447541
549,1.876184,2.796381,1.796381,3.796381,informed,none,0.000000,16,-144.365678,-114.346732,2.560000,-116.906732
550,2.446309,3.824434,2.824434,4.824434,noise,sell_to_mm,2.824434,17,-147.190112,-105.602853,2.890000,-108.492853
551,2.765055,4.300475,3.300475,5.300475,noise,none,0.000000,17,-147.190112,-100.184183,2.890000,-103.074183
552,1.865791,3.126094,2.126094,4.126094,informed,sell_to_mm,2.126094,18,-149.316207,-115.731973,3.240000,-118.971973
553,2.988159,1.327618,0.327618,2.327618,informed,buy_from_mm,2.327618,17,-146.988589,-96.189892,2.890000,-99.079892
554,3.796913,2.169859,1.169859,3.169859,informed,buy_from_mm,3.169859,16,-143.818730,-83.068124,2.560000,-85.628124
555,2.534916,2.714758,1.714758,3.714758,noise,none,0.000000,16,-143.818730,-103.260076,2.560000,-105.820076
556,0.980878,1.381489,0.381489,2.381489,informed,none,0.000000,16,-143.818730,-128.124684,2.560000,-130.684684
557,0.868883,1.357028,0.357028,2.357028,informed,none,0.000000,16,-143.818730,-129.916600,2.560000,-132.476600
558,0.469855,0.800959,-0.199041,1.800959,noise,sell_to_mm,-0.199041,17,-143.619689,-135.632155,2.890000,-138.522155
559,0.259254,0.017856,-0.982144,1.017856,noise,none,0.000000,17,-143.619689,-139.212368,2.890000,-142.102368
560,-0.567758,-1.551438,-2.551438,-0.551438,informed,none,0.000000,17,-143.619689,-153.271581,2.890000,-156.161581
561,-1.130195,-0.458568,-1.458568,0.541432,informed,none,0.000000,17,-143.619689,-162.833012,2.890000,-165.723012
562,-0.666871,-0.224135,-1.224135,0.775865,noise,none,0.000000,17,-143.619689,-154.956500,2.890000,-157.846500
563,-2.254185,-2.553342,-3.553342,-1.553342,noise,buy_from_mm,-1.553342,16,-145.173030,-181.239992,2.560000,-183.799992
564,-1.067258,0.182901,-0.817099,1.182901,informed,sell_to_mm,-0.817099,17,-144.355931,-162.499313,2.890000,-165.389313
565,-2.459177,-2.218953,-3.218953,-1.218953,noise,none,0.000000,17,-144.355931,-186.161943,2.890000,-189.051943
566,-3.664520,-2.300411,-3.300411,-1.300411,noise,none,0.000000,17,-144.355931,-206.652767,2.890000,-209.542767
567,-2.626868,-3.516035,-4.516035,-2.516035,noise,none,0.000000,17,-144.355931,-189.012680,2.890000,-191.902680
568,-1.784245,-1.520194,-2.520194,-0.520194,noise,none,0.000000,17,-144.355931,-174.688088,2.890000,-177.578088
569,-0.970875,-1.394654,-2.394654,-0.394654,noise,none,0.000000,17,-144.355931,-160.860811,2.890000,-163.750811
570,-0.775994,1.672049,0.672049,2.672049,informed,sell_to_mm,0.672049,18,-145.027980,-158.995873,3.240000,-162.235873
571,-1.648364,-1.616867,-2.616867,-0.616867,noise,none,0.000000,18,-145.027980,-174.698535,3.240000,-177.938535
572,-0.872904,-0.752834,-1.752834,0.247166,informed,none,0.000000,18,-145.027980,-160.740254,3.240000,-163.980254
573,0.399631,-0.906782,-1.906782,0.093218,noise,sell_to_mm,-1.906782,19,-143.121198,-135.528214,3.610000,-139.138214
574,-0.421238,1.812934,0.812934,2.812934,noise,none,0.000000,19,-143.121198,-151.124729,3.610000,-154.734729
575,-0.912165,0.183352,-0.816648,1.183352,informed,sell_to_mm,-0.816648,20,-142.304550,-160.547846,4.000000,-164.547846
576,-0.619707,0.456978,-0.543022,1.456978,noise,buy_from_mm,1.456978,19,-140.847572,-152.622001,3.610000,-156.232001
577,-3.365086,-6.832091,-7.832091,-5.832091,informed,buy_from_mm,-5.832091,18,-146.679664,-207.251213,3.240000,-210.491213
578,-4.857298,-5.600639,-6.600639,-4.600639,informed,none,0.000000,18,-146.679664,-234.111037,3.240000,-237.351037
579,-5.885607,-5.840935,-6.840935,-4.840935,noise,none,0.000000,18,-146.679664,-252.620586,3.240000,-255.860586
580,-7.329894,-6.596938,-7.596938,-5.596938,noise,none,0.000000,18,-146.679664,-278.617754,3.240000,-281.857754
581,-9.275470,-8.497704,-9.497704,-7.497704,informed,none,0.000000,18,-146.679664,-313.638133,3.240000,-316.878133
582,-8.346365,-7.926892,-8.926892,-6.926892,noise,buy_from_mm,-6.926892,17,-153.606556,-295.494761,2.890000,-298.384761
583,-6.482578,-7.549430,-8.549430,-6.549430,noise,buy_from_mm,-6.549430,16,-160.155986,-263.877230,2.560000,-266.437230
584,-7.900743,-6.418157,-7.418157,-5.418157,noise,none,0.000000,16,-160.155986,-286.567881,2.560000,-289.127881
585,-6.955487,-6.089550,-7.089550,-5.089550,noise,none,0.000000,16,-160.155986,-271.443779,2.560000,-274.003779
586,-7.328279,-5.884590,-6.884590,-4.884590,noise,none,0.000000,16,-160.155986,-277.408452,2.560000,-279.968452
587,-7.331254,-6.924569,-7.924569,-5.924569,noise,none,0.000000,16,-160.155986,-277.456054,2.560000,-280.016054
588,-6.403808,-7.229015,-8.229015,-6.229015,noise,none,0.000000,16,-160.155986,-262.616908,2.560000,-265.176908
589,-6.349537,-9.067616,-10.067616,-8.067616,informed,buy_from_mm,-8.067616,15,-168.223602,-263.466650,2.250000,-265.716650
590,-6.294025,-5.372133,-6.372133,-4.372133,noise,none,0.000000,15,-168.223602,-262.633976,2.250000,-264.883976
591,-6.693894,-6.873639,-7.873639,-5.873639,noise,none,0.000000,15,-168.223602,-268.632012,2.250000,-270.882012
592,-4.451992,-5.150199,-6.150199,-4.150199,noise,sell_to_mm,-6.150199,16,-162.073403,-233.305277,2.560000,-235.865277
593,-4.902833,-5.791546,-6.791546,-4.791546,informed,none,0.000000,16,-162.073403,-240.518733,2.560000,-243.078733
594,-3.683498,-3.972730,-4.972730,-2.972730,informed,none,0.000000,16,-162.073403,-221.009368,2.560000,-223.569368
595,-4.020976,-2.680366,-3.680366,-1.680366,noise,buy_from_mm,-1.680366,15,-163.753769,-224.068410,2.250000,-226.318410
596,-5.197416,-4.601076,-5.601076,-3.601076,noise,none,0.000000,15,-163.753769,-241.715010,2.250000,-243.965010
597,-5.615149,-5.735364,-6.735364,-4.735364,informed,none,0.000000,15,-163.753769,-247.981012,2.250000,-250.231012
598,-4.414367,-3.788409,-4.788409,-2.788409,noise,sell_to_mm,-4.788409,16,-158.965361,-229.595238,2.560000,-232.155238
599,-3.997493,-3.764746,-4.764746,-2.764746,noise,none,0.000000,16,-158.965361,-222.925252,2.560000,-225.485252
600,-4.760465,-4.164710,-5.164710,-3.164710,noise,buy_from_mm,-3.164710,15,-162.130070,-233.537046,2.250000,-235.787046
601,-3.833286,-3.738459,-4.738459,-2.738459,informed,none,0.000000,15,-162.130070,-219.629367,2.250000,-221.879367
602,-4.675931,-3.130893,-4.130893,-2.130893,noise,none,0.000000,15,-162.130070,-232.269031,2.250000,-234.519031
603,-3.584335,-3.690800,-4.690800,-2.690800,informed,none,0.000000,15,-162.130070,-215.895102,2.250000,-218.145102
604,-3.557640,-3.334762,-4.334762,-2.334762,informed,none,0.000000,15,-162.130070,-215.494676,2.250000,-217.744676
605,-3.957877,-4.033770,-5.033770,-3.033770,informed,none,0.000000,15,-162.130070,-221.498232,2.250000,-223.748232
606,-2.841089,-2.522075,-3.522075,-1.522075,noise,none,0.000000,15,-162.130070,-204.746404,2.250000,-206.996404
607,-2.563155,-1.551202,-2.551202,-0.551202,informed,sell_to_mm,-2.551202,16,-159.578868,-200.589345,2.560000,-203.149345
608,-2.732434,-2.602453,-3.602453,-1.602453,noise,none,0.000000,16,-159.578868,-203.297811,2.560000,-205.857811
609,-2.034174,-2.448268,-3.448268,-1.448268,noise,none,0.000000,16,-159.578868,-192.125647,2.560000,-194.685647
610,-3.345146,-1.826177,-2.826177,-0.826177,noise,none,0.000000,16,-159.578868,-213.101211,2.560000,-215.661211
611,-6.120197,-6.094264,-7.094264,-5.094264,noise,none,0.000000,16,-159.578868,-257.502015,2.560000,-260.062015
612,-6.332545,-4.297197,-5.297197,-3.297197,informed,sell_to_mm,-5.297197,17,-154.281671,-261.934937,2.890000,-264.824937
613,-4.693503,-4.673072,-5.673072,-3.673072,noise,none,0.000000,17,-154.281671,-234.071215,2.890000,-236.961215
614,-3.426435,-4.046444,-5.046444,-3.046444,noise,sell_to_mm,-5.046444,18,-149.235227,-210.911049,3.240000,-214.151049
615,-4.194493,-5.173860,-6.173860,-4.173860,noise,none,0.000000,18,-149.235227,-224.736101,3.240000,-227.976101
616,-5.417370,-5.592529,-6.592529,-4.592529,informed,none,0.000000,18,-149.235227,-246.747882,3.240000,-249.987882
617,-5.881893,-7.309259,-8.309259,-6.309259,noise,none,0.000000,18,-149.235227,-255.109297,3.240000,-258.349297
618,-6.210148,-6.410437,-7.410437,-5.410437,noise,none,0.000000,18,-149.235227,-261.017895,3.240000,-264.257895
619,-6.332487,-6.093557,-7.093557,-5.093557,informed,none,0.000000,18,-149.235227,-263.219989,3.240000,-266.459989
620,-5.964338,-5.255795,-6.255795,-4.255795,noise,sell_to_mm,-6.255795,19,-142.979433,-256.301852,3.610000,-259.911852
621,-5.613913,-6.552376,-7.552376,-5.552376,noise,sell_to_mm,-7.552376,20,-135.427056,-247.705317,4.000000,-251.705317
622,-6.324440,-5.424228,-6.424228,-4.424228,noise,buy_from_mm,-4.424228,19,-139.851285,-260.015652,3.610000,-263.625652
623,-8.092971,-7.353566,-8.353566,-6.353566,noise,none,0.000000,19,-139.851285,-293.617729,3.610000,-297.227729
624,-9.079245,-8.964929,-9.964929,-7.964929,noise,sell_to_mm,-9.964929,20,-129.886356,-311.471253,4.000000,-315.471253
625,-9.409314,-9.936209,-10.936209,-8.936209,noise,none,0.000000,20,-129.886356,-318.072636,4.000000,-322.072636
626,-9.157871,-8.584509,-9.584509,-7.584509,informed,none,0.000000,20,-129.886356,-313.043777,4.000000,-317.043777
627,-10.623638,-11.705361,-12.705361,-10.705361,noise,none,0.000000,20,-129.886356,-342.359116,4.000000,-346.359116
628,-9.429352,-9.606054,-10.606054,-8.606054,informed,none,0.000000,20,-129.886356,-318.473399,4.000000,-322.473399
629,-10.699684,-9.406897,-10.406897,-8.406897,informed,sell_to_mm,-10.406897,21,-119.479459,-344.172828,4.410000,-348.582828
630,-10.187530,-9.805720,-10.805720,-8.805720,noise,buy_from_mm,-8.805720,20,-128.285179,-332.035786,4.000000,-336.035786
631,-10.159247,-10.734097,-11.734097,-9.734097,noise,buy_from_mm,-9.734097,19,-138.019276,-331.044959,3.610000,-334.654959
632,-9.747149,-10.216891,-11.216891,-9.216891,informed,none,0.000000,19,-138.019276,-323.215107,3.610000,-326.825107
633,-8.425829,-8.046109,-9.046109,-7.046109,noise,sell_to_mm,-9.046109,20,-128.973167,-297.489739,4.000000,-301.489739
634,-7.939623,-10.107190,-11.107190,-9.107190,noise,none,0.000000,20,-128.973167,-287.765628,4.000000,-291.765628
635,-7.241423,-6.939460,-7.939460,-5.939460,informed,none,0.000000,20,-128.973167,-273.801629,4.000000,-277.801629
636,-7.199965,-6.172342,-7.172342,-5.172342,noise,sell_to_mm,-7.172342,21,-121.800825,-273.000093,4.410000,-277.410093
637,-6.384210,-7.202042,-8.202042,-6.202042,noise,none,0.000000,21,-121.800825,-255.869233,4.410000,-260.279233
638,-5.830182,-5.956797,-6.956797,-4.956797,noise,sell_to_mm,-6.956797,22,-114.844028,-243.108035,4.840000,-247.948035
639,-6.222251,-6.664701,-7.664701,-5.664701,informed,none,0.000000,22,-114.844028,-251.733544,4.840000,-256.573544
640,-6.961613,-5.552200,-6.552200,-4.552200,informed,sell_to_mm,-6.552200,23,-108.291828,-268.408933,5.290000,-273.698933
641,-6.847082,-6.515482,-7.515482,-5.515482,informed,none,0.000000,23,-108.291828,-265.774707,5.290000,-271.064707
642,-7.027994,-6.893208,-7.893208,-5.893208,informed,none,0.000000,23,-108.291828,-269.935690,5.290000,-275.225690
643,-7.944470,-10.183920,-11.183920,-9.183920,informed,buy_from_mm,-9.183920,22,-117.475748,-292.254084,4.840000,-297.094084
644,-9.550207,-8.640941,-9.640941,-7.640941,informed,none,0.000000,22,-117.475748,-327.580295,4.840000,-332.420295
645,-9.303706,-7.665085,-8.665085,-6.665085,informed,sell_to_mm,-8.665085,23,-108.810663,-322.795902,5.290000,-328.085902
646,-9.117282,-11.362063,-12.362063,-10.362063,noise,sell_to_mm,-12.362063,24,-96.448599,-315.263360,5.760000,-321.023360
647,-9.819991,-10.928043,-11.928043,-9.928043,noise,none,0.000000,24,-96.448599,-332.128389,5.760000,-337.888389
648,-9.616299,-9.257084,-10.257084,-8.257084,noise,buy_from_mm,-8.257084,23,-104.705683,-325.880566,5.290000,-331.170566
649,-9.842500,-10.980800,-11.980800,-9.980800,informed,buy_from_mm,-9.980800,22,-114.686483,-331.221490,4.840000,-336.061490
650,-10.105261,-8.018722,-9.018722,-7.018722,informed,sell_to_mm,-9.018722,23,-105.667760,-338.088763,5.290000,-343.378763
651,-9.559487,-8.374733,-9.374733,-7.374733,informed,sell_to_mm,-9.374733,24,-96.293027,-325.720716,5.760000,-331.480716
652,-9.490504,-8.354314,-9.354314,-7.354314,noise,buy_from_mm,-7.354314,23,-103.647341,-321.928940,5.290000,-327.218940
653,-8.608778,-8.566573,-9.566573,-7.566573,noise,none,0.000000,23,-103.647341,-301.649244,5.290000,-306.939244
654,-6.162360,-6.839725,-7.839725,-5.839725,noise,none,0.000000,23,-103.647341,-245.381611,5.290000,-250.671611
655,-6.880103,-5.442358,-6.442358,-4.442358,noise,buy_from_mm,-4.442358,22,-108.089699,-259.451964,4.840000,-264.291964
656,-7.892909,-6.813373,-7.813373,-5.813373,informed,sell_to_mm,-7.813373,23,-100.276326,-281.813234,5.290000,-287.103234
657,-7.590505,-7.223173,-8.223173,-6.223173,informed,none,0.000000,23,-100.276326,-274.857942,5.290000,-280.147942
658,-8.844690,-8.823449,-9.823449,-7.823449,informed,none,0.000000,23,-100.276326,-303.704192,5.290000,-308.994192
659,-7.256973,-5.994258,-6.994258,-4.994258,noise,none,0.000000,23,-100.276326,-267.186710,5.290000,-272.476710
660,-7.066576,-6.292141,-7.292141,-5.292141,noise,none,0.000000,23,-100.276326,-262.807568,5.290000,-268.097568
661,-8.570510,-6.939950,-7.939950,-5.939950,informed,sell_to_mm,-7.939950,24,-92.336376,-298.028617,5.760000,-303.788617
662,-8.893837,-9.234208,-10.234208,-8.234208,noise,none,0.000000,24,-92.336376,-305.788473,5.760000,-311.548473
663,-8.587895,-10.842240,-11.842240,-9.842240,noise,none,0.000000,24,-92.336376,-298.445854,5.760000,-304.205854
664,-8.880016,-9.757419,-10.757419,-8.757419,informed,none,0.000000,24,-92.336376,-305.456770,5.760000,-311.216770
665,-8.737036,-7.614060,-8.614060,-6.614060,informed,sell_to_mm,-8.614060,25,-83.722316,-302.148211,6.250000,-308.398211
666,-6.911205,-6.510786,-7.510786,-5.510786,informed,none,0.000000,25,-83.722316,-256.502446,6.250000,-262.752446
667,-7.280575,-6.796069,-7.796069,-5.796069,informed,none,0.000000,25,-83.722316,-265.736684,6.250000,-271.986684
668,-7.802262,-6.619287,-7.619287,-5.619287,noise,none,0.000000,25,-83.722316,-278.778865,6.250000,-285.028865
669,-6.860811,-8.837925,-9.837925,-7.837925,informed,buy_from_mm,-7.837925,24,-91.560241,-256.219702,5.760000,-261.979702
670,-6.168347,-6.448804,-7.448804,-5.448804,noise,none,0.000000,24,-91.560241,-239.600565,5.760000,-245.360565
671,-4.819997,-5.738734,-6.738734,-4.738734,noise,none,0.000000,24,-91.560241,-207.240181,5.760000,-213.000181
672,-5.056583,-4.964408,-5.964408,-3.964408,informed,none,0.000000,24,-91.560241,-212.918228,5.760000,-218.678228
673,-5.177593,-5.488399,-6.488399,-4.488399,noise,none,0.000000,24,-91.560241,-215.822480,5.760000,-221.582480
674,-7.636770,-7.643574,-8.643574,-6.643574,informed,none,0.000000,24,-91.560241,-274.842711,5.760000,-280.602711
675,-7.810845,-7.772632,-8.772632,-6.772632,informed,none,0.000000,24,-91.560241,-279.020510,5.760000,-284.780510
676,-10.998570,-10.224494,-11.224494,-9.224494,noise,none,0.000000,24,-91.560241,-355.525928,5.760000,-361.285928
677,-10.767775,-10.402285,-11.402285,-9.402285,informed,none,0.000000,24,-91.560241,-349.986839,5.760000,-355.746839
678,-11.136576,-11.306546,-12.306546,-10.306546,noise,sell_to_mm,-12.306546,25,-79.253696,-357.668096,6.250000,-363.918096
679,-10.941697,-12.224726,-13.224726,-11.224726,noise,none,0.000000,25,-79.253696,-352.796120,6.250000,-359.046120
680,-9.290087,-9.973112,-10.973112,-8.973112,noise,none,0.000000,25,-79.253696,-311.505863,6.250000,-317.755863
681,-8.647028,-8.557087,-9.557087,-7.557087,informed,none,0.000000,25,-79.253696,-295.429402,6.250000,-301.679402
682,-9.231525,-8.839870,-9.839870,-7.839870,noise,sell_to_mm,-9.839870,26,-69.413826,-309.433471,6.760000,-316.193471
683,-8.222244,-8.825562,-9.825562,-7.825562,noise,none,0.000000,26,-69.413826,-283.192168,6.760000,-289.952168
684,-6.929375,-8.131765,-9.131765,-7.131765,noise,none,0.000000,26,-69.413826,-249.577568,6.760000,-256.337568
685,-8.263953,-7.308771,-8.308771,-6.308771,informed,none,0.000000,26,-69.413826,-284.276603,6.760000,-291.036603
686,-9.069202,-9.488003,-10.488003,-8.488003,informed,none,0.000000,26,-69.413826,-305.213068,6.760000,-311.973068
687,-9.852109,-10.690394,-11.690394,-9.690394,noise,none,0.000000,26,-69.413826,-325.568660,6.760000,-332.328660
688,-9.978866,-9.389961,-10.389961,-8.389961,informed,none,0.000000,26,-69.413826,-328.864351,6.760000,-335.624351
689,-10.307502,-10.259975,-11.259975,-9.259975,informed,none,0.000000,26,-69.413826,-337.408867,6.760000,-344.168867
690,-10.179466,-8.222862,-9.222862,-7.222862,noise,buy_from_mm,-7.222862,25,-76.636688,-331.123333,6.250000,-337.373333
691,-9.720714,-8.996990,-9.996990,-7.996990,noise,none,0.000000,25,-76.636688,-319.654542,6.250000,-325.904542
692,-8.772002,-9.427185,-10.427185,-8.427185,noise,buy_from_mm,-8.427185,24,-85.063874,-295.591932,5.760000,-301.351932
693,-7.728622,-7.882969,-8.882969,-6.882969,informed,none,0.000000,24,-85.063874,-270.550801,5.760000,-276.310801
694,-7.692593,-7.734302,-8.734302,-6.734302,informed,none,0.000000,24,-85.063874,-269.686101,5.760000,-275.446101
695,-7.576673,-7.195087,-8.195087,-6.195087,informed,none,0.000000,24,-85.063874,-266.904029,5.760000,-272.664029
696,-6.285459,-7.189106,-8.189106,-6.189106,noise,buy_from_mm,-6.189106,23,-91.252980,-235.818533,5.290000,-241.108533
697,-6.253798,-7.883246,-8.883246,-6.883246,noise,none,0.000000,23,-91.252980,-235.090334,5.290000,-240.380334
698,-6.291189,-7.122598,-8.122598,-6.122598,informed,none,0.000000,23,-91.252980,-235.950324,5.290000,-241.240324
699,-4.379366,-3.266318,-4.266318,-2.266318,informed,sell_to_mm,-4.266318,24,-86.986661,-192.091444,5.760000,-197.851444
700,-5.832453,-6.526023,-7.526023,-5.526023,noise,buy_from_mm,-5.526023,23,-92.512685,-226.659093,5.290000,-231.949093
701,-5.261912,-5.264366,-6.264366,-4.264366,noise,buy_from_mm,-4.264366,22,-96.777051,-212.539118,4.840000,-217.379118
702,-4.774576,-1.988354,-2.988354,-0.988354,noise,none,0.000000,22,-96.777051,-201.817724,4.840000,-206.657724
703,-6.671725,-6.982190,-7.982190,-5.982190,informed,none,0.000000,22,-96.777051,-243.554995,4.840000,-248.394995
704,-6.167124,-7.486949,-8.486949,-6.486949,noise,none,0.000000,22,-96.777051,-232.453769,4.840000,-237.293769
705,-6.236040,-5.372371,-6.372371,-4.372371,noise,none,0.000000,22,-96.777051,-233.969921,4.840000,-238.809921
706,-6.936395,-6.506865,-7.506865,-5.506865,informed,none,0.000000,22,-96.777051,-249.377740,4.840000,-254.217740
707,-5.917638,-5.933103,-6.933103,-4.933103,noise,none,0.000000,22,-96.777051,-226.965080,4.840000,-231.805080
708,-6.583476,-6.640804,-7.640804,-5.640804,noise,none,0.000000,22,-96.777051,-241.613529,4.840000,-246.453529
709,-6.420687,-6.068065,-7.068065,-5.068065,noise,none,0.000000,22,-96.777051,-238.032174,4.840000,-242.872174
710,-8.353666,-7.387404,-8.387404,-6.387404,informed,none,0.000000,22,-96.777051,-280.557701,4.840000,-285.397701
711,-7.902100,-8.611711,-9.611711,-7.611711,informed,none,0.000000,22,-96.777051,-270.623247,4.840000,-275.463247
712,-6.547494,-6.692077,-7.692077,-5.692077,informed,none,0.000000,22,-96.777051,-240.821910,4.840000,-245.661910
713,-7.931312,-8.917006,-9.917006,-7.917006,noise,buy_from_mm,-7.917006,21,-104.694057,-271.251609,4.410000,-275.661609
714,-8.610412,-8.675513,-9.675513,-7.675513,noise,buy_from_mm,-7.675513,20,-112.369570,-284.577802,4.000000,-288.577802
715,-9.090101,-8.329351,-9.329351,-7.329351,noise,none,0.000000,20,-112.369570,-294.171584,4.000000,-298.171584
716,-7.523996,-8.300695,-9.300695,-7.300695,noise,buy_from_mm,-7.300695,19,-119.670265,-262.626189,3.610000,-266.236189
717,-8.059642,-7.968501,-8.968501,-6.968501,noise,none,0.000000,19,-119.670265,-272.803472,3.610000,-276.413472
718,-7.284118,-4.566523,-5.566523,-3.566523,informed,sell_to_mm,-5.566523,20,-114.103742,-259.786098,4.000000,-263.786098
719,-8.206566,-9.080318,-10.080318,-8.080318,noise,none,0.000000,20,-114.103742,-278.235060,4.000000,-282.235060
720,-7.569553,-8.741194,-9.741194,-7.741194,noise,none,0.000000,20,-114.103742,-265.494803,4.000000,-269.494803
721,-8.853742,-8.564416,-9.564416,-7.564416,informed,none,0.000000,20,-114.103742,-291.178575,4.000000,-295.178575
722,-9.092650,-9.085856,-10.085856,-8.085856,informed,none,0.000000,20,-114.103742,-295.956744,4.000000,-299.956744
723,-8.576668,-8.750879,-9.750879,-7.750879,noise,none,0.000000,20,-114.103742,-285.637103,4.000000,-289.637103
724,-7.274072,-7.114468,-8.114468,-6.114468,informed,none,0.000000,20,-114.103742,-259.585186,4.000000,-263.585186
725,-4.368447,-4.957302,-5.957302,-3.957302,informed,none,0.000000,20,-114.103742,-201.472672,4.000000,-205.472672
726,-5.269974,-5.413645,-6.413645,-4.413645,informed,none,0.000000,20,-114.103742,-219.503217,4.000000,-223.503217
727,-6.650403,-6.676358,-7.676358,-5.676358,noise,none,0.000000,20,-114.103742,-247.111808,4.000000,-251.111808
728,-7.267761,-7.097552,-8.097552,-6.097552,informed,none,0.000000,20,-114.103742,-259.458963,4.000000,-263.458963
729,-8.342151,-8.067426,-9.067426,-7.067426,noise,none,0.000000,20,-114.103742,-280.946766,4.000000,-284.946766
730,-8.951603,-11.417432,-12.417432,-10.417432,noise,sell_to_mm,-12.417432,21,-101.686310,-289.669970,4.410000,-294.079970
731,-10.143318,-9.617617,-10.617617,-8.617617,noise,none,0.000000,21,-101.686310,-314.695986,4.410000,-319.105986
732,-10.281697,-11.406303,-12.406303,-10.406303,noise,sell_to_mm,-12.406303,22,-89.280007,-315.477337,4.840000,-320.317337
733,-10.335626,-8.343718,-9.343718,-7.343718,noise,none,0.000000,22,-89.280007,-316.663784,4.840000,-321.503784
734,-11.532933,-13.203040,-14.203040,-12.203040,informed,buy_from_mm,-12.203040,21,-101.483047,-343.674631,4.410000,-348.084631
735,-11.911650,-12.621897,-13.621897,-11.621897,informed,none,0.000000,21,-101.483047,-351.627705,4.410000,-356.037705
736,-11.687647,-12.401417,-13.401417,-11.401417,noise,buy_from_mm,-11.401417,20,-112.884464,-346.637398,4.000000,-350.637398
737,-10.419457,-10.287410,-11.287410,-9.287410,noise,none,0.000000,20,-112.884464,-321.273606,4.000000,-325.273606
738,-10.558591,-9.754213,-10.754213,-8.754213,informed,none,0.000000,20,-112.884464,-324.056275,4.000000,-328.056275
739,-10.957160,-12.301029,-13.301029,-11.301029,noise,none,0.000000,20,-112.884464,-332.027658,4.000000,-336.027658
740,-11.905025,-11.329114,-12.329114,-10.329114,informed,none,0.000000,20,-112.884464,-350.984955,4.000000,-354.984955
741,-12.021376,-14.634221,-15.634221,-13.634221,informed,buy_from_mm,-13.634221,19,-126.518686,-354.924826,3.610000,-358.534826
742,-10.424285,-10.117511,-11.117511,-9.117511,informed,none,0.000000,19,-126.518686,-324.580103,3.610000,-328.190103
743,-8.857558,-8.427391,-9.427391,-7.427391,noise,none,0.000000,19,-126.518686,-294.812282,3.610000,-298.422282
744,-8.614741,-7.040878,-8.040878,-6.040878,informed,sell_to_mm,-8.040878,20,-118.477808,-290.772628,4.000000,-294.772628
745,-9.403822,-11.045653,-12.045653,-10.045653,noise,none,0.000000,20,-118.477808,-306.554254,4.000000,-310.554254
746,-8.187215,-10.703588,-11.703588,-9.703588,informed,buy_from_mm,-9.703588,19,-128.181396,-283.738485,3.610000,-287.348485
747,-8.582522,-8.014855,-9.014855,-7.014855,noise,none,0.000000,19,-128.181396,-291.249317,3.610000,-294.859317
748,-7.383751,-7.238108,-8.238108,-6.238108,informed,none,0.000000,19,-128.181396,-268.472666,3.610000,-272.082666
749,-8.074981,-8.032690,-9.032690,-7.032690,noise,none,0.000000,19,-128.181396,-281.606039,3.610000,-285.216039
750,-10.419048,-11.380954,-12.380954,-10.380954,noise,none,0.000000,19,-128.181396,-326.143315,3.610000,-329.753315
751,-11.285158,-12.137301,-13.137301,-11.137301,informed,none,0.000000,19,-128.181396,-342.599396,3.610000,-346.209396
752,-10.304343,-11.247651,-12.247651,-10.247651,noise,buy_from_mm,-10.247651,18,-138.429047,-323.907227,3.240000,-327.147227
753,-10.076290,-11.057896,-12.057896,-10.057896,noise,none,0.000000,18,-138.429047,-319.802261,3.240000,-323.042261
754,-11.115477,-8.527985,-9.527985,-7.527985,informed,sell_to_mm,-9.527985,19,-128.901062,-340.095121,3.610000,-343.705121
755,-11.046692,-9.974560,-10.974560,-8.974560,noise,none,0.000000,19,-128.901062,-338.788205,3.610000,-342.398205
756,-11.095805,-10.015378,-11.015378,-9.015378,informed,sell_to_mm,-11.015378,20,-117.885683,-339.801779,4.000000,-343.801779
757,-10.945012,-8.877742,-9.877742,-7.877742,noise,buy_from_mm,-7.877742,19,-125.763425,-333.718663,3.610000,-337.328663
758,-10.421594,-11.089590,-12.089590,-10.089590,informed,none,0.000000,19,-125.763425,-323.773710,3.610000,-327.383710
759,-10.546728,-10.704631,-11.704631,-9.704631,informed,none,0.000000,19,-125.763425,-326.151255,3.610000,-329.761255
760,-10.758861,-8.956132,-9.956132,-7.956132,noise,none,0.000000,19,-125.763425,-330.181777,3.610000,-333.791777
761,-11.586857,-11.663383,-12.663383,-10.663383,informed,none,0.000000,19,-125.763425,-345.913712,3.610000,-349.523712
762,-10.530112,-10.890563,-11.890563,-9.890563,noise,none,0.000000,19,-125.763425,-325.835556,3.610000,-329.445556
763,-9.186416,-8.659225,-9.659225,-7.659225,informed,none,0.000000,19,-125.763425,-300.305333,3.610000,-303.915333
764,-10.261032,-9.634257,-10.634257,-8.634257,noise,none,0.000000,19,-125.763425,-320.723036,3.610000,-324.333036
765,-10.101107,-9.592327,-10.592327,-8.592327,noise,sell_to_mm,-10.592327,20,-115.171098,-317.193237,4.000000,-321.193237
766,-10.737502,-10.272792,-11.272792,-9.272792,informed,none,0.000000,20,-115.171098,-329.921131,4.000000,-333.921131
767,-10.855646,-11.713249,-12.713249,-10.713249,informed,none,0.000000,20,-115.171098,-332.284022,4.000000,-336.284022
768,-11.621952,-12.297889,-13.297889,-11.297889,noise,none,0.000000,20,-115.171098,-347.610145,4.000000,-351.610145
769,-9.807586,-10.816572,-11.816572,-9.816572,noise,sell_to_mm,-11.816572,21,-103.354526,-309.313834,4.410000,-313.723834
770,-9.226893,-8.495857,-9.495857,-7.495857,noise,none,0.000000,21,-103.354526,-297.119277,4.410000,-301.529277
771,-9.030654,-8.272652,-9.272652,-7.272652,noise,none,0.000000,21,-103.354526,-292.998251,4.410000,-297.408251
772,-9.105793,-9.210978,-10.210978,-8.210978,noise,none,0.000000,21,-103.354526,-294.576173,4.410000,-298.986173
773,-9.165093,-10.370021,-11.370021,-9.370021,noise,none,0.000000,21,-103.354526,-295.821476,4.410000,-300.231476
774,-9.870092,-10.465687,-11.465687,-9.465687,noise,none,0.000000,21,-103.354526,-310.626462,4.410000,-315.036462
775,-12.000597,-11.821206,-12.821206,-10.821206,noise,none,0.000000,21,-103.354526,-355.367061,4.410000,-359.777061
776,-12.086996,-13.201114,-14.201114,-12.201114,informed,buy_from_mm,-12.201114,20,-115.555640,-357.295570,4.000000,-361.295570
777,-13.599981,-13.611309,-14.611309,-12.611309,noise,none,0.000000,20,-115.555640,-387.555258,4.000000,-391.555258
778,-13.909060,-13.213349,-14.213349,-12.213349,noise,sell_to_mm,-14.213349,21,-101.342291,-393.432556,4.410000,-397.842556
779,-11.852879,-11.745382,-12.745382,-10.745382,noise,buy_from_mm,-10.745382,20,-112.087674,-349.145261,4.000000,-353.145261
780,-10.355878,-8.378852,-9.378852,-7.378852,noise,none,0.000000,20,-112.087674,-319.205234,4.000000,-323.205234
781,-9.814131,-8.202549,-9.202549,-7.202549,noise,buy_from_mm,-7.202549,19,-119.290223,-305.758719,3.610000,-309.368719
782,-10.572081,-10.081511,-11.081511,-9.081511,informed,none,0.000000,19,-119.290223,-320.159753,3.610000,-323.769753
783,-8.824499,-8.503880,-9.503880,-7.503880,noise,sell_to_mm,-9.503880,20,-109.786343,-286.276315,4.000000,-290.276315
784,-7.401407,-7.448328,-8.448328,-6.448328,noise,buy_from_mm,-6.448328,19,-116.234671,-256.861407,3.610000,-260.471407
785,-9.092732,-8.465948,-9.465948,-7.465948,noise,none,0.000000,19,-116.234671,-288.996571,3.610000,-292.606571
786,-8.573796,-8.956097,-9.956097,-7.956097,informed,none,0.000000,19,-116.234671,-279.136801,3.610000,-282.746801
787,-10.449553,-11.323627,-12.323627,-10.323627,noise,buy_from_mm,-10.323627,18,-126.558297,-314.650251,3.240000,-317.890251
788,-9.818355,-8.651322,-9.651322,-7.651322,noise,none,0.000000,18,-126.558297,-303.288693,3.240000,-306.528693
789,-9.744728,-9.481991,-10.481991,-8.481991,noise,buy_from_mm,-8.481991,17,-135.040288,-300.700661,2.890000,-303.590661
790,-8.597526,-8.186824,-9.186824,-7.186824,noise,buy_from_mm,-7.186824,16,-142.227112,-279.787532,2.560000,-282.347532
791,-8.947071,-10.138132,-11.138132,-9.138132,informed,buy_from_mm,-9.138132,15,-151.365245,-285.571302,2.250000,-287.821302
792,-9.351512,-10.400952,-11.400952,-9.400952,noise,none,0.000000,15,-151.365245,-291.637923,2.250000,-293.887923
793,-8.452742,-7.450172,-8.450172,-6.450172,noise,none,0.000000,15,-151.365245,-278.156373,2.250000,-280.406373
794,-7.851307,-6.603064,-7.603064,-5.603064,informed,sell_to_mm,-7.603064,16,-143.762180,-269.383086,2.560000,-271.943086
795,-8.196429,-7.216419,-8.216419,-6.216419,informed,none,0.000000,16,-143.762180,-274.905044,2.560000,-277.465044
796,-8.781978,-10.960482,-11.960482,-9.960482,noise,buy_from_mm,-9.960482,15,-153.722662,-285.452338,2.250000,-287.702338
797,-8.794380,-7.651212,-8.651212,-6.651212,informed,sell_to_mm,-8.651212,16,-145.071450,-285.781534,2.560000,-288.341534
798,-9.993247,-9.991510,-10.991510,-8.991510,noise,none,0.000000,16,-145.071450,-304.963401,2.560000,-307.523401
799,-9.934113,-8.966160,-9.966160,-7.966160,informed,none,0.000000,16,-145.071450,-304.017256,2.560000,-306.577256
800,-10.381939,-9.661026,-10.661026,-8.661026,noise,none,0.000000,16,-145.071450,-311.182470,2.560000,-313.742470
801,-10.767911,-13.764865,-14.764865,-12.764865,noise,sell_to_mm,-14.764865,17,-130.306585,-313.361064,2.890000,-316.251064
802,-10.862812,-12.449603,-13.449603,-11.449603,noise,none,0.000000,17,-130.306585,-314.974392,2.890000,-317.864392
803,-10.499655,-11.343208,-12.343208,-10.343208,informed,none,0.000000,17,-130.306585,-308.800723,2.890000,-311.690723
804,-8.963194,-10.932364,-11.932364,-9.932364,noise,sell_to_mm,-11.932364,18,-118.374221,-279.711706,3.240000,-282.951706
805,-7.633670,-8.704262,-9.704262,-7.704262,informed,buy_from_mm,-7.704262,17,-126.078484,-255.850867,2.890000,-258.740867
806,-7.591255,-5.130563,-6.130563,-4.130563,informed,sell_to_mm,-6.130563,18,-119.947920,-256.590510,3.240000,-259.830510
807,-8.928328,-8.229334,-9.229334,-7.229334,informed,none,0.000000,18,-119.947920,-280.657829,3.240000,-283.897829
808,-10.819476,-11.441191,-12.441191,-10.441191,noise,none,0.000000,18,-119.947920,-314.698496,3.240000,-317.938496
809,-9.237017,-9.658069,-10.658069,-8.658069,informed,none,0.000000,18,-119.947920,-286.214231,3.240000,-289.454231
810,-9.016882,-10.471408,-11.471408,-9.471408,informed,buy_from_mm,-9.471408,17,-129.419328,-282.706329,2.890000,-285.596329
811,-8.264727,-8.069163,-9.069163,-7.069163,noise,buy_from_mm,-7.069163,16,-136.488491,-268.724117,2.560000,-271.284117
812,-9.008119,-9.870563,-10.870563,-8.870563,informed,none,0.000000,16,-136.488491,-280.618397,2.560000,-283.178397
813,-7.966681,-6.907052,-7.907052,-5.907052,informed,sell_to_mm,-7.907052,17,-128.581439,-264.015021,2.890000,-266.905021
814,-6.944942,-7.037197,-8.037197,-6.037197,noise,none,0.000000,17,-128.581439,-246.645456,2.890000,-249.535456
815,-5.755088,-6.422575,-7.422575,-5.422575,noise,none,0.000000,17,-128.581439,-226.417936,2.890000,-229.307936
816,-4.242398,-3.658683,-4.658683,-2.658683,informed,none,0.000000,17,-128.581439,-200.702212,2.890000,-203.592212
817,-2.912267,-3.126460,-4.126460,-2.126460,noise,none,0.000000,17,-128.581439,-178.089974,2.890000,-180.979974
818,-3.702415,-3.406015,-4.406015,-2.406015,noise,none,0.000000,17,-128.581439,-191.522490,2.890000,-194.412490
819,-3.053111,-2.241437,-3.241437,-1.241437,informed,none,0.000000,17,-128.581439,-180.484326,2.890000,-183.374326
820,-2.332069,-2.294189,-3.294189,-1.294189,noise,none,0.000000,17,-128.581439,-168.226606,2.890000,-171.116606
821,-3.409789,-3.834484,-4.834484,-2.834484,noise,none,0.000000,17,-128.581439,-186.547858,2.890000,-189.437858
822,-4.579487,-5.355664,-6.355664,-4.355664,informed,none,0.000000,17,-128.581439,-206.432723,2.890000,-209.322723
823,-3.966174,-4.166966,-5.166966,-3.166966,informed,none,0.000000,17,-128.581439,-196.006400,2.890000,-198.896400
824,-4.755686,-3.825251,-4.825251,-2.825251,noise,none,0.000000,17,-128.581439,-209.428095,2.890000,-212.318095
825,-3.237956,-3.304508,-4.304508,-2.304508,noise,sell_to_mm,-4.304508,18,-124.276930,-182.560135,3.240000,-185.800135
826,-2.140234,-3.692923,-4.692923,-2.692923,informed,buy_from_mm,-2.692923,17,-126.969854,-163.353823,2.890000,-166.243823
827,-1.333322,-2.458032,-3.458032,-1.458032,noise,none,0.000000,17,-126.969854,-149.636322,2.890000,-152.526322
828,-1.151209,-0.498848,-1.498848,0.501152,noise,none,0.000000,17,-126.969854,-146.540401,2.890000,-149.430401
829,-0.801075,-2.479346,-3.479346,-1.479346,informed,buy_from_mm,-1.479346,16,-128.449199,-141.266404,2.560000,-143.826404
830,-0.666501,1.088400,0.088400,2.088400,noise,none,0.000000,16,-128.449199,-139.113214,2.560000,-141.673214
831,-1.935728,-1.947524,-2.947524,-0.947524,noise,sell_to_mm,-2.947524,17,-125.501675,-158.409057,2.890000,-161.299057
832,-0.444985,-1.634291,-2.634291,-0.634291,noise,none,0.000000,17,-125.501675,-133.066418,2.890000,-135.956418
833,-0.776092,1.134417,0.134417,2.134417,noise,buy_from_mm,2.134417,16,-123.367258,-135.784736,2.560000,-138.344736
834,0.535786,0.928324,-0.071676,1.928324,noise,none,0.000000,16,-123.367258,-114.794674,2.560000,-117.354674
835,-1.090836,-2.762741,-3.762741,-1.762741,noise,none,0.000000,16,-123.367258,-140.820629,2.560000,-143.380629
836,-1.794349,-2.777356,-3.777356,-1.777356,noise,buy_from_mm,-1.777356,15,-125.144614,-152.059848,2.250000,-154.309848
837,-0.087092,-0.487973,-1.487973,0.512027,informed,none,0.000000,15,-125.144614,-126.450990,2.250000,-128.700990
838,0.736022,0.755466,-0.244534,1.755466,informed,none,0.000000,15,-125.144614,-114.104278,2.250000,-116.354278
839,0.715107,0.361385,-0.638615,1.361385,noise,buy_from_mm,1.361385,14,-123.783229,-113.771724,1.960000,-115.731724
840,-0.420465,0.157669,-0.842331,1.157669,noise,none,0.000000,14,-123.783229,-129.669744,1.960000,-131.629744
841,-1.563434,-1.965286,-2.965286,-0.965286,noise,none,0.000000,14,-123.783229,-145.671307,1.960000,-147.631307
842,-0.967725,-0.298006,-1.298006,0.701994,noise,none,0.000000,14,-123.783229,-137.331386,1.960000,-139.291386
843,-0.759667,-1.109632,-2.109632,-0.109632,noise,sell_to_mm,-2.109632,15,-121.673596,-133.068600,2.250000,-135.318600
844,-0.748115,-1.098173,-2.098173,-0.098173,noise,none,0.000000,15,-121.673596,-132.895321,2.250000,-135.145321
845,-1.212120,-3.038182,-4.038182,-2.038182,informed,buy_from_mm,-2.038182,14,-123.711778,-140.681462,1.960000,-142.641462
846,-2.951718,-2.621294,-3.621294,-1.621294,noise,buy_from_mm,-1.621294,13,-125.333072,-163.705410,1.690000,-165.395410
847,-2.510011,-2.393090,-3.393090,-1.393090,noise,none,0.000000,13,-125.333072,-157.963212,1.690000,-159.653212
848,-4.605015,-2.238915,-3.238915,-1.238915,informed,sell_to_mm,-3.238915,14,-122.094158,-186.564371,1.960000,-188.524371
849,-5.548601,-4.988442,-5.988442,-3.988442,noise,none,0.000000,14,-122.094158,-199.774565,1.960000,-201.734565
850,-5.211912,-5.616820,-6.616820,-4.616820,noise,sell_to_mm,-6.616820,15,-115.477338,-193.656017,2.250000,-195.906017
851,-4.684880,-5.550616,-6.550616,-4.550616,noise,buy_from_mm,-4.550616,14,-120.027954,-185.616280,1.960000,-187.576280
852,-4.464476,-5.376089,-6.376089,-4.376089,noise,none,0.000000,14,-120.027954,-182.530623,1.960000,-184.490623
853,-5.021830,-5.100794,-6.100794,-4.100794,noise,sell_to_mm,-6.100794,15,-113.927160,-189.254613,2.250000,-191.504613
854,-5.167922,-5.150619,-6.150619,-4.150619,noise,sell_to_mm,-6.150619,16,-107.776541,-190.463299,2.560000,-193.023299
855,-5.611590,-5.658233,-6.658233,-4.658233,noise,none,0.000000,16,-107.776541,-197.561978,2.560000,-200.121978
856,-3.802607,-3.327628,-4.327628,-2.327628,noise,none,0.000000,16,-107.776541,-168.618246,2.560000,-171.178246
857,-2.811639,-2.744824,-3.744824,-1.744824,informed,none,0.000000,16,-107.776541,-152.762762,2.560000,-155.322762
858,-1.222569,-0.506160,-1.506160,0.493840,informed,none,0.000000,16,-107.776541,-127.337646,2.560000,-129.897646
859,-1.461513,0.152384,-0.847616,1.152384,informed,sell_to_mm,-0.847616,17,-106.928925,-131.774646,2.890000,-134.664646
860,-1.662490,-1.677969,-2.677969,-0.677969,informed,none,0.000000,17,-106.928925,-135.191250,2.890000,-138.081250
861,-2.121678,-3.087530,-4.087530,-2.087530,noise,buy_from_mm,-2.087530,16,-109.016455,-142.963296,2.560000,-145.523296
862,-3.073459,-4.422992,-5.422992,-3.422992,informed,buy_from_mm,-3.422992,15,-112.439447,-158.541333,2.250000,-160.791333
863,-2.296887,-2.817817,-3.817817,-1.817817,noise,none,0.000000,15,-112.439447,-146.892746,2.250000,-149.142746
864,-2.853504,-2.872521,-3.872521,-1.872521,noise,sell_to_mm,-3.872521,16,-108.566926,-154.222991,2.560000,-156.782991
865,-2.789763,-4.663141,-5.663141,-3.663141,noise,none,0.000000,16,-108.566926,-153.203133,2.560000,-155.763133
866,-2.558460,-2.504056,-3.504056,-1.504056,informed,none,0.000000,16,-108.566926,-149.502280,2.560000,-152.062280
867,-1.960733,-1.768960,-2.768960,-0.768960,informed,none,0.000000,16,-108.566926,-139.938651,2.560000,-142.498651
868,-1.526785,-3.492589,-4.492589,-2.492589,informed,buy_from_mm,-2.492589,15,-111.059514,-133.961289,2.250000,-136.211289
869,-1.653381,-1.226330,-2.226330,-0.226330,informed,none,0.000000,15,-111.059514,-135.860227,2.250000,-138.110227
870,0.000887,-1.020609,-2.020609,-0.020609,noise,buy_from_mm,-0.020609,14,-111.080124,-111.067713,1.960000,-113.027713
871,0.820728,-0.130211,-1.130211,0.869789,informed,none,0.000000,14,-111.080124,-99.589925,1.960000,-101.549925
872,1.700777,2.100935,1.100935,3.100935,noise,none,0.000000,14,-111.080124,-87.269246,1.960000,-89.229246
873,2.604266,3.238371,2.238371,4.238371,noise,none,0.000000,14,-111.080124,-74.620394,1.960000,-76.580394
874,0.488462,0.734661,-0.265339,1.734661,noise,none,0.000000,14,-111.080124,-104.241661,1.960000,-106.201661
875,0.698223,1.416410,0.416410,2.416410,noise,none,0.000000,14,-111.080124,-101.305003,1.960000,-103.265003
876,-0.539090,-1.357984,-2.357984,-0.357984,informed,none,0.000000,14,-111.080124,-118.627388,1.960000,-120.587388
877,-0.014004,-0.194189,-1.194189,0.805811,informed,none,0.000000,14,-111.080124,-111.276186,1.960000,-113.236186
878,-1.271633,-0.376529,-1.376529,0.623471,noise,none,0.000000,14,-111.080124,-128.882979,1.960000,-130.842979
879,0.564007,-0.645188,-1.645188,0.354812,informed,buy_from_mm,0.354812,13,-110.725311,-103.393216,1.690000,-105.083216
880,2.119989,-0.198176,-1.198176,0.801824,noise,sell_to_mm,-1.198176,14,-109.527135,-79.847284,1.960000,-81.807284
881,3.566521,3.645033,2.645033,4.645033,noise,none,0.000000,14,-109.527135,-59.595838,1.960000,-61.555838
882,4.697102,4.067709,3.067709,5.067709,informed,none,0.000000,14,-109.527135,-43.767709,1.960000,-45.727709
883,5.437628,5.387812,4.387812,6.387812,informed,none,0.000000,14,-109.527135,-33.400337,1.960000,-35.360337
884,6.499495,5.481293,4.481293,6.481293,noise,none,0.000000,14,-109.527135,-18.534209,1.960000,-20.494209
885,6.471412,7.959598,6.959598,8.959598,informed,sell_to_mm,6.959598,15,-116.486733,-19.415548,2.250000,-21.665548
886,6.032632,5.655165,4.655165,6.655165,noise,sell_to_mm,4.655165,16,-121.141899,-24.619782,2.560000,-27.179782
887,5.916600,6.566171,5.566171,7.566171,noise,none,0.000000,16,-121.141899,-26.476304,2.560000,-29.036304
888,4.826643,7.455824,6.455824,8.455824,informed,sell_to_mm,6.455824,17,-127.597723,-45.544786,2.890000,-48.434786
889,5.360170,5.297201,4.297201,6.297201,noise,none,0.000000,17,-127.597723,-36.474831,2.890000,-39.364831
890,6.806438,7.360191,6.360191,8.360191,informed,none,0.000000,17,-127.597723,-11.888270,2.890000,-14.778270
891,6.982286,5.287859,4.287859,6.287859,informed,buy_from_mm,6.287859,16,-121.309864,-9.593287,2.560000,-12.153287
892,7.752797,5.963255,4.963255,6.963255,noise,none,0.000000,16,-121.309864,2.734889,2.560000,0.174889
893,7.947363,7.588174,6.588174,8.588174,noise,none,0.000000,16,-121.309864,5.847946,2.560000,3.287946
894,9.263524,6.628841,5.628841,7.628841,noise,buy_from_mm,7.628841,15,-113.681022,25.271839,2.250000,23.021839
895,6.175295,4.916324,3.916324,5.916324,noise,none,0.000000,15,-113.681022,-21.051602,2.250000,-23.301602
896,7.906420,7.730121,6.730121,8.730121,informed,none,0.000000,15,-113.681022,4.915273,2.250000,2.665273
897,7.988477,8.246383,7.246383,9.246383,informed,none,0.000000,15,-113.681022,6.146128,2.250000,3.896128
898,7.521800,6.200255,5.200255,7.200255,informed,buy_from_mm,7.200255,14,-106.480767,-1.175571,1.960000,-3.135571
899,9.582825,9.126023,8.126023,10.126023,noise,buy_from_mm,10.126023,13,-96.354744,28.221986,1.690000,26.531986
900,11.537197,14.085793,13.085793,15.085793,noise,none,0.000000,13,-96.354744,53.628820,1.690000,51.938820
901,10.387710,9.806755,8.806755,10.806755,noise,buy_from_mm,10.806755,12,-85.547990,39.104535,1.440000,37.664535
902,11.738422,11.601607,10.601607,12.601607,noise,none,0.000000,12,-85.547990,55.313077,1.440000,53.873077
903,12.292023,13.953148,12.953148,14.953148,noise,none,0.000000,12,-85.547990,61.956284,1.440000,60.516284
904,11.329258,10.141420,9.141420,11.141420,informed,buy_from_mm,11.141420,11,-74.406570,50.215270,1.210000,49.005270
905,11.121198,11.289594,10.289594,12.289594,informed,none,0.000000,11,-74.406570,47.926606,1.210000,46.716606
906,9.926880,9.919182,8.919182,10.919182,noise,sell_to_mm,8.919182,12,-83.325753,35.796809,1.440000,34.356809
907,9.233302,8.655783,7.655783,9.655783,noise,none,0.000000,12,-83.325753,27.473869,1.440000,26.033869
908,8.324251,8.830034,7.830034,9.830034,noise,none,0.000000,12,-83.325753,16.565259,1.440000,15.125259
909,7.891486,9.548656,8.548656,10.548656,noise,sell_to_mm,8.548656,13,-91.874408,10.714910,1.690000,9.024910
910,8.593543,7.198477,6.198477,8.198477,informed,buy_from_mm,8.198477,12,-83.675931,19.446581,1.440000,18.006581
911,7.656913,8.264725,7.264725,9.264725,noise,none,0.000000,12,-83.675931,8.207025,1.440000,6.767025
912,6.003916,8.463861,7.463861,9.463861,informed,sell_to_mm,7.463861,13,-91.139791,-13.088889,1.690000,-14.778889
913,6.594691,6.482133,5.482133,7.482133,informed,none,0.000000,13,-91.139791,-5.408813,1.690000,-7.098813
914,8.082288,6.549301,5.549301,7.549301,informed,buy_from_mm,7.549301,12,-83.590490,13.396971,1.440000,11.956971
915,7.054956,7.920131,6.920131,8.920131,noise,sell_to_mm,6.920131,13,-90.510621,1.203804,1.690000,-0.486196
916,6.230612,6.981739,5.981739,7.981739,informed,none,0.000000,13,-90.510621,-9.512670,1.690000,-11.202670
917,6.086095,5.559104,4.559104,6.559104,noise,none,0.000000,13,-90.510621,-11.391388,1.690000,-13.081388
918,2.853830,3.159506,2.159506,4.159506,noise,none,0.000000,13,-90.510621,-53.410826,1.690000,-55.100826
919,1.920081,3.012898,2.012898,4.012898,noise,sell_to_mm,2.012898,14,-92.523519,-65.642384,1.960000,-67.602384
920,2.947366,2.622357,1.622357,3.622357,noise,none,0.000000,14,-92.523519,-51.260389,1.960000,-53.220389
921,3.718037,2.208004,1.208004,3.208004,noise,none,0.000000,14,-92.523519,-40.471008,1.960000,-42.431008
922,3.434750,3.864455,2.864455,4.864455,noise,sell_to_mm,2.864455,15,-95.387974,-43.866719,2.250000,-46.116719
923,3.626319,1.665243,0.665243,2.665243,informed,buy_from_mm,2.665243,14,-92.722731,-41.954260,1.960000,-43.914260
924,1.644381,3.150485,2.150485,4.150485,informed,sell_to_mm,2.150485,15,-94.873216,-70.207505,2.250000,-72.457505
925,2.930951,2.735117,1.735117,3.735117,informed,none,0.000000,15,-94.873216,-50.908951,2.250000,-53.158951
926,2.666686,3.052599,2.052599,4.052599,informed,none,0.000000,15,-94.873216,-54.872921,2.250000,-57.122921
927,3.244951,1.439461,0.439461,2.439461,informed,buy_from_mm,2.439461,14,-92.433755,-47.004443,1.960000,-48.964443
928,3.844315,3.137399,2.137399,4.137399,noise,none,0.000000,14,-92.433755,-38.613342,1.960000,-40.573342
929,3.936230,4.678275,3.678275,5.678275,informed,none,0.000000,14,-92.433755,-37.326533,1.960000,-39.286533
930,3.707013,5.633454,4.633454,6.633454,noise,none,0.000000,14,-92.433755,-40.535576,1.960000,-42.495576
931,3.291891,4.250323,3.250323,5.250323,informed,none,0.000000,14,-92.433755,-46.347279,1.960000,-48.307279
932,5.213046,6.240911,5.240911,7.240911,noise,none,0.000000,14,-92.433755,-19.451107,1.960000,-21.411107
933,7.098881,6.752078,5.752078,7.752078,informed,none,0.000000,14,-92.433755,6.950578,1.960000,4.990578
934,8.152958,6.821799,5.821799,7.821799,noise,sell_to_mm,5.821799,15,-98.255554,24.038814,2.250000,21.788814
935,8.231382,7.451806,6.451806,8.451806,noise,sell_to_mm,6.451806,16,-104.707360,26.994759,2.560000,24.434759
936,6.922537,7.088064,6.088064,8.088064,informed,none,0.000000,16,-104.707360,6.053229,2.560000,3.493229
937,7.713545,6.495387,5.495387,7.495387,noise,buy_from_mm,7.495387,15,-97.211973,18.491208,2.250000,16.241208
938,5.927982,6.110858,5.110858,7.110858,informed,none,0.000000,15,-97.211973,-8.292245,2.250000,-10.542245
939,5.854897,5.438946,4.438946,6.438946,informed,none,0.000000,15,-97.211973,-9.388516,2.250000,-11.638516
940,7.207712,7.159496,6.159496,8.159496,noise,none,0.000000,15,-97.211973,10.903709,2.250000,8.653709
941,8.381394,8.516929,7.516929,9.516929,noise,none,0.000000,15,-97.211973,28.508933,2.250000,26.258933
942,7.164697,6.190276,5.190276,7.190276,informed,none,0.000000,15,-97.211973,10.258476,2.250000,8.008476
943,7.077695,7.477555,6.477555,8.477555,noise,none,0.000000,15,-97.211973,8.953445,2.250000,6.703445
944,7.406517,8.331949,7.331949,9.331949,noise,none,0.000000,15,-97.211973,13.885785,2.250000,11.635785
945,7.638767,8.706078,7.706078,9.706078,noise,none,0.000000,15,-97.211973,17.369533,2.250000,15.119533
946,6.635759,7.541831,6.541831,8.541831,informed,none,0.000000,15,-97.211973,2.324409,2.250000,0.074409
947,7.620516,8.263985,7.263985,9.263985,informed,none,0.000000,15,-97.211973,17.095760,2.250000,14.845760
948,6.815846,7.821690,6.821690,8.821690,noise,buy_from_mm,8.821690,14,-88.390283,7.031559,1.960000,5.071559
949,7.591361,8.922038,7.922038,9.922038,noise,none,0.000000,14,-88.390283,17.888774,1.960000,15.928774
950,9.149265,9.650736,8.650736,10.650736,noise,sell_to_mm,8.650736,15,-97.041019,40.197950,2.250000,37.947950
951,9.361261,9.582918,8.582918,10.582918,informed,none,0.000000,15,-97.041019,43.377895,2.250000,41.127895
952,10.611277,11.825524,10.825524,12.825524,noise,none,0.000000,15,-97.041019,62.128143,2.250000,59.878143
953,10.138345,9.262017,8.262017,10.262017,noise,sell_to_mm,8.262017,16,-105.303036,56.910480,2.560000,54.350480
954,10.229510,10.833644,9.833644,11.833644,informed,none,0.000000,16,-105.303036,58.369128,2.560000,55.809128
955,7.675862,7.132714,6.132714,8.132714,noise,sell_to_mm,6.132714,17,-111.435750,19.053901,2.890000,16.163901
956,6.720955,7.846412,6.846412,8.846412,informed,sell_to_mm,6.846412,18,-118.282162,2.695025,3.240000,-0.544975
957,6.823575,7.874513,6.874513,8.874513,noise,none,0.000000,18,-118.282162,4.542186,3.240000,1.302186
958,5.396114,4.041412,3.041412,5.041412,noise,none,0.000000,18,-118.282162,-21.152113,3.240000,-24.392113
959,4.329318,4.452971,3.452971,5.452971,noise,none,0.000000,18,-118.282162,-40.354431,3.240000,-43.594431
960,4.823072,3.869370,2.869370,4.869370,noise,buy_from_mm,4.869370,17,-113.412791,-31.420563,2.890000,-34.310563
961,4.777990,4.355223,3.355223,5.355223,informed,none,0.000000,17,-113.412791,-32.186965,2.890000,-35.076965
962,5.143539,5.091123,4.091123,6.091123,informed,none,0.000000,17,-113.412791,-25.972624,2.890000,-28.862624
963,4.066664,4.481102,3.481102,5.481102,informed,none,0.000000,17,-113.412791,-44.279496,2.890000,-47.169496
964,3.725459,4.755190,3.755190,5.755190,noise,none,0.000000,17,-113.412791,-50.079989,2.890000,-52.969989
965,3.355500,1.930834,0.930834,2.930834,noise,none,0.000000,17,-113.412791,-56.369293,2.890000,-59.259293
966,3.755035,2.080261,1.080261,3.080261,noise,none,0.000000,17,-113.412791,-49.577190,2.890000,-52.467190
967,5.304493,5.190304,4.190304,6.190304,noise,none,0.000000,17,-113.412791,-23.236409,2.890000,-26.126409
968,4.555144,5.776669,4.776669,6.776669,noise,none,0.000000,17,-113.412791,-35.975343,2.890000,-38.865343
969,4.271218,1.735207,0.735207,2.735207,informed,buy_from_mm,2.735207,16,-110.677585,-42.338097,2.560000,-44.898097
970,4.806394,6.508981,5.508981,7.508981,noise,none,0.000000,16,-110.677585,-33.775278,2.560000,-36.335278
971,6.292355,6.761941,5.761941,7.761941,noise,none,0.000000,16,-110.677585,-9.999902,2.560000,-12.559902
972,5.289322,5.898835,4.898835,6.898835,informed,none,0.000000,16,-110.677585,-26.048440,2.560000,-28.608440
973,5.181115,3.799904,2.799904,4.799904,noise,none,0.000000,16,-110.677585,-27.779740,2.560000,-30.339740
974,4.102527,4.170593,3.170593,5.170593,informed,none,0.000000,16,-110.677585,-45.037148,2.560000,-47.597148
975,4.135562,4.242016,3.242016,5.242016,informed,none,0.000000,16,-110.677585,-44.508586,2.560000,-47.068586
976,3.613319,5.183667,4.183667,6.183667,noise,none,0.000000,16,-110.677585,-52.864475,2.560000,-55.424475
977,3.776755,3.388726,2.388726,4.388726,informed,none,0.000000,16,-110.677585,-50.249499,2.560000,-52.809499
978,3.456297,5.673778,4.673778,6.673778,informed,sell_to_mm,4.673778,17,-115.351362,-56.594313,2.890000,-59.484313
979,3.224585,3.757472,2.757472,4.757472,noise,none,0.000000,17,-115.351362,-60.533417,2.890000,-63.423417
980,4.492374,4.914261,3.914261,5.914261,noise,sell_to_mm,3.914261,18,-119.265623,-38.402899,3.240000,-41.642899
981,5.285049,6.044603,5.044603,7.044603,noise,sell_to_mm,5.044603,19,-124.310226,-23.894294,3.610000,-27.504294
982,7.840878,6.402604,5.402604,7.402604,noise,none,0.000000,19,-124.310226,24.666452,3.610000,21.056452
983,7.705916,6.962559,5.962559,7.962559,noise,none,0.000000,19,-124.310226,22.102181,3.610000,18.492181
984,7.674015,6.937197,5.937197,7.937197,noise,sell_to_mm,5.937197,20,-130.247423,23.232879,4.000000,19.232879
985,6.223372,6.109390,5.109390,7.109390,noise,sell_to_mm,5.109390,21,-135.356813,-4.666009,4.410000,-9.076009
986,5.199812,4.442672,3.442672,5.442672,informed,none,0.000000,21,-135.356813,-26.160762,4.410000,-30.570762
987,5.517204,4.153302,3.153302,5.153302,noise,none,0.000000,21,-135.356813,-19.495525,4.410000,-23.905525
988,5.300136,5.421141,4.421141,6.421141,noise,buy_from_mm,6.421141,20,-128.935672,-22.932954,4.000000,-26.932954
989,5.757180,4.735590,3.735590,5.735590,noise,none,0.000000,20,-128.935672,-13.792073,4.000000,-17.792073
990,6.094641,5.937759,4.937759,6.937759,informed,none,0.000000,20,-128.935672,-7.042861,4.000000,-11.042861
991,6.126975,7.191702,6.191702,8.191702,informed,sell_to_mm,6.191702,21,-135.127374,-6.460907,4.410000,-10.870907
992,5.694567,6.513715,5.513715,7.513715,noise,none,0.000000,21,-135.127374,-15.541466,4.410000,-19.951466
993,7.096934,5.997202,4.997202,6.997202,noise,none,0.000000,21,-135.127374,13.908235,4.410000,9.498235
994,6.265963,7.238767,6.238767,8.238767,noise,sell_to_mm,6.238767,22,-141.366141,-3.514958,4.840000,-8.354958
995,8.696958,6.938157,5.938157,7.938157,informed,buy_from_mm,7.938157,21,-133.427984,49.208139,4.410000,44.798139
996,7.164394,6.687254,5.687254,7.687254,noise,none,0.000000,21,-133.427984,17.024292,4.410000,12.614292
997,8.536369,9.769156,8.769156,10.769156,noise,none,0.000000,21,-133.427984,45.835761,4.410000,41.425761
998,7.504609,7.452056,6.452056,8.452056,informed,none,0.000000,21,-133.427984,24.168800,4.410000,19.758800
999,8.047685,6.739014,5.739014,7.739014,informed,buy_from_mm,7.739014,20,-125.688970,35.264732,4.000000,31.264732
1000,10.538775,10.997606,9.997606,11.997606,informed,none,0.000000,20,-125.688970,85.086537,4.000000,81.086537
1001,9.261198,10.895364,9.895364,11.895364,informed,sell_to_mm,9.895364,21,-135.584334,58.900820,4.410000,54.490820
1002,7.943236,8.465650,7.465650,9.465650,noise,buy_from_mm,9.465650,20,-126.118684,32.746041,4.000000,28.746041
1003,9.429931,9.778714,8.778714,10.778714,informed,none,0.000000,20,-126.118684,62.479942,4.000000,58.479942
1004,9.570932,9.328639,8.328639,10.328639,noise,none,0.000000,20,-126.118684,65.299948,4.000000,61.299948
1005,9.263703,8.119557,7.119557,9.119557,informed,buy_from_mm,9.119557,19,-116.999127,59.011230,3.610000,55.401230
1006,8.963544,8.636467,7.636467,9.636467,noise,none,0.000000,19,-116.999127,53.308202,3.610000,49.698202
1007,10.199198,10.916365,9.916365,11.916365,noise,none,0.000000,19,-116.999127,76.785634,3.610000,73.175634
1008,10.392379,11.026032,10.026032,12.026032,noise,sell_to_mm,10.026032,20,-127.025159,80.822415,4.000000,76.822415
1009,10.960143,9.268556,8.268556,10.268556,noise,none,0.000000,20,-127.025159,92.177698,4.000000,88.177698
1010,10.310187,11.033737,10.033737,12.033737,informed,none,0.000000,20,-127.025159,79.178576,4.000000,75.178576
1011,9.242872,10.392535,9.392535,11.392535,noise,none,0.000000,20,-127.025159,57.832284,4.000000,53.832284
1012,8.346613,6.705524,5.705524,7.705524,noise,buy_from_mm,7.705524,19,-119.319635,39.266003,3.610000,35.656003
1013,8.996111,8.225845,7.225845,9.225845,informed,none,0.000000,19,-119.319635,51.606471,3.610000,47.996471
1014,9.256628,10.181400,9.181400,11.181400,noise,sell_to_mm,9.181400,20,-128.501036,56.631532,4.000000,52.631532
1015,10.135522,9.486771,8.486771,10.486771,informed,none,0.000000,20,-128.501036,74.209410,4.000000,70.209410
1016,10.136311,9.951041,8.951041,10.951041,informed,none,0.000000,20,-128.501036,74.225180,4.000000,70.225180
1017,9.475296,10.329013,9.329013,11.329013,informed,none,0.000000,20,-128.501036,61.004883,4.000000,57.004883
1018,9.779694,8.648296,7.648296,9.648296,informed,buy_from_mm,9.648296,19,-118.852739,66.961441,3.610000,63.351441
1019,9.937875,10.373364,9.373364,11.373364,informed,none,0.000000,19,-118.852739,69.966890,3.610000,66.356890
1020,10.109311,10.136135,9.136135,11.136135,noise,none,0.000000,19,-118.852739,73.224167,3.610000,69.614167
1021,9.795156,8.778749,7.778749,9.778749,noise,none,0.000000,19,-118.852739,67.255234,3.610000,63.645234
1022,10.371010,10.708981,9.708981,11.708981,informed,none,0.000000,19,-118.852739,78.196454,3.610000,74.586454
1023,9.311230,8.876999,7.876999,9.876999,noise,buy_from_mm,9.876999,18,-108.975740,58.626401,3.240000,55.386401
1024,9.744260,10.214613,9.214613,11.214613,noise,none,0.000000,18,-108.975740,66.420936,3.240000,63.180936
1025,10.649942,10.886083,9.886083,11.886083,informed,none,0.000000,18,-108.975740,82.723213,3.240000,79.483213
1026,9.872101,9.023917,8.023917,10.023917,informed,none,0.000000,18,-108.975740,68.722086,3.240000,65.482086
1027,10.047826,10.806368,9.806368,11.806368,informed,none,0.000000,18,-108.975740,71.885137,3.240000,68.645137
1028,9.270694,10.019536,9.019536,11.019536,noise,none,0.000000,18,-108.975740,57.896749,3.240000,54.656749
1029,8.553421,6.986453,5.986453,7.986453,informed,buy_from_mm,7.986453,17,-100.989287,44.418868,2.890000,41.528868
1030,10.331560,10.671846,9.671846,11.671846,noise,none,0.000000,17,-100.989287,74.647236,2.890000,71.757236
1031,9.564838,10.038747,9.038747,11.038747,noise,none,0.000000,17,-100.989287,61.612962,2.890000,58.722962
1032,11.540362,10.283964,9.283964,11.283964,informed,buy_from_mm,11.283964,16,-89.705322,94.940471,2.560000,92.380471
1033,11.745134,11.204286,10.204286,12.204286,noise,sell_to_mm,10.204286,17,-99.909608,99.757676,2.890000,96.867676
1034,11.985643,11.871614,10.871614,12.871614,noise,none,0.000000,17,-99.909608,103.846330,2.890000,100.956330
1035,11.672305,13.253265,12.253265,14.253265,noise,none,0.000000,17,-99.909608,98.519579,2.890000,95.629579
1036,12.869881,12.487475,11.487475,13.487475,noise,none,0.000000,17,-99.909608,118.878371,2.890000,115.988371
1037,12.529840,12.794581,11.794581,13.794581,noise,none,0.000000,17,-99.909608,113.097670,2.890000,110.207670
1038,11.040913,9.590227,8.590227,10.590227,noise,none,0.000000,17,-99.909608,87.785911,2.890000,84.895911
1039,9.943807,9.769974,8.769974,10.769974,noise,none,0.000000,17,-99.909608,69.135115,2.890000,66.245115
1040,9.354999,8.156838,7.156838,9.156838,informed,buy_from_mm,9.156838,16,-90.752770,58.927214,2.560000,56.367214
1041,9.880159,10.630745,9.630745,11.630745,informed,none,0.000000,16,-90.752770,67.329779,2.560000,64.769779
1042,11.309925,12.523475,11.523475,13.523475,noise,none,0.000000,16,-90.752770,90.206031,2.560000,87.646031
1043,12.341947,12.220657,11.220657,13.220657,noise,none,0.000000,16,-90.752770,106.718380,2.560000,104.158380
1044,10.832246,9.540053,8.540053,10.540053,noise,none,0.000000,16,-90.752770,82.563170,2.560000,80.003170
1045,9.164199,8.997030,7.997030,9.997030,noise,buy_from_mm,9.997030,15,-80.755740,56.707237,2.250000,54.457237
1046,9.152881,8.575440,7.575440,9.575440,informed,none,0.000000,15,-80.755740,56.537481,2.250000,54.287481
1047,9.716284,10.791079,9.791079,11.791079,noise,none,0.000000,15,-80.755740,64.988516,2.250000,62.738516
1048,8.791935,9.358048,8.358048,10.358048,noise,none,0.000000,15,-80.755740,51.123290,2.250000,48.873290
1049,7.321751,7.103662,6.103662,8.103662,noise,none,0.000000,15,-80.755740,29.070525,2.250000,26.820525
1050,7.054939,7.407084,6.407084,8.407084,informed,none,0.000000,15,-80.755740,25.068340,2.250000,22.818340
1051,7.120770,7.867796,6.867796,8.867796,noise,sell_to_mm,6.867796,16,-87.623537,26.308787,2.560000,23.748787
1052,6.948770,7.504985,6.504985,8.504985,informed,none,0.000000,16,-87.623537,23.556787,2.560000,20.996787
1053,7.698864,7.408712,6.408712,8.408712,informed,none,0.000000,16,-87.623537,35.558293,2.560000,32.998293
1054,8.852746,9.788675,8.788675,10.788675,noise,none,0.000000,16,-87.623537,54.020402,2.560000,51.460402
1055,8.153200,8.367132,7.367132,9.367132,noise,none,0.000000,16,-87.623537,42.827666,2.560000,40.267666
1056,9.169308,7.507064,6.507064,8.507064,noise,sell_to_mm,6.507064,17,-94.130601,61.747632,2.890000,58.857632
1057,8.639326,9.052134,8.052134,10.052134,informed,none,0.000000,17,-94.130601,52.737945,2.890000,49.847945
1058,9.528894,9.437068,8.437068,10.437068,noise,none,0.000000,17,-94.130601,67.860602,2.890000,64.970602
1059,11.623984,11.573249,10.573249,12.573249,noise,none,0.000000,17,-94.130601,103.477126,2.890000,100.587126
1060,10.086673,10.629038,9.629038,11.629038,informed,none,0.000000,17,-94.130601,77.342842,2.890000,74.452842
1061,10.630767,11.212645,10.212645,12.212645,noise,none,0.000000,17,-94.130601,86.592446,2.890000,83.702446
1062,10.636857,12.217705,11.217705,13.217705,noise,buy_from_mm,13.217705,16,-80.912896,89.276816,2.560000,86.716816
1063,10.966114,12.005505,11.005505,13.005505,noise,none,0.000000,16,-80.912896,94.544921,2.560000,91.984921
1064,12.752454,11.674639,10.674639,12.674639,noise,none,0.000000,16,-80.912896,123.126365,2.560000,120.566365
1065,10.155226,8.911626,7.911626,9.911626,noise,none,0.000000,16,-80.912896,81.570714,2.560000,79.010714
1066,9.722899,8.736134,7.736134,9.736134,noise,none,0.000000,16,-80.912896,74.653486,2.560000,72.093486
1067,8.098987,8.567276,7.567276,9.567276,noise,none,0.000000,16,-80.912896,48.670904,2.560000,46.110904
1068,6.922739,5.035893,4.035893,6.035893,informed,buy_from_mm,6.035893,15,-74.877003,28.964082,2.250000,26.714082
1069,6.010282,6.616270,5.616270,7.616270,informed,none,0.000000,15,-74.877003,15.277230,2.250000,13.027230
1070,7.160292,6.583006,5.583006,7.583006,noise,buy_from_mm,7.583006,14,-67.293997,32.950091,1.960000,30.990091
1071,9.471389,9.385308,8.385308,10.385308,informed,none,0.000000,14,-67.293997,65.305449,1.960000,63.345449
1072,9.094924,9.874084,8.874084,10.874084,informed,none,0.000000,14,-67.293997,60.034939,1.960000,58.074939
1073,9.080893,8.677962,7.677962,9.677962,noise,none,0.000000,14,-67.293997,59.838507,1.960000,57.878507
1074,8.507689,8.750173,7.750173,9.750173,noise,none,0.000000,14,-67.293997,51.813650,1.960000,49.853650
1075,8.616635,9.301677,8.301677,10.301677,informed,none,0.000000,14,-67.293997,53.338888,1.960000,51.378888
1076,8.060238,7.841469,6.841469,8.841469,noise,none,0.000000,14,-67.293997,45.549339,1.960000,43.589339
1077,9.064870,8.132454,7.132454,9.132454,noise,none,0.000000,14,-67.293997,59.614187,1.960000,57.654187
1078,9.199870,10.206638,9.206638,11.206638,noise,buy_from_mm,11.206638,13,-56.087359,63.510950,1.690000,61.820950
1079,9.830696,7.438776,6.438776,8.438776,informed,buy_from_mm,8.438776,12,-47.648582,70.319767,1.440000,68.879767
1080,8.358161,8.204006,7.204006,9.204006,informed,none,0.000000,12,-47.648582,52.649347,1.440000,51.209347
1081,7.068183,6.861925,5.861925,7.861925,informed,none,0.000000,12,-47.648582,37.169611,1.440000,35.729611
1082,7.192105,7.504594,6.504594,8.504594,noise,none,0.000000,12,-47.648582,38.656678,1.440000,37.216678
1083,9.329205,9.707387,8.707387,10.707387,noise,none,0.000000,12,-47.648582,64.301883,1.440000,62.861883
1084,10.575847,10.106072,9.106072,11.106072,informed,none,0.000000,12,-47.648582,79.261587,1.440000,77.821587
1085,9.163100,8.601501,7.601501,9.601501,noise,sell_to_mm,7.601501,13,-55.250084,63.870221,1.690000,62.180221
1086,7.448935,7.394211,6.394211,8.394211,noise,buy_from_mm,8.394211,12,-46.855872,42.531342,1.440000,41.091342
1087,6.905078,6.812598,5.812598,7.812598,noise,none,0.000000,12,-46.855872,36.005065,1.440000,34.565065
1088,7.064390,7.326282,6.326282,8.326282,informed,none,0.000000,12,-46.855872,37.916809,1.440000,36.476809
1089,7.807595,6.511953,5.511953,7.511953,noise,none,0.000000,12,-46.855872,46.835266,1.440000,45.395266
1090,8.742777,7.530445,6.530445,8.530445,noise,none,0.000000,12,-46.855872,58.057451,1.440000,56.617451
1091,6.728011,6.033203,5.033203,7.033203,noise,none,0.000000,12,-46.855872,33.880263,1.440000,32.440263
1092,6.850748,7.523690,6.523690,8.523690,noise,none,0.000000,12,-46.855872,35.353098,1.440000,33.913098
1093,6.923646,7.773051,6.773051,8.773051,noise,buy_from_mm,8.773051,11,-38.082821,38.077284,1.210000,36.867284
1094,6.778572,6.255521,5.255521,7.255521,noise,sell_to_mm,5.255521,12,-43.338342,38.004522,1.440000,36.564522
1095,6.990958,7.612824,6.612824,8.612824,informed,none,0.000000,12,-43.338342,40.553151,1.440000,39.113151
1096,8.271949,8.764019,7.764019,9.764019,noise,sell_to_mm,7.764019,13,-51.102361,56.432971,1.690000,54.742971
1097,7.651717,8.166221,7.166221,9.166221,informed,none,0.000000,13,-51.102361,48.369954,1.690000,46.679954
1098,8.609213,7.787647,6.787647,8.787647,noise,none,0.000000,13,-51.102361,60.817406,1.690000,59.127406
1099,10.867058,10.564904,9.564904,11.564904,noise,none,0.000000,13,-51.102361,90.169395,1.690000,88.479395
1100,11.718444,11.714915,10.714915,12.714915,noise,buy_from_mm,12.714915,12,-38.387446,102.233885,1.440000,100.793885
1101,13.426547,13.761785,12.761785,14.761785,noise,buy_from_mm,14.761785,11,-23.625661,124.066351,1.210000,122.856351
1102,13.195006,11.652724,10.652724,12.652724,noise,none,0.000000,11,-23.625661,121.519405,1.210000,120.309405
1103,13.366703,13.435071,12.435071,14.435071,informed,none,0.000000,11,-23.625661,123.408075,1.210000,122.198075
1104,13.675549,12.153260,11.153260,13.153260,informed,buy_from_mm,13.153260,10,-10.472402,126.283089,1.000000,125.283089
1105,14.247058,13.839844,12.839844,14.839844,noise,none,0.000000,10,-10.472402,131.998182,1.000000,130.998182
1106,16.515333,16.708582,15.708582,17.708582,noise,none,0.000000,10,-10.472402,154.680929,1.000000,153.680929
1107,15.935338,16.265702,15.265702,17.265702,informed,none,0.000000,10,-10.472402,148.880979,1.000000,147.880979
1108,15.378006,15.397963,14.397963,16.397963,noise,none,0.000000,10,-10.472402,143.307662,1.000000,142.307662
1109,14.562619,14.483577,13.483577,15.483577,informed,none,0.000000,10,-10.472402,135.153791,1.000000,134.153791
1110,14.873704,13.242192,12.242192,14.242192,noise,none,0.000000,10,-10.472402,138.264637,1.000000,137.264637
1111,16.381633,15.005822,14.005822,16.005822,noise,none,0.000000,10,-10.472402,153.343926,1.000000,152.343926
1112,16.459369,17.096355,16.096355,18.096355,informed,none,0.000000,10,-10.472402,154.121289,1.000000,153.121289
1113,17.602078,18.758720,17.758720,19.758720,noise,none,0.000000,10,-10.472402,165.548380,1.000000,164.548380
1114,17.066132,16.835192,15.835192,17.835192,noise,none,0.000000,10,-10.472402,160.188922,1.000000,159.188922
1115,18.283857,17.971434,16.971434,18.971434,noise,none,0.000000,10,-10.472402,172.366169,1.000000,171.366169
1116,18.480485,19.830113,18.830113,20.830113,noise,none,0.000000,10,-10.472402,174.332446,1.000000,173.332446
1117,18.686018,18.783431,17.783431,19.783431,noise,none,0.000000,10,-10.472402,176.387780,1.000000,175.387780
1118,18.527100,17.802074,16.802074,18.802074,noise,none,0.000000,10,-10.472402,174.798595,1.000000,173.798595
1119,18.520634,18.775095,17.775095,19.775095,informed,none,0.000000,10,-10.472402,174.733934,1.000000,173.733934
1120,18.435422,17.339754,16.339754,18.339754,noise,none,0.000000,10,-10.472402,173.881818,1.000000,172.881818
1121,16.796353,17.031012,16.031012,18.031012,noise,none,0.000000,10,-10.472402,157.491128,1.000000,156.491128
1122,15.773017,16.315218,15.315218,17.315218,informed,none,0.000000,10,-10.472402,147.257772,1.000000,146.257772
1123,16.141690,15.696562,14.696562,16.696562,informed,none,0.000000,10,-10.472402,150.944499,1.000000,149.944499
1124,17.152898,18.134550,17.134550,19.134550,noise,none,0.000000,10,-10.472402,161.056575,1.000000,160.056575
1125,15.460629,13.655643,12.655643,14.655643,noise,none,0.000000,10,-10.472402,144.133888,1.000000,143.133888
1126,15.988850,14.726290,13.726290,15.726290,informed,buy_from_mm,15.726290,9,5.253889,149.153542,0.810000,148.343542
1127,15.427257,16.673770,15.673770,17.673770,noise,none,0.000000,9,5.253889,144.099202,0.810000,143.289202
1128,15.011261,16.295487,15.295487,17.295487,noise,none,0.000000,9,5.253889,140.355237,0.810000,139.545237
1129,16.608576,18.401708,17.401708,19.401708,informed,sell_to_mm,17.401708,10,-12.147819,153.937940,1.000000,152.937940
1130,17.582773,16.978125,15.978125,17.978125,noise,buy_from_mm,17.978125,9,5.830305,164.075262,0.810000,163.265262
1131,18.645817,19.098942,18.098942,20.098942,informed,none,0.000000,9,5.830305,173.642663,0.810000,172.832663
1132,18.405237,18.175813,17.175813,19.175813,noise,none,0.000000,9,5.830305,171.477439,0.810000,170.667439
1133,18.482449,17.247882,16.247882,18.247882,noise,sell_to_mm,16.247882,10,-10.417577,174.406912,1.000000,173.406912
1134,18.008368,18.383276,17.383276,19.383276,noise,none,0.000000,10,-10.417577,169.666099,1.000000,168.666099
1135,18.206055,18.202525,17.202525,19.202525,noise,none,0.000000,10,-10.417577,171.642971,1.000000,170.642971
1136,17.346997,15.620645,14.620645,16.620645,noise,none,0.000000,10,-10.417577,163.052396,1.000000,162.052396
1137,17.362569,17.016910,16.016910,18.016910,noise,sell_to_mm,16.016910,11,-26.434486,164.553772,1.210000,163.343772
1138,17.199361,18.976033,17.976033,19.976033,noise,none,0.000000,11,-26.434486,162.758482,1.210000,161.548482
1139,17.652406,16.188397,15.188397,17.188397,noise,none,0.000000,11,-26.434486,167.741983,1.210000,166.531983
1140,17.420705,17.704780,16.704780,18.704780,informed,none,0.000000,11,-26.434486,165.193267,1.210000,163.983267
1141,18.197288,16.521353,15.521353,17.521353,noise,none,0.000000,11,-26.434486,173.735681,1.210000,172.525681
1142,18.619234,20.139393,19.139393,21.139393,informed,sell_to_mm,19.139393,12,-45.573879,177.856923,1.440000,176.416923
1143,17.573669,17.675700,16.675700,18.675700,noise,sell_to_mm,16.675700,13,-62.249579,166.208112,1.690000,164.518112
1144,17.191867,17.576060,16.576060,18.576060,noise,none,0.000000,13,-62.249579,161.244686,1.690000,159.554686
1145,15.292152,15.904992,14.904992,16.904992,noise,none,0.000000,13,-62.249579,136.548392,1.690000,134.858392
1146,15.605134,16.117244,15.117244,17.117244,informed,none,0.000000,13,-62.249579,140.617159,1.690000,138.927159
1147,16.650995,15.963463,14.963463,16.963463,informed,none,0.000000,13,-62.249579,154.213353,1.690000,152.523353
1148,16.456062,18.415179,17.415179,19.415179,noise,none,0.000000,13,-62.249579,151.679232,1.690000,149.989232
1149,15.068811,15.977618,14.977618,16.977618,informed,none,0.000000,13,-62.249579,133.644959,1.690000,131.954959
1150,15.286292,14.386602,13.386602,15.386602,noise,sell_to_mm,13.386602,14,-75.636181,138.371903,1.960000,136.411903
1151,15.381281,15.456892,14.456892,16.456892,noise,none,0.000000,14,-75.636181,139.701757,1.960000,137.741757
1152,15.921597,15.363151,14.363151,16.363151,noise,buy_from_mm,16.363151,13,-59.273030,147.707735,1.690000,146.017735
1153,17.135109,18.237450,17.237450,19.237450,informed,sell_to_mm,17.237450,14,-76.510480,163.381051,1.960000,161.421051
1154,16.606034,19.651325,18.651325,20.651325,noise,none,0.000000,14,-76.510480,155.973997,1.960000,154.013997
1155,17.333038,17.531283,16.531283,18.531283,noise,none,0.000000,14,-76.510480,166.152050,1.960000,164.192050
1156,17.691835,18.549710,17.549710,19.549710,noise,none,0.000000,14,-76.510480,171.175213,1.960000,169.215213
1157,18.553132,21.099178,20.099178,22.099178,noise,none,0.000000,14,-76.510480,183.233362,1.960000,181.273362
1158,18.182062,17.968427,16.968427,18.968427,noise,sell_to_mm,16.968427,15,-93.478907,179.252019,2.250000,177.002019
1159,19.963385,19.197529,18.197529,20.197529,informed,none,0.000000,15,-93.478907,205.971861,2.250000,203.721861
1160,17.859173,17.844459,16.844459,18.844459,noise,none,0.000000,15,-93.478907,174.408687,2.250000,172.158687
1161,17.057365,17.249345,16.249345,18.249345,noise,none,0.000000,15,-93.478907,162.381574,2.250000,160.131574
1162,16.473083,14.420186,13.420186,15.420186,informed,buy_from_mm,15.420186,14,-78.058721,152.564439,1.960000,150.604439
1163,15.418680,14.062514,13.062514,15.062514,noise,sell_to_mm,13.062514,15,-91.121235,140.158958,2.250000,137.908958
1164,14.825943,15.347378,14.347378,16.347378,noise,sell_to_mm,14.347378,16,-105.468613,131.746475,2.560000,129.186475
1165,14.680231,15.397916,14.397916,16.397916,noise,none,0.000000,16,-105.468613,129.415076,2.560000,126.855076
1166,15.071938,16.245173,15.245173,17.245173,noise,none,0.000000,16,-105.468613,135.682400,2.560000,133.122400
1167,15.001281,15.739993,14.739993,16.739993,informed,none,0.000000,16,-105.468613,134.551884,2.560000,131.991884
1168,15.327401,16.030212,15.030212,17.030212,informed,none,0.000000,16,-105.468613,139.769810,2.560000,137.209810
1169,13.979557,13.141902,12.141902,14.141902,noise,none,0.000000,16,-105.468613,118.204305,2.560000,115.644305
1170,14.448790,15.284628,14.284628,16.284628,noise,none,0.000000,16,-105.468613,125.712027,2.560000,123.152027
1171,13.160137,12.980841,11.980841,13.980841,noise,none,0.000000,16,-105.468613,105.093584,2.560000,102.533584
1172,12.284690,11.139908,10.139908,12.139908,noise,sell_to_mm,10.139908,17,-115.608521,93.231215,2.890000,90.341215
1173,12.221016,13.302655,12.302655,14.302655,informed,sell_to_mm,12.302655,18,-127.911176,92.067107,3.240000,88.827107
1174,13.429649,11.213750,10.213750,12.213750,noise,none,0.000000,18,-127.911176,113.822499,3.240000,110.582499
1175,13.409317,12.159223,11.159223,13.159223,noise,none,0.000000,18,-127.911176,113.456530,3.240000,110.216530
1176,13.283367,13.671262,12.671262,14.671262,informed,none,0.000000,18,-127.911176,111.189430,3.240000,107.949430
1177,13.346698,13.098573,12.098573,14.098573,noise,none,0.000000,18,-127.911176,112.329389,3.240000,109.089389
1178,11.640142,12.302277,11.302277,13.302277,informed,none,0.000000,18,-127.911176,81.611380,3.240000,78.371380
1179,13.317732,12.947754,11.947754,13.947754,noise,none,0.000000,18,-127.911176,111.808006,3.240000,108.568006
1180,12.409311,11.328334,10.328334,12.328334,noise,buy_from_mm,12.328334,17,-115.582842,95.375451,2.890000,92.485451
1181,12.750383,13.339480,12.339480,14.339480,informed,none,0.000000,17,-115.582842,101.173669,2.890000,98.283669
1182,12.428239,11.026873,10.026873,12.026873,noise,none,0.000000,17,-115.582842,95.697216,2.890000,92.807216
1183,11.494917,10.067033,9.067033,11.067033,informed,buy_from_mm,11.067033,16,-104.515809,79.402862,2.560000,76.842862
1184,11.484388,10.834870,9.834870,11.834870,informed,none,0.000000,16,-104.515809,79.234396,2.560000,76.674396
1185,11.488989,11.204351,10.204351,12.204351,noise,none,0.000000,16,-104.515809,79.308019,2.560000,76.748019
1186,10.455910,8.293693,7.293693,9.293693,noise,none,0.000000,16,-104.515809,62.778752,2.560000,60.218752
1187,10.804194,11.990707,10.990707,12.990707,informed,sell_to_mm,10.990707,17,-115.506517,68.164775,2.890000,65.274775
1188,11.450083,10.691723,9.691723,11.691723,noise,none,0.000000,17,-115.506517,79.144893,2.890000,76.254893
1189,12.205811,11.784130,10.784130,12.784130,noise,sell_to_mm,10.784130,18,-126.290647,93.413946,3.240000,90.173946
1190,12.401282,12.222474,11.222474,13.222474,noise,none,0.000000,18,-126.290647,96.932421,3.240000,93.692421
1191,11.100745,11.564403,10.564403,12.564403,informed,none,0.000000,18,-126.290647,73.522770,3.240000,70.282770
1192,11.802844,10.987250,9.987250,11.987250,noise,none,0.000000,18,-126.290647,86.160548,3.240000,82.920548
1193,12.712878,12.510861,11.510861,13.510861,noise,buy_from_mm,13.510861,17,-112.779786,103.339146,2.890000,100.449146
1194,10.821474,11.261660,10.261660,12.261660,informed,none,0.000000,17,-112.779786,71.185268,2.890000,68.295268
1195,10.660564,10.725645,9.725645,11.725645,noise,none,0.000000,17,-112.779786,68.449809,2.890000,65.559809
1196,11.026553,10.905167,9.905167,11.905167,noise,sell_to_mm,9.905167,18,-122.684953,75.793004,3.240000,72.553004
1197,10.963544,10.158394,9.158394,11.158394,noise,buy_from_mm,11.158394,17,-111.526559,74.853688,2.890000,71.963688
1198,10.066041,11.728344,10.728344,12.728344,noise,none,0.000000,17,-111.526559,59.596145,2.890000,56.706145
1199,9.291964,12.393267,11.393267,13.393267,noise,none,0.000000,17,-111.526559,46.436829,2.890000,43.546829
1200,10.345124,11.251262,10.251262,12.251262,noise,none,0.000000,17,-111.526559,64.340548,2.890000,61.450548
1201,9.120944,7.703528,6.703528,8.703528,informed,buy_from_mm,8.703528,16,-102.823031,43.112074,2.560000,40.552074
1202,9.722196,9.105772,8.105772,10.105772,informed,none,0.000000,16,-102.823031,52.732101,2.560000,50.172101
1203,9.861004,6.835430,5.835430,7.835430,noise,none,0.000000,16,-102.823031,54.953033,2.560000,52.393033
1204,10.887476,11.801631,10.801631,12.801631,informed,none,0.000000,16,-102.823031,71.376581,2.560000,68.816581
1205,13.155311,12.761563,11.761563,13.761563,noise,none,0.000000,16,-102.823031,107.661949,2.560000,105.101949
1206,13.380727,14.519502,13.519502,15.519502,noise,none,0.000000,16,-102.823031,111.268593,2.560000,108.708593
1207,12.020721,11.904589,10.904589,12.904589,informed,none,0.000000,16,-102.823031,89.508511,2.560000,86.948511
1208,11.138385,10.061704,9.061704,11.061704,noise,buy_from_mm,11.061704,15,-91.761327,75.314448,2.250000,73.064448
1209,10.641349,10.851277,9.851277,11.851277,informed,none,0.000000,15,-91.761327,67.858908,2.250000,65.608908
1210,9.654434,10.136450,9.136450,11.136450,informed,none,0.000000,15,-91.761327,53.055189,2.250000,50.805189
1211,9.370496,8.024087,7.024087,9.024087,noise,buy_from_mm,9.024087,14,-82.737240,48.449706,1.960000,46.489706
1212,10.337240,10.457065,9.457065,11.457065,noise,none,0.000000,14,-82.737240,61.984119,1.960000,60.024119
1213,8.141544,8.934129,7.934129,9.934129,noise,buy_from_mm,9.934129,13,-72.803110,33.036962,1.690000,31.346962
1214,9.437064,7.817616,6.817616,8.817616,noise,sell_to_mm,6.817616,14,-79.620727,52.498175,1.960000,50.538175
1215,9.100471,8.795036,7.795036,9.795036,noise,buy_from_mm,9.795036,13,-69.825690,48.480426,1.690000,46.790426
1216,8.381808,8.073596,7.073596,9.073596,noise,buy_from_mm,9.073596,12,-60.752094,39.829598,1.440000,38.389598
1217,8.812272,8.911335,7.911335,9.911335,informed,none,0.000000,12,-60.752094,44.995165,1.440000,43.555165
1218,7.833479,9.975545,8.975545,10.975545,informed,sell_to_mm,8.975545,13,-69.727639,32.107583,1.690000,30.417583
1219,6.578905,6.936830,5.936830,7.936830,noise,sell_to_mm,5.936830,14,-75.664469,16.440203,1.960000,14.480203
1220,8.232058,6.664855,5.664855,7.664855,noise,buy_from_mm,7.664855,13,-67.999614,39.017144,1.690000,37.327144
1221,7.533743,7.173352,6.173352,8.173352,noise,none,0.000000,13,-67.999614,29.939043,1.690000,28.249043
1222,7.694144,6.755128,5.755128,7.755128,noise,none,0.000000,13,-67.999614,32.024252,1.690000,30.334252
1223,7.635962,8.161925,7.161925,9.161925,noise,buy_from_mm,9.161925,12,-58.837690,32.793853,1.440000,31.353853
1224,9.210883,9.118015,8.118015,10.118015,noise,buy_from_mm,10.118015,11,-48.719675,52.600035,1.210000,51.390035
1225,11.020917,11.359614,10.359614,12.359614,noise,none,0.000000,11,-48.719675,72.510412,1.210000,71.300412
1226,11.432617,12.627487,11.627487,13.627487,noise,none,0.000000,11,-48.719675,77.039117,1.210000,75.829117
1227,11.495047,11.867088,10.867088,12.867088,noise,none,0.000000,11,-48.719675,77.725842,1.210000,76.515842
1228,10.395975,11.186749,10.186749,12.186749,noise,none,0.000000,11,-48.719675,65.636045,1.210000,64.426045
1229,11.465502,11.054006,10.054006,12.054006,noise,buy_from_mm,12.054006,10,-36.665669,77.989348,1.000000,76.989348
1230,9.381639,8.340031,7.340031,9.340031,noise,none,0.000000,10,-36.665669,57.150716,1.000000,56.150716
1231,10.194423,10.179197,9.179197,11.179197,informed,none,0.000000,10,-36.665669,65.278566,1.000000,64.278566
1232,10.170342,12.411754,11.411754,13.411754,informed,sell_to_mm,11.411754,11,-48.077423,63.796339,1.210000,62.586339
1233,9.209255,10.281831,9.281831,11.281831,informed,sell_to_mm,9.281831,12,-57.359254,53.151809,1.440000,51.711809
1234,10.482215,9.713689,8.713689,10.713689,informed,none,0.000000,12,-57.359254,68.427320,1.440000,66.987320
1235,12.308195,13.735032,12.735032,14.735032,informed,sell_to_mm,12.735032,13,-70.094286,89.912250,1.690000,88.222250
1236,11.956944,10.685763,9.685763,11.685763,informed,buy_from_mm,11.685763,12,-58.408523,85.074801,1.440000,83.634801
1237,11.875984,11.012272,10.012272,12.012272,noise,none,0.000000,12,-58.408523,84.103281,1.440000,82.663281
1238,11.367834,10.832443,9.832443,11.832443,informed,none,0.000000,12,-58.408523,78.005481,1.440000,76.565481
1239,10.511254,10.003570,9.003570,11.003570,noise,sell_to_mm,9.003570,13,-67.412093,69.234206,1.690000,67.544206
1240,9.494937,9.642267,8.642267,10.642267,noise,none,0.000000,13,-67.412093,56.022089,1.690000,54.332089
1241,9.553378,10.553394,9.553394,11.553394,informed,sell_to_mm,9.553394,14,-76.965487,56.781811,1.960000,54.821811
1242,9.453003,8.747846,7.747846,9.747846,informed,none,0.000000,14,-76.965487,55.376552,1.960000,53.416552
1243,8.440828,9.001310,8.001310,10.001310,informed,none,0.000000,14,-76.965487,41.206112,1.960000,39.246112
1244,10.688487,11.958119,10.958119,12.958119,noise,none,0.000000,14,-76.965487,72.673329,1.960000,70.713329
1245,10.542646,12.441545,11.441545,13.441545,noise,none,0.000000,14,-76.965487,70.631559,1.960000,68.671559
1246,11.188259,10.670093,9.670093,11.670093,informed,none,0.000000,14,-76.965487,79.670141,1.960000,77.710141
1247,9.985684,10.399132,9.399132,11.399132,noise,none,0.000000,14,-76.965487,62.834096,1.960000,60.874096
1248,9.607216,9.757052,8.757052,10.757052,informed,none,0.000000,14,-76.965487,57.535532,1.960000,55.575532
1249,8.698917,9.592968,8.592968,10.592968,noise,none,0.000000,14,-76.965487,44.819353,1.960000,42.859353
1250,9.698944,10.105690,9.105690,11.105690,informed,none,0.000000,14,-76.965487,58.819732,1.960000,56.859732
1251,9.524881,10.496405,9.496405,11.496405,informed,none,0.000000,14,-76.965487,56.382846,1.960000,54.422846
1252,9.486809,9.971937,8.971937,10.971937,noise,sell_to_mm,8.971937,15,-85.937423,56.364707,2.250000,54.114707
1253,8.486985,10.079014,9.079014,11.079014,noise,none,0.000000,15,-85.937423,41.367348,2.250000,39.117348
1254,9.507886,7.991851,6.991851,8.991851,informed,buy_from_mm,8.991851,14,-76.945572,56.164830,1.960000,54.204830
1255,9.016276,9.686676,8.686676,10.686676,noise,none,0.000000,14,-76.945572,49.282292,1.960000,47.322292
1256,9.882430,8.600173,7.600173,9.600173,noise,buy_from_mm,9.600173,13,-67.345400,61.126190,1.690000,59.436190
1257,10.968317,10.576684,9.576684,11.576684,noise,none,0.000000,13,-67.345400,75.242722,1.690000,73.552722
1258,12.634726,13.798473,12.798473,14.798473,noise,none,0.000000,13,-67.345400,96.906033,1.690000,95.216033
1259,11.650750,10.506025,9.506025,11.506025,noise,none,0.000000,13,-67.345400,84.114347,1.690000,82.424347
1260,11.788187,10.466388,9.466388,11.466388,informed,buy_from_mm,11.466388,12,-55.879012,85.579234,1.440000,84.139234
1261,12.433951,12.118930,11.118930,13.118930,noise,none,0.000000,12,-55.879012,93.328399,1.440000,91.888399
1262,11.454971,11.012639,10.012639,12.012639,noise,none,0.000000,12,-55.879012,81.580640,1.440000,80.140640
1263,11.703883,13.202275,12.202275,14.202275,noise,sell_to_mm,12.202275,13,-68.081287,84.069190,1.690000,82.379190
1264,11.807075,11.837909,10.837909,12.837909,informed,none,0.000000,13,-68.081287,85.410684,1.690000,83.720684
1265,10.277615,10.026228,9.026228,11.026228,informed,none,0.000000,13,-68.081287,65.527706,1.690000,63.837706
1266,10.542373,12.373007,11.373007,13.373007,informed,sell_to_mm,11.373007,14,-79.454293,68.138930,1.960000,66.178930
1267,11.065037,10.397566,9.397566,11.397566,noise,none,0.000000,14,-79.454293,75.456220,1.960000,73.496220
1268,9.435870,9.677045,8.677045,10.677045,noise,sell_to_mm,8.677045,15,-88.131338,53.406711,2.250000,51.156711
1269,9.157632,9.320268,8.320268,10.320268,noise,none,0.000000,15,-88.131338,49.233137,2.250000,46.983137
1270,7.581413,5.731424,4.731424,6.731424,noise,none,0.000000,15,-88.131338,25.589850,2.250000,23.339850
1271,7.020097,7.249539,6.249539,8.249539,noise,none,0.000000,15,-88.131338,17.170124,2.250000,14.920124
1272,5.217615,5.068509,4.068509,6.068509,noise,sell_to_mm,4.068509,16,-92.199848,-8.718015,2.560000,-11.278015
1273,6.680816,6.448862,5.448862,7.448862,informed,none,0.000000,16,-92.199848,14.693213,2.560000,12.133213
1274,7.501011,5.808491,4.808491,6.808491,informed,buy_from_mm,6.808491,15,-85.391357,27.123805,2.250000,24.873805
1275,10.066043,10.633231,9.633231,11.633231,noise,none,0.000000,15,-85.391357,65.599288,2.250000,63.349288
1276,11.373035,9.769478,8.769478,10.769478,noise,sell_to_mm,8.769478,16,-94.160835,87.807731,2.560000,85.247731
1277,10.678795,9.879334,8.879334,10.879334,informed,none,0.000000,16,-94.160835,76.699877,2.560000,74.139877
1278,10.561884,9.490416,8.490416,10.490416,noise,buy_from_mm,10.490416,15,-83.670419,74.757837,2.250000,72.507837
1279,9.056604,10.277638,9.277638,11.277638,noise,none,0.000000,15,-83.670419,52.178639,2.250000,49.928639
1280,7.818123,8.477642,7.477642,9.477642,noise,none,0.000000,15,-83.670419,33.601427,2.250000,31.351427
1281,7.530443,8.461687,7.461687,9.461687,informed,none,0.000000,15,-83.670419,29.286223,2.250000,27.036223
1282,7.554402,5.770147,4.770147,6.770147,noise,none,0.000000,15,-83.670419,29.645608,2.250000,27.395608
1283,6.980247,6.734012,5.734012,7.734012,informed,none,0.000000,15,-83.670419,21.033287,2.250000,18.783287
1284,7.632197,8.525893,7.525893,9.525893,informed,none,0.000000,15,-83.670419,30.812535,2.250000,28.562535
1285,9.151262,10.977108,9.977108,11.977108,noise,sell_to_mm,9.977108,16,-93.647527,52.772669,2.560000,50.212669
1286,9.794503,9.537518,8.537518,10.537518,noise,none,0.000000,16,-93.647527,63.064523,2.560000,60.504523
1287,9.928053,11.822760,10.822760,12.822760,noise,none,0.000000,16,-93.647527,65.201318,2.560000,62.641318
1288,9.968360,10.527082,9.527082,11.527082,informed,none,0.000000,16,-93.647527,65.846235,2.560000,63.286235
1289,9.017319,11.169910,10.169910,12.169910,informed,sell_to_mm,10.169910,17,-103.817437,49.476982,2.890000,46.586982
1290,10.638832,11.797325,10.797325,12.797325,noise,buy_from_mm,12.797325,16,-91.020112,79.201198,2.560000,76.641198
1291,9.958319,9.708006,8.708006,10.708006,informed,none,0.000000,16,-91.020112,68.312989,2.560000,65.752989
1292,8.501556,7.867474,6.867474,8.867474,informed,none,0.000000,16,-91.020112,45.004789,2.560000,42.444789
1293,7.580766,7.685073,6.685073,8.685073,noise,sell_to_mm,6.685073,17,-97.705185,31.167837,2.890000,28.277837
1294,6.634378,7.177591,6.177591,8.177591,informed,none,0.000000,17,-97.705185,15.079243,2.890000,12.189243
1295,6.747065,6.551183,5.551183,7.551183,informed,none,0.000000,17,-97.705185,16.994918,2.890000,14.104918
1296,7.690127,6.637454,5.637454,7.637454,noise,none,0.000000,17,-97.705185,33.026970,2.890000,30.136970
1297,7.174830,7.255938,6.255938,8.255938,noise,none,0.000000,17,-97.705185,24.266930,2.890000,21.376930
1298,7.366206,7.216280,6.216280,8.216280,noise,buy_from_mm,8.216280,16,-89.488905,28.370392,2.560000,25.810392
1299,7.458580,7.499927,6.499927,8.499927,informed,none,0.000000,16,-89.488905,29.848368,2.560000,27.288368
1300,7.039422,5.968807,4.968807,6.968807,noise,none,0.000000,16,-89.488905,23.141848,2.560000,20.581848
1301,5.623574,6.993079,5.993079,7.993079,noise,sell_to_mm,5.993079,17,-95.481984,0.118772,2.890000,-2.771228
1302,5.412552,3.894331,2.894331,4.894331,informed,buy_from_mm,4.894331,16,-90.587653,-3.986820,2.560000,-6.546820
1303,6.816786,7.522108,6.522108,8.522108,noise,none,0.000000,16,-90.587653,18.480923,2.560000,15.920923
1304,7.332136,8.526562,7.526562,9.526562,noise,none,0.000000,16,-90.587653,26.726527,2.560000,24.166527
1305,7.740537,8.294474,7.294474,9.294474,noise,none,0.000000,16,-90.587653,33.260946,2.560000,30.700946
1306,8.609129,6.714961,5.714961,7.714961,noise,buy_from_mm,7.714961,15,-82.872692,46.264244,2.250000,44.014244
1307,8.987161,8.212209,7.212209,9.212209,noise,none,0.000000,15,-82.872692,51.934720,2.250000,49.684720
1308,10.756110,8.232590,7.232590,9.232590,noise,none,0.000000,15,-82.872692,78.468964,2.250000,76.218964
1309,9.913858,8.277953,7.277953,9.277953,noise,none,0.000000,15,-82.872692,65.835185,2.250000,63.585185
1310,9.191956,9.334742,8.334742,10.334742,noise,sell_to_mm,8.334742,16,-91.207434,55.863856,2.560000,53.303856
1311,9.440960,8.604474,7.604474,9.604474,noise,none,0.000000,16,-91.207434,59.847931,2.560000,57.287931
1312,10.583973,10.360905,9.360905,11.360905,noise,buy_from_mm,11.360905,15,-79.846528,78.913070,2.250000,76.663070
1313,10.252663,9.379659,8.379659,10.379659,noise,none,0.000000,15,-79.846528,73.943417,2.250000,71.693417
1314,9.930907,10.141627,9.141627,11.141627,noise,none,0.000000,15,-79.846528,69.117076,2.250000,66.867076
1315,11.434120,10.696437,9.696437,11.696437,informed,none,0.000000,15,-79.846528,91.665267,2.250000,89.415267
1316,12.449396,12.332082,11.332082,13.332082,informed,none,0.000000,15,-79.846528,106.894413,2.250000,104.644413
1317,12.608169,11.273358,10.273358,12.273358,noise,buy_from_mm,12.273358,14,-67.573171,108.941196,1.960000,106.981196
1318,12.858810,13.159143,12.159143,14.159143,noise,none,0.000000,14,-67.573171,112.450174,1.960000,110.490174
1319,13.086273,11.711698,10.711698,12.711698,noise,none,0.000000,14,-67.573171,115.634648,1.960000,113.674648
1320,13.916989,14.663481,13.663481,15.663481,noise,none,0.000000,14,-67.573171,127.264677,1.960000,125.304677
1321,14.493363,13.347295,12.347295,14.347295,informed,buy_from_mm,14.347295,13,-53.225876,135.187847,1.690000,133.497847
1322,15.139938,15.593397,14.593397,16.593397,informed,none,0.000000,13,-53.225876,143.593323,1.690000,141.903323
1323,14.573313,14.341421,13.341421,15.341421,noise,sell_to_mm,13.341421,14,-66.567297,137.459090,1.960000,135.499090
1324,14.941469,14.024767,13.024767,15.024767,informed,none,0.000000,14,-66.567297,142.613262,1.960000,140.653262
1325,15.723497,15.889679,14.889679,16.889679,noise,sell_to_mm,14.889679,15,-81.456977,154.395474,2.250000,152.145474
1326,16.598453,18.387006,17.387006,19.387006,noise,none,0.000000,15,-81.456977,167.519813,2.250000,165.269813
1327,17.134554,15.935938,14.935938,16.935938,informed,buy_from_mm,16.935938,14,-64.521038,175.362716,1.960000,173.402716
1328,17.252062,16.655895,15.655895,17.655895,informed,none,0.000000,14,-64.521038,177.007827,1.960000,175.047827
1329,16.193249,15.772868,14.772868,16.772868,noise,buy_from_mm,16.772868,13,-47.748171,162.764064,1.690000,161.074064
1330,15.068323,15.357135,14.357135,16.357135,noise,none,0.000000,13,-47.748171,148.140034,1.690000,146.450034
1331,13.712770,13.796769,12.796769,14.796769,informed,none,0.000000,13,-47.748171,130.517840,1.690000,128.827840
1332,15.020348,15.048275,14.048275,16.048275,informed,none,0.000000,13,-47.748171,147.516347,1.690000,145.826347
1333,16.411688,15.605927,14.605927,16.605927,informed,none,0.000000,13,-47.748171,165.603776,1.690000,163.913776
1334,16.202803,15.739723,14.739723,16.739723,noise,sell_to_mm,14.739723,14,-62.487893,164.351345,1.960000,162.391345
1335,15.841467,16.256602,15.256602,17.256602,noise,none,0.000000,14,-62.487893,159.292645,1.960000,157.332645
1336,13.821482,13.861682,12.861682,14.861682,informed,none,0.000000,14,-62.487893,131.012857,1.960000,129.052857
1337,14.345402,15.446781,14.446781,16.446781,noise,none,0.000000,14,-62.487893,138.347728,1.960000,136.387728
1338,14.575097,14.235785,13.235785,15.235785,noise,none,0.000000,14,-62.487893,141.563458,1.960000,139.603458
1339,14.674692,14.969081,13.969081,15.969081,noise,sell_to_mm,13.969081,15,-76.456974,143.663409,2.250000,141.413409
1340,13.903542,13.373630,12.373630,14.373630,informed,none,0.000000,15,-76.456974,132.096161,2.250000,129.846161
1341,13.103924,13.043958,12.043958,14.043958,informed,none,0.000000,15,-76.456974,120.101892,2.250000,117.851892
1342,12.679495,13.597341,12.597341,14.597341,noise,none,0.000000,15,-76.456974,113.735452,2.250000,111.485452
1343,13.791005,14.186109,13.186109,15.186109,noise,buy_from_mm,15.186109,14,-61.270865,131.803205,1.960000,129.843205
1344,14.184421,14.570056,13.570056,15.570056,noise,none,0.000000,14,-61.270865,137.311023,1.960000,135.351023
1345,14.348901,14.732507,13.732507,15.732507,informed,none,0.000000,14,-61.270865,139.613752,1.960000,137.653752
1346,12.745661,11.661585,10.661585,12.661585,noise,none,0.000000,14,-61.270865,117.168393,1.960000,115.208393
1347,12.854572,13.256355,12.256355,14.256355,noise,none,0.000000,14,-61.270865,118.693138,1.960000,116.733138
1348,14.144598,13.265525,12.265525,14.265525,noise,buy_from_mm,14.265525,13,-47.005340,136.874440,1.690000,135.184440
1349,14.890519,14.811009,13.811009,15.811009,informed,none,0.000000,13,-47.005340,146.571403,1.690000,144.881403
1350,15.380290,14.841385,13.841385,15.841385,informed,none,0.000000,13,-47.005340,152.938424,1.690000,151.248424
1351,14.149036,11.216222,10.216222,12.216222,noise,buy_from_mm,12.216222,12,-34.789118,134.999317,1.440000,133.559317
1352,14.938600,15.902345,14.902345,16.902345,noise,none,0.000000,12,-34.789118,144.474082,1.440000,143.034082
1353,14.536133,14.531912,13.531912,15.531912,informed,none,0.000000,12,-34.789118,139.644481,1.440000,138.204481
1354,15.038273,16.689683,15.689683,17.689683,noise,none,0.000000,12,-34.789118,145.670157,1.440000,144.230157
1355,14.566980,14.902219,13.902219,15.902219,noise,sell_to_mm,13.902219,13,-48.691337,140.679400,1.690000,138.989400
1356,14.590002,14.006211,13.006211,15.006211,noise,sell_to_mm,13.006211,14,-61.697548,142.562484,1.960000,140.602484
1357,15.944849,16.853014,15.853014,17.853014,noise,none,0.000000,14,-61.697548,161.530333,1.960000,159.570333
1358,15.987785,15.332989,14.332989,16.332989,noise,none,0.000000,14,-61.697548,162.131445,1.960000,160.171445
1359,17.975379,18.868708,17.868708,19.868708,informed,none,0.000000,14,-61.697548,189.957758,1.960000,187.997758
1360,17.840994,17.200131,16.200131,18.200131,noise,buy_from_mm,18.200131,13,-43.497417,188.435505,1.690000,186.745505
1361,18.092190,18.666199,17.666199,19.666199,noise,none,0.000000,13,-43.497417,191.701055,1.690000,190.011055
1362,18.759121,19.603744,18.603744,20.603744,informed,none,0.000000,13,-43.497417,200.371152,1.690000,198.681152
1363,15.951775,15.323202,14.323202,16.323202,noise,none,0.000000,13,-43.497417,163.875659,1.690000,162.185659
1364,16.246887,15.999131,14.999131,16.999131,noise,none,0.000000,13,-43.497417,167.712120,1.690000,166.022120
1365,15.933846,14.541159,13.541159,15.541159,noise,buy_from_mm,15.541159,12,-27.956259,163.249899,1.440000,161.809899
1366,15.828752,15.157848,14.157848,16.157848,noise,sell_to_mm,14.157848,13,-42.114106,163.659675,1.690000,161.969675
1367,17.080166,16.279335,15.279335,17.279335,informed,none,0.000000,13,-42.114106,179.928046,1.690000,178.238046
1368,19.012286,19.040260,18.040260,20.040260,informed,none,0.000000,13,-42.114106,205.045610,1.690000,203.355610
1369,18.535875,18.422412,17.422412,19.422412,noise,buy_from_mm,19.422412,12,-22.691694,199.738802,1.440000,198.298802
1370,17.225388,16.937865,15.937865,17.937865,informed,none,0.000000,12,-22.691694,184.012957,1.440000,182.572957
1371,17.433590,17.987359,16.987359,18.987359,noise,none,0.000000,12,-22.691694,186.511389,1.440000,185.071389
1372,17.507294,18.053322,17.053322,19.053322,noise,none,0.000000,12,-22.691694,187.395829,1.440000,185.955829
1373,16.707179,17.557957,16.557957,18.557957,noise,none,0.000000,12,-22.691694,177.794457,1.440000,176.354457
1374,16.873850,16.971369,15.971369,17.971369,informed,none,0.000000,12,-22.691694,179.794504,1.440000,178.354504
1375,17.865929,16.203474,15.203474,17.203474,informed,buy_from_mm,17.203474,11,-5.488220,191.037001,1.210000,189.827001
1376,17.840925,18.021976,17.021976,19.021976,informed,none,0.000000,11,-5.488220,190.761955,1.210000,189.551955
1377,16.155291,16.366015,15.366015,17.366015,noise,none,0.000000,11,-5.488220,172.219979,1.210000,171.009979
1378,15.023299,15.316678,14.316678,16.316678,informed,none,0.000000,11,-5.488220,159.768065,1.210000,158.558065
1379,14.162680,13.617845,12.617845,14.617845,noise,none,0.000000,11,-5.488220,150.301264,1.210000,149.091264
1380,12.577244,13.378896,12.378896,14.378896,informed,none,0.000000,11,-5.488220,132.861466,1.210000,131.651466
1381,13.254367,13.537297,12.537297,14.537297,noise,sell_to_mm,12.537297,12,-18.025517,141.026891,1.440000,139.586891
1382,14.056354,13.401372,12.401372,14.401372,informed,none,0.000000,12,-18.025517,150.650733,1.440000,149.210733
1383,14.809524,13.805585,12.805585,14.805585,noise,sell_to_mm,12.805585,13,-30.831101,161.692704,1.690000,160.002704
1384,14.254509,13.927820,12.927820,14.927820,noise,none,0.000000,13,-30.831101,154.477510,1.690000,152.787510
1385,15.420840,15.728020,14.728020,16.728020,noise,buy_from_mm,16.728020,12,-14.103082,170.947000,1.440000,169.507000
1386,15.728617,14.560687,13.560687,15.560687,informed,buy_from_mm,15.560687,11,1.457605,174.472390,1.210000,173.262390
1387,14.542930,14.873020,13.873020,15.873020,noise,none,0.000000,11,1.457605,161.429839,1.210000,160.219839
1388,14.180946,14.612138,13.612138,15.612138,noise,buy_from_mm,15.612138,10,17.069743,158.879202,1.000000,157.879202
1389,13.413183,14.456868,13.456868,15.456868,noise,buy_from_mm,15.456868,9,32.526611,153.245256,0.810000,152.435256
1390,14.124406,15.010507,14.010507,16.010507,noise,sell_to_mm,14.010507,10,18.516104,159.760162,1.000000,158.760162
1391,12.726426,12.020298,11.020298,13.020298,noise,sell_to_mm,11.020298,11,7.495806,147.486494,1.210000,146.276494
1392,9.942382,9.967679,8.967679,10.967679,noise,buy_from_mm,10.967679,10,18.463485,117.887302,1.000000,116.887302
1393,10.243266,10.366238,9.366238,11.366238,noise,none,0.000000,10,18.463485,120.896148,1.000000,119.896148
1394,8.822438,9.184522,8.184522,10.184522,noise,none,0.000000,10,18.463485,106.687867,1.000000,105.687867
1395,10.528808,10.631542,9.631542,11.631542,informed,none,0.000000,10,18.463485,123.751565,1.000000,122.751565
1396,11.322129,10.063810,9.063810,11.063810,informed,buy_from_mm,11.063810,9,29.527295,131.426460,0.810000,130.616460
1397,13.426996,13.732726,12.732726,14.732726,noise,sell_to_mm,12.732726,10,16.794569,151.064525,1.000000,150.064525
1398,14.648299,14.088958,13.088958,15.088958,informed,none,0.000000,10,16.794569,163.277563,1.000000,162.277563
1399,13.973051,14.379983,13.379983,15.379983,noise,none,0.000000,10,16.794569,156.525076,1.000000,155.525076
1400,14.306764,14.402337,13.402337,15.402337,informed,none,0.000000,10,16.794569,159.862206,1.000000,158.862206
1401,16.445251,17.504296,16.504296,18.504296,noise,none,0.000000,10,16.794569,181.247075,1.000000,180.247075
1402,15.617856,17.201214,16.201214,18.201214,noise,sell_to_mm,16.201214,11,0.593356,172.389774,1.210000,171.179774
1403,15.989193,17.217502,16.217502,18.217502,noise,none,0.000000,11,0.593356,176.474482,1.210000,175.264482
1404,13.996498,13.044915,12.044915,14.044915,noise,none,0.000000,11,0.593356,154.554838,1.210000,153.344838
1405,13.588834,14.519514,13.519514,15.519514,informed,none,0.000000,11,0.593356,150.070531,1.210000,148.860531
1406,13.297427,11.612858,10.612858,12.612858,informed,buy_from_mm,12.612858,10,13.206214,146.180481,1.000000,145.180481
1407,13.347454,13.556647,12.556647,14.556647,noise,sell_to_mm,12.556647,11,0.649567,147.471558,1.210000,146.261558
1408,12.668166,14.691308,13.691308,15.691308,noise,sell_to_mm,13.691308,12,-13.041741,138.976249,1.440000,137.536249
1409,12.165839,12.879619,11.879619,13.879619,noise,none,0.000000,12,-13.041741,132.948324,1.440000,131.508324
1410,12.401930,11.625389,10.625389,12.625389,informed,none,0.000000,12,-13.041741,135.781422,1.440000,134.341422
1411,14.416328,13.944342,12.944342,14.944342,noise,none,0.000000,12,-13.041741,159.954190,1.440000,158.514190
1412,13.080353,13.374198,12.374198,14.374198,noise,buy_from_mm,14.374198,11,1.332457,145.216342,1.210000,144.006342
1413,12.324114,11.271788,10.271788,12.271788,noise,none,0.000000,11,1.332457,136.897710,1.210000,135.687710
1414,13.499514,13.674604,12.674604,14.674604,informed,none,0.000000,11,1.332457,149.827107,1.210000,148.617107
1415,11.497236,11.480245,10.480245,12.480245,informed,none,0.000000,11,1.332457,127.802054,1.210000,126.592054
1416,12.303000,14.805571,13.805571,15.805571,informed,sell_to_mm,13.805571,12,-12.473115,135.162888,1.440000,133.722888
1417,12.844236,13.608911,12.608911,14.608911,noise,buy_from_mm,14.608911,11,2.135796,143.422390,1.210000,142.212390
1418,12.793503,13.482364,12.482364,14.482364,noise,none,0.000000,11,2.135796,142.864326,1.210000,141.654326
1419,15.795720,16.748379,15.748379,17.748379,noise,none,0.000000,11,2.135796,175.888717,1.210000,174.678717
1420,15.950227,15.892626,14.892626,16.892626,noise,sell_to_mm,14.892626,12,-12.756830,178.645895,1.440000,177.205895
1421,16.859035,17.647301,16.647301,18.647301,noise,none,0.000000,12,-12.756830,189.551587,1.440000,188.111587
1422,17.262360,17.435969,16.435969,18.435969,noise,buy_from_mm,18.435969,11,5.679139,195.565100,1.210000,194.355100
1423,18.462698,17.094458,16.094458,18.094458,noise,buy_from_mm,18.094458,10,23.773597,208.400573,1.000000,207.400573
1424,18.875970,19.149671,18.149671,20.149671,noise,none,0.000000,10,23.773597,212.533298,1.000000,211.533298
1425,19.216706,21.143539,20.143539,22.143539,informed,sell_to_mm,20.143539,11,3.630059,215.013829,1.210000,213.803829
1426,19.008097,18.354931,17.354931,19.354931,noise,none,0.000000,11,3.630059,212.719129,1.210000,211.509129
1427,18.791771,17.865009,16.865009,18.865009,informed,none,0.000000,11,3.630059,210.339541,1.210000,209.129541
1428,16.382690,15.673621,14.673621,16.673621,noise,none,0.000000,11,3.630059,183.839649,1.210000,182.629649
1429,17.132665,16.782577,15.782577,17.782577,noise,none,0.000000,11,3.630059,192.089376,1.210000,190.879376
1430,17.654985,17.621555,16.621555,18.621555,informed,none,0.000000,11,3.630059,197.834897,1.210000,196.624897
1431,17.583369,16.523304,15.523304,17.523304,noise,none,0.000000,11,3.630059,197.047117,1.210000,195.837117
1432,17.632410,17.835109,16.835109,18.835109,informed,none,0.000000,11,3.630059,197.586569,1.210000,196.376569
1433,16.480628,17.550923,16.550923,18.550923,noise,buy_from_mm,18.550923,10,22.180982,186.987260,1.000000,185.987260
1434,18.189879,18.484576,17.484576,19.484576,noise,none,0.000000,10,22.180982,204.079768,1.000000,203.079768
1435,20.147620,20.255823,19.255823,21.255823,noise,none,0.000000,10,22.180982,223.657184,1.000000,222.657184
1436,19.904150,19.703287,18.703287,20.703287,noise,sell_to_mm,18.703287,11,3.477694,222.423346,1.210000,221.213346
1437,21.474059,22.202079,21.202079,23.202079,informed,none,0.000000,11,3.477694,239.692344,1.210000,238.482344
1438,18.744446,17.500497,16.500497,18.500497,noise,sell_to_mm,16.500497,12,-13.022802,211.910544,1.440000,210.470544
1439,17.348589,15.100547,14.100547,16.100547,informed,buy_from_mm,16.100547,11,3.077744,193.912225,1.210000,192.702225
1440,15.880287,15.327258,14.327258,16.327258,noise,buy_from_mm,16.327258,10,19.405002,178.207873,1.000000,177.207873
1441,16.418165,16.511664,15.511664,17.511664,noise,sell_to_mm,15.511664,11,3.893338,184.493155,1.210000,183.283155
1442,16.773941,17.525277,16.525277,18.525277,noise,none,0.000000,11,3.893338,188.406687,1.210000,187.196687
1443,16.915467,16.267798,15.267798,17.267798,informed,none,0.000000,11,3.893338,189.963480,1.210000,188.753480
1444,16.425549,14.038652,13.038652,15.038652,noise,none,0.000000,11,3.893338,184.574373,1.210000,183.364373
1445,16.320496,18.362658,17.362658,19.362658,noise,none,0.000000,11,3.893338,183.418799,1.210000,182.208799
1446,14.699501,14.551299,13.551299,15.551299,noise,sell_to_mm,13.551299,12,-9.657961,166.736055,1.440000,165.296055
1447,15.729333,15.391824,14.391824,16.391824,noise,none,0.000000,12,-9.657961,179.094035,1.440000,177.654035
1448,15.562259,15.505279,14.505279,16.505279,informed,none,0.000000,12,-9.657961,177.089146,1.440000,175.649146
1449,17.620619,19.631004,18.631004,20.631004,noise,buy_from_mm,20.631004,11,10.973043,204.799850,1.210000,203.589850
1450,16.743639,18.334098,17.334098,19.334098,noise,none,0.000000,11,10.973043,195.153066,1.210000,193.943066
1451,17.060626,16.695971,15.695971,17.695971,noise,buy_from_mm,17.695971,10,28.669014,199.275276,1.000000,198.275276
1452,19.452890,18.315392,17.315392,19.315392,noise,none,0.000000,10,28.669014,223.197915,1.000000,222.197915
1453,19.226575,20.158959,19.158959,21.158959,noise,none,0.000000,10,28.669014,220.934764,1.000000,219.934764
1454,16.953793,16.449803,15.449803,17.449803,noise,none,0.000000,10,28.669014,198.206945,1.000000,197.206945
1455,17.083791,16.968059,15.968059,17.968059,noise,buy_from_mm,17.968059,9,46.637073,200.391196,0.810000,199.581196
1456,14.878354,13.022839,12.022839,14.022839,noise,none,0.000000,9,46.637073,180.542254,0.810000,179.732254
1457,14.117829,16.094580,15.094580,17.094580,noise,none,0.000000,9,46.637073,173.697532,0.810000,172.887532
1458,14.232194,15.188060,14.188060,16.188060,noise,none,0.000000,9,46.637073,174.726815,0.810000,173.916815
1459,14.565920,15.990138,14.990138,16.990138,informed,sell_to_mm,14.990138,10,31.646935,177.306139,1.000000,176.306139
1460,14.341221,14.085902,13.085902,15.085902,noise,none,0.000000,10,31.646935,175.059148,1.000000,174.059148
1461,14.551922,13.465938,12.465938,14.465938,noise,none,0.000000,10,31.646935,177.166160,1.000000,176.166160
1462,14.096359,14.032364,13.032364,15.032364,noise,none,0.000000,10,31.646935,172.610529,1.000000,171.610529
1463,13.520381,13.837161,12.837161,14.837161,noise,none,0.000000,10,31.646935,166.850749,1.000000,165.850749
1464,15.358136,15.128292,14.128292,16.128292,informed,none,0.000000,10,31.646935,185.228300,1.000000,184.228300
1465,14.178432,14.081011,13.081011,15.081011,informed,none,0.000000,10,31.646935,173.431256,1.000000,172.431256
1466,14.066262,14.940971,13.940971,15.940971,noise,none,0.000000,10,31.646935,172.309559,1.000000,171.309559
1467,14.281143,13.472926,12.472926,14.472926,informed,none,0.000000,10,31.646935,174.458363,1.000000,173.458363
1468,13.494634,14.088383,13.088383,15.088383,informed,none,0.000000,10,31.646935,166.593273,1.000000,165.593273
1469,13.722015,14.307951,13.307951,15.307951,informed,none,0.000000,10,31.646935,168.867082,1.000000,167.867082
1470,13.213883,13.805801,12.805801,14.805801,informed,none,0.000000,10,31.646935,163.785763,1.000000,162.785763
1471,11.710039,11.466251,10.466251,12.466251,noise,none,0.000000,10,31.646935,148.747321,1.000000,147.747321
1472,12.155011,10.576107,9.576107,11.576107,informed,buy_from_mm,11.576107,9,43.223043,152.618138,0.810000,151.808138
1473,13.798927,12.537300,11.537300,13.537300,noise,none,0.000000,9,43.223043,167.413383,0.810000,166.603383
1474,15.879160,16.307175,15.307175,17.307175,noise,none,0.000000,9,43.223043,186.135483,0.810000,185.325483
1475,16.673645,16.400856,15.400856,17.400856,informed,none,0.000000,9,43.223043,193.285848,0.810000,192.475848
1476,18.272873,18.829863,17.829863,19.829863,noise,none,0.000000,9,43.223043,207.678896,0.810000,206.868896
1477,18.853494,17.363235,16.363235,18.363235,noise,none,0.000000,9,43.223043,212.904487,0.810000,212.094487
1478,17.653301,18.873587,17.873587,19.873587,informed,sell_to_mm,17.873587,10,25.349456,201.882463,1.000000,200.882463
1479,18.266847,17.416059,16.416059,18.416059,informed,none,0.000000,10,25.349456,208.017926,1.000000,207.017926
1480,17.923087,17.431173,16.431173,18.431173,noise,none,0.000000,10,25.349456,204.580324,1.000000,203.580324
1481,18.500542,17.696859,16.696859,18.696859,informed,none,0.000000,10,25.349456,210.354872,1.000000,209.354872
1482,16.689739,17.623683,16.623683,18.623683,noise,none,0.000000,10,25.349456,192.246846,1.000000,191.246846
1483,16.288319,15.584035,14.584035,16.584035,noise,none,0.000000,10,25.349456,188.232647,1.000000,187.232647
1484,15.280126,15.011135,14.011135,16.011135,noise,none,0.000000,10,25.349456,178.150717,1.000000,177.150717
1485,16.745721,17.561955,16.561955,18.561955,noise,buy_from_mm,18.561955,9,43.911411,194.622896,0.810000,193.812896
1486,17.357095,15.959186,14.959186,16.959186,noise,none,0.000000,9,43.911411,200.125265,0.810000,199.315265
1487,15.508082,16.975981,15.975981,17.975981,noise,buy_from_mm,17.975981,8,61.887391,185.952043,0.640000,185.312043
1488,12.651685,12.076168,11.076168,13.076168,informed,none,0.000000,8,61.887391,163.100874,0.640000,162.460874
1489,12.310805,12.680546,11.680546,13.680546,informed,none,0.000000,8,61.887391,160.373830,0.640000,159.733830
1490,11.005820,10.058706,9.058706,11.058706,noise,none,0.000000,8,61.887391,149.933950,0.640000,149.293950
1491,11.561965,10.967588,9.967588,11.967588,informed,none,0.000000,8,61.887391,154.383113,0.640000,153.743113
1492,10.952419,11.159859,10.159859,12.159859,noise,none,0.000000,8,61.887391,149.506743,0.640000,148.866743
1493,11.382468,11.259812,10.259812,12.259812,informed,none,0.000000,8,61.887391,152.947131,0.640000,152.307131
1494,12.013206,11.684550,10.684550,12.684550,noise,sell_to_mm,10.684550,9,51.202841,159.321692,0.810000,158.511692
1495,13.643835,15.279496,14.279496,16.279496,noise,sell_to_mm,14.279496,10,36.923346,173.361696,1.000000,172.361696
1496,14.028204,12.610937,11.610937,13.610937,informed,buy_from_mm,13.610937,9,50.534283,176.788116,0.810000,175.978116
1497,13.641605,14.388709,13.388709,15.388709,noise,none,0.000000,9,50.534283,173.308724,0.810000,172.498724
1498,14.130086,12.566911,11.566911,13.566911,noise,none,0.000000,9,50.534283,177.705056,0.810000,176.895056
1499,13.632483,15.154964,14.154964,16.154964,informed,sell_to_mm,14.154964,10,36.379319,172.704151,1.000000,171.704151
1500,13.947005,13.753002,12.753002,14.753002,noise,none,0.000000,10,36.379319,175.849367,1.000000,174.849367
1501,12.986720,12.401562,11.401562,13.401562,noise,none,0.000000,10,36.379319,166.246517,1.000000,165.246517
1502,12.490759,11.330891,10.330891,12.330891,informed,buy_from_mm,12.330891,9,48.710210,161.127037,0.810000,160.317037
1503,14.600406,13.502359,12.502359,14.502359,informed,buy_from_mm,14.502359,8,63.212570,180.015816,0.640000,179.375816
1504,15.184480,15.141010,14.141010,16.141010,noise,none,0.000000,8,63.212570,184.688411,0.640000,184.048411
1505,15.876343,16.920242,15.920242,17.920242,informed,sell_to_mm,15.920242,9,47.292328,190.179412,0.810000,189.369412
1506,16.780532,17.035484,16.035484,18.035484,informed,none,0.000000,9,47.292328,198.317118,0.810000,197.507118
1507,16.639439,16.923875,15.923875,17.923875,noise,none,0.000000,9,47.292328,197.047278,0.810000,196.237278
1508,15.601395,16.660324,15.660324,17.660324,informed,sell_to_mm,15.660324,10,31.632004,187.645957,1.000000,186.645957
1509,16.189669,15.891497,14.891497,16.891497,noise,buy_from_mm,16.891497,9,48.523500,194.230525,0.810000,193.420525
1510,16.171674,15.096465,14.096465,16.096465,informed,buy_from_mm,16.096465,8,64.619966,193.993356,0.640000,193.353356
1511,16.008888,16.127703,15.127703,17.127703,informed,none,0.000000,8,64.619966,192.691067,0.640000,192.051067
1512,16.044547,15.431361,14.431361,16.431361,noise,buy_from_mm,16.431361,7,81.051327,193.363155,0.490000,192.873155
1513,15.032950,15.259577,14.259577,16.259577,noise,sell_to_mm,14.259577,8,66.791750,187.055349,0.640000,186.415349
1514,12.578095,14.802222,13.802222,15.802222,informed,sell_to_mm,13.802222,9,52.989528,166.192382,0.810000,165.382382
1515,11.642770,11.170467,10.170467,12.170467,noise,sell_to_mm,10.170467,10,42.819061,159.246765,1.000000,158.246765
1516,11.027715,10.947135,9.947135,11.947135,noise,none,0.000000,10,42.819061,153.096207,1.000000,152.096207
1517,9.544069,8.417257,7.417257,9.417257,noise,none,0.000000,10,42.819061,138.259752,1.000000,137.259752
1518,9.661036,9.798397,8.798397,10.798397,informed,none,0.000000,10,42.819061,139.429423,1.000000,138.429423
1519,11.247914,10.676498,9.676498,11.676498,noise,none,0.000000,10,42.819061,155.298199,1.000000,154.298199
1520,10.104003,11.101714,10.101714,12.101714,noise,none,0.000000,10,42.819061,143.859096,1.000000,142.859096
1521,10.364702,10.721364,9.721364,11.721364,noise,none,0.000000,10,42.819061,146.466078,1.000000,145.466078
1522,10.101053,9.737499,8.737499,10.737499,noise,none,0.000000,10,42.819061,143.829594,1.000000,142.829594
1523,10.768923,9.306836,8.306836,10.306836,noise,none,0.000000,10,42.819061,150.508294,1.000000,149.508294
1524,9.494777,9.139207,8.139207,10.139207,noise,sell_to_mm,8.139207,11,34.679855,139.122405,1.210000,137.912405
1525,9.689192,9.571954,8.571954,10.571954,noise,sell_to_mm,8.571954,12,26.107901,142.378205,1.440000,140.938205
1526,8.719352,8.668478,7.668478,9.668478,informed,none,0.000000,12,26.107901,130.740127,1.440000,129.300127
1527,6.821320,7.256274,6.256274,8.256274,noise,none,0.000000,12,26.107901,107.963745,1.440000,106.523745
1528,6.955984,5.948111,4.948111,6.948111,noise,none,0.000000,12,26.107901,109.579711,1.440000,108.139711
1529,7.001285,5.761114,4.761114,6.761114,noise,buy_from_mm,6.761114,11,32.869015,109.883148,1.210000,108.673148
1530,7.401934,6.446220,5.446220,7.446220,noise,none,0.000000,11,32.869015,114.290291,1.210000,113.080291
1531,8.593423,8.052222,7.052222,9.052222,informed,none,0.000000,11,32.869015,127.396663,1.210000,126.186663
1532,8.105157,9.288052,8.288052,10.288052,informed,sell_to_mm,8.288052,12,24.580963,121.842846,1.440000,120.402846
1533,9.442617,10.716763,9.716763,11.716763,informed,sell_to_mm,9.716763,13,14.864200,137.618220,1.690000,135.928220
1534,9.368425,8.459423,7.459423,9.459423,noise,none,0.000000,13,14.864200,136.653726,1.690000,134.963726
1535,10.016116,8.072671,7.072671,9.072671,noise,none,0.000000,13,14.864200,145.073703,1.690000,143.383703
1536,9.137755,7.282330,6.282330,8.282330,noise,none,0.000000,13,14.864200,133.655013,1.690000,131.965013
1537,8.484626,8.177889,7.177889,9.177889,noise,none,0.000000,13,14.864200,125.164343,1.690000,123.474343
1538,9.614005,8.996537,7.996537,9.996537,noise,none,0.000000,13,14.864200,139.846260,1.690000,138.156260
1539,10.167293,10.293086,9.293086,11.293086,informed,none,0.000000,13,14.864200,147.039004,1.690000,145.349004
1540,11.183135,12.245765,11.245765,13.245765,informed,sell_to_mm,11.245765,14,3.618435,160.182321,1.960000,158.222321
1541,10.700881,11.530409,10.530409,12.530409,noise,none,0.000000,14,3.618435,153.430769,1.960000,151.470769
1542,10.860905,10.301358,9.301358,11.301358,informed,none,0.000000,14,3.618435,155.671107,1.960000,153.711107
1543,11.470998,10.370211,9.370211,11.370211,informed,buy_from_mm,11.370211,13,14.988646,164.111618,1.690000,162.421618
1544,12.371063,11.811337,10.811337,12.811337,noise,none,0.000000,13,14.988646,175.812464,1.690000,174.122464
1545,14.681559,14.444325,13.444325,15.444325,informed,none,0.000000,13,14.988646,205.848915,1.690000,204.158915
1546,12.963568,12.406868,11.406868,13.406868,noise,none,0.000000,13,14.988646,183.515035,1.690000,181.825035
1547,13.383387,14.701616,13.701616,15.701616,informed,sell_to_mm,13.701616,14,1.287030,188.654441,1.960000,186.694441
1548,14.457250,14.899781,13.899781,15.899781,noise,none,0.000000,14,1.287030,203.688529,1.960000,201.728529
1549,13.928564,13.570041,12.570041,14.570041,noise,none,0.000000,14,1.287030,196.286927,1.960000,194.326927
1550,12.141480,11.836754,10.836754,12.836754,noise,buy_from_mm,12.836754,13,14.123783,171.963018,1.690000,170.273018
1551,12.032650,12.505882,11.505882,13.505882,noise,none,0.000000,13,14.123783,170.548227,1.690000,168.858227
1552,10.118845,12.402719,11.402719,13.402719,noise,none,0.000000,13,14.123783,145.668775,1.690000,143.978775
1553,10.600309,11.394767,10.394767,12.394767,noise,buy_from_mm,12.394767,12,26.518551,153.722260,1.440000,152.282260
1554,11.484377,11.189035,10.189035,12.189035,noise,buy_from_mm,12.189035,11,38.707586,165.035731,1.210000,163.825731
1555,11.314463,10.803360,9.803360,11.803360,noise,buy_from_mm,11.803360,10,50.510946,163.655581,1.000000,162.655581
1556,11.982991,12.572786,11.572786,13.572786,noise,sell_to_mm,11.572786,11,38.938160,170.751059,1.210000,169.541059
1557,13.021786,12.542125,11.542125,13.542125,noise,buy_from_mm,13.542125,10,52.480286,182.698149,1.000000,181.698149
1558,12.131524,12.679030,11.679030,13.679030,noise,none,0.000000,10,52.480286,173.795530,1.000000,172.795530
1559,12.652089,12.621182,11.621182,13.621182,noise,none,0.000000,10,52.480286,179.001174,1.000000,178.001174
1560,12.837605,13.060018,12.060018,14.060018,noise,none,0.000000,10,52.480286,180.856339,1.000000,179.856339
1561,12.971246,12.991821,11.991821,13.991821,noise,sell_to_mm,11.991821,11,40.488465,183.172167,1.210000,181.962167
1562,11.976450,11.531797,10.531797,12.531797,noise,buy_from_mm,12.531797,10,53.020262,172.784765,1.000000,171.784765
1563,11.540985,12.365543,11.365543,13.365543,noise,none,0.000000,10,53.020262,168.430110,1.000000,167.430110
1564,10.124258,8.318581,7.318581,9.318581,noise,buy_from_mm,9.318581,9,62.338843,153.457167,0.810000,152.647167
1565,10.120770,10.387091,9.387091,11.387091,noise,none,0.000000,9,62.338843,153.425770,0.810000,152.615770
1566,10.342852,9.617011,8.617011,10.617011,noise,none,0.000000,9,62.338843,155.424508,0.810000,154.614508
1567,9.302332,8.434491,7.434491,9.434491,informed,none,0.000000,9,62.338843,146.059834,0.810000,145.249834
1568,10.138822,12.122648,11.122648,13.122648,informed,sell_to_mm,11.122648,10,51.216195,152.604412,1.000000,151.604412
1569,10.343997,12.439716,11.439716,13.439716,informed,sell_to_mm,11.439716,11,39.776480,153.560441,1.210000,152.350441
1570,12.098408,10.626946,9.626946,11.626946,noise,none,0.000000,11,39.776480,172.858963,1.210000,171.648963
1571,11.796429,10.779438,9.779438,11.779438,noise,none,0.000000,11,39.776480,169.537199,1.210000,168.327199
1572,13.213984,11.903046,10.903046,12.903046,noise,none,0.000000,11,39.776480,185.130303,1.210000,183.920303
1573,12.297976,10.590276,9.590276,11.590276,noise,buy_from_mm,11.590276,10,51.366756,174.346518,1.000000,173.346518
1574,12.277236,11.441110,10.441110,12.441110,informed,none,0.000000,10,51.366756,174.139112,1.000000,173.139112
1575,11.797412,11.357540,10.357540,12.357540,noise,none,0.000000,10,51.366756,169.340872,1.000000,168.340872
1576,13.723527,12.813750,11.813750,13.813750,informed,none,0.000000,10,51.366756,188.602028,1.000000,187.602028
1577,13.587690,13.817814,12.817814,14.817814,informed,none,0.000000,10,51.366756,187.243660,1.000000,186.243660
1578,14.575116,12.537231,11.537231,13.537231,informed,buy_from_mm,13.537231,9,64.903987,196.080031,0.810000,195.270031
1579,14.869059,14.873748,13.873748,15.873748,noise,none,0.000000,9,64.903987,198.725518,0.810000,197.915518
1580,15.974664,16.810904,15.810904,17.810904,noise,none,0.000000,9,64.903987,208.675961,0.810000,207.865961
1581,15.531294,16.014314,15.014314,17.014314,noise,none,0.000000,9,64.903987,204.685630,0.810000,203.875630
1582,17.017558,16.318958,15.318958,17.318958,informed,none,0.000000,9,64.903987,218.062005,0.810000,217.252005
1583,17.886515,16.839108,15.839108,17.839108,noise,none,0.000000,9,64.903987,225.882626,0.810000,225.072626
1584,18.405439,20.223298,19.223298,21.223298,noise,none,0.000000,9,64.903987,230.552941,0.810000,229.742941
1585,17.963434,17.382957,16.382957,18.382957,noise,none,0.000000,9,64.903987,226.574889,0.810000,225.764889
1586,17.659839,18.379453,17.379453,19.379453,informed,none,0.000000,9,64.903987,223.842534,0.810000,223.032534
1587,19.741782,18.589255,17.589255,19.589255,informed,buy_from_mm,19.589255,8,84.493241,242.427493,0.640000,241.787493
1588,18.712416,18.115981,17.115981,19.115981,informed,none,0.000000,8,84.493241,234.192567,0.640000,233.552567
1589,17.380281,16.095801,15.095801,17.095801,informed,buy_from_mm,17.095801,7,101.589043,223.251013,0.490000,222.761013
1590,17.260887,16.452421,15.452421,17.452421,noise,none,0.000000,7,101.589043,222.415250,0.490000,221.925250
1591,16.650726,16.958830,15.958830,17.958830,noise,none,0.000000,7,101.589043,218.144122,0.490000,217.654122
1592,16.181706,17.205454,16.205454,18.205454,noise,buy_from_mm,18.205454,6,119.794497,216.884731,0.360000,216.524731
1593,18.052234,19.085172,18.085172,20.085172,noise,none,0.000000,6,119.794497,228.107903,0.360000,227.747903
1594,18.507781,19.662174,18.662174,20.662174,noise,buy_from_mm,20.662174,5,140.456671,232.995579,0.250000,232.745579
1595,18.023163,17.854658,16.854658,18.854658,informed,none,0.000000,5,140.456671,230.572488,0.250000,230.322488
1596,20.339840,19.543250,18.543250,20.543250,noise,none,0.000000,5,140.456671,242.155873,0.250000,241.905873
1597,19.339656,20.768976,19.768976,21.768976,noise,none,0.000000,5,140.456671,237.154954,0.250000,236.904954
1598,18.992113,19.612455,18.612455,20.612455,informed,none,0.000000,5,140.456671,235.417235,0.250000,235.167235
1599,19.053445,19.601171,18.601171,20.601171,noise,buy_from_mm,20.601171,4,161.057842,237.271621,0.160000,237.111621
1600,19.756509,20.869496,19.869496,21.869496,informed,sell_to_mm,19.869496,5,141.188347,239.970891,0.250000,239.720891
1601,20.368542,19.841450,18.841450,20.841450,informed,none,0.000000,5,141.188347,243.031056,0.250000,242.781056
1602,21.826440,21.686114,20.686114,22.686114,noise,none,0.000000,5,141.188347,250.320548,0.250000,250.070548
1603,22.816473,23.979323,22.979323,24.979323,informed,sell_to_mm,22.979323,6,118.209024,255.107860,0.360000,254.747860
1604,24.916588,24.633861,23.633861,25.633861,informed,none,0.000000,6,118.209024,267.708551,0.360000,267.348551
1605,23.335070,22.540938,21.540938,23.540938,informed,none,0.000000,6,118.209024,258.219446,0.360000,257.859446
1606,24.721108,25.485748,24.485748,26.485748,noise,none,0.000000,6,118.209024,266.535673,0.360000,266.175673
1607,24.635242,24.180917,23.180917,25.180917,noise,none,0.000000,6,118.209024,266.020473,0.360000,265.660473
1608,24.956238,25.508861,24.508861,26.508861,noise,sell_to_mm,24.508861,7,93.700163,268.393826,0.490000,267.903826
1609,23.997063,25.718999,24.718999,26.718999,informed,sell_to_mm,24.718999,8,68.981164,260.957669,0.640000,260.317669
1610,22.946010,23.877077,22.877077,24.877077,informed,none,0.000000,8,68.981164,252.549242,0.640000,251.909242
1611,21.570657,20.878682,19.878682,21.878682,noise,none,0.000000,8,68.981164,241.546416,0.640000,240.906416
1612,21.647723,22.520164,21.520164,23.520164,informed,none,0.000000,8,68.981164,242.162951,0.640000,241.522951
1613,21.012199,22.336431,21.336431,23.336431,informed,sell_to_mm,21.336431,9,47.644732,236.754522,0.810000,235.944522
1614,19.975272,20.440892,19.440892,21.440892,noise,none,0.000000,9,47.644732,227.422179,0.810000,226.612179
1615,21.787128,22.157480,21.157480,23.157480,noise,none,0.000000,9,47.644732,243.728886,0.810000,242.918886
1616,22.004187,22.737533,21.737533,23.737533,informed,none,0.000000,9,47.644732,245.682414,0.810000,244.872414
1617,22.212063,24.072331,23.072331,25.072331,noise,none,0.000000,9,47.644732,247.553301,0.810000,246.743301
1618,22.693247,20.925249,19.925249,21.925249,noise,none,0.000000,9,47.644732,251.883959,0.810000,251.073959
1619,22.955840,19.951046,18.951046,20.951046,noise,none,0.000000,9,47.644732,254.247293,0.810000,253.437293
1620,24.130622,23.605527,22.605527,24.605527,noise,sell_to_mm,22.605527,10,25.039205,266.345423,1.000000,265.345423
1621,22.898935,24.473545,23.473545,25.473545,noise,none,0.000000,10,25.039205,254.028554,1.000000,253.028554
1622,22.577074,22.569872,21.569872,23.569872,noise,none,0.000000,10,25.039205,250.809945,1.000000,249.809945
1623,23.340774,22.505537,21.505537,23.505537,noise,sell_to_mm,21.505537,11,3.533668,260.282183,1.210000,259.072183
1624,22.040208,22.570993,21.570993,23.570993,noise,buy_from_mm,23.570993,10,27.104661,247.506743,1.000000,246.506743
1625,20.316643,19.962179,18.962179,20.962179,noise,none,0.000000,10,27.104661,230.271094,1.000000,229.271094
1626,20.514888,19.280587,18.280587,20.280587,noise,buy_from_mm,20.280587,9,47.385247,232.019240,0.810000,231.209240
1627,20.308228,21.391179,20.391179,22.391179,informed,sell_to_mm,20.391179,10,26.994069,230.076354,1.000000,229.076354
1628,19.669260,19.699321,18.699321,20.699321,informed,none,0.000000,10,26.994069,223.686670,1.000000,222.686670
1629,18.713520,16.797428,15.797428,17.797428,informed,buy_from_mm,17.797428,9,44.791496,213.213179,0.810000,212.403179
1630,17.843662,18.467398,17.467398,19.467398,noise,none,0.000000,9,44.791496,205.384453,0.810000,204.574453
1631,17.964706,18.019737,17.019737,19.019737,noise,none,0.000000,9,44.791496,206.473853,0.810000,205.663853
1632,18.285964,17.492326,16.492326,18.492326,informed,none,0.000000,9,44.791496,209.365176,0.810000,208.555176
1633,18.222162,19.572909,18.572909,20.572909,noise,none,0.000000,9,44.791496,208.790952,0.810000,207.980952
1634,19.735533,19.327533,18.327533,20.327533,informed,none,0.000000,9,44.791496,222.411297,0.810000,221.601297
1635,19.052689,19.432175,18.432175,20.432175,noise,none,0.000000,9,44.791496,216.265696,0.810000,215.455696
1636,21.269466,20.541670,19.541670,21.541670,noise,sell_to_mm,19.541670,10,25.249827,237.944485,1.000000,236.944485
1637,19.910004,19.715957,18.715957,20.715957,noise,sell_to_mm,18.715957,11,6.533869,225.543918,1.210000,224.333918
1638,19.363181,18.026201,17.026201,19.026201,noise,none,0.000000,11,6.533869,219.528858,1.210000,218.318858
1639,19.222674,19.588632,18.588632,20.588632,informed,none,0.000000,11,6.533869,217.983284,1.210000,216.773284
1640,20.946788,19.081107,18.081107,20.081107,noise,none,0.000000,11,6.533869,236.948539,1.210000,235.738539
1641,22.988140,23.753905,22.753905,24.753905,informed,none,0.000000,11,6.533869,259.403413,1.210000,258.193413
1642,23.205089,23.619869,22.619869,24.619869,noise,buy_from_mm,24.619869,10,31.153738,263.204631,1.000000,262.204631
1643,22.770212,21.392709,20.392709,22.392709,informed,buy_from_mm,22.392709,9,53.546448,258.478359,0.810000,257.668359
1644,24.827401,25.004937,24.004937,26.004937,noise,none,0.000000,9,53.546448,276.993056,0.810000,276.183056
1645,23.363465,21.252842,20.252842,22.252842,informed,buy_from_mm,22.252842,8,75.799290,262.707012,0.640000,262.067012
1646,22.299849,23.000449,22.000449,24.000449,noise,buy_from_mm,24.000449,7,99.799739,255.898681,0.490000,255.408681
1647,21.940322,21.804211,20.804211,22.804211,informed,none,0.000000,7,99.799739,253.381996,0.490000,252.891996
1648,23.708337,22.895349,21.895349,23.895349,noise,none,0.000000,7,99.799739,265.758095,0.490000,265.268095
1649,24.288053,24.891350,23.891350,25.891350,noise,sell_to_mm,23.891350,8,75.908389,270.212812,0.640000,269.572812
1650,23.945092,23.929004,22.929004,24.929004,noise,none,0.000000,8,75.908389,267.469125,0.640000,266.829125
1651,24.238155,25.659886,24.659886,26.659886,noise,none,0.000000,8,75.908389,269.813632,0.640000,269.173632
1652,24.431620,23.970960,22.970960,24.970960,informed,none,0.000000,8,75.908389,271.361348,0.640000,270.721348
1653,24.427343,22.768294,21.768294,23.768294,informed,buy_from_mm,23.768294,7,99.676683,270.668082,0.490000,270.178082
1654,23.132069,23.861082,22.861082,24.861082,informed,none,0.000000,7,99.676683,261.601169,0.490000,261.111169
1655,24.003048,22.141775,21.141775,23.141775,noise,sell_to_mm,21.141775,8,78.534908,270.559294,0.640000,269.919294
1656,22.657737,22.278885,21.278885,23.278885,noise,sell_to_mm,21.278885,9,57.256023,261.175657,0.810000,260.365657
1657,23.431809,24.188420,23.188420,25.188420,informed,none,0.000000,9,57.256023,268.142301,0.810000,267.332301
1658,21.918989,22.443682,21.443682,23.443682,noise,sell_to_mm,21.443682,10,35.812342,255.002233,1.000000,254.002233
1659,20.929462,20.433430,19.433430,21.433430,noise,none,0.000000,10,35.812342,245.106960,1.000000,244.106960
1660,21.182388,21.433294,20.433294,22.433294,informed,none,0.000000,10,35.812342,247.636218,1.000000,246.636218
1661,20.486644,19.804850,18.804850,20.804850,noise,buy_from_mm,20.804850,9,56.617191,240.996992,0.810000,240.186992
1662,22.024080,22.765646,21.765646,23.765646,informed,none,0.000000,9,56.617191,254.833910,0.810000,254.023910
1663,22.144944,21.762159,20.762159,22.762159,noise,none,0.000000,9,56.617191,255.921690,0.810000,255.111690
1664,21.354849,21.522144,20.522144,22.522144,informed,none,0.000000,9,56.617191,248.810830,0.810000,248.000830
1665,20.907661,19.971613,18.971613,20.971613,informed,none,0.000000,9,56.617191,244.786144,0.810000,243.976144
1666,19.551889,17.991541,16.991541,18.991541,noise,none,0.000000,9,56.617191,232.584190,0.810000,231.774190
1667,18.474241,17.868393,16.868393,18.868393,noise,sell_to_mm,16.868393,10,39.748798,224.491205,1.000000,223.491205
1668,19.355883,19.016771,18.016771,20.016771,noise,none,0.000000,10,39.748798,233.307624,1.000000,232.307624
1669,20.283643,19.246127,18.246127,20.246127,informed,buy_from_mm,20.246127,9,59.994925,242.547708,0.810000,241.737708
1670,20.830400,20.689820,19.689820,21.689820,noise,none,0.000000,9,59.994925,247.468526,0.810000,246.658526
1671,19.305663,19.161112,18.161112,20.161112,informed,none,0.000000,9,59.994925,233.745888,0.810000,232.935888
1672,21.271432,21.684062,20.684062,22.684062,informed,none,0.000000,9,59.994925,251.437817,0.810000,250.627817
1673,23.970676,24.962548,23.962548,25.962548,noise,none,0.000000,9,59.994925,275.731010,0.810000,274.921010
1674,23.995188,24.149797,23.149797,25.149797,informed,none,0.000000,9,59.994925,275.951620,0.810000,275.141620
1675,23.860126,24.797616,23.797616,25.797616,informed,none,0.000000,9,59.994925,274.736058,0.810000,273.926058
1676,24.604736,24.885388,23.885388,25.885388,noise,none,0.000000,9,59.994925,281.437546,0.810000,280.627546
1677,25.015348,25.770809,24.770809,26.770809,noise,none,0.000000,9,59.994925,285.133061,0.810000,284.323061
1678,25.912353,23.517815,22.517815,24.517815,noise,none,0.000000,9,59.994925,293.206106,0.810000,292.396106
1679,25.042232,25.780525,24.780525,26.780525,informed,none,0.000000,9,59.994925,285.375015,0.810000,284.565015
1680,24.735850,23.798115,22.798115,24.798115,noise,none,0.000000,9,59.994925,282.617578,0.810000,281.807578
1681,23.041367,24.162851,23.162851,25.162851,informed,sell_to_mm,23.162851,10,36.832075,267.245744,1.000000,266.245744
1682,23.613857,23.282020,22.282020,24.282020,informed,none,0.000000,10,36.832075,272.970650,1.000000,271.970650
1683,22.917390,22.947424,21.947424,23.947424,noise,none,0.000000,10,36.832075,266.005974,1.000000,265.005974
1684,21.733063,20.681553,19.681553,21.681553,noise,none,0.000000,10,36.832075,254.162707,1.000000,253.162707
1685,23.052695,22.899863,21.899863,23.899863,informed,none,0.000000,10,36.832075,267.359025,1.000000,266.359025
1686,22.727987,22.123430,21.123430,23.123430,noise,none,0.000000,10,36.832075,264.111949,1.000000,263.111949
1687,20.743490,20.501251,19.501251,21.501251,noise,none,0.000000,10,36.832075,244.266975,1.000000,243.266975
1688,21.122009,22.206074,21.206074,23.206074,noise,none,0.000000,10,36.832075,248.052163,1.000000,247.052163
1689,21.653209,21.292305,20.292305,22.292305,informed,none,0.000000,10,36.832075,253.364163,1.000000,252.364163
1690,20.574472,21.707986,20.707986,22.707986,informed,sell_to_mm,20.707986,11,16.124089,242.443281,1.210000,241.233281
1691,19.763554,18.598551,17.598551,19.598551,informed,buy_from_mm,19.598551,10,35.722640,233.358185,1.000000,232.358185
1692,19.709625,20.166555,19.166555,21.166555,noise,none,0.000000,10,35.722640,232.818887,1.000000,231.818887
1693,18.758255,20.134670,19.134670,21.134670,informed,sell_to_mm,19.134670,11,16.587970,222.928776,1.210000,221.718776
1694,18.639418,16.449826,15.449826,17.449826,informed,buy_from_mm,17.449826,10,34.037795,220.431976,1.000000,219.431976
1695,19.862957,20.123370,19.123370,21.123370,informed,none,0.000000,10,34.037795,232.667368,1.000000,231.667368
1696,18.909878,19.469042,18.469042,20.469042,noise,buy_from_mm,20.469042,9,54.506837,224.695742,0.810000,223.885742
1697,19.523582,19.250428,18.250428,20.250428,noise,none,0.000000,9,54.506837,230.219073,0.810000,229.409073
1698,17.786862,18.697465,17.697465,19.697465,noise,none,0.000000,9,54.506837,214.588598,0.810000,213.778598
1699,15.810419,16.683495,15.683495,17.683495,informed,none,0.000000,9,54.506837,196.800612,0.810000,195.990612
1700,15.718215,15.337529,14.337529,16.337529,noise,none,0.000000,9,54.506837,195.970777,0.810000,195.160777
1701,17.130375,17.586478,16.586478,18.586478,informed,none,0.000000,9,54.506837,208.680211,0.810000,207.870211
1702,17.757904,18.219809,17.219809,19.219809,noise,none,0.000000,9,54.506837,214.327973,0.810000,213.517973
1703,17.629461,18.054095,17.054095,19.054095,informed,none,0.000000,9,54.506837,213.171990,0.810000,212.361990
1704,19.917385,20.252112,19.252112,21.252112,noise,sell_to_mm,19.252112,10,35.254726,234.428578,1.000000,233.428578
1705,20.899701,20.315246,19.315246,21.315246,noise,none,0.000000,10,35.254726,244.251738,1.000000,243.251738
1706,20.964492,21.826372,20.826372,22.826372,informed,none,0.000000,10,35.254726,244.899642,1.000000,243.899642
1707,21.001211,19.862686,18.862686,20.862686,noise,none,0.000000,10,35.254726,245.266834,1.000000,244.266834
1708,20.679305,20.694143,19.694143,21.694143,informed,none,0.000000,10,35.254726,242.047775,1.000000,241.047775
1709,19.601725,19.146073,18.146073,20.146073,noise,none,0.000000,10,35.254726,231.271977,1.000000,230.271977
1710,19.929820,19.590743,18.590743,20.590743,informed,none,0.000000,10,35.254726,234.552922,1.000000,233.552922
1711,20.870031,20.875829,19.875829,21.875829,noise,none,0.000000,10,35.254726,243.955037,1.000000,242.955037
1712,21.157140,20.706506,19.706506,21.706506,noise,sell_to_mm,19.706506,11,15.548220,248.276758,1.210000,247.066758
1713,21.141302,22.809651,21.809651,23.809651,noise,sell_to_mm,21.809651,12,-6.261431,247.434196,1.440000,245.994196
1714,21.169433,21.169576,20.169576,22.169576,informed,none,0.000000,12,-6.261431,247.771763,1.440000,246.331763
1715,22.011989,22.964374,21.964374,23.964374,noise,buy_from_mm,23.964374,11,17.702942,259.834820,1.210000,258.624820
1716,20.896475,20.937471,19.937471,21.937471,noise,none,0.000000,11,17.702942,247.564165,1.210000,246.354165
1717,21.062106,21.147198,20.147198,22.147198,informed,none,0.000000,11,17.702942,249.386112,1.210000,248.176112
1718,20.992231,21.202797,20.202797,22.202797,noise,none,0.000000,11,17.702942,248.617482,1.210000,247.407482
1719,19.017218,19.707584,18.707584,20.707584,informed,none,0.000000,11,17.702942,226.892342,1.210000,225.682342
1720,19.365602,19.489198,18.489198,20.489198,informed,none,0.000000,11,17.702942,230.724565,1.210000,229.514565
1721,18.477039,17.248569,16.248569,18.248569,informed,buy_from_mm,18.248569,10,35.951511,220.721898,1.000000,219.721898
1722,16.057430,16.246702,15.246702,17.246702,noise,buy_from_mm,17.246702,9,53.198212,197.715079,0.810000,196.905079
1723,16.462977,16.012962,15.012962,17.012962,informed,none,0.000000,9,53.198212,201.365007,0.810000,200.555007
1724,16.521191,17.997118,16.997118,18.997118,informed,sell_to_mm,16.997118,10,36.201094,201.413002,1.000000,200.413002
1725,15.788101,15.972476,14.972476,16.972476,informed,none,0.000000,10,36.201094,194.082105,1.000000,193.082105
1726,14.951921,15.279294,14.279294,16.279294,informed,none,0.000000,10,36.201094,185.720301,1.000000,184.720301
1727,15.348570,15.434574,14.434574,16.434574,noise,none,0.000000,10,36.201094,189.686792,1.000000,188.686792
1728,14.478623,13.934697,12.934697,14.934697,informed,none,0.000000,10,36.201094,180.987327,1.000000,179.987327
1729,12.928898,12.434048,11.434048,13.434048,noise,sell_to_mm,11.434048,11,24.767046,166.984927,1.210000,165.774927
1730,13.230275,13.240394,12.240394,14.240394,noise,buy_from_mm,14.240394,10,39.007441,171.310188,1.000000,170.310188
1731,12.050148,10.899557,9.899557,11.899557,noise,buy_from_mm,11.899557,9,50.906998,159.358329,0.810000,158.548329
1732,12.102864,12.563124,11.563124,13.563124,noise,none,0.000000,9,50.906998,159.832775,0.810000,159.022775
1733,11.801534,11.484015,10.484015,12.484015,noise,none,0.000000,9,50.906998,157.120808,0.810000,156.310808
1734,12.438431,12.592407,11.592407,13.592407,informed,none,0.000000,9,50.906998,162.852873,0.810000,162.042873
1735,12.124219,13.917630,12.917630,14.917630,informed,sell_to_mm,12.917630,10,37.989368,159.231561,1.000000,158.231561
1736,10.877391,11.509375,10.509375,12.509375,noise,buy_from_mm,12.509375,9,50.498743,148.395266,0.810000,147.585266
1737,10.906923,10.501744,9.501744,11.501744,noise,none,0.000000,9,50.498743,148.661047,0.810000,147.851047
1738,10.777132,10.012935,9.012935,11.012935,noise,none,0.000000,9,50.498743,147.492934,0.810000,146.682934
1739,8.351075,8.229478,7.229478,9.229478,informed,none,0.000000,9,50.498743,125.658420,0.810000,124.848420
1740,6.494199,7.216448,6.216448,8.216448,informed,none,0.000000,9,50.498743,108.946532,0.810000,108.136532
1741,7.487948,7.495053,6.495053,8.495053,informed,none,0.000000,9,50.498743,117.890278,0.810000,117.080278
1742,7.228640,7.237531,6.237531,8.237531,noise,buy_from_mm,8.237531,8,58.736274,116.565394,0.640000,115.925394
1743,5.781366,6.205527,5.205527,7.205527,informed,none,0.000000,8,58.736274,104.987205,0.640000,104.347205
1744,7.642852,6.831488,5.831488,7.831488,informed,none,0.000000,8,58.736274,119.879090,0.640000,119.239090
1745,7.497184,6.367985,5.367985,7.367985,noise,none,0.000000,8,58.736274,118.713742,0.640000,118.073742
1746,9.654346,10.033874,9.033874,11.033874,noise,none,0.000000,8,58.736274,135.971038,0.640000,135.331038
1747,11.105629,11.444453,10.444453,12.444453,noise,sell_to_mm,10.444453,9,48.291820,148.242485,0.810000,147.432485
1748,10.834406,8.041284,7.041284,9.041284,informed,buy_from_mm,9.041284,8,57.333104,144.008352,0.640000,143.368352
1749,9.561234,6.745669,5.745669,7.745669,noise,none,0.000000,8,57.333104,133.822976,0.640000,133.182976
1750,9.806483,8.901914,7.901914,9.901914,noise,buy_from_mm,9.901914,7,67.235019,135.880399,0.490000,135.390399
1751,10.603287,10.918053,9.918053,11.918053,noise,none,0.000000,7,67.235019,141.458030,0.490000,140.968030
1752,11.731943,11.762627,10.762627,12.762627,noise,none,0.000000,7,67.235019,149.358620,0.490000,148.868620
1753,14.114329,13.232486,12.232486,14.232486,noise,none,0.000000,7,67.235019,166.035322,0.490000,165.545322
1754,15.174121,16.761726,15.761726,17.761726,informed,sell_to_mm,15.761726,8,51.473292,172.866259,0.640000,172.226259
1755,14.807459,14.390613,13.390613,15.390613,noise,none,0.000000,8,51.473292,169.932968,0.640000,169.292968
1756,14.774403,14.965359,13.965359,15.965359,noise,none,0.000000,8,51.473292,169.668515,0.640000,169.028515
1757,15.558659,15.436137,14.436137,16.436137,noise,none,0.000000,8,51.473292,175.942567,0.640000,175.302567
1758,15.986116,16.384109,15.384109,17.384109,informed,none,0.000000,8,51.473292,179.362220,0.640000,178.722220
1759,14.834410,14.872458,13.872458,15.872458,informed,none,0.000000,8,51.473292,170.148576,0.640000,169.508576
1760,14.430063,13.909653,12.909653,14.909653,noise,sell_to_mm,12.909653,9,38.563639,168.434210,0.810000,167.624210
1761,14.506685,12.609183,11.609183,13.609183,informed,buy_from_mm,13.609183,8,52.172822,168.226303,0.640000,167.586303
1762,13.313163,14.194599,13.194599,15.194599,noise,buy_from_mm,15.194599,7,67.367421,160.559560,0.490000,160.069560
1763,14.883647,13.891459,12.891459,14.891459,noise,none,0.000000,7,67.367421,171.552949,0.490000,171.062949
1764,14.298781,12.673558,11.673558,13.673558,informed,buy_from_mm,13.673558,6,81.040978,166.833662,0.360000,166.473662
1765,15.094635,17.525961,16.525961,18.525961,noise,none,0.000000,6,81.040978,171.608786,0.360000,171.248786
1766,15.854802,16.185543,15.185543,17.185543,noise,none,0.000000,6,81.040978,176.169792,0.360000,175.809792
1767,17.156384,16.347495,15.347495,17.347495,noise,sell_to_mm,15.347495,7,65.693483,185.788174,0.490000,185.298174
1768,16.761621,16.907467,15.907467,17.907467,noise,none,0.000000,7,65.693483,183.024827,0.490000,182.534827
1769,15.243468,14.353627,13.353627,15.353627,noise,none,0.000000,7,65.693483,172.397760,0.490000,171.907760
1770,16.190590,16.975100,15.975100,17.975100,noise,none,0.000000,7,65.693483,179.027615,0.490000,178.537615
1771,14.811163,16.364729,15.364729,17.364729,noise,sell_to_mm,15.364729,8,50.328754,168.818058,0.640000,168.178058
1772,14.570083,15.563294,14.563294,16.563294,informed,none,0.000000,8,50.328754,166.889420,0.640000,166.249420
1773,15.923234,14.309900,13.309900,15.309900,informed,buy_from_mm,15.309900,7,65.638654,177.101295,0.490000,176.611295
1774,15.659706,15.474931,14.474931,16.474931,informed,none,0.000000,7,65.638654,175.256598,0.490000,174.766598
1775,15.490131,14.629322,13.629322,15.629322,informed,none,0.000000,7,65.638654,174.069572,0.490000,173.579572
1776,16.553074,17.117745,16.117745,18.117745,informed,none,0.000000,7,65.638654,181.510173,0.490000,181.020173
1777,16.910984,18.171097,17.171097,19.171097,noise,buy_from_mm,19.171097,6,84.809752,186.275655,0.360000,185.915655
1778,15.320008,15.328017,14.328017,16.328017,noise,none,0.000000,6,84.809752,176.729798,0.360000,176.369798
1779,14.711918,15.887531,14.887531,16.887531,noise,buy_from_mm,16.887531,5,101.697282,175.256874,0.250000,175.006874
1780,13.070615,12.955643,11.955643,13.955643,noise,sell_to_mm,11.955643,6,89.741639,168.165330,0.360000,167.805330
1781,12.462261,14.348839,13.348839,15.348839,noise,none,0.000000,6,89.741639,164.515204,0.360000,164.155204
1782,12.869487,12.891313,11.891313,13.891313,informed,none,0.000000,6,89.741639,166.958559,0.360000,166.598559
1783,13.390202,14.790887,13.790887,15.790887,noise,none,0.000000,6,89.741639,170.082852,0.360000,169.722852
1784,13.013786,13.984042,12.984042,14.984042,noise,none,0.000000,6,89.741639,167.824355,0.360000,167.464355
1785,13.727543,13.752534,12.752534,14.752534,noise,none,0.000000,6,89.741639,172.106898,0.360000,171.746898
1786,14.482203,13.959450,12.959450,14.959450,informed,none,0.000000,6,89.741639,176.634859,0.360000,176.274859
1787,13.918088,12.577149,11.577149,13.577149,noise,none,0.000000,6,89.741639,173.250170,0.360000,172.890170
1788,13.612477,13.999839,12.999839,14.999839,noise,sell_to_mm,12.999839,7,76.741800,172.029136,0.490000,171.539136
1789,13.810916,14.646211,13.646211,15.646211,noise,none,0.000000,7,76.741800,173.418215,0.490000,172.928215
1790,12.327927,12.338105,11.338105,13.338105,informed,none,0.000000,7,76.741800,163.037291,0.490000,162.547291
1791,11.758167,12.938637,11.938637,13.938637,informed,sell_to_mm,11.938637,8,64.803163,158.868501,0.640000,158.228501
1792,11.477683,13.023244,12.023244,14.023244,noise,none,0.000000,8,64.803163,156.624630,0.640000,155.984630
1793,11.985617,12.390870,11.390870,13.390870,informed,none,0.000000,8,64.803163,160.688100,0.640000,160.048100
1794,13.130961,13.314121,12.314121,14.314121,noise,none,0.000000,8,64.803163,169.850852,0.640000,169.210852
1795,13.719248,15.980498,14.980498,16.980498,informed,sell_to_mm,14.980498,9,49.822666,173.295902,0.810000,172.485902
1796,14.238529,14.225016,13.225016,15.225016,informed,none,0.000000,9,49.822666,177.969428,0.810000,177.159428
1797,15.541626,16.361853,15.361853,17.361853,noise,buy_from_mm,17.361853,8,67.184519,191.517528,0.640000,190.877528
1798,16.526458,15.335515,14.335515,16.335515,noise,none,0.000000,8,67.184519,199.396183,0.640000,198.756183
1799,16.250876,14.135508,13.135508,15.135508,informed,buy_from_mm,15.135508,7,82.320027,196.076161,0.490000,195.586161
1800,14.066770,14.577135,13.577135,15.577135,noise,buy_from_mm,15.577135,6,97.897161,182.297781,0.360000,181.937781
1801,13.941127,15.336766,14.336766,16.336766,informed,sell_to_mm,14.336766,7,83.560395,181.148286,0.490000,180.658286
1802,15.658202,16.004753,15.004753,17.004753,informed,none,0.000000,7,83.560395,193.167811,0.490000,192.677811
1803,17.388988,18.662174,17.662174,19.662174,noise,none,0.000000,7,83.560395,205.283308,0.490000,204.793308
1804,18.181921,17.749347,16.749347,18.749347,noise,none,0.000000,7,83.560395,210.833841,0.490000,210.343841
1805,19.540945,18.872593,17.872593,19.872593,noise,none,0.000000,7,83.560395,220.347013,0.490000,219.857013
1806,19.125101,18.716149,17.716149,19.716149,noise,none,0.000000,7,83.560395,217.436105,0.490000,216.946105
1807,20.532425,20.160979,19.160979,21.160979,noise,none,0.000000,7,83.560395,227.287371,0.490000,226.797371
1808,20.301744,21.551547,20.551547,22.551547,noise,none,0.000000,7,83.560395,225.672600,0.490000,225.182600
1809,20.746647,21.505492,20.505492,22.505492,noise,none,0.000000,7,83.560395,228.786924,0.490000,228.296924
1810,20.286821,20.540804,19.540804,21.540804,informed,none,0.000000,7,83.560395,225.568139,0.490000,225.078139
1811,19.391221,18.988937,17.988937,19.988937,noise,none,0.000000,7,83.560395,219.298942,0.490000,218.808942
1812,18.868560,19.396133,18.396133,20.396133,informed,none,0.000000,7,83.560395,215.640319,0.490000,215.150319
1813,22.086077,20.169090,19.169090,21.169090,noise,sell_to_mm,19.169090,8,64.391305,241.079921,0.640000,240.439921
1814,22.824697,23.400960,22.400960,24.400960,informed,none,0.000000,8,64.391305,246.988884,0.640000,246.348884
1815,23.657854,22.240396,21.240396,23.240396,noise,none,0.000000,8,64.391305,253.654137,0.640000,253.014137
1816,22.542705,20.685793,19.685793,21.685793,informed,buy_from_mm,21.685793,7,86.077098,243.876035,0.490000,243.386035
1817,24.575856,23.932401,22.932401,24.932401,noise,none,0.000000,7,86.077098,258.108088,0.490000,257.618088
1818,25.599976,26.040503,25.040503,27.040503,noise,none,0.000000,7,86.077098,265.276932,0.490000,264.786932
1819,26.943796,25.624558,24.624558,26.624558,noise,none,0.000000,7,86.077098,274.683667,0.490000,274.193667
1820,25.292458,26.113738,25.113738,27.113738,noise,sell_to_mm,25.113738,8,60.963360,263.303026,0.640000,262.663026
1821,25.196620,26.030296,25.030296,27.030296,noise,none,0.000000,8,60.963360,262.536321,0.640000,261.896321
1822,25.601768,27.063936,26.063936,28.063936,noise,none,0.000000,8,60.963360,265.777506,0.640000,265.137506
1823,24.905839,24.533272,23.533272,25.533272,informed,none,0.000000,8,60.963360,260.210072,0.640000,259.570072
1824,24.648575,25.713766,24.713766,26.713766,noise,none,0.000000,8,60.963360,258.151964,0.640000,257.511964
1825,22.689306,22.642629,21.642629,23.642629,informed,none,0.000000,8,60.963360,242.477809,0.640000,241.837809
1826,20.991751,18.249600,17.249600,19.249600,noise,none,0.000000,8,60.963360,228.897367,0.640000,228.257367
1827,22.456568,23.647171,22.647171,24.647171,noise,none,0.000000,8,60.963360,240.615906,0.640000,239.975906
1828,22.942616,22.333375,21.333375,23.333375,informed,none,0.000000,8,60.963360,244.504289,0.640000,243.864289
1829,21.022383,20.441456,19.441456,21.441456,noise,none,0.000000,8,60.963360,229.142424,0.640000,228.502424
1830,21.855831,23.480380,22.480380,24.480380,noise,sell_to_mm,22.480380,9,38.482980,235.185459,0.810000,234.375459
1831,22.576730,21.332577,20.332577,22.332577,informed,buy_from_mm,22.332577,8,60.815557,241.429396,0.640000,240.789396
1832,22.020674,20.992139,19.992139,21.992139,noise,none,0.000000,8,60.815557,236.980949,0.640000,236.340949
1833,20.889158,20.791840,19.791840,21.791840,noise,none,0.000000,8,60.815557,227.928822,0.640000,227.288822
1834,20.853382,21.295355,20.295355,22.295355,noise,none,0.000000,8,60.815557,227.642610,0.640000,227.002610
1835,20.763851,21.339109,20.339109,22.339109,informed,none,0.000000,8,60.815557,226.926363,0.640000,226.286363
1836,20.911015,21.872687,20.872687,22.872687,noise,none,0.000000,8,60.815557,228.103680,0.640000,227.463680
1837,20.929938,19.254215,18.254215,20.254215,informed,buy_from_mm,20.254215,7,81.069773,227.579339,0.490000,227.089339
1838,19.737292,19.561039,18.561039,20.561039,informed,none,0.000000,7,81.069773,219.230816,0.490000,218.740816
1839,20.015801,20.176775,19.176775,21.176775,informed,none,0.000000,7,81.069773,221.180379,0.490000,220.690379
1840,19.955148,19.664591,18.664591,20.664591,noise,none,0.000000,7,81.069773,220.755809,0.490000,220.265809
1841,19.191635,18.017601,17.017601,19.017601,informed,buy_from_mm,19.017601,6,100.087374,215.237185,0.360000,214.877185
1842,18.526966,19.153386,18.153386,20.153386,noise,none,0.000000,6,100.087374,211.249171,0.360000,210.889171
1843,17.994293,15.132416,14.132416,16.132416,noise,none,0.000000,6,100.087374,208.053132,0.360000,207.693132
1844,18.554576,17.568848,16.568848,18.568848,noise,none,0.000000,6,100.087374,211.414831,0.360000,211.054831
1845,20.663207,19.152646,18.152646,20.152646,noise,sell_to_mm,18.152646,7,81.934728,226.577177,0.490000,226.087177
1846,21.202585,20.902654,19.902654,21.902654,noise,none,0.000000,7,81.934728,230.352826,0.490000,229.862826
1847,22.153826,21.774305,20.774305,22.774305,noise,none,0.000000,7,81.934728,237.011511,0.490000,236.521511
1848,22.850453,24.359103,23.359103,25.359103,noise,none,0.000000,7,81.934728,241.887900,0.490000,241.397900
1849,23.066517,23.585953,22.585953,24.585953,informed,none,0.000000,7,81.934728,243.400349,0.490000,242.910349
1850,23.235688,22.406776,21.406776,23.406776,noise,none,0.000000,7,81.934728,244.584542,0.490000,244.094542
1851,24.264613,26.787607,25.787607,27.787607,noise,sell_to_mm,25.787607,8,56.147121,250.264024,0.640000,249.624024
1852,23.230693,24.559834,23.559834,25.559834,noise,buy_from_mm,25.559834,7,81.706955,244.321808,0.490000,243.831808
1853,23.725637,22.272566,21.272566,23.272566,noise,sell_to_mm,21.272566,8,60.434389,250.239488,0.640000,249.599488
1854,25.045273,23.870387,22.870387,24.870387,informed,buy_from_mm,24.870387,7,85.304776,260.621684,0.490000,260.131684
1855,24.299791,24.562014,23.562014,25.562014,noise,none,0.000000,7,85.304776,255.403316,0.490000,254.913316
1856,26.201166,25.402503,24.402503,26.402503,noise,none,0.000000,7,85.304776,268.712937,0.490000,268.222937
1857,24.195323,24.366145,23.366145,25.366145,noise,none,0.000000,7,85.304776,254.672037,0.490000,254.182037
1858,27.271110,26.975832,25.975832,27.975832,informed,none,0.000000,7,85.304776,276.202544,0.490000,275.712544
1859,27.472424,26.797175,25.797175,27.797175,informed,none,0.000000,7,85.304776,277.611744,0.490000,277.121744
1860,28.596803,28.538459,27.538459,29.538459,noise,none,0.000000,7,85.304776,285.482397,0.490000,284.992397
1861,28.520769,28.821154,27.821154,29.821154,noise,none,0.000000,7,85.304776,284.950156,0.490000,284.460156
1862,28.151893,27.882788,26.882788,28.882788,informed,none,0.000000,7,85.304776,282.368027,0.490000,281.878027
1863,27.786131,28.648515,27.648515,29.648515,informed,none,0.000000,7,85.304776,279.807694,0.490000,279.317694
1864,28.177219,28.115603,27.115603,29.115603,informed,none,0.000000,7,85.304776,282.545313,0.490000,282.055313
1865,28.390125,29.188353,28.188353,30.188353,noise,none,0.000000,7,85.304776,284.035652,0.490000,283.545652
1866,28.447036,30.349297,29.349297,31.349297,noise,buy_from_mm,31.349297,6,116.654073,287.336292,0.360000,286.976292
1867,27.307299,27.019826,26.019826,28.019826,informed,none,0.000000,6,116.654073,280.497867,0.360000,280.137867
1868,28.213035,29.141565,28.141565,30.141565,noise,none,0.000000,6,116.654073,285.932281,0.360000,285.572281
1869,28.353758,28.692485,27.692485,29.692485,noise,sell_to_mm,27.692485,7,88.961589,287.437895,0.490000,286.947895
1870,28.566719,29.613839,28.613839,30.613839,informed,sell_to_mm,28.613839,8,60.347750,288.881502,0.640000,288.241502
1871,29.551772,29.900424,28.900424,30.900424,informed,none,0.000000,8,60.347750,296.761928,0.640000,296.121928
1872,30.543236,30.870062,29.870062,31.870062,informed,none,0.000000,8,60.347750,304.693638,0.640000,304.053638
1873,28.599440,28.919231,27.919231,29.919231,noise,none,0.000000,8,60.347750,289.143272,0.640000,288.503272
1874,29.127289,28.904516,27.904516,29.904516,informed,none,0.000000,8,60.347750,293.366065,0.640000,292.726065
1875,28.488878,28.986883,27.986883,29.986883,noise,none,0.000000,8,60.347750,288.258773,0.640000,287.618773
1876,29.115264,27.803911,26.803911,28.803911,noise,none,0.000000,8,60.347750,293.269862,0.640000,292.629862
1877,31.107699,29.386198,28.386198,30.386198,informed,buy_from_mm,30.386198,7,90.733947,308.487842,0.490000,307.997842
1878,31.852395,31.141510,30.141510,32.141510,informed,none,0.000000,7,90.733947,313.700716,0.490000,313.210716
1879,30.345316,30.590845,29.590845,31.590845,informed,none,0.000000,7,90.733947,303.151160,0.490000,302.661160
1880,29.925923,31.695439,30.695439,32.695439,informed,sell_to_mm,30.695439,8,60.038508,299.445895,0.640000,298.805895
1881,29.223460,28.639393,27.639393,29.639393,noise,buy_from_mm,29.639393,7,89.677901,294.242124,0.490000,293.752124
1882,28.159088,28.488897,27.488897,29.488897,noise,buy_from_mm,29.488897,6,119.166798,288.121323,0.360000,287.761323
1883,26.872343,26.799856,25.799856,27.799856,informed,none,0.000000,6,119.166798,280.400857,0.360000,280.040857
1884,26.928922,27.307723,26.307723,28.307723,informed,none,0.000000,6,119.166798,280.740328,0.360000,280.380328
1885,28.432436,27.988851,26.988851,28.988851,noise,buy_from_mm,28.988851,5,148.155648,290.317829,0.250000,290.067829
1886,30.236568,31.643129,30.643129,32.643129,informed,sell_to_mm,30.643129,6,117.512519,298.931925,0.360000,298.571925
1887,29.766943,29.304056,28.304056,30.304056,noise,none,0.000000,6,117.512519,296.114180,0.360000,295.754180
1888,29.080706,27.747438,26.747438,28.747438,noise,none,0.000000,6,117.512519,291.996753,0.360000,291.636753
1889,29.218369,29.848394,28.848394,30.848394,noise,none,0.000000,6,117.512519,292.822731,0.360000,292.462731
1890,28.273778,28.841514,27.841514,29.841514,noise,sell_to_mm,27.841514,7,89.671005,287.587448,0.490000,287.097448
1891,29.080434,31.612964,30.612964,32.612964,noise,sell_to_mm,30.612964,8,59.058040,291.701510,0.640000,291.061510
1892,28.012066,27.708050,26.708050,28.708050,noise,sell_to_mm,26.708050,9,32.349990,284.458580,0.810000,283.648580
1893,26.969052,26.554023,25.554023,27.554023,informed,none,0.000000,9,32.349990,275.071463,0.810000,274.261463
1894,27.301166,25.879539,24.879539,26.879539,noise,sell_to_mm,24.879539,10,7.470451,280.482110,1.000000,279.482110
1895,28.513619,27.221777,26.221777,28.221777,informed,buy_from_mm,28.221777,9,35.692229,292.314802,0.810000,291.504802
1896,27.893657,29.607486,28.607486,30.607486,informed,sell_to_mm,28.607486,10,7.084743,286.021314,1.000000,285.021314
1897,27.692463,27.830772,26.830772,28.830772,noise,none,0.000000,10,7.084743,284.009369,1.000000,283.009369
1898,28.583817,28.509958,27.509958,29.509958,informed,none,0.000000,10,7.084743,292.922914,1.000000,291.922914
1899,27.548809,24.431996,23.431996,25.431996,noise,none,0.000000,10,7.084743,282.572830,1.000000,281.572830
1900,26.296478,26.818564,25.818564,27.818564,informed,none,0.000000,10,7.084743,270.049523,1.000000,269.049523
1901,26.409427,27.345324,26.345324,28.345324,noise,none,0.000000,10,7.084743,271.179018,1.000000,270.179018
1902,27.014655,26.229306,25.229306,27.229306,informed,none,0.000000,10,7.084743,277.231289,1.000000,276.231289
1903,26.072227,25.057691,24.057691,26.057691,noise,buy_from_mm,26.057691,9,33.142435,267.792477,0.810000,266.982477
1904,27.062222,27.782837,26.782837,28.782837,noise,buy_from_mm,28.782837,8,61.925271,278.423049,0.640000,277.783049
1905,25.246009,26.514636,25.514636,27.514636,noise,none,0.000000,8,61.925271,263.893341,0.640000,263.253341
1906,23.691489,22.114604,21.114604,23.114604,noise,none,0.000000,8,61.925271,251.457186,0.640000,250.817186
1907,23.971694,25.326567,24.326567,26.326567,informed,sell_to_mm,24.326567,9,37.598704,253.343954,0.810000,252.533954
1908,22.946449,21.568062,20.568062,22.568062,informed,buy_from_mm,22.568062,8,60.166767,243.738362,0.640000,243.098362
1909,23.327640,26.110984,25.110984,27.110984,noise,sell_to_mm,25.110984,9,35.055783,245.004543,0.810000,244.194543
1910,21.583485,22.180582,21.180582,23.180582,noise,none,0.000000,9,35.055783,229.307151,0.810000,228.497151
1911,21.572247,21.117919,20.117919,22.117919,informed,none,0.000000,9,35.055783,229.206009,0.810000,228.396009
1912,21.170540,22.436905,21.436905,23.436905,noise,none,0.000000,9,35.055783,225.590639,0.810000,224.780639
1913,21.235165,20.985081,19.985081,21.985081,noise,none,0.000000,9,35.055783,226.172269,0.810000,225.362269
1914,24.643068,26.559617,25.559617,27.559617,informed,sell_to_mm,25.559617,10,9.496166,255.926847,1.000000,254.926847
1915,25.638743,25.151847,24.151847,26.151847,informed,none,0.000000,10,9.496166,265.883596,1.000000,264.883596
1916,27.255935,27.366701,26.366701,28.366701,informed,none,0.000000,10,9.496166,282.055518,1.000000,281.055518
1917,28.050698,27.327712,26.327712,28.327712,informed,none,0.000000,10,9.496166,290.003150,1.000000,289.003150
1918,27.596576,28.002879,27.002879,29.002879,noise,none,0.000000,10,9.496166,285.461927,1.000000,284.461927
1919,25.395840,25.918245,24.918245,26.918245,informed,none,0.000000,10,9.496166,263.454566,1.000000,262.454566
1920,25.665186,23.529769,22.529769,24.529769,informed,buy_from_mm,24.529769,9,34.025935,265.012608,0.810000,264.202608
1921,26.033869,26.784506,25.784506,27.784506,noise,none,0.000000,9,34.025935,268.330756,0.810000,267.520756
1922,27.026734,27.241083,26.241083,28.241083,noise,none,0.000000,9,34.025935,277.266541,0.810000,276.456541
1923,27.843995,26.650163,25.650163,27.650163,noise,none,0.000000,9,34.025935,284.621894,0.810000,283.811894
1924,29.676672,29.958468,28.958468,30.958468,noise,none,0.000000,9,34.025935,301.115983,0.810000,300.305983
1925,30.793175,29.834053,28.834053,30.834053,noise,none,0.000000,9,34.025935,311.164508,0.810000,310.354508
1926,32.000828,32.590706,31.590706,33.590706,noise,buy_from_mm,33.590706,8,67.616640,323.623267,0.640000,322.983267
1927,33.673625,32.085214,31.085214,33.085214,informed,buy_from_mm,33.085214,7,100.701854,336.417230,0.490000,335.927230
1928,33.417926,33.571946,32.571946,34.571946,informed,none,0.000000,7,100.701854,334.627334,0.490000,334.137334
1929,31.539551,31.885284,30.885284,32.885284,noise,none,0.000000,7,100.701854,321.478710,0.490000,320.988710
1930,31.085205,31.674376,30.674376,32.674376,informed,none,0.000000,7,100.701854,318.298288,0.490000,317.808288
1931,30.741787,30.693240,29.693240,31.693240,informed,none,0.000000,7,100.701854,315.894359,0.490000,315.404359
1932,30.965000,30.446359,29.446359,31.446359,noise,none,0.000000,7,100.701854,317.456856,0.490000,316.966856
1933,31.030447,30.886969,29.886969,31.886969,noise,none,0.000000,7,100.701854,317.914982,0.490000,317.424982
1934,31.726184,30.592366,29.592366,31.592366,informed,buy_from_mm,31.592366,6,132.294220,322.651324,0.360000,322.291324
1935,32.561097,31.740400,30.740400,32.740400,informed,none,0.000000,6,132.294220,327.660804,0.360000,327.300804
1936,31.891413,33.282369,32.282369,34.282369,noise,sell_to_mm,32.282369,7,100.011851,323.251745,0.490000,322.761745
1937,32.196208,31.763201,30.763201,32.763201,noise,sell_to_mm,30.763201,8,69.248650,326.818314,0.640000,326.178314
1938,31.583919,31.965907,30.965907,32.965907,noise,sell_to_mm,30.965907,9,38.282743,322.538014,0.810000,321.728014
1939,32.577046,32.081203,31.081203,33.081203,noise,buy_from_mm,33.081203,8,71.363946,331.980312,0.640000,331.340312
1940,33.781820,34.685877,33.685877,35.685877,informed,none,0.000000,8,71.363946,341.618504,0.640000,340.978504
1941,33.252001,32.689429,31.689429,33.689429,informed,none,0.000000,8,71.363946,337.379957,0.640000,336.739957
1942,31.864965,29.365538,28.365538,30.365538,informed,buy_from_mm,30.365538,7,101.729484,324.784242,0.490000,324.294242
1943,32.255950,32.575149,31.575149,33.575149,noise,none,0.000000,7,101.729484,327.521137,0.490000,327.031137
1944,32.503723,33.857497,32.857497,34.857497,noise,none,0.000000,7,101.729484,329.255546,0.490000,328.765546
1945,33.214173,33.163676,32.163676,34.163676,noise,none,0.000000,7,101.729484,334.228694,0.490000,333.738694
1946,32.692600,33.095842,32.095842,34.095842,noise,buy_from_mm,34.095842,6,135.825327,331.980927,0.360000,331.620927
1947,31.885310,32.502189,31.502189,33.502189,noise,none,0.000000,6,135.825327,327.137185,0.360000,326.777185
1948,32.571827,33.634278,32.634278,34.634278,noise,none,0.000000,6,135.825327,331.256288,0.360000,330.896288
1949,33.416724,33.769862,32.769862,34.769862,noise,sell_to_mm,32.769862,7,103.055465,336.972536,0.490000,336.482536
1950,33.706179,33.329807,32.329807,34.329807,noise,none,0.000000,7,103.055465,338.998718,0.490000,338.508718
1951,32.912465,34.371311,33.371311,35.371311,informed,sell_to_mm,33.371311,8,69.684154,332.983875,0.640000,332.343875
1952,33.394775,31.395799,30.395799,32.395799,noise,none,0.000000,8,69.684154,336.842355,0.640000,336.202355
1953,34.775841,36.401829,35.401829,37.401829,noise,none,0.000000,8,69.684154,347.890879,0.640000,347.250879
1954,35.323209,35.241775,34.241775,36.241775,informed,none,0.000000,8,69.684154,352.269824,0.640000,351.629824
1955,34.806069,35.107591,34.107591,36.107591,informed,none,0.000000,8,69.684154,348.132705,0.640000,347.492705
1956,35.196139,33.803417,32.803417,34.803417,noise,none,0.000000,8,69.684154,351.253267,0.640000,350.613267
1957,33.751384,34.035894,33.035894,35.035894,informed,none,0.000000,8,69.684154,339.695228,0.640000,339.055228
1958,33.449936,34.818668,33.818668,35.818668,noise,sell_to_mm,33.818668,9,35.865486,336.914914,0.810000,336.104914
1959,35.307899,35.368342,34.368342,36.368342,informed,none,0.000000,9,35.865486,353.636580,0.810000,352.826580
1960,33.754591,33.264494,32.264494,34.264494,informed,none,0.000000,9,35.865486,339.656804,0.810000,338.846804
1961,33.934333,33.644747,32.644747,34.644747,informed,none,0.000000,9,35.865486,341.274481,0.810000,340.464481
1962,32.371678,32.906476,31.906476,33.906476,informed,none,0.000000,9,35.865486,327.210592,0.810000,326.400592
1963,33.518602,31.660187,30.660187,32.660187,noise,none,0.000000,9,35.865486,337.532900,0.810000,336.722900
1964,32.471273,32.864462,31.864462,33.864462,noise,sell_to_mm,31.864462,10,4.001024,328.713752,1.000000,327.713752
1965,32.844918,32.706098,31.706098,33.706098,informed,none,0.000000,10,4.001024,332.450204,1.000000,331.450204
1966,34.610610,33.810374,32.810374,34.810374,informed,none,0.000000,10,4.001024,350.107126,1.000000,349.107126
1967,33.124900,31.634831,30.634831,32.634831,informed,buy_from_mm,32.634831,9,36.635855,334.759951,0.810000,333.949951
1968,34.131589,34.385288,33.385288,35.385288,noise,none,0.000000,9,36.635855,343.820158,0.810000,343.010158
1969,32.627182,30.632579,29.632579,31.632579,informed,buy_from_mm,31.632579,8,68.268435,329.285891,0.640000,328.645891
1970,33.363463,33.308281,32.308281,34.308281,noise,none,0.000000,8,68.268435,335.176139,0.640000,334.536139
1971,33.468580,33.669736,32.669736,34.669736,noise,buy_from_mm,34.669736,7,102.938171,337.218230,0.490000,336.728230
1972,32.883002,32.706109,31.706109,33.706109,noise,none,0.000000,7,102.938171,333.119182,0.490000,332.629182
1973,32.466258,32.685813,31.685813,33.685813,noise,none,0.000000,7,102.938171,330.201976,0.490000,329.711976
1974,33.997942,34.786334,33.786334,35.786334,noise,buy_from_mm,35.786334,6,138.724504,342.712154,0.360000,342.352154
1975,32.919287,32.584729,31.584729,33.584729,noise,none,0.000000,6,138.724504,336.240226,0.360000,335.880226
1976,32.032505,32.118516,31.118516,33.118516,informed,none,0.000000,6,138.724504,330.919532,0.360000,330.559532
1977,31.161399,30.066838,29.066838,31.066838,noise,none,0.000000,6,138.724504,325.692900,0.360000,325.332900
1978,29.845662,31.371922,30.371922,32.371922,informed,sell_to_mm,30.371922,7,108.352582,317.272216,0.490000,316.782216
1979,30.357934,30.028729,29.028729,31.028729,informed,none,0.000000,7,108.352582,320.858123,0.490000,320.368123
1980,29.948994,31.609324,30.609324,32.609324,informed,sell_to_mm,30.609324,8,77.743258,317.335213,0.640000,316.695213
1981,30.025827,29.841988,28.841988,30.841988,informed,none,0.000000,8,77.743258,317.949873,0.640000,317.309873
1982,30.404797,30.861485,29.861485,31.861485,informed,none,0.000000,8,77.743258,320.981632,0.640000,320.341632
1983,30.618591,30.685028,29.685028,31.685028,noise,none,0.000000,8,77.743258,322.691986,0.640000,322.051986
1984,30.706303,31.767522,30.767522,32.767522,informed,sell_to_mm,30.767522,9,46.975735,323.332460,0.810000,322.522460
1985,30.990443,29.325125,28.325125,30.325125,informed,buy_from_mm,30.325125,8,77.300860,325.224406,0.640000,324.584406
1986,30.222672,30.317730,29.317730,31.317730,noise,buy_from_mm,31.317730,7,108.618590,320.177294,0.490000,319.687294
1987,30.369564,30.977143,29.977143,31.977143,noise,none,0.000000,7,108.618590,321.205535,0.490000,320.715535
1988,30.142926,31.057126,30.057126,32.057126,informed,none,0.000000,7,108.618590,319.619074,0.490000,319.129074
1989,29.153824,29.554558,28.554558,30.554558,informed,none,0.000000,7,108.618590,312.695361,0.490000,312.205361
1990,29.036915,29.487285,28.487285,30.487285,informed,none,0.000000,7,108.618590,311.876995,0.490000,311.386995
1991,30.319967,29.402531,28.402531,30.402531,noise,none,0.000000,7,108.618590,320.858356,0.490000,320.368356
1992,29.877387,30.960920,29.960920,31.960920,informed,sell_to_mm,29.960920,8,78.657670,317.676764,0.640000,317.036764
1993,30.846532,30.600567,29.600567,31.600567,informed,none,0.000000,8,78.657670,325.429923,0.640000,324.789923
1994,30.760217,31.977105,30.977105,32.977105,noise,none,0.000000,8,78.657670,324.739405,0.640000,324.099405
1995,32.498615,30.793050,29.793050,31.793050,informed,buy_from_mm,31.793050,7,110.450720,337.941027,0.490000,337.451027
1996,33.893524,33.610766,32.610766,34.610766,noise,buy_from_mm,34.610766,6,145.061486,348.422631,0.360000,348.062631
1997,32.421041,33.309774,32.309774,34.309774,noise,sell_to_mm,32.309774,7,112.751712,339.698998,0.490000,339.208998
1998,31.424345,32.433011,31.433011,33.433011,informed,sell_to_mm,31.433011,8,81.318701,332.713459,0.640000,332.073459
1999,31.662138,31.477480,30.477480,32.477480,noise,none,0.000000,8,81.318701,334.615808,0.640000,333.975808
2000,32.256728,32.555204,31.555204,33.555204,noise,none,0.000000,8,81.318701,339.372526,0.640000,338.732526
