t,true_value,signal,bid,ask,trader_type,trade_side,trade_price,inventory,cash,pnl_mark_to_true,inv_penalty,risk_adj_pnl
1,0.796374,-1.304552,-2.304552,-0.304552,informed,buy_from_mm,-0.304552,-1,-0.304552,-1.100926,0.010000,-1.110926
2,1.643126,5.772483,4.772483,6.772483,noise,none,0.000000,-1,-0.304552,-1.947678,0.010000,-1.957678
3,2.128078,4.936794,3.936794,5.936794,informed,sell_to_mm,3.936794,0,-4.241347,-4.241347,0.000000,-4.241347
4,2.700885,3.619847,2.619847,4.619847,informed,none,0.000000,0,-4.241347,-4.241347,0.000000,-4.241347
5,3.275619,4.676285,3.676285,5.676285,noise,buy_from_mm,5.676285,-1,1.434938,-1.840681,0.010000,-1.850681
6,3.152012,4.707334,3.707334,5.707334,noise,none,0.000000,-1,1.434938,-1.717074,0.010000,-1.727074
7,1.640093,3.723858,2.723858,4.723858,informed,sell_to_mm,2.723858,0,-1.288920,-1.288920,0.000000,-1.288920
8,2.469757,5.695680,4.695680,6.695680,informed,sell_to_mm,4.695680,1,-5.984600,-3.514843,0.010000,-3.524843
9,2.448292,1.446097,0.446097,2.446097,informed,buy_from_mm,2.446097,0,-3.538503,-3.538503,0.000000,-3.538503
10,4.180294,3.836513,2.836513,4.836513,noise,none,0.000000,0,-3.538503,-3.538503,0.000000,-3.538503
11,4.136243,6.557604,5.557604,7.557604,noise,none,0.000000,0,-3.538503,-3.538503,0.000000,-3.538503
12,2.939253,3.141005,2.141005,4.141005,noise,none,0.000000,0,-3.538503,-3.538503,0.000000,-3.538503
13,3.092188,2.653476,1.653476,3.653476,noise,none,0.000000,0,-3.538503,-3.538503,0.000000,-3.538503
14,2.220135,1.889345,0.889345,2.889345,informed,none,0.000000,0,-3.538503,-3.538503,0.000000,-3.538503
15,2.870407,2.678965,1.678965,3.678965,informed,none,0.000000,0,-3.538503,-3.538503,0.000000,-3.538503
16,1.554295,-1.969059,-2.969059,-0.969059,informed,buy_from_mm,-0.969059,-1,-4.507562,-6.061857,0.010000,-6.071857
17,2.821525,3.156570,2.156570,4.156570,informed,none,0.000000,-1,-4.507562,-7.329087,0.010000,-7.339087
18,2.228561,2.380156,1.380156,3.380156,informed,none,0.000000,-1,-4.507562,-6.736123,0.010000,-6.746123
19,3.426489,5.417527,4.417527,6.417527,noise,none,0.000000,-1,-4.507562,-7.934051,0.010000,-7.944051
20,4.158458,5.550416,4.550416,6.550416,informed,sell_to_mm,4.550416,0,-9.057978,-9.057978,0.000000,-9.057978
21,5.699254,6.878077,5.878077,7.878077,informed,sell_to_mm,5.878077,1,-14.936055,-9.236801,0.010000,-9.246801
22,5.918853,4.378117,3.378117,5.378117,noise,buy_from_mm,5.378117,0,-9.557938,-9.557938,0.000000,-9.557938
23,6.196271,7.397648,6.397648,8.397648,informed,sell_to_mm,6.397648,1,-15.955586,-9.759316,0.010000,-9.769316
24,5.635853,9.675869,8.675869,10.675869,informed,sell_to_mm,8.675869,2,-24.631455,-13.359748,0.040000,-13.399748
25,7.123594,7.929873,6.929873,8.929873,noise,sell_to_mm,6.929873,3,-31.561327,-10.190546,0.090000,-10.280546
26,7.858905,12.181826,11.181826,13.181826,informed,sell_to_mm,11.181826,4,-42.743153,-11.307533,0.160000,-11.467533
27,6.724632,6.586021,5.586021,7.586021,noise,none,0.000000,4,-42.743153,-15.844623,0.160000,-16.004623
28,6.647370,4.550747,3.550747,5.550747,noise,none,0.000000,4,-42.743153,-16.153671,0.160000,-16.313671
29,5.686228,3.014897,2.014897,4.014897,informed,buy_from_mm,4.014897,3,-38.728256,-21.669574,0.090000,-21.759574
30,5.327113,1.824565,0.824565,2.824565,noise,none,0.000000,3,-38.728256,-22.746918,0.090000,-22.836918
31,6.620305,6.322538,5.322538,7.322538,noise,none,0.000000,3,-38.728256,-18.867343,0.090000,-18.957343
32,5.721944,4.298011,3.298011,5.298011,noise,none,0.000000,3,-38.728256,-21.562424,0.090000,-21.652424
33,6.159584,6.663547,5.663547,7.663547,noise,sell_to_mm,5.663547,4,-44.391804,-19.753466,0.160000,-19.913466
34,5.337074,6.859313,5.859313,7.859313,noise,none,0.000000,4,-44.391804,-23.043507,0.160000,-23.203507
35,5.282561,5.004521,4.004521,6.004521,noise,none,0.000000,4,-44.391804,-23.261562,0.160000,-23.421562
36,6.704040,8.675698,7.675698,9.675698,noise,buy_from_mm,9.675698,3,-34.716106,-14.603985,0.090000,-14.693985
37,7.630802,8.618066,7.618066,9.618066,informed,none,0.000000,3,-34.716106,-11.823699,0.090000,-11.913699
38,5.909386,7.307308,6.307308,8.307308,noise,none,0.000000,3,-34.716106,-16.987949,0.090000,-17.077949
39,4.894763,1.418828,0.418828,2.418828,informed,buy_from_mm,2.418828,2,-32.297278,-22.507751,0.040000,-22.547751
40,6.050899,3.091346,2.091346,4.091346,noise,buy_from_mm,4.091346,1,-28.205931,-22.155032,0.010000,-22.165032
41,6.275845,2.940953,1.940953,3.940953,noise,none,0.000000,1,-28.205931,-21.930087,0.010000,-21.940087
42,6.825381,6.147727,5.147727,7.147727,noise,none,0.000000,1,-28.205931,-21.380551,0.010000,-21.390551
43,7.563286,4.803773,3.803773,5.803773,informed,buy_from_mm,5.803773,0,-22.402158,-22.402158,0.000000,-22.402158
44,7.569612,6.705548,5.705548,7.705548,informed,none,0.000000,0,-22.402158,-22.402158,0.000000,-22.402158
45,6.628829,8.052950,7.052950,9.052950,informed,sell_to_mm,7.052950,1,-29.455108,-22.826279,0.010000,-22.836279
46,4.800855,9.283038,8.283038,10.283038,informed,sell_to_mm,8.283038,2,-37.738147,-28.136437,0.040000,-28.176437
47,4.379854,4.923839,3.923839,5.923839,noise,buy_from_mm,5.923839,1,-31.814308,-27.434455,0.010000,-27.444455
48,4.040129,1.342072,0.342072,2.342072,noise,none,0.000000,1,-31.814308,-27.774179,0.010000,-27.784179
49,4.363356,6.308534,5.308534,7.308534,informed,sell_to_mm,5.308534,2,-37.122842,-28.396130,0.040000,-28.436130
50,5.829590,8.435070,7.435070,9.435070,noise,none,0.000000,2,-37.122842,-25.463661,0.040000,-25.503661
51,6.697645,8.880277,7.880277,9.880277,noise,sell_to_mm,7.880277,3,-45.003118,-24.910183,0.090000,-25.000183
52,4.846981,1.791416,0.791416,2.791416,noise,none,0.000000,3,-45.003118,-30.462175,0.090000,-30.552175
53,4.981060,6.683456,5.683456,7.683456,noise,none,0.000000,3,-45.003118,-30.059937,0.090000,-30.149937
54,5.310859,7.654641,6.654641,8.654641,noise,none,0.000000,3,-45.003118,-29.070541,0.090000,-29.160541
55,4.806166,4.457615,3.457615,5.457615,informed,none,0.000000,3,-45.003118,-30.584622,0.090000,-30.674622
56,3.673635,2.489760,1.489760,3.489760,noise,none,0.000000,3,-45.003118,-33.982212,0.090000,-34.072212
57,1.850636,3.227723,2.227723,4.227723,noise,none,0.000000,3,-45.003118,-39.451210,0.090000,-39.541210
58,2.868349,4.940485,3.940485,5.940485,informed,sell_to_mm,3.940485,4,-48.943603,-37.470208,0.160000,-37.630208
59,3.406498,6.796117,5.796117,7.796117,noise,none,0.000000,4,-48.943603,-35.317610,0.160000,-35.477610
60,3.596908,0.695710,-0.304290,1.695710,noise,none,0.000000,4,-48.943603,-34.555973,0.160000,-34.715973
61,2.985161,-0.050616,-1.050616,0.949384,informed,buy_from_mm,0.949384,3,-47.994220,-39.038737,0.090000,-39.128737
62,4.198682,6.279176,5.279176,7.279176,noise,buy_from_mm,7.279176,2,-40.715043,-32.317678,0.040000,-32.357678
63,2.846741,4.190398,3.190398,5.190398,noise,sell_to_mm,3.190398,3,-43.905441,-35.365218,0.090000,-35.455218
64,3.140377,4.755555,3.755555,5.755555,informed,sell_to_mm,3.755555,4,-47.660996,-35.099490,0.160000,-35.259490
65,2.806106,2.083654,1.083654,3.083654,noise,none,0.000000,4,-47.660996,-36.436574,0.160000,-36.596574
66,1.386345,0.851691,-0.148309,1.851691,noise,none,0.000000,4,-47.660996,-42.115615,0.160000,-42.275615
67,1.333947,4.782433,3.782433,5.782433,informed,sell_to_mm,3.782433,5,-51.443430,-44.773695,0.250000,-45.023695
68,2.729341,-0.207559,-1.207559,0.792441,noise,none,0.000000,5,-51.443430,-37.796723,0.250000,-38.046723
69,3.233391,5.444246,4.444246,6.444246,noise,none,0.000000,5,-51.443430,-35.276474,0.250000,-35.526474
70,3.977221,2.913404,1.913404,3.913404,noise,none,0.000000,5,-51.443430,-31.557326,0.250000,-31.807326
71,4.395131,4.150509,3.150509,5.150509,informed,none,0.000000,5,-51.443430,-29.467775,0.250000,-29.717775
72,5.618309,4.391500,3.391500,5.391500,noise,none,0.000000,5,-51.443430,-23.351885,0.250000,-23.601885
73,5.359638,6.356529,5.356529,7.356529,informed,none,0.000000,5,-51.443430,-24.645238,0.250000,-24.895238
74,5.097382,5.192209,4.192209,6.192209,informed,none,0.000000,5,-51.443430,-25.956521,0.250000,-26.206521
75,4.727968,2.727026,1.727026,3.727026,noise,none,0.000000,5,-51.443430,-27.803591,0.250000,-28.053591
76,4.403545,3.127306,2.127306,4.127306,noise,none,0.000000,5,-51.443430,-29.425703,0.250000,-29.675703
77,3.997029,5.512700,4.512700,6.512700,informed,sell_to_mm,4.512700,6,-55.956130,-31.973956,0.360000,-32.333956
78,3.877512,6.547335,5.547335,7.547335,informed,sell_to_mm,5.547335,7,-61.503465,-34.360879,0.490000,-34.850879
79,3.872153,3.722044,2.722044,4.722044,noise,buy_from_mm,4.722044,6,-56.781420,-33.548503,0.360000,-33.908503
80,2.322267,0.364444,-0.635556,1.364444,noise,none,0.000000,6,-56.781420,-42.847816,0.360000,-43.207816
81,1.293563,0.896636,-0.103364,1.896636,informed,none,0.000000,6,-56.781420,-49.020045,0.360000,-49.380045
82,0.879009,3.648762,2.648762,4.648762,noise,buy_from_mm,4.648762,5,-52.132659,-47.737613,0.250000,-47.987613
83,0.580740,3.186715,2.186715,4.186715,noise,none,0.000000,5,-52.132659,-49.228956,0.250000,-49.478956
84,1.383868,0.736585,-0.263415,1.736585,noise,none,0.000000,5,-52.132659,-45.213317,0.250000,-45.463317
85,2.535588,1.986772,0.986772,2.986772,informed,none,0.000000,5,-52.132659,-39.454718,0.250000,-39.704718
86,3.642559,4.408076,3.408076,5.408076,informed,none,0.000000,5,-52.132659,-33.919862,0.250000,-34.169862
87,2.052676,2.842958,1.842958,3.842958,noise,none,0.000000,5,-52.132659,-41.869279,0.250000,-42.119279
88,2.628095,1.753297,0.753297,2.753297,noise,none,0.000000,5,-52.132659,-38.992186,0.250000,-39.242186
89,2.764552,0.772468,-0.227532,1.772468,noise,sell_to_mm,-0.227532,6,-51.905127,-35.317816,0.360000,-35.677816
90,2.716760,-0.376590,-1.376590,0.623410,noise,buy_from_mm,0.623410,5,-51.281717,-37.697918,0.250000,-37.947918
91,1.532348,3.228346,2.228346,4.228346,noise,none,0.000000,5,-51.281717,-43.619978,0.250000,-43.869978
92,3.323950,3.247529,2.247529,4.247529,informed,none,0.000000,5,-51.281717,-34.661966,0.250000,-34.911966
93,2.102245,-0.077235,-1.077235,0.922765,informed,buy_from_mm,0.922765,4,-50.358952,-41.949973,0.160000,-42.109973
94,0.435312,-2.692506,-3.692506,-1.692506,informed,buy_from_mm,-1.692506,3,-52.051459,-50.745521,0.090000,-50.835521
95,1.373114,1.738417,0.738417,2.738417,informed,none,0.000000,3,-52.051459,-47.932118,0.090000,-48.022118
96,0.062531,0.993533,-0.006467,1.993533,noise,none,0.000000,3,-52.051459,-51.863867,0.090000,-51.953867
97,-0.488259,0.093349,-0.906651,1.093349,noise,none,0.000000,3,-52.051459,-53.516237,0.090000,-53.606237
98,0.141229,-0.431944,-1.431944,0.568056,noise,none,0.000000,3,-52.051459,-51.627771,0.090000,-51.717771
99,-0.253950,-1.397760,-2.397760,-0.397760,noise,buy_from_mm,-0.397760,2,-52.449219,-52.957120,0.040000,-52.997120
100,-0.136668,-0.621899,-1.621899,0.378101,noise,none,0.000000,2,-52.449219,-52.722556,0.040000,-52.762556
101,-2.310740,-1.365900,-2.365900,-0.365900,informed,none,0.000000,2,-52.449219,-57.070699,0.040000,-57.110699
102,-2.818259,-4.782382,-5.782382,-3.782382,informed,buy_from_mm,-3.782382,1,-56.231601,-59.049860,0.010000,-59.059860
103,-4.769385,-5.907018,-6.907018,-4.907018,noise,none,0.000000,1,-56.231601,-61.000986,0.010000,-61.010986
104,-4.970673,-9.293935,-10.293935,-8.293935,informed,buy_from_mm,-8.293935,0,-64.525536,-64.525536,0.000000,-64.525536
105,-4.143352,-1.968747,-2.968747,-0.968747,informed,sell_to_mm,-2.968747,1,-61.556789,-65.700141,0.010000,-65.710141
106,-4.677912,-7.807507,-8.807507,-6.807507,informed,buy_from_mm,-6.807507,0,-68.364296,-68.364296,0.000000,-68.364296
107,-4.987812,-5.438761,-6.438761,-4.438761,noise,sell_to_mm,-6.438761,1,-61.925534,-66.913347,0.010000,-66.923347
108,-3.672196,-2.503342,-3.503342,-1.503342,noise,none,0.000000,1,-61.925534,-65.597730,0.010000,-65.607730
109,-3.771813,-4.447353,-5.447353,-3.447353,informed,none,0.000000,1,-61.925534,-65.697348,0.010000,-65.707348
110,-3.892280,-0.087416,-1.087416,0.912584,informed,sell_to_mm,-1.087416,2,-60.838118,-68.622678,0.040000,-68.662678
111,-4.357181,-4.464871,-5.464871,-3.464871,noise,buy_from_mm,-3.464871,1,-64.302990,-68.660171,0.010000,-68.670171
112,-2.879460,-5.471184,-6.471184,-4.471184,noise,none,0.000000,1,-64.302990,-67.182450,0.010000,-67.192450
113,-3.145404,-6.359017,-7.359017,-5.359017,noise,sell_to_mm,-7.359017,2,-56.943973,-63.234781,0.040000,-63.274781
114,-3.857538,-2.933475,-3.933475,-1.933475,noise,buy_from_mm,-1.933475,1,-58.877448,-62.734985,0.010000,-62.744985
115,-4.953820,-4.026817,-5.026817,-3.026817,noise,none,0.000000,1,-58.877448,-63.831268,0.010000,-63.841268
116,-4.879548,-5.019651,-6.019651,-4.019651,noise,none,0.000000,1,-58.877448,-63.756995,0.010000,-63.766995
117,-3.363964,-0.543250,-1.543250,0.456750,informed,sell_to_mm,-1.543250,2,-57.334197,-64.062125,0.040000,-64.102125
118,-4.323299,-5.639944,-6.639944,-4.639944,noise,buy_from_mm,-4.639944,1,-61.974141,-66.297441,0.010000,-66.307441
119,-4.933725,-4.475361,-5.475361,-3.475361,informed,none,0.000000,1,-61.974141,-66.907866,0.010000,-66.917866
120,-2.735998,1.724151,0.724151,2.724151,noise,none,0.000000,1,-61.974141,-64.710139,0.010000,-64.720139
121,-2.150161,-2.106100,-3.106100,-1.106100,noise,none,0.000000,1,-61.974141,-64.124302,0.010000,-64.134302
122,-1.953593,-2.570412,-3.570412,-1.570412,noise,none,0.000000,1,-61.974141,-63.927734,0.010000,-63.937734
123,-2.593872,-3.514372,-4.514372,-2.514372,noise,none,0.000000,1,-61.974141,-64.568013,0.010000,-64.578013
124,-3.701375,-1.751932,-2.751932,-0.751932,noise,sell_to_mm,-2.751932,2,-59.222209,-66.624960,0.040000,-66.664960
125,-4.348693,-2.270684,-3.270684,-1.270684,noise,buy_from_mm,-1.270684,1,-60.492893,-64.841585,0.010000,-64.851585
126,-4.642081,-3.211766,-4.211766,-2.211766,informed,sell_to_mm,-4.211766,2,-56.281127,-65.565289,0.040000,-65.605289
127,-5.389554,-2.942643,-3.942643,-1.942643,noise,none,0.000000,2,-56.281127,-67.060235,0.040000,-67.100235
128,-5.294698,-4.406915,-5.406915,-3.406915,informed,none,0.000000,2,-56.281127,-66.870523,0.040000,-66.910523
129,-5.350526,-3.943012,-4.943012,-2.943012,noise,buy_from_mm,-2.943012,1,-59.224139,-64.574664,0.010000,-64.584664
130,-4.687188,-6.069511,-7.069511,-5.069511,informed,buy_from_mm,-5.069511,0,-64.293649,-64.293649,0.000000,-64.293649
131,-4.357765,-4.549094,-5.549094,-3.549094,noise,buy_from_mm,-3.549094,-1,-67.842744,-63.484978,0.010000,-63.494978
132,-4.140065,-3.905987,-4.905987,-2.905987,informed,none,0.000000,-1,-67.842744,-63.702678,0.010000,-63.712678
133,-4.334145,-2.642937,-3.642937,-1.642937,informed,sell_to_mm,-3.642937,0,-64.199806,-64.199806,0.000000,-64.199806
134,-5.253260,-3.798318,-4.798318,-2.798318,noise,none,0.000000,0,-64.199806,-64.199806,0.000000,-64.199806
135,-5.439707,-7.742078,-8.742078,-6.742078,informed,buy_from_mm,-6.742078,-1,-70.941884,-65.502177,0.010000,-65.512177
136,-5.344174,-3.197761,-4.197761,-2.197761,noise,none,0.000000,-1,-70.941884,-65.597710,0.010000,-65.607710
137,-5.329783,-5.762024,-6.762024,-4.762024,noise,none,0.000000,-1,-70.941884,-65.612101,0.010000,-65.622101
138,-4.056280,-6.508414,-7.508414,-5.508414,noise,none,0.000000,-1,-70.941884,-66.885604,0.010000,-66.895604
139,-3.520746,-3.784016,-4.784016,-2.784016,informed,none,0.000000,-1,-70.941884,-67.421138,0.010000,-67.431138
140,-1.207925,-2.707481,-3.707481,-1.707481,informed,buy_from_mm,-1.707481,-2,-72.649365,-70.233516,0.040000,-70.273516
141,-0.029737,-1.257307,-2.257307,-0.257307,noise,buy_from_mm,-0.257307,-3,-72.906672,-72.817460,0.090000,-72.907460
142,1.276322,0.589172,-0.410828,1.589172,noise,none,0.000000,-3,-72.906672,-76.735639,0.090000,-76.825639
143,2.415719,0.269455,-0.730545,1.269455,noise,none,0.000000,-3,-72.906672,-80.153829,0.090000,-80.243829
144,1.716189,5.297310,4.297310,6.297310,informed,sell_to_mm,4.297310,-2,-77.203982,-80.636360,0.040000,-80.676360
145,1.510970,1.480019,0.480019,2.480019,informed,none,0.000000,-2,-77.203982,-80.225921,0.040000,-80.265921
146,3.956288,5.858108,4.858108,6.858108,noise,buy_from_mm,6.858108,-3,-70.345874,-82.214739,0.090000,-82.304739
147,3.314777,4.182720,3.182720,5.182720,noise,none,0.000000,-3,-70.345874,-80.290205,0.090000,-80.380205
148,3.023185,5.884263,4.884263,6.884263,noise,none,0.000000,-3,-70.345874,-79.415428,0.090000,-79.505428
149,2.765452,4.071171,3.071171,5.071171,noise,none,0.000000,-3,-70.345874,-78.642231,0.090000,-78.732231
150,3.395847,0.164577,-0.835423,1.164577,informed,buy_from_mm,1.164577,-4,-69.181297,-82.764684,0.160000,-82.924684
151,4.094187,5.226494,4.226494,6.226494,informed,sell_to_mm,4.226494,-3,-73.407791,-85.690353,0.090000,-85.780353
152,4.742806,6.439161,5.439161,7.439161,informed,sell_to_mm,5.439161,-2,-78.846952,-88.332565,0.040000,-88.372565
153,4.342423,5.465051,4.465051,6.465051,informed,sell_to_mm,4.465051,-1,-83.312003,-87.654426,0.010000,-87.664426
154,4.219135,2.952414,1.952414,3.952414,noise,sell_to_mm,1.952414,0,-85.264417,-85.264417,0.000000,-85.264417
155,5.037160,3.064504,2.064504,4.064504,informed,buy_from_mm,4.064504,-1,-81.199913,-86.237073,0.010000,-86.247073
156,4.742175,7.152489,6.152489,8.152489,noise,none,0.000000,-1,-81.199913,-85.942088,0.010000,-85.952088
157,3.297960,3.055032,2.055032,4.055032,noise,buy_from_mm,4.055032,-2,-77.144881,-83.740801,0.040000,-83.780801
158,4.552998,6.594735,5.594735,7.594735,informed,sell_to_mm,5.594735,-1,-82.739616,-87.292614,0.010000,-87.302614
159,4.412455,8.671471,7.671471,9.671471,noise,none,0.000000,-1,-82.739616,-87.152071,0.010000,-87.162071
160,4.066685,3.855745,2.855745,4.855745,informed,none,0.000000,-1,-82.739616,-86.806302,0.010000,-86.816302
161,4.911930,7.589621,6.589621,8.589621,informed,sell_to_mm,6.589621,0,-89.329237,-89.329237,0.000000,-89.329237
162,4.732853,3.282171,2.282171,4.282171,informed,buy_from_mm,4.282171,-1,-85.047065,-89.779918,0.010000,-89.789918
163,6.381797,3.984081,2.984081,4.984081,noise,buy_from_mm,4.984081,-2,-80.062985,-92.826579,0.040000,-92.866579
164,4.762721,3.179466,2.179466,4.179466,informed,buy_from_mm,4.179466,-3,-75.883519,-90.171683,0.090000,-90.261683
165,4.044978,6.740344,5.740344,7.740344,noise,sell_to_mm,5.740344,-2,-81.623863,-89.713819,0.040000,-89.753819
166,5.102699,7.118509,6.118509,8.118509,noise,none,0.000000,-2,-81.623863,-91.829261,0.040000,-91.869261
167,4.069329,2.882088,1.882088,3.882088,noise,none,0.000000,-2,-81.623863,-89.762521,0.040000,-89.802521
168,6.154655,5.852837,4.852837,6.852837,noise,none,0.000000,-2,-81.623863,-93.933172,0.040000,-93.973172
169,5.148917,2.584287,1.584287,3.584287,noise,buy_from_mm,3.584287,-3,-78.039576,-93.486327,0.090000,-93.576327
170,3.766216,0.052209,-0.947791,1.052209,noise,none,0.000000,-3,-78.039576,-89.338223,0.090000,-89.428223
171,2.931202,7.574174,6.574174,8.574174,informed,sell_to_mm,6.574174,-2,-84.613750,-90.476154,0.040000,-90.516154
172,2.986274,5.322146,4.322146,6.322146,informed,sell_to_mm,4.322146,-1,-88.935896,-91.922170,0.010000,-91.932170
173,3.108747,-0.443792,-1.443792,0.556208,informed,buy_from_mm,0.556208,-2,-88.379688,-94.597182,0.040000,-94.637182
174,1.947183,2.897223,1.897223,3.897223,informed,none,0.000000,-2,-88.379688,-92.274054,0.040000,-92.314054
175,1.960560,0.399933,-0.600067,1.399933,noise,sell_to_mm,-0.600067,-1,-87.779621,-89.740181,0.010000,-89.750181
176,1.388085,1.405937,0.405937,2.405937,noise,none,0.000000,-1,-87.779621,-89.167706,0.010000,-89.177706
177,2.594164,3.184110,2.184110,4.184110,informed,none,0.000000,-1,-87.779621,-90.373785,0.010000,-90.383785
178,3.006374,0.459594,-0.540406,1.459594,informed,buy_from_mm,1.459594,-2,-86.320027,-92.332775,0.040000,-92.372775
179,2.097647,3.239423,2.239423,4.239423,informed,sell_to_mm,2.239423,-1,-88.559450,-90.657097,0.010000,-90.667097
180,1.231904,3.563139,2.563139,4.563139,noise,buy_from_mm,4.563139,-2,-83.996311,-86.460120,0.040000,-86.500120
181,0.821828,1.612424,0.612424,2.612424,informed,none,0.000000,-2,-83.996311,-85.639967,0.040000,-85.679967
182,0.880972,-0.332376,-1.332376,0.667624,noise,none,0.000000,-2,-83.996311,-85.758255,0.040000,-85.798255
183,2.605453,2.361707,1.361707,3.361707,noise,none,0.000000,-2,-83.996311,-89.207218,0.040000,-89.247218
184,2.467855,5.339309,4.339309,6.339309,noise,none,0.000000,-2,-83.996311,-88.932021,0.040000,-88.972021
185,1.855219,-0.361788,-1.361788,0.638212,noise,none,0.000000,-2,-83.996311,-87.706750,0.040000,-87.746750
186,0.462516,2.359626,1.359626,3.359626,noise,none,0.000000,-2,-83.996311,-84.921343,0.040000,-84.961343
187,1.900619,1.590919,0.590919,2.590919,noise,buy_from_mm,2.590919,-3,-81.405393,-87.107250,0.090000,-87.197250
188,-1.453789,1.491424,0.491424,2.491424,noise,none,0.000000,-3,-81.405393,-77.044026,0.090000,-77.134026
189,-0.932596,-0.656776,-1.656776,0.343224,informed,none,0.000000,-3,-81.405393,-78.607604,0.090000,-78.697604
190,-0.050625,-0.055485,-1.055485,0.944515,noise,none,0.000000,-3,-81.405393,-81.253518,0.090000,-81.343518
191,-1.043208,-0.155033,-1.155033,0.844967,informed,none,0.000000,-3,-81.405393,-78.275769,0.090000,-78.365769
192,-1.959209,-1.296140,-2.296140,-0.296140,informed,none,0.000000,-3,-81.405393,-75.527764,0.090000,-75.617764
193,-1.380559,-1.998511,-2.998511,-0.998511,noise,buy_from_mm,-0.998511,-4,-82.403904,-76.881667,0.160000,-77.041667
194,-0.288375,-2.478776,-3.478776,-1.478776,informed,buy_from_mm,-1.478776,-5,-83.882680,-82.440807,0.250000,-82.690807
195,-0.250364,-0.618109,-1.618109,0.381891,noise,none,0.000000,-5,-83.882680,-82.630862,0.250000,-82.880862
196,0.834794,-0.103224,-1.103224,0.896776,noise,none,0.000000,-5,-83.882680,-88.056648,0.250000,-88.306648
197,2.706489,2.498487,1.498487,3.498487,informed,none,0.000000,-5,-83.882680,-97.415123,0.250000,-97.665123
198,1.858107,1.644905,0.644905,2.644905,noise,buy_from_mm,2.644905,-6,-81.237775,-92.386417,0.360000,-92.746417
199,2.784815,4.099313,3.099313,5.099313,noise,buy_from_mm,5.099313,-7,-76.138462,-95.632169,0.490000,-96.122169
200,2.864925,4.347768,3.347768,5.347768,informed,sell_to_mm,3.347768,-6,-79.486230,-96.675779,0.360000,-97.035779
201,1.050132,-1.399007,-2.399007,-0.399007,noise,none,0.000000,-6,-79.486230,-85.787024,0.360000,-86.147024
202,1.193171,1.902554,0.902554,2.902554,noise,none,0.000000,-6,-79.486230,-86.645257,0.360000,-87.005257
203,0.741763,-1.905086,-2.905086,-0.905086,noise,sell_to_mm,-2.905086,-5,-76.581144,-80.289958,0.250000,-80.539958
204,0.330963,0.563624,-0.436376,1.563624,noise,none,0.000000,-5,-76.581144,-78.235956,0.250000,-78.485956
205,0.458830,1.243510,0.243510,2.243510,informed,none,0.000000,-5,-76.581144,-78.875292,0.250000,-79.125292
206,-0.078970,-4.279540,-5.279540,-3.279540,informed,buy_from_mm,-3.279540,-6,-79.860684,-79.386866,0.360000,-79.746866
207,-1.720865,-3.375577,-4.375577,-2.375577,noise,none,0.000000,-6,-79.860684,-69.535496,0.360000,-69.895496
208,0.206463,2.236374,1.236374,3.236374,informed,sell_to_mm,1.236374,-5,-81.097058,-82.129371,0.250000,-82.379371
209,0.513784,1.753893,0.753893,2.753893,noise,sell_to_mm,0.753893,-4,-81.850951,-83.906087,0.160000,-84.066087
210,0.947964,3.462752,2.462752,4.462752,noise,none,0.000000,-4,-81.850951,-85.642809,0.160000,-85.802809
211,1.122742,2.301359,1.301359,3.301359,noise,none,0.000000,-4,-81.850951,-86.341918,0.160000,-86.501918
212,0.249210,0.266765,-0.733235,1.266765,informed,none,0.000000,-4,-81.850951,-82.847793,0.160000,-83.007793
213,-0.921275,-0.875748,-1.875748,0.124252,noise,none,0.000000,-4,-81.850951,-78.165852,0.160000,-78.325852
214,-0.257646,-0.984628,-1.984628,0.015372,informed,none,0.000000,-4,-81.850951,-80.820366,0.160000,-80.980366
215,-0.624439,0.846003,-0.153997,1.846003,noise,none,0.000000,-4,-81.850951,-79.353197,0.160000,-79.513197
216,-0.846270,-3.889704,-4.889704,-2.889704,informed,buy_from_mm,-2.889704,-5,-84.740656,-80.509304,0.250000,-80.759304
217,-1.209044,-2.674819,-3.674819,-1.674819,informed,buy_from_mm,-1.674819,-6,-86.415475,-79.161210,0.360000,-79.521210
218,-1.158906,0.371179,-0.628821,1.371179,noise,none,0.000000,-6,-86.415475,-79.462040,0.360000,-79.822040
219,-2.087233,-1.196823,-2.196823,-0.196823,noise,buy_from_mm,-0.196823,-7,-86.612298,-72.001667,0.490000,-72.491667
220,-1.696840,-1.751394,-2.751394,-0.751394,noise,none,0.000000,-7,-86.612298,-74.734420,0.490000,-75.224420
221,-1.498022,-1.178930,-2.178930,-0.178930,noise,buy_from_mm,-0.178930,-8,-86.791227,-74.807053,0.640000,-75.447053
222,-0.675831,-4.274595,-5.274595,-3.274595,informed,buy_from_mm,-3.274595,-9,-90.065823,-83.983342,0.810000,-84.793342
223,-0.275571,0.950006,-0.049994,1.950006,informed,sell_to_mm,-0.049994,-8,-90.015829,-87.811260,0.640000,-88.451260
224,-1.026121,-0.505843,-1.505843,0.494157,informed,none,0.000000,-8,-90.015829,-81.806862,0.640000,-82.446862
225,-0.759245,1.050684,0.050684,2.050684,informed,sell_to_mm,0.050684,-7,-90.066513,-84.751797,0.490000,-85.241797
226,-0.632473,-0.338724,-1.338724,0.661276,informed,none,0.000000,-7,-90.066513,-85.639202,0.490000,-86.129202
227,-0.648028,-0.505342,-1.505342,0.494658,informed,none,0.000000,-7,-90.066513,-85.530320,0.490000,-86.020320
228,-2.271140,-3.918597,-4.918597,-2.918597,informed,buy_from_mm,-2.918597,-8,-92.985110,-74.815986,0.640000,-75.455986
229,-3.451363,-3.940992,-4.940992,-2.940992,informed,none,0.000000,-8,-92.985110,-65.374207,0.640000,-66.014207
230,-3.644240,-5.404515,-6.404515,-4.404515,informed,buy_from_mm,-4.404515,-9,-97.389625,-64.591464,0.810000,-65.401464
231,-2.979281,-1.757912,-2.757912,-0.757912,noise,sell_to_mm,-2.757912,-8,-94.631714,-70.797463,0.640000,-71.437463
232,-3.692874,-1.598058,-2.598058,-0.598058,noise,buy_from_mm,-0.598058,-9,-95.229772,-61.993909,0.810000,-62.803909
233,-3.194613,-8.396228,-9.396228,-7.396228,noise,none,0.000000,-9,-95.229772,-66.478253,0.810000,-67.288253
234,-2.703793,-0.918500,-1.918500,0.081500,noise,none,0.000000,-9,-95.229772,-70.895631,0.810000,-71.705631
235,-2.703434,-2.247861,-3.247861,-1.247861,informed,none,0.000000,-9,-95.229772,-70.898863,0.810000,-71.708863
236,-3.501096,-3.557047,-4.557047,-2.557047,noise,none,0.000000,-9,-95.229772,-63.719905,0.810000,-64.529905
237,-3.186774,-4.612402,-5.612402,-3.612402,informed,buy_from_mm,-3.612402,-10,-98.842173,-66.974437,1.000000,-67.974437
238,-2.283721,-4.070007,-5.070007,-3.070007,noise,none,0.000000,-10,-98.842173,-76.004960,1.000000,-77.004960
239,-3.093170,-9.299608,-10.299608,-8.299608,informed,buy_from_mm,-8.299608,-11,-107.141781,-73.116911,1.210000,-74.326911
240,-2.663169,-2.156595,-3.156595,-1.156595,noise,none,0.000000,-11,-107.141781,-77.846926,1.210000,-79.056926
241,-1.176436,-0.637005,-1.637005,0.362995,noise,none,0.000000,-11,-107.141781,-94.200980,1.210000,-95.410980
242,-1.289101,-1.368415,-2.368415,-0.368415,informed,none,0.000000,-11,-107.141781,-92.961666,1.210000,-94.171666
243,0.176937,1.321335,0.321335,2.321335,informed,sell_to_mm,0.321335,-10,-107.463116,-109.232484,1.000000,-110.232484
244,0.291429,-1.350318,-2.350318,-0.350318,informed,buy_from_mm,-0.350318,-11,-107.813434,-111.019155,1.210000,-112.229155
245,0.025703,1.261070,0.261070,2.261070,informed,sell_to_mm,0.261070,-10,-108.074504,-108.331536,1.000000,-109.331536
246,-0.923191,1.118323,0.118323,2.118323,noise,none,0.000000,-10,-108.074504,-98.842596,1.000000,-99.842596
247,-0.233710,2.614774,1.614774,3.614774,informed,sell_to_mm,1.614774,-9,-109.689278,-107.585888,0.810000,-108.395888
248,0.702579,2.328586,1.328586,3.328586,informed,sell_to_mm,1.328586,-8,-111.017865,-116.638498,0.640000,-117.278498
249,1.077907,-0.491526,-1.491526,0.508474,noise,none,0.000000,-8,-111.017865,-119.641120,0.640000,-120.281120
250,1.146407,6.736111,5.736111,7.736111,noise,none,0.000000,-8,-111.017865,-120.189120,0.640000,-120.829120
251,0.134783,0.327105,-0.672895,1.327105,noise,sell_to_mm,-0.672895,-7,-110.344969,-111.288449,0.490000,-111.778449
252,-0.984131,-1.323415,-2.323415,-0.323415,informed,none,0.000000,-7,-110.344969,-103.456055,0.490000,-103.946055
253,-1.668144,0.183637,-0.816363,1.183637,noise,buy_from_mm,1.183637,-8,-109.161332,-95.816181,0.640000,-96.456181
254,-2.103509,1.292974,0.292974,2.292974,informed,sell_to_mm,0.292974,-7,-109.454307,-94.729743,0.490000,-95.219743
255,-2.422822,-4.604627,-5.604627,-3.604627,noise,none,0.000000,-7,-109.454307,-92.494551,0.490000,-92.984551
256,-2.058192,-3.215985,-4.215985,-2.215985,noise,none,0.000000,-7,-109.454307,-95.046960,0.490000,-95.536960
257,-1.608817,-2.763768,-3.763768,-1.763768,noise,none,0.000000,-7,-109.454307,-98.192587,0.490000,-98.682587
258,-3.619339,-5.184078,-6.184078,-4.184078,informed,buy_from_mm,-4.184078,-8,-113.638385,-84.683671,0.640000,-85.323671
259,-3.472087,-4.969741,-5.969741,-3.969741,noise,sell_to_mm,-5.969741,-7,-107.668644,-83.364034,0.490000,-83.854034
260,-1.923372,-1.714939,-2.714939,-0.714939,informed,none,0.000000,-7,-107.668644,-94.205038,0.490000,-94.695038
261,-3.567254,-3.957937,-4.957937,-2.957937,noise,none,0.000000,-7,-107.668644,-82.697863,0.490000,-83.187863
262,-2.380507,-0.106183,-1.106183,0.893817,noise,none,0.000000,-7,-107.668644,-91.005094,0.490000,-91.495094
263,-2.543767,-1.709718,-2.709718,-0.709718,noise,buy_from_mm,-0.709718,-8,-108.378362,-88.028226,0.640000,-88.668226
264,-2.650783,1.050776,0.050776,2.050776,noise,none,0.000000,-8,-108.378362,-87.172094,0.640000,-87.812094
265,-4.539960,-4.882129,-5.882129,-3.882129,noise,sell_to_mm,-5.882129,-7,-102.496232,-70.716515,0.490000,-71.206515
266,-5.380256,-2.410608,-3.410608,-1.410608,noise,sell_to_mm,-3.410608,-6,-99.085624,-66.804086,0.360000,-67.164086
267,-4.529598,-3.684458,-4.684458,-2.684458,noise,none,0.000000,-6,-99.085624,-71.908036,0.360000,-72.268036
268,-4.907278,-8.159209,-9.159209,-7.159209,informed,buy_from_mm,-7.159209,-7,-106.244833,-71.893890,0.490000,-72.383890
269,-4.554634,-6.599505,-7.599505,-5.599505,noise,buy_from_mm,-5.599505,-8,-111.844338,-75.407269,0.640000,-76.047269
270,-5.407131,-5.652260,-6.652260,-4.652260,informed,none,0.000000,-8,-111.844338,-68.587290,0.640000,-69.227290
271,-5.583083,-6.383825,-7.383825,-5.383825,informed,none,0.000000,-8,-111.844338,-67.179677,0.640000,-67.819677
272,-5.764652,-6.154850,-7.154850,-5.154850,noise,none,0.000000,-8,-111.844338,-65.727119,0.640000,-66.367119
273,-7.097123,-8.026684,-9.026684,-7.026684,informed,none,0.000000,-8,-111.844338,-55.067352,0.640000,-55.707352
274,-7.556490,-3.260489,-4.260489,-2.260489,informed,sell_to_mm,-4.260489,-7,-107.583850,-54.688418,0.490000,-55.178418
275,-7.706724,-3.967931,-4.967931,-2.967931,noise,none,0.000000,-7,-107.583850,-53.636785,0.490000,-54.126785
276,-7.662044,-8.656891,-9.656891,-7.656891,informed,none,0.000000,-7,-107.583850,-53.949539,0.490000,-54.439539
277,-9.962938,-12.291719,-13.291719,-11.291719,noise,none,0.000000,-7,-107.583850,-37.843281,0.490000,-38.333281
278,-10.514040,-10.617942,-11.617942,-9.617942,informed,none,0.000000,-7,-107.583850,-33.985570,0.490000,-34.475570
279,-8.897908,-11.849596,-12.849596,-10.849596,noise,none,0.000000,-7,-107.583850,-45.298493,0.490000,-45.788493
280,-9.813191,-13.648918,-14.648918,-12.648918,informed,buy_from_mm,-12.648918,-8,-120.232768,-41.727241,0.640000,-42.367241
281,-10.713766,-14.588333,-15.588333,-13.588333,noise,sell_to_mm,-15.588333,-7,-104.644435,-29.648076,0.490000,-30.138076
282,-12.430595,-11.144466,-12.144466,-10.144466,informed,sell_to_mm,-12.144466,-6,-92.499969,-17.916402,0.360000,-18.276402
283,-12.574724,-14.245408,-15.245408,-13.245408,informed,buy_from_mm,-13.245408,-7,-105.745377,-17.722312,0.490000,-18.212312
284,-15.176335,-15.915672,-16.915672,-14.915672,noise,none,0.000000,-7,-105.745377,0.488970,0.490000,-0.001030
285,-16.100358,-16.119897,-17.119897,-15.119897,informed,none,0.000000,-7,-105.745377,6.957130,0.490000,6.467130
286,-16.102830,-15.142098,-16.142098,-14.142098,noise,none,0.000000,-7,-105.745377,6.974431,0.490000,6.484431
287,-16.314525,-10.837427,-11.837427,-9.837427,noise,none,0.000000,-7,-105.745377,8.456298,0.490000,7.966298
288,-14.874658,-17.963641,-18.963641,-16.963641,noise,none,0.000000,-7,-105.745377,-1.622773,0.490000,-2.112773
289,-15.824385,-17.067934,-18.067934,-16.067934,informed,buy_from_mm,-16.067934,-8,-121.813311,4.781772,0.640000,4.141772
290,-15.678055,-17.908822,-18.908822,-16.908822,informed,buy_from_mm,-16.908822,-9,-138.722132,2.380366,0.810000,1.570366
291,-15.507460,-15.576746,-16.576746,-14.576746,informed,none,0.000000,-9,-138.722132,0.845009,0.810000,0.035009
292,-14.602703,-17.970800,-18.970800,-16.970800,informed,buy_from_mm,-16.970800,-10,-155.692932,-9.665899,1.000000,-10.665899
293,-14.024409,-13.464129,-14.464129,-12.464129,noise,none,0.000000,-10,-155.692932,-15.448841,1.000000,-16.448841
294,-14.947111,-15.079628,-16.079628,-14.079628,noise,none,0.000000,-10,-155.692932,-6.221825,1.000000,-7.221825
295,-16.704656,-14.454223,-15.454223,-13.454223,noise,sell_to_mm,-15.454223,-9,-140.238709,10.103199,0.810000,9.293199
296,-15.777732,-18.799164,-19.799164,-17.799164,noise,none,0.000000,-9,-140.238709,1.760877,0.810000,0.950877
297,-16.099620,-16.607746,-17.607746,-15.607746,informed,none,0.000000,-9,-140.238709,4.657872,0.810000,3.847872
298,-17.621261,-19.268817,-20.268817,-18.268817,informed,buy_from_mm,-18.268817,-10,-158.507525,17.705082,1.000000,16.705082
299,-17.912096,-19.792809,-20.792809,-18.792809,noise,none,0.000000,-10,-158.507525,20.613435,1.000000,19.613435
300,-17.331492,-15.808630,-16.808630,-14.808630,noise,none,0.000000,-10,-158.507525,14.807395,1.000000,13.807395
301,-19.691722,-19.479160,-20.479160,-18.479160,informed,none,0.000000,-10,-158.507525,38.409695,1.000000,37.409695
302,-18.760247,-21.079463,-22.079463,-20.079463,noise,sell_to_mm,-22.079463,-9,-136.428062,32.414161,0.810000,31.604161
303,-20.009212,-15.540235,-16.540235,-14.540235,noise,none,0.000000,-9,-136.428062,43.654847,0.810000,42.844847
304,-21.475456,-18.302100,-19.302100,-17.302100,informed,sell_to_mm,-19.302100,-8,-117.125962,54.677688,0.640000,54.037688
305,-20.995211,-15.524565,-16.524565,-14.524565,informed,sell_to_mm,-16.524565,-7,-100.601396,46.365081,0.490000,45.875081
306,-21.060221,-20.485978,-21.485978,-19.485978,noise,none,0.000000,-7,-100.601396,46.820154,0.490000,46.330154
307,-21.155176,-21.776330,-22.776330,-20.776330,noise,buy_from_mm,-20.776330,-8,-121.377726,47.863680,0.640000,47.223680
308,-22.083496,-20.290403,-21.290403,-19.290403,informed,sell_to_mm,-21.290403,-7,-100.087323,54.497151,0.490000,54.007151
309,-22.268474,-20.534176,-21.534176,-19.534176,noise,sell_to_mm,-21.534176,-6,-78.553148,55.057696,0.360000,54.697696
310,-19.829224,-22.964719,-23.964719,-21.964719,informed,buy_from_mm,-21.964719,-7,-100.517867,38.286699,0.490000,37.796699
311,-19.181896,-21.826936,-22.826936,-20.826936,informed,buy_from_mm,-20.826936,-8,-121.344803,32.110364,0.640000,31.470364
312,-18.151063,-16.054084,-17.054084,-15.054084,noise,none,0.000000,-8,-121.344803,23.863703,0.640000,23.223703
313,-16.322689,-12.385106,-13.385106,-11.385106,informed,sell_to_mm,-13.385106,-7,-107.959696,6.299128,0.490000,5.809128
314,-14.822296,-15.146612,-16.146612,-14.146612,noise,none,0.000000,-7,-107.959696,-4.203626,0.490000,-4.693626
315,-14.286507,-11.153382,-12.153382,-10.153382,noise,none,0.000000,-7,-107.959696,-7.954144,0.490000,-8.444144
316,-14.043210,-14.880899,-15.880899,-13.880899,informed,none,0.000000,-7,-107.959696,-9.657223,0.490000,-10.147223
317,-13.326290,-18.295294,-19.295294,-17.295294,noise,none,0.000000,-7,-107.959696,-14.675667,0.490000,-15.165667
318,-14.646528,-13.537497,-14.537497,-12.537497,informed,sell_to_mm,-14.537497,-6,-93.422200,-5.543033,0.360000,-5.903033
319,-14.706173,-13.792970,-14.792970,-12.792970,informed,none,0.000000,-6,-93.422200,-5.185162,0.360000,-5.545162
320,-15.553165,-15.405365,-16.405365,-14.405365,informed,none,0.000000,-6,-93.422200,-0.103208,0.360000,-0.463208
321,-14.150016,-12.841833,-13.841833,-11.841833,informed,sell_to_mm,-13.841833,-5,-79.580367,-8.830285,0.250000,-9.080285
322,-13.279585,-15.016642,-16.016642,-14.016642,informed,buy_from_mm,-14.016642,-6,-93.597009,-13.919501,0.360000,-14.279501
323,-11.946728,-7.128402,-8.128402,-6.128402,noise,buy_from_mm,-6.128402,-7,-99.725411,-16.098317,0.490000,-16.588317
324,-11.803642,-11.446097,-12.446097,-10.446097,informed,none,0.000000,-7,-99.725411,-17.099919,0.490000,-17.589919
325,-12.422586,-9.962566,-10.962566,-8.962566,noise,buy_from_mm,-8.962566,-8,-108.687976,-9.307291,0.640000,-9.947291
326,-13.198848,-14.395916,-15.395916,-13.395916,informed,buy_from_mm,-13.395916,-9,-122.083893,-3.294257,0.810000,-4.104257
327,-12.612707,-11.594482,-12.594482,-10.594482,noise,none,0.000000,-9,-122.083893,-8.569527,0.810000,-9.379527
328,-10.401376,-8.604902,-9.604902,-7.604902,noise,none,0.000000,-9,-122.083893,-28.471513,0.810000,-29.281513
329,-11.067335,-9.468020,-10.468020,-8.468020,noise,none,0.000000,-9,-122.083893,-22.477881,0.810000,-23.287881
330,-12.216467,-10.062252,-11.062252,-9.062252,noise,none,0.000000,-9,-122.083893,-12.135692,0.810000,-12.945692
331,-13.034006,-15.379005,-16.379005,-14.379005,informed,buy_from_mm,-14.379005,-10,-136.462897,-6.122839,1.000000,-7.122839
332,-14.077012,-14.596859,-15.596859,-13.596859,noise,none,0.000000,-10,-136.462897,4.307219,1.000000,3.307219
333,-14.109568,-18.887696,-19.887696,-17.887696,noise,none,0.000000,-10,-136.462897,4.632780,1.000000,3.632780
334,-12.996854,-13.195365,-14.195365,-12.195365,noise,buy_from_mm,-12.195365,-11,-148.658263,-5.692864,1.210000,-6.902864
335,-12.492277,-14.203377,-15.203377,-13.203377,noise,none,0.000000,-11,-148.658263,-11.243221,1.210000,-12.453221
336,-13.551247,-15.485397,-16.485397,-14.485397,noise,sell_to_mm,-16.485397,-10,-132.172865,3.339605,1.000000,2.339605
337,-12.886788,-14.631837,-15.631837,-13.631837,noise,sell_to_mm,-15.631837,-9,-116.541029,-0.559938,0.810000,-1.369938
338,-14.501739,-13.160382,-14.160382,-12.160382,noise,buy_from_mm,-12.160382,-10,-128.701410,16.315982,1.000000,15.315982
339,-14.061222,-14.253733,-15.253733,-13.253733,noise,none,0.000000,-10,-128.701410,11.910808,1.000000,10.910808
340,-13.247061,-15.516808,-16.516808,-14.516808,noise,sell_to_mm,-16.516808,-9,-112.184603,7.038944,0.810000,6.228944
341,-13.343375,-14.962295,-15.962295,-13.962295,informed,buy_from_mm,-13.962295,-10,-126.146898,7.286853,1.000000,6.286853
342,-12.417901,-12.946156,-13.946156,-11.946156,noise,none,0.000000,-10,-126.146898,-1.967886,1.000000,-2.967886
343,-12.394874,-13.076121,-14.076121,-12.076121,informed,none,0.000000,-10,-126.146898,-2.198157,1.000000,-3.198157
344,-12.829383,-14.399635,-15.399635,-13.399635,noise,sell_to_mm,-15.399635,-9,-110.747263,4.717182,0.810000,3.907182
345,-13.104673,-12.971138,-13.971138,-11.971138,noise,buy_from_mm,-11.971138,-10,-122.718401,8.328326,1.000000,7.328326
346,-13.563233,-15.289070,-16.289070,-14.289070,informed,buy_from_mm,-14.289070,-11,-137.007471,12.188088,1.210000,10.978088
347,-13.605323,-15.936276,-16.936276,-14.936276,informed,buy_from_mm,-14.936276,-12,-151.943747,11.320129,1.440000,9.880129
348,-13.568548,-13.210486,-14.210486,-12.210486,noise,none,0.000000,-12,-151.943747,10.878835,1.440000,9.438835
349,-14.450405,-14.079027,-15.079027,-13.079027,noise,none,0.000000,-12,-151.943747,21.461109,1.440000,20.021109
350,-13.088356,-13.676944,-14.676944,-12.676944,noise,none,0.000000,-12,-151.943747,5.116531,1.440000,3.676531
351,-11.821452,-11.161457,-12.161457,-10.161457,informed,none,0.000000,-12,-151.943747,-10.086325,1.440000,-11.526325
352,-11.363927,-13.929372,-14.929372,-12.929372,noise,none,0.000000,-12,-151.943747,-15.576626,1.440000,-17.016626
353,-14.430677,-16.579873,-17.579873,-15.579873,noise,buy_from_mm,-15.579873,-13,-167.523620,20.075178,1.690000,18.385178
354,-14.202902,-16.366654,-17.366654,-15.366654,noise,none,0.000000,-13,-167.523620,17.114110,1.690000,15.424110
355,-14.719336,-13.447365,-14.447365,-12.447365,noise,none,0.000000,-13,-167.523620,23.827746,1.690000,22.137746
356,-12.537483,-13.401985,-14.401985,-12.401985,informed,none,0.000000,-13,-167.523620,-4.536346,1.690000,-6.226346
357,-13.078311,-16.765849,-17.765849,-15.765849,noise,none,0.000000,-13,-167.523620,2.494427,1.690000,0.804427
358,-12.115647,-14.707221,-15.707221,-13.707221,noise,none,0.000000,-13,-167.523620,-10.020205,1.690000,-11.710205
359,-11.823180,-11.180826,-12.180826,-10.180826,informed,none,0.000000,-13,-167.523620,-13.822278,1.690000,-15.512278
360,-12.727614,-7.983408,-8.983408,-6.983408,noise,none,0.000000,-13,-167.523620,-2.064633,1.690000,-3.754633
361,-11.865030,-13.239489,-14.239489,-12.239489,noise,sell_to_mm,-14.239489,-12,-153.284131,-10.903772,1.440000,-12.343772
362,-12.194912,-12.662202,-13.662202,-11.662202,noise,none,0.000000,-12,-153.284131,-6.945186,1.440000,-8.385186
363,-12.836703,-13.020954,-14.020954,-12.020954,informed,none,0.000000,-12,-153.284131,0.756309,1.440000,-0.683691
364,-14.866989,-13.185648,-14.185648,-12.185648,informed,sell_to_mm,-14.185648,-11,-139.098483,24.438396,1.210000,23.228396
365,-14.792109,-14.797212,-15.797212,-13.797212,informed,none,0.000000,-11,-139.098483,23.614713,1.210000,22.404713
366,-14.041271,-8.330118,-9.330118,-7.330118,noise,none,0.000000,-11,-139.098483,15.355496,1.210000,14.145496
367,-14.341849,-13.147719,-14.147719,-12.147719,informed,sell_to_mm,-14.147719,-10,-124.950765,18.467726,1.000000,17.467726
368,-14.572699,-10.272660,-11.272660,-9.272660,informed,sell_to_mm,-11.272660,-9,-113.678105,17.476190,0.810000,16.666190
369,-15.090771,-11.490023,-12.490023,-10.490023,noise,none,0.000000,-9,-113.678105,22.138830,0.810000,21.328830
370,-15.267546,-14.418883,-15.418883,-13.418883,noise,none,0.000000,-9,-113.678105,23.729807,0.810000,22.919807
371,-14.534208,-14.473627,-15.473627,-13.473627,noise,sell_to_mm,-15.473627,-8,-98.204478,18.069187,0.640000,17.429187
372,-15.712627,-14.775284,-15.775284,-13.775284,informed,none,0.000000,-8,-98.204478,27.496538,0.640000,26.856538
373,-16.809828,-18.735873,-19.735873,-17.735873,noise,sell_to_mm,-19.735873,-7,-78.468605,39.200194,0.490000,38.710194
374,-14.474564,-14.527768,-15.527768,-13.527768,informed,none,0.000000,-7,-78.468605,22.853340,0.490000,22.363340
375,-14.091966,-16.362192,-17.362192,-15.362192,informed,buy_from_mm,-15.362192,-8,-93.830797,18.904935,0.640000,18.264935
376,-14.184787,-11.333743,-12.333743,-10.333743,informed,sell_to_mm,-12.333743,-7,-81.497054,17.796455,0.490000,17.306455
377,-13.602337,-11.300091,-12.300091,-10.300091,noise,none,0.000000,-7,-81.497054,13.719307,0.490000,13.229307
378,-12.276674,-12.965457,-13.965457,-11.965457,noise,none,0.000000,-7,-81.497054,4.439663,0.490000,3.949663
379,-12.518196,-13.734746,-14.734746,-12.734746,noise,none,0.000000,-7,-81.497054,6.130320,0.490000,5.640320
380,-12.704048,-15.094218,-16.094218,-14.094218,informed,buy_from_mm,-14.094218,-8,-95.591272,6.041110,0.640000,5.401110
381,-12.750788,-13.721733,-14.721733,-12.721733,noise,sell_to_mm,-14.721733,-7,-80.869539,8.385975,0.490000,7.895975
382,-11.761408,-11.232795,-12.232795,-10.232795,informed,none,0.000000,-7,-80.869539,1.460314,0.490000,0.970314
383,-12.989968,-17.268201,-18.268201,-16.268201,noise,none,0.000000,-7,-80.869539,10.060238,0.490000,9.570238
384,-12.325048,-13.900117,-14.900117,-12.900117,informed,buy_from_mm,-12.900117,-8,-93.769656,4.830724,0.640000,4.190724
385,-12.705780,-12.058237,-13.058237,-11.058237,noise,none,0.000000,-8,-93.769656,7.876586,0.640000,7.236586
386,-12.477746,-12.716808,-13.716808,-11.716808,noise,buy_from_mm,-11.716808,-9,-105.486464,6.813248,0.810000,6.003248
387,-13.809377,-15.961200,-16.961200,-14.961200,noise,none,0.000000,-9,-105.486464,18.797932,0.810000,17.987932
388,-14.111274,-14.154808,-15.154808,-13.154808,noise,none,0.000000,-9,-105.486464,21.515006,0.810000,20.705006
389,-13.202768,-12.370512,-13.370512,-11.370512,noise,none,0.000000,-9,-105.486464,13.338451,0.810000,12.528451
390,-14.150779,-15.267828,-16.267828,-14.267828,noise,none,0.000000,-9,-105.486464,21.870549,0.810000,21.060549
391,-12.963491,-13.893669,-14.893669,-12.893669,noise,buy_from_mm,-12.893669,-10,-118.380133,11.254776,1.000000,10.254776
392,-14.652413,-13.406937,-14.406937,-12.406937,informed,sell_to_mm,-14.406937,-9,-103.973196,27.898522,0.810000,27.088522
393,-16.451851,-14.237797,-15.237797,-13.237797,informed,sell_to_mm,-15.237797,-8,-88.735400,42.879404,0.640000,42.239404
394,-17.706827,-17.695805,-18.695805,-16.695805,informed,none,0.000000,-8,-88.735400,52.919218,0.640000,52.279218
395,-16.772151,-16.966641,-17.966641,-15.966641,noise,none,0.000000,-8,-88.735400,45.441808,0.640000,44.801808
396,-17.505872,-18.872787,-19.872787,-17.872787,informed,buy_from_mm,-17.872787,-9,-106.608187,50.944659,0.810000,50.134659
397,-17.329516,-16.372711,-17.372711,-15.372711,noise,sell_to_mm,-17.372711,-8,-89.235475,49.400654,0.640000,48.760654
398,-17.140580,-17.055153,-18.055153,-16.055153,noise,none,0.000000,-8,-89.235475,47.889164,0.640000,47.249164
399,-16.774060,-19.832750,-20.832750,-18.832750,noise,sell_to_mm,-20.832750,-7,-68.402726,49.015691,0.490000,48.525691
400,-16.084475,-15.177465,-16.177465,-14.177465,informed,none,0.000000,-7,-68.402726,44.188598,0.490000,43.698598
401,-16.126950,-15.381551,-16.381551,-14.381551,noise,buy_from_mm,-14.381551,-8,-82.784277,46.231327,0.640000,45.591327
402,-15.430413,-15.567169,-16.567169,-14.567169,noise,none,0.000000,-8,-82.784277,40.659025,0.640000,40.019025
403,-15.438578,-17.933877,-18.933877,-16.933877,noise,none,0.000000,-8,-82.784277,40.724345,0.640000,40.084345
404,-17.223696,-17.823243,-18.823243,-16.823243,noise,none,0.000000,-8,-82.784277,55.005294,0.640000,54.365294
405,-18.819913,-18.706748,-19.706748,-17.706748,noise,none,0.000000,-8,-82.784277,67.775029,0.640000,67.135029
406,-17.928630,-16.749061,-17.749061,-15.749061,noise,sell_to_mm,-17.749061,-7,-65.035216,60.465197,0.490000,59.975197
407,-18.550241,-21.174455,-22.174455,-20.174455,noise,sell_to_mm,-22.174455,-6,-42.860761,68.440682,0.360000,68.080682
408,-19.850638,-16.441536,-17.441536,-15.441536,informed,sell_to_mm,-17.441536,-5,-25.419225,73.833966,0.250000,73.583966
409,-20.280705,-20.536208,-21.536208,-19.536208,noise,none,0.000000,-5,-25.419225,75.984301,0.250000,75.734301
410,-20.115956,-20.422750,-21.422750,-19.422750,informed,none,0.000000,-5,-25.419225,75.160556,0.250000,74.910556
411,-18.478954,-18.952166,-19.952166,-17.952166,noise,none,0.000000,-5,-25.419225,66.975547,0.250000,66.725547
412,-17.257602,-16.577533,-17.577533,-15.577533,informed,none,0.000000,-5,-25.419225,60.868785,0.250000,60.618785
413,-18.400747,-19.311203,-20.311203,-18.311203,noise,none,0.000000,-5,-25.419225,66.584508,0.250000,66.334508
414,-18.007169,-15.114536,-16.114536,-14.114536,noise,buy_from_mm,-14.114536,-6,-39.533761,68.509254,0.360000,68.149254
415,-18.702760,-19.868030,-20.868030,-18.868030,noise,none,0.000000,-6,-39.533761,72.682799,0.360000,72.322799
416,-19.120963,-18.742543,-19.742543,-17.742543,noise,none,0.000000,-6,-39.533761,75.192015,0.360000,74.832015
417,-20.824271,-23.399924,-24.399924,-22.399924,noise,sell_to_mm,-24.399924,-5,-15.133837,88.987518,0.250000,88.737518
418,-21.471230,-21.301749,-22.301749,-20.301749,noise,none,0.000000,-5,-15.133837,92.222313,0.250000,91.972313
419,-20.953374,-19.653710,-20.653710,-18.653710,noise,none,0.000000,-5,-15.133837,89.633032,0.250000,89.383032
420,-20.335331,-19.609008,-20.609008,-18.609008,informed,none,0.000000,-5,-15.133837,86.542817,0.250000,86.292817
421,-20.360545,-19.949155,-20.949155,-18.949155,informed,none,0.000000,-5,-15.133837,86.668887,0.250000,86.418887
422,-18.924357,-19.328237,-20.328237,-18.328237,noise,none,0.000000,-5,-15.133837,79.487947,0.250000,79.237947
423,-20.121762,-18.779033,-19.779033,-17.779033,informed,sell_to_mm,-19.779033,-4,4.645196,85.132244,0.160000,84.972244
424,-19.993147,-20.991954,-21.991954,-19.991954,informed,none,0.000000,-4,4.645196,84.617784,0.160000,84.457784
425,-20.153758,-21.716300,-22.716300,-20.716300,informed,buy_from_mm,-20.716300,-5,-16.071104,84.697684,0.250000,84.447684
426,-19.920269,-20.936613,-21.936613,-19.936613,informed,buy_from_mm,-19.936613,-6,-36.007717,83.513895,0.360000,83.153895
427,-18.653570,-19.494939,-20.494939,-18.494939,noise,none,0.000000,-6,-36.007717,75.913701,0.360000,75.553701
428,-19.076400,-19.895799,-20.895799,-18.895799,informed,none,0.000000,-6,-36.007717,78.450685,0.360000,78.090685
429,-20.557974,-16.381775,-17.381775,-15.381775,noise,none,0.000000,-6,-36.007717,87.340129,0.360000,86.980129
430,-21.858898,-20.906261,-21.906261,-19.906261,noise,buy_from_mm,-19.906261,-7,-55.913978,97.098305,0.490000,96.608305
431,-22.596286,-25.981023,-26.981023,-24.981023,noise,none,0.000000,-7,-55.913978,102.260023,0.490000,101.770023
432,-22.022709,-19.925801,-20.925801,-18.925801,informed,sell_to_mm,-20.925801,-6,-34.988177,97.148077,0.360000,96.788077
433,-21.973107,-23.908149,-24.908149,-22.908149,informed,buy_from_mm,-22.908149,-7,-57.896326,95.915424,0.490000,95.425424
434,-23.937189,-22.665213,-23.665213,-21.665213,noise,none,0.000000,-7,-57.896326,109.663994,0.490000,109.173994
435,-22.576055,-18.658840,-19.658840,-17.658840,noise,none,0.000000,-7,-57.896326,100.136056,0.490000,99.646056
436,-23.431802,-25.620225,-26.620225,-24.620225,noise,none,0.000000,-7,-57.896326,106.126290,0.490000,105.636290
437,-24.282949,-24.008343,-25.008343,-23.008343,noise,none,0.000000,-7,-57.896326,112.084316,0.490000,111.594316
438,-22.409080,-21.587784,-22.587784,-20.587784,informed,none,0.000000,-7,-57.896326,98.967234,0.490000,98.477234
439,-24.451950,-22.733330,-23.733330,-21.733330,noise,sell_to_mm,-23.733330,-6,-34.162996,112.548701,0.360000,112.188701
440,-24.465071,-23.211694,-24.211694,-22.211694,informed,sell_to_mm,-24.211694,-5,-9.951302,112.374052,0.250000,112.124052
441,-24.072986,-21.732472,-22.732472,-20.732472,informed,sell_to_mm,-22.732472,-4,12.781170,109.073113,0.160000,108.913113
442,-24.075519,-22.394643,-23.394643,-21.394643,noise,none,0.000000,-4,12.781170,109.083247,0.160000,108.923247
443,-25.100019,-27.401015,-28.401015,-26.401015,noise,buy_from_mm,-26.401015,-5,-13.619846,111.880248,0.250000,111.630248
444,-25.442918,-27.183045,-28.183045,-26.183045,informed,buy_from_mm,-26.183045,-6,-39.802891,112.854616,0.360000,112.494616
445,-26.483171,-26.734545,-27.734545,-25.734545,informed,none,0.000000,-6,-39.802891,119.096138,0.360000,118.736138
446,-26.258831,-24.810524,-25.810524,-23.810524,noise,none,0.000000,-6,-39.802891,117.750095,0.360000,117.390095
447,-26.682394,-25.045527,-26.045527,-24.045527,noise,none,0.000000,-6,-39.802891,120.291471,0.360000,119.931471
448,-28.234678,-26.008964,-27.008964,-25.008964,noise,none,0.000000,-6,-39.802891,129.605176,0.360000,129.245176
449,-28.714950,-28.420030,-29.420030,-27.420030,noise,none,0.000000,-6,-39.802891,132.486810,0.360000,132.126810
450,-26.579715,-29.136490,-30.136490,-28.136490,noise,none,0.000000,-6,-39.802891,119.675400,0.360000,119.315400
451,-25.940137,-27.912861,-28.912861,-26.912861,noise,none,0.000000,-6,-39.802891,115.837929,0.360000,115.477929
452,-25.941321,-23.336278,-24.336278,-22.336278,noise,none,0.000000,-6,-39.802891,115.845035,0.360000,115.485035
453,-26.189883,-26.389414,-27.389414,-25.389414,noise,sell_to_mm,-27.389414,-5,-12.413477,118.535937,0.250000,118.285937
454,-26.552692,-25.600987,-26.600987,-24.600987,noise,buy_from_mm,-24.600987,-6,-37.014464,122.301688,0.360000,121.941688
455,-26.554373,-22.476038,-23.476038,-21.476038,noise,none,0.000000,-6,-37.014464,122.311773,0.360000,121.951773
456,-25.461094,-24.202230,-25.202230,-23.202230,informed,sell_to_mm,-25.202230,-5,-11.812234,115.493234,0.250000,115.243234
457,-27.494062,-29.096638,-30.096638,-28.096638,noise,buy_from_mm,-28.096638,-6,-39.908872,125.055501,0.360000,124.695501
458,-26.822281,-27.927639,-28.927639,-26.927639,noise,none,0.000000,-6,-39.908872,121.024812,0.360000,120.664812
459,-25.376647,-25.694969,-26.694969,-24.694969,noise,sell_to_mm,-26.694969,-5,-13.213903,113.669334,0.250000,113.419334
460,-24.499843,-28.522770,-29.522770,-27.522770,noise,none,0.000000,-5,-13.213903,109.285315,0.250000,109.035315
461,-26.228705,-24.850364,-25.850364,-23.850364,informed,sell_to_mm,-25.850364,-4,12.636461,117.551280,0.160000,117.391280
462,-25.500090,-23.525311,-24.525311,-22.525311,noise,none,0.000000,-4,12.636461,114.636822,0.160000,114.476822
463,-25.775318,-23.374330,-24.374330,-22.374330,noise,buy_from_mm,-22.374330,-5,-9.737868,119.138724,0.250000,118.888724
464,-25.727265,-26.993675,-27.993675,-25.993675,noise,none,0.000000,-5,-9.737868,118.898459,0.250000,118.648459
465,-25.921806,-25.200884,-26.200884,-24.200884,noise,none,0.000000,-5,-9.737868,119.871161,0.250000,119.621161
466,-25.298743,-24.718784,-25.718784,-23.718784,noise,sell_to_mm,-25.718784,-4,15.980916,117.175886,0.160000,117.015886
467,-24.970752,-21.546431,-22.546431,-20.546431,informed,sell_to_mm,-22.546431,-3,38.527346,113.439604,0.090000,113.349604
468,-24.808493,-23.716473,-24.716473,-22.716473,noise,none,0.000000,-3,38.527346,112.952826,0.090000,112.862826
469,-27.464906,-28.191799,-29.191799,-27.191799,informed,none,0.000000,-3,38.527346,120.922066,0.090000,120.832066
470,-27.147056,-27.181779,-28.181779,-26.181779,informed,none,0.000000,-3,38.527346,119.968514,0.090000,119.878514
471,-26.239383,-27.199346,-28.199346,-26.199346,noise,none,0.000000,-3,38.527346,117.245497,0.090000,117.155497
472,-26.083555,-26.354614,-27.354614,-25.354614,informed,none,0.000000,-3,38.527346,116.778012,0.090000,116.688012
473,-27.313150,-27.487952,-28.487952,-26.487952,noise,none,0.000000,-3,38.527346,120.466797,0.090000,120.376797
474,-26.553861,-28.383926,-29.383926,-27.383926,noise,none,0.000000,-3,38.527346,118.188929,0.090000,118.098929
475,-24.651323,-26.411894,-27.411894,-25.411894,noise,none,0.000000,-3,38.527346,112.481315,0.090000,112.391315
476,-23.370294,-20.803668,-21.803668,-19.803668,noise,none,0.000000,-3,38.527346,108.638228,0.090000,108.548228
477,-23.642465,-24.328393,-25.328393,-23.328393,informed,none,0.000000,-3,38.527346,109.454741,0.090000,109.364741
478,-23.511801,-21.559345,-22.559345,-20.559345,noise,buy_from_mm,-20.559345,-4,17.968001,112.015206,0.160000,111.855206
479,-23.422016,-22.641320,-23.641320,-21.641320,noise,none,0.000000,-4,17.968001,111.656067,0.160000,111.496067
480,-24.878439,-22.332942,-23.332942,-21.332942,informed,sell_to_mm,-23.332942,-3,41.300944,115.936260,0.090000,115.846260
481,-25.703190,-29.798183,-30.798183,-28.798183,noise,none,0.000000,-3,41.300944,118.410513,0.090000,118.320513
482,-23.934035,-22.574878,-23.574878,-21.574878,noise,sell_to_mm,-23.574878,-2,64.875822,112.743891,0.040000,112.703891
483,-22.835505,-22.046891,-23.046891,-21.046891,informed,none,0.000000,-2,64.875822,110.546831,0.040000,110.506831
484,-20.804568,-19.428707,-20.428707,-18.428707,informed,sell_to_mm,-20.428707,-1,85.304528,106.109097,0.010000,106.099097
485,-20.966676,-23.528906,-24.528906,-22.528906,noise,none,0.000000,-1,85.304528,106.271205,0.010000,106.261205
486,-21.029919,-20.736386,-21.736386,-19.736386,informed,none,0.000000,-1,85.304528,106.334447,0.010000,106.324447
487,-19.407645,-19.376638,-20.376638,-18.376638,noise,none,0.000000,-1,85.304528,104.712173,0.010000,104.702173
488,-19.901679,-21.283283,-22.283283,-20.283283,noise,none,0.000000,-1,85.304528,105.206208,0.010000,105.196208
489,-20.217401,-19.320496,-20.320496,-18.320496,informed,none,0.000000,-1,85.304528,105.521929,0.010000,105.511929
490,-20.103279,-16.610016,-17.610016,-15.610016,noise,none,0.000000,-1,85.304528,105.407807,0.010000,105.397807
491,-20.993632,-22.802438,-23.802438,-21.802438,informed,buy_from_mm,-21.802438,-2,63.502090,105.489354,0.040000,105.449354
492,-21.516859,-27.554985,-28.554985,-26.554985,informed,buy_from_mm,-26.554985,-3,36.947106,101.497682,0.090000,101.407682
493,-22.282925,-20.058614,-21.058614,-19.058614,noise,none,0.000000,-3,36.947106,103.795881,0.090000,103.705881
494,-22.256040,-21.536027,-22.536027,-20.536027,informed,none,0.000000,-3,36.947106,103.715225,0.090000,103.625225
495,-22.717813,-22.667733,-23.667733,-21.667733,informed,none,0.000000,-3,36.947106,105.100543,0.090000,105.010543
496,-23.462231,-21.872131,-22.872131,-20.872131,noise,none,0.000000,-3,36.947106,107.333799,0.090000,107.243799
497,-23.869190,-24.402662,-25.402662,-23.402662,informed,none,0.000000,-3,36.947106,108.554676,0.090000,108.464676
498,-22.877987,-25.496055,-26.496055,-24.496055,noise,buy_from_mm,-24.496055,-4,12.451051,103.963001,0.160000,103.803001
499,-23.375245,-22.310716,-23.310716,-21.310716,noise,buy_from_mm,-21.310716,-5,-8.859665,108.016560,0.250000,107.766560
500,-22.371306,-25.075835,-26.075835,-24.075835,noise,buy_from_mm,-24.075835,-6,-32.935500,101.292338,0.360000,100.932338
501,-22.052448,-19.873887,-20.873887,-18.873887,informed,sell_to_mm,-20.873887,-5,-12.061613,98.200628,0.250000,97.950628
502,-21.861859,-22.778970,-23.778970,-21.778970,informed,none,0.000000,-5,-12.061613,97.247681,0.250000,96.997681
503,-23.593077,-21.254724,-22.254724,-20.254724,informed,sell_to_mm,-22.254724,-4,10.193111,104.565418,0.160000,104.405418
504,-23.904806,-24.170651,-25.170651,-23.170651,informed,none,0.000000,-4,10.193111,105.812334,0.160000,105.652334
505,-23.622409,-22.464852,-23.464852,-21.464852,noise,sell_to_mm,-23.464852,-3,33.657963,104.525190,0.090000,104.435190
506,-23.724991,-25.377246,-26.377246,-24.377246,noise,none,0.000000,-3,33.657963,104.832936,0.090000,104.742936
507,-24.239063,-25.346536,-26.346536,-24.346536,informed,buy_from_mm,-24.346536,-4,9.311427,106.267677,0.160000,106.107677
508,-23.789524,-28.645565,-29.645565,-27.645565,noise,sell_to_mm,-29.645565,-3,38.956992,110.325565,0.090000,110.235565
509,-26.490775,-29.204975,-30.204975,-28.204975,informed,buy_from_mm,-28.204975,-4,10.752017,116.715118,0.160000,116.555118
510,-27.976707,-28.837349,-29.837349,-27.837349,noise,buy_from_mm,-27.837349,-5,-17.085332,122.798205,0.250000,122.548205
511,-27.868985,-24.534052,-25.534052,-23.534052,noise,none,0.000000,-5,-17.085332,122.259592,0.250000,122.009592
512,-28.041026,-28.665622,-29.665622,-27.665622,noise,none,0.000000,-5,-17.085332,123.119800,0.250000,122.869800
513,-29.433431,-30.096976,-31.096976,-29.096976,noise,none,0.000000,-5,-17.085332,130.081824,0.250000,129.831824
514,-28.916955,-28.414668,-29.414668,-27.414668,noise,none,0.000000,-5,-17.085332,127.499445,0.250000,127.249445
515,-29.905602,-28.214972,-29.214972,-27.214972,noise,none,0.000000,-5,-17.085332,132.442679,0.250000,132.192679
516,-29.002007,-30.240165,-31.240165,-29.240165,noise,none,0.000000,-5,-17.085332,127.924705,0.250000,127.674705
517,-27.448360,-23.328782,-24.328782,-22.328782,noise,none,0.000000,-5,-17.085332,120.156470,0.250000,119.906470
518,-26.426229,-24.119133,-25.119133,-23.119133,noise,buy_from_mm,-23.119133,-6,-40.204465,118.352908,0.360000,117.992908
519,-26.614208,-25.767336,-26.767336,-24.767336,noise,none,0.000000,-6,-40.204465,119.480780,0.360000,119.120780
520,-27.575916,-29.982873,-30.982873,-28.982873,noise,buy_from_mm,-28.982873,-7,-69.187337,123.844074,0.490000,123.354074
521,-27.589604,-26.658369,-27.658369,-25.658369,noise,none,0.000000,-7,-69.187337,123.939889,0.490000,123.449889
522,-27.248774,-25.651145,-26.651145,-24.651145,informed,sell_to_mm,-26.651145,-6,-42.536192,120.956450,0.360000,120.596450
523,-28.612167,-27.369960,-28.369960,-26.369960,noise,sell_to_mm,-28.369960,-5,-14.166232,128.894605,0.250000,128.644605
524,-29.659491,-34.850358,-35.850358,-33.850358,informed,buy_from_mm,-33.850358,-6,-48.016590,129.940358,0.360000,129.580358
525,-29.166213,-28.756245,-29.756245,-27.756245,noise,none,0.000000,-6,-48.016590,126.980689,0.360000,126.620689
526,-29.786466,-26.280925,-27.280925,-25.280925,noise,sell_to_mm,-27.280925,-5,-20.735665,128.196665,0.250000,127.946665
527,-29.726785,-30.346959,-31.346959,-29.346959,noise,none,0.000000,-5,-20.735665,127.898258,0.250000,127.648258
528,-30.894861,-30.621539,-31.621539,-29.621539,informed,none,0.000000,-5,-20.735665,133.738642,0.250000,133.488642
529,-30.724279,-31.802915,-32.802915,-30.802915,noise,none,0.000000,-5,-20.735665,132.885730,0.250000,132.635730
530,-31.919388,-33.382524,-34.382524,-32.382524,informed,buy_from_mm,-32.382524,-6,-53.118189,138.398137,0.360000,138.038137
531,-31.235681,-30.602108,-31.602108,-29.602108,noise,buy_from_mm,-29.602108,-7,-82.720297,135.929468,0.490000,135.439468
532,-29.861528,-30.797925,-31.797925,-29.797925,noise,none,0.000000,-7,-82.720297,126.310398,0.490000,125.820398
533,-29.575141,-29.487189,-30.487189,-28.487189,noise,buy_from_mm,-28.487189,-8,-111.207486,125.393642,0.640000,124.753642
534,-31.342718,-33.466113,-34.466113,-32.466113,informed,buy_from_mm,-32.466113,-9,-143.673599,138.410862,0.810000,137.600862
535,-32.528669,-33.921206,-34.921206,-32.921206,informed,buy_from_mm,-32.921206,-10,-176.594805,148.691882,1.000000,147.691882
536,-33.741221,-31.403299,-32.403299,-30.403299,noise,none,0.000000,-10,-176.594805,160.817407,1.000000,159.817407
537,-33.998867,-33.164002,-34.164002,-32.164002,informed,none,0.000000,-10,-176.594805,163.393868,1.000000,162.393868
538,-32.025557,-33.083302,-34.083302,-32.083302,noise,none,0.000000,-10,-176.594805,143.660766,1.000000,142.660766
539,-32.075341,-29.586894,-30.586894,-28.586894,noise,none,0.000000,-10,-176.594805,144.158606,1.000000,143.158606
540,-32.698176,-33.243783,-34.243783,-32.243783,noise,none,0.000000,-10,-176.594805,150.386959,1.000000,149.386959
541,-33.166700,-33.336071,-34.336071,-32.336071,informed,none,0.000000,-10,-176.594805,155.072193,1.000000,154.072193
542,-32.697257,-32.717974,-33.717974,-31.717974,informed,none,0.000000,-10,-176.594805,150.377766,1.000000,149.377766
543,-33.050452,-32.951846,-33.951846,-31.951846,noise,none,0.000000,-10,-176.594805,153.909717,1.000000,152.909717
544,-34.214871,-33.486928,-34.486928,-32.486928,informed,none,0.000000,-10,-176.594805,165.553905,1.000000,164.553905
545,-34.147786,-32.399620,-33.399620,-31.399620,noise,none,0.000000,-10,-176.594805,164.883052,1.000000,163.883052
546,-33.447534,-32.188616,-33.188616,-31.188616,noise,sell_to_mm,-33.188616,-9,-143.406189,157.621613,0.810000,156.811613
547,-32.586306,-36.308633,-37.308633,-35.308633,noise,none,0.000000,-9,-143.406189,149.870565,0.810000,149.060565
548,-34.694424,-32.564950,-33.564950,-31.564950,informed,sell_to_mm,-33.564950,-8,-109.841239,167.714150,0.640000,167.074150
549,-34.422947,-32.117784,-33.117784,-31.117784,noise,none,0.000000,-8,-109.841239,165.542339,0.640000,164.902339
550,-36.261479,-36.953713,-37.953713,-35.953713,informed,none,0.000000,-8,-109.841239,180.250595,0.640000,179.610595
551,-36.055600,-34.995961,-35.995961,-33.995961,informed,sell_to_mm,-35.995961,-7,-73.845278,178.543920,0.490000,178.053920
552,-35.441942,-34.725948,-35.725948,-33.725948,noise,none,0.000000,-7,-73.845278,174.248313,0.490000,173.758313
553,-37.771174,-38.942966,-39.942966,-37.942966,informed,buy_from_mm,-37.942966,-8,-111.788244,190.381146,0.640000,189.741146
554,-39.235469,-39.860789,-40.860789,-38.860789,informed,none,0.000000,-8,-111.788244,202.095506,0.640000,201.455506
555,-40.146686,-42.759720,-43.759720,-41.759720,noise,none,0.000000,-8,-111.788244,209.385242,0.640000,208.745242
556,-40.976700,-40.466437,-41.466437,-39.466437,informed,none,0.000000,-8,-111.788244,216.025354,0.640000,215.385354
557,-41.597119,-39.367079,-40.367079,-38.367079,informed,sell_to_mm,-40.367079,-7,-71.421165,219.758667,0.490000,219.268667
558,-41.832524,-42.193760,-43.193760,-41.193760,informed,none,0.000000,-7,-71.421165,221.406504,0.490000,220.916504
559,-41.067511,-37.658558,-38.658558,-36.658558,informed,sell_to_mm,-38.658558,-6,-32.762607,213.642460,0.360000,213.282460
560,-41.616048,-40.742756,-41.742756,-39.742756,informed,none,0.000000,-6,-32.762607,216.933684,0.360000,216.573684
561,-41.777853,-43.077257,-44.077257,-42.077257,noise,none,0.000000,-6,-32.762607,217.904511,0.360000,217.544511
562,-43.449659,-45.155501,-46.155501,-44.155501,informed,buy_from_mm,-44.155501,-7,-76.918108,227.229506,0.490000,226.739506
563,-44.407586,-39.261407,-40.261407,-38.261407,informed,sell_to_mm,-40.261407,-6,-36.656700,229.788813,0.360000,229.428813
564,-46.154865,-44.861086,-45.861086,-43.861086,noise,none,0.000000,-6,-36.656700,240.272487,0.360000,239.912487
565,-47.002929,-51.554727,-52.554727,-50.554727,informed,buy_from_mm,-50.554727,-7,-87.211427,241.809075,0.490000,241.319075
566,-45.341599,-45.886917,-46.886917,-44.886917,noise,none,0.000000,-7,-87.211427,230.179765,0.490000,229.689765
567,-46.339062,-45.915349,-46.915349,-44.915349,noise,sell_to_mm,-46.915349,-6,-40.296078,237.738295,0.360000,237.378295
568,-45.732465,-48.068227,-49.068227,-47.068227,informed,buy_from_mm,-47.068227,-7,-87.364305,232.762952,0.490000,232.272952
569,-44.665283,-44.623048,-45.623048,-43.623048,noise,none,0.000000,-7,-87.364305,225.292676,0.490000,224.802676
570,-44.433992,-46.222356,-47.222356,-45.222356,informed,buy_from_mm,-45.222356,-8,-132.586660,222.885279,0.640000,222.245279
571,-44.597992,-46.006502,-47.006502,-45.006502,noise,none,0.000000,-8,-132.586660,224.197278,0.640000,223.557278
572,-45.018092,-45.898576,-46.898576,-44.898576,informed,none,0.000000,-8,-132.586660,227.558077,0.640000,226.918077
573,-44.632649,-43.471569,-44.471569,-42.471569,informed,sell_to_mm,-44.471569,-7,-88.115091,224.313449,0.490000,223.823449
574,-44.040683,-44.227472,-45.227472,-43.227472,noise,none,0.000000,-7,-88.115091,220.169692,0.490000,219.679692
575,-45.190214,-44.560085,-45.560085,-43.560085,noise,sell_to_mm,-45.560085,-6,-42.555006,228.586275,0.360000,228.226275
576,-45.304191,-43.647415,-44.647415,-42.647415,noise,sell_to_mm,-44.647415,-5,2.092408,228.613364,0.250000,228.363364
577,-45.356401,-43.611396,-44.611396,-42.611396,noise,sell_to_mm,-44.611396,-4,46.703804,228.129409,0.160000,227.969409
578,-47.296598,-44.124644,-45.124644,-43.124644,noise,none,0.000000,-4,46.703804,235.890198,0.160000,235.730198
579,-45.673793,-43.298799,-44.298799,-42.298799,informed,sell_to_mm,-44.298799,-3,91.002603,228.023984,0.090000,227.933984
580,-47.583684,-48.384944,-49.384944,-47.384944,noise,none,0.000000,-3,91.002603,233.753655,0.090000,233.663655
581,-49.565489,-50.614606,-51.614606,-49.614606,informed,buy_from_mm,-49.614606,-4,41.387997,239.649953,0.160000,239.489953
582,-50.314487,-51.621209,-52.621209,-50.621209,noise,none,0.000000,-4,41.387997,242.645945,0.160000,242.485945
583,-49.809870,-46.379019,-47.379019,-45.379019,noise,none,0.000000,-4,41.387997,240.627477,0.160000,240.467477
584,-50.535250,-52.070348,-53.070348,-51.070348,informed,buy_from_mm,-51.070348,-5,-9.682351,242.993897,0.250000,242.743897
585,-52.210163,-51.639087,-52.639087,-50.639087,noise,none,0.000000,-5,-9.682351,251.368463,0.250000,251.118463
586,-53.817724,-56.822528,-57.822528,-55.822528,informed,buy_from_mm,-55.822528,-6,-65.504878,257.401463,0.360000,257.041463
587,-53.498309,-53.890642,-54.890642,-52.890642,noise,none,0.000000,-6,-65.504878,255.484976,0.360000,255.124976
588,-53.781206,-54.510761,-55.510761,-53.510761,noise,buy_from_mm,-53.510761,-7,-119.015640,257.452801,0.490000,256.962801
589,-54.671276,-55.063952,-56.063952,-54.063952,noise,none,0.000000,-7,-119.015640,263.683295,0.490000,263.193295
590,-55.568124,-54.613122,-55.613122,-53.613122,noise,sell_to_mm,-55.613122,-6,-63.402517,270.006226,0.360000,269.646226
591,-55.194217,-55.865501,-56.865501,-54.865501,noise,buy_from_mm,-54.865501,-7,-118.268018,268.091500,0.490000,267.601500
592,-54.977715,-54.298010,-55.298010,-53.298010,noise,none,0.000000,-7,-118.268018,266.575984,0.490000,266.085984
593,-54.713907,-56.224986,-57.224986,-55.224986,noise,none,0.000000,-7,-118.268018,264.729332,0.490000,264.239332
594,-54.506807,-52.321913,-53.321913,-51.321913,noise,none,0.000000,-7,-118.268018,263.279630,0.490000,262.789630
595,-53.793520,-53.124429,-54.124429,-52.124429,informed,none,0.000000,-7,-118.268018,258.286622,0.490000,257.796622
596,-54.380789,-57.258014,-58.258014,-56.258014,noise,none,0.000000,-7,-118.268018,262.397504,0.490000,261.907504
597,-54.572206,-55.092002,-56.092002,-54.092002,noise,buy_from_mm,-54.092002,-8,-172.360020,264.217624,0.640000,263.577624
598,-54.604362,-52.258128,-53.258128,-51.258128,noise,none,0.000000,-8,-172.360020,264.474878,0.640000,263.834878
599,-53.446776,-52.455180,-53.455180,-51.455180,informed,none,0.000000,-8,-172.360020,255.214187,0.640000,254.574187
600,-52.380808,-52.294514,-53.294514,-51.294514,noise,sell_to_mm,-53.294514,-7,-119.065506,247.600148,0.490000,247.110148
601,-50.332513,-47.380425,-48.380425,-46.380425,informed,sell_to_mm,-48.380425,-6,-70.685081,231.309998,0.360000,230.949998
602,-51.403423,-55.226129,-56.226129,-54.226129,noise,buy_from_mm,-54.226129,-7,-124.911210,234.912751,0.490000,234.422751
603,-51.185986,-49.543803,-50.543803,-48.543803,informed,sell_to_mm,-50.543803,-6,-74.367408,232.748511,0.360000,232.388511
604,-50.909893,-49.808247,-50.808247,-48.808247,noise,none,0.000000,-6,-74.367408,231.091952,0.360000,230.731952
605,-51.289348,-48.474912,-49.474912,-47.474912,noise,buy_from_mm,-47.474912,-7,-121.842320,237.183115,0.490000,236.693115
606,-51.881797,-50.219426,-51.219426,-49.219426,noise,none,0.000000,-7,-121.842320,241.330255,0.490000,240.840255
607,-51.208716,-49.422920,-50.422920,-48.422920,informed,sell_to_mm,-50.422920,-6,-71.419400,235.832898,0.360000,235.472898
608,-50.357542,-48.746624,-49.746624,-47.746624,noise,none,0.000000,-6,-71.419400,230.725850,0.360000,230.365850
609,-50.401074,-55.228802,-56.228802,-54.228802,informed,buy_from_mm,-54.228802,-7,-125.648202,227.159316,0.490000,226.669316
610,-51.777172,-50.938490,-51.938490,-49.938490,noise,none,0.000000,-7,-125.648202,236.792003,0.490000,236.302003
611,-50.490333,-47.866880,-48.866880,-46.866880,informed,sell_to_mm,-48.866880,-6,-76.781323,226.160678,0.360000,225.800678
612,-48.830092,-49.862255,-50.862255,-48.862255,noise,buy_from_mm,-48.862255,-7,-125.643578,216.167065,0.490000,215.677065
613,-49.487480,-43.128255,-44.128255,-42.128255,noise,buy_from_mm,-42.128255,-8,-167.771833,228.128010,0.640000,227.488010
614,-50.784460,-52.816210,-53.816210,-51.816210,noise,sell_to_mm,-53.816210,-7,-113.955623,241.535596,0.490000,241.045596
615,-49.242175,-49.918836,-50.918836,-48.918836,noise,none,0.000000,-7,-113.955623,230.739603,0.490000,230.249603
616,-49.056046,-48.151029,-49.151029,-47.151029,noise,none,0.000000,-7,-113.955623,229.436697,0.490000,228.946697
617,-49.316318,-51.487086,-52.487086,-50.487086,noise,none,0.000000,-7,-113.955623,231.258601,0.490000,230.768601
618,-48.545916,-47.100641,-48.100641,-46.100641,informed,sell_to_mm,-48.100641,-6,-65.854982,225.420512,0.360000,225.060512
619,-49.455211,-46.754615,-47.754615,-45.754615,noise,none,0.000000,-6,-65.854982,230.876282,0.360000,230.516282
620,-50.461717,-46.039471,-47.039471,-45.039471,informed,sell_to_mm,-47.039471,-5,-18.815511,233.493076,0.250000,233.243076
621,-50.183557,-49.278050,-50.278050,-48.278050,informed,none,0.000000,-5,-18.815511,232.102276,0.250000,231.852276
622,-50.435005,-50.558380,-51.558380,-49.558380,noise,none,0.000000,-5,-18.815511,233.359515,0.250000,233.109515
623,-51.307105,-49.616903,-50.616903,-48.616903,informed,sell_to_mm,-50.616903,-4,31.801392,237.029813,0.160000,236.869813
624,-49.745969,-49.360397,-50.360397,-48.360397,informed,none,0.000000,-4,31.801392,230.785269,0.160000,230.625269
625,-49.582773,-50.425852,-51.425852,-49.425852,noise,buy_from_mm,-49.425852,-5,-17.624459,230.289404,0.250000,230.039404
626,-49.899440,-49.153516,-50.153516,-48.153516,noise,none,0.000000,-5,-17.624459,231.872743,0.250000,231.622743
627,-48.984727,-51.709753,-52.709753,-50.709753,noise,sell_to_mm,-52.709753,-4,35.085294,231.024201,0.160000,230.864201
628,-47.900987,-45.493517,-46.493517,-44.493517,noise,none,0.000000,-4,35.085294,226.689240,0.160000,226.529240
629,-48.878250,-47.913147,-48.913147,-46.913147,informed,none,0.000000,-4,35.085294,230.598294,0.160000,230.438294
630,-48.305139,-48.325357,-49.325357,-47.325357,informed,none,0.000000,-4,35.085294,228.305849,0.160000,228.145849
631,-47.144887,-52.688304,-53.688304,-51.688304,noise,none,0.000000,-4,35.085294,223.664842,0.160000,223.504842
632,-46.676049,-48.076838,-49.076838,-47.076838,noise,none,0.000000,-4,35.085294,221.789491,0.160000,221.629491
633,-45.545564,-44.820280,-45.820280,-43.820280,noise,none,0.000000,-4,35.085294,217.267552,0.160000,217.107552
634,-44.971936,-46.040507,-47.040507,-45.040507,noise,buy_from_mm,-45.040507,-5,-9.955213,214.904466,0.250000,214.654466
635,-45.859195,-43.746386,-44.746386,-42.746386,informed,sell_to_mm,-44.746386,-4,34.791173,218.227955,0.160000,218.067955
636,-45.304515,-42.561247,-43.561247,-41.561247,noise,none,0.000000,-4,34.791173,216.009232,0.160000,215.849232
637,-44.635403,-44.521114,-45.521114,-43.521114,noise,buy_from_mm,-43.521114,-5,-8.729940,214.447077,0.250000,214.197077
638,-43.808600,-44.363232,-45.363232,-43.363232,noise,none,0.000000,-5,-8.729940,210.313062,0.250000,210.063062
639,-44.000604,-42.159008,-43.159008,-41.159008,noise,none,0.000000,-5,-8.729940,211.273080,0.250000,211.023080
640,-42.424122,-39.737601,-40.737601,-38.737601,noise,none,0.000000,-5,-8.729940,203.390671,0.250000,203.140671
641,-41.691460,-39.620747,-40.620747,-38.620747,noise,none,0.000000,-5,-8.729940,199.727361,0.250000,199.477361
642,-40.316764,-38.238280,-39.238280,-37.238280,noise,buy_from_mm,-37.238280,-6,-45.968221,195.932363,0.360000,195.572363
643,-41.696041,-42.893141,-43.893141,-41.893141,informed,buy_from_mm,-41.893141,-7,-87.861362,204.010928,0.490000,203.520928
644,-42.714487,-42.464118,-43.464118,-41.464118,noise,buy_from_mm,-41.464118,-8,-129.325480,212.390417,0.640000,211.750417
645,-42.950012,-44.220829,-45.220829,-43.220829,noise,none,0.000000,-8,-129.325480,214.274616,0.640000,213.634616
646,-43.984199,-40.899127,-41.899127,-39.899127,noise,sell_to_mm,-41.899127,-7,-87.426353,220.463039,0.490000,219.973039
647,-43.748576,-47.903822,-48.903822,-46.903822,informed,buy_from_mm,-46.903822,-8,-134.330175,215.658434,0.640000,215.018434
648,-43.056424,-41.940791,-42.940791,-40.940791,noise,none,0.000000,-8,-134.330175,210.121219,0.640000,209.481219
649,-43.479495,-44.735637,-45.735637,-43.735637,informed,buy_from_mm,-43.735637,-9,-178.065812,213.249641,0.810000,212.439641
650,-44.671790,-41.594471,-42.594471,-40.594471,informed,sell_to_mm,-42.594471,-8,-135.471341,221.902982,0.640000,221.262982
651,-44.536939,-44.550243,-45.550243,-43.550243,noise,none,0.000000,-8,-135.471341,220.824169,0.640000,220.184169
652,-43.211730,-41.587561,-42.587561,-40.587561,noise,none,0.000000,-8,-135.471341,210.222500,0.640000,209.582500
653,-43.107637,-44.776265,-45.776265,-43.776265,informed,buy_from_mm,-43.776265,-9,-179.247606,208.721126,0.810000,207.911126
654,-43.793512,-43.681352,-44.681352,-42.681352,informed,none,0.000000,-9,-179.247606,214.894006,0.810000,214.084006
655,-42.948040,-42.628788,-43.628788,-41.628788,noise,none,0.000000,-9,-179.247606,207.284754,0.810000,206.474754
656,-42.097017,-43.616031,-44.616031,-42.616031,noise,sell_to_mm,-44.616031,-8,-134.631575,202.144565,0.640000,201.504565
657,-42.990201,-43.554547,-44.554547,-42.554547,noise,none,0.000000,-8,-134.631575,209.290035,0.640000,208.650035
658,-44.563864,-48.378560,-49.378560,-47.378560,informed,buy_from_mm,-47.378560,-9,-182.010134,219.064643,0.810000,218.254643
659,-45.400260,-46.731665,-47.731665,-45.731665,informed,buy_from_mm,-45.731665,-10,-227.741800,226.260801,1.000000,225.260801
660,-46.492806,-46.762250,-47.762250,-45.762250,informed,none,0.000000,-10,-227.741800,237.186264,1.000000,236.186264
661,-46.061840,-46.734835,-47.734835,-45.734835,noise,none,0.000000,-10,-227.741800,232.876601,1.000000,231.876601
662,-48.687632,-51.794506,-52.794506,-50.794506,informed,buy_from_mm,-50.794506,-11,-278.536306,257.027646,1.210000,255.817646
663,-49.857658,-52.475111,-53.475111,-51.475111,noise,sell_to_mm,-53.475111,-10,-225.061195,273.515384,1.000000,272.515384
664,-50.160713,-48.900815,-49.900815,-47.900815,informed,sell_to_mm,-49.900815,-9,-175.160380,276.286042,0.810000,275.476042
665,-51.104708,-46.491867,-47.491867,-45.491867,noise,none,0.000000,-9,-175.160380,284.781996,0.810000,283.971996
666,-50.412825,-56.301563,-57.301563,-55.301563,informed,buy_from_mm,-55.301563,-10,-230.461943,273.666309,1.000000,272.666309
667,-49.405861,-45.833087,-46.833087,-44.833087,noise,none,0.000000,-10,-230.461943,263.596664,1.000000,262.596664
668,-49.794548,-47.280834,-48.280834,-46.280834,noise,none,0.000000,-10,-230.461943,267.483539,1.000000,266.483539
669,-49.622022,-54.185584,-55.185584,-53.185584,noise,sell_to_mm,-55.185584,-9,-175.276359,271.321836,0.810000,270.511836
670,-50.398089,-54.515031,-55.515031,-53.515031,noise,none,0.000000,-9,-175.276359,278.306444,0.810000,277.496444
671,-51.412616,-54.376902,-55.376902,-53.376902,informed,buy_from_mm,-53.376902,-10,-228.653261,285.472901,1.000000,284.472901
672,-52.848137,-52.436735,-53.436735,-51.436735,informed,none,0.000000,-10,-228.653261,299.828111,1.000000,298.828111
673,-53.008395,-55.374371,-56.374371,-54.374371,noise,sell_to_mm,-56.374371,-9,-172.278890,304.796664,0.810000,303.986664
674,-54.002127,-52.784091,-53.784091,-51.784091,informed,sell_to_mm,-53.784091,-8,-118.494799,313.522220,0.640000,312.882220
675,-55.098036,-54.902755,-55.902755,-53.902755,noise,none,0.000000,-8,-118.494799,322.289489,0.640000,321.649489
676,-55.388935,-55.265529,-56.265529,-54.265529,noise,buy_from_mm,-54.265529,-9,-172.760328,325.740088,0.810000,324.930088
677,-56.351449,-57.822723,-58.822723,-56.822723,noise,none,0.000000,-9,-172.760328,334.402715,0.810000,333.592715
678,-56.636468,-56.099898,-57.099898,-55.099898,informed,none,0.000000,-9,-172.760328,336.967887,0.810000,336.157887
679,-56.970126,-60.026688,-61.026688,-59.026688,informed,buy_from_mm,-59.026688,-10,-231.787016,337.914240,1.000000,336.914240
680,-57.549379,-55.320499,-56.320499,-54.320499,noise,none,0.000000,-10,-231.787016,343.706775,1.000000,342.706775
681,-56.430270,-50.821948,-51.821948,-49.821948,noise,buy_from_mm,-49.821948,-11,-281.608964,339.124001,1.210000,337.914001
682,-56.517584,-55.327389,-56.327389,-54.327389,noise,none,0.000000,-11,-281.608964,340.084456,1.210000,338.874456
683,-55.866065,-55.990821,-56.990821,-54.990821,noise,sell_to_mm,-56.990821,-10,-224.618143,334.042507,1.000000,333.042507
684,-55.286721,-57.044741,-58.044741,-56.044741,noise,sell_to_mm,-58.044741,-9,-166.573402,331.007083,0.810000,330.197083
685,-55.557079,-54.103837,-55.103837,-53.103837,noise,none,0.000000,-9,-166.573402,333.440305,0.810000,332.630305
686,-57.355913,-56.458762,-57.458762,-55.458762,informed,none,0.000000,-9,-166.573402,349.629818,0.810000,348.819818
687,-57.771816,-57.503129,-58.503129,-56.503129,informed,none,0.000000,-9,-166.573402,353.372941,0.810000,352.562941
688,-58.147362,-56.786182,-57.786182,-55.786182,noise,sell_to_mm,-57.786182,-8,-108.787220,356.391676,0.640000,355.751676
689,-58.714921,-58.998998,-59.998998,-57.998998,informed,none,0.000000,-8,-108.787220,360.932151,0.640000,360.292151
690,-58.693006,-58.050601,-59.050601,-57.050601,noise,sell_to_mm,-59.050601,-7,-49.736619,361.114421,0.490000,360.624421
691,-58.547431,-60.446027,-61.446027,-59.446027,informed,buy_from_mm,-59.446027,-8,-109.182646,359.196806,0.640000,358.556806
692,-59.361824,-58.138475,-59.138475,-57.138475,noise,sell_to_mm,-59.138475,-7,-50.044170,365.488601,0.490000,364.998601
693,-58.157216,-59.038944,-60.038944,-58.038944,noise,none,0.000000,-7,-50.044170,357.056340,0.490000,356.566340
694,-58.064189,-60.276603,-61.276603,-59.276603,noise,none,0.000000,-7,-50.044170,356.405154,0.490000,355.915154
695,-59.472012,-58.610902,-59.610902,-57.610902,informed,none,0.000000,-7,-50.044170,366.259914,0.490000,365.769914
696,-59.712723,-60.698914,-61.698914,-59.698914,noise,none,0.000000,-7,-50.044170,367.944890,0.490000,367.454890
697,-59.222504,-61.467985,-62.467985,-60.467985,noise,buy_from_mm,-60.467985,-8,-110.512156,363.267876,0.640000,362.627876
698,-59.257534,-60.514335,-61.514335,-59.514335,noise,none,0.000000,-8,-110.512156,363.548115,0.640000,362.908115
699,-57.809217,-56.949989,-57.949989,-55.949989,noise,buy_from_mm,-55.949989,-9,-166.462144,353.820808,0.810000,353.010808
700,-57.143540,-57.339730,-58.339730,-56.339730,informed,none,0.000000,-9,-166.462144,347.829718,0.810000,347.019718
701,-57.823432,-55.728375,-56.728375,-54.728375,noise,none,0.000000,-9,-166.462144,353.948740,0.810000,353.138740
702,-58.488708,-60.255237,-61.255237,-59.255237,noise,none,0.000000,-9,-166.462144,359.936227,0.810000,359.126227
703,-57.247926,-53.835374,-54.835374,-52.835374,noise,none,0.000000,-9,-166.462144,348.769189,0.810000,347.959189
704,-56.836500,-53.879829,-54.879829,-52.879829,noise,none,0.000000,-9,-166.462144,345.066358,0.810000,344.256358
705,-56.613359,-58.017715,-59.017715,-57.017715,informed,buy_from_mm,-57.017715,-10,-223.479860,342.653733,1.000000,341.653733
706,-55.482829,-54.726126,-55.726126,-53.726126,noise,buy_from_mm,-53.726126,-11,-277.205986,333.105133,1.210000,331.895133
707,-55.883088,-52.884962,-53.884962,-51.884962,noise,none,0.000000,-11,-277.205986,337.507978,1.210000,336.297978
708,-54.675961,-56.726489,-57.726489,-55.726489,informed,buy_from_mm,-55.726489,-12,-332.932475,323.179058,1.440000,321.739058
709,-54.221726,-52.970072,-53.970072,-51.970072,informed,sell_to_mm,-53.970072,-11,-278.962403,317.476585,1.210000,316.266585
710,-54.984736,-56.393671,-57.393671,-55.393671,noise,none,0.000000,-11,-278.962403,325.869698,1.210000,324.659698
711,-55.133970,-56.504691,-57.504691,-55.504691,informed,buy_from_mm,-55.504691,-12,-334.467095,327.140544,1.440000,325.700544
712,-54.776804,-54.940060,-55.940060,-53.940060,informed,none,0.000000,-12,-334.467095,322.854552,1.440000,321.414552
713,-56.198342,-55.025658,-56.025658,-54.025658,noise,none,0.000000,-12,-334.467095,339.913006,1.440000,338.473006
714,-56.945463,-55.496505,-56.496505,-54.496505,noise,buy_from_mm,-54.496505,-13,-388.963600,351.327415,1.690000,349.637415
715,-59.468375,-60.239224,-61.239224,-59.239224,noise,none,0.000000,-13,-388.963600,384.125274,1.690000,382.435274
716,-58.162982,-57.836684,-58.836684,-56.836684,noise,buy_from_mm,-56.836684,-14,-445.800284,368.481465,1.960000,366.521465
717,-58.049437,-58.138800,-59.138800,-57.138800,informed,none,0.000000,-14,-445.800284,366.891841,1.960000,364.931841
718,-56.729917,-55.483889,-56.483889,-54.483889,informed,sell_to_mm,-56.483889,-13,-389.316395,348.172532,1.690000,346.482532
719,-56.572723,-57.792709,-58.792709,-56.792709,informed,buy_from_mm,-56.792709,-14,-446.109103,345.909014,1.960000,343.949014
720,-57.718519,-54.777618,-55.777618,-53.777618,noise,buy_from_mm,-53.777618,-15,-499.886721,365.891062,2.250000,363.641062
721,-58.846662,-57.817511,-58.817511,-56.817511,informed,sell_to_mm,-58.817511,-14,-441.069211,382.784059,1.960000,380.824059
722,-57.817948,-53.161514,-54.161514,-52.161514,informed,sell_to_mm,-54.161514,-13,-386.907697,364.725628,1.690000,363.035628
723,-57.624844,-54.171279,-55.171279,-53.171279,noise,none,0.000000,-13,-386.907697,362.215269,1.690000,360.525269
724,-57.884730,-59.504004,-60.504004,-58.504004,noise,none,0.000000,-13,-386.907697,365.593796,1.690000,363.903796
725,-58.594472,-56.604820,-57.604820,-55.604820,noise,none,0.000000,-13,-386.907697,374.820434,1.690000,373.130434
726,-57.935613,-55.463964,-56.463964,-54.463964,noise,none,0.000000,-13,-386.907697,366.255276,1.690000,364.565276
727,-58.791431,-56.869703,-57.869703,-55.869703,noise,buy_from_mm,-55.869703,-14,-442.777400,380.302639,1.960000,378.342639
728,-58.389092,-54.690183,-55.690183,-53.690183,informed,sell_to_mm,-55.690183,-13,-387.087217,371.970976,1.690000,370.280976
729,-56.927097,-56.413934,-57.413934,-55.413934,noise,none,0.000000,-13,-387.087217,352.965038,1.690000,351.275038
730,-59.188673,-57.851594,-58.851594,-56.851594,noise,none,0.000000,-13,-387.087217,382.365532,1.690000,380.675532
731,-58.883766,-60.019814,-61.019814,-59.019814,informed,buy_from_mm,-59.019814,-14,-446.107031,378.265689,1.960000,376.305689
732,-58.516907,-54.979822,-55.979822,-53.979822,noise,none,0.000000,-14,-446.107031,373.129672,1.960000,371.169672
733,-58.018313,-58.545600,-59.545600,-57.545600,noise,none,0.000000,-14,-446.107031,366.149348,1.960000,364.189348
734,-57.580288,-55.081759,-56.081759,-54.081759,informed,sell_to_mm,-56.081759,-13,-390.025272,358.518478,1.690000,356.828478
735,-56.705444,-61.152785,-62.152785,-60.152785,noise,none,0.000000,-13,-390.025272,347.145500,1.690000,345.455500
736,-57.463002,-57.342483,-58.342483,-56.342483,noise,sell_to_mm,-58.342483,-12,-331.682789,357.873241,1.440000,356.433241
737,-57.357193,-56.543864,-57.543864,-55.543864,noise,none,0.000000,-12,-331.682789,356.603528,1.440000,355.163528
738,-58.433618,-59.457787,-60.457787,-58.457787,informed,buy_from_mm,-58.457787,-13,-390.140576,369.496460,1.690000,367.806460
739,-60.747936,-63.487559,-64.487559,-62.487559,noise,none,0.000000,-13,-390.140576,399.582596,1.690000,397.892596
740,-60.378881,-55.285595,-56.285595,-54.285595,noise,none,0.000000,-13,-390.140576,394.784880,1.690000,393.094880
741,-62.420142,-62.158373,-63.158373,-61.158373,noise,none,0.000000,-13,-390.140576,421.321272,1.690000,419.631272
742,-62.562036,-64.199403,-65.199403,-63.199403,noise,none,0.000000,-13,-390.140576,423.165897,1.690000,421.475897
743,-62.973668,-60.755513,-61.755513,-59.755513,noise,none,0.000000,-13,-390.140576,428.517113,1.690000,426.827113
744,-63.872588,-65.009824,-66.009824,-64.009824,informed,buy_from_mm,-64.009824,-14,-454.150400,440.065829,1.960000,438.105829
745,-63.533462,-62.883158,-63.883158,-61.883158,noise,none,0.000000,-14,-454.150400,435.318062,1.960000,433.358062
746,-63.966303,-63.801569,-64.801569,-62.801569,noise,none,0.000000,-14,-454.150400,441.377838,1.960000,439.417838
747,-63.597178,-64.622022,-65.622022,-63.622022,informed,buy_from_mm,-63.622022,-15,-517.772423,436.185245,2.250000,433.935245
748,-63.778701,-67.285333,-68.285333,-66.285333,noise,none,0.000000,-15,-517.772423,438.908097,2.250000,436.658097
749,-64.707143,-64.840146,-65.840146,-63.840146,informed,none,0.000000,-15,-517.772423,452.834725,2.250000,450.584725
750,-64.767068,-65.688038,-66.688038,-64.688038,noise,none,0.000000,-15,-517.772423,453.733594,2.250000,451.483594
751,-64.027883,-62.600500,-63.600500,-61.600500,informed,sell_to_mm,-63.600500,-14,-454.171923,442.218440,1.960000,440.258440
752,-64.968870,-63.455753,-64.455753,-62.455753,noise,none,0.000000,-14,-454.171923,455.392253,1.960000,453.432253
753,-62.618933,-62.364366,-63.364366,-61.364366,informed,none,0.000000,-14,-454.171923,422.493135,1.960000,420.533135
754,-61.110155,-62.512448,-63.512448,-61.512448,noise,sell_to_mm,-63.512448,-13,-390.659474,403.772537,1.690000,402.082537
755,-61.303140,-57.686312,-58.686312,-56.686312,noise,none,0.000000,-13,-390.659474,406.281348,1.690000,404.591348
756,-62.774221,-65.454165,-66.454165,-64.454165,noise,none,0.000000,-13,-390.659474,425.405396,1.690000,423.715396
757,-60.142787,-60.483530,-61.483530,-59.483530,noise,sell_to_mm,-61.483530,-12,-329.175944,392.537497,1.440000,391.097497
758,-61.438935,-63.332880,-64.332880,-62.332880,noise,sell_to_mm,-64.332880,-11,-264.843064,410.985225,1.210000,409.775225
759,-62.786991,-63.143944,-64.143944,-62.143944,informed,none,0.000000,-11,-264.843064,425.813841,1.210000,424.603841
760,-61.108930,-57.539536,-58.539536,-56.539536,noise,sell_to_mm,-58.539536,-10,-206.303528,404.785777,1.000000,403.785777
761,-60.529997,-60.675078,-61.675078,-59.675078,noise,none,0.000000,-10,-206.303528,398.996443,1.000000,397.996443
762,-60.307319,-60.926123,-61.926123,-59.926123,informed,none,0.000000,-10,-206.303528,396.769663,1.000000,395.769663
763,-60.630806,-60.887575,-61.887575,-59.887575,noise,buy_from_mm,-59.887575,-11,-266.191103,400.747764,1.210000,399.537764
764,-61.679018,-60.853285,-61.853285,-59.853285,noise,sell_to_mm,-61.853285,-10,-204.337819,412.452364,1.000000,411.452364
765,-62.482368,-62.114354,-63.114354,-61.114354,noise,none,0.000000,-10,-204.337819,420.485862,1.000000,419.485862
766,-62.899689,-61.233009,-62.233009,-60.233009,noise,sell_to_mm,-62.233009,-9,-142.104810,423.992394,0.810000,423.182394
767,-63.534198,-66.157294,-67.157294,-65.157294,noise,none,0.000000,-9,-142.104810,429.702976,0.810000,428.892976
768,-63.240454,-63.430158,-64.430158,-62.430158,informed,none,0.000000,-9,-142.104810,427.059273,0.810000,426.249273
769,-62.577456,-60.173762,-61.173762,-59.173762,noise,none,0.000000,-9,-142.104810,421.092291,0.810000,420.282291
770,-63.562155,-64.065828,-65.065828,-63.065828,informed,none,0.000000,-9,-142.104810,429.954586,0.810000,429.144586
771,-63.137017,-66.086372,-67.086372,-65.086372,informed,buy_from_mm,-65.086372,-10,-207.191183,424.178987,1.000000,423.178987
772,-63.319888,-64.803335,-65.803335,-63.803335,informed,buy_from_mm,-63.803335,-11,-270.994517,425.524256,1.210000,424.314256
773,-63.703149,-63.906238,-64.906238,-62.906238,noise,sell_to_mm,-64.906238,-10,-206.088279,430.943211,1.000000,429.943211
774,-63.934612,-66.429718,-67.429718,-65.429718,noise,none,0.000000,-10,-206.088279,433.257839,1.000000,432.257839
775,-64.367142,-61.554082,-62.554082,-60.554082,noise,none,0.000000,-10,-206.088279,437.583144,1.000000,436.583144
776,-64.907805,-66.827165,-67.827165,-65.827165,informed,buy_from_mm,-65.827165,-11,-271.915444,442.070413,1.210000,440.860413
777,-63.106088,-61.350729,-62.350729,-60.350729,informed,sell_to_mm,-62.350729,-10,-209.564716,421.496169,1.000000,420.496169
778,-63.104647,-60.757854,-61.757854,-59.757854,noise,sell_to_mm,-61.757854,-9,-147.806862,420.134959,0.810000,419.324959
779,-64.562061,-65.173631,-66.173631,-64.173631,noise,none,0.000000,-9,-147.806862,433.251684,0.810000,432.441684
780,-64.684661,-65.032309,-66.032309,-64.032309,informed,none,0.000000,-9,-147.806862,434.355088,0.810000,433.545088
781,-65.701606,-67.270640,-68.270640,-66.270640,noise,none,0.000000,-9,-147.806862,443.507589,0.810000,442.697589
782,-66.531936,-66.201851,-67.201851,-65.201851,noise,none,0.000000,-9,-147.806862,450.980566,0.810000,450.170566
783,-65.675739,-66.468274,-67.468274,-65.468274,noise,none,0.000000,-9,-147.806862,443.274792,0.810000,442.464792
784,-64.778899,-63.810980,-64.810980,-62.810980,noise,none,0.000000,-9,-147.806862,435.203225,0.810000,434.393225
785,-62.758579,-62.599302,-63.599302,-61.599302,noise,buy_from_mm,-61.599302,-10,-209.406164,418.179630,1.000000,417.179630
786,-62.526977,-62.057962,-63.057962,-61.057962,noise,sell_to_mm,-63.057962,-9,-146.348202,416.394594,0.810000,415.584594
787,-62.072444,-63.466205,-64.466205,-62.466205,informed,buy_from_mm,-62.466205,-10,-208.814407,411.910035,1.000000,410.910035
788,-63.123906,-62.352806,-63.352806,-61.352806,noise,buy_from_mm,-61.352806,-11,-270.167213,424.195757,1.210000,422.985757
789,-61.870445,-59.735322,-60.735322,-58.735322,informed,sell_to_mm,-60.735322,-10,-209.431891,409.272557,1.000000,408.272557
790,-62.228809,-61.772600,-62.772600,-60.772600,noise,buy_from_mm,-60.772600,-11,-270.204491,414.312408,1.210000,413.102408
791,-61.848421,-64.784169,-65.784169,-63.784169,noise,none,0.000000,-11,-270.204491,410.128145,1.210000,408.918145
792,-61.723146,-58.249040,-59.249040,-57.249040,informed,sell_to_mm,-59.249040,-10,-210.955451,406.276007,1.000000,405.276007
793,-60.706602,-58.523376,-59.523376,-57.523376,informed,sell_to_mm,-59.523376,-9,-151.432075,394.927344,0.810000,394.117344
794,-61.375956,-62.148861,-63.148861,-61.148861,noise,buy_from_mm,-61.148861,-10,-212.580937,401.178628,1.000000,400.178628
795,-61.008164,-61.964166,-62.964166,-60.964166,noise,none,0.000000,-10,-212.580937,397.500708,1.000000,396.500708
796,-61.360070,-65.919696,-66.919696,-64.919696,informed,buy_from_mm,-64.919696,-11,-277.500632,397.460141,1.210000,396.250141
797,-62.895681,-60.217838,-61.217838,-59.217838,noise,none,0.000000,-11,-277.500632,414.351855,1.210000,413.141855
798,-61.776054,-58.971462,-59.971462,-57.971462,informed,sell_to_mm,-59.971462,-10,-217.529170,400.231368,1.000000,399.231368
799,-62.533519,-64.374870,-65.374870,-63.374870,noise,buy_from_mm,-63.374870,-11,-280.904040,406.964674,1.210000,405.754674
800,-63.651354,-61.339035,-62.339035,-60.339035,informed,sell_to_mm,-62.339035,-10,-218.565005,417.948536,1.000000,416.948536
801,-62.770010,-62.237304,-63.237304,-61.237304,informed,none,0.000000,-10,-218.565005,409.135096,1.000000,408.135096
802,-62.877349,-64.046159,-65.046159,-63.046159,noise,buy_from_mm,-63.046159,-11,-281.611164,410.039674,1.210000,408.829674
803,-62.062738,-64.239211,-65.239211,-63.239211,informed,buy_from_mm,-63.239211,-12,-344.850375,399.902485,1.440000,398.462485
804,-60.862331,-56.640298,-57.640298,-55.640298,noise,buy_from_mm,-55.640298,-13,-400.490673,390.719628,1.690000,389.029628
805,-61.942480,-60.002742,-61.002742,-59.002742,noise,sell_to_mm,-61.002742,-12,-339.487931,403.821823,1.440000,402.381823
806,-62.584731,-61.817268,-62.817268,-60.817268,noise,buy_from_mm,-60.817268,-13,-400.305200,413.296308,1.690000,411.606308
807,-62.986785,-62.715634,-63.715634,-61.715634,noise,none,0.000000,-13,-400.305200,418.523000,1.690000,416.833000
808,-62.328352,-62.713557,-63.713557,-61.713557,informed,none,0.000000,-13,-400.305200,409.963380,1.690000,408.273380
809,-63.131459,-63.941329,-64.941329,-62.941329,informed,none,0.000000,-13,-400.305200,420.403769,1.690000,418.713769
810,-63.193575,-62.868954,-63.868954,-61.868954,noise,buy_from_mm,-61.868954,-14,-462.174154,422.535896,1.960000,420.575896
811,-61.603040,-58.211601,-59.211601,-57.211601,noise,none,0.000000,-14,-462.174154,400.268401,1.960000,398.308401
812,-61.265465,-60.951745,-61.951745,-59.951745,noise,none,0.000000,-14,-462.174154,395.542350,1.960000,393.582350
813,-62.040305,-65.686796,-66.686796,-64.686796,informed,buy_from_mm,-64.686796,-15,-526.860950,403.743620,2.250000,401.493620
814,-61.361525,-61.227595,-62.227595,-60.227595,informed,none,0.000000,-15,-526.860950,393.561924,2.250000,391.311924
815,-60.778881,-60.289333,-61.289333,-59.289333,noise,none,0.000000,-15,-526.860950,384.822262,2.250000,382.572262
816,-61.541504,-62.430627,-63.430627,-61.430627,informed,none,0.000000,-15,-526.860950,396.261616,2.250000,394.011616
817,-60.299024,-64.879738,-65.879738,-63.879738,informed,buy_from_mm,-63.879738,-16,-590.740688,374.043702,2.560000,371.483702
818,-60.145474,-60.990255,-61.990255,-59.990255,informed,none,0.000000,-16,-590.740688,371.586904,2.560000,369.026904
819,-59.038209,-59.477078,-60.477078,-58.477078,noise,none,0.000000,-16,-590.740688,353.870650,2.560000,351.310650
820,-58.866279,-56.652695,-57.652695,-55.652695,noise,none,0.000000,-16,-590.740688,351.119782,2.560000,348.559782
821,-59.283592,-58.645124,-59.645124,-57.645124,informed,none,0.000000,-16,-590.740688,357.796791,2.560000,355.236791
822,-59.834383,-63.747913,-64.747913,-62.747913,noise,sell_to_mm,-64.747913,-15,-525.992775,371.522974,2.250000,369.272974
823,-61.138210,-61.928760,-62.928760,-60.928760,informed,none,0.000000,-15,-525.992775,391.080379,2.250000,388.830379
824,-61.194107,-64.096231,-65.096231,-63.096231,noise,none,0.000000,-15,-525.992775,391.918834,2.250000,389.668834
825,-61.638859,-63.521896,-64.521896,-62.521896,informed,buy_from_mm,-62.521896,-16,-588.514671,397.707073,2.560000,395.147073
826,-62.200355,-62.867362,-63.867362,-61.867362,informed,none,0.000000,-16,-588.514671,406.691015,2.560000,404.131015
827,-63.382935,-64.214424,-65.214424,-63.214424,noise,none,0.000000,-16,-588.514671,425.612295,2.560000,423.052295
828,-63.530245,-65.704624,-66.704624,-64.704624,noise,none,0.000000,-16,-588.514671,427.969246,2.560000,425.409246
829,-64.760726,-64.983047,-65.983047,-63.983047,noise,buy_from_mm,-63.983047,-17,-652.497718,448.434623,2.890000,445.544623
830,-61.876247,-63.490202,-64.490202,-62.490202,informed,buy_from_mm,-62.490202,-18,-714.987921,398.784531,3.240000,395.544531
831,-61.531203,-60.014942,-61.014942,-59.014942,informed,sell_to_mm,-61.014942,-17,-653.972979,392.057468,2.890000,389.167468
832,-61.319537,-58.423164,-59.423164,-57.423164,informed,sell_to_mm,-59.423164,-16,-594.549815,386.562770,2.560000,384.002770
833,-61.183223,-60.410890,-61.410890,-59.410890,noise,sell_to_mm,-61.410890,-15,-533.138924,384.609415,2.250000,382.359415
834,-61.309550,-60.983543,-61.983543,-59.983543,noise,none,0.000000,-15,-533.138924,386.504326,2.250000,384.254326
835,-60.007085,-59.788261,-60.788261,-58.788261,informed,none,0.000000,-15,-533.138924,366.967353,2.250000,364.717353
836,-59.268934,-59.036501,-60.036501,-58.036501,informed,none,0.000000,-15,-533.138924,355.895085,2.250000,353.645085
837,-57.500567,-53.983233,-54.983233,-52.983233,informed,sell_to_mm,-54.983233,-14,-478.155691,326.852243,1.960000,324.892243
838,-58.178539,-58.257611,-59.257611,-57.257611,informed,none,0.000000,-14,-478.155691,336.343851,1.960000,334.383851
839,-58.364417,-60.740881,-61.740881,-59.740881,noise,none,0.000000,-14,-478.155691,338.946148,1.960000,336.986148
840,-58.624105,-52.526431,-53.526431,-51.526431,noise,sell_to_mm,-53.526431,-13,-424.629260,337.484099,1.690000,335.794099
841,-59.564522,-58.789168,-59.789168,-57.789168,noise,none,0.000000,-13,-424.629260,349.709524,1.690000,348.019524
842,-59.855471,-58.954895,-59.954895,-57.954895,noise,buy_from_mm,-57.954895,-14,-482.584155,355.392436,1.960000,353.432436
843,-59.176811,-60.052791,-61.052791,-59.052791,noise,buy_from_mm,-59.052791,-15,-541.636945,346.015222,2.250000,343.765222
844,-59.820863,-60.569720,-61.569720,-59.569720,noise,none,0.000000,-15,-541.636945,355.675996,2.250000,353.425996
845,-60.039439,-60.278214,-61.278214,-59.278214,informed,none,0.000000,-15,-541.636945,358.954633,2.250000,356.704633
846,-61.210395,-61.335698,-62.335698,-60.335698,informed,none,0.000000,-15,-541.636945,376.518982,2.250000,374.268982
847,-60.702678,-61.786415,-62.786415,-60.786415,noise,none,0.000000,-15,-541.636945,368.903222,2.250000,366.653222
848,-59.699027,-60.340494,-61.340494,-59.340494,informed,none,0.000000,-15,-541.636945,353.848456,2.250000,351.598456
849,-61.116557,-62.664565,-63.664565,-61.664565,noise,none,0.000000,-15,-541.636945,375.111411,2.250000,372.861411
850,-61.773380,-62.345797,-63.345797,-61.345797,informed,none,0.000000,-15,-541.636945,384.963756,2.250000,382.713756
851,-62.408554,-66.162427,-67.162427,-65.162427,informed,buy_from_mm,-65.162427,-16,-606.799373,391.737497,2.560000,389.177497
852,-64.385983,-67.645327,-68.645327,-66.645327,noise,buy_from_mm,-66.645327,-17,-673.444700,421.117009,2.890000,418.227009
853,-65.372550,-66.994961,-67.994961,-65.994961,noise,none,0.000000,-17,-673.444700,437.888651,2.890000,434.998651
854,-63.563790,-64.455964,-65.455964,-63.455964,noise,none,0.000000,-17,-673.444700,407.139731,2.890000,404.249731
855,-61.111963,-61.259697,-62.259697,-60.259697,informed,none,0.000000,-17,-673.444700,365.458670,2.890000,362.568670
856,-59.605391,-59.483953,-60.483953,-58.483953,informed,none,0.000000,-17,-673.444700,339.846946,2.890000,336.956946
857,-60.579604,-63.028214,-64.028214,-62.028214,noise,none,0.000000,-17,-673.444700,356.408572,2.890000,353.518572
858,-61.179558,-63.074589,-64.074589,-62.074589,noise,none,0.000000,-17,-673.444700,366.607791,2.890000,363.717791
859,-60.657088,-59.523691,-60.523691,-58.523691,noise,none,0.000000,-17,-673.444700,357.725803,2.890000,354.835803
860,-60.139728,-63.426042,-64.426042,-62.426042,noise,sell_to_mm,-64.426042,-16,-609.018658,353.216984,2.560000,350.656984
861,-59.871157,-55.422030,-56.422030,-54.422030,informed,sell_to_mm,-56.422030,-15,-552.596629,345.470727,2.250000,343.220727
862,-58.759243,-57.555278,-58.555278,-56.555278,informed,sell_to_mm,-58.555278,-14,-494.041351,328.588047,1.960000,326.628047
863,-58.255297,-62.150310,-63.150310,-61.150310,noise,none,0.000000,-14,-494.041351,321.532812,1.960000,319.572812
864,-57.531397,-59.218763,-60.218763,-58.218763,informed,buy_from_mm,-58.218763,-15,-552.260114,310.710846,2.250000,308.460846
865,-58.097301,-59.492071,-60.492071,-58.492071,informed,buy_from_mm,-58.492071,-16,-610.752185,318.804635,2.560000,316.244635
866,-58.653207,-54.111707,-55.111707,-53.111707,noise,none,0.000000,-16,-610.752185,327.699128,2.560000,325.139128
867,-56.817915,-58.226111,-59.226111,-57.226111,noise,none,0.000000,-16,-610.752185,298.334448,2.560000,295.774448
868,-57.103731,-60.499413,-61.499413,-59.499413,noise,none,0.000000,-16,-610.752185,302.907516,2.560000,300.347516
869,-57.231928,-58.130701,-59.130701,-57.130701,informed,none,0.000000,-16,-610.752185,304.958663,2.560000,302.398663
870,-58.387448,-58.962914,-59.962914,-57.962914,informed,none,0.000000,-16,-610.752185,323.446979,2.560000,320.886979
871,-59.531078,-59.377678,-60.377678,-58.377678,noise,none,0.000000,-16,-610.752185,341.745062,2.560000,339.185062
872,-60.357630,-60.124353,-61.124353,-59.124353,noise,none,0.000000,-16,-610.752185,354.969888,2.560000,352.409888
873,-59.797390,-58.466476,-59.466476,-57.466476,noise,none,0.000000,-16,-610.752185,346.006057,2.560000,343.446057
874,-59.292561,-58.236665,-59.236665,-57.236665,informed,sell_to_mm,-59.236665,-15,-551.515520,337.872892,2.250000,335.622892
875,-59.074663,-58.119158,-59.119158,-57.119158,noise,none,0.000000,-15,-551.515520,334.604420,2.250000,332.354420
876,-58.074101,-60.475879,-61.475879,-59.475879,noise,none,0.000000,-15,-551.515520,319.595997,2.250000,317.345997
877,-59.739197,-57.702361,-58.702361,-56.702361,noise,buy_from_mm,-56.702361,-16,-608.217881,347.609278,2.560000,345.049278
878,-59.362178,-60.786154,-61.786154,-59.786154,informed,buy_from_mm,-59.786154,-17,-668.004035,341.152991,2.890000,338.262991
879,-58.222991,-56.689124,-57.689124,-55.689124,informed,sell_to_mm,-57.689124,-16,-610.314911,321.252946,2.560000,318.692946
880,-58.172152,-61.027896,-62.027896,-60.027896,noise,none,0.000000,-16,-610.314911,320.439527,2.560000,317.879527
881,-57.006529,-58.113265,-59.113265,-57.113265,informed,buy_from_mm,-57.113265,-17,-667.428176,301.682818,2.890000,298.792818
882,-58.061245,-54.534365,-55.534365,-53.534365,informed,sell_to_mm,-55.534365,-16,-611.893812,317.086104,2.560000,314.526104
883,-56.574262,-56.285990,-57.285990,-55.285990,noise,none,0.000000,-16,-611.893812,293.294380,2.560000,290.734380
884,-56.215508,-57.150348,-58.150348,-56.150348,noise,none,0.000000,-16,-611.893812,287.554309,2.560000,284.994309
885,-56.447058,-55.378226,-56.378226,-54.378226,noise,none,0.000000,-16,-611.893812,291.259124,2.560000,288.699124
886,-56.162110,-57.639911,-58.639911,-56.639911,informed,buy_from_mm,-56.639911,-17,-668.533722,286.222152,2.890000,283.332152
887,-56.704009,-54.699883,-55.699883,-53.699883,informed,sell_to_mm,-55.699883,-16,-612.833840,294.430302,2.560000,291.870302
888,-56.657283,-58.707569,-59.707569,-57.707569,noise,buy_from_mm,-57.707569,-17,-670.541408,292.632397,2.890000,289.742397
889,-55.388039,-57.137897,-58.137897,-56.137897,noise,none,0.000000,-17,-670.541408,271.055255,2.890000,268.165255
890,-55.797843,-52.015539,-53.015539,-51.015539,noise,sell_to_mm,-53.015539,-16,-617.525869,275.239614,2.560000,272.679614
891,-56.555902,-56.263626,-57.263626,-55.263626,noise,none,0.000000,-16,-617.525869,287.368570,2.560000,284.808570
892,-56.444667,-55.847359,-56.847359,-54.847359,noise,none,0.000000,-16,-617.525869,285.588808,2.560000,283.028808
893,-54.949962,-54.706098,-55.706098,-53.706098,informed,none,0.000000,-16,-617.525869,261.673526,2.560000,259.113526
894,-54.952860,-54.886278,-55.886278,-53.886278,informed,none,0.000000,-16,-617.525869,261.719887,2.560000,259.159887
895,-56.123453,-61.698180,-62.698180,-60.698180,informed,buy_from_mm,-60.698180,-17,-678.224050,275.874653,2.890000,272.984653
896,-55.975997,-54.822418,-55.822418,-53.822418,informed,sell_to_mm,-55.822418,-16,-622.401631,273.214317,2.560000,270.654317
897,-56.722277,-58.683331,-59.683331,-57.683331,informed,buy_from_mm,-57.683331,-17,-680.084962,284.193748,2.890000,281.303748
898,-56.000627,-55.450807,-56.450807,-54.450807,informed,none,0.000000,-17,-680.084962,271.925691,2.890000,269.035691
899,-54.811514,-52.989688,-53.989688,-51.989688,informed,sell_to_mm,-53.989688,-16,-626.095274,250.888954,2.560000,248.328954
900,-55.234709,-56.096480,-57.096480,-55.096480,noise,sell_to_mm,-57.096480,-15,-568.998794,259.521848,2.250000,257.271848
901,-55.857055,-57.428043,-58.428043,-56.428043,noise,buy_from_mm,-56.428043,-16,-625.426837,268.286050,2.560000,265.726050
902,-55.495961,-55.843350,-56.843350,-54.843350,noise,none,0.000000,-16,-625.426837,262.508543,2.560000,259.948543
903,-55.626401,-55.191733,-56.191733,-54.191733,noise,none,0.000000,-16,-625.426837,264.595576,2.560000,262.035576
904,-56.194576,-52.934802,-53.934802,-51.934802,noise,none,0.000000,-16,-625.426837,273.686371,2.560000,271.126371
905,-55.420880,-55.028308,-56.028308,-54.028308,noise,none,0.000000,-16,-625.426837,261.307238,2.560000,258.747238
906,-55.261528,-52.782323,-53.782323,-51.782323,noise,sell_to_mm,-53.782323,-15,-571.644514,257.278403,2.250000,255.028403
907,-55.066763,-53.668922,-54.668922,-52.668922,noise,buy_from_mm,-52.668922,-16,-624.313436,256.754765,2.560000,254.194765
908,-54.114448,-57.982646,-58.982646,-56.982646,noise,none,0.000000,-16,-624.313436,241.517725,2.560000,238.957725
909,-55.980815,-52.154691,-53.154691,-51.154691,noise,sell_to_mm,-53.154691,-15,-571.158745,268.553473,2.250000,266.303473
910,-58.150965,-59.656644,-60.656644,-58.656644,informed,buy_from_mm,-58.656644,-16,-629.815389,300.600057,2.560000,298.040057
911,-56.065258,-55.409773,-56.409773,-54.409773,informed,none,0.000000,-16,-629.815389,267.228737,2.560000,264.668737
912,-55.248082,-57.151125,-58.151125,-56.151125,noise,none,0.000000,-16,-629.815389,254.153926,2.560000,251.593926
913,-55.568681,-55.027735,-56.027735,-54.027735,noise,none,0.000000,-16,-629.815389,259.283511,2.560000,256.723511
914,-54.281469,-54.766452,-55.766452,-53.766452,noise,none,0.000000,-16,-629.815389,238.688121,2.560000,236.128121
915,-55.294769,-56.798429,-57.798429,-55.798429,noise,none,0.000000,-16,-629.815389,254.900910,2.560000,252.340910
916,-56.890542,-57.149908,-58.149908,-56.149908,informed,none,0.000000,-16,-629.815389,280.433285,2.560000,277.873285
917,-56.425918,-55.941377,-56.941377,-54.941377,noise,none,0.000000,-16,-629.815389,272.999295,2.560000,270.439295
918,-56.585834,-57.987576,-58.987576,-56.987576,informed,buy_from_mm,-56.987576,-17,-686.802965,275.156208,2.890000,272.266208
919,-56.571845,-57.779259,-58.779259,-56.779259,informed,buy_from_mm,-56.779259,-18,-743.582224,274.710988,3.240000,271.470988
920,-55.403093,-57.762474,-58.762474,-56.762474,informed,buy_from_mm,-56.762474,-19,-800.344698,252.314061,3.610000,248.704061
921,-56.501730,-56.995336,-57.995336,-55.995336,noise,none,0.000000,-19,-800.344698,273.188175,3.610000,269.578175
922,-54.579063,-53.318378,-54.318378,-52.318378,noise,none,0.000000,-19,-800.344698,236.657499,3.610000,233.047499
923,-54.666886,-55.016527,-56.016527,-54.016527,noise,buy_from_mm,-54.016527,-20,-854.361225,238.976486,4.000000,234.976486
924,-54.900282,-54.520540,-55.520540,-53.520540,noise,buy_from_mm,-53.520540,-21,-907.881765,245.024148,4.410000,240.614148
925,-54.833932,-53.512346,-54.512346,-52.512346,informed,sell_to_mm,-54.512346,-20,-853.369419,243.309220,4.000000,239.309220
926,-55.638037,-56.839127,-57.839127,-55.839127,noise,buy_from_mm,-55.839127,-21,-909.208547,259.190235,4.410000,254.780235
927,-55.178165,-55.961938,-56.961938,-54.961938,noise,sell_to_mm,-56.961938,-20,-852.246608,251.316700,4.000000,247.316700
928,-56.232452,-56.034640,-57.034640,-55.034640,noise,buy_from_mm,-55.034640,-21,-907.281248,273.600235,4.410000,269.190235
929,-57.482626,-56.544295,-57.544295,-55.544295,informed,none,0.000000,-21,-907.281248,299.853903,4.410000,295.443903
930,-56.617070,-56.420835,-57.420835,-55.420835,noise,buy_from_mm,-55.420835,-22,-962.702083,282.873459,4.840000,278.033459
931,-55.731347,-54.899539,-55.899539,-53.899539,noise,none,0.000000,-22,-962.702083,263.387553,4.840000,258.547553
932,-56.361465,-57.950700,-58.950700,-56.950700,informed,buy_from_mm,-56.950700,-23,-1019.652783,276.660921,5.290000,271.370921
933,-56.983498,-53.425101,-54.425101,-52.425101,informed,sell_to_mm,-54.425101,-22,-965.227682,288.409266,4.840000,283.569266
934,-56.202495,-54.961969,-55.961969,-53.961969,noise,none,0.000000,-22,-965.227682,271.227200,4.840000,266.387200
935,-56.607197,-53.084252,-54.084252,-52.084252,informed,sell_to_mm,-54.084252,-21,-911.143430,277.607706,4.410000,273.197706
936,-54.759531,-56.372030,-57.372030,-55.372030,noise,none,0.000000,-21,-911.143430,238.806713,4.410000,234.396713
937,-55.340476,-51.797335,-52.797335,-50.797335,informed,sell_to_mm,-52.797335,-20,-858.346095,248.463417,4.000000,244.463417
938,-55.172090,-55.954177,-56.954177,-54.954177,noise,none,0.000000,-20,-858.346095,245.095715,4.000000,241.095715
939,-54.356702,-55.613492,-56.613492,-54.613492,noise,buy_from_mm,-54.613492,-21,-912.959586,228.531165,4.410000,224.121165
940,-54.641269,-54.680134,-55.680134,-53.680134,noise,none,0.000000,-21,-912.959586,234.507071,4.410000,230.097071
941,-53.989475,-56.592368,-57.592368,-55.592368,noise,buy_from_mm,-55.592368,-22,-968.551954,219.216490,4.840000,214.376490
942,-52.895216,-53.842725,-54.842725,-52.842725,noise,sell_to_mm,-54.842725,-21,-913.709229,197.090300,4.410000,192.680300
943,-53.767779,-53.923070,-54.923070,-52.923070,informed,none,0.000000,-21,-913.709229,215.414126,4.410000,211.004126
944,-54.324112,-56.930750,-57.930750,-55.930750,noise,none,0.000000,-21,-913.709229,227.097132,4.410000,222.687132
945,-54.775725,-52.491203,-53.491203,-51.491203,noise,sell_to_mm,-53.491203,-20,-860.218026,235.296470,4.000000,231.296470
946,-54.072829,-51.640108,-52.640108,-50.640108,noise,none,0.000000,-20,-860.218026,221.238545,4.000000,217.238545
947,-55.054708,-57.864412,-58.864412,-56.864412,noise,none,0.000000,-20,-860.218026,240.876136,4.000000,236.876136
948,-54.595584,-54.524152,-55.524152,-53.524152,noise,buy_from_mm,-53.524152,-21,-913.742178,232.765090,4.410000,228.355090
949,-55.342508,-54.646512,-55.646512,-53.646512,informed,none,0.000000,-21,-913.742178,248.450491,4.410000,244.040491
950,-55.236559,-52.135271,-53.135271,-51.135271,informed,sell_to_mm,-53.135271,-20,-860.606907,244.124281,4.000000,240.124281
951,-56.002638,-55.196600,-56.196600,-54.196600,informed,none,0.000000,-20,-860.606907,259.445852,4.000000,255.445852
952,-56.841523,-53.270064,-54.270064,-52.270064,informed,sell_to_mm,-54.270064,-19,-806.336844,273.652087,3.610000,270.042087
953,-57.505310,-59.249914,-60.249914,-58.249914,informed,buy_from_mm,-58.249914,-20,-864.586758,285.519447,4.000000,281.519447
954,-58.190699,-56.503956,-57.503956,-55.503956,informed,sell_to_mm,-57.503956,-19,-807.082802,298.540484,3.610000,294.930484
955,-58.782101,-58.958228,-59.958228,-57.958228,noise,none,0.000000,-19,-807.082802,309.777118,3.610000,306.167118
956,-59.007839,-56.490479,-57.490479,-55.490479,noise,sell_to_mm,-57.490479,-18,-749.592324,312.548772,3.240000,309.308772
957,-59.044950,-63.605372,-64.605372,-62.605372,informed,buy_from_mm,-62.605372,-19,-812.197696,309.656356,3.610000,306.046356
958,-59.124209,-58.144425,-59.144425,-57.144425,noise,sell_to_mm,-59.144425,-18,-753.053271,311.182498,3.240000,307.942498
959,-60.044259,-63.896878,-64.896878,-62.896878,noise,buy_from_mm,-62.896878,-19,-815.950149,324.890771,3.610000,321.280771
960,-61.804374,-63.660496,-64.660496,-62.660496,noise,sell_to_mm,-64.660496,-18,-751.289653,361.189087,3.240000,357.949087
961,-61.228005,-60.144701,-61.144701,-59.144701,noise,none,0.000000,-18,-751.289653,350.814429,3.240000,347.574429
962,-58.644380,-59.613753,-60.613753,-58.613753,informed,none,0.000000,-18,-751.289653,304.309179,3.240000,301.069179
963,-60.466403,-58.023739,-59.023739,-57.023739,noise,none,0.000000,-18,-751.289653,337.105596,3.240000,333.865596
964,-61.419079,-61.710263,-62.710263,-60.710263,informed,none,0.000000,-18,-751.289653,354.253770,3.240000,351.013770
965,-61.087225,-61.136892,-62.136892,-60.136892,noise,none,0.000000,-18,-751.289653,348.280389,3.240000,345.040389
966,-60.634933,-58.513328,-59.513328,-57.513328,informed,sell_to_mm,-59.513328,-17,-691.776325,339.017530,2.890000,336.127530
967,-59.484957,-59.687804,-60.687804,-58.687804,noise,none,0.000000,-17,-691.776325,319.467941,2.890000,316.577941
968,-59.221837,-62.984154,-63.984154,-61.984154,noise,buy_from_mm,-61.984154,-18,-753.760480,312.232584,3.240000,308.992584
969,-59.468208,-60.017639,-61.017639,-59.017639,noise,sell_to_mm,-61.017639,-17,-692.742841,318.216701,2.890000,315.326701
970,-60.281505,-58.602915,-59.602915,-57.602915,informed,sell_to_mm,-59.602915,-16,-633.139926,331.364153,2.560000,328.804153
971,-60.818736,-60.875049,-61.875049,-59.875049,noise,none,0.000000,-16,-633.139926,339.959852,2.560000,337.399852
972,-60.373658,-61.718718,-62.718718,-60.718718,noise,none,0.000000,-16,-633.139926,332.838605,2.560000,330.278605
973,-59.647262,-64.117598,-65.117598,-63.117598,noise,none,0.000000,-16,-633.139926,321.216268,2.560000,318.656268
974,-60.453893,-61.324723,-62.324723,-60.324723,informed,none,0.000000,-16,-633.139926,334.122359,2.560000,331.562359
975,-59.721707,-62.379714,-63.379714,-61.379714,noise,none,0.000000,-16,-633.139926,322.407387,2.560000,319.847387
976,-60.411476,-61.395883,-62.395883,-60.395883,noise,none,0.000000,-16,-633.139926,333.443683,2.560000,330.883683
977,-60.857034,-58.110504,-59.110504,-57.110504,noise,none,0.000000,-16,-633.139926,340.572619,2.560000,338.012619
978,-62.748514,-60.546239,-61.546239,-59.546239,noise,none,0.000000,-16,-633.139926,370.836301,2.560000,368.276301
979,-63.665523,-61.898029,-62.898029,-60.898029,informed,sell_to_mm,-62.898029,-15,-570.241897,384.740954,2.250000,382.490954
980,-63.974217,-62.032882,-63.032882,-61.032882,noise,none,0.000000,-15,-570.241897,389.371358,2.250000,387.121358
981,-64.002429,-66.855872,-67.855872,-65.855872,informed,buy_from_mm,-65.855872,-16,-636.097769,387.941092,2.560000,385.381092
982,-63.718417,-67.766738,-68.766738,-66.766738,noise,buy_from_mm,-66.766738,-17,-702.864507,380.348589,2.890000,377.458589
983,-63.657533,-62.192291,-63.192291,-61.192291,informed,sell_to_mm,-63.192291,-16,-639.672215,378.848311,2.560000,376.288311
984,-63.076506,-64.595541,-65.595541,-63.595541,informed,buy_from_mm,-63.595541,-17,-703.267756,369.032853,2.890000,366.142853
985,-63.320339,-62.868097,-63.868097,-61.868097,noise,none,0.000000,-17,-703.267756,373.178001,2.890000,370.288001
986,-64.535400,-67.455375,-68.455375,-66.455375,noise,none,0.000000,-17,-703.267756,393.834042,2.890000,390.944042
987,-64.146688,-63.952531,-64.952531,-62.952531,informed,none,0.000000,-17,-703.267756,387.225937,2.890000,384.335937
988,-64.681621,-66.571271,-67.571271,-65.571271,noise,none,0.000000,-17,-703.267756,396.319804,2.890000,393.429804
989,-63.649953,-61.574930,-62.574930,-60.574930,noise,none,0.000000,-17,-703.267756,378.781453,2.890000,375.891453
990,-63.679230,-63.357577,-64.357577,-62.357577,informed,none,0.000000,-17,-703.267756,379.279157,2.890000,376.389157
991,-64.547258,-66.933062,-67.933062,-65.933062,noise,none,0.000000,-17,-703.267756,394.035635,2.890000,391.145635
992,-63.727620,-61.865918,-62.865918,-60.865918,noise,none,0.000000,-17,-703.267756,380.101778,2.890000,377.211778
993,-62.766168,-65.648508,-66.648508,-64.648508,noise,none,0.000000,-17,-703.267756,363.757095,2.890000,360.867095
994,-62.857972,-63.072548,-64.072548,-62.072548,noise,buy_from_mm,-62.072548,-18,-765.340304,366.103195,3.240000,362.863195
995,-63.425991,-64.022766,-65.022766,-63.022766,noise,none,0.000000,-18,-765.340304,376.327528,3.240000,373.087528
996,-64.269672,-64.408910,-65.408910,-63.408910,informed,none,0.000000,-18,-765.340304,391.513786,3.240000,388.273786
997,-67.348611,-64.424166,-65.424166,-63.424166,noise,none,0.000000,-18,-765.340304,446.934691,3.240000,443.694691
998,-67.006010,-67.192703,-68.192703,-66.192703,informed,none,0.000000,-18,-765.340304,440.767876,3.240000,437.527876
999,-67.884436,-65.215084,-66.215084,-64.215084,informed,sell_to_mm,-66.215084,-17,-699.125220,454.910196,2.890000,452.020196
1000,-66.146559,-65.915809,-66.915809,-64.915809,noise,sell_to_mm,-66.915809,-16,-632.209411,426.135540,2.560000,423.575540
1001,-67.863485,-70.117294,-71.117294,-69.117294,informed,buy_from_mm,-69.117294,-17,-701.326705,452.352540,2.890000,449.462540
1002,-68.363450,-66.514149,-67.514149,-65.514149,noise,none,0.000000,-17,-701.326705,460.851944,2.890000,457.961944
1003,-66.995644,-66.663551,-67.663551,-65.663551,informed,none,0.000000,-17,-701.326705,437.599238,2.890000,434.709238
1004,-66.924266,-66.315890,-67.315890,-65.315890,noise,none,0.000000,-17,-701.326705,436.385822,2.890000,433.495822
1005,-67.684771,-70.937367,-71.937367,-69.937367,informed,buy_from_mm,-69.937367,-18,-771.264072,447.061798,3.240000,443.821798
1006,-67.938061,-69.277722,-70.277722,-68.277722,informed,buy_from_mm,-68.277722,-19,-839.541794,451.281368,3.610000,447.671368
1007,-68.253809,-73.002677,-74.002677,-72.002677,noise,none,0.000000,-19,-839.541794,457.280568,3.610000,453.670568
1008,-68.692272,-67.563379,-68.563379,-66.563379,informed,sell_to_mm,-68.563379,-18,-770.978415,465.482485,3.240000,462.242485
1009,-70.385589,-70.538422,-71.538422,-69.538422,noise,buy_from_mm,-69.538422,-19,-840.516837,496.809360,3.610000,493.199360
1010,-70.847459,-67.857524,-68.857524,-66.857524,noise,buy_from_mm,-66.857524,-20,-907.374362,509.574820,4.000000,505.574820
1011,-70.114123,-70.576048,-71.576048,-69.576048,noise,none,0.000000,-20,-907.374362,494.908089,4.000000,490.908089
1012,-70.086250,-71.006475,-72.006475,-70.006475,informed,none,0.000000,-20,-907.374362,494.350637,4.000000,490.350637
1013,-68.572987,-67.165873,-68.165873,-66.165873,informed,sell_to_mm,-68.165873,-19,-839.208489,463.678255,3.610000,460.068255
1014,-66.656301,-64.897093,-65.897093,-63.897093,informed,sell_to_mm,-65.897093,-18,-773.311396,426.502024,3.240000,423.262024
1015,-64.500334,-62.522797,-63.522797,-61.522797,informed,sell_to_mm,-63.522797,-17,-709.788599,386.717075,2.890000,383.827075
1016,-64.230099,-64.676818,-65.676818,-63.676818,noise,none,0.000000,-17,-709.788599,382.123083,2.890000,379.233083
1017,-64.324108,-66.165971,-67.165971,-65.165971,noise,none,0.000000,-17,-709.788599,383.721243,2.890000,380.831243
1018,-65.520324,-64.946761,-65.946761,-63.946761,noise,sell_to_mm,-65.946761,-16,-643.841837,404.483339,2.560000,401.923339
1019,-65.130403,-67.262443,-68.262443,-66.262443,informed,buy_from_mm,-66.262443,-17,-710.104280,397.112566,2.890000,394.222566
1020,-65.011097,-67.588019,-68.588019,-66.588019,noise,none,0.000000,-17,-710.104280,395.084363,2.890000,392.194363
1021,-65.224035,-63.019355,-64.019355,-62.019355,noise,none,0.000000,-17,-710.104280,398.704307,2.890000,395.814307
1022,-66.420179,-64.697296,-65.697296,-63.697296,noise,buy_from_mm,-63.697296,-18,-773.801576,421.761639,3.240000,418.521639
1023,-66.212838,-71.002733,-72.002733,-70.002733,noise,sell_to_mm,-72.002733,-17,-701.798843,423.819407,2.890000,420.929407
1024,-66.574617,-67.839911,-68.839911,-66.839911,informed,buy_from_mm,-66.839911,-18,-768.638754,429.704351,3.240000,426.464351
1025,-67.573916,-69.202076,-70.202076,-68.202076,noise,buy_from_mm,-68.202076,-19,-836.840829,447.063577,3.610000,443.453577
1026,-68.138095,-69.995328,-70.995328,-68.995328,informed,buy_from_mm,-68.995328,-20,-905.836157,456.925738,4.000000,452.925738
1027,-69.460592,-69.993261,-70.993261,-68.993261,informed,none,0.000000,-20,-905.836157,483.375681,4.000000,479.375681
1028,-70.174573,-70.364258,-71.364258,-69.364258,informed,none,0.000000,-20,-905.836157,497.655311,4.000000,493.655311
1029,-71.677615,-69.390495,-70.390495,-68.390495,noise,sell_to_mm,-70.390495,-19,-835.445662,526.429029,3.610000,522.819029
1030,-71.775208,-71.469171,-72.469171,-70.469171,noise,none,0.000000,-19,-835.445662,528.283292,3.610000,524.673292
1031,-70.075547,-69.796406,-70.796406,-68.796406,informed,none,0.000000,-19,-835.445662,495.989722,3.610000,492.379722
1032,-70.373334,-65.985797,-66.985797,-64.985797,informed,sell_to_mm,-66.985797,-18,-768.459865,498.260138,3.240000,495.020138
1033,-70.089437,-72.080979,-73.080979,-71.080979,informed,buy_from_mm,-71.080979,-19,-839.540844,492.158467,3.610000,488.548467
1034,-68.380179,-70.451317,-71.451317,-69.451317,informed,buy_from_mm,-69.451317,-20,-908.992161,458.611428,4.000000,454.611428
1035,-68.242204,-66.051469,-67.051469,-65.051469,noise,none,0.000000,-20,-908.992161,455.851923,4.000000,451.851923
1036,-68.743959,-64.565319,-65.565319,-63.565319,informed,sell_to_mm,-65.565319,-19,-843.426842,462.708372,3.610000,459.098372
1037,-69.375768,-67.137574,-68.137574,-66.137574,noise,none,0.000000,-19,-843.426842,474.712743,3.610000,471.102743
1038,-68.925578,-70.160370,-71.160370,-69.160370,noise,none,0.000000,-19,-843.426842,466.159138,3.610000,462.549138
1039,-68.037940,-71.045584,-72.045584,-70.045584,noise,buy_from_mm,-70.045584,-20,-913.472426,447.286372,4.000000,443.286372
1040,-67.976146,-69.263857,-70.263857,-68.263857,noise,sell_to_mm,-70.263857,-19,-843.208569,448.338209,3.610000,444.728209
1041,-68.397655,-69.028502,-70.028502,-68.028502,informed,none,0.000000,-19,-843.208569,456.346869,3.610000,452.736869
1042,-69.849717,-70.890203,-71.890203,-69.890203,noise,none,0.000000,-19,-843.208569,483.936061,3.610000,480.326061
1043,-70.229994,-70.252831,-71.252831,-69.252831,informed,none,0.000000,-19,-843.208569,491.161325,3.610000,487.551325
1044,-69.802536,-71.526486,-72.526486,-70.526486,noise,none,0.000000,-19,-843.208569,483.039617,3.610000,479.429617
1045,-69.944361,-72.516952,-73.516952,-71.516952,noise,none,0.000000,-19,-843.208569,485.734298,3.610000,482.124298
1046,-68.605745,-70.014612,-71.014612,-69.014612,noise,buy_from_mm,-69.014612,-20,-912.223181,459.891711,4.000000,455.891711
1047,-69.180599,-71.081509,-72.081509,-70.081509,informed,buy_from_mm,-70.081509,-21,-982.304691,470.487898,4.410000,466.077898
1048,-69.193746,-67.837517,-68.837517,-66.837517,noise,sell_to_mm,-68.837517,-20,-913.467174,470.407752,4.000000,466.407752
1049,-71.351758,-68.923305,-69.923305,-67.923305,noise,buy_from_mm,-67.923305,-21,-981.390479,516.996446,4.410000,512.586446
1050,-71.513414,-67.862051,-68.862051,-66.862051,noise,none,0.000000,-21,-981.390479,520.391206,4.410000,515.981206
1051,-71.720768,-68.854317,-69.854317,-67.854317,noise,none,0.000000,-21,-981.390479,524.745648,4.410000,520.335648
1052,-71.714549,-74.170547,-75.170547,-73.170547,noise,none,0.000000,-21,-981.390479,524.615048,4.410000,520.205048
1053,-71.176766,-71.379496,-72.379496,-70.379496,informed,none,0.000000,-21,-981.390479,513.321603,4.410000,508.911603
1054,-70.034248,-69.064931,-70.064931,-68.064931,noise,none,0.000000,-21,-981.390479,489.328729,4.410000,484.918729
1055,-71.378411,-74.033265,-75.033265,-73.033265,noise,none,0.000000,-21,-981.390479,517.556146,4.410000,513.146146
1056,-72.080335,-71.590471,-72.590471,-70.590471,noise,none,0.000000,-21,-981.390479,532.296557,4.410000,527.886557
1057,-71.590104,-73.175043,-74.175043,-72.175043,informed,buy_from_mm,-72.175043,-22,-1053.565522,521.416759,4.840000,516.576759
1058,-71.726505,-68.078385,-69.078385,-67.078385,noise,none,0.000000,-22,-1053.565522,524.417585,4.840000,519.577585
1059,-69.800382,-68.329755,-69.329755,-67.329755,noise,sell_to_mm,-69.329755,-21,-984.235768,481.572249,4.410000,477.162249
1060,-68.771768,-68.799245,-69.799245,-67.799245,noise,none,0.000000,-21,-984.235768,459.971355,4.410000,455.561355
1061,-68.567463,-69.654604,-70.654604,-68.654604,noise,none,0.000000,-21,-984.235768,455.680956,4.410000,451.270956
1062,-68.653276,-70.410116,-71.410116,-69.410116,noise,none,0.000000,-21,-984.235768,457.483031,4.410000,453.073031
1063,-69.170523,-66.708101,-67.708101,-65.708101,informed,sell_to_mm,-67.708101,-20,-916.527666,466.882794,4.000000,462.882794
1064,-68.812545,-67.328428,-68.328428,-66.328428,informed,sell_to_mm,-68.328428,-19,-848.199238,459.239115,3.610000,455.629115
1065,-70.636175,-68.833954,-69.833954,-67.833954,noise,buy_from_mm,-67.833954,-20,-916.033192,496.690314,4.000000,492.690314
1066,-69.807025,-69.870797,-70.870797,-68.870797,informed,none,0.000000,-20,-916.033192,480.107310,4.000000,476.107310
1067,-71.465376,-71.558179,-72.558179,-70.558179,informed,none,0.000000,-20,-916.033192,513.274326,4.000000,509.274326
1068,-69.772758,-68.534125,-69.534125,-67.534125,noise,none,0.000000,-20,-916.033192,479.421965,4.000000,475.421965
1069,-70.959916,-68.336882,-69.336882,-67.336882,informed,sell_to_mm,-69.336882,-19,-846.696310,501.542095,3.610000,497.932095
1070,-69.682255,-71.186461,-72.186461,-70.186461,noise,none,0.000000,-19,-846.696310,477.266527,3.610000,473.656527
1071,-70.224757,-68.532883,-69.532883,-67.532883,informed,sell_to_mm,-69.532883,-18,-777.163427,486.882196,3.240000,483.642196
1072,-69.989566,-69.207797,-70.207797,-68.207797,informed,none,0.000000,-18,-777.163427,482.648760,3.240000,479.408760
1073,-70.230299,-72.538720,-73.538720,-71.538720,noise,none,0.000000,-18,-777.163427,486.981956,3.240000,483.741956
1074,-71.062795,-73.263062,-74.263062,-72.263062,informed,buy_from_mm,-72.263062,-19,-849.426490,500.766624,3.610000,497.156624
1075,-71.271592,-68.418460,-69.418460,-67.418460,noise,none,0.000000,-19,-849.426490,504.733756,3.610000,501.123756
1076,-73.934946,-69.908268,-70.908268,-68.908268,informed,sell_to_mm,-70.908268,-18,-778.518222,552.310803,3.240000,549.070803
1077,-75.127430,-73.835565,-74.835565,-72.835565,informed,sell_to_mm,-74.835565,-17,-703.682657,573.483652,2.890000,570.593652
1078,-74.560222,-75.130006,-76.130006,-74.130006,informed,none,0.000000,-17,-703.682657,563.841117,2.890000,560.951117
1079,-76.248339,-77.878993,-78.878993,-76.878993,noise,sell_to_mm,-78.878993,-16,-624.803664,595.169767,2.560000,592.609767
1080,-75.565222,-72.683863,-73.683863,-71.683863,informed,sell_to_mm,-73.683863,-15,-551.119801,582.358524,2.250000,580.108524
1081,-74.892432,-77.091927,-78.091927,-76.091927,noise,none,0.000000,-15,-551.119801,572.266672,2.250000,570.016672
1082,-74.639497,-77.219532,-78.219532,-76.219532,informed,buy_from_mm,-76.219532,-16,-627.339333,566.892623,2.560000,564.332623
1083,-75.375003,-77.019390,-78.019390,-76.019390,noise,buy_from_mm,-76.019390,-17,-703.358723,578.016336,2.890000,575.126336
1084,-73.491183,-72.356382,-73.356382,-71.356382,informed,sell_to_mm,-73.356382,-16,-630.002341,545.856590,2.560000,543.296590
1085,-70.912197,-70.640350,-71.640350,-69.640350,informed,none,0.000000,-16,-630.002341,504.592811,2.560000,502.032811
1086,-71.472847,-70.369423,-71.369423,-69.369423,informed,sell_to_mm,-71.369423,-15,-558.632918,513.459790,2.250000,511.209790
1087,-72.399146,-73.371893,-74.371893,-72.371893,noise,none,0.000000,-15,-558.632918,527.354266,2.250000,525.104266
1088,-71.801109,-69.348579,-70.348579,-68.348579,noise,none,0.000000,-15,-558.632918,518.383716,2.250000,516.133716
1089,-71.609318,-71.396097,-72.396097,-70.396097,informed,none,0.000000,-15,-558.632918,515.506852,2.250000,513.256852
1090,-71.555276,-71.238553,-72.238553,-70.238553,informed,none,0.000000,-15,-558.632918,514.696224,2.250000,512.446224
1091,-70.159577,-68.956396,-69.956396,-67.956396,informed,sell_to_mm,-69.956396,-14,-488.676522,493.557555,1.960000,491.597555
1092,-70.584918,-73.463777,-74.463777,-72.463777,noise,none,0.000000,-14,-488.676522,499.512325,1.960000,497.552325
1093,-69.754379,-69.209471,-70.209471,-68.209471,noise,none,0.000000,-14,-488.676522,487.884791,1.960000,485.924791
1094,-70.218291,-69.894395,-70.894395,-68.894395,informed,none,0.000000,-14,-488.676522,494.379557,1.960000,492.419557
1095,-70.472374,-66.325886,-67.325886,-65.325886,informed,sell_to_mm,-67.325886,-13,-421.350636,494.790222,1.690000,493.100222
1096,-71.629355,-68.740657,-69.740657,-67.740657,noise,buy_from_mm,-67.740657,-14,-489.091293,513.719681,1.960000,511.759681
1097,-70.878923,-71.823451,-72.823451,-70.823451,noise,none,0.000000,-14,-489.091293,503.213629,1.960000,501.253629
1098,-71.674396,-72.531510,-73.531510,-71.531510,noise,none,0.000000,-14,-489.091293,514.350253,1.960000,512.390253
1099,-72.984923,-77.026689,-78.026689,-76.026689,informed,buy_from_mm,-76.026689,-15,-565.117982,529.655865,2.250000,527.405865
1100,-72.204441,-71.469227,-72.469227,-70.469227,noise,buy_from_mm,-70.469227,-16,-635.587210,519.683854,2.560000,517.123854
1101,-71.985076,-73.137844,-74.137844,-72.137844,noise,none,0.000000,-16,-635.587210,516.174006,2.560000,513.614006
1102,-72.765058,-71.021601,-72.021601,-70.021601,informed,sell_to_mm,-72.021601,-15,-563.565609,527.910261,2.250000,525.660261
1103,-70.939296,-74.109857,-75.109857,-73.109857,noise,none,0.000000,-15,-563.565609,500.523834,2.250000,498.273834
1104,-70.503688,-73.410878,-74.410878,-72.410878,noise,none,0.000000,-15,-563.565609,493.989713,2.250000,491.739713
1105,-70.395920,-69.992866,-70.992866,-68.992866,noise,none,0.000000,-15,-563.565609,492.373193,2.250000,490.123193
1106,-72.044510,-71.003747,-72.003747,-70.003747,informed,sell_to_mm,-72.003747,-14,-491.561863,517.061278,1.960000,515.101278
1107,-71.966205,-76.370553,-77.370553,-75.370553,noise,buy_from_mm,-75.370553,-15,-566.932415,512.560658,2.250000,510.310658
1108,-71.297469,-72.540539,-73.540539,-71.540539,noise,sell_to_mm,-73.540539,-14,-493.391876,504.772686,1.960000,502.812686
1109,-69.548886,-68.575201,-69.575201,-67.575201,noise,none,0.000000,-14,-493.391876,480.292532,1.960000,478.332532
1110,-69.639379,-70.266667,-71.266667,-69.266667,noise,none,0.000000,-14,-493.391876,481.559434,1.960000,479.599434
1111,-70.067415,-70.709284,-71.709284,-69.709284,noise,none,0.000000,-14,-493.391876,487.551930,1.960000,485.591930
1112,-70.579030,-68.808010,-69.808010,-67.808010,informed,sell_to_mm,-69.808010,-13,-423.583867,493.943527,1.690000,492.253527
1113,-71.378572,-71.225956,-72.225956,-70.225956,informed,none,0.000000,-13,-423.583867,504.337566,1.690000,502.647566
1114,-71.221226,-72.790347,-73.790347,-71.790347,noise,none,0.000000,-13,-423.583867,502.292072,1.690000,500.602072
1115,-72.629754,-74.036181,-75.036181,-73.036181,noise,buy_from_mm,-73.036181,-14,-496.620048,520.196505,1.960000,518.236505
1116,-74.181712,-76.045022,-77.045022,-75.045022,noise,none,0.000000,-14,-496.620048,541.923915,1.960000,539.963915
1117,-74.322935,-75.270305,-76.270305,-74.270305,noise,none,0.000000,-14,-496.620048,543.901044,1.960000,541.941044
1118,-73.976204,-71.392096,-72.392096,-70.392096,noise,none,0.000000,-14,-496.620048,539.046810,1.960000,537.086810
1119,-75.332651,-76.169156,-77.169156,-75.169156,informed,none,0.000000,-14,-496.620048,558.037064,1.960000,556.077064
1120,-75.057198,-75.240056,-76.240056,-74.240056,informed,none,0.000000,-14,-496.620048,554.180730,1.960000,552.220730
1121,-74.843166,-72.780480,-73.780480,-71.780480,informed,sell_to_mm,-73.780480,-13,-422.839569,550.121584,1.690000,548.431584
1122,-74.697195,-69.316046,-70.316046,-68.316046,noise,buy_from_mm,-68.316046,-14,-491.155615,554.605115,1.960000,552.645115
1123,-74.902757,-79.397375,-80.397375,-78.397375,informed,buy_from_mm,-78.397375,-15,-569.552990,553.988359,2.250000,551.738359
1124,-74.871414,-75.475358,-76.475358,-74.475358,noise,buy_from_mm,-74.475358,-16,-644.028347,553.914279,2.560000,551.354279
1125,-73.536281,-74.620402,-75.620402,-73.620402,noise,buy_from_mm,-73.620402,-17,-717.648750,532.468033,2.890000,529.578033
1126,-73.145424,-69.626698,-70.626698,-68.626698,informed,sell_to_mm,-70.626698,-16,-647.022052,523.304734,2.560000,520.744734
1127,-72.346595,-70.747934,-71.747934,-69.747934,noise,none,0.000000,-16,-647.022052,510.523475,2.560000,507.963475
1128,-71.803258,-71.285827,-72.285827,-70.285827,noise,none,0.000000,-16,-647.022052,501.830073,2.560000,499.270073
1129,-72.458528,-72.031984,-73.031984,-71.031984,noise,none,0.000000,-16,-647.022052,512.314393,2.560000,509.754393
1130,-70.688807,-72.005761,-73.005761,-71.005761,noise,none,0.000000,-16,-647.022052,483.998858,2.560000,481.438858
1131,-71.558767,-73.191372,-74.191372,-72.191372,informed,buy_from_mm,-72.191372,-17,-719.213424,497.285614,2.890000,494.395614
1132,-70.510831,-68.768813,-69.768813,-67.768813,informed,sell_to_mm,-69.768813,-16,-649.444611,478.728692,2.560000,476.168692
1133,-70.853506,-67.704644,-68.704644,-66.704644,noise,none,0.000000,-16,-649.444611,484.211491,2.560000,481.651491
1134,-70.534415,-71.136482,-72.136482,-70.136482,noise,sell_to_mm,-72.136482,-15,-577.308129,480.708103,2.250000,478.458103
1135,-70.213601,-71.948375,-72.948375,-70.948375,informed,buy_from_mm,-70.948375,-16,-648.256504,475.161119,2.560000,472.601119
1136,-70.807628,-68.915044,-69.915044,-67.915044,informed,sell_to_mm,-69.915044,-15,-578.341460,483.772963,2.250000,481.522963
1137,-70.842506,-69.448671,-70.448671,-68.448671,informed,sell_to_mm,-70.448671,-14,-507.892789,483.902293,1.960000,481.942293
1138,-70.678179,-71.288134,-72.288134,-70.288134,informed,none,0.000000,-14,-507.892789,481.601723,1.960000,479.641723
1139,-71.921877,-72.101069,-73.101069,-71.101069,noise,none,0.000000,-14,-507.892789,499.013482,1.960000,497.053482
1140,-71.738828,-69.821170,-70.821170,-68.821170,informed,sell_to_mm,-70.821170,-13,-437.071619,495.533149,1.690000,493.843149
1141,-71.716419,-72.170598,-73.170598,-71.170598,informed,none,0.000000,-13,-437.071619,495.241831,1.690000,493.551831
1142,-72.888433,-73.702198,-74.702198,-72.702198,noise,none,0.000000,-13,-437.071619,510.478009,1.690000,508.788009
1143,-71.280091,-70.924020,-71.924020,-69.924020,noise,sell_to_mm,-71.924020,-12,-365.147600,490.213495,1.440000,488.773495
1144,-72.190579,-74.593760,-75.593760,-73.593760,noise,none,0.000000,-12,-365.147600,501.139347,1.440000,499.699347
1145,-73.613136,-75.365973,-76.365973,-74.365973,informed,buy_from_mm,-74.365973,-13,-439.513573,517.457194,1.690000,515.767194
1146,-72.639945,-70.995306,-71.995306,-69.995306,noise,sell_to_mm,-71.995306,-12,-367.518267,504.161072,1.440000,502.721072
1147,-70.984485,-71.280441,-72.280441,-70.280441,noise,none,0.000000,-12,-367.518267,484.295554,1.440000,482.855554
1148,-72.046942,-75.212140,-76.212140,-74.212140,informed,buy_from_mm,-74.212140,-13,-441.730408,494.879843,1.690000,493.189843
1149,-72.031609,-70.238596,-71.238596,-69.238596,noise,none,0.000000,-13,-441.730408,494.680514,1.690000,492.990514
1150,-72.246108,-70.914407,-71.914407,-69.914407,noise,none,0.000000,-13,-441.730408,497.469001,1.690000,495.779001
1151,-72.450593,-74.372316,-75.372316,-73.372316,noise,none,0.000000,-13,-441.730408,500.127306,1.690000,498.437306
1152,-73.594552,-74.551050,-75.551050,-73.551050,noise,none,0.000000,-13,-441.730408,514.998766,1.690000,513.308766
1153,-74.894108,-73.941786,-74.941786,-72.941786,informed,none,0.000000,-13,-441.730408,531.892992,1.690000,530.202992
1154,-74.229104,-75.341007,-76.341007,-74.341007,informed,buy_from_mm,-74.341007,-14,-516.071415,523.136042,1.960000,521.176042
1155,-73.331827,-74.799484,-75.799484,-73.799484,noise,none,0.000000,-14,-516.071415,510.574164,1.960000,508.614164
1156,-72.538633,-74.684857,-75.684857,-73.684857,informed,buy_from_mm,-73.684857,-15,-589.756272,498.323224,2.250000,496.073224
1157,-71.130100,-69.949178,-70.949178,-68.949178,informed,sell_to_mm,-70.949178,-14,-518.807094,477.014301,1.960000,475.054301
1158,-71.938847,-66.051320,-67.051320,-65.051320,noise,none,0.000000,-14,-518.807094,488.336769,1.960000,486.376769
1159,-72.841766,-78.484180,-79.484180,-77.484180,informed,buy_from_mm,-77.484180,-15,-596.291274,496.335222,2.250000,494.085222
1160,-72.873325,-72.671948,-73.671948,-71.671948,informed,none,0.000000,-15,-596.291274,496.808598,2.250000,494.558598
1161,-73.043962,-72.737733,-73.737733,-71.737733,informed,none,0.000000,-15,-596.291274,499.368150,2.250000,497.118150
1162,-74.109497,-73.622442,-74.622442,-72.622442,noise,buy_from_mm,-72.622442,-16,-668.913716,516.838236,2.560000,514.278236
1163,-72.451946,-69.341123,-70.341123,-68.341123,noise,buy_from_mm,-68.341123,-17,-737.254839,494.428239,2.890000,491.538239
1164,-72.069750,-73.773981,-74.773981,-72.773981,informed,buy_from_mm,-72.773981,-18,-810.028820,487.226673,3.240000,483.986673
1165,-72.382376,-73.382434,-74.382434,-72.382434,noise,none,0.000000,-18,-810.028820,492.853940,3.240000,489.613940
1166,-74.112643,-75.291441,-76.291441,-74.291441,noise,sell_to_mm,-76.291441,-17,-733.737379,526.177559,2.890000,523.287559
1167,-72.593747,-76.245553,-77.245553,-75.245553,noise,none,0.000000,-17,-733.737379,500.356329,2.890000,497.466329
1168,-71.837902,-69.169663,-70.169663,-68.169663,informed,sell_to_mm,-70.169663,-16,-663.567716,485.838718,2.560000,483.278718
1169,-71.350781,-69.427632,-70.427632,-68.427632,informed,sell_to_mm,-70.427632,-15,-593.140084,477.121637,2.250000,474.871637
1170,-71.572432,-72.239523,-73.239523,-71.239523,noise,none,0.000000,-15,-593.140084,480.446397,2.250000,478.196397
1171,-71.465962,-74.313866,-75.313866,-73.313866,noise,none,0.000000,-15,-593.140084,478.849344,2.250000,476.599344
1172,-71.687165,-73.151546,-74.151546,-72.151546,informed,buy_from_mm,-72.151546,-16,-665.291630,481.703014,2.560000,479.143014
1173,-72.003761,-69.219030,-70.219030,-68.219030,noise,sell_to_mm,-70.219030,-15,-595.072600,484.983810,2.250000,482.733810
1174,-72.225614,-73.083582,-74.083582,-72.083582,informed,none,0.000000,-15,-595.072600,488.311616,2.250000,486.061616
1175,-72.734903,-71.285760,-72.285760,-70.285760,noise,none,0.000000,-15,-595.072600,495.950950,2.250000,493.700950
1176,-73.137769,-71.954991,-72.954991,-70.954991,noise,none,0.000000,-15,-595.072600,501.993930,2.250000,499.743930
1177,-73.248899,-74.535454,-75.535454,-73.535454,informed,buy_from_mm,-73.535454,-16,-668.608055,503.374326,2.560000,500.814326
1178,-72.927195,-71.955910,-72.955910,-70.955910,informed,none,0.000000,-16,-668.608055,498.227063,2.560000,495.667063
1179,-71.654603,-69.730704,-70.730704,-68.730704,noise,sell_to_mm,-70.730704,-15,-597.877351,476.941692,2.250000,474.691692
1180,-71.330152,-72.457961,-73.457961,-71.457961,informed,buy_from_mm,-71.457961,-16,-669.335312,471.947116,2.560000,469.387116
1181,-72.415984,-73.491640,-74.491640,-72.491640,noise,sell_to_mm,-74.491640,-15,-594.843672,491.396090,2.250000,489.146090
1182,-71.981549,-68.425016,-69.425016,-67.425016,informed,sell_to_mm,-69.425016,-14,-525.418656,482.323027,1.960000,480.363027
1183,-70.271569,-69.050294,-70.050294,-68.050294,noise,none,0.000000,-14,-525.418656,458.383303,1.960000,456.423303
1184,-70.038679,-69.468386,-70.468386,-68.468386,noise,none,0.000000,-14,-525.418656,455.122844,1.960000,453.162844
1185,-69.018731,-72.021555,-73.021555,-71.021555,noise,none,0.000000,-14,-525.418656,440.843574,1.960000,438.883574
1186,-68.816808,-69.508375,-70.508375,-68.508375,noise,buy_from_mm,-68.508375,-15,-593.927031,438.325090,2.250000,436.075090
1187,-68.807394,-65.799824,-66.799824,-64.799824,informed,sell_to_mm,-66.799824,-14,-527.127208,436.176315,1.960000,434.216315
1188,-69.553533,-67.903224,-68.903224,-66.903224,noise,none,0.000000,-14,-527.127208,446.622261,1.960000,444.662261
1189,-71.227489,-67.986932,-68.986932,-66.986932,informed,sell_to_mm,-68.986932,-13,-458.140276,467.817084,1.690000,466.127084
1190,-69.960813,-70.595785,-71.595785,-69.595785,informed,none,0.000000,-13,-458.140276,451.350298,1.690000,449.660298
1191,-71.469672,-72.456510,-73.456510,-71.456510,noise,none,0.000000,-13,-458.140276,470.965458,1.690000,469.275458
1192,-72.442057,-75.474507,-76.474507,-74.474507,noise,none,0.000000,-13,-458.140276,483.606460,1.690000,481.916460
1193,-73.486744,-73.721726,-74.721726,-72.721726,informed,none,0.000000,-13,-458.140276,497.187393,1.690000,495.497393
1194,-75.271382,-74.705367,-75.705367,-73.705367,noise,none,0.000000,-13,-458.140276,520.387686,1.690000,518.697686
1195,-76.187238,-75.096299,-76.096299,-74.096299,informed,sell_to_mm,-76.096299,-12,-382.043977,532.202874,1.440000,530.762874
1196,-75.708466,-76.889439,-77.889439,-75.889439,noise,none,0.000000,-12,-382.043977,526.457616,1.440000,525.017616
1197,-75.736761,-78.032389,-79.032389,-77.032389,noise,none,0.000000,-12,-382.043977,526.797149,1.440000,525.357149
1198,-76.593861,-75.989789,-76.989789,-74.989789,informed,none,0.000000,-12,-382.043977,537.082355,1.440000,535.642355
1199,-75.196347,-73.309963,-74.309963,-72.309963,noise,none,0.000000,-12,-382.043977,520.312185,1.440000,518.872185
1200,-77.241018,-78.240576,-79.240576,-77.240576,noise,none,0.000000,-12,-382.043977,544.848239,1.440000,543.408239
1201,-76.880945,-77.612282,-78.612282,-76.612282,informed,none,0.000000,-12,-382.043977,540.527366,1.440000,539.087366
1202,-76.097409,-76.723590,-77.723590,-75.723590,noise,none,0.000000,-12,-382.043977,531.124928,1.440000,529.684928
1203,-76.125798,-77.528135,-78.528135,-76.528135,noise,none,0.000000,-12,-382.043977,531.465602,1.440000,530.025602
1204,-76.497808,-76.172598,-77.172598,-75.172598,informed,none,0.000000,-12,-382.043977,535.929718,1.440000,534.489718
1205,-75.255437,-75.152120,-76.152120,-74.152120,informed,none,0.000000,-12,-382.043977,521.021263,1.440000,519.581263
1206,-77.712753,-79.085315,-80.085315,-78.085315,noise,none,0.000000,-12,-382.043977,550.509056,1.440000,549.069056
1207,-77.010136,-78.826813,-79.826813,-77.826813,noise,buy_from_mm,-77.826813,-13,-459.870790,541.260982,1.690000,539.570982
1208,-74.868986,-74.437506,-75.437506,-73.437506,informed,none,0.000000,-13,-459.870790,513.426028,1.690000,511.736028
1209,-74.091698,-75.382949,-76.382949,-74.382949,noise,none,0.000000,-13,-459.870790,503.321285,1.690000,501.631285
1210,-74.102403,-73.624648,-74.624648,-72.624648,informed,none,0.000000,-13,-459.870790,503.460453,1.690000,501.770453
1211,-74.566885,-75.276550,-76.276550,-74.276550,informed,none,0.000000,-13,-459.870790,509.498711,1.690000,507.808711
1212,-72.778530,-70.977720,-71.977720,-69.977720,informed,sell_to_mm,-71.977720,-12,-387.893070,485.449285,1.440000,484.009285
1213,-71.714082,-72.118082,-73.118082,-71.118082,noise,none,0.000000,-12,-387.893070,472.675911,1.440000,471.235911
1214,-72.978649,-70.446532,-71.446532,-69.446532,informed,sell_to_mm,-71.446532,-11,-316.446538,486.318597,1.210000,485.108597
1215,-74.042449,-74.191236,-75.191236,-73.191236,informed,none,0.000000,-11,-316.446538,498.020403,1.210000,496.810403
1216,-71.695182,-73.751803,-74.751803,-72.751803,noise,none,0.000000,-11,-316.446538,472.200463,1.210000,470.990463
1217,-72.073010,-72.498189,-73.498189,-71.498189,informed,none,0.000000,-11,-316.446538,476.356571,1.210000,475.146571
1218,-74.737198,-76.293172,-77.293172,-75.293172,informed,buy_from_mm,-75.293172,-12,-391.739710,505.106671,1.440000,503.666671
1219,-74.410860,-77.017215,-78.017215,-76.017215,noise,none,0.000000,-12,-391.739710,501.190607,1.440000,499.750607
1220,-72.316765,-73.426683,-74.426683,-72.426683,noise,none,0.000000,-12,-391.739710,476.061467,1.440000,474.621467
1221,-73.177516,-77.143129,-78.143129,-76.143129,noise,none,0.000000,-12,-391.739710,486.390484,1.440000,484.950484
1222,-73.411330,-75.151055,-76.151055,-74.151055,informed,buy_from_mm,-74.151055,-13,-465.890765,488.456519,1.690000,486.766519
1223,-72.061943,-71.443775,-72.443775,-70.443775,noise,sell_to_mm,-72.443775,-12,-393.446990,471.296328,1.440000,469.856328
1224,-72.737011,-71.928556,-72.928556,-70.928556,noise,none,0.000000,-12,-393.446990,479.397142,1.440000,477.957142
1225,-73.668639,-73.217739,-74.217739,-72.217739,informed,none,0.000000,-12,-393.446990,490.576675,1.440000,489.136675
1226,-74.035276,-74.067236,-75.067236,-73.067236,noise,none,0.000000,-12,-393.446990,494.976322,1.440000,493.536322
1227,-73.347695,-72.542856,-73.542856,-71.542856,informed,none,0.000000,-12,-393.446990,486.725353,1.440000,485.285353
1228,-73.347959,-74.408719,-75.408719,-73.408719,noise,sell_to_mm,-75.408719,-11,-318.038271,488.789283,1.210000,487.579283
1229,-74.181121,-72.965088,-73.965088,-71.965088,noise,none,0.000000,-11,-318.038271,497.954058,1.210000,496.744058
1230,-74.794084,-74.319756,-75.319756,-73.319756,noise,buy_from_mm,-73.319756,-12,-391.358027,506.170983,1.440000,504.730983
1231,-74.251535,-73.220794,-74.220794,-72.220794,informed,sell_to_mm,-74.220794,-11,-317.137233,499.629657,1.210000,498.419657
1232,-75.219903,-77.528539,-78.528539,-76.528539,noise,none,0.000000,-11,-317.137233,510.281699,1.210000,509.071699
1233,-74.985127,-76.762501,-77.762501,-75.762501,informed,buy_from_mm,-75.762501,-12,-392.899734,506.921788,1.440000,505.481788
1234,-76.008100,-74.692497,-75.692497,-73.692497,informed,sell_to_mm,-75.692497,-11,-317.207237,518.881859,1.210000,517.671859
1235,-75.337115,-75.865456,-76.865456,-74.865456,noise,none,0.000000,-11,-317.207237,511.501032,1.210000,510.291032
1236,-75.189970,-75.736038,-76.736038,-74.736038,noise,none,0.000000,-11,-317.207237,509.882430,1.210000,508.672430
1237,-75.099661,-75.619480,-76.619480,-74.619480,noise,none,0.000000,-11,-317.207237,508.889038,1.210000,507.679038
1238,-74.792441,-75.574208,-76.574208,-74.574208,noise,none,0.000000,-11,-317.207237,505.509617,1.210000,504.299617
1239,-73.469779,-75.056786,-76.056786,-74.056786,noise,sell_to_mm,-76.056786,-10,-241.150451,493.547342,1.000000,492.547342
1240,-72.488417,-71.885380,-72.885380,-70.885380,informed,none,0.000000,-10,-241.150451,483.733719,1.000000,482.733719
1241,-71.205874,-71.768314,-72.768314,-70.768314,informed,none,0.000000,-10,-241.150451,470.908286,1.000000,469.908286
1242,-69.831590,-70.117457,-71.117457,-69.117457,noise,sell_to_mm,-71.117457,-9,-170.032994,458.451315,0.810000,457.641315
1243,-70.559817,-72.065392,-73.065392,-71.065392,noise,none,0.000000,-9,-170.032994,465.005362,0.810000,464.195362
1244,-69.979477,-70.877565,-71.877565,-69.877565,noise,none,0.000000,-9,-170.032994,459.782303,0.810000,458.972303
1245,-68.888438,-71.257079,-72.257079,-70.257079,noise,none,0.000000,-9,-170.032994,449.962945,0.810000,449.152945
1246,-68.248663,-69.319550,-70.319550,-68.319550,informed,buy_from_mm,-68.319550,-10,-238.352544,444.134084,1.000000,443.134084
1247,-67.222166,-66.183799,-67.183799,-65.183799,informed,sell_to_mm,-67.183799,-9,-171.168745,433.830753,0.810000,433.020753
1248,-66.287288,-66.919915,-67.919915,-65.919915,informed,none,0.000000,-9,-171.168745,425.416849,0.810000,424.606849
1249,-67.006636,-65.797778,-66.797778,-64.797778,noise,none,0.000000,-9,-171.168745,431.890980,0.810000,431.080980
1250,-67.066815,-67.833082,-68.833082,-66.833082,informed,none,0.000000,-9,-171.168745,432.432590,0.810000,431.622590
1251,-68.116240,-69.760847,-70.760847,-68.760847,noise,none,0.000000,-9,-171.168745,441.877411,0.810000,441.067411
1252,-69.008984,-67.827255,-68.827255,-66.827255,noise,none,0.000000,-9,-171.168745,449.912108,0.810000,449.102108
1253,-68.829778,-72.199821,-73.199821,-71.199821,noise,none,0.000000,-9,-171.168745,448.299255,0.810000,447.489255
1254,-68.981310,-69.654377,-70.654377,-68.654377,noise,none,0.000000,-9,-171.168745,449.663041,0.810000,448.853041
1255,-67.022905,-66.074739,-67.074739,-65.074739,noise,buy_from_mm,-65.074739,-10,-236.243484,433.985565,1.000000,432.985565
1256,-68.949077,-69.863429,-70.863429,-68.863429,noise,none,0.000000,-10,-236.243484,453.247291,1.000000,452.247291
1257,-67.516993,-68.042507,-69.042507,-67.042507,noise,none,0.000000,-10,-236.243484,438.926447,1.000000,437.926447
1258,-68.771073,-66.938132,-67.938132,-65.938132,noise,none,0.000000,-10,-236.243484,451.467244,1.000000,450.467244
1259,-68.517129,-69.345787,-70.345787,-68.345787,noise,sell_to_mm,-70.345787,-9,-165.897697,450.756467,0.810000,449.946467
1260,-65.865131,-66.892583,-67.892583,-65.892583,informed,buy_from_mm,-65.892583,-10,-231.790280,426.861030,1.000000,425.861030
1261,-65.726343,-70.605414,-71.605414,-69.605414,noise,buy_from_mm,-69.605414,-11,-301.395693,421.594079,1.210000,420.384079
1262,-65.602116,-68.738211,-69.738211,-67.738211,informed,buy_from_mm,-67.738211,-12,-369.133904,418.091488,1.440000,416.651488
1263,-65.359014,-62.617665,-63.617665,-61.617665,noise,none,0.000000,-12,-369.133904,415.174261,1.440000,413.734261
1264,-64.454123,-66.657103,-67.657103,-65.657103,noise,none,0.000000,-12,-369.133904,404.315575,1.440000,402.875575
1265,-64.624906,-64.496484,-65.496484,-63.496484,noise,sell_to_mm,-65.496484,-11,-303.637421,407.236544,1.210000,406.026544
1266,-64.729218,-67.969189,-68.969189,-66.969189,noise,buy_from_mm,-66.969189,-12,-370.606610,406.144006,1.440000,404.704006
1267,-65.242147,-69.740347,-70.740347,-68.740347,informed,buy_from_mm,-68.740347,-13,-439.346957,408.800956,1.690000,407.110956
1268,-66.205576,-67.584990,-68.584990,-66.584990,informed,buy_from_mm,-66.584990,-14,-505.931947,420.946112,1.960000,418.986112
1269,-66.789025,-66.414688,-67.414688,-65.414688,informed,none,0.000000,-14,-505.931947,429.114406,1.960000,427.154406
1270,-65.984386,-63.904271,-64.904271,-62.904271,informed,sell_to_mm,-64.904271,-13,-441.027676,416.769336,1.690000,415.079336
1271,-65.696317,-65.010805,-66.010805,-64.010805,noise,none,0.000000,-13,-441.027676,413.024445,1.690000,411.334445
1272,-66.048957,-67.917785,-68.917785,-66.917785,noise,buy_from_mm,-66.917785,-14,-507.945461,416.739938,1.960000,414.779938
1273,-66.053788,-64.744769,-65.744769,-63.744769,noise,none,0.000000,-14,-507.945461,416.807573,1.960000,414.847573
1274,-64.276521,-62.878156,-63.878156,-61.878156,noise,sell_to_mm,-63.878156,-13,-444.067306,391.527470,1.690000,389.837470
1275,-63.609159,-62.005184,-63.005184,-61.005184,noise,none,0.000000,-13,-444.067306,382.851758,1.690000,381.161758
1276,-63.869392,-65.615269,-66.615269,-64.615269,informed,buy_from_mm,-64.615269,-14,-508.682575,385.488920,1.960000,383.528920
1277,-64.924806,-65.089941,-66.089941,-64.089941,noise,none,0.000000,-14,-508.682575,400.264715,1.960000,398.304715
1278,-64.028888,-62.778013,-63.778013,-61.778013,noise,none,0.000000,-14,-508.682575,387.721852,1.960000,385.761852
1279,-62.928240,-64.044861,-65.044861,-63.044861,noise,none,0.000000,-14,-508.682575,372.312788,1.960000,370.352788
1280,-64.380828,-63.952817,-64.952817,-62.952817,informed,none,0.000000,-14,-508.682575,392.649021,1.960000,390.689021
1281,-66.269949,-61.815023,-62.815023,-60.815023,noise,buy_from_mm,-60.815023,-15,-569.497598,424.551637,2.250000,422.301637
1282,-67.925597,-68.263707,-69.263707,-67.263707,informed,none,0.000000,-15,-569.497598,449.386356,2.250000,447.136356
1283,-68.775928,-67.230480,-68.230480,-66.230480,informed,sell_to_mm,-68.230480,-14,-501.267117,461.595880,1.960000,459.635880
1284,-67.498317,-66.447599,-67.447599,-65.447599,noise,sell_to_mm,-67.447599,-13,-433.819518,443.658607,1.690000,441.968607
1285,-69.630949,-70.299140,-71.299140,-69.299140,informed,none,0.000000,-13,-433.819518,471.382818,1.690000,469.692818
1286,-69.953230,-69.353764,-70.353764,-68.353764,noise,none,0.000000,-13,-433.819518,475.572473,1.690000,473.882473
1287,-70.091823,-70.920604,-71.920604,-69.920604,informed,none,0.000000,-13,-433.819518,477.374182,1.690000,475.684182
1288,-71.035503,-71.562291,-72.562291,-70.562291,noise,none,0.000000,-13,-433.819518,489.642022,1.690000,487.952022
1289,-70.763324,-72.140862,-73.140862,-71.140862,noise,buy_from_mm,-71.140862,-14,-504.960380,485.726160,1.960000,483.766160
1290,-70.188820,-71.932774,-72.932774,-70.932774,noise,sell_to_mm,-72.932774,-13,-432.027606,480.427048,1.690000,478.737048
1291,-69.730129,-69.090937,-70.090937,-68.090937,informed,none,0.000000,-13,-432.027606,474.464069,1.690000,472.774069
1292,-71.245228,-70.884208,-71.884208,-69.884208,noise,buy_from_mm,-69.884208,-14,-501.911813,495.521384,1.960000,493.561384
1293,-71.341914,-68.575365,-69.575365,-67.575365,noise,none,0.000000,-14,-501.911813,496.874989,1.960000,494.914989
1294,-70.621297,-68.866721,-69.866721,-67.866721,noise,none,0.000000,-14,-501.911813,486.786343,1.960000,484.826343
1295,-73.031618,-74.963340,-75.963340,-73.963340,noise,none,0.000000,-14,-501.911813,520.530842,1.960000,518.570842
1296,-72.916738,-70.272193,-71.272193,-69.272193,noise,none,0.000000,-14,-501.911813,518.922520,1.960000,516.962520
1297,-73.572987,-71.273829,-72.273829,-70.273829,noise,sell_to_mm,-72.273829,-13,-429.637984,526.810848,1.690000,525.120848
1298,-73.927526,-72.478625,-73.478625,-71.478625,noise,sell_to_mm,-73.478625,-12,-356.159359,530.970949,1.440000,529.530949
1299,-74.663469,-73.068081,-74.068081,-72.068081,noise,sell_to_mm,-74.068081,-11,-282.091277,539.206880,1.210000,537.996880
1300,-74.325051,-75.647121,-76.647121,-74.647121,informed,buy_from_mm,-74.647121,-12,-356.738398,535.162211,1.440000,533.722211
1301,-75.159581,-78.541674,-79.541674,-77.541674,noise,none,0.000000,-12,-356.738398,545.176575,1.440000,543.736575
1302,-75.816097,-72.366823,-73.366823,-71.366823,noise,none,0.000000,-12,-356.738398,553.054768,1.440000,551.614768
1303,-76.841804,-77.898244,-78.898244,-76.898244,noise,none,0.000000,-12,-356.738398,565.363253,1.440000,563.923253
1304,-77.585650,-76.632318,-77.632318,-75.632318,noise,buy_from_mm,-75.632318,-13,-432.370716,576.242735,1.690000,574.552735
1305,-77.264910,-74.281815,-75.281815,-73.281815,noise,none,0.000000,-13,-432.370716,572.073110,1.690000,570.383110
1306,-76.367077,-74.561821,-75.561821,-73.561821,noise,none,0.000000,-13,-432.370716,560.401279,1.690000,558.711279
1307,-77.832651,-82.461132,-83.461132,-81.461132,informed,buy_from_mm,-81.461132,-14,-513.831848,575.825273,1.960000,573.865273
1308,-76.473548,-74.933150,-75.933150,-73.933150,informed,sell_to_mm,-75.933150,-13,-437.898698,556.257430,1.690000,554.567430
1309,-78.732787,-78.598155,-79.598155,-77.598155,noise,none,0.000000,-13,-437.898698,585.627537,1.690000,583.937537
1310,-78.819167,-79.853744,-80.853744,-78.853744,noise,sell_to_mm,-80.853744,-12,-357.044954,588.785049,1.440000,587.345049
1311,-78.488588,-77.461885,-78.461885,-76.461885,informed,sell_to_mm,-78.461885,-11,-278.583069,584.791404,1.210000,583.581404
1312,-75.528182,-76.473782,-77.473782,-75.473782,noise,none,0.000000,-11,-278.583069,552.226930,1.210000,551.016930
1313,-75.101279,-72.813029,-73.813029,-71.813029,informed,sell_to_mm,-73.813029,-10,-204.770040,546.242754,1.000000,545.242754
1314,-74.989520,-75.813398,-76.813398,-74.813398,informed,none,0.000000,-10,-204.770040,545.125160,1.000000,544.125160
1315,-74.187056,-74.104407,-75.104407,-73.104407,informed,none,0.000000,-10,-204.770040,537.100520,1.000000,536.100520
1316,-74.187661,-74.515471,-75.515471,-73.515471,noise,none,0.000000,-10,-204.770040,537.106570,1.000000,536.106570
1317,-75.089195,-73.470554,-74.470554,-72.470554,noise,none,0.000000,-10,-204.770040,546.121912,1.000000,545.121912
1318,-74.837255,-76.803457,-77.803457,-75.803457,noise,none,0.000000,-10,-204.770040,543.602513,1.000000,542.602513
1319,-75.099449,-75.537298,-76.537298,-74.537298,informed,none,0.000000,-10,-204.770040,546.224448,1.000000,545.224448
1320,-74.882492,-77.473413,-78.473413,-76.473413,informed,buy_from_mm,-76.473413,-11,-281.243453,542.463960,1.210000,541.253960
1321,-75.183258,-75.192679,-76.192679,-74.192679,noise,none,0.000000,-11,-281.243453,545.772387,1.210000,544.562387
1322,-76.533785,-78.509743,-79.509743,-77.509743,noise,none,0.000000,-11,-281.243453,560.628180,1.210000,559.418180
1323,-75.859347,-77.960747,-78.960747,-76.960747,informed,buy_from_mm,-76.960747,-12,-358.204200,552.107966,1.440000,550.667966
1324,-75.398216,-76.937963,-77.937963,-75.937963,informed,buy_from_mm,-75.937963,-13,-434.142164,546.034647,1.690000,544.344647
1325,-74.578705,-75.831933,-76.831933,-74.831933,informed,buy_from_mm,-74.831933,-14,-508.974097,535.127774,1.960000,533.167774
1326,-75.504348,-72.987356,-73.987356,-71.987356,noise,buy_from_mm,-71.987356,-15,-580.961452,551.603764,2.250000,549.353764
1327,-75.979036,-77.678725,-78.678725,-76.678725,informed,buy_from_mm,-76.678725,-16,-657.640178,558.024405,2.560000,555.464405
1328,-77.274431,-79.447864,-80.447864,-78.447864,informed,buy_from_mm,-78.447864,-17,-736.088041,577.577290,2.890000,574.687290
1329,-76.375065,-72.540725,-73.540725,-71.540725,informed,sell_to_mm,-73.540725,-16,-662.547316,559.453724,2.560000,556.893724
1330,-75.464438,-76.735826,-77.735826,-75.735826,informed,buy_from_mm,-75.735826,-17,-738.283142,544.612299,2.890000,541.722299
1331,-76.036080,-77.656977,-78.656977,-76.656977,informed,buy_from_mm,-76.656977,-18,-814.940119,553.709324,3.240000,550.469324
1332,-73.791971,-72.668014,-73.668014,-71.668014,noise,none,0.000000,-18,-814.940119,513.315354,3.240000,510.075354
1333,-74.084535,-75.766342,-76.766342,-74.766342,noise,none,0.000000,-18,-814.940119,518.581519,3.240000,515.341519
1334,-73.083057,-70.240780,-71.240780,-69.240780,noise,none,0.000000,-18,-814.940119,500.554909,3.240000,497.314909
1335,-74.670967,-73.799167,-74.799167,-72.799167,informed,none,0.000000,-18,-814.940119,529.137288,3.240000,525.897288
1336,-74.702873,-73.254120,-74.254120,-72.254120,informed,sell_to_mm,-74.254120,-17,-740.685999,529.262834,2.890000,526.372834
1337,-75.741513,-72.030340,-73.030340,-71.030340,noise,sell_to_mm,-73.030340,-16,-667.655659,544.208550,2.560000,541.648550
1338,-75.489698,-76.385240,-77.385240,-75.385240,informed,none,0.000000,-16,-667.655659,540.179506,2.560000,537.619506
1339,-75.658159,-78.150918,-79.150918,-77.150918,informed,buy_from_mm,-77.150918,-17,-744.806577,541.382122,2.890000,538.492122
1340,-76.774282,-76.310149,-77.310149,-75.310149,noise,none,0.000000,-17,-744.806577,560.356222,2.890000,557.466222
1341,-76.936997,-77.773815,-78.773815,-76.773815,informed,none,0.000000,-17,-744.806577,563.122371,2.890000,560.232371
1342,-75.181408,-75.324941,-76.324941,-74.324941,informed,none,0.000000,-17,-744.806577,533.277366,2.890000,530.387366
1343,-76.067530,-74.610775,-75.610775,-73.610775,noise,sell_to_mm,-75.610775,-16,-669.195802,547.884671,2.560000,545.324671
1344,-76.296783,-80.544002,-81.544002,-79.544002,noise,sell_to_mm,-81.544002,-15,-587.651801,556.799952,2.250000,554.549952
1345,-75.230083,-74.293438,-75.293438,-73.293438,noise,none,0.000000,-15,-587.651801,540.799440,2.250000,538.549440
1346,-77.221929,-77.955701,-78.955701,-76.955701,informed,none,0.000000,-15,-587.651801,570.677135,2.250000,568.427135
1347,-77.630192,-79.053822,-80.053822,-78.053822,informed,buy_from_mm,-78.053822,-16,-665.705623,576.377453,2.560000,573.817453
1348,-78.720110,-80.355962,-81.355962,-79.355962,informed,buy_from_mm,-79.355962,-17,-745.061585,593.180293,2.890000,590.290293
1349,-77.498026,-77.038413,-78.038413,-76.038413,informed,none,0.000000,-17,-745.061585,572.404860,2.890000,569.514860
1350,-78.205936,-79.332978,-80.332978,-78.332978,informed,buy_from_mm,-78.332978,-18,-823.394562,584.312288,3.240000,581.072288
1351,-77.099225,-76.815554,-77.815554,-75.815554,informed,none,0.000000,-18,-823.394562,564.391489,3.240000,561.151489
1352,-76.720944,-76.774848,-77.774848,-75.774848,informed,none,0.000000,-18,-823.394562,557.582422,3.240000,554.342422
1353,-76.310298,-75.537542,-76.537542,-74.537542,noise,none,0.000000,-18,-823.394562,550.190803,3.240000,546.950803
1354,-78.788778,-80.222628,-81.222628,-79.222628,noise,buy_from_mm,-79.222628,-19,-902.617190,594.369594,3.610000,590.759594
1355,-78.466089,-75.725429,-76.725429,-74.725429,informed,sell_to_mm,-76.725429,-18,-825.891761,586.497835,3.240000,583.257835
1356,-79.059525,-78.410873,-79.410873,-77.410873,noise,sell_to_mm,-79.410873,-17,-746.480888,597.531030,2.890000,594.641030
1357,-79.202931,-79.385248,-80.385248,-78.385248,informed,none,0.000000,-17,-746.480888,599.968938,2.890000,597.078938
1358,-79.833452,-78.561717,-79.561717,-77.561717,informed,sell_to_mm,-79.561717,-16,-666.919171,610.416067,2.560000,607.856067
1359,-79.280319,-77.993633,-78.993633,-76.993633,noise,none,0.000000,-16,-666.919171,601.565927,2.560000,599.005927
1360,-80.340954,-80.744000,-81.744000,-79.744000,informed,none,0.000000,-16,-666.919171,618.536092,2.560000,615.976092
1361,-82.015380,-84.648811,-85.648811,-83.648811,informed,buy_from_mm,-83.648811,-17,-750.567982,643.693472,2.890000,640.803472
1362,-82.506440,-83.077054,-84.077054,-82.077054,informed,none,0.000000,-17,-750.567982,652.041502,2.890000,649.151502
1363,-83.717365,-81.154814,-82.154814,-80.154814,noise,none,0.000000,-17,-750.567982,672.627217,2.890000,669.737217
1364,-83.149706,-84.229476,-85.229476,-83.229476,informed,buy_from_mm,-83.229476,-18,-833.797458,662.897256,3.240000,659.657256
1365,-83.365975,-80.290642,-81.290642,-79.290642,informed,sell_to_mm,-81.290642,-17,-752.506816,664.714766,2.890000,661.824766
1366,-82.222839,-81.869238,-82.869238,-80.869238,noise,none,0.000000,-17,-752.506816,645.281449,2.890000,642.391449
1367,-82.828636,-83.172415,-84.172415,-82.172415,noise,none,0.000000,-17,-752.506816,655.580003,2.890000,652.690003
1368,-83.721213,-80.284402,-81.284402,-79.284402,informed,sell_to_mm,-81.284402,-16,-671.222414,668.316996,2.560000,665.756996
1369,-83.894206,-83.566076,-84.566076,-82.566076,noise,none,0.000000,-16,-671.222414,671.084887,2.560000,668.524887
1370,-83.956993,-85.709525,-86.709525,-84.709525,noise,none,0.000000,-16,-671.222414,672.089470,2.560000,669.529470
1371,-82.606925,-80.249530,-81.249530,-79.249530,noise,sell_to_mm,-81.249530,-15,-589.972884,649.130987,2.250000,646.880987
1372,-80.967696,-80.970455,-81.970455,-79.970455,noise,none,0.000000,-15,-589.972884,624.542563,2.250000,622.292563
1373,-80.142905,-78.009485,-79.009485,-77.009485,noise,sell_to_mm,-79.009485,-14,-510.963399,611.037267,1.960000,609.077267
1374,-81.262473,-81.331671,-82.331671,-80.331671,noise,none,0.000000,-14,-510.963399,626.711217,1.960000,624.751217
1375,-81.221132,-82.808026,-83.808026,-81.808026,informed,buy_from_mm,-81.808026,-15,-592.771425,625.545562,2.250000,623.295562
1376,-80.695408,-81.959850,-82.959850,-80.959850,informed,buy_from_mm,-80.959850,-16,-673.731275,617.395259,2.560000,614.835259
1377,-81.481568,-81.686330,-82.686330,-80.686330,noise,none,0.000000,-16,-673.731275,629.973815,2.560000,627.413815
1378,-81.261977,-84.146073,-85.146073,-83.146073,noise,sell_to_mm,-85.146073,-15,-588.585202,630.344446,2.250000,628.094446
1379,-80.987024,-79.396659,-80.396659,-78.396659,informed,sell_to_mm,-80.396659,-14,-508.188543,625.629794,1.960000,623.669794
1380,-82.144643,-84.164653,-85.164653,-83.164653,noise,none,0.000000,-14,-508.188543,641.836452,1.960000,639.876452
1381,-82.762802,-83.120718,-84.120718,-82.120718,noise,none,0.000000,-14,-508.188543,650.490686,1.960000,648.530686
1382,-83.807064,-84.328522,-85.328522,-83.328522,noise,none,0.000000,-14,-508.188543,665.110351,1.960000,663.150351
1383,-83.824459,-85.084342,-86.084342,-84.084342,noise,none,0.000000,-14,-508.188543,665.353883,1.960000,663.393883
1384,-81.204698,-81.824660,-82.824660,-80.824660,informed,none,0.000000,-14,-508.188543,628.677229,1.960000,626.717229
1385,-82.141824,-81.659891,-82.659891,-80.659891,noise,none,0.000000,-14,-508.188543,641.796992,1.960000,639.836992
1386,-81.884315,-82.505863,-83.505863,-81.505863,noise,none,0.000000,-14,-508.188543,638.191867,1.960000,636.231867
1387,-80.551333,-80.999841,-81.999841,-79.999841,informed,none,0.000000,-14,-508.188543,619.530122,1.960000,617.570122
1388,-80.250035,-80.831957,-81.831957,-79.831957,informed,none,0.000000,-14,-508.188543,615.311948,1.960000,613.351948
1389,-80.122559,-79.604139,-80.604139,-78.604139,informed,none,0.000000,-14,-508.188543,613.527287,1.960000,611.567287
1390,-79.390621,-80.466121,-81.466121,-79.466121,informed,buy_from_mm,-79.466121,-15,-587.654665,603.204643,2.250000,600.954643
1391,-78.517858,-75.233116,-76.233116,-74.233116,noise,none,0.000000,-15,-587.654665,590.113202,2.250000,587.863202
1392,-79.242243,-80.091557,-81.091557,-79.091557,informed,none,0.000000,-15,-587.654665,600.978977,2.250000,598.728977
1393,-78.300964,-81.625837,-82.625837,-80.625837,noise,buy_from_mm,-80.625837,-16,-668.280501,584.534922,2.560000,581.974922
1394,-78.804322,-78.893585,-79.893585,-77.893585,noise,none,0.000000,-16,-668.280501,592.588650,2.560000,590.028650
1395,-78.440494,-80.155104,-81.155104,-79.155104,noise,sell_to_mm,-81.155104,-15,-587.125398,589.482010,2.250000,587.232010
1396,-77.971685,-77.281821,-78.281821,-76.281821,informed,none,0.000000,-15,-587.125398,582.449872,2.250000,580.199872
1397,-77.963659,-79.059102,-80.059102,-78.059102,noise,none,0.000000,-15,-587.125398,582.329491,2.250000,580.079491
1398,-77.206652,-77.577244,-78.577244,-76.577244,noise,buy_from_mm,-76.577244,-16,-663.702642,571.603787,2.560000,569.043787
1399,-77.171640,-74.847930,-75.847930,-73.847930,noise,none,0.000000,-16,-663.702642,571.043593,2.560000,568.483593
1400,-77.692927,-77.343201,-78.343201,-76.343201,noise,sell_to_mm,-78.343201,-15,-585.359441,580.034465,2.250000,577.784465
1401,-77.807918,-79.166271,-80.166271,-78.166271,informed,buy_from_mm,-78.166271,-16,-663.525712,581.400982,2.560000,578.840982
1402,-78.314274,-80.218130,-81.218130,-79.218130,noise,buy_from_mm,-79.218130,-17,-742.743841,588.598809,2.890000,585.708809
1403,-77.204201,-81.833618,-82.833618,-80.833618,informed,buy_from_mm,-80.833618,-18,-823.577459,566.098164,3.240000,562.858164
1404,-76.869772,-79.378543,-80.378543,-78.378543,noise,none,0.000000,-18,-823.577459,560.078442,3.240000,556.838442
1405,-76.343794,-74.311089,-75.311089,-73.311089,informed,sell_to_mm,-75.311089,-17,-748.266370,549.578130,2.890000,546.688130
1406,-76.068841,-81.639188,-82.639188,-80.639188,informed,buy_from_mm,-80.639188,-18,-828.905558,540.333574,3.240000,537.093574
1407,-74.999743,-74.071072,-75.071072,-73.071072,informed,none,0.000000,-18,-828.905558,521.089818,3.240000,517.849818
1408,-76.625964,-77.446014,-78.446014,-76.446014,noise,none,0.000000,-18,-828.905558,550.361797,3.240000,547.121797
1409,-77.342553,-75.225402,-76.225402,-74.225402,noise,sell_to_mm,-76.225402,-17,-752.680156,562.143251,2.890000,559.253251
1410,-76.864637,-80.379006,-81.379006,-79.379006,noise,none,0.000000,-17,-752.680156,554.018678,2.890000,551.128678
1411,-77.410265,-82.019711,-83.019711,-81.019711,noise,buy_from_mm,-81.019711,-18,-833.699867,559.684894,3.240000,556.444894
1412,-77.024783,-76.696053,-77.696053,-75.696053,informed,none,0.000000,-18,-833.699867,552.746218,3.240000,549.506218
1413,-76.897003,-75.519032,-76.519032,-74.519032,noise,none,0.000000,-18,-833.699867,550.446196,3.240000,547.206196
1414,-76.149471,-73.729185,-74.729185,-72.729185,noise,none,0.000000,-18,-833.699867,536.990604,3.240000,533.750604
1415,-76.172923,-73.210252,-74.210252,-72.210252,noise,sell_to_mm,-74.210252,-17,-759.489615,535.450075,2.890000,532.560075
1416,-74.877990,-77.402362,-78.402362,-76.402362,noise,buy_from_mm,-76.402362,-18,-835.891977,511.911849,3.240000,508.671849
1417,-73.722952,-74.138567,-75.138567,-73.138567,informed,none,0.000000,-18,-835.891977,491.121162,3.240000,487.881162
1418,-73.980279,-71.083370,-72.083370,-70.083370,noise,none,0.000000,-18,-835.891977,495.753051,3.240000,492.513051
1419,-75.209973,-76.936238,-77.936238,-75.936238,informed,buy_from_mm,-75.936238,-19,-911.828215,517.161281,3.610000,513.551281
1420,-75.749854,-77.920796,-78.920796,-76.920796,noise,none,0.000000,-19,-911.828215,527.419008,3.610000,523.809008
1421,-77.884976,-78.366356,-79.366356,-77.366356,noise,none,0.000000,-19,-911.828215,567.986323,3.610000,564.376323
1422,-77.866501,-76.487352,-77.487352,-75.487352,noise,none,0.000000,-19,-911.828215,567.635311,3.610000,564.025311
1423,-76.825534,-74.179345,-75.179345,-73.179345,noise,sell_to_mm,-75.179345,-18,-836.648870,546.210742,3.240000,542.970742
1424,-75.472562,-78.099371,-79.099371,-77.099371,noise,none,0.000000,-18,-836.648870,521.857252,3.240000,518.617252
1425,-75.852286,-75.184915,-76.184915,-74.184915,informed,none,0.000000,-18,-836.648870,528.692271,3.240000,525.452271
1426,-76.865775,-76.991084,-77.991084,-75.991084,informed,none,0.000000,-18,-836.648870,546.935072,3.240000,543.695072
1427,-77.631183,-80.162564,-81.162564,-79.162564,informed,buy_from_mm,-79.162564,-19,-915.811434,559.181034,3.610000,555.571034
1428,-77.538301,-77.404782,-78.404782,-76.404782,informed,none,0.000000,-19,-915.811434,557.416283,3.610000,553.806283
1429,-77.086425,-77.511345,-78.511345,-76.511345,noise,buy_from_mm,-76.511345,-20,-992.322779,549.405715,4.000000,545.405715
1430,-76.167104,-74.121131,-75.121131,-73.121131,informed,sell_to_mm,-75.121131,-19,-917.201648,529.973321,3.610000,526.363321
1431,-76.266526,-77.581451,-78.581451,-76.581451,noise,buy_from_mm,-76.581451,-20,-993.783099,531.547425,4.000000,527.547425
1432,-76.165945,-76.722477,-77.722477,-75.722477,informed,none,0.000000,-20,-993.783099,529.535800,4.000000,525.535800
1433,-76.247219,-76.618046,-77.618046,-75.618046,informed,none,0.000000,-20,-993.783099,531.161279,4.000000,527.161279
1434,-76.449478,-76.013349,-77.013349,-75.013349,noise,none,0.000000,-20,-993.783099,535.206462,4.000000,531.206462
1435,-79.130086,-79.237585,-80.237585,-78.237585,noise,none,0.000000,-20,-993.783099,588.818616,4.000000,584.818616
1436,-79.106101,-79.859310,-80.859310,-78.859310,noise,none,0.000000,-20,-993.783099,588.338924,4.000000,584.338924
1437,-77.412515,-80.987509,-81.987509,-79.987509,noise,buy_from_mm,-79.987509,-21,-1073.770608,551.892197,4.410000,547.482197
1438,-75.849047,-76.589308,-77.589308,-75.589308,noise,buy_from_mm,-75.589308,-22,-1149.359916,519.319124,4.840000,514.479124
1439,-75.864707,-78.118990,-79.118990,-77.118990,noise,none,0.000000,-22,-1149.359916,519.663635,4.840000,514.823635
1440,-76.946428,-76.630057,-77.630057,-75.630057,noise,none,0.000000,-22,-1149.359916,543.461490,4.840000,538.621490
1441,-77.729264,-75.252953,-76.252953,-74.252953,informed,sell_to_mm,-76.252953,-21,-1073.106963,559.207574,4.410000,554.797574
1442,-79.078047,-79.131190,-80.131190,-78.131190,informed,none,0.000000,-21,-1073.106963,587.532029,4.410000,583.122029
1443,-78.067694,-78.729242,-79.729242,-77.729242,noise,none,0.000000,-21,-1073.106963,566.314604,4.410000,561.904604
1444,-78.549671,-78.876596,-79.876596,-77.876596,noise,none,0.000000,-21,-1073.106963,576.436135,4.410000,572.026135
1445,-80.161092,-78.717317,-79.717317,-77.717317,noise,sell_to_mm,-79.717317,-20,-993.389646,609.832196,4.000000,605.832196
1446,-78.417624,-79.405120,-80.405120,-78.405120,informed,none,0.000000,-20,-993.389646,574.962827,4.000000,570.962827
1447,-77.427433,-75.694069,-76.694069,-74.694069,noise,none,0.000000,-20,-993.389646,555.159020,4.000000,551.159020
1448,-78.323653,-74.494683,-75.494683,-73.494683,informed,sell_to_mm,-75.494683,-19,-917.894963,570.254449,3.610000,566.644449
1449,-78.175183,-77.497199,-78.497199,-76.497199,informed,none,0.000000,-19,-917.894963,567.433508,3.610000,563.823508
1450,-77.852518,-72.288114,-73.288114,-71.288114,informed,sell_to_mm,-73.288114,-18,-844.606849,556.738472,3.240000,553.498472
1451,-77.408659,-75.966415,-76.966415,-74.966415,informed,sell_to_mm,-76.966415,-17,-767.640434,548.306765,2.890000,545.416765
1452,-76.365300,-76.935692,-77.935692,-75.935692,noise,sell_to_mm,-77.935692,-16,-689.704742,532.140064,2.560000,529.580064
1453,-76.859485,-76.746534,-77.746534,-75.746534,informed,none,0.000000,-16,-689.704742,540.047025,2.560000,537.487025
1454,-75.836927,-74.567137,-75.567137,-73.567137,noise,buy_from_mm,-73.567137,-17,-763.271879,525.955875,2.890000,523.065875
1455,-76.252467,-73.025094,-74.025094,-72.025094,noise,sell_to_mm,-74.025094,-16,-689.246786,530.792683,2.560000,528.232683
1456,-77.879304,-78.933743,-79.933743,-77.933743,informed,buy_from_mm,-77.933743,-17,-767.180528,556.767644,2.890000,553.877644
1457,-78.205124,-81.398102,-82.398102,-80.398102,noise,none,0.000000,-17,-767.180528,562.306571,2.890000,559.416571
1458,-77.528966,-80.338631,-81.338631,-79.338631,informed,buy_from_mm,-79.338631,-18,-846.519160,549.002236,3.240000,545.762236
1459,-77.300775,-79.761391,-80.761391,-78.761391,noise,none,0.000000,-18,-846.519160,544.894791,3.240000,541.654791
1460,-77.328382,-79.347530,-80.347530,-78.347530,noise,none,0.000000,-18,-846.519160,545.391714,3.240000,542.151714
1461,-77.210650,-79.783086,-80.783086,-78.783086,informed,buy_from_mm,-78.783086,-19,-925.302246,541.700113,3.610000,538.090113
1462,-78.702467,-80.432742,-81.432742,-79.432742,noise,sell_to_mm,-81.432742,-18,-843.869504,572.774909,3.240000,569.534909
1463,-78.494634,-81.239794,-82.239794,-80.239794,noise,sell_to_mm,-82.239794,-17,-761.629709,572.779075,2.890000,569.889075
1464,-77.712095,-76.530511,-77.530511,-75.530511,noise,none,0.000000,-17,-761.629709,559.475912,2.890000,556.585912
1465,-78.404941,-76.324150,-77.324150,-75.324150,noise,none,0.000000,-17,-761.629709,571.254282,2.890000,568.364282
1466,-79.782834,-83.213895,-84.213895,-82.213895,noise,none,0.000000,-17,-761.629709,594.678463,2.890000,591.788463
1467,-79.608588,-77.821861,-78.821861,-76.821861,informed,sell_to_mm,-78.821861,-16,-682.807848,590.929567,2.560000,588.369567
1468,-79.478743,-79.921503,-80.921503,-78.921503,informed,none,0.000000,-16,-682.807848,588.852037,2.560000,586.292037
1469,-79.933499,-76.673480,-77.673480,-75.673480,noise,none,0.000000,-16,-682.807848,596.128131,2.560000,593.568131
1470,-80.494619,-83.105559,-84.105559,-82.105559,informed,buy_from_mm,-82.105559,-17,-764.913407,603.495123,2.890000,600.605123
1471,-80.636418,-79.032149,-80.032149,-78.032149,noise,none,0.000000,-17,-764.913407,605.905702,2.890000,603.015702
1472,-79.572608,-80.613261,-81.613261,-79.613261,noise,none,0.000000,-17,-764.913407,587.820927,2.890000,584.930927
1473,-77.953862,-81.206718,-82.206718,-80.206718,noise,none,0.000000,-17,-764.913407,560.302254,2.890000,557.412254
1474,-76.963266,-77.869277,-78.869277,-76.869277,noise,sell_to_mm,-78.869277,-16,-686.044130,545.368128,2.560000,542.808128
1475,-79.190640,-77.993920,-78.993920,-76.993920,noise,sell_to_mm,-78.993920,-15,-607.050210,580.809385,2.250000,578.559385
1476,-78.178906,-77.970886,-78.970886,-76.970886,informed,none,0.000000,-15,-607.050210,565.633378,2.250000,563.383378
1477,-79.515811,-77.109970,-78.109970,-76.109970,noise,buy_from_mm,-76.109970,-16,-683.160180,589.092799,2.560000,586.532799
1478,-78.672007,-76.924384,-77.924384,-75.924384,informed,sell_to_mm,-77.924384,-15,-605.235795,574.844309,2.250000,572.594309
1479,-77.804535,-76.563652,-77.563652,-75.563652,informed,sell_to_mm,-77.563652,-14,-527.672143,561.591352,1.960000,559.631352
1480,-78.927640,-77.867166,-78.867166,-76.867166,informed,sell_to_mm,-78.867166,-13,-448.804977,577.254338,1.690000,575.564338
1481,-78.407191,-84.668130,-85.668130,-83.668130,noise,none,0.000000,-13,-448.804977,570.488509,1.690000,568.798509
1482,-76.139872,-76.729035,-77.729035,-75.729035,noise,sell_to_mm,-77.729035,-12,-371.075942,542.602527,1.440000,541.162527
1483,-74.832256,-76.907387,-77.907387,-75.907387,noise,none,0.000000,-12,-371.075942,526.911134,1.440000,525.471134
1484,-76.016004,-76.279607,-77.279607,-75.279607,noise,none,0.000000,-12,-371.075942,541.116111,1.440000,539.676111
1485,-76.487194,-74.429625,-75.429625,-73.429625,informed,sell_to_mm,-75.429625,-11,-295.646316,545.712818,1.210000,544.502818
1486,-75.965123,-76.900249,-77.900249,-75.900249,noise,none,0.000000,-11,-295.646316,539.970034,1.210000,538.760034
1487,-74.986480,-72.325705,-73.325705,-71.325705,informed,sell_to_mm,-73.325705,-10,-222.320612,527.544185,1.000000,526.544185
1488,-73.144557,-75.737282,-76.737282,-74.737282,noise,sell_to_mm,-76.737282,-9,-145.583330,512.717683,0.810000,511.907683
1489,-73.413071,-74.050629,-75.050629,-73.050629,informed,none,0.000000,-9,-145.583330,515.134313,0.810000,514.324313
1490,-74.030333,-74.523232,-75.523232,-73.523232,informed,none,0.000000,-9,-145.583330,520.689667,0.810000,519.879667
1491,-73.800303,-71.890003,-72.890003,-70.890003,noise,none,0.000000,-9,-145.583330,518.619398,0.810000,517.809398
1492,-74.759455,-76.299321,-77.299321,-75.299321,noise,none,0.000000,-9,-145.583330,527.251770,0.810000,526.441770
1493,-74.869272,-72.718261,-73.718261,-71.718261,informed,sell_to_mm,-73.718261,-8,-71.865068,527.089112,0.640000,526.449112
1494,-74.783511,-72.369709,-73.369709,-71.369709,noise,sell_to_mm,-73.369709,-7,1.504641,524.989215,0.490000,524.499215
1495,-74.380594,-74.978783,-75.978783,-73.978783,informed,none,0.000000,-7,1.504641,522.168800,0.490000,521.678800
1496,-73.020644,-74.901037,-75.901037,-73.901037,noise,none,0.000000,-7,1.504641,512.649150,0.490000,512.159150
1497,-73.126839,-71.952053,-72.952053,-70.952053,noise,none,0.000000,-7,1.504641,513.392515,0.490000,512.902515
1498,-73.750774,-72.090783,-73.090783,-71.090783,informed,sell_to_mm,-73.090783,-6,74.595424,517.100068,0.360000,516.740068
1499,-73.623440,-74.681261,-75.681261,-73.681261,noise,buy_from_mm,-73.681261,-7,0.914163,516.278244,0.490000,515.788244
1500,-74.355460,-73.377454,-74.377454,-72.377454,noise,sell_to_mm,-74.377454,-6,75.291617,521.424374,0.360000,521.064374
1501,-74.518524,-74.259944,-75.259944,-73.259944,noise,buy_from_mm,-73.259944,-7,2.031672,523.661342,0.490000,523.171342
1502,-74.272573,-79.942591,-80.942591,-78.942591,noise,none,0.000000,-7,2.031672,521.939683,0.490000,521.449683
1503,-74.099014,-75.527278,-76.527278,-74.527278,informed,buy_from_mm,-74.527278,-8,-72.495606,520.296510,0.640000,519.656510
1504,-73.279076,-72.980012,-73.980012,-71.980012,noise,none,0.000000,-8,-72.495606,513.737004,0.640000,513.097004
1505,-72.177880,-70.157805,-71.157805,-69.157805,noise,none,0.000000,-8,-72.495606,504.927435,0.640000,504.287435
1506,-73.179500,-74.844469,-75.844469,-73.844469,noise,sell_to_mm,-75.844469,-7,3.348863,515.605363,0.490000,515.115363
1507,-72.948299,-76.011592,-77.011592,-75.011592,informed,buy_from_mm,-75.011592,-8,-71.662729,511.923662,0.640000,511.283662
1508,-72.692583,-72.674581,-73.674581,-71.674581,noise,none,0.000000,-8,-71.662729,509.877937,0.640000,509.237937
1509,-74.046696,-73.422305,-74.422305,-72.422305,noise,none,0.000000,-8,-71.662729,520.710841,0.640000,520.070841
1510,-75.606606,-76.874724,-77.874724,-75.874724,informed,buy_from_mm,-75.874724,-9,-147.537453,532.922003,0.810000,532.112003
1511,-74.711409,-74.895169,-75.895169,-73.895169,informed,none,0.000000,-9,-147.537453,524.865229,0.810000,524.055229
1512,-74.975737,-73.587661,-74.587661,-72.587661,noise,sell_to_mm,-74.587661,-8,-72.949792,526.856100,0.640000,526.216100
1513,-74.866150,-72.613687,-73.613687,-71.613687,informed,sell_to_mm,-73.613687,-7,0.663895,524.726942,0.490000,524.236942
1514,-76.878207,-75.128149,-76.128149,-74.128149,noise,none,0.000000,-7,0.663895,538.811346,0.490000,538.321346
1515,-77.345545,-79.389715,-80.389715,-78.389715,informed,buy_from_mm,-78.389715,-8,-77.725820,541.038538,0.640000,540.398538
1516,-76.561609,-78.601144,-79.601144,-77.601144,noise,none,0.000000,-8,-77.725820,534.767054,0.640000,534.127054
1517,-74.319235,-74.932209,-75.932209,-73.932209,informed,none,0.000000,-8,-77.725820,516.828058,0.640000,516.188058
1518,-74.655848,-75.846744,-76.846744,-74.846744,informed,buy_from_mm,-74.846744,-9,-152.572565,519.330071,0.810000,518.520071
1519,-74.702597,-73.628628,-74.628628,-72.628628,informed,sell_to_mm,-74.628628,-8,-77.943936,519.676837,0.640000,519.036837
1520,-75.205970,-77.069081,-78.069081,-76.069081,noise,buy_from_mm,-76.069081,-9,-154.013017,522.840716,0.810000,522.030716
1521,-76.145660,-76.457080,-77.457080,-75.457080,noise,none,0.000000,-9,-154.013017,531.297920,0.810000,530.487920
1522,-77.272413,-71.576056,-72.576056,-70.576056,informed,sell_to_mm,-72.576056,-8,-81.436962,536.742343,0.640000,536.102343
1523,-77.757183,-80.185408,-81.185408,-79.185408,informed,buy_from_mm,-79.185408,-9,-160.622370,539.192279,0.810000,538.382279
1524,-75.783386,-75.416428,-76.416428,-74.416428,informed,none,0.000000,-9,-160.622370,521.428105,0.810000,520.618105
1525,-75.244402,-75.985676,-76.985676,-74.985676,informed,none,0.000000,-9,-160.622370,516.577251,0.810000,515.767251
1526,-74.877249,-72.308668,-73.308668,-71.308668,noise,buy_from_mm,-71.308668,-10,-231.931038,516.841454,1.000000,515.841454
1527,-75.228808,-77.003489,-78.003489,-76.003489,noise,sell_to_mm,-78.003489,-9,-153.927549,523.131725,0.810000,522.321725
1528,-76.354664,-79.006822,-80.006822,-78.006822,noise,none,0.000000,-9,-153.927549,533.264426,0.810000,532.454426
1529,-77.966446,-78.054186,-79.054186,-77.054186,informed,none,0.000000,-9,-153.927549,547.770463,0.810000,546.960463
1530,-77.351123,-74.216216,-75.216216,-73.216216,noise,buy_from_mm,-73.216216,-10,-227.143764,546.367463,1.000000,545.367463
1531,-77.955030,-77.259497,-78.259497,-76.259497,informed,none,0.000000,-10,-227.143764,552.406532,1.000000,551.406532
1532,-77.985609,-75.917752,-76.917752,-74.917752,noise,buy_from_mm,-74.917752,-11,-302.061516,555.780184,1.210000,554.570184
1533,-76.616019,-77.232456,-78.232456,-76.232456,informed,none,0.000000,-11,-302.061516,540.714695,1.210000,539.504695
1534,-80.350377,-79.805516,-80.805516,-78.805516,informed,none,0.000000,-11,-302.061516,581.792631,1.210000,580.582631
1535,-78.871066,-79.280082,-80.280082,-78.280082,noise,none,0.000000,-11,-302.061516,565.520215,1.210000,564.310215
1536,-77.923357,-77.348536,-78.348536,-76.348536,informed,none,0.000000,-11,-302.061516,555.095408,1.210000,553.885408
1537,-78.470820,-81.088465,-82.088465,-80.088465,noise,none,0.000000,-11,-302.061516,561.117502,1.210000,559.907502
1538,-79.417599,-78.879352,-79.879352,-77.879352,noise,none,0.000000,-11,-302.061516,571.532072,1.210000,570.322072
1539,-78.074533,-80.954505,-81.954505,-79.954505,informed,buy_from_mm,-79.954505,-12,-382.016021,554.878379,1.440000,553.438379
1540,-78.431956,-76.138124,-77.138124,-75.138124,informed,sell_to_mm,-77.138124,-11,-304.877897,557.873619,1.210000,556.663619
1541,-77.461170,-74.314210,-75.314210,-73.314210,informed,sell_to_mm,-75.314210,-10,-229.563686,545.048018,1.000000,544.048018
1542,-77.770831,-78.172733,-79.172733,-77.172733,noise,sell_to_mm,-79.172733,-9,-150.390953,549.546523,0.810000,548.736523
1543,-78.378769,-77.963890,-78.963890,-76.963890,noise,buy_from_mm,-76.963890,-10,-227.354843,556.432851,1.000000,555.432851
1544,-76.870449,-75.594511,-76.594511,-74.594511,informed,sell_to_mm,-76.594511,-9,-150.760333,541.073705,0.810000,540.263705
1545,-77.434371,-79.595525,-80.595525,-78.595525,informed,buy_from_mm,-78.595525,-10,-229.355858,544.987852,1.000000,543.987852
1546,-77.854118,-79.552230,-80.552230,-78.552230,noise,none,0.000000,-10,-229.355858,549.185319,1.000000,548.185319
1547,-76.734226,-77.397452,-78.397452,-76.397452,informed,none,0.000000,-10,-229.355858,537.986403,1.000000,536.986403
1548,-79.136447,-76.624656,-77.624656,-75.624656,informed,sell_to_mm,-77.624656,-9,-151.731202,560.496823,0.810000,559.686823
1549,-78.589661,-78.994721,-79.994721,-77.994721,informed,none,0.000000,-9,-151.731202,555.575748,0.810000,554.765748
1550,-77.740722,-77.185761,-78.185761,-76.185761,noise,none,0.000000,-9,-151.731202,547.935292,0.810000,547.125292
1551,-78.661731,-77.289431,-78.289431,-76.289431,informed,sell_to_mm,-78.289431,-8,-73.441771,555.852075,0.640000,555.212075
1552,-77.193301,-80.198627,-81.198627,-79.198627,noise,none,0.000000,-8,-73.441771,544.104639,0.640000,543.464639
1553,-75.777431,-75.035133,-76.035133,-74.035133,noise,none,0.000000,-8,-73.441771,532.777681,0.640000,532.137681
1554,-75.943149,-72.418510,-73.418510,-71.418510,noise,none,0.000000,-8,-73.441771,534.103420,0.640000,533.463420
1555,-77.241178,-77.983171,-78.983171,-76.983171,noise,buy_from_mm,-76.983171,-9,-150.424942,544.745658,0.810000,543.935658
1556,-77.324918,-80.967070,-81.967070,-79.967070,noise,buy_from_mm,-79.967070,-10,-230.392012,542.857170,1.000000,541.857170
1557,-76.019637,-77.013783,-78.013783,-76.013783,informed,none,0.000000,-10,-230.392012,529.804359,1.000000,528.804359
1558,-78.061535,-79.959252,-80.959252,-78.959252,noise,none,0.000000,-10,-230.392012,550.223333,1.000000,549.223333
1559,-77.890940,-75.586230,-76.586230,-74.586230,noise,sell_to_mm,-76.586230,-9,-153.805782,547.212678,0.810000,546.402678
1560,-77.590481,-77.988939,-78.988939,-76.988939,noise,none,0.000000,-9,-153.805782,544.508549,0.810000,543.698549
1561,-78.537980,-82.002253,-83.002253,-81.002253,noise,none,0.000000,-9,-153.805782,553.036043,0.810000,552.226043
1562,-77.626672,-73.953506,-74.953506,-72.953506,informed,sell_to_mm,-74.953506,-8,-78.852276,542.161099,0.640000,541.521099
1563,-75.476856,-78.147246,-79.147246,-77.147246,informed,buy_from_mm,-77.147246,-9,-155.999522,523.292181,0.810000,522.482181
1564,-74.609938,-74.228923,-75.228923,-73.228923,informed,none,0.000000,-9,-155.999522,515.489918,0.810000,514.679918
1565,-76.643266,-76.643062,-77.643062,-75.643062,informed,none,0.000000,-9,-155.999522,533.789874,0.810000,532.979874
1566,-75.782898,-72.204657,-73.204657,-71.204657,informed,sell_to_mm,-73.204657,-8,-82.794865,523.468315,0.640000,522.828315
1567,-75.602884,-77.450381,-78.450381,-76.450381,noise,none,0.000000,-8,-82.794865,522.028203,0.640000,521.388203
1568,-75.340662,-75.351748,-76.351748,-74.351748,noise,none,0.000000,-8,-82.794865,519.930434,0.640000,519.290434
1569,-74.211669,-75.008814,-76.008814,-74.008814,noise,none,0.000000,-8,-82.794865,510.898488,0.640000,510.258488
1570,-72.794398,-73.831852,-74.831852,-72.831852,noise,buy_from_mm,-72.831852,-9,-155.626717,499.522869,0.810000,498.712869
1571,-71.636403,-69.461453,-70.461453,-68.461453,noise,none,0.000000,-9,-155.626717,489.100906,0.810000,488.290906
1572,-70.121868,-70.108898,-71.108898,-69.108898,noise,none,0.000000,-9,-155.626717,475.470091,0.810000,474.660091
1573,-69.602191,-69.515042,-70.515042,-68.515042,noise,none,0.000000,-9,-155.626717,470.792998,0.810000,469.982998
1574,-68.981081,-68.041332,-69.041332,-67.041332,informed,none,0.000000,-9,-155.626717,465.203016,0.810000,464.393016
1575,-69.838520,-69.534342,-70.534342,-68.534342,informed,none,0.000000,-9,-155.626717,472.919963,0.810000,472.109963
1576,-70.413965,-71.691220,-72.691220,-70.691220,noise,none,0.000000,-9,-155.626717,478.098971,0.810000,477.288971
1577,-69.634546,-70.404573,-71.404573,-69.404573,noise,sell_to_mm,-71.404573,-8,-84.222145,472.854225,0.640000,472.214225
1578,-69.494327,-67.479009,-68.479009,-66.479009,noise,none,0.000000,-8,-84.222145,471.732474,0.640000,471.092474
1579,-68.552002,-64.427345,-65.427345,-63.427345,informed,sell_to_mm,-65.427345,-7,-18.794800,461.069213,0.490000,460.579213
1580,-68.879483,-69.585498,-70.585498,-68.585498,noise,sell_to_mm,-70.585498,-6,51.790698,465.067595,0.360000,464.707595
1581,-68.381618,-66.347598,-67.347598,-65.347598,noise,none,0.000000,-6,51.790698,462.080405,0.360000,461.720405
1582,-67.637965,-64.046079,-65.046079,-63.046079,noise,none,0.000000,-6,51.790698,457.618486,0.360000,457.258486
1583,-67.976459,-67.913882,-68.913882,-66.913882,informed,none,0.000000,-6,51.790698,459.649453,0.360000,459.289453
1584,-67.024646,-65.414586,-66.414586,-64.414586,noise,none,0.000000,-6,51.790698,453.938576,0.360000,453.578576
1585,-67.321211,-65.828526,-66.828526,-64.828526,noise,buy_from_mm,-64.828526,-7,-13.037828,458.210648,0.490000,457.720648
1586,-67.277840,-68.814687,-69.814687,-67.814687,noise,none,0.000000,-7,-13.037828,457.907050,0.490000,457.417050
1587,-66.953417,-63.481313,-64.481313,-62.481313,informed,sell_to_mm,-64.481313,-6,51.443485,453.163984,0.360000,452.803984
1588,-66.648637,-64.799149,-65.799149,-63.799149,informed,sell_to_mm,-65.799149,-5,117.242634,450.485820,0.250000,450.235820
1589,-66.043334,-64.837492,-65.837492,-63.837492,noise,none,0.000000,-5,117.242634,447.459304,0.250000,447.209304
1590,-66.686391,-62.815451,-63.815451,-61.815451,informed,sell_to_mm,-63.815451,-4,181.058084,447.803647,0.160000,447.643647
1591,-67.393551,-68.026984,-69.026984,-67.026984,noise,none,0.000000,-4,181.058084,450.632288,0.160000,450.472288
1592,-68.016233,-69.210304,-70.210304,-68.210304,noise,buy_from_mm,-68.210304,-5,112.847781,452.928947,0.250000,452.678947
1593,-67.673153,-69.174693,-70.174693,-68.174693,noise,none,0.000000,-5,112.847781,451.213546,0.250000,450.963546
1594,-67.528819,-68.828811,-69.828811,-67.828811,noise,none,0.000000,-5,112.847781,450.491873,0.250000,450.241873
1595,-68.387590,-68.308454,-69.308454,-67.308454,noise,none,0.000000,-5,112.847781,454.785732,0.250000,454.535732
1596,-69.223996,-71.335174,-72.335174,-70.335174,noise,none,0.000000,-5,112.847781,458.967761,0.250000,458.717761
1597,-69.624982,-67.656210,-68.656210,-66.656210,informed,sell_to_mm,-68.656210,-4,181.503991,460.003919,0.160000,459.843919
1598,-69.642671,-69.770629,-70.770629,-68.770629,noise,none,0.000000,-4,181.503991,460.074675,0.160000,459.914675
1599,-68.661879,-68.731038,-69.731038,-67.731038,informed,none,0.000000,-4,181.503991,456.151509,0.160000,455.991509
1600,-68.207454,-66.177234,-67.177234,-65.177234,noise,sell_to_mm,-67.177234,-3,248.681225,453.303585,0.090000,453.213585
1601,-68.408274,-68.819871,-69.819871,-67.819871,informed,none,0.000000,-3,248.681225,453.906048,0.090000,453.816048
1602,-69.135343,-68.504421,-69.504421,-67.504421,informed,none,0.000000,-3,248.681225,456.087254,0.090000,455.997254
1603,-68.477894,-67.429769,-68.429769,-66.429769,noise,none,0.000000,-3,248.681225,454.114908,0.090000,454.024908
1604,-69.091293,-69.158790,-70.158790,-68.158790,informed,none,0.000000,-3,248.681225,455.955104,0.090000,455.865104
1605,-68.768326,-71.384452,-72.384452,-70.384452,noise,none,0.000000,-3,248.681225,454.986201,0.090000,454.896201
1606,-68.021875,-70.726260,-71.726260,-69.726260,informed,buy_from_mm,-69.726260,-4,178.954965,451.042465,0.160000,450.882465
1607,-68.886924,-69.273983,-70.273983,-68.273983,informed,none,0.000000,-4,178.954965,454.502661,0.160000,454.342661
1608,-68.989043,-64.806673,-65.806673,-63.806673,informed,sell_to_mm,-65.806673,-3,244.761638,451.728767,0.090000,451.638767
1609,-68.512330,-67.812558,-68.812558,-66.812558,informed,none,0.000000,-3,244.761638,450.298626,0.090000,450.208626
1610,-67.886349,-65.907303,-66.907303,-64.907303,informed,sell_to_mm,-66.907303,-2,311.668941,447.441638,0.040000,447.401638
1611,-67.965599,-66.566290,-67.566290,-65.566290,noise,none,0.000000,-2,311.668941,447.600140,0.040000,447.560140
1612,-67.848040,-69.449768,-70.449768,-68.449768,noise,sell_to_mm,-70.449768,-1,382.118708,449.966748,0.010000,449.956748
1613,-66.865150,-64.725993,-65.725993,-63.725993,informed,sell_to_mm,-65.725993,0,447.844702,447.844702,0.000000,447.844702
1614,-67.862220,-68.652105,-69.652105,-67.652105,noise,none,0.000000,0,447.844702,447.844702,0.000000,447.844702
1615,-68.548232,-69.482552,-70.482552,-68.482552,noise,none,0.000000,0,447.844702,447.844702,0.000000,447.844702
1616,-69.283849,-70.326215,-71.326215,-69.326215,informed,buy_from_mm,-69.326215,-1,378.518487,447.802336,0.010000,447.792336
1617,-67.972765,-68.031421,-69.031421,-67.031421,noise,none,0.000000,-1,378.518487,446.491252,0.010000,446.481252
1618,-68.871032,-67.495399,-68.495399,-66.495399,noise,sell_to_mm,-68.495399,0,447.013886,447.013886,0.000000,447.013886
1619,-66.596292,-66.398239,-67.398239,-65.398239,informed,none,0.000000,0,447.013886,447.013886,0.000000,447.013886
1620,-65.495594,-65.937129,-66.937129,-64.937129,informed,none,0.000000,0,447.013886,447.013886,0.000000,447.013886
1621,-64.675236,-64.325488,-65.325488,-63.325488,noise,none,0.000000,0,447.013886,447.013886,0.000000,447.013886
1622,-64.480267,-62.117082,-63.117082,-61.117082,noise,sell_to_mm,-63.117082,1,510.130967,445.650700,0.010000,445.640700
1623,-64.492443,-64.160191,-65.160191,-63.160191,noise,none,0.000000,1,510.130967,445.638524,0.010000,445.628524
1624,-63.063679,-65.020725,-66.020725,-64.020725,noise,buy_from_mm,-64.020725,0,446.110242,446.110242,0.000000,446.110242
1625,-64.692862,-64.392777,-65.392777,-63.392777,noise,none,0.000000,0,446.110242,446.110242,0.000000,446.110242
1626,-64.582034,-62.177139,-63.177139,-61.177139,noise,none,0.000000,0,446.110242,446.110242,0.000000,446.110242
1627,-65.147840,-66.541519,-67.541519,-65.541519,noise,sell_to_mm,-67.541519,1,513.651761,448.503921,0.010000,448.493921
1628,-65.973941,-66.546852,-67.546852,-65.546852,informed,none,0.000000,1,513.651761,447.677820,0.010000,447.667820
1629,-64.171570,-66.919275,-67.919275,-65.919275,noise,sell_to_mm,-67.919275,2,581.571036,453.227896,0.040000,453.187896
1630,-65.574305,-66.155316,-67.155316,-65.155316,informed,none,0.000000,2,581.571036,450.422427,0.040000,450.382427
1631,-66.511247,-68.408790,-69.408790,-67.408790,noise,none,0.000000,2,581.571036,448.548542,0.040000,448.508542
1632,-65.573634,-69.208705,-70.208705,-68.208705,noise,none,0.000000,2,581.571036,450.423769,0.040000,450.383769
1633,-66.965634,-69.986546,-70.986546,-68.986546,informed,buy_from_mm,-68.986546,1,512.584490,445.618855,0.010000,445.608855
1634,-68.916346,-67.733553,-68.733553,-66.733553,informed,sell_to_mm,-68.733553,2,581.318043,443.485351,0.040000,443.445351
1635,-69.981478,-68.454487,-69.454487,-67.454487,noise,none,0.000000,2,581.318043,441.355087,0.040000,441.315087
1636,-68.353950,-69.896046,-70.896046,-68.896046,noise,none,0.000000,2,581.318043,444.610143,0.040000,444.570143
1637,-68.631034,-70.134390,-71.134390,-69.134390,noise,none,0.000000,2,581.318043,444.055976,0.040000,444.015976
1638,-67.497904,-65.067650,-66.067650,-64.067650,noise,none,0.000000,2,581.318043,446.322235,0.040000,446.282235
1639,-67.360298,-69.180200,-70.180200,-68.180200,noise,none,0.000000,2,581.318043,446.597447,0.040000,446.557447
1640,-67.090279,-64.566929,-65.566929,-63.566929,informed,sell_to_mm,-65.566929,3,646.884972,445.614136,0.090000,445.524136
1641,-67.358322,-65.671373,-66.671373,-64.671373,noise,none,0.000000,3,646.884972,444.810006,0.090000,444.720006
1642,-66.755554,-67.333939,-68.333939,-66.333939,noise,buy_from_mm,-66.333939,2,580.551032,447.039925,0.040000,446.999925
1643,-66.213323,-68.790463,-69.790463,-67.790463,informed,buy_from_mm,-67.790463,1,512.760569,446.547246,0.010000,446.537246
1644,-65.742304,-67.136813,-68.136813,-66.136813,informed,buy_from_mm,-66.136813,0,446.623757,446.623757,0.000000,446.623757
1645,-64.189009,-64.114156,-65.114156,-63.114156,noise,none,0.000000,0,446.623757,446.623757,0.000000,446.623757
1646,-64.500678,-64.124287,-65.124287,-63.124287,noise,sell_to_mm,-65.124287,1,511.748044,447.247366,0.010000,447.237366
1647,-64.704796,-63.260372,-64.260372,-62.260372,noise,none,0.000000,1,511.748044,447.043248,0.010000,447.033248
1648,-64.653788,-66.082484,-67.082484,-65.082484,noise,none,0.000000,1,511.748044,447.094256,0.010000,447.084256
1649,-64.206919,-64.322739,-65.322739,-63.322739,informed,none,0.000000,1,511.748044,447.541125,0.010000,447.531125
1650,-65.143306,-63.103798,-64.103798,-62.103798,noise,none,0.000000,1,511.748044,446.604738,0.010000,446.594738
1651,-62.771816,-60.788783,-61.788783,-59.788783,noise,none,0.000000,1,511.748044,448.976228,0.010000,448.966228
1652,-62.417036,-63.456969,-64.456969,-62.456969,noise,sell_to_mm,-64.456969,2,576.205013,451.370941,0.040000,451.330941
1653,-61.087177,-60.722709,-61.722709,-59.722709,informed,none,0.000000,2,576.205013,454.030658,0.040000,453.990658
1654,-61.313593,-60.089797,-61.089797,-59.089797,informed,sell_to_mm,-61.089797,3,637.294810,453.354031,0.090000,453.264031
1655,-61.419019,-58.542244,-59.542244,-57.542244,noise,none,0.000000,3,637.294810,453.037751,0.090000,452.947751
1656,-60.572641,-60.470233,-61.470233,-59.470233,noise,none,0.000000,3,637.294810,455.576886,0.090000,455.486886
1657,-61.577830,-61.788222,-62.788222,-60.788222,informed,none,0.000000,3,637.294810,452.561320,0.090000,452.471320
1658,-62.342271,-60.271769,-61.271769,-59.271769,informed,sell_to_mm,-61.271769,4,698.566579,449.197496,0.160000,449.037496
1659,-61.219981,-59.933321,-60.933321,-58.933321,noise,sell_to_mm,-60.933321,5,759.499900,453.399996,0.250000,453.149996
1660,-62.709405,-61.878144,-62.878144,-60.878144,noise,none,0.000000,5,759.499900,445.952876,0.250000,445.702876
1661,-63.394132,-64.669963,-65.669963,-63.669963,informed,buy_from_mm,-63.669963,4,695.829937,442.253409,0.160000,442.093409
1662,-63.473501,-63.603149,-64.603149,-62.603149,noise,none,0.000000,4,695.829937,441.935935,0.160000,441.775935
1663,-64.996723,-63.139838,-64.139838,-62.139838,noise,none,0.000000,4,695.829937,435.843047,0.160000,435.683047
1664,-65.602751,-62.163995,-63.163995,-61.163995,noise,none,0.000000,4,695.829937,433.418934,0.160000,433.258934
1665,-66.948036,-68.212589,-69.212589,-67.212589,noise,none,0.000000,4,695.829937,428.037795,0.160000,427.877795
1666,-66.438347,-67.384789,-68.384789,-66.384789,noise,buy_from_mm,-66.384789,3,629.445149,430.130107,0.090000,430.040107
1667,-65.858300,-64.735386,-65.735386,-63.735386,noise,none,0.000000,3,629.445149,431.870249,0.090000,431.780249
1668,-66.031935,-65.850096,-66.850096,-64.850096,informed,none,0.000000,3,629.445149,431.349344,0.090000,431.259344
1669,-66.374729,-65.102150,-66.102150,-64.102150,noise,none,0.000000,3,629.445149,430.320961,0.090000,430.230961
1670,-65.862928,-62.449327,-63.449327,-61.449327,informed,sell_to_mm,-63.449327,4,692.894476,429.442765,0.160000,429.282765
1671,-66.211724,-66.958001,-67.958001,-65.958001,noise,none,0.000000,4,692.894476,428.047582,0.160000,427.887582
1672,-65.140627,-66.705597,-67.705597,-65.705597,informed,buy_from_mm,-65.705597,3,627.188879,431.766998,0.090000,431.676998
1673,-63.856662,-66.920347,-67.920347,-65.920347,noise,sell_to_mm,-67.920347,4,695.109226,439.682579,0.160000,439.522579
1674,-63.620536,-63.438917,-64.438917,-62.438917,noise,none,0.000000,4,695.109226,440.627081,0.160000,440.467081
1675,-62.650585,-62.629170,-63.629170,-61.629170,noise,sell_to_mm,-63.629170,5,758.738396,445.485469,0.250000,445.235469
1676,-63.175131,-61.916433,-62.916433,-60.916433,informed,sell_to_mm,-62.916433,6,821.654829,442.604041,0.360000,442.244041
1677,-62.603074,-64.640318,-65.640318,-63.640318,noise,none,0.000000,6,821.654829,446.036383,0.360000,445.676383
1678,-65.678339,-64.168691,-65.168691,-63.168691,informed,sell_to_mm,-65.168691,7,886.823520,427.075149,0.490000,426.585149
1679,-66.795764,-65.523664,-66.523664,-64.523664,informed,sell_to_mm,-66.523664,8,953.347184,418.981076,0.640000,418.341076
1680,-66.658435,-64.965674,-65.965674,-63.965674,informed,sell_to_mm,-65.965674,9,1019.312859,419.386946,0.810000,418.576946
1681,-67.060056,-67.525706,-68.525706,-66.525706,informed,none,0.000000,9,1019.312859,415.772357,0.810000,414.962357
1682,-68.010232,-65.930202,-66.930202,-64.930202,noise,none,0.000000,9,1019.312859,407.220767,0.810000,406.410767
1683,-67.837024,-66.636611,-67.636611,-65.636611,noise,sell_to_mm,-67.636611,10,1086.949470,408.579234,1.000000,407.579234
1684,-66.705399,-68.838234,-69.838234,-67.838234,informed,buy_from_mm,-67.838234,9,1019.111235,418.762643,0.810000,417.952643
1685,-65.862942,-67.623215,-68.623215,-66.623215,informed,buy_from_mm,-66.623215,8,952.488020,425.584487,0.640000,424.944487
1686,-65.908650,-65.489220,-66.489220,-64.489220,noise,sell_to_mm,-66.489220,9,1018.977240,425.799392,0.810000,424.989392
1687,-66.150391,-64.142480,-65.142480,-63.142480,informed,sell_to_mm,-65.142480,10,1084.119721,422.615807,1.000000,421.615807
1688,-67.295848,-66.754852,-67.754852,-65.754852,informed,none,0.000000,10,1084.119721,411.161237,1.000000,410.161237
1689,-67.006662,-65.292432,-66.292432,-64.292432,noise,buy_from_mm,-64.292432,9,1019.827289,416.767329,0.810000,415.957329
1690,-65.188770,-64.217590,-65.217590,-63.217590,informed,none,0.000000,9,1019.827289,433.128358,0.810000,432.318358
1691,-64.939407,-62.315204,-63.315204,-61.315204,noise,none,0.000000,9,1019.827289,435.372626,0.810000,434.562626
1692,-64.736610,-60.661283,-61.661283,-59.661283,informed,sell_to_mm,-61.661283,10,1081.488572,434.122473,1.000000,433.122473
1693,-64.459268,-64.154992,-65.154992,-63.154992,noise,none,0.000000,10,1081.488572,436.895896,1.000000,435.895896
1694,-65.171080,-63.949526,-64.949526,-62.949526,noise,sell_to_mm,-64.949526,11,1146.438097,429.556221,1.210000,428.346221
1695,-64.890436,-62.628261,-63.628261,-61.628261,informed,sell_to_mm,-63.628261,12,1210.066359,431.381125,1.440000,429.941125
1696,-63.106688,-60.812560,-61.812560,-59.812560,informed,sell_to_mm,-61.812560,13,1271.878919,451.491972,1.690000,449.801972
1697,-61.942046,-61.162966,-62.162966,-60.162966,noise,none,0.000000,13,1271.878919,466.632322,1.690000,464.942322
1698,-61.156213,-65.001656,-66.001656,-64.001656,noise,none,0.000000,13,1271.878919,476.848153,1.690000,475.158153
1699,-61.156934,-60.663449,-61.663449,-59.663449,noise,sell_to_mm,-61.663449,14,1333.542367,477.345289,1.960000,475.385289
1700,-59.915481,-62.380438,-63.380438,-61.380438,informed,buy_from_mm,-61.380438,13,1272.161929,493.260681,1.690000,491.570681
1701,-60.739544,-61.908056,-62.908056,-60.908056,noise,none,0.000000,13,1272.161929,482.547856,1.690000,480.857856
1702,-59.875157,-56.241032,-57.241032,-55.241032,noise,none,0.000000,13,1272.161929,493.784893,1.690000,492.094893
1703,-59.323274,-60.208894,-61.208894,-59.208894,noise,none,0.000000,13,1272.161929,500.959367,1.690000,499.269367
1704,-60.181191,-60.555812,-61.555812,-59.555812,noise,sell_to_mm,-61.555812,14,1333.717741,491.181072,1.960000,489.221072
1705,-60.849615,-59.954824,-60.954824,-58.954824,noise,none,0.000000,14,1333.717741,481.823137,1.960000,479.863137
1706,-61.952037,-63.436160,-64.436160,-62.436160,informed,buy_from_mm,-62.436160,13,1271.281581,465.905103,1.690000,464.215103
1707,-61.463870,-58.831051,-59.831051,-57.831051,noise,none,0.000000,13,1271.281581,472.251271,1.690000,470.561271
1708,-61.471845,-59.082016,-60.082016,-58.082016,noise,none,0.000000,13,1271.281581,472.147596,1.690000,470.457596
1709,-60.589446,-59.814370,-60.814370,-58.814370,informed,none,0.000000,13,1271.281581,483.618780,1.690000,481.928780
1710,-59.631643,-58.487545,-59.487545,-57.487545,noise,none,0.000000,13,1271.281581,496.070222,1.690000,494.380222
1711,-59.489555,-62.286842,-63.286842,-61.286842,informed,buy_from_mm,-61.286842,12,1209.994739,496.120075,1.440000,494.680075
1712,-59.494231,-59.089265,-60.089265,-58.089265,noise,sell_to_mm,-60.089265,13,1270.084004,496.659001,1.690000,494.969001
1713,-59.108017,-57.190920,-58.190920,-56.190920,informed,sell_to_mm,-58.190920,14,1328.274924,500.762693,1.960000,498.802693
1714,-56.634703,-52.021431,-53.021431,-51.021431,noise,none,0.000000,14,1328.274924,535.389086,1.960000,533.429086
1715,-58.816934,-56.182241,-57.182241,-55.182241,noise,sell_to_mm,-57.182241,15,1385.457166,503.203160,2.250000,500.953160
1716,-57.747301,-58.039539,-59.039539,-57.039539,informed,none,0.000000,15,1385.457166,519.247643,2.250000,516.997643
1717,-56.464162,-56.682085,-57.682085,-55.682085,informed,none,0.000000,15,1385.457166,538.494739,2.250000,536.244739
1718,-55.367308,-55.617690,-56.617690,-54.617690,informed,none,0.000000,15,1385.457166,554.947539,2.250000,552.697539
1719,-55.134235,-53.493956,-54.493956,-52.493956,noise,sell_to_mm,-54.493956,16,1439.951122,557.803355,2.560000,555.243355
1720,-54.269847,-57.369938,-58.369938,-56.369938,noise,none,0.000000,16,1439.951122,571.633571,2.560000,569.073571
1721,-54.838551,-57.663533,-58.663533,-56.663533,noise,none,0.000000,16,1439.951122,562.534299,2.560000,559.974299
1722,-55.818231,-55.981237,-56.981237,-54.981237,noise,sell_to_mm,-56.981237,17,1496.932359,548.022435,2.890000,545.132435
1723,-56.566035,-54.779080,-55.779080,-53.779080,noise,none,0.000000,17,1496.932359,535.309758,2.890000,532.419758
1724,-57.329833,-56.187856,-57.187856,-55.187856,informed,sell_to_mm,-57.187856,18,1554.120216,522.183230,3.240000,518.943230
1725,-57.111426,-55.461105,-56.461105,-54.461105,noise,none,0.000000,18,1554.120216,526.114547,3.240000,522.874547
1726,-57.687053,-56.888925,-57.888925,-55.888925,noise,none,0.000000,18,1554.120216,515.753253,3.240000,512.513253
1727,-57.781937,-57.789541,-58.789541,-56.789541,noise,none,0.000000,18,1554.120216,514.045354,3.240000,510.805354
1728,-55.312585,-57.095244,-58.095244,-56.095244,noise,buy_from_mm,-56.095244,17,1498.024971,557.711024,2.890000,554.821024
1729,-55.329702,-57.473417,-58.473417,-56.473417,informed,buy_from_mm,-56.473417,16,1441.551554,556.276324,2.560000,553.716324
1730,-55.177989,-55.461117,-56.461117,-54.461117,noise,sell_to_mm,-56.461117,17,1498.012671,559.986857,2.890000,557.096857
1731,-55.150071,-55.648705,-56.648705,-54.648705,informed,none,0.000000,17,1498.012671,560.461460,2.890000,557.571460
1732,-55.694315,-54.801139,-55.801139,-53.801139,noise,none,0.000000,17,1498.012671,551.209323,2.890000,548.319323
1733,-55.976893,-58.149097,-59.149097,-57.149097,noise,none,0.000000,17,1498.012671,546.405496,2.890000,543.515496
1734,-54.692081,-53.868666,-54.868666,-52.868666,informed,none,0.000000,17,1498.012671,568.247300,2.890000,565.357300
1735,-54.487642,-55.313159,-56.313159,-54.313159,noise,buy_from_mm,-54.313159,16,1443.699512,571.897247,2.560000,569.337247
1736,-53.065786,-53.117478,-54.117478,-52.117478,noise,none,0.000000,16,1443.699512,594.646939,2.560000,592.086939
1737,-53.696229,-52.941203,-53.941203,-51.941203,noise,sell_to_mm,-53.941203,17,1497.640715,584.804816,2.890000,581.914816
1738,-53.018104,-49.049537,-50.049537,-48.049537,noise,sell_to_mm,-50.049537,18,1547.690252,593.364372,3.240000,590.124372
1739,-54.473676,-56.135068,-57.135068,-55.135068,informed,buy_from_mm,-55.135068,17,1492.555184,566.502689,2.890000,563.612689
1740,-53.291204,-56.560814,-57.560814,-55.560814,noise,buy_from_mm,-55.560814,16,1436.994370,584.335114,2.560000,581.775114
1741,-52.007839,-49.719343,-50.719343,-48.719343,informed,sell_to_mm,-50.719343,17,1487.713713,603.580443,2.890000,600.690443
1742,-51.599703,-50.520859,-51.520859,-49.520859,noise,none,0.000000,17,1487.713713,610.518754,2.890000,607.628754
1743,-52.906113,-55.010133,-56.010133,-54.010133,noise,sell_to_mm,-56.010133,18,1543.723846,591.413819,3.240000,588.173819
1744,-53.020906,-53.445331,-54.445331,-52.445331,informed,none,0.000000,18,1543.723846,589.347530,3.240000,586.107530
1745,-52.143838,-50.867301,-51.867301,-49.867301,noise,none,0.000000,18,1543.723846,605.134765,3.240000,601.894765
1746,-51.916546,-52.324581,-53.324581,-51.324581,noise,none,0.000000,18,1543.723846,609.226018,3.240000,605.986018
1747,-51.530959,-53.298086,-54.298086,-52.298086,noise,buy_from_mm,-52.298086,17,1491.425761,615.399464,2.890000,612.509464
1748,-51.213814,-52.790560,-53.790560,-51.790560,informed,buy_from_mm,-51.790560,16,1439.635201,620.214182,2.560000,617.654182
1749,-51.028098,-51.046462,-52.046462,-50.046462,informed,none,0.000000,16,1439.635201,623.185626,2.560000,620.625626
1750,-50.612738,-47.429577,-48.429577,-46.429577,noise,none,0.000000,16,1439.635201,629.831387,2.560000,627.271387
1751,-49.967103,-51.245519,-52.245519,-50.245519,noise,sell_to_mm,-52.245519,17,1491.880720,642.439967,2.890000,639.549967
1752,-49.490151,-49.365956,-50.365956,-48.365956,noise,none,0.000000,17,1491.880720,650.548150,2.890000,647.658150
1753,-52.834005,-54.838451,-55.838451,-53.838451,noise,none,0.000000,17,1491.880720,593.702639,2.890000,590.812639
1754,-51.663236,-50.045503,-51.045503,-49.045503,informed,sell_to_mm,-51.045503,18,1542.926223,612.987984,3.240000,609.747984
1755,-52.226764,-53.453198,-54.453198,-52.453198,noise,none,0.000000,18,1542.926223,602.844470,3.240000,599.604470
1756,-51.940196,-50.309627,-51.309627,-49.309627,noise,none,0.000000,18,1542.926223,608.002694,3.240000,604.762694
1757,-52.572026,-54.682682,-55.682682,-53.682682,informed,buy_from_mm,-53.682682,17,1489.243541,595.519091,2.890000,592.629091
1758,-52.245031,-52.049979,-53.049979,-51.049979,noise,none,0.000000,17,1489.243541,601.078012,2.890000,598.188012
1759,-51.398217,-54.268432,-55.268432,-53.268432,informed,buy_from_mm,-53.268432,16,1435.975109,613.603636,2.560000,611.043636
1760,-50.058130,-53.138737,-54.138737,-52.138737,informed,buy_from_mm,-52.138737,15,1383.836372,632.964417,2.250000,630.714417
1761,-49.079399,-51.699305,-52.699305,-50.699305,informed,buy_from_mm,-50.699305,14,1333.137067,646.025483,1.960000,644.065483
1762,-48.528934,-49.053206,-50.053206,-48.053206,noise,buy_from_mm,-48.053206,13,1285.083861,654.207720,1.690000,652.517720
1763,-48.306122,-48.172939,-49.172939,-47.172939,noise,buy_from_mm,-47.172939,12,1237.910922,658.237456,1.440000,656.797456
1764,-49.222051,-47.551871,-48.551871,-46.551871,noise,none,0.000000,12,1237.910922,647.246307,1.440000,645.806307
1765,-48.990282,-47.203382,-48.203382,-46.203382,informed,sell_to_mm,-48.203382,13,1286.114304,649.240632,1.690000,647.550632
1766,-49.079310,-49.236349,-50.236349,-48.236349,informed,none,0.000000,13,1286.114304,648.083268,1.690000,646.393268
1767,-49.249511,-49.184215,-50.184215,-48.184215,noise,sell_to_mm,-50.184215,14,1336.298519,646.805369,1.960000,644.845369
1768,-48.300568,-49.134095,-50.134095,-48.134095,noise,none,0.000000,14,1336.298519,660.090570,1.960000,658.130570
1769,-49.406385,-51.733159,-52.733159,-50.733159,noise,none,0.000000,14,1336.298519,644.609125,1.960000,642.649125
1770,-49.622418,-51.502230,-52.502230,-50.502230,noise,buy_from_mm,-50.502230,13,1285.796288,640.704856,1.690000,639.014856
1771,-48.310441,-45.712692,-46.712692,-44.712692,noise,none,0.000000,13,1285.796288,657.760556,1.690000,656.070556
1772,-49.659065,-48.300067,-49.300067,-47.300067,noise,none,0.000000,13,1285.796288,640.228446,1.690000,638.538446
1773,-50.429217,-51.620714,-52.620714,-50.620714,noise,none,0.000000,13,1285.796288,630.216463,1.690000,628.526463
1774,-51.131940,-49.911824,-50.911824,-48.911824,noise,buy_from_mm,-48.911824,12,1236.884464,623.301186,1.440000,621.861186
1775,-49.820237,-51.112447,-52.112447,-50.112447,noise,none,0.000000,12,1236.884464,639.041625,1.440000,637.601625
1776,-49.509542,-52.128336,-53.128336,-51.128336,noise,none,0.000000,12,1236.884464,642.769958,1.440000,641.329958
1777,-51.856780,-52.439123,-53.439123,-51.439123,noise,none,0.000000,12,1236.884464,614.603103,1.440000,613.163103
1778,-52.281323,-57.361260,-58.361260,-56.361260,noise,none,0.000000,12,1236.884464,609.508583,1.440000,608.068583
1779,-54.376320,-56.148730,-57.148730,-55.148730,noise,none,0.000000,12,1236.884464,584.368627,1.440000,582.928627
1780,-55.639477,-54.239705,-55.239705,-53.239705,informed,sell_to_mm,-55.239705,13,1292.124169,568.810969,1.690000,567.120969
1781,-57.399009,-59.309214,-60.309214,-58.309214,informed,buy_from_mm,-58.309214,12,1233.814955,545.026852,1.440000,543.586852
1782,-57.942440,-58.518586,-59.518586,-57.518586,informed,none,0.000000,12,1233.814955,538.505679,1.440000,537.065679
1783,-56.236068,-56.013772,-57.013772,-55.013772,informed,none,0.000000,12,1233.814955,558.982143,1.440000,557.542143
1784,-56.407778,-53.790163,-54.790163,-52.790163,informed,sell_to_mm,-54.790163,13,1288.605118,555.303998,1.690000,553.613998
1785,-56.490268,-55.646554,-56.646554,-54.646554,noise,sell_to_mm,-56.646554,14,1345.251672,554.387915,1.960000,552.427915
1786,-56.668367,-57.080265,-58.080265,-56.080265,noise,sell_to_mm,-58.080265,15,1403.331937,553.306430,2.250000,551.056430
1787,-56.503627,-56.295194,-57.295194,-55.295194,informed,none,0.000000,15,1403.331937,555.777530,2.250000,553.527530
1788,-56.922155,-53.220412,-54.220412,-52.220412,noise,none,0.000000,15,1403.331937,549.499608,2.250000,547.249608
1789,-57.061073,-55.096428,-56.096428,-54.096428,noise,none,0.000000,15,1403.331937,547.415844,2.250000,545.165844
1790,-55.923622,-55.001402,-56.001402,-54.001402,noise,none,0.000000,15,1403.331937,564.477612,2.250000,562.227612
1791,-54.585057,-50.968209,-51.968209,-49.968209,noise,sell_to_mm,-51.968209,16,1455.300145,581.939233,2.560000,579.379233
1792,-54.693752,-53.151800,-54.151800,-52.151800,informed,sell_to_mm,-54.151800,17,1509.451946,579.658169,2.890000,576.768169
1793,-54.553520,-50.284003,-51.284003,-49.284003,noise,none,0.000000,17,1509.451946,582.042103,2.890000,579.152103
1794,-57.312932,-61.151947,-62.151947,-60.151947,informed,buy_from_mm,-60.151947,16,1449.299999,532.293093,2.560000,529.733093
1795,-55.288034,-54.892174,-55.892174,-53.892174,noise,none,0.000000,16,1449.299999,564.691448,2.560000,562.131448
1796,-54.897159,-54.556532,-55.556532,-53.556532,noise,none,0.000000,16,1449.299999,570.945458,2.560000,568.385458
1797,-54.522576,-54.221335,-55.221335,-53.221335,noise,none,0.000000,16,1449.299999,576.938789,2.560000,574.378789
1798,-53.758800,-55.355505,-56.355505,-54.355505,noise,none,0.000000,16,1449.299999,589.159197,2.560000,586.599197
1799,-53.057816,-51.193068,-52.193068,-50.193068,informed,sell_to_mm,-52.193068,17,1501.493066,599.510189,2.890000,596.620189
1800,-52.309890,-53.294827,-54.294827,-52.294827,noise,buy_from_mm,-52.294827,16,1449.198240,612.240001,2.560000,609.680001
1801,-51.100579,-49.794068,-50.794068,-48.794068,noise,none,0.000000,16,1449.198240,631.588968,2.560000,629.028968
1802,-50.075094,-48.200122,-49.200122,-47.200122,noise,sell_to_mm,-49.200122,17,1498.398361,647.121767,2.890000,644.231767
1803,-48.529895,-45.134743,-46.134743,-44.134743,noise,buy_from_mm,-44.134743,16,1454.263618,677.785300,2.560000,675.225300
1804,-47.827147,-47.800990,-48.800990,-46.800990,noise,none,0.000000,16,1454.263618,689.029273,2.560000,686.469273
1805,-46.475468,-46.614838,-47.614838,-45.614838,noise,none,0.000000,16,1454.263618,710.656128,2.560000,708.096128
1806,-46.774347,-48.501311,-49.501311,-47.501311,noise,none,0.000000,16,1454.263618,705.874059,2.560000,703.314059
1807,-45.895738,-46.263647,-47.263647,-45.263647,informed,none,0.000000,16,1454.263618,719.931813,2.560000,717.371813
1808,-44.008031,-42.428585,-43.428585,-41.428585,noise,none,0.000000,16,1454.263618,750.135121,2.560000,747.575121
1809,-45.831759,-43.745115,-44.745115,-42.745115,noise,none,0.000000,16,1454.263618,720.955470,2.560000,718.395470
1810,-45.206214,-43.750206,-44.750206,-42.750206,noise,sell_to_mm,-44.750206,17,1499.013824,730.508178,2.890000,727.618178
1811,-44.846100,-45.212063,-46.212063,-44.212063,noise,none,0.000000,17,1499.013824,736.630123,2.890000,733.740123
1812,-44.478923,-46.543812,-47.543812,-45.543812,noise,none,0.000000,17,1499.013824,742.872140,2.890000,739.982140
1813,-44.364529,-43.626671,-44.626671,-42.626671,informed,none,0.000000,17,1499.013824,744.816826,2.890000,741.926826
1814,-43.272146,-44.693583,-45.693583,-43.693583,noise,buy_from_mm,-43.693583,16,1455.320241,762.965898,2.560000,760.405898
1815,-42.410792,-40.496029,-41.496029,-39.496029,informed,sell_to_mm,-41.496029,17,1496.816270,775.832807,2.890000,772.942807
1816,-41.826112,-42.689912,-43.689912,-41.689912,informed,none,0.000000,17,1496.816270,785.772371,2.890000,782.882371
1817,-43.194917,-45.398362,-46.398362,-44.398362,noise,sell_to_mm,-46.398362,18,1543.214632,765.706127,3.240000,762.466127
1818,-43.439308,-42.353274,-43.353274,-41.353274,noise,none,0.000000,18,1543.214632,761.307090,3.240000,758.067090
1819,-44.665951,-45.105262,-46.105262,-44.105262,informed,none,0.000000,18,1543.214632,739.227510,3.240000,735.987510
1820,-45.666584,-46.534343,-47.534343,-45.534343,noise,none,0.000000,18,1543.214632,721.216128,3.240000,717.976128
1821,-45.283864,-43.546073,-44.546073,-42.546073,noise,none,0.000000,18,1543.214632,728.105080,3.240000,724.865080
1822,-46.638928,-45.234042,-46.234042,-44.234042,informed,sell_to_mm,-46.234042,19,1589.448674,703.309043,3.610000,699.699043
1823,-47.518757,-48.930279,-49.930279,-47.930279,informed,buy_from_mm,-47.930279,18,1541.518395,686.180774,3.240000,682.940774
1824,-46.355709,-47.040175,-48.040175,-46.040175,noise,none,0.000000,18,1541.518395,707.115632,3.240000,703.875632
1825,-46.546445,-45.692338,-46.692338,-44.692338,informed,none,0.000000,18,1541.518395,703.682384,3.240000,700.442384
1826,-47.244257,-50.431248,-51.431248,-49.431248,noise,none,0.000000,18,1541.518395,691.121774,3.240000,687.881774
1827,-46.306068,-42.659418,-43.659418,-41.659418,noise,none,0.000000,18,1541.518395,708.009168,3.240000,704.769168
1828,-45.615575,-42.926722,-43.926722,-41.926722,informed,sell_to_mm,-43.926722,19,1585.445117,718.749195,3.610000,715.139195
1829,-46.523531,-47.573448,-48.573448,-46.573448,noise,none,0.000000,19,1585.445117,701.498022,3.610000,697.888022
1830,-47.653874,-48.855495,-49.855495,-47.855495,noise,sell_to_mm,-49.855495,20,1635.300612,682.223141,4.000000,678.223141
1831,-45.690955,-46.599056,-47.599056,-45.599056,informed,none,0.000000,20,1635.300612,721.481506,4.000000,717.481506
1832,-44.861229,-44.160766,-45.160766,-43.160766,noise,sell_to_mm,-45.160766,21,1680.461378,738.375565,4.410000,733.965565
1833,-43.539411,-45.634535,-46.634535,-44.634535,informed,buy_from_mm,-44.634535,20,1635.826842,765.038619,4.000000,761.038619
1834,-42.801771,-43.090071,-44.090071,-42.090071,noise,none,0.000000,20,1635.826842,779.791427,4.000000,775.791427
1835,-42.626182,-40.568500,-41.568500,-39.568500,informed,sell_to_mm,-41.568500,21,1677.395342,782.245513,4.410000,777.835513
1836,-44.006734,-43.139854,-44.139854,-42.139854,informed,none,0.000000,21,1677.395342,753.253918,4.410000,748.843918
1837,-43.639122,-44.955335,-45.955335,-43.955335,noise,sell_to_mm,-45.955335,22,1723.350677,763.290000,4.840000,758.450000
1838,-44.361697,-47.358328,-48.358328,-46.358328,noise,sell_to_mm,-48.358328,23,1771.709005,751.389977,5.290000,746.099977
1839,-43.824943,-43.690278,-44.690278,-42.690278,noise,none,0.000000,23,1771.709005,763.735325,5.290000,758.445325
1840,-44.218689,-43.033985,-44.033985,-42.033985,informed,sell_to_mm,-44.033985,24,1815.742991,754.494455,5.760000,748.734455
1841,-44.803683,-45.496817,-46.496817,-44.496817,informed,none,0.000000,24,1815.742991,740.454587,5.760000,734.694587
1842,-43.840835,-42.390294,-43.390294,-41.390294,informed,sell_to_mm,-43.390294,25,1859.133285,763.112410,6.250000,756.862410
1843,-45.294583,-43.611267,-44.611267,-42.611267,noise,buy_from_mm,-42.611267,24,1816.522018,729.452027,5.760000,723.692027
1844,-44.988323,-43.352134,-44.352134,-42.352134,informed,sell_to_mm,-44.352134,25,1860.874152,736.166082,6.250000,729.916082
1845,-44.549002,-40.046255,-41.046255,-39.046255,informed,sell_to_mm,-41.046255,26,1901.920407,743.646349,6.760000,736.886349
1846,-43.777684,-46.759548,-47.759548,-45.759548,noise,none,0.000000,26,1901.920407,763.700616,6.760000,756.940616
1847,-43.426725,-45.353142,-46.353142,-44.353142,noise,none,0.000000,26,1901.920407,772.825554,6.760000,766.065554
1848,-43.656799,-40.933372,-41.933372,-39.933372,informed,sell_to_mm,-41.933372,27,1943.853779,765.120200,7.290000,757.830200
1849,-43.754870,-43.835963,-44.835963,-42.835963,noise,none,0.000000,27,1943.853779,762.472278,7.290000,755.182278
1850,-45.103696,-46.701236,-47.701236,-45.701236,noise,none,0.000000,27,1943.853779,726.053992,7.290000,718.763992
1851,-45.393652,-45.074367,-46.074367,-44.074367,informed,none,0.000000,27,1943.853779,718.225186,7.290000,710.935186
1852,-45.954416,-44.216703,-45.216703,-43.216703,noise,none,0.000000,27,1943.853779,703.084556,7.290000,695.794556
1853,-46.508739,-46.589595,-47.589595,-45.589595,informed,none,0.000000,27,1943.853779,688.117832,7.290000,680.827832
1854,-47.268345,-49.170271,-50.170271,-48.170271,informed,buy_from_mm,-48.170271,26,1895.683508,666.706543,6.760000,659.946543
1855,-46.535609,-49.443420,-50.443420,-48.443420,noise,none,0.000000,26,1895.683508,685.757668,6.760000,678.997668
1856,-46.768080,-47.260707,-48.260707,-46.260707,noise,none,0.000000,26,1895.683508,679.713420,6.760000,672.953420
1857,-46.808474,-46.483775,-47.483775,-45.483775,noise,sell_to_mm,-47.483775,27,1943.167284,679.338498,7.290000,672.048498
1858,-46.940766,-48.418491,-49.418491,-47.418491,noise,none,0.000000,27,1943.167284,675.766595,7.290000,668.476595
1859,-46.382308,-49.016695,-50.016695,-48.016695,informed,buy_from_mm,-48.016695,26,1895.150589,689.210572,6.760000,682.450572
1860,-46.708640,-47.450464,-48.450464,-46.450464,noise,none,0.000000,26,1895.150589,680.725955,6.760000,673.965955
1861,-47.365160,-46.816891,-47.816891,-45.816891,informed,none,0.000000,26,1895.150589,663.656421,6.760000,656.896421
1862,-45.904782,-48.315351,-49.315351,-47.315351,noise,sell_to_mm,-49.315351,27,1944.465940,705.036839,7.290000,697.746839
1863,-46.792943,-45.906037,-46.906037,-44.906037,noise,none,0.000000,27,1944.465940,681.056484,7.290000,673.766484
1864,-47.431189,-47.956577,-48.956577,-46.956577,informed,none,0.000000,27,1944.465940,663.823827,7.290000,656.533827
1865,-47.304588,-45.148133,-46.148133,-44.148133,noise,none,0.000000,27,1944.465940,667.242065,7.290000,659.952065
1866,-47.060057,-46.977463,-47.977463,-45.977463,informed,none,0.000000,27,1944.465940,673.844411,7.290000,666.554411
1867,-45.787978,-45.984312,-46.984312,-44.984312,noise,none,0.000000,27,1944.465940,708.190528,7.290000,700.900528
1868,-45.341278,-43.971680,-44.971680,-42.971680,informed,sell_to_mm,-44.971680,28,1989.437621,719.881826,7.840000,712.041826
1869,-45.447827,-45.262460,-46.262460,-44.262460,noise,none,0.000000,28,1989.437621,716.898467,7.840000,709.058467
1870,-45.025850,-44.912117,-45.912117,-43.912117,informed,none,0.000000,28,1989.437621,728.713813,7.840000,720.873813
1871,-45.475030,-43.746914,-44.746914,-42.746914,noise,sell_to_mm,-44.746914,29,2034.184535,715.408679,8.410000,706.998679
1872,-45.989164,-46.357897,-47.357897,-45.357897,informed,none,0.000000,29,2034.184535,700.498778,8.410000,692.088778
1873,-44.178871,-43.704229,-44.704229,-42.704229,noise,none,0.000000,29,2034.184535,752.997271,8.410000,744.587271
1874,-43.455233,-48.131905,-49.131905,-47.131905,noise,none,0.000000,29,2034.184535,773.982791,8.410000,765.572791
1875,-44.263958,-44.326601,-45.326601,-43.326601,noise,none,0.000000,29,2034.184535,750.529758,8.410000,742.119758
1876,-44.287070,-45.318658,-46.318658,-44.318658,noise,none,0.000000,29,2034.184535,749.859494,8.410000,741.449494
1877,-45.385993,-46.551048,-47.551048,-45.551048,noise,none,0.000000,29,2034.184535,717.990746,8.410000,709.580746
1878,-45.228088,-43.818220,-44.818220,-42.818220,informed,sell_to_mm,-44.818220,30,2079.002755,722.160114,9.000000,713.160114
1879,-44.843381,-43.552996,-44.552996,-42.552996,informed,sell_to_mm,-44.552996,31,2123.555751,733.410939,9.610000,723.800939
1880,-45.631833,-44.876541,-45.876541,-43.876541,informed,none,0.000000,31,2123.555751,708.968913,9.610000,699.358913
1881,-44.774937,-43.205111,-44.205111,-42.205111,noise,buy_from_mm,-42.205111,30,2081.350639,738.102530,9.000000,729.102530
1882,-44.908362,-42.383357,-43.383357,-41.383357,noise,buy_from_mm,-41.383357,29,2039.967282,737.624798,8.410000,729.214798
1883,-44.859385,-40.692231,-41.692231,-39.692231,informed,sell_to_mm,-41.692231,30,2081.659513,735.877972,9.000000,726.877972
1884,-44.642106,-44.583077,-45.583077,-43.583077,noise,buy_from_mm,-43.583077,29,2038.076435,743.455366,8.410000,735.045366
1885,-45.421937,-43.535229,-44.535229,-42.535229,informed,sell_to_mm,-44.535229,30,2082.611664,719.953559,9.000000,710.953559
1886,-43.827371,-46.307866,-47.307866,-45.307866,informed,buy_from_mm,-45.307866,29,2037.303798,766.310035,8.410000,757.900035
1887,-43.210685,-44.813886,-45.813886,-43.813886,informed,buy_from_mm,-43.813886,28,1993.489912,783.590735,7.840000,775.750735
1888,-43.730185,-43.223137,-44.223137,-42.223137,informed,none,0.000000,28,1993.489912,769.044723,7.840000,761.204723
1889,-42.255242,-40.895381,-41.895381,-39.895381,noise,none,0.000000,28,1993.489912,810.343147,7.840000,802.503147
1890,-42.616475,-37.235493,-38.235493,-36.235493,noise,buy_from_mm,-36.235493,27,1957.254419,806.609592,7.290000,799.319592
1891,-42.972349,-46.761823,-47.761823,-45.761823,informed,buy_from_mm,-45.761823,26,1911.492595,794.211513,6.760000,787.451513
1892,-44.013584,-44.104018,-45.104018,-43.104018,noise,none,0.000000,26,1911.492595,767.139400,6.760000,760.379400
1893,-42.684318,-40.429355,-41.429355,-39.429355,informed,sell_to_mm,-41.429355,27,1952.921950,800.445362,7.290000,793.155362
1894,-41.857643,-37.410080,-38.410080,-36.410080,informed,sell_to_mm,-38.410080,28,1991.332030,819.318019,7.840000,811.478019
1895,-42.874690,-40.663685,-41.663685,-39.663685,noise,none,0.000000,28,1991.332030,790.840715,7.840000,783.000715
1896,-43.654651,-45.422026,-46.422026,-44.422026,noise,buy_from_mm,-44.422026,27,1946.910003,768.234431,7.290000,760.944431
1897,-43.551214,-42.550965,-43.550965,-41.550965,informed,sell_to_mm,-43.550965,28,1990.460969,771.026979,7.840000,763.186979
1898,-44.500918,-45.520975,-46.520975,-44.520975,noise,none,0.000000,28,1990.460969,744.435262,7.840000,736.595262
1899,-43.561426,-45.221666,-46.221666,-44.221666,informed,buy_from_mm,-44.221666,27,1946.239303,770.080790,7.290000,762.790790
1900,-44.572455,-47.594638,-48.594638,-46.594638,informed,buy_from_mm,-46.594638,26,1899.644666,740.760829,6.760000,734.000829
1901,-46.152957,-46.919021,-47.919021,-45.919021,informed,none,0.000000,26,1899.644666,699.667775,6.760000,692.907775
1902,-44.145580,-43.011346,-44.011346,-42.011346,noise,sell_to_mm,-44.011346,27,1943.656012,751.725343,7.290000,744.435343
1903,-42.555249,-42.044265,-43.044265,-41.044265,noise,buy_from_mm,-41.044265,26,1902.611747,796.175267,6.760000,789.415267
1904,-42.919339,-42.038873,-43.038873,-41.038873,informed,none,0.000000,26,1902.611747,786.708934,6.760000,779.948934
1905,-42.421113,-39.496199,-40.496199,-38.496199,noise,none,0.000000,26,1902.611747,799.662814,6.760000,792.902814
1906,-42.725699,-42.548309,-43.548309,-41.548309,informed,none,0.000000,26,1902.611747,791.743567,6.760000,784.983567
1907,-41.166668,-39.992709,-40.992709,-38.992709,informed,sell_to_mm,-40.992709,27,1943.604456,832.104432,7.290000,824.814432
1908,-40.580386,-37.740605,-38.740605,-36.740605,noise,none,0.000000,27,1943.604456,847.934038,7.290000,840.644038
1909,-40.735225,-37.766021,-38.766021,-36.766021,noise,none,0.000000,27,1943.604456,843.753381,7.290000,836.463381
1910,-41.781317,-41.550847,-42.550847,-40.550847,noise,none,0.000000,27,1943.604456,815.508894,7.290000,808.218894
1911,-42.539812,-43.614602,-44.614602,-42.614602,noise,none,0.000000,27,1943.604456,795.029543,7.290000,787.739543
1912,-43.693839,-43.972805,-44.972805,-42.972805,noise,none,0.000000,27,1943.604456,763.870797,7.290000,756.580797
1913,-42.670247,-41.217088,-42.217088,-40.217088,informed,sell_to_mm,-42.217088,28,1985.821544,791.054622,7.840000,783.214622
1914,-43.423969,-42.953343,-43.953343,-41.953343,noise,buy_from_mm,-41.953343,27,1943.868201,771.421050,7.290000,764.131050
1915,-43.100038,-43.700713,-44.700713,-42.700713,noise,none,0.000000,27,1943.868201,780.167175,7.290000,772.877175
1916,-41.464183,-39.241783,-40.241783,-38.241783,informed,sell_to_mm,-40.241783,28,1984.109983,823.112865,7.840000,815.272865
1917,-41.611438,-41.093111,-42.093111,-40.093111,noise,none,0.000000,28,1984.109983,818.989707,7.840000,811.149707
1918,-41.675592,-44.906177,-45.906177,-43.906177,informed,buy_from_mm,-43.906177,27,1940.203806,814.962810,7.290000,807.672810
1919,-42.863520,-43.026712,-44.026712,-42.026712,noise,sell_to_mm,-44.026712,28,1984.230518,784.051959,7.840000,776.211959
1920,-43.907970,-42.753547,-43.753547,-41.753547,noise,none,0.000000,28,1984.230518,754.807350,7.840000,746.967350
1921,-43.882914,-48.410707,-49.410707,-47.410707,informed,buy_from_mm,-47.410707,27,1936.819811,751.981143,7.290000,744.691143
1922,-43.691924,-40.864343,-41.864343,-39.864343,informed,sell_to_mm,-41.864343,28,1978.684154,755.310279,7.840000,747.470279
1923,-44.198843,-43.262433,-44.262433,-42.262433,noise,none,0.000000,28,1978.684154,741.116542,7.840000,733.276542
1924,-44.727270,-44.775419,-45.775419,-43.775419,noise,buy_from_mm,-43.775419,27,1934.908735,727.272450,7.290000,719.982450
1925,-44.405831,-47.702707,-48.702707,-46.702707,noise,sell_to_mm,-48.702707,28,1983.611442,740.248181,7.840000,732.408181
1926,-43.140014,-45.733708,-46.733708,-44.733708,noise,buy_from_mm,-44.733708,27,1938.877734,774.097351,7.290000,766.807351
1927,-41.491449,-43.675824,-44.675824,-42.675824,informed,buy_from_mm,-42.675824,26,1896.201911,817.424249,6.760000,810.664249
1928,-42.567530,-44.036996,-45.036996,-43.036996,noise,none,0.000000,26,1896.201911,789.446141,6.760000,782.686141
1929,-41.282201,-39.712799,-40.712799,-38.712799,noise,sell_to_mm,-40.712799,27,1936.914709,822.295289,7.290000,815.005289
1930,-40.557209,-41.006153,-42.006153,-40.006153,noise,none,0.000000,27,1936.914709,841.870056,7.290000,834.580056
1931,-41.417179,-39.029149,-40.029149,-38.029149,noise,none,0.000000,27,1936.914709,818.650868,7.290000,811.360868
1932,-41.501738,-42.959231,-43.959231,-41.959231,informed,buy_from_mm,-41.959231,26,1894.955478,815.910290,6.760000,809.150290
1933,-41.787341,-41.933196,-42.933196,-40.933196,noise,buy_from_mm,-40.933196,25,1854.022281,809.338759,6.250000,803.088759
1934,-41.224982,-38.273191,-39.273191,-37.273191,noise,none,0.000000,25,1854.022281,823.397735,6.250000,817.147735
1935,-42.413927,-44.404298,-45.404298,-43.404298,informed,buy_from_mm,-43.404298,24,1810.617984,792.683741,5.760000,786.923741
1936,-42.366102,-45.799405,-46.799405,-44.799405,noise,none,0.000000,24,1810.617984,793.831525,5.760000,788.071525
1937,-41.996964,-43.028539,-44.028539,-42.028539,noise,none,0.000000,24,1810.617984,802.690849,5.760000,796.930849
1938,-42.011149,-42.165939,-43.165939,-41.165939,informed,none,0.000000,24,1810.617984,802.350401,5.760000,796.590401
1939,-42.181441,-40.154916,-41.154916,-39.154916,noise,none,0.000000,24,1810.617984,798.263401,5.760000,792.503401
1940,-42.717393,-46.916869,-47.916869,-45.916869,informed,buy_from_mm,-45.916869,23,1764.701115,782.201066,5.290000,776.911066
1941,-42.887081,-45.118427,-46.118427,-44.118427,informed,buy_from_mm,-44.118427,22,1720.582688,777.066908,4.840000,772.226908
1942,-43.272635,-43.986029,-44.986029,-42.986029,informed,none,0.000000,22,1720.582688,768.584715,4.840000,763.744715
1943,-43.484362,-41.635786,-42.635786,-40.635786,informed,sell_to_mm,-42.635786,23,1763.218474,763.078146,5.290000,757.788146
1944,-43.650432,-39.758402,-40.758402,-38.758402,noise,sell_to_mm,-40.758402,24,1803.976876,756.366498,5.760000,750.606498
1945,-43.812983,-39.960737,-40.960737,-38.960737,noise,none,0.000000,24,1803.976876,752.465274,5.760000,746.705274
1946,-43.739639,-49.113654,-50.113654,-48.113654,noise,none,0.000000,24,1803.976876,754.225535,5.760000,748.465535
1947,-42.697270,-39.314837,-40.314837,-38.314837,noise,buy_from_mm,-38.314837,23,1765.662038,783.624832,5.290000,778.334832
1948,-43.536234,-44.711965,-45.711965,-43.711965,noise,none,0.000000,23,1765.662038,764.328664,5.290000,759.038664
1949,-44.098277,-43.312049,-44.312049,-42.312049,informed,none,0.000000,23,1765.662038,751.401667,5.290000,746.111667
1950,-45.403428,-44.460417,-45.460417,-43.460417,noise,sell_to_mm,-45.460417,24,1811.122455,721.440190,5.760000,715.680190
1951,-45.130362,-46.408545,-47.408545,-45.408545,noise,none,0.000000,24,1811.122455,727.993758,5.760000,722.233758
1952,-46.067133,-48.030461,-49.030461,-47.030461,noise,buy_from_mm,-47.030461,23,1764.091994,704.547937,5.290000,699.257937
1953,-45.203915,-46.729368,-47.729368,-45.729368,noise,none,0.000000,23,1764.091994,724.401960,5.290000,719.111960
1954,-44.974674,-47.380949,-48.380949,-46.380949,noise,none,0.000000,23,1764.091994,729.674485,5.290000,724.384485
1955,-46.191731,-44.204809,-45.204809,-43.204809,noise,none,0.000000,23,1764.091994,701.682185,5.290000,696.392185
1956,-45.734386,-48.127190,-49.127190,-47.127190,informed,buy_from_mm,-47.127190,22,1716.964805,710.808308,4.840000,705.968308
1957,-45.632212,-47.089272,-48.089272,-46.089272,noise,none,0.000000,22,1716.964805,713.056138,4.840000,708.216138
1958,-45.117589,-44.212436,-45.212436,-43.212436,informed,none,0.000000,22,1716.964805,724.377850,4.840000,719.537850
1959,-45.045734,-45.559993,-46.559993,-44.559993,noise,none,0.000000,22,1716.964805,725.958662,4.840000,721.118662
1960,-44.179110,-44.908223,-45.908223,-43.908223,informed,none,0.000000,22,1716.964805,745.024386,4.840000,740.184386
1961,-42.731977,-43.356528,-44.356528,-42.356528,noise,none,0.000000,22,1716.964805,776.861300,4.840000,772.021300
1962,-42.608251,-42.062647,-43.062647,-41.062647,informed,none,0.000000,22,1716.964805,779.583280,4.840000,774.743280
1963,-42.642153,-45.080387,-46.080387,-44.080387,noise,none,0.000000,22,1716.964805,778.837431,4.840000,773.997431
1964,-41.526099,-39.119633,-40.119633,-38.119633,informed,sell_to_mm,-40.119633,23,1757.084438,801.984160,5.290000,796.694160
1965,-40.554104,-38.557989,-39.557989,-37.557989,noise,none,0.000000,23,1757.084438,824.340045,5.290000,819.050045
1966,-39.575342,-38.293797,-39.293797,-37.293797,informed,sell_to_mm,-39.293797,24,1796.378235,846.570031,5.760000,840.810031
1967,-38.192145,-40.339777,-41.339777,-39.339777,noise,buy_from_mm,-39.339777,23,1757.038458,878.619113,5.290000,873.329113
1968,-37.741360,-39.340134,-40.340134,-38.340134,informed,buy_from_mm,-38.340134,22,1718.698324,888.388394,4.840000,883.548394
1969,-38.742756,-37.347753,-38.347753,-36.347753,noise,buy_from_mm,-36.347753,21,1682.350571,868.752702,4.410000,864.342702
1970,-39.256797,-36.317234,-37.317234,-35.317234,noise,none,0.000000,21,1682.350571,857.957827,4.410000,853.547827
1971,-39.094117,-37.989513,-38.989513,-36.989513,noise,none,0.000000,21,1682.350571,861.374107,4.410000,856.964107
1972,-38.467929,-42.781015,-43.781015,-41.781015,informed,buy_from_mm,-41.781015,20,1640.569556,871.210986,4.000000,867.210986
1973,-38.121282,-42.225446,-43.225446,-41.225446,informed,buy_from_mm,-41.225446,19,1599.344110,875.039750,3.610000,871.429750
1974,-37.733696,-36.806240,-37.806240,-35.806240,informed,none,0.000000,19,1599.344110,882.403893,3.610000,878.793893
1975,-39.313114,-37.733271,-38.733271,-36.733271,noise,none,0.000000,19,1599.344110,852.394953,3.610000,848.784953
1976,-39.067661,-40.087900,-41.087900,-39.087900,informed,buy_from_mm,-39.087900,18,1560.256211,857.038307,3.240000,853.798307
1977,-38.703697,-41.253894,-42.253894,-40.253894,noise,none,0.000000,18,1560.256211,863.589672,3.240000,860.349672
1978,-38.095089,-37.241536,-38.241536,-36.241536,informed,none,0.000000,18,1560.256211,874.544609,3.240000,871.304609
1979,-39.496188,-41.829942,-42.829942,-40.829942,noise,none,0.000000,18,1560.256211,849.324825,3.240000,846.084825
1980,-40.831786,-40.991019,-41.991019,-39.991019,noise,none,0.000000,18,1560.256211,825.284054,3.240000,822.044054
1981,-39.821395,-37.404226,-38.404226,-36.404226,noise,buy_from_mm,-36.404226,17,1523.851985,846.888272,2.890000,843.998272
1982,-38.468634,-39.531003,-40.531003,-38.531003,noise,none,0.000000,17,1523.851985,869.885211,2.890000,866.995211
1983,-39.107284,-40.719507,-41.719507,-39.719507,noise,none,0.000000,17,1523.851985,859.028155,2.890000,856.138155
1984,-41.094284,-39.375488,-40.375488,-38.375488,noise,none,0.000000,17,1523.851985,825.249163,2.890000,822.359163
1985,-42.023135,-41.454258,-42.454258,-40.454258,noise,none,0.000000,17,1523.851985,809.458687,2.890000,806.568687
1986,-42.774705,-43.445397,-44.445397,-42.445397,noise,none,0.000000,17,1523.851985,796.682003,2.890000,793.792003
1987,-42.472036,-41.890671,-42.890671,-40.890671,noise,sell_to_mm,-42.890671,18,1566.742655,802.246010,3.240000,799.006010
1988,-43.294871,-42.542225,-43.542225,-41.542225,noise,buy_from_mm,-41.542225,17,1525.200431,789.187625,2.890000,786.297625
1989,-41.597781,-45.199421,-46.199421,-44.199421,noise,none,0.000000,17,1525.200431,818.038147,2.890000,815.148147
1990,-43.380109,-42.660141,-43.660141,-41.660141,noise,none,0.000000,17,1525.200431,787.738586,2.890000,784.848586
1991,-42.633133,-39.375719,-40.375719,-38.375719,noise,sell_to_mm,-40.375719,18,1565.576149,798.179754,3.240000,794.939754
1992,-43.212406,-42.806375,-43.806375,-41.806375,informed,none,0.000000,18,1565.576149,787.752844,3.240000,784.512844
1993,-41.561670,-41.780049,-42.780049,-40.780049,informed,none,0.000000,18,1565.576149,817.466098,3.240000,814.226098
1994,-40.835238,-40.931537,-41.931537,-39.931537,noise,none,0.000000,18,1565.576149,830.541862,3.240000,827.301862
1995,-40.975157,-41.058946,-42.058946,-40.058946,noise,buy_from_mm,-40.058946,17,1525.517203,828.939529,2.890000,826.049529
1996,-39.558139,-40.386047,-41.386047,-39.386047,noise,none,0.000000,17,1525.517203,853.028844,2.890000,850.138844
1997,-38.960335,-39.731709,-40.731709,-38.731709,informed,none,0.000000,17,1525.517203,863.191509,2.890000,860.301509
1998,-39.179879,-42.060228,-43.060228,-41.060228,noise,sell_to_mm,-43.060228,18,1568.577431,863.339607,3.240000,860.099607
1999,-39.398882,-40.571947,-41.571947,-39.571947,noise,none,0.000000,18,1568.577431,859.397558,3.240000,856.157558
2000,-42.137559,-41.294298,-42.294298,-40.294298,informed,none,0.000000,18,1568.577431,810.101361,3.240000,806.861361
