t,true_value,signal,bid,ask,trader_type,trade_side,trade_price,inventory,cash,pnl_mark_to_true,inv_penalty,risk_adj_pnl
1,-0.469142,-1.345961,-2.345961,-0.345961,informed,none,0.000000,0,0.000000,0.000000,0.000000,0.000000
2,0.804564,0.192473,-0.807527,1.192473,informed,none,0.000000,0,0.000000,0.000000,0.000000,0.000000
3,-1.435247,-1.729410,-2.729410,-0.729410,informed,none,0.000000,0,0.000000,0.000000,0.000000,0.000000
4,-1.403622,-2.095171,-3.095171,-1.095171,noise,none,0.000000,0,0.000000,0.000000,0.000000,0.000000
5,-3.058731,-2.774855,-3.774855,-1.774855,noise,none,0.000000,0,0.000000,0.000000,0.000000,0.000000
6,-2.396716,-3.189530,-4.189530,-2.189530,noise,none,0.000000,0,0.000000,0.000000,0.000000,0.000000
7,-3.019235,-3.118850,-4.118850,-2.118850,informed,none,0.000000,0,0.000000,0.000000,0.000000,0.000000
8,-3.402578,-2.770579,-3.770579,-1.770579,noise,buy_from_mm,-1.770579,-1,-1.770579,1.631999,0.010000,1.621999
9,-3.409304,-2.710616,-3.710616,-1.710616,noise,none,0.000000,-1,-1.770579,1.638726,0.010000,1.628726
10,-1.601477,-1.087734,-2.087734,-0.087734,noise,none,0.000000,-1,-1.770579,-0.169101,0.010000,-0.179101
11,-2.101668,-2.356878,-3.356878,-1.356878,noise,none,0.000000,-1,-1.770579,0.331089,0.010000,0.321089
12,-1.720878,-1.096765,-2.096765,-0.096765,noise,none,0.000000,-1,-1.770579,-0.049701,0.010000,-0.059701
13,-1.831905,-1.794121,-2.794121,-0.794121,informed,none,0.000000,-1,-1.770579,0.061326,0.010000,0.051326
14,-1.918100,-2.393340,-3.393340,-1.393340,noise,none,0.000000,-1,-1.770579,0.147521,0.010000,0.137521
15,-1.407241,-1.199610,-2.199610,-0.199610,noise,buy_from_mm,-0.199610,-2,-1.970189,0.844294,0.040000,0.804294
16,-2.402970,-2.045203,-3.045203,-1.045203,noise,buy_from_mm,-1.045203,-3,-3.015392,4.193519,0.090000,4.103519
17,-4.300804,-3.998113,-4.998113,-2.998113,noise,none,0.000000,-3,-3.015392,9.887021,0.090000,9.797021
18,-6.190827,-6.077701,-7.077701,-5.077701,noise,none,0.000000,-3,-3.015392,15.557090,0.090000,15.467090
19,-6.442977,-5.427420,-6.427420,-4.427420,informed,sell_to_mm,-6.427420,-2,3.412029,16.297982,0.040000,16.257982
20,-4.380147,-4.549681,-5.549681,-3.549681,informed,none,0.000000,-2,3.412029,12.172322,0.040000,12.132322
21,-5.079669,-3.735602,-4.735602,-2.735602,noise,none,0.000000,-2,3.412029,13.571366,0.040000,13.531366
22,-4.403292,-5.371109,-6.371109,-4.371109,noise,none,0.000000,-2,3.412029,12.218613,0.040000,12.178613
23,-4.203912,-4.201939,-5.201939,-3.201939,informed,none,0.000000,-2,3.412029,11.819852,0.040000,11.779852
24,-4.100752,-4.008929,-5.008929,-3.008929,informed,none,0.000000,-2,3.412029,11.613533,0.040000,11.573533
25,-4.177916,-4.165279,-5.165279,-3.165279,informed,none,0.000000,-2,3.412029,11.767860,0.040000,11.727860
26,-3.486033,-2.996595,-3.996595,-1.996595,informed,none,0.000000,-2,3.412029,10.384095,0.040000,10.344095
27,-2.249884,-1.666083,-2.666083,-0.666083,informed,none,0.000000,-2,3.412029,7.911796,0.040000,7.871796
28,-3.175023,-2.633160,-3.633160,-1.633160,noise,none,0.000000,-2,3.412029,9.762074,0.040000,9.722074
29,-4.231447,-3.507671,-4.507671,-2.507671,informed,none,0.000000,-2,3.412029,11.874922,0.040000,11.834922
30,-1.461441,-1.312186,-2.312186,-0.312186,informed,none,0.000000,-2,3.412029,6.334910,0.040000,6.294910
31,-0.718424,-0.988966,-1.988966,0.011034,informed,none,0.000000,-2,3.412029,4.848877,0.040000,4.808877
32,-1.802266,-1.051319,-2.051319,-0.051319,informed,none,0.000000,-2,3.412029,7.016561,0.040000,6.976561
33,-1.503384,-1.933011,-2.933011,-0.933011,noise,none,0.000000,-2,3.412029,6.418796,0.040000,6.378796
34,-0.497224,-0.940158,-1.940158,0.059842,noise,sell_to_mm,-1.940158,-1,5.352186,5.849410,0.010000,5.839410
35,-0.158823,0.281175,-0.718825,1.281175,noise,sell_to_mm,-0.718825,0,6.071011,6.071011,0.000000,6.071011
36,-1.097605,-2.284787,-3.284787,-1.284787,noise,none,0.000000,0,6.071011,6.071011,0.000000,6.071011
37,-2.690545,-2.647589,-3.647589,-1.647589,informed,none,0.000000,0,6.071011,6.071011,0.000000,6.071011
38,-2.847051,-2.643003,-3.643003,-1.643003,noise,none,0.000000,0,6.071011,6.071011,0.000000,6.071011
39,-2.618229,-3.154634,-4.154634,-2.154634,noise,buy_from_mm,-2.154634,-1,3.916377,6.534606,0.010000,6.524606
40,0.457687,0.421609,-0.578391,1.421609,noise,none,0.000000,-1,3.916377,3.458690,0.010000,3.448690
41,0.712524,0.392693,-0.607307,1.392693,informed,none,0.000000,-1,3.916377,3.203852,0.010000,3.193852
42,2.233806,2.079090,1.079090,3.079090,informed,none,0.000000,-1,3.916377,1.682571,0.010000,1.672571
43,1.948467,2.771835,1.771835,3.771835,informed,none,0.000000,-1,3.916377,1.967910,0.010000,1.957910
44,0.637517,0.528215,-0.471785,1.528215,noise,none,0.000000,-1,3.916377,3.278859,0.010000,3.268859
45,1.222484,0.840900,-0.159100,1.840900,noise,none,0.000000,-1,3.916377,2.693893,0.010000,2.683893
46,1.994254,1.951113,0.951113,2.951113,noise,sell_to_mm,0.951113,0,2.965264,2.965264,0.000000,2.965264
47,1.715696,2.525717,1.525717,3.525717,informed,none,0.000000,0,2.965264,2.965264,0.000000,2.965264
48,2.868491,2.053499,1.053499,3.053499,informed,none,0.000000,0,2.965264,2.965264,0.000000,2.965264
49,2.785980,2.336497,1.336497,3.336497,informed,none,0.000000,0,2.965264,2.965264,0.000000,2.965264
50,3.184246,2.884284,1.884284,3.884284,noise,buy_from_mm,3.884284,-1,6.849548,3.665301,0.010000,3.655301
51,4.362820,4.991036,3.991036,5.991036,informed,none,0.000000,-1,6.849548,2.486727,0.010000,2.476727
52,4.600105,3.475230,2.475230,4.475230,informed,buy_from_mm,4.475230,-2,11.324778,2.124568,0.040000,2.084568
53,5.081245,4.749041,3.749041,5.749041,noise,none,0.000000,-2,11.324778,1.162287,0.040000,1.122287
54,5.865842,6.678420,5.678420,7.678420,noise,none,0.000000,-2,11.324778,-0.406907,0.040000,-0.446907
55,4.393321,4.238588,3.238588,5.238588,informed,none,0.000000,-2,11.324778,2.538136,0.040000,2.498136
56,4.744891,4.811826,3.811826,5.811826,noise,buy_from_mm,5.811826,-3,17.136603,2.901931,0.090000,2.811931
57,3.997147,4.835884,3.835884,5.835884,noise,none,0.000000,-3,17.136603,5.145162,0.090000,5.055162
58,4.615111,4.501439,3.501439,5.501439,noise,none,0.000000,-3,17.136603,3.291271,0.090000,3.201271
59,4.589187,3.703642,2.703642,4.703642,noise,buy_from_mm,4.703642,-4,21.840245,3.483499,0.160000,3.323499
60,4.871201,5.955809,4.955809,6.955809,noise,sell_to_mm,4.955809,-3,16.884436,2.270832,0.090000,2.180832
61,4.425032,4.057949,3.057949,5.057949,noise,buy_from_mm,5.057949,-4,21.942385,4.242257,0.160000,4.082257
62,4.305744,3.810136,2.810136,4.810136,informed,none,0.000000,-4,21.942385,4.719407,0.160000,4.559407
63,4.703947,4.396333,3.396333,5.396333,noise,none,0.000000,-4,21.942385,3.126597,0.160000,2.966597
64,6.677446,7.363443,6.363443,8.363443,noise,none,0.000000,-4,21.942385,-4.767399,0.160000,-4.927399
65,7.540226,7.326079,6.326079,8.326079,informed,none,0.000000,-4,21.942385,-8.218521,0.160000,-8.378521
66,8.326907,8.524871,7.524871,9.524871,informed,none,0.000000,-4,21.942385,-11.365244,0.160000,-11.525244
67,8.262156,9.423363,8.423363,10.423363,noise,none,0.000000,-4,21.942385,-11.106240,0.160000,-11.266240
68,8.357339,8.715135,7.715135,9.715135,noise,buy_from_mm,9.715135,-5,31.657520,-10.129177,0.250000,-10.379177
69,9.431314,8.681633,7.681633,9.681633,noise,none,0.000000,-5,31.657520,-15.499052,0.250000,-15.749052
70,9.470439,8.901175,7.901175,9.901175,informed,none,0.000000,-5,31.657520,-15.694675,0.250000,-15.944675
71,11.278389,11.567134,10.567134,12.567134,noise,none,0.000000,-5,31.657520,-24.734424,0.250000,-24.984424
72,10.616128,10.151174,9.151174,11.151174,noise,none,0.000000,-5,31.657520,-21.423118,0.250000,-21.673118
73,12.358999,11.765950,10.765950,12.765950,noise,none,0.000000,-5,31.657520,-30.137477,0.250000,-30.387477
74,13.494440,12.257348,11.257348,13.257348,noise,buy_from_mm,13.257348,-6,44.914868,-36.051773,0.360000,-36.411773
75,14.330061,14.060289,13.060289,15.060289,noise,none,0.000000,-6,44.914868,-41.065497,0.360000,-41.425497
76,15.641094,15.485014,14.485014,16.485014,informed,none,0.000000,-6,44.914868,-48.931696,0.360000,-49.291696
77,16.692183,17.246167,16.246167,18.246167,informed,none,0.000000,-6,44.914868,-55.238229,0.360000,-55.598229
78,16.495606,16.591661,15.591661,17.591661,informed,none,0.000000,-6,44.914868,-54.058770,0.360000,-54.418770
79,17.011025,16.560197,15.560197,17.560197,noise,none,0.000000,-6,44.914868,-57.151283,0.360000,-57.511283
80,16.422712,16.740494,15.740494,17.740494,noise,buy_from_mm,17.740494,-7,62.655362,-52.303625,0.490000,-52.793625
81,17.216265,17.184143,16.184143,18.184143,noise,none,0.000000,-7,62.655362,-57.858495,0.490000,-58.348495
82,17.800298,17.922162,16.922162,18.922162,informed,none,0.000000,-7,62.655362,-61.946725,0.490000,-62.436725
83,17.185180,17.283161,16.283161,18.283161,informed,none,0.000000,-7,62.655362,-57.640895,0.490000,-58.130895
84,17.188174,16.949895,15.949895,17.949895,noise,none,0.000000,-7,62.655362,-57.661858,0.490000,-58.151858
85,17.438023,17.854304,16.854304,18.854304,noise,none,0.000000,-7,62.655362,-59.410798,0.490000,-59.900798
86,16.905293,16.891980,15.891980,17.891980,noise,none,0.000000,-7,62.655362,-55.681690,0.490000,-56.171690
87,15.050771,14.500065,13.500065,15.500065,noise,none,0.000000,-7,62.655362,-42.700035,0.490000,-43.190035
88,15.656450,15.431754,14.431754,16.431754,noise,sell_to_mm,14.431754,-6,48.223608,-45.715093,0.360000,-46.075093
89,14.471898,13.997151,12.997151,14.997151,noise,none,0.000000,-6,48.223608,-38.607778,0.360000,-38.967778
90,15.078362,15.310083,14.310083,16.310083,informed,none,0.000000,-6,48.223608,-42.246563,0.360000,-42.606563
91,15.409169,15.189397,14.189397,16.189397,noise,none,0.000000,-6,48.223608,-44.231404,0.360000,-44.591404
92,15.885806,15.370935,14.370935,16.370935,noise,none,0.000000,-6,48.223608,-47.091225,0.360000,-47.451225
93,15.033806,14.816619,13.816619,15.816619,informed,none,0.000000,-6,48.223608,-41.979231,0.360000,-42.339231
94,15.305946,15.822636,14.822636,16.822636,noise,none,0.000000,-6,48.223608,-43.612066,0.360000,-43.972066
95,16.878771,16.563519,15.563519,17.563519,informed,none,0.000000,-6,48.223608,-53.049021,0.360000,-53.409021
96,17.063274,17.239668,16.239668,18.239668,noise,none,0.000000,-6,48.223608,-54.156038,0.360000,-54.516038
97,15.154221,14.950519,13.950519,15.950519,noise,sell_to_mm,13.950519,-5,34.273089,-41.498016,0.250000,-41.748016
98,14.953241,14.192766,13.192766,15.192766,informed,none,0.000000,-5,34.273089,-40.493117,0.250000,-40.743117
99,14.597463,14.715709,13.715709,15.715709,noise,none,0.000000,-5,34.273089,-38.714225,0.250000,-38.964225
100,15.329592,15.717329,14.717329,16.717329,noise,sell_to_mm,14.717329,-4,19.555760,-41.762607,0.160000,-41.922607
101,15.381382,15.159960,14.159960,16.159960,noise,sell_to_mm,14.159960,-3,5.395800,-40.748346,0.090000,-40.838346
102,15.359672,15.282725,14.282725,16.282725,noise,none,0.000000,-3,5.395800,-40.683217,0.090000,-40.773217
103,14.911081,14.429111,13.429111,15.429111,informed,none,0.000000,-3,5.395800,-39.337444,0.090000,-39.427444
104,14.169843,13.666284,12.666284,14.666284,informed,none,0.000000,-3,5.395800,-37.113729,0.090000,-37.203729
105,14.182687,14.669971,13.669971,15.669971,informed,none,0.000000,-3,5.395800,-37.152262,0.090000,-37.242262
106,13.819747,14.185607,13.185607,15.185607,informed,none,0.000000,-3,5.395800,-36.063441,0.090000,-36.153441
107,14.619192,15.251039,14.251039,16.251039,noise,none,0.000000,-3,5.395800,-38.461775,0.090000,-38.551775
108,14.951867,14.800079,13.800079,15.800079,noise,none,0.000000,-3,5.395800,-39.459801,0.090000,-39.549801
109,14.031597,12.897562,11.897562,13.897562,noise,none,0.000000,-3,5.395800,-36.698990,0.090000,-36.788990
110,14.536062,13.807831,12.807831,14.807831,noise,none,0.000000,-3,5.395800,-38.212387,0.090000,-38.302387
111,12.586198,12.330259,11.330259,13.330259,informed,none,0.000000,-3,5.395800,-32.362793,0.090000,-32.452793
112,11.746412,11.283710,10.283710,12.283710,noise,none,0.000000,-3,5.395800,-29.843437,0.090000,-29.933437
113,9.991547,8.826960,7.826960,9.826960,noise,none,0.000000,-3,5.395800,-24.578839,0.090000,-24.668839
114,8.391767,7.961234,6.961234,8.961234,noise,none,0.000000,-3,5.395800,-19.779500,0.090000,-19.869500
115,9.176894,8.546409,7.546409,9.546409,noise,buy_from_mm,9.546409,-4,14.942209,-21.765365,0.160000,-21.925365
116,9.379832,9.202865,8.202865,10.202865,informed,none,0.000000,-4,14.942209,-22.577118,0.160000,-22.737118
117,9.162197,9.272209,8.272209,10.272209,informed,none,0.000000,-4,14.942209,-21.706578,0.160000,-21.866578
118,9.206245,9.369223,8.369223,10.369223,informed,none,0.000000,-4,14.942209,-21.882772,0.160000,-22.042772
119,8.440538,8.740792,7.740792,9.740792,informed,none,0.000000,-4,14.942209,-18.819942,0.160000,-18.979942
120,8.761761,9.513511,8.513511,10.513511,informed,none,0.000000,-4,14.942209,-20.104834,0.160000,-20.264834
121,7.671028,7.626663,6.626663,8.626663,noise,sell_to_mm,6.626663,-3,8.315547,-14.697536,0.090000,-14.787536
122,8.157459,7.871432,6.871432,8.871432,noise,none,0.000000,-3,8.315547,-16.156829,0.090000,-16.246829
123,7.917918,7.697888,6.697888,8.697888,informed,none,0.000000,-3,8.315547,-15.438208,0.090000,-15.528208
124,7.188269,6.910294,5.910294,7.910294,noise,none,0.000000,-3,8.315547,-13.249260,0.090000,-13.339260
125,7.024639,7.136318,6.136318,8.136318,noise,none,0.000000,-3,8.315547,-12.758370,0.090000,-12.848370
126,8.213322,8.355589,7.355589,9.355589,noise,sell_to_mm,7.355589,-2,0.959958,-15.466687,0.040000,-15.506687
127,8.346455,7.855850,6.855850,8.855850,informed,none,0.000000,-2,0.959958,-15.732952,0.040000,-15.772952
128,7.763643,7.916639,6.916639,8.916639,informed,none,0.000000,-2,0.959958,-14.567328,0.040000,-14.607328
129,7.506735,8.209850,7.209850,9.209850,noise,none,0.000000,-2,0.959958,-14.053512,0.040000,-14.093512
130,7.902460,7.767082,6.767082,8.767082,noise,none,0.000000,-2,0.959958,-14.844963,0.040000,-14.884963
131,8.422651,8.061651,7.061651,9.061651,informed,none,0.000000,-2,0.959958,-15.885344,0.040000,-15.925344
132,9.344812,9.439392,8.439392,10.439392,noise,none,0.000000,-2,0.959958,-17.729666,0.040000,-17.769666
133,9.983466,9.024223,8.024223,10.024223,noise,none,0.000000,-2,0.959958,-19.006974,0.040000,-19.046974
134,10.232583,10.284985,9.284985,11.284985,noise,sell_to_mm,9.284985,-1,-8.325028,-18.557610,0.010000,-18.567610
135,10.283708,10.202776,9.202776,11.202776,noise,sell_to_mm,9.202776,0,-17.527804,-17.527804,0.000000,-17.527804
136,9.789857,10.498954,9.498954,11.498954,noise,buy_from_mm,11.498954,-1,-6.028850,-15.818707,0.010000,-15.828707
137,9.433470,8.344386,7.344386,9.344386,informed,buy_from_mm,9.344386,-2,3.315536,-15.551404,0.040000,-15.591404
138,9.553767,9.843799,8.843799,10.843799,noise,none,0.000000,-2,3.315536,-15.791997,0.040000,-15.831997
139,9.528292,10.133859,9.133859,11.133859,informed,none,0.000000,-2,3.315536,-15.741048,0.040000,-15.781048
140,9.112211,8.708769,7.708769,9.708769,noise,none,0.000000,-2,3.315536,-14.908886,0.040000,-14.948886
141,9.563922,9.711821,8.711821,10.711821,noise,none,0.000000,-2,3.315536,-15.812309,0.040000,-15.852309
142,9.745820,9.390185,8.390185,10.390185,noise,none,0.000000,-2,3.315536,-16.176105,0.040000,-16.216105
143,8.985239,9.971905,8.971905,10.971905,informed,none,0.000000,-2,3.315536,-14.654943,0.040000,-14.694943
144,8.875142,9.146920,8.146920,10.146920,informed,none,0.000000,-2,3.315536,-14.434747,0.040000,-14.474747
145,9.178071,9.308332,8.308332,10.308332,informed,none,0.000000,-2,3.315536,-15.040605,0.040000,-15.080605
146,10.070653,10.673283,9.673283,11.673283,informed,none,0.000000,-2,3.315536,-16.825769,0.040000,-16.865769
147,9.095133,7.806684,6.806684,8.806684,noise,none,0.000000,-2,3.315536,-14.874730,0.040000,-14.914730
148,8.728554,8.180031,7.180031,9.180031,noise,sell_to_mm,7.180031,-1,-3.864495,-12.593049,0.010000,-12.603049
149,8.951775,9.048056,8.048056,10.048056,informed,none,0.000000,-1,-3.864495,-12.816270,0.010000,-12.826270
150,10.321992,10.547711,9.547711,11.547711,noise,none,0.000000,-1,-3.864495,-14.186487,0.010000,-14.196487
151,11.534982,11.259645,10.259645,12.259645,noise,none,0.000000,-1,-3.864495,-15.399477,0.010000,-15.409477
152,12.145634,11.709949,10.709949,12.709949,informed,none,0.000000,-1,-3.864495,-16.010130,0.010000,-16.020130
153,13.076121,13.114054,12.114054,14.114054,noise,none,0.000000,-1,-3.864495,-16.940616,0.010000,-16.950616
154,11.581450,12.110087,11.110087,13.110087,noise,sell_to_mm,11.110087,0,-14.974582,-14.974582,0.000000,-14.974582
155,12.624938,11.675837,10.675837,12.675837,noise,none,0.000000,0,-14.974582,-14.974582,0.000000,-14.974582
156,12.199192,12.416418,11.416418,13.416418,informed,none,0.000000,0,-14.974582,-14.974582,0.000000,-14.974582
157,12.669829,12.144639,11.144639,13.144639,noise,buy_from_mm,13.144639,-1,-1.829943,-14.499772,0.010000,-14.509772
158,13.351803,13.258160,12.258160,14.258160,informed,none,0.000000,-1,-1.829943,-15.181746,0.010000,-15.191746
159,13.925172,14.304948,13.304948,15.304948,noise,buy_from_mm,15.304948,-2,13.475005,-14.375339,0.040000,-14.415339
160,12.414473,12.462448,11.462448,13.462448,noise,none,0.000000,-2,13.475005,-11.353942,0.040000,-11.393942
161,12.164662,11.765336,10.765336,12.765336,informed,none,0.000000,-2,13.475005,-10.854318,0.040000,-10.894318
162,11.346863,11.455715,10.455715,12.455715,noise,none,0.000000,-2,13.475005,-9.218721,0.040000,-9.258721
163,10.410414,9.902342,8.902342,10.902342,informed,none,0.000000,-2,13.475005,-7.345822,0.040000,-7.385822
164,8.379514,7.832515,6.832515,8.832515,noise,buy_from_mm,8.832515,-3,22.307520,-2.831023,0.090000,-2.921023
165,8.285136,9.087030,8.087030,10.087030,noise,none,0.000000,-3,22.307520,-2.547889,0.090000,-2.637889
166,7.523091,7.268491,6.268491,8.268491,noise,none,0.000000,-3,22.307520,-0.261752,0.090000,-0.351752
167,6.882465,7.794957,6.794957,8.794957,informed,none,0.000000,-3,22.307520,1.660125,0.090000,1.570125
168,8.197255,9.100221,8.100221,10.100221,noise,none,0.000000,-3,22.307520,-2.284244,0.090000,-2.374244
169,9.617907,9.815181,8.815181,10.815181,informed,none,0.000000,-3,22.307520,-6.546200,0.090000,-6.636200
170,10.190312,8.902132,7.902132,9.902132,informed,buy_from_mm,9.902132,-4,32.209652,-8.551595,0.160000,-8.711595
171,10.933939,10.780572,9.780572,11.780572,informed,none,0.000000,-4,32.209652,-11.526105,0.160000,-11.686105
172,11.652941,11.350520,10.350520,12.350520,noise,buy_from_mm,12.350520,-5,44.560172,-13.704533,0.250000,-13.954533
173,11.279666,11.619801,10.619801,12.619801,informed,none,0.000000,-5,44.560172,-11.838160,0.250000,-12.088160
174,10.396110,10.142153,9.142153,11.142153,informed,none,0.000000,-5,44.560172,-7.420378,0.250000,-7.670378
175,9.410806,10.082636,9.082636,11.082636,informed,none,0.000000,-5,44.560172,-2.493856,0.250000,-2.743856
176,9.926201,9.189891,8.189891,10.189891,informed,none,0.000000,-5,44.560172,-5.070833,0.250000,-5.320833
177,9.184745,9.290735,8.290735,10.290735,informed,none,0.000000,-5,44.560172,-1.363553,0.250000,-1.613553
178,7.765114,7.953991,6.953991,8.953991,informed,none,0.000000,-5,44.560172,5.734604,0.250000,5.484604
179,7.880218,7.963747,6.963747,8.963747,informed,none,0.000000,-5,44.560172,5.159081,0.250000,4.909081
180,7.168569,6.299609,5.299609,7.299609,informed,none,0.000000,-5,44.560172,8.717328,0.250000,8.467328
181,8.001495,7.152273,6.152273,8.152273,noise,none,0.000000,-5,44.560172,4.552698,0.250000,4.302698
182,9.265822,9.318589,8.318589,10.318589,noise,none,0.000000,-5,44.560172,-1.768938,0.250000,-2.018938
183,10.194375,10.074017,9.074017,11.074017,informed,none,0.000000,-5,44.560172,-6.411701,0.250000,-6.661701
184,10.890877,11.194440,10.194440,12.194440,noise,none,0.000000,-5,44.560172,-9.894213,0.250000,-10.144213
185,9.523526,8.920189,7.920189,9.920189,noise,none,0.000000,-5,44.560172,-3.057456,0.250000,-3.307456
186,9.651614,10.817696,9.817696,11.817696,noise,none,0.000000,-5,44.560172,-3.697897,0.250000,-3.947897
187,10.515916,10.069471,9.069471,11.069471,informed,none,0.000000,-5,44.560172,-8.019409,0.250000,-8.269409
188,9.296200,9.315874,8.315874,10.315874,noise,buy_from_mm,10.315874,-6,54.876046,-0.901154,0.360000,-1.261154
189,8.813966,9.298962,8.298962,10.298962,noise,sell_to_mm,8.298962,-5,46.577084,2.507252,0.250000,2.257252
190,5.840373,5.290931,4.290931,6.290931,noise,none,0.000000,-5,46.577084,17.375222,0.250000,17.125222
191,6.557257,6.365699,5.365699,7.365699,noise,none,0.000000,-5,46.577084,13.790801,0.250000,13.540801
192,5.977287,6.058624,5.058624,7.058624,noise,buy_from_mm,7.058624,-6,53.635708,17.771987,0.360000,17.411987
193,5.788189,5.976651,4.976651,6.976651,informed,none,0.000000,-6,53.635708,18.906575,0.360000,18.546575
194,4.668340,5.058473,4.058473,6.058473,informed,none,0.000000,-6,53.635708,25.625671,0.360000,25.265671
195,4.568925,4.165105,3.165105,5.165105,noise,buy_from_mm,5.165105,-7,58.800813,26.818335,0.490000,26.328335
196,3.031628,3.382110,2.382110,4.382110,informed,none,0.000000,-7,58.800813,37.579418,0.490000,37.089418
197,2.466666,2.130347,1.130347,3.130347,noise,none,0.000000,-7,58.800813,41.534149,0.490000,41.044149
198,1.683701,1.447191,0.447191,2.447191,noise,none,0.000000,-7,58.800813,47.014903,0.490000,46.524903
199,1.089994,0.018749,-0.981251,1.018749,informed,buy_from_mm,1.018749,-8,59.819562,51.099610,0.640000,50.459610
200,1.082845,1.118073,0.118073,2.118073,noise,none,0.000000,-8,59.819562,51.156801,0.640000,50.516801
201,0.995505,1.334901,0.334901,2.334901,informed,none,0.000000,-8,59.819562,51.855519,0.640000,51.215519
202,0.883743,0.375887,-0.624113,1.375887,noise,none,0.000000,-8,59.819562,52.749616,0.640000,52.109616
203,2.561194,2.089254,1.089254,3.089254,noise,none,0.000000,-8,59.819562,39.330008,0.640000,38.690008
204,3.186798,2.618191,1.618191,3.618191,noise,none,0.000000,-8,59.819562,34.325178,0.640000,33.685178
205,3.713884,3.196486,2.196486,4.196486,noise,none,0.000000,-8,59.819562,30.108493,0.640000,29.468493
206,6.086241,5.388687,4.388687,6.388687,informed,none,0.000000,-8,59.819562,11.129638,0.640000,10.489638
207,5.398721,5.019637,4.019637,6.019637,noise,none,0.000000,-8,59.819562,16.629797,0.640000,15.989797
208,5.703655,6.104465,5.104465,7.104465,informed,none,0.000000,-8,59.819562,14.190318,0.640000,13.550318
209,5.785133,5.115108,4.115108,6.115108,informed,none,0.000000,-8,59.819562,13.538495,0.640000,12.898495
210,5.026308,5.383131,4.383131,6.383131,informed,none,0.000000,-8,59.819562,19.609102,0.640000,18.969102
211,3.487411,3.412911,2.412911,4.412911,informed,none,0.000000,-8,59.819562,31.920275,0.640000,31.280275
212,4.062899,5.263926,4.263926,6.263926,informed,sell_to_mm,4.263926,-7,55.555636,27.115341,0.490000,26.625341
213,5.280756,6.420246,5.420246,7.420246,informed,sell_to_mm,5.420246,-6,50.135390,18.450855,0.360000,18.090855
214,4.718556,4.932261,3.932261,5.932261,noise,none,0.000000,-6,50.135390,21.824057,0.360000,21.464057
215,3.061842,3.393874,2.393874,4.393874,noise,sell_to_mm,2.393874,-5,47.741516,32.432304,0.250000,32.182304
216,2.748633,2.867045,1.867045,3.867045,informed,none,0.000000,-5,47.741516,33.998352,0.250000,33.748352
217,3.456984,1.894399,0.894399,2.894399,noise,none,0.000000,-5,47.741516,30.456596,0.250000,30.206596
218,2.519296,2.435905,1.435905,3.435905,informed,none,0.000000,-5,47.741516,35.145037,0.250000,34.895037
219,3.280422,2.889614,1.889614,3.889614,informed,none,0.000000,-5,47.741516,31.339405,0.250000,31.089405
220,2.252255,2.787851,1.787851,3.787851,informed,none,0.000000,-5,47.741516,36.480243,0.250000,36.230243
221,0.820243,0.450350,-0.549650,1.450350,noise,buy_from_mm,1.450350,-6,49.191866,44.270411,0.360000,43.910411
222,-0.535357,0.050429,-0.949571,1.050429,informed,none,0.000000,-6,49.191866,52.404008,0.360000,52.044008
223,0.340914,0.293448,-0.706552,1.293448,noise,none,0.000000,-6,49.191866,47.146383,0.360000,46.786383
224,-0.863140,-0.984385,-1.984385,0.015615,noise,sell_to_mm,-1.984385,-5,51.176251,55.491952,0.250000,55.241952
225,-1.673740,-2.462403,-3.462403,-1.462403,informed,none,0.000000,-5,51.176251,59.544953,0.250000,59.294953
226,-2.441756,-2.171561,-3.171561,-1.171561,informed,none,0.000000,-5,51.176251,63.385030,0.250000,63.135030
227,-2.262341,-2.610618,-3.610618,-1.610618,noise,none,0.000000,-5,51.176251,62.487957,0.250000,62.237957
228,-2.294493,-2.411758,-3.411758,-1.411758,informed,none,0.000000,-5,51.176251,62.648718,0.250000,62.398718
229,-0.598978,-0.809251,-1.809251,0.190749,noise,none,0.000000,-5,51.176251,54.171143,0.250000,53.921143
230,1.161650,0.810597,-0.189403,1.810597,informed,none,0.000000,-5,51.176251,45.368001,0.250000,45.118001
231,2.078155,2.135116,1.135116,3.135116,informed,none,0.000000,-5,51.176251,40.785475,0.250000,40.535475
232,2.451764,2.635172,1.635172,3.635172,noise,buy_from_mm,3.635172,-6,54.811424,40.100837,0.360000,39.740837
233,1.283036,1.406172,0.406172,2.406172,noise,none,0.000000,-6,54.811424,47.113207,0.360000,46.753207
234,0.818077,0.843530,-0.156470,1.843530,noise,none,0.000000,-6,54.811424,49.902963,0.360000,49.542963
235,0.392823,0.477088,-0.522912,1.477088,noise,none,0.000000,-6,54.811424,52.454488,0.360000,52.094488
236,-0.910853,-0.915086,-1.915086,0.084914,noise,none,0.000000,-6,54.811424,60.276544,0.360000,59.916544
237,-0.704608,-1.371771,-2.371771,-0.371771,noise,none,0.000000,-6,54.811424,59.039073,0.360000,58.679073
238,-0.878323,-1.693347,-2.693347,-0.693347,noise,none,0.000000,-6,54.811424,60.081362,0.360000,59.721362
239,-2.199869,-2.432173,-3.432173,-1.432173,noise,sell_to_mm,-3.432173,-5,58.243597,69.242941,0.250000,68.992941
240,-2.679242,-2.521868,-3.521868,-1.521868,noise,sell_to_mm,-3.521868,-4,61.765465,72.482432,0.160000,72.322432
241,-3.116802,-3.351516,-4.351516,-2.351516,informed,none,0.000000,-4,61.765465,74.232672,0.160000,74.072672
242,-3.398996,-4.803536,-5.803536,-3.803536,noise,buy_from_mm,-3.803536,-5,57.961929,74.956907,0.250000,74.706907
243,-3.342653,-3.105433,-4.105433,-2.105433,noise,none,0.000000,-5,57.961929,74.675193,0.250000,74.425193
244,-4.184437,-3.870512,-4.870512,-2.870512,noise,none,0.000000,-5,57.961929,78.884115,0.250000,78.634115
245,-5.738570,-5.358881,-6.358881,-4.358881,informed,none,0.000000,-5,57.961929,86.654781,0.250000,86.404781
246,-6.266805,-6.148581,-7.148581,-5.148581,noise,none,0.000000,-5,57.961929,89.295953,0.250000,89.045953
247,-6.575519,-6.975412,-7.975412,-5.975412,noise,buy_from_mm,-5.975412,-6,51.986517,91.439633,0.360000,91.079633
248,-6.512001,-7.466104,-8.466104,-6.466104,noise,none,0.000000,-6,51.986517,91.058521,0.360000,90.698521
249,-7.232545,-7.602125,-8.602125,-6.602125,noise,sell_to_mm,-8.602125,-5,60.588642,96.751369,0.250000,96.501369
250,-7.155945,-6.611082,-7.611082,-5.611082,informed,none,0.000000,-5,60.588642,96.368367,0.250000,96.118367
251,-6.873152,-6.809639,-7.809639,-5.809639,noise,none,0.000000,-5,60.588642,94.954400,0.250000,94.704400
252,-7.666032,-7.420599,-8.420599,-6.420599,noise,sell_to_mm,-8.420599,-4,69.009240,99.673367,0.160000,99.513367
253,-9.081547,-8.750337,-9.750337,-7.750337,noise,buy_from_mm,-7.750337,-5,61.258903,106.666637,0.250000,106.416637
254,-9.245289,-9.061074,-10.061074,-8.061074,noise,none,0.000000,-5,61.258903,107.485349,0.250000,107.235349
255,-10.239474,-9.722102,-10.722102,-8.722102,informed,none,0.000000,-5,61.258903,112.456274,0.250000,112.206274
256,-11.732139,-12.403729,-13.403729,-11.403729,noise,sell_to_mm,-13.403729,-4,74.662632,121.591190,0.160000,121.431190
257,-10.089021,-9.411866,-10.411866,-8.411866,informed,none,0.000000,-4,74.662632,115.018715,0.160000,114.858715
258,-8.968757,-8.922249,-9.922249,-7.922249,noise,sell_to_mm,-9.922249,-3,84.584881,111.491153,0.090000,111.401153
259,-9.114231,-9.248293,-10.248293,-8.248293,informed,none,0.000000,-3,84.584881,111.927574,0.090000,111.837574
260,-8.820035,-9.421437,-10.421437,-8.421437,noise,none,0.000000,-3,84.584881,111.044987,0.090000,110.954987
261,-8.085937,-8.399629,-9.399629,-7.399629,noise,none,0.000000,-3,84.584881,108.842692,0.090000,108.752692
262,-8.000411,-7.745856,-8.745856,-6.745856,informed,none,0.000000,-3,84.584881,108.586113,0.090000,108.496113
263,-8.288975,-7.912632,-8.912632,-6.912632,informed,none,0.000000,-3,84.584881,109.451805,0.090000,109.361805
264,-8.836055,-8.387863,-9.387863,-7.387863,noise,none,0.000000,-3,84.584881,111.093046,0.090000,111.003046
265,-8.346097,-8.546367,-9.546367,-7.546367,informed,none,0.000000,-3,84.584881,109.623173,0.090000,109.533173
266,-10.249718,-10.835823,-11.835823,-9.835823,noise,sell_to_mm,-11.835823,-2,96.420704,116.920141,0.040000,116.880141
267,-10.192405,-10.126798,-11.126798,-9.126798,noise,none,0.000000,-2,96.420704,116.805514,0.040000,116.765514
268,-8.263857,-8.414190,-9.414190,-7.414190,noise,buy_from_mm,-7.414190,-3,89.006514,113.798085,0.090000,113.708085
269,-9.130540,-8.823908,-9.823908,-7.823908,informed,none,0.000000,-3,89.006514,116.398133,0.090000,116.308133
270,-9.928527,-9.125457,-10.125457,-8.125457,noise,none,0.000000,-3,89.006514,118.792094,0.090000,118.702094
271,-8.100308,-8.439354,-9.439354,-7.439354,informed,none,0.000000,-3,89.006514,113.307438,0.090000,113.217438
272,-6.754213,-6.843773,-7.843773,-5.843773,informed,none,0.000000,-3,89.006514,109.269154,0.090000,109.179154
273,-6.335770,-5.480434,-6.480434,-4.480434,informed,none,0.000000,-3,89.006514,108.013823,0.090000,107.923823
274,-5.066380,-5.087661,-6.087661,-4.087661,informed,none,0.000000,-3,89.006514,104.205654,0.090000,104.115654
275,-4.351339,-3.675559,-4.675559,-2.675559,informed,none,0.000000,-3,89.006514,102.060529,0.090000,101.970529
276,-4.028089,-4.294787,-5.294787,-3.294787,noise,none,0.000000,-3,89.006514,101.090780,0.090000,101.000780
277,-5.198130,-5.647749,-6.647749,-4.647749,informed,none,0.000000,-3,89.006514,104.600903,0.090000,104.510903
278,-5.153614,-4.276105,-5.276105,-3.276105,noise,none,0.000000,-3,89.006514,104.467356,0.090000,104.377356
279,-3.591614,-2.785054,-3.785054,-1.785054,noise,buy_from_mm,-1.785054,-4,87.221459,101.587914,0.160000,101.427914
280,-2.901259,-3.389369,-4.389369,-2.389369,noise,sell_to_mm,-4.389369,-3,91.610828,100.314604,0.090000,100.224604
281,-4.075439,-4.385627,-5.385627,-3.385627,noise,sell_to_mm,-5.385627,-2,96.996455,105.147333,0.040000,105.107333
282,-4.090227,-3.072250,-4.072250,-2.072250,noise,none,0.000000,-2,96.996455,105.176909,0.040000,105.136909
283,-2.949554,-3.278463,-4.278463,-2.278463,noise,none,0.000000,-2,96.996455,102.895563,0.040000,102.855563
284,-3.069024,-3.388516,-4.388516,-2.388516,noise,none,0.000000,-2,96.996455,103.134503,0.040000,103.094503
285,-3.151553,-2.211750,-3.211750,-1.211750,noise,none,0.000000,-2,96.996455,103.299562,0.040000,103.259562
286,-4.923765,-4.311731,-5.311731,-3.311731,noise,none,0.000000,-2,96.996455,106.843986,0.040000,106.803986
287,-6.863308,-7.382585,-8.382585,-6.382585,noise,none,0.000000,-2,96.996455,110.723071,0.040000,110.683071
288,-5.813714,-5.624239,-6.624239,-4.624239,noise,none,0.000000,-2,96.996455,108.623883,0.040000,108.583883
289,-4.608224,-3.416886,-4.416886,-2.416886,informed,sell_to_mm,-4.416886,-1,101.413341,106.021565,0.010000,106.011565
290,-5.702117,-5.041052,-6.041052,-4.041052,noise,none,0.000000,-1,101.413341,107.115458,0.010000,107.105458
291,-6.651452,-7.235391,-8.235391,-6.235391,noise,buy_from_mm,-6.235391,-2,95.177950,108.480854,0.040000,108.440854
292,-4.851266,-4.842806,-5.842806,-3.842806,informed,none,0.000000,-2,95.177950,104.880482,0.040000,104.840482
293,-3.972571,-3.541194,-4.541194,-2.541194,informed,none,0.000000,-2,95.177950,103.123092,0.040000,103.083092
294,-3.384684,-3.616822,-4.616822,-2.616822,informed,none,0.000000,-2,95.177950,101.947317,0.040000,101.907317
295,-2.829526,-2.565288,-3.565288,-1.565288,noise,none,0.000000,-2,95.177950,100.837001,0.040000,100.797001
296,-2.842836,-2.399700,-3.399700,-1.399700,noise,none,0.000000,-2,95.177950,100.863622,0.040000,100.823622
297,-2.417002,-2.286534,-3.286534,-1.286534,noise,buy_from_mm,-1.286534,-3,93.891416,101.142421,0.090000,101.052421
298,-2.776934,-2.318548,-3.318548,-1.318548,informed,none,0.000000,-3,93.891416,102.222218,0.090000,102.132218
299,-3.080263,-3.802696,-4.802696,-2.802696,noise,none,0.000000,-3,93.891416,103.132206,0.090000,103.042206
300,-3.256050,-2.825438,-3.825438,-1.825438,informed,none,0.000000,-3,93.891416,103.659565,0.090000,103.569565
301,-3.169232,-3.750998,-4.750998,-2.750998,informed,none,0.000000,-3,93.891416,103.399112,0.090000,103.309112
302,-3.688698,-3.853311,-4.853311,-2.853311,noise,none,0.000000,-3,93.891416,104.957511,0.090000,104.867511
303,-3.837843,-3.786538,-4.786538,-2.786538,informed,none,0.000000,-3,93.891416,105.404945,0.090000,105.314945
304,-5.227999,-5.480704,-6.480704,-4.480704,informed,none,0.000000,-3,93.891416,109.575414,0.090000,109.485414
305,-5.978178,-6.961558,-7.961558,-5.961558,informed,none,0.000000,-3,93.891416,111.825951,0.090000,111.735951
306,-6.986816,-6.888245,-7.888245,-5.888245,noise,none,0.000000,-3,93.891416,114.851864,0.090000,114.761864
307,-8.886429,-8.635207,-9.635207,-7.635207,informed,none,0.000000,-3,93.891416,120.550704,0.090000,120.460704
308,-9.001165,-8.865226,-9.865226,-7.865226,noise,none,0.000000,-3,93.891416,120.894911,0.090000,120.804911
309,-10.438792,-10.777369,-11.777369,-9.777369,noise,buy_from_mm,-9.777369,-4,84.114047,125.869213,0.160000,125.709213
310,-11.114547,-10.401476,-11.401476,-9.401476,informed,none,0.000000,-4,84.114047,128.572233,0.160000,128.412233
311,-11.695218,-11.702524,-12.702524,-10.702524,noise,none,0.000000,-4,84.114047,130.894920,0.160000,130.734920
312,-12.395703,-12.395381,-13.395381,-11.395381,informed,none,0.000000,-4,84.114047,133.696858,0.160000,133.536858
313,-12.380258,-12.309045,-13.309045,-11.309045,noise,none,0.000000,-4,84.114047,133.635077,0.160000,133.475077
314,-11.563279,-11.366888,-12.366888,-10.366888,informed,none,0.000000,-4,84.114047,130.367161,0.160000,130.207161
315,-11.443360,-11.297701,-12.297701,-10.297701,noise,none,0.000000,-4,84.114047,129.887486,0.160000,129.727486
316,-10.107627,-10.198219,-11.198219,-9.198219,noise,none,0.000000,-4,84.114047,124.544556,0.160000,124.384556
317,-9.802213,-8.776976,-9.776976,-7.776976,noise,sell_to_mm,-9.776976,-3,93.891023,123.297661,0.090000,123.207661
318,-9.773745,-9.928431,-10.928431,-8.928431,informed,none,0.000000,-3,93.891023,123.212257,0.090000,123.122257
319,-10.355831,-10.173739,-11.173739,-9.173739,informed,none,0.000000,-3,93.891023,124.958516,0.090000,124.868516
320,-10.102632,-11.227418,-12.227418,-10.227418,informed,buy_from_mm,-10.227418,-4,83.663605,124.074131,0.160000,123.914131
321,-12.245483,-11.897403,-12.897403,-10.897403,noise,none,0.000000,-4,83.663605,132.645536,0.160000,132.485536
322,-10.568838,-10.678835,-11.678835,-9.678835,noise,none,0.000000,-4,83.663605,125.938959,0.160000,125.778959
323,-11.733066,-11.651043,-12.651043,-10.651043,noise,none,0.000000,-4,83.663605,130.595870,0.160000,130.435870
324,-12.801438,-13.737206,-14.737206,-12.737206,noise,none,0.000000,-4,83.663605,134.869356,0.160000,134.709356
325,-11.905091,-12.308039,-13.308039,-11.308039,informed,none,0.000000,-4,83.663605,131.283970,0.160000,131.123970
326,-12.546266,-13.660332,-14.660332,-12.660332,noise,none,0.000000,-4,83.663605,133.848669,0.160000,133.688669
327,-12.249978,-11.949015,-12.949015,-10.949015,informed,none,0.000000,-4,83.663605,132.663517,0.160000,132.503517
328,-12.580300,-12.173156,-13.173156,-11.173156,informed,none,0.000000,-4,83.663605,133.984806,0.160000,133.824806
329,-11.907579,-11.592458,-12.592458,-10.592458,noise,none,0.000000,-4,83.663605,131.293922,0.160000,131.133922
330,-11.931428,-12.193086,-13.193086,-11.193086,informed,none,0.000000,-4,83.663605,131.389319,0.160000,131.229319
331,-13.387758,-13.598855,-14.598855,-12.598855,noise,none,0.000000,-4,83.663605,137.214637,0.160000,137.054637
332,-14.463681,-15.080691,-16.080691,-14.080691,informed,none,0.000000,-4,83.663605,141.518331,0.160000,141.358331
333,-13.782006,-14.272925,-15.272925,-13.272925,noise,none,0.000000,-4,83.663605,138.791630,0.160000,138.631630
334,-13.898571,-14.112626,-15.112626,-13.112626,noise,none,0.000000,-4,83.663605,139.257889,0.160000,139.097889
335,-14.269432,-13.811585,-14.811585,-12.811585,noise,buy_from_mm,-12.811585,-5,70.852020,142.199178,0.250000,141.949178
336,-14.633074,-14.578085,-15.578085,-13.578085,noise,none,0.000000,-5,70.852020,144.017391,0.250000,143.767391
337,-15.915273,-15.681291,-16.681291,-14.681291,noise,none,0.000000,-5,70.852020,150.428384,0.250000,150.178384
338,-18.094707,-17.398212,-18.398212,-16.398212,informed,none,0.000000,-5,70.852020,161.325553,0.250000,161.075553
339,-18.146406,-17.270779,-18.270779,-16.270779,informed,none,0.000000,-5,70.852020,161.584051,0.250000,161.334051
340,-18.221178,-19.179589,-20.179589,-18.179589,noise,buy_from_mm,-18.179589,-6,52.672431,161.999497,0.360000,161.639497
341,-18.236643,-18.595932,-19.595932,-17.595932,noise,none,0.000000,-6,52.672431,162.092291,0.360000,161.732291
342,-19.590504,-19.406032,-20.406032,-18.406032,noise,none,0.000000,-6,52.672431,170.215457,0.360000,169.855457
343,-20.046035,-20.247464,-21.247464,-19.247464,informed,none,0.000000,-6,52.672431,172.948644,0.360000,172.588644
344,-19.846968,-20.305678,-21.305678,-19.305678,informed,none,0.000000,-6,52.672431,171.754238,0.360000,171.394238
345,-21.601450,-21.723585,-22.723585,-20.723585,informed,none,0.000000,-6,52.672431,182.281131,0.360000,181.921131
346,-19.581300,-20.107742,-21.107742,-19.107742,informed,none,0.000000,-6,52.672431,170.160232,0.360000,169.800232
347,-20.066673,-20.099876,-21.099876,-19.099876,informed,none,0.000000,-6,52.672431,173.072467,0.360000,172.712467
348,-20.875179,-21.699206,-22.699206,-20.699206,informed,none,0.000000,-6,52.672431,177.923507,0.360000,177.563507
349,-23.087295,-22.951061,-23.951061,-21.951061,noise,buy_from_mm,-21.951061,-7,30.721370,192.332432,0.490000,191.842432
350,-21.272417,-21.275179,-22.275179,-20.275179,informed,none,0.000000,-7,30.721370,179.628290,0.490000,179.138290
351,-20.999052,-20.716160,-21.716160,-19.716160,informed,none,0.000000,-7,30.721370,177.714732,0.490000,177.224732
352,-20.302760,-20.998942,-21.998942,-19.998942,informed,none,0.000000,-7,30.721370,172.840687,0.490000,172.350687
353,-18.721965,-19.710933,-20.710933,-18.710933,informed,none,0.000000,-7,30.721370,161.775123,0.490000,161.285123
354,-17.682338,-18.259940,-19.259940,-17.259940,informed,none,0.000000,-7,30.721370,154.497735,0.490000,154.007735
355,-16.215972,-15.572776,-16.572776,-14.572776,informed,none,0.000000,-7,30.721370,144.233177,0.490000,143.743177
356,-16.532067,-16.261752,-17.261752,-15.261752,informed,none,0.000000,-7,30.721370,146.445836,0.490000,145.955836
357,-14.615494,-14.496031,-15.496031,-13.496031,noise,sell_to_mm,-15.496031,-6,46.217400,133.910365,0.360000,133.550365
358,-14.005144,-13.554569,-14.554569,-12.554569,informed,none,0.000000,-6,46.217400,130.248264,0.360000,129.888264
359,-13.891203,-14.235266,-15.235266,-13.235266,noise,sell_to_mm,-15.235266,-5,61.452666,130.908681,0.250000,130.658681
360,-13.078869,-13.808552,-14.808552,-12.808552,informed,none,0.000000,-5,61.452666,126.847011,0.250000,126.597011
361,-14.492249,-13.868660,-14.868660,-12.868660,informed,none,0.000000,-5,61.452666,133.913912,0.250000,133.663912
362,-13.757491,-14.102771,-15.102771,-13.102771,informed,none,0.000000,-5,61.452666,130.240122,0.250000,129.990122
363,-15.728307,-15.498289,-16.498289,-14.498289,informed,none,0.000000,-5,61.452666,140.094201,0.250000,139.844201
364,-16.107437,-15.912675,-16.912675,-14.912675,noise,none,0.000000,-5,61.452666,141.989853,0.250000,141.739853
365,-15.916043,-15.275611,-16.275611,-14.275611,informed,none,0.000000,-5,61.452666,141.032881,0.250000,140.782881
366,-15.910536,-16.543839,-17.543839,-15.543839,informed,none,0.000000,-5,61.452666,141.005348,0.250000,140.755348
367,-17.861170,-17.903371,-18.903371,-16.903371,noise,sell_to_mm,-18.903371,-4,80.356037,151.800718,0.160000,151.640718
368,-17.419994,-16.810849,-17.810849,-15.810849,informed,none,0.000000,-4,80.356037,150.036014,0.160000,149.876014
369,-16.683227,-16.740901,-17.740901,-15.740901,informed,none,0.000000,-4,80.356037,147.088944,0.160000,146.928944
370,-17.326089,-17.909805,-18.909805,-16.909805,noise,sell_to_mm,-18.909805,-3,99.265842,151.244109,0.090000,151.154109
371,-16.336222,-16.378136,-17.378136,-15.378136,noise,none,0.000000,-3,99.265842,148.274509,0.090000,148.184509
372,-16.282086,-16.231480,-17.231480,-15.231480,informed,none,0.000000,-3,99.265842,148.112099,0.090000,148.022099
373,-15.981862,-15.981232,-16.981232,-14.981232,noise,buy_from_mm,-14.981232,-4,84.284610,148.212057,0.160000,148.052057
374,-16.660184,-16.324212,-17.324212,-15.324212,informed,none,0.000000,-4,84.284610,150.925345,0.160000,150.765345
375,-15.941309,-16.834947,-17.834947,-15.834947,noise,none,0.000000,-4,84.284610,148.049846,0.160000,147.889846
376,-16.067227,-16.567428,-17.567428,-15.567428,noise,none,0.000000,-4,84.284610,148.553518,0.160000,148.393518
377,-15.622250,-15.852963,-16.852963,-14.852963,noise,buy_from_mm,-14.852963,-5,69.431648,147.542895,0.250000,147.292895
378,-15.877522,-15.860175,-16.860175,-14.860175,informed,none,0.000000,-5,69.431648,148.819258,0.250000,148.569258
379,-16.521278,-16.241042,-17.241042,-15.241042,noise,none,0.000000,-5,69.431648,152.038038,0.250000,151.788038
380,-18.676122,-18.109686,-19.109686,-17.109686,informed,none,0.000000,-5,69.431648,162.812255,0.250000,162.562255
381,-16.747665,-16.655076,-17.655076,-15.655076,noise,none,0.000000,-5,69.431648,153.169972,0.250000,152.919972
382,-16.507888,-15.974117,-16.974117,-14.974117,noise,none,0.000000,-5,69.431648,151.971086,0.250000,151.721086
383,-17.055703,-16.779935,-17.779935,-15.779935,noise,buy_from_mm,-15.779935,-6,53.651713,155.985930,0.360000,155.625930
384,-17.696565,-17.876111,-18.876111,-16.876111,informed,none,0.000000,-6,53.651713,159.831104,0.360000,159.471104
385,-18.369733,-18.429813,-19.429813,-17.429813,noise,buy_from_mm,-17.429813,-7,36.221900,164.810034,0.490000,164.320034
386,-18.692898,-18.942022,-19.942022,-17.942022,noise,none,0.000000,-7,36.221900,167.072188,0.490000,166.582188
387,-18.232959,-18.294250,-19.294250,-17.294250,informed,none,0.000000,-7,36.221900,163.852614,0.490000,163.362614
388,-18.020865,-17.893380,-18.893380,-16.893380,informed,none,0.000000,-7,36.221900,162.367952,0.490000,161.877952
389,-18.570210,-18.932196,-19.932196,-17.932196,informed,none,0.000000,-7,36.221900,166.213371,0.490000,165.723371
390,-19.676698,-19.757437,-20.757437,-18.757437,noise,none,0.000000,-7,36.221900,173.958782,0.490000,173.468782
391,-19.032348,-18.755381,-19.755381,-17.755381,informed,none,0.000000,-7,36.221900,169.448337,0.490000,168.958337
392,-17.356747,-17.335492,-18.335492,-16.335492,noise,buy_from_mm,-16.335492,-8,19.886408,158.740381,0.640000,158.100381
393,-16.299774,-16.149291,-17.149291,-15.149291,noise,none,0.000000,-8,19.886408,150.284598,0.640000,149.644598
394,-15.250881,-15.383449,-16.383449,-14.383449,noise,none,0.000000,-8,19.886408,141.893456,0.640000,141.253456
395,-14.886000,-14.780423,-15.780423,-13.780423,informed,none,0.000000,-8,19.886408,138.974410,0.640000,138.334410
396,-13.702164,-14.224059,-15.224059,-13.224059,informed,none,0.000000,-8,19.886408,129.503716,0.640000,128.863716
397,-11.791196,-11.201309,-12.201309,-10.201309,noise,none,0.000000,-8,19.886408,114.215975,0.640000,113.575975
398,-12.670579,-12.469506,-13.469506,-11.469506,noise,sell_to_mm,-13.469506,-7,33.355913,122.049966,0.490000,121.559966
399,-12.051523,-12.847669,-13.847669,-11.847669,noise,sell_to_mm,-13.847669,-6,47.203582,119.512721,0.360000,119.152721
400,-12.490620,-12.853266,-13.853266,-11.853266,noise,buy_from_mm,-11.853266,-7,35.350316,122.784659,0.490000,122.294659
401,-13.271875,-13.445100,-14.445100,-12.445100,noise,none,0.000000,-7,35.350316,128.253439,0.490000,127.763439
402,-14.244915,-14.335442,-15.335442,-13.335442,informed,none,0.000000,-7,35.350316,135.064724,0.490000,134.574724
403,-15.229324,-15.169076,-16.169076,-14.169076,noise,none,0.000000,-7,35.350316,141.955586,0.490000,141.465586
404,-14.189426,-14.253882,-15.253882,-13.253882,noise,none,0.000000,-7,35.350316,134.676301,0.490000,134.186301
405,-13.910791,-15.297557,-16.297557,-14.297557,informed,buy_from_mm,-14.297557,-8,21.052760,132.339088,0.640000,131.699088
406,-14.342775,-12.828050,-13.828050,-11.828050,noise,buy_from_mm,-11.828050,-9,9.224710,138.309689,0.810000,137.499689
407,-12.562189,-12.335670,-13.335670,-11.335670,informed,none,0.000000,-9,9.224710,122.284415,0.810000,121.474415
408,-13.396592,-12.902863,-13.902863,-11.902863,noise,buy_from_mm,-11.902863,-10,-2.678152,131.287766,1.000000,130.287766
409,-13.778424,-13.656714,-14.656714,-12.656714,noise,none,0.000000,-10,-2.678152,135.106093,1.000000,134.106093
410,-14.846471,-14.785491,-15.785491,-13.785491,informed,none,0.000000,-10,-2.678152,145.786562,1.000000,144.786562
411,-15.465719,-15.566789,-16.566789,-14.566789,informed,none,0.000000,-10,-2.678152,151.979034,1.000000,150.979034
412,-15.030957,-14.818136,-15.818136,-13.818136,informed,none,0.000000,-10,-2.678152,147.631416,1.000000,146.631416
413,-16.280337,-15.674076,-16.674076,-14.674076,noise,none,0.000000,-10,-2.678152,160.125216,1.000000,159.125216
414,-17.679857,-17.496306,-18.496306,-16.496306,noise,none,0.000000,-10,-2.678152,174.120413,1.000000,173.120413
415,-17.565798,-17.043904,-18.043904,-16.043904,informed,none,0.000000,-10,-2.678152,172.979824,1.000000,171.979824
416,-18.379865,-19.031225,-20.031225,-18.031225,informed,none,0.000000,-10,-2.678152,181.120500,1.000000,180.120500
417,-19.775180,-20.167271,-21.167271,-19.167271,informed,none,0.000000,-10,-2.678152,195.073652,1.000000,194.073652
418,-20.823878,-20.753280,-21.753280,-19.753280,noise,none,0.000000,-10,-2.678152,205.560629,1.000000,204.560629
419,-22.239782,-21.749618,-22.749618,-20.749618,noise,none,0.000000,-10,-2.678152,219.719669,1.000000,218.719669
420,-23.265865,-23.866770,-24.866770,-22.866770,noise,none,0.000000,-10,-2.678152,229.980497,1.000000,228.980497
421,-24.374198,-24.961948,-25.961948,-23.961948,noise,none,0.000000,-10,-2.678152,241.063826,1.000000,240.063826
422,-24.605514,-23.610808,-24.610808,-22.610808,informed,none,0.000000,-10,-2.678152,243.376986,1.000000,242.376986
423,-26.113557,-26.735253,-27.735253,-25.735253,noise,none,0.000000,-10,-2.678152,258.457419,1.000000,257.457419
424,-25.805357,-26.238478,-27.238478,-25.238478,informed,none,0.000000,-10,-2.678152,255.375415,1.000000,254.375415
425,-24.968929,-25.248920,-26.248920,-24.248920,informed,none,0.000000,-10,-2.678152,247.011135,1.000000,246.011135
426,-23.565136,-24.464387,-25.464387,-23.464387,informed,none,0.000000,-10,-2.678152,232.973207,1.000000,231.973207
427,-22.975212,-23.338529,-24.338529,-22.338529,noise,none,0.000000,-10,-2.678152,227.073972,1.000000,226.073972
428,-22.773965,-22.821075,-23.821075,-21.821075,noise,none,0.000000,-10,-2.678152,225.061498,1.000000,224.061498
429,-23.351980,-23.906060,-24.906060,-22.906060,informed,none,0.000000,-10,-2.678152,230.841643,1.000000,229.841643
430,-24.929123,-25.213747,-26.213747,-24.213747,noise,none,0.000000,-10,-2.678152,246.613080,1.000000,245.613080
431,-24.372346,-24.275200,-25.275200,-23.275200,noise,none,0.000000,-10,-2.678152,241.045305,1.000000,240.045305
432,-23.900902,-24.141684,-25.141684,-23.141684,noise,none,0.000000,-10,-2.678152,236.330871,1.000000,235.330871
433,-23.161805,-22.761022,-23.761022,-21.761022,informed,none,0.000000,-10,-2.678152,228.939899,1.000000,227.939899
434,-20.388086,-20.126939,-21.126939,-19.126939,noise,none,0.000000,-10,-2.678152,201.202704,1.000000,200.202704
435,-21.000705,-20.934162,-21.934162,-19.934162,noise,none,0.000000,-10,-2.678152,207.328893,1.000000,206.328893
436,-21.668040,-21.516646,-22.516646,-20.516646,noise,none,0.000000,-10,-2.678152,214.002248,1.000000,213.002248
437,-23.156082,-23.140639,-24.140639,-22.140639,informed,none,0.000000,-10,-2.678152,228.882669,1.000000,227.882669
438,-21.139427,-20.734911,-21.734911,-19.734911,noise,none,0.000000,-10,-2.678152,208.716120,1.000000,207.716120
439,-21.574716,-21.255965,-22.255965,-20.255965,noise,none,0.000000,-10,-2.678152,213.069004,1.000000,212.069004
440,-22.065712,-22.385291,-23.385291,-21.385291,informed,none,0.000000,-10,-2.678152,217.978963,1.000000,216.978963
441,-22.823109,-23.285968,-24.285968,-22.285968,informed,none,0.000000,-10,-2.678152,225.552939,1.000000,224.552939
442,-23.456809,-23.629770,-24.629770,-22.629770,noise,none,0.000000,-10,-2.678152,231.889941,1.000000,230.889941
443,-23.079047,-22.953054,-23.953054,-21.953054,informed,none,0.000000,-10,-2.678152,228.112319,1.000000,227.112319
444,-23.379561,-22.927650,-23.927650,-21.927650,informed,none,0.000000,-10,-2.678152,231.117459,1.000000,230.117459
445,-24.184357,-23.549813,-24.549813,-22.549813,informed,none,0.000000,-10,-2.678152,239.165419,1.000000,238.165419
446,-21.847882,-22.147005,-23.147005,-21.147005,informed,none,0.000000,-10,-2.678152,215.800668,1.000000,214.800668
447,-21.240532,-21.499296,-22.499296,-20.499296,informed,none,0.000000,-10,-2.678152,209.727163,1.000000,208.727163
448,-22.815217,-23.402894,-24.402894,-22.402894,noise,none,0.000000,-10,-2.678152,225.474014,1.000000,224.474014
449,-24.734833,-25.140809,-26.140809,-24.140809,informed,none,0.000000,-10,-2.678152,244.670173,1.000000,243.670173
450,-23.873767,-23.920377,-24.920377,-22.920377,noise,none,0.000000,-10,-2.678152,236.059516,1.000000,235.059516
451,-24.415184,-24.344387,-25.344387,-23.344387,informed,none,0.000000,-10,-2.678152,241.473686,1.000000,240.473686
452,-23.994706,-24.320004,-25.320004,-23.320004,informed,none,0.000000,-10,-2.678152,237.268909,1.000000,236.268909
453,-23.504635,-24.460152,-25.460152,-23.460152,noise,none,0.000000,-10,-2.678152,232.368201,1.000000,231.368201
454,-22.184383,-22.334149,-23.334149,-21.334149,noise,none,0.000000,-10,-2.678152,219.165682,1.000000,218.165682
455,-20.986046,-20.993992,-21.993992,-19.993992,noise,sell_to_mm,-21.993992,-9,19.315840,208.190257,0.810000,207.380257
456,-19.992670,-20.058030,-21.058030,-19.058030,noise,buy_from_mm,-19.058030,-10,0.257810,200.184512,1.000000,199.184512
457,-18.040642,-17.467485,-18.467485,-16.467485,informed,none,0.000000,-10,0.257810,180.664227,1.000000,179.664227
458,-17.998677,-18.283725,-19.283725,-17.283725,noise,none,0.000000,-10,0.257810,180.244582,1.000000,179.244582
459,-17.839015,-17.162438,-18.162438,-16.162438,noise,none,0.000000,-10,0.257810,178.647961,1.000000,177.647961
460,-17.698783,-18.474817,-19.474817,-17.474817,noise,none,0.000000,-10,0.257810,177.245641,1.000000,176.245641
461,-17.406628,-17.889204,-18.889204,-16.889204,informed,none,0.000000,-10,0.257810,174.324087,1.000000,173.324087
462,-16.396049,-16.534448,-17.534448,-15.534448,noise,none,0.000000,-10,0.257810,164.218298,1.000000,163.218298
463,-15.700722,-14.799860,-15.799860,-13.799860,informed,none,0.000000,-10,0.257810,157.265026,1.000000,156.265026
464,-15.194796,-15.079154,-16.079154,-14.079154,noise,sell_to_mm,-16.079154,-9,16.336963,153.090131,0.810000,152.280131
465,-15.040742,-15.103635,-16.103635,-14.103635,noise,none,0.000000,-9,16.336963,151.703639,0.810000,150.893639
466,-13.729943,-13.181366,-14.181366,-12.181366,noise,sell_to_mm,-14.181366,-8,30.518329,140.357875,0.640000,139.717875
467,-14.382984,-14.305052,-15.305052,-13.305052,informed,none,0.000000,-8,30.518329,145.582200,0.640000,144.942200
468,-14.443447,-15.050560,-16.050560,-14.050560,noise,buy_from_mm,-14.050560,-9,16.467769,146.458788,0.810000,145.648788
469,-13.232508,-13.074322,-14.074322,-12.074322,informed,none,0.000000,-9,16.467769,135.560341,0.810000,134.750341
470,-13.210770,-13.381271,-14.381271,-12.381271,noise,none,0.000000,-9,16.467769,135.364700,0.810000,134.554700
471,-12.847451,-12.474289,-13.474289,-11.474289,informed,none,0.000000,-9,16.467769,132.094828,0.810000,131.284828
472,-13.335450,-14.414109,-15.414109,-13.414109,noise,none,0.000000,-9,16.467769,136.486819,0.810000,135.676819
473,-11.536852,-10.988191,-11.988191,-9.988191,noise,none,0.000000,-9,16.467769,120.299440,0.810000,119.489440
474,-11.383749,-11.010476,-12.010476,-10.010476,noise,none,0.000000,-9,16.467769,118.921513,0.810000,118.111513
475,-12.510942,-11.412378,-12.412378,-10.412378,informed,sell_to_mm,-12.412378,-8,28.880147,128.967684,0.640000,128.327684
476,-13.552997,-14.076662,-15.076662,-13.076662,informed,none,0.000000,-8,28.880147,137.304120,0.640000,136.664120
477,-13.140454,-13.063122,-14.063122,-12.063122,noise,sell_to_mm,-14.063122,-7,42.943269,134.926445,0.490000,134.436445
478,-13.819697,-13.577698,-14.577698,-12.577698,informed,none,0.000000,-7,42.943269,139.681147,0.490000,139.191147
479,-12.296494,-11.966949,-12.966949,-10.966949,noise,sell_to_mm,-12.966949,-6,55.910218,129.689182,0.360000,129.329182
480,-12.231512,-13.217368,-14.217368,-12.217368,noise,none,0.000000,-6,55.910218,129.299290,0.360000,128.939290
481,-12.349584,-12.373499,-13.373499,-11.373499,informed,none,0.000000,-6,55.910218,130.007720,0.360000,129.647720
482,-11.717734,-12.251859,-13.251859,-11.251859,informed,none,0.000000,-6,55.910218,126.216621,0.360000,125.856621
483,-10.337218,-10.051598,-11.051598,-9.051598,noise,none,0.000000,-6,55.910218,117.933527,0.360000,117.573527
484,-11.986709,-12.246592,-13.246592,-11.246592,informed,none,0.000000,-6,55.910218,127.830472,0.360000,127.470472
485,-11.526541,-11.296809,-12.296809,-10.296809,informed,none,0.000000,-6,55.910218,125.069466,0.360000,124.709466
486,-12.832369,-13.393077,-14.393077,-12.393077,informed,none,0.000000,-6,55.910218,132.904432,0.360000,132.544432
487,-12.427570,-12.291051,-13.291051,-11.291051,noise,none,0.000000,-6,55.910218,130.475639,0.360000,130.115639
488,-12.008858,-11.847165,-12.847165,-10.847165,noise,none,0.000000,-6,55.910218,127.963367,0.360000,127.603367
489,-12.045710,-11.103902,-12.103902,-10.103902,informed,none,0.000000,-6,55.910218,128.184475,0.360000,127.824475
490,-12.097975,-12.816847,-13.816847,-11.816847,noise,none,0.000000,-6,55.910218,128.498070,0.360000,128.138070
491,-12.185515,-11.908298,-12.908298,-10.908298,informed,none,0.000000,-6,55.910218,129.023305,0.360000,128.663305
492,-12.053148,-11.864607,-12.864607,-10.864607,noise,none,0.000000,-6,55.910218,128.229107,0.360000,127.869107
493,-13.509038,-13.567835,-14.567835,-12.567835,noise,none,0.000000,-6,55.910218,136.964444,0.360000,136.604444
494,-12.089167,-13.207625,-14.207625,-12.207625,noise,sell_to_mm,-14.207625,-5,70.117842,130.563676,0.250000,130.313676
495,-11.781645,-11.927191,-12.927191,-10.927191,informed,none,0.000000,-5,70.117842,129.026068,0.250000,128.776068
496,-11.916687,-11.611818,-12.611818,-10.611818,noise,sell_to_mm,-12.611818,-4,82.729660,130.396407,0.160000,130.236407
497,-11.188778,-10.749169,-11.749169,-9.749169,noise,buy_from_mm,-9.749169,-5,72.980491,128.924383,0.250000,128.674383
498,-11.437240,-11.059355,-12.059355,-10.059355,noise,none,0.000000,-5,72.980491,130.166693,0.250000,129.916693
499,-10.939917,-11.343511,-12.343511,-10.343511,noise,none,0.000000,-5,72.980491,127.680074,0.250000,127.430074
500,-11.533395,-11.369465,-12.369465,-10.369465,noise,none,0.000000,-5,72.980491,130.647468,0.250000,130.397468
501,-11.941862,-11.195798,-12.195798,-10.195798,informed,none,0.000000,-5,72.980491,132.689801,0.250000,132.439801
502,-11.235587,-11.140629,-12.140629,-10.140629,noise,sell_to_mm,-12.140629,-4,85.121121,130.063469,0.160000,129.903469
503,-10.858110,-10.632373,-11.632373,-9.632373,noise,none,0.000000,-4,85.121121,128.553562,0.160000,128.393562
504,-9.524818,-9.253935,-10.253935,-8.253935,noise,none,0.000000,-4,85.121121,123.220391,0.160000,123.060391
505,-9.821289,-9.171295,-10.171295,-8.171295,noise,none,0.000000,-4,85.121121,124.406278,0.160000,124.246278
506,-10.426044,-10.731290,-11.731290,-9.731290,noise,sell_to_mm,-11.731290,-3,96.852410,128.130542,0.090000,128.040542
507,-10.008677,-9.896792,-10.896792,-8.896792,noise,buy_from_mm,-8.896792,-4,87.955618,127.990325,0.160000,127.830325
508,-10.120455,-8.952099,-9.952099,-7.952099,informed,sell_to_mm,-9.952099,-3,97.907717,128.269082,0.090000,128.179082
509,-10.272764,-11.028353,-12.028353,-10.028353,informed,none,0.000000,-3,97.907717,128.726010,0.090000,128.636010
510,-11.003870,-10.847137,-11.847137,-9.847137,noise,none,0.000000,-3,97.907717,130.919328,0.090000,130.829328
511,-11.128750,-11.351528,-12.351528,-10.351528,noise,none,0.000000,-3,97.907717,131.293968,0.090000,131.203968
512,-10.507037,-10.448743,-11.448743,-9.448743,informed,none,0.000000,-3,97.907717,129.428828,0.090000,129.338828
513,-9.743105,-10.784515,-11.784515,-9.784515,informed,buy_from_mm,-9.784515,-4,88.123202,127.095620,0.160000,126.935620
514,-10.244913,-10.217443,-11.217443,-9.217443,informed,none,0.000000,-4,88.123202,129.102856,0.160000,128.942856
515,-11.122050,-11.877156,-12.877156,-10.877156,informed,none,0.000000,-4,88.123202,132.611401,0.160000,132.451401
516,-12.035355,-11.814526,-12.814526,-10.814526,noise,none,0.000000,-4,88.123202,136.264622,0.160000,136.104622
517,-12.733996,-13.292788,-14.292788,-12.292788,noise,none,0.000000,-4,88.123202,139.059187,0.160000,138.899187
518,-12.398676,-12.260117,-13.260117,-11.260117,noise,none,0.000000,-4,88.123202,137.717907,0.160000,137.557907
519,-11.725408,-11.833072,-12.833072,-10.833072,noise,buy_from_mm,-10.833072,-5,77.290131,135.917169,0.250000,135.667169
520,-12.536460,-13.288735,-14.288735,-12.288735,noise,none,0.000000,-5,77.290131,139.972432,0.250000,139.722432
521,-12.810286,-12.788799,-13.788799,-11.788799,informed,none,0.000000,-5,77.290131,141.341558,0.250000,141.091558
522,-12.344291,-12.310651,-13.310651,-11.310651,noise,buy_from_mm,-11.310651,-6,65.979479,140.045224,0.360000,139.685224
523,-12.320009,-12.439882,-13.439882,-11.439882,noise,none,0.000000,-6,65.979479,139.899534,0.360000,139.539534
524,-11.574441,-12.236173,-13.236173,-11.236173,noise,sell_to_mm,-13.236173,-5,79.215652,137.087857,0.250000,136.837857
525,-12.465074,-13.040409,-14.040409,-12.040409,noise,none,0.000000,-5,79.215652,141.541022,0.250000,141.291022
526,-13.005660,-12.296405,-13.296405,-11.296405,informed,none,0.000000,-5,79.215652,144.243951,0.250000,143.993951
527,-13.637234,-13.844728,-14.844728,-12.844728,informed,none,0.000000,-5,79.215652,147.401823,0.250000,147.151823
528,-13.933139,-13.430224,-14.430224,-12.430224,noise,none,0.000000,-5,79.215652,148.881348,0.250000,148.631348
529,-13.498522,-14.393067,-15.393067,-13.393067,noise,none,0.000000,-5,79.215652,146.708264,0.250000,146.458264
530,-13.952846,-13.996070,-14.996070,-12.996070,informed,none,0.000000,-5,79.215652,148.979882,0.250000,148.729882
531,-14.280502,-15.248099,-16.248099,-14.248099,informed,none,0.000000,-5,79.215652,150.618161,0.250000,150.368161
532,-15.318085,-15.339761,-16.339761,-14.339761,noise,none,0.000000,-5,79.215652,155.806079,0.250000,155.556079
533,-15.355160,-15.617002,-16.617002,-14.617002,informed,none,0.000000,-5,79.215652,155.991450,0.250000,155.741450
534,-16.484257,-15.873926,-16.873926,-14.873926,noise,none,0.000000,-5,79.215652,161.636940,0.250000,161.386940
535,-16.223064,-15.314718,-16.314718,-14.314718,noise,none,0.000000,-5,79.215652,160.330971,0.250000,160.080971
536,-15.522126,-16.110382,-17.110382,-15.110382,noise,none,0.000000,-5,79.215652,156.826283,0.250000,156.576283
537,-15.998269,-16.153919,-17.153919,-15.153919,noise,none,0.000000,-5,79.215652,159.206998,0.250000,158.956998
538,-17.558053,-17.090245,-18.090245,-16.090245,noise,none,0.000000,-5,79.215652,167.005916,0.250000,166.755916
539,-17.883100,-17.561734,-18.561734,-16.561734,noise,none,0.000000,-5,79.215652,168.631155,0.250000,168.381155
540,-16.543699,-16.375100,-17.375100,-15.375100,informed,none,0.000000,-5,79.215652,161.934146,0.250000,161.684146
541,-15.984465,-16.300790,-17.300790,-15.300790,noise,sell_to_mm,-17.300790,-4,96.516442,160.454303,0.160000,160.294303
542,-15.181808,-14.884702,-15.884702,-13.884702,noise,none,0.000000,-4,96.516442,157.243676,0.160000,157.083676
543,-14.748805,-14.804956,-15.804956,-13.804956,noise,none,0.000000,-4,96.516442,155.511663,0.160000,155.351663
544,-15.465222,-15.604579,-16.604579,-14.604579,informed,none,0.000000,-4,96.516442,158.377332,0.160000,158.217332
545,-15.484901,-15.419522,-16.419522,-14.419522,noise,buy_from_mm,-14.419522,-5,82.096920,159.521427,0.250000,159.271427
546,-15.703430,-15.072197,-16.072197,-14.072197,informed,none,0.000000,-5,82.096920,160.614071,0.250000,160.364071
547,-15.949257,-15.755381,-16.755381,-14.755381,noise,none,0.000000,-5,82.096920,161.843207,0.250000,161.593207
548,-16.002508,-16.059506,-17.059506,-15.059506,noise,none,0.000000,-5,82.096920,162.109460,0.250000,161.859460
549,-16.978542,-17.495697,-18.495697,-16.495697,noise,sell_to_mm,-18.495697,-4,100.592617,168.506786,0.160000,168.346786
550,-16.572574,-16.894601,-17.894601,-15.894601,noise,sell_to_mm,-17.894601,-3,118.487218,168.204941,0.090000,168.114941
551,-17.489294,-16.887948,-17.887948,-15.887948,noise,none,0.000000,-3,118.487218,170.955100,0.090000,170.865100
552,-17.111574,-16.713786,-17.713786,-15.713786,informed,none,0.000000,-3,118.487218,169.821941,0.090000,169.731941
553,-14.424461,-15.200513,-16.200513,-14.200513,noise,none,0.000000,-3,118.487218,161.760600,0.090000,161.670600
554,-15.288126,-15.473222,-16.473222,-14.473222,informed,none,0.000000,-3,118.487218,164.351595,0.090000,164.261595
555,-15.497188,-15.821849,-16.821849,-14.821849,noise,sell_to_mm,-16.821849,-2,135.309068,166.303444,0.040000,166.263444
556,-13.316372,-12.926285,-13.926285,-11.926285,noise,none,0.000000,-2,135.309068,161.941811,0.040000,161.901811
557,-12.195437,-11.799165,-12.799165,-10.799165,noise,sell_to_mm,-12.799165,-1,148.108233,160.303670,0.010000,160.293670
558,-11.838979,-12.602176,-13.602176,-11.602176,informed,none,0.000000,-1,148.108233,159.947212,0.010000,159.937212
559,-10.836411,-10.903152,-11.903152,-9.903152,noise,none,0.000000,-1,148.108233,158.944644,0.010000,158.934644
560,-12.128060,-11.931160,-12.931160,-10.931160,informed,none,0.000000,-1,148.108233,160.236293,0.010000,160.226293
561,-11.995016,-12.468683,-13.468683,-11.468683,noise,buy_from_mm,-11.468683,-2,136.639550,160.629581,0.040000,160.589581
562,-11.963786,-12.470037,-13.470037,-11.470037,noise,none,0.000000,-2,136.639550,160.567122,0.040000,160.527122
563,-11.520790,-11.135740,-12.135740,-10.135740,noise,buy_from_mm,-10.135740,-3,126.503809,161.066180,0.090000,160.976180
564,-12.015666,-12.072230,-13.072230,-11.072230,noise,none,0.000000,-3,126.503809,162.550806,0.090000,162.460806
565,-13.187432,-13.485144,-14.485144,-12.485144,noise,buy_from_mm,-12.485144,-4,114.018665,166.768393,0.160000,166.608393
566,-13.237061,-13.451436,-14.451436,-12.451436,noise,buy_from_mm,-12.451436,-5,101.567229,167.752534,0.250000,167.502534
567,-15.315534,-15.446740,-16.446740,-14.446740,noise,buy_from_mm,-14.446740,-6,87.120489,179.013692,0.360000,178.653692
568,-15.212733,-13.964715,-14.964715,-12.964715,noise,none,0.000000,-6,87.120489,178.396889,0.360000,178.036889
569,-16.141099,-15.865153,-16.865153,-14.865153,informed,none,0.000000,-6,87.120489,183.967082,0.360000,183.607082
570,-15.289100,-15.484134,-16.484134,-14.484134,informed,none,0.000000,-6,87.120489,178.855091,0.360000,178.495091
571,-15.054046,-15.061788,-16.061788,-14.061788,informed,none,0.000000,-6,87.120489,177.444768,0.360000,177.084768
572,-13.484890,-12.467644,-13.467644,-11.467644,informed,sell_to_mm,-13.467644,-5,100.588134,168.012585,0.250000,167.762585
573,-13.675016,-13.625620,-14.625620,-12.625620,informed,none,0.000000,-5,100.588134,168.963214,0.250000,168.713214
574,-14.190110,-13.486837,-14.486837,-12.486837,noise,sell_to_mm,-14.486837,-4,115.074970,171.835410,0.160000,171.675410
575,-14.362585,-14.658088,-15.658088,-13.658088,noise,none,0.000000,-4,115.074970,172.525311,0.160000,172.365311
576,-13.843879,-13.687835,-14.687835,-12.687835,noise,none,0.000000,-4,115.074970,170.450487,0.160000,170.290487
577,-12.642222,-12.725881,-13.725881,-11.725881,informed,none,0.000000,-4,115.074970,165.643860,0.160000,165.483860
578,-11.446386,-10.570062,-11.570062,-9.570062,noise,none,0.000000,-4,115.074970,160.860515,0.160000,160.700515
579,-11.972300,-12.347046,-13.347046,-11.347046,noise,none,0.000000,-4,115.074970,162.964171,0.160000,162.804171
580,-13.159940,-13.161486,-14.161486,-12.161486,informed,none,0.000000,-4,115.074970,167.714728,0.160000,167.554728
581,-14.289080,-14.638410,-15.638410,-13.638410,informed,none,0.000000,-4,115.074970,172.231290,0.160000,172.071290
582,-13.282078,-13.591586,-14.591586,-12.591586,informed,none,0.000000,-4,115.074970,168.203283,0.160000,168.043283
583,-13.031891,-13.630313,-14.630313,-12.630313,noise,none,0.000000,-4,115.074970,167.202534,0.160000,167.042534
584,-14.248364,-13.728651,-14.728651,-12.728651,noise,none,0.000000,-4,115.074970,172.068426,0.160000,171.908426
585,-12.596161,-11.432158,-12.432158,-10.432158,noise,none,0.000000,-4,115.074970,165.459615,0.160000,165.299615
586,-12.669647,-13.363441,-14.363441,-12.363441,noise,none,0.000000,-4,115.074970,165.753560,0.160000,165.593560
587,-12.740398,-13.024593,-14.024593,-12.024593,noise,sell_to_mm,-14.024593,-3,129.099564,167.320757,0.090000,167.230757
588,-14.110656,-13.689071,-14.689071,-12.689071,noise,none,0.000000,-3,129.099564,171.431532,0.090000,171.341532
589,-15.814400,-15.575717,-16.575717,-14.575717,noise,none,0.000000,-3,129.099564,176.542765,0.090000,176.452765
590,-14.830044,-15.522871,-16.522871,-14.522871,informed,none,0.000000,-3,129.099564,173.589697,0.090000,173.499697
591,-15.686060,-15.163573,-16.163573,-14.163573,noise,buy_from_mm,-14.163573,-4,114.935991,177.680231,0.160000,177.520231
592,-14.663814,-14.802777,-15.802777,-13.802777,noise,none,0.000000,-4,114.935991,173.591246,0.160000,173.431246
593,-12.973915,-13.413741,-14.413741,-12.413741,informed,none,0.000000,-4,114.935991,166.831651,0.160000,166.671651
594,-12.539930,-13.802676,-14.802676,-12.802676,noise,buy_from_mm,-12.802676,-5,102.133314,164.832966,0.250000,164.582966
595,-12.363754,-12.314761,-13.314761,-11.314761,informed,none,0.000000,-5,102.133314,163.952084,0.250000,163.702084
596,-13.850133,-14.017157,-15.017157,-13.017157,informed,none,0.000000,-5,102.133314,171.383981,0.250000,171.133981
597,-13.634238,-13.012010,-14.012010,-12.012010,noise,none,0.000000,-5,102.133314,170.304505,0.250000,170.054505
598,-12.034676,-12.144358,-13.144358,-11.144358,noise,none,0.000000,-5,102.133314,162.306696,0.250000,162.056696
599,-11.709351,-11.419869,-12.419869,-10.419869,noise,sell_to_mm,-12.419869,-4,114.553183,161.390585,0.160000,161.230585
600,-11.110355,-11.424289,-12.424289,-10.424289,informed,none,0.000000,-4,114.553183,158.994603,0.160000,158.834603
601,-12.846423,-12.964069,-13.964069,-11.964069,informed,none,0.000000,-4,114.553183,165.938874,0.160000,165.778874
602,-11.917680,-11.879458,-12.879458,-10.879458,informed,none,0.000000,-4,114.553183,162.223901,0.160000,162.063901
603,-13.146583,-12.830991,-13.830991,-11.830991,noise,sell_to_mm,-13.830991,-3,128.384174,167.823921,0.090000,167.733921
604,-14.169226,-13.905851,-14.905851,-12.905851,noise,buy_from_mm,-12.905851,-4,115.478323,172.155229,0.160000,171.995229
605,-11.921549,-12.009745,-13.009745,-11.009745,noise,buy_from_mm,-11.009745,-5,104.468578,164.076323,0.250000,163.826323
606,-11.991378,-12.817126,-13.817126,-11.817126,informed,none,0.000000,-5,104.468578,164.425468,0.250000,164.175468
607,-12.985624,-13.432748,-14.432748,-12.432748,informed,none,0.000000,-5,104.468578,169.396698,0.250000,169.146698
608,-12.465468,-12.430316,-13.430316,-11.430316,noise,none,0.000000,-5,104.468578,166.795918,0.250000,166.545918
609,-12.020092,-12.228908,-13.228908,-11.228908,informed,none,0.000000,-5,104.468578,164.569038,0.250000,164.319038
610,-11.510984,-12.041186,-13.041186,-11.041186,noise,none,0.000000,-5,104.468578,162.023498,0.250000,161.773498
611,-12.510807,-13.444638,-14.444638,-12.444638,noise,none,0.000000,-5,104.468578,167.022612,0.250000,166.772612
612,-12.574323,-12.915658,-13.915658,-11.915658,noise,none,0.000000,-5,104.468578,167.340194,0.250000,167.090194
613,-12.045621,-12.496669,-13.496669,-11.496669,informed,none,0.000000,-5,104.468578,164.696681,0.250000,164.446681
614,-14.128356,-14.538082,-15.538082,-13.538082,informed,none,0.000000,-5,104.468578,175.110358,0.250000,174.860358
615,-13.964790,-12.922424,-13.922424,-11.922424,informed,sell_to_mm,-13.922424,-4,118.391002,174.250164,0.160000,174.090164
616,-15.476556,-14.913650,-15.913650,-13.913650,informed,none,0.000000,-4,118.391002,180.297226,0.160000,180.137226
617,-16.153638,-15.802474,-16.802474,-14.802474,informed,none,0.000000,-4,118.391002,183.005556,0.160000,182.845556
618,-15.825459,-14.799937,-15.799937,-13.799937,informed,sell_to_mm,-15.799937,-3,134.190939,181.667316,0.090000,181.577316
619,-14.891326,-14.788259,-15.788259,-13.788259,noise,none,0.000000,-3,134.190939,178.864915,0.090000,178.774915
620,-15.011787,-15.091945,-16.091945,-14.091945,informed,none,0.000000,-3,134.190939,179.226298,0.090000,179.136298
621,-16.333754,-16.056389,-17.056389,-15.056389,noise,buy_from_mm,-15.056389,-4,119.134550,184.469567,0.160000,184.309567
622,-15.746277,-15.965454,-16.965454,-14.965454,noise,none,0.000000,-4,119.134550,182.119656,0.160000,181.959656
623,-16.162565,-16.174442,-17.174442,-15.174442,informed,none,0.000000,-4,119.134550,183.784808,0.160000,183.624808
624,-15.869458,-15.943407,-16.943407,-14.943407,noise,buy_from_mm,-14.943407,-5,104.191143,183.538432,0.250000,183.288432
625,-17.816425,-16.666443,-17.666443,-15.666443,noise,none,0.000000,-5,104.191143,193.273268,0.250000,193.023268
626,-16.815611,-17.344248,-18.344248,-16.344248,informed,none,0.000000,-5,104.191143,188.269200,0.250000,188.019200
627,-16.394452,-16.332652,-17.332652,-15.332652,noise,none,0.000000,-5,104.191143,186.163404,0.250000,185.913404
628,-14.899830,-14.993661,-15.993661,-13.993661,informed,none,0.000000,-5,104.191143,178.690291,0.250000,178.440291
629,-13.050910,-13.364037,-14.364037,-12.364037,noise,none,0.000000,-5,104.191143,169.445693,0.250000,169.195693
630,-12.797024,-12.292435,-13.292435,-11.292435,noise,none,0.000000,-5,104.191143,168.176263,0.250000,167.926263
631,-12.670992,-12.001406,-13.001406,-11.001406,informed,none,0.000000,-5,104.191143,167.546102,0.250000,167.296102
632,-11.717434,-11.577087,-12.577087,-10.577087,informed,none,0.000000,-5,104.191143,162.778316,0.250000,162.528316
633,-11.495522,-10.896372,-11.896372,-9.896372,noise,none,0.000000,-5,104.191143,161.668755,0.250000,161.418755
634,-11.022855,-11.062720,-12.062720,-10.062720,noise,none,0.000000,-5,104.191143,159.305417,0.250000,159.055417
635,-12.362584,-12.277266,-13.277266,-11.277266,noise,none,0.000000,-5,104.191143,166.004063,0.250000,165.754063
636,-12.923339,-13.284615,-14.284615,-12.284615,noise,none,0.000000,-5,104.191143,168.807837,0.250000,168.557837
637,-12.842911,-12.689873,-13.689873,-11.689873,noise,none,0.000000,-5,104.191143,168.405696,0.250000,168.155696
638,-14.022333,-14.006650,-15.006650,-13.006650,noise,none,0.000000,-5,104.191143,174.302809,0.250000,174.052809
639,-15.725471,-15.334582,-16.334582,-14.334582,informed,none,0.000000,-5,104.191143,182.818498,0.250000,182.568498
640,-15.203450,-15.899996,-16.899996,-14.899996,noise,buy_from_mm,-14.899996,-6,89.291147,180.511849,0.360000,180.151849
641,-14.500803,-14.447607,-15.447607,-13.447607,informed,none,0.000000,-6,89.291147,176.295962,0.360000,175.935962
642,-13.834973,-14.847320,-15.847320,-13.847320,informed,buy_from_mm,-13.847320,-7,75.443827,172.288637,0.490000,171.798637
643,-12.861978,-12.693396,-13.693396,-11.693396,noise,none,0.000000,-7,75.443827,165.477674,0.490000,164.987674
644,-12.382399,-12.257955,-13.257955,-11.257955,noise,none,0.000000,-7,75.443827,162.120623,0.490000,161.630623
645,-11.952875,-12.196006,-13.196006,-11.196006,informed,none,0.000000,-7,75.443827,159.113951,0.490000,158.623951
646,-11.526161,-10.955208,-11.955208,-9.955208,noise,none,0.000000,-7,75.443827,156.126954,0.490000,155.636954
647,-10.597450,-11.107185,-12.107185,-10.107185,informed,none,0.000000,-7,75.443827,149.625974,0.490000,149.135974
648,-12.426850,-12.981178,-13.981178,-11.981178,noise,none,0.000000,-7,75.443827,162.431775,0.490000,161.941775
649,-13.580336,-14.285098,-15.285098,-13.285098,informed,none,0.000000,-7,75.443827,170.506182,0.490000,170.016182
650,-15.113748,-14.932081,-15.932081,-13.932081,informed,none,0.000000,-7,75.443827,181.240066,0.490000,180.750066
651,-14.930869,-15.076581,-16.076581,-14.076581,noise,none,0.000000,-7,75.443827,179.959908,0.490000,179.469908
652,-12.402556,-12.563808,-13.563808,-11.563808,noise,none,0.000000,-7,75.443827,162.261721,0.490000,161.771721
653,-11.710811,-13.075218,-14.075218,-12.075218,informed,buy_from_mm,-12.075218,-8,63.368609,157.055098,0.640000,156.415098
654,-12.438043,-12.621971,-13.621971,-11.621971,noise,none,0.000000,-8,63.368609,162.872956,0.640000,162.232956
655,-15.022629,-15.245554,-16.245554,-14.245554,noise,none,0.000000,-8,63.368609,183.549639,0.640000,182.909639
656,-15.157035,-15.274485,-16.274485,-14.274485,informed,none,0.000000,-8,63.368609,184.624889,0.640000,183.984889
657,-14.313252,-13.891704,-14.891704,-12.891704,noise,none,0.000000,-8,63.368609,177.874621,0.640000,177.234621
658,-14.469100,-14.745250,-15.745250,-13.745250,noise,none,0.000000,-8,63.368609,179.121406,0.640000,178.481406
659,-13.617228,-13.226917,-14.226917,-12.226917,informed,none,0.000000,-8,63.368609,172.306430,0.640000,171.666430
660,-11.979333,-12.107444,-13.107444,-11.107444,informed,none,0.000000,-8,63.368609,159.203269,0.640000,158.563269
661,-10.462024,-10.661323,-11.661323,-9.661323,noise,sell_to_mm,-11.661323,-7,75.029932,148.264101,0.490000,147.774101
662,-9.424405,-9.371924,-10.371924,-8.371924,noise,none,0.000000,-7,75.029932,141.000770,0.490000,140.510770
663,-8.842019,-8.997316,-9.997316,-7.997316,noise,buy_from_mm,-7.997316,-8,67.032616,137.768770,0.640000,137.128770
664,-9.659013,-10.013424,-11.013424,-9.013424,informed,none,0.000000,-8,67.032616,144.304719,0.640000,143.664719
665,-10.534225,-11.374365,-12.374365,-10.374365,informed,none,0.000000,-8,67.032616,151.306418,0.640000,150.666418
666,-10.901213,-10.561772,-11.561772,-9.561772,noise,none,0.000000,-8,67.032616,154.242319,0.640000,153.602319
667,-11.425553,-11.252282,-12.252282,-10.252282,noise,sell_to_mm,-12.252282,-7,79.284898,159.263771,0.490000,158.773771
668,-10.522902,-10.733256,-11.733256,-9.733256,noise,none,0.000000,-7,79.284898,152.945209,0.490000,152.455209
669,-12.157679,-12.504410,-13.504410,-11.504410,noise,sell_to_mm,-13.504410,-6,92.789308,165.735381,0.360000,165.375381
670,-12.606502,-12.596086,-13.596086,-11.596086,noise,none,0.000000,-6,92.789308,168.428321,0.360000,168.068321
671,-12.186783,-12.122526,-13.122526,-11.122526,informed,none,0.000000,-6,92.789308,165.910005,0.360000,165.550005
672,-10.951808,-10.406700,-11.406700,-9.406700,informed,none,0.000000,-6,92.789308,158.500157,0.360000,158.140157
673,-10.960683,-9.910202,-10.910202,-8.910202,informed,sell_to_mm,-10.910202,-5,103.699510,158.502924,0.250000,158.252924
674,-10.532470,-10.496548,-11.496548,-9.496548,noise,buy_from_mm,-9.496548,-6,94.202962,157.397785,0.360000,157.037785
675,-11.244394,-11.311745,-12.311745,-10.311745,noise,buy_from_mm,-10.311745,-7,83.891217,162.601973,0.490000,162.111973
676,-12.031466,-12.369677,-13.369677,-11.369677,informed,none,0.000000,-7,83.891217,168.111479,0.490000,167.621479
677,-10.994494,-10.803515,-11.803515,-9.803515,noise,none,0.000000,-7,83.891217,160.852672,0.490000,160.362672
678,-10.330018,-10.780329,-11.780329,-9.780329,noise,sell_to_mm,-11.780329,-6,95.671546,157.651653,0.360000,157.291653
679,-12.064843,-11.530414,-12.530414,-10.530414,noise,buy_from_mm,-10.530414,-7,85.141132,169.595032,0.490000,169.105032
680,-11.458001,-11.475285,-12.475285,-10.475285,noise,none,0.000000,-7,85.141132,165.347142,0.490000,164.857142
681,-11.441905,-11.620050,-12.620050,-10.620050,informed,none,0.000000,-7,85.141132,165.234464,0.490000,164.744464
682,-9.899458,-10.482546,-11.482546,-9.482546,informed,none,0.000000,-7,85.141132,154.437338,0.490000,153.947338
683,-10.926651,-10.446854,-11.446854,-9.446854,noise,sell_to_mm,-11.446854,-6,96.587987,162.147894,0.360000,161.787894
684,-12.143606,-13.383340,-14.383340,-12.383340,noise,none,0.000000,-6,96.587987,169.449623,0.360000,169.089623
685,-11.845076,-11.513359,-12.513359,-10.513359,noise,none,0.000000,-6,96.587987,167.658441,0.360000,167.298441
686,-11.919067,-12.396647,-13.396647,-11.396647,informed,none,0.000000,-6,96.587987,168.102391,0.360000,167.742391
687,-12.820139,-12.527490,-13.527490,-11.527490,informed,none,0.000000,-6,96.587987,173.508818,0.360000,173.148818
688,-11.913439,-11.663587,-12.663587,-10.663587,noise,none,0.000000,-6,96.587987,168.068621,0.360000,167.708621
689,-12.687571,-12.978875,-13.978875,-11.978875,noise,buy_from_mm,-11.978875,-7,84.609112,173.422109,0.490000,172.932109
690,-11.374638,-10.950024,-11.950024,-9.950024,informed,none,0.000000,-7,84.609112,164.231575,0.490000,163.741575
691,-10.860098,-10.956204,-11.956204,-9.956204,noise,none,0.000000,-7,84.609112,160.629798,0.490000,160.139798
692,-11.794938,-11.176391,-12.176391,-10.176391,noise,none,0.000000,-7,84.609112,167.173681,0.490000,166.683681
693,-10.441564,-10.671028,-11.671028,-9.671028,informed,none,0.000000,-7,84.609112,157.700059,0.490000,157.210059
694,-11.986787,-12.797954,-13.797954,-11.797954,noise,none,0.000000,-7,84.609112,168.516620,0.490000,168.026620
695,-11.297051,-10.814718,-11.814718,-9.814718,noise,none,0.000000,-7,84.609112,163.688467,0.490000,163.198467
696,-11.963263,-13.019483,-14.019483,-12.019483,informed,buy_from_mm,-12.019483,-8,72.589629,168.295736,0.640000,167.655736
697,-12.461913,-11.932925,-12.932925,-10.932925,informed,none,0.000000,-8,72.589629,172.284936,0.640000,171.644936
698,-12.278452,-11.678626,-12.678626,-10.678626,noise,none,0.000000,-8,72.589629,170.817249,0.640000,170.177249
699,-13.232813,-12.832643,-13.832643,-11.832643,noise,none,0.000000,-8,72.589629,178.452135,0.640000,177.812135
700,-14.406507,-14.089531,-15.089531,-13.089531,noise,none,0.000000,-8,72.589629,187.841685,0.640000,187.201685
701,-14.144635,-14.261581,-15.261581,-13.261581,informed,none,0.000000,-8,72.589629,185.746713,0.640000,185.106713
702,-12.852852,-12.346276,-13.346276,-11.346276,noise,buy_from_mm,-11.346276,-9,61.243353,176.919024,0.810000,176.109024
703,-13.480982,-14.205270,-15.205270,-13.205270,informed,none,0.000000,-9,61.243353,182.572190,0.810000,181.762190
704,-13.651254,-14.176975,-15.176975,-13.176975,noise,none,0.000000,-9,61.243353,184.104638,0.810000,183.294638
705,-11.362578,-11.788136,-12.788136,-10.788136,noise,none,0.000000,-9,61.243353,163.506559,0.810000,162.696559
706,-11.812434,-11.740791,-12.740791,-10.740791,noise,none,0.000000,-9,61.243353,167.555261,0.810000,166.745261
707,-12.186438,-12.737820,-13.737820,-11.737820,noise,none,0.000000,-9,61.243353,170.921299,0.810000,170.111299
708,-12.490998,-12.356853,-13.356853,-11.356853,noise,none,0.000000,-9,61.243353,173.662333,0.810000,172.852333
709,-12.213490,-11.849544,-12.849544,-10.849544,informed,none,0.000000,-9,61.243353,171.164758,0.810000,170.354758
710,-12.056014,-11.718834,-12.718834,-10.718834,noise,none,0.000000,-9,61.243353,169.747475,0.810000,168.937475
711,-13.499641,-13.045437,-14.045437,-12.045437,informed,none,0.000000,-9,61.243353,182.740125,0.810000,181.930125
712,-13.246296,-13.073502,-14.073502,-12.073502,informed,none,0.000000,-9,61.243353,180.460015,0.810000,179.650015
713,-13.079767,-13.297222,-14.297222,-12.297222,noise,buy_from_mm,-12.297222,-10,48.946131,179.743803,1.000000,178.743803
714,-11.649423,-12.446403,-13.446403,-11.446403,noise,none,0.000000,-10,48.946131,165.440359,1.000000,164.440359
715,-11.862094,-11.824242,-12.824242,-10.824242,noise,none,0.000000,-10,48.946131,167.567075,1.000000,166.567075
716,-11.288344,-10.860603,-11.860603,-9.860603,informed,none,0.000000,-10,48.946131,161.829570,1.000000,160.829570
717,-11.213000,-11.778369,-12.778369,-10.778369,noise,none,0.000000,-10,48.946131,161.076136,1.000000,160.076136
718,-13.276173,-13.172954,-14.172954,-12.172954,noise,buy_from_mm,-12.172954,-11,36.773178,182.811078,1.210000,181.601078
719,-12.913974,-13.095188,-14.095188,-12.095188,informed,none,0.000000,-11,36.773178,178.826889,1.210000,177.616889
720,-12.855244,-12.600609,-13.600609,-11.600609,noise,none,0.000000,-11,36.773178,178.180860,1.210000,176.970860
721,-13.317862,-14.323666,-15.323666,-13.323666,informed,buy_from_mm,-13.323666,-12,23.449512,183.263854,1.440000,181.823854
722,-13.282242,-13.928172,-14.928172,-12.928172,informed,none,0.000000,-12,23.449512,182.836411,1.440000,181.396411
723,-12.786878,-13.269818,-14.269818,-12.269818,informed,none,0.000000,-12,23.449512,176.892049,1.440000,175.452049
724,-12.976523,-12.797670,-13.797670,-11.797670,noise,none,0.000000,-12,23.449512,179.167787,1.440000,177.727787
725,-14.259710,-13.779880,-14.779880,-12.779880,informed,none,0.000000,-12,23.449512,194.566037,1.440000,193.126037
726,-12.898507,-12.575749,-13.575749,-11.575749,noise,none,0.000000,-12,23.449512,178.231601,1.440000,176.791601
727,-11.980123,-11.764278,-12.764278,-10.764278,noise,sell_to_mm,-12.764278,-11,36.213790,167.995142,1.210000,166.785142
728,-12.723250,-12.884071,-13.884071,-11.884071,noise,buy_from_mm,-11.884071,-12,24.329719,177.008722,1.440000,175.568722
729,-14.466939,-15.364255,-16.364255,-14.364255,informed,none,0.000000,-12,24.329719,197.932986,1.440000,196.492986
730,-14.910996,-14.804890,-15.804890,-13.804890,noise,none,0.000000,-12,24.329719,203.261670,1.440000,201.821670
731,-14.557391,-14.582188,-15.582188,-13.582188,informed,none,0.000000,-12,24.329719,199.018412,1.440000,197.578412
732,-13.362959,-13.115118,-14.115118,-12.115118,informed,none,0.000000,-12,24.329719,184.685225,1.440000,183.245225
733,-15.244905,-14.088064,-15.088064,-13.088064,noise,none,0.000000,-12,24.329719,207.268575,1.440000,205.828575
734,-15.175562,-14.495506,-15.495506,-13.495506,informed,none,0.000000,-12,24.329719,206.436460,1.440000,204.996460
735,-14.172595,-14.771264,-15.771264,-13.771264,informed,none,0.000000,-12,24.329719,194.400855,1.440000,192.960855
736,-13.883748,-14.215900,-15.215900,-13.215900,noise,buy_from_mm,-13.215900,-13,11.113819,191.602546,1.690000,189.912546
737,-13.901309,-13.546396,-14.546396,-12.546396,noise,none,0.000000,-13,11.113819,191.830838,1.690000,190.140838
738,-12.701492,-12.572940,-13.572940,-11.572940,noise,none,0.000000,-13,11.113819,176.233218,1.690000,174.543218
739,-11.639485,-11.988858,-12.988858,-10.988858,noise,none,0.000000,-13,11.113819,162.427130,1.690000,160.737130
740,-12.237448,-11.633167,-12.633167,-10.633167,informed,none,0.000000,-13,11.113819,170.200643,1.690000,168.510643
741,-11.851280,-12.117881,-13.117881,-11.117881,informed,none,0.000000,-13,11.113819,165.180461,1.690000,163.490461
742,-12.759586,-12.602462,-13.602462,-11.602462,noise,none,0.000000,-13,11.113819,176.988434,1.690000,175.298434
743,-12.268221,-12.115573,-13.115573,-11.115573,informed,none,0.000000,-13,11.113819,170.600697,1.690000,168.910697
744,-12.363115,-12.696937,-13.696937,-11.696937,informed,none,0.000000,-13,11.113819,171.834310,1.690000,170.144310
745,-12.344298,-12.568823,-13.568823,-11.568823,informed,none,0.000000,-13,11.113819,171.589694,1.690000,169.899694
746,-13.054706,-13.118553,-14.118553,-12.118553,informed,none,0.000000,-13,11.113819,180.825001,1.690000,179.135001
747,-12.523650,-12.765994,-13.765994,-11.765994,noise,none,0.000000,-13,11.113819,173.921271,1.690000,172.231271
748,-14.206942,-13.586061,-14.586061,-12.586061,informed,none,0.000000,-13,11.113819,195.804064,1.690000,194.114064
749,-14.450130,-14.351287,-15.351287,-13.351287,noise,none,0.000000,-13,11.113819,198.965505,1.690000,197.275505
750,-14.371639,-14.305611,-15.305611,-13.305611,noise,none,0.000000,-13,11.113819,197.945132,1.690000,196.255132
751,-12.835192,-13.292925,-14.292925,-12.292925,noise,none,0.000000,-13,11.113819,177.971314,1.690000,176.281314
752,-13.246971,-13.887938,-14.887938,-12.887938,noise,sell_to_mm,-14.887938,-12,26.001757,184.965406,1.440000,183.525406
753,-11.344047,-10.871883,-11.871883,-9.871883,informed,none,0.000000,-12,26.001757,162.130325,1.440000,160.690325
754,-12.048643,-12.011226,-13.011226,-11.011226,noise,buy_from_mm,-11.011226,-13,14.990530,171.622895,1.690000,169.932895
755,-13.717458,-13.462210,-14.462210,-12.462210,noise,none,0.000000,-13,14.990530,193.317484,1.690000,191.627484
756,-13.294032,-13.013949,-14.013949,-12.013949,informed,none,0.000000,-13,14.990530,187.812945,1.690000,186.122945
757,-14.292014,-14.041867,-15.041867,-13.041867,informed,none,0.000000,-13,14.990530,200.786713,1.690000,199.096713
758,-13.523996,-13.101408,-14.101408,-12.101408,informed,none,0.000000,-13,14.990530,190.802480,1.690000,189.112480
759,-14.116050,-14.372129,-15.372129,-13.372129,informed,none,0.000000,-13,14.990530,198.499183,1.690000,196.809183
760,-15.636452,-16.245259,-17.245259,-15.245259,informed,none,0.000000,-13,14.990530,218.264411,1.690000,216.574411
761,-16.180368,-16.496552,-17.496552,-15.496552,noise,sell_to_mm,-17.496552,-12,32.487082,226.651493,1.440000,225.211493
762,-14.892877,-14.553159,-15.553159,-13.553159,informed,none,0.000000,-12,32.487082,211.201601,1.440000,209.761601
763,-14.131585,-13.771266,-14.771266,-12.771266,noise,none,0.000000,-12,32.487082,202.066097,1.440000,200.626097
764,-13.110898,-13.520521,-14.520521,-12.520521,informed,none,0.000000,-12,32.487082,189.817858,1.440000,188.377858
765,-14.199076,-14.644789,-15.644789,-13.644789,informed,none,0.000000,-12,32.487082,202.875998,1.440000,201.435998
766,-13.305193,-13.415732,-14.415732,-12.415732,noise,sell_to_mm,-14.415732,-11,46.902814,193.259939,1.210000,192.049939
767,-12.751504,-12.649391,-13.649391,-11.649391,informed,none,0.000000,-11,46.902814,187.169360,1.210000,185.959360
768,-12.284155,-12.293857,-13.293857,-11.293857,noise,none,0.000000,-11,46.902814,182.028515,1.210000,180.818515
769,-12.201620,-11.555241,-12.555241,-10.555241,noise,none,0.000000,-11,46.902814,181.120631,1.210000,179.910631
770,-11.926495,-11.409820,-12.409820,-10.409820,noise,buy_from_mm,-10.409820,-12,36.492995,179.610929,1.440000,178.170929
771,-12.365108,-12.653193,-13.653193,-11.653193,noise,sell_to_mm,-13.653193,-11,50.146188,186.162380,1.210000,184.952380
772,-12.654029,-11.980709,-12.980709,-10.980709,noise,none,0.000000,-11,50.146188,189.340511,1.210000,188.130511
773,-13.668868,-13.618849,-14.618849,-12.618849,informed,none,0.000000,-11,50.146188,200.503732,1.210000,199.293732
774,-12.887604,-12.237970,-13.237970,-11.237970,informed,none,0.000000,-11,50.146188,191.909833,1.210000,190.699833
775,-12.783197,-12.665903,-13.665903,-11.665903,noise,none,0.000000,-11,50.146188,190.761350,1.210000,189.551350
776,-13.953654,-14.059925,-15.059925,-13.059925,noise,sell_to_mm,-15.059925,-10,65.206113,204.742650,1.000000,203.742650
777,-14.257714,-14.932911,-15.932911,-13.932911,noise,none,0.000000,-10,65.206113,207.783253,1.000000,206.783253
778,-15.053676,-15.204070,-16.204070,-14.204070,noise,none,0.000000,-10,65.206113,215.742871,1.000000,214.742871
779,-16.280456,-16.192608,-17.192608,-15.192608,noise,none,0.000000,-10,65.206113,228.010673,1.000000,227.010673
780,-15.867226,-15.681183,-16.681183,-14.681183,informed,none,0.000000,-10,65.206113,223.878374,1.000000,222.878374
781,-15.894691,-16.013975,-17.013975,-15.013975,noise,none,0.000000,-10,65.206113,224.153019,1.000000,223.153019
782,-16.963242,-17.058101,-18.058101,-16.058101,informed,none,0.000000,-10,65.206113,234.838528,1.000000,233.838528
783,-15.901764,-16.140893,-17.140893,-15.140893,noise,none,0.000000,-10,65.206113,224.223750,1.000000,223.223750
784,-15.615967,-16.019682,-17.019682,-15.019682,informed,none,0.000000,-10,65.206113,221.365782,1.000000,220.365782
785,-16.884593,-16.059413,-17.059413,-15.059413,noise,sell_to_mm,-17.059413,-9,82.265526,234.226865,0.810000,233.416865
786,-16.452543,-16.228066,-17.228066,-15.228066,informed,none,0.000000,-9,82.265526,230.338410,0.810000,229.528410
787,-16.604572,-16.342161,-17.342161,-15.342161,informed,none,0.000000,-9,82.265526,231.706676,0.810000,230.896676
788,-15.970468,-14.959559,-15.959559,-13.959559,noise,buy_from_mm,-13.959559,-10,68.305966,228.010646,1.000000,227.010646
789,-15.529567,-15.555981,-16.555981,-14.555981,informed,none,0.000000,-10,68.305966,223.601639,1.000000,222.601639
790,-14.439124,-15.046428,-16.046428,-14.046428,informed,none,0.000000,-10,68.305966,212.697209,1.000000,211.697209
791,-14.037877,-14.202137,-15.202137,-13.202137,noise,none,0.000000,-10,68.305966,208.684739,1.000000,207.684739
792,-13.172319,-13.375251,-14.375251,-12.375251,informed,none,0.000000,-10,68.305966,200.029155,1.000000,199.029155
793,-12.212461,-12.661231,-13.661231,-11.661231,informed,none,0.000000,-10,68.305966,190.430571,1.000000,189.430571
794,-11.797593,-11.953409,-12.953409,-10.953409,noise,none,0.000000,-10,68.305966,186.281901,1.000000,185.281901
795,-12.168753,-12.361254,-13.361254,-11.361254,informed,none,0.000000,-10,68.305966,189.993500,1.000000,188.993500
796,-13.665427,-12.733372,-13.733372,-11.733372,informed,none,0.000000,-10,68.305966,204.960239,1.000000,203.960239
797,-14.415228,-14.690747,-15.690747,-13.690747,noise,none,0.000000,-10,68.305966,212.458248,1.000000,211.458248
798,-14.768268,-15.082410,-16.082410,-14.082410,noise,sell_to_mm,-16.082410,-9,84.388377,217.302786,0.810000,216.492786
799,-16.206405,-15.889444,-16.889444,-14.889444,informed,none,0.000000,-9,84.388377,230.246024,0.810000,229.436024
800,-16.517972,-16.209670,-17.209670,-15.209670,noise,none,0.000000,-9,84.388377,233.050122,0.810000,232.240122
801,-16.014682,-15.988396,-16.988396,-14.988396,noise,sell_to_mm,-16.988396,-8,101.376772,229.494227,0.640000,228.854227
802,-16.536978,-16.726314,-17.726314,-15.726314,noise,none,0.000000,-8,101.376772,233.672593,0.640000,233.032593
803,-18.417331,-17.889556,-18.889556,-16.889556,noise,none,0.000000,-8,101.376772,248.715421,0.640000,248.075421
804,-18.215474,-17.735679,-18.735679,-16.735679,noise,buy_from_mm,-16.735679,-9,84.641093,248.580357,0.810000,247.770357
805,-19.404868,-19.631304,-20.631304,-18.631304,noise,none,0.000000,-9,84.641093,259.284908,0.810000,258.474908
806,-18.521300,-18.721737,-19.721737,-17.721737,informed,none,0.000000,-9,84.641093,251.332792,0.810000,250.522792
807,-18.809304,-19.160154,-20.160154,-18.160154,informed,none,0.000000,-9,84.641093,253.924831,0.810000,253.114831
808,-19.950344,-19.739968,-20.739968,-18.739968,noise,none,0.000000,-9,84.641093,264.194187,0.810000,263.384187
809,-18.863366,-18.845630,-19.845630,-17.845630,informed,none,0.000000,-9,84.641093,254.411386,0.810000,253.601386
810,-19.375166,-20.085849,-21.085849,-19.085849,informed,none,0.000000,-9,84.641093,259.017583,0.810000,258.207583
811,-19.266298,-19.524726,-20.524726,-18.524726,noise,none,0.000000,-9,84.641093,258.037777,0.810000,257.227777
812,-17.895757,-16.631463,-17.631463,-15.631463,noise,none,0.000000,-9,84.641093,245.702903,0.810000,244.892903
813,-18.331192,-19.101471,-20.101471,-18.101471,informed,none,0.000000,-9,84.641093,249.621823,0.810000,248.811823
814,-19.600081,-20.556823,-21.556823,-19.556823,informed,none,0.000000,-9,84.641093,261.041821,0.810000,260.231821
815,-20.182707,-19.650634,-20.650634,-18.650634,informed,none,0.000000,-9,84.641093,266.285452,0.810000,265.475452
816,-19.435051,-19.371139,-20.371139,-18.371139,informed,none,0.000000,-9,84.641093,259.556553,0.810000,258.746553
817,-20.280834,-20.335347,-21.335347,-19.335347,noise,sell_to_mm,-21.335347,-8,105.976440,268.223113,0.640000,267.583113
818,-20.814277,-21.100751,-22.100751,-20.100751,noise,none,0.000000,-8,105.976440,272.490659,0.640000,271.850659
819,-21.444881,-21.517605,-22.517605,-20.517605,noise,none,0.000000,-8,105.976440,277.535492,0.640000,276.895492
820,-20.689393,-20.742570,-21.742570,-19.742570,noise,none,0.000000,-8,105.976440,271.491582,0.640000,270.851582
821,-21.659703,-20.950585,-21.950585,-19.950585,informed,none,0.000000,-8,105.976440,279.254067,0.640000,278.614067
822,-21.604479,-21.411082,-22.411082,-20.411082,noise,none,0.000000,-8,105.976440,278.812270,0.640000,278.172270
823,-22.064660,-22.041943,-23.041943,-21.041943,informed,none,0.000000,-8,105.976440,282.493720,0.640000,281.853720
824,-23.103075,-23.748278,-24.748278,-22.748278,informed,none,0.000000,-8,105.976440,290.801038,0.640000,290.161038
825,-23.279461,-23.045229,-24.045229,-22.045229,noise,none,0.000000,-8,105.976440,292.212131,0.640000,291.572131
826,-23.182106,-23.271365,-24.271365,-22.271365,informed,none,0.000000,-8,105.976440,291.433290,0.640000,290.793290
827,-23.481371,-24.215809,-25.215809,-23.215809,noise,none,0.000000,-8,105.976440,293.827408,0.640000,293.187408
828,-22.613161,-21.794243,-22.794243,-20.794243,noise,buy_from_mm,-20.794243,-9,85.182196,288.700646,0.810000,287.890646
829,-22.737600,-22.558202,-23.558202,-21.558202,informed,none,0.000000,-9,85.182196,289.820596,0.810000,289.010596
830,-21.260112,-21.463231,-22.463231,-20.463231,noise,buy_from_mm,-20.463231,-10,64.718966,277.320086,1.000000,276.320086
831,-22.348990,-21.552786,-22.552786,-20.552786,informed,none,0.000000,-10,64.718966,288.208861,1.000000,287.208861
832,-23.822938,-24.019865,-25.019865,-23.019865,noise,buy_from_mm,-23.019865,-11,41.699101,303.751419,1.210000,302.541419
833,-23.382174,-23.001433,-24.001433,-22.001433,informed,none,0.000000,-11,41.699101,298.903020,1.210000,297.693020
834,-23.427797,-23.067596,-24.067596,-22.067596,informed,none,0.000000,-11,41.699101,299.404864,1.210000,298.194864
835,-24.112599,-23.807276,-24.807276,-22.807276,informed,none,0.000000,-11,41.699101,306.937691,1.210000,305.727691
836,-26.030920,-25.992803,-26.992803,-24.992803,informed,none,0.000000,-11,41.699101,328.039224,1.210000,326.829224
837,-25.942412,-25.343075,-26.343075,-24.343075,noise,none,0.000000,-11,41.699101,327.065634,1.210000,325.855634
838,-27.068609,-27.035963,-28.035963,-26.035963,informed,none,0.000000,-11,41.699101,339.453805,1.210000,338.243805
839,-26.201952,-26.948546,-27.948546,-25.948546,informed,none,0.000000,-11,41.699101,329.920567,1.210000,328.710567
840,-24.838840,-25.424904,-26.424904,-24.424904,noise,none,0.000000,-11,41.699101,314.926343,1.210000,313.716343
841,-25.218628,-25.067980,-26.067980,-24.067980,noise,buy_from_mm,-24.067980,-12,17.631120,320.254653,1.440000,318.814653
842,-25.287149,-25.068750,-26.068750,-24.068750,noise,none,0.000000,-12,17.631120,321.076903,1.440000,319.636903
843,-26.892308,-26.441337,-27.441337,-25.441337,noise,buy_from_mm,-25.441337,-13,-7.810217,341.789788,1.690000,340.099788
844,-27.988803,-28.071958,-29.071958,-27.071958,informed,none,0.000000,-13,-7.810217,356.044219,1.690000,354.354219
845,-26.851794,-26.539208,-27.539208,-25.539208,noise,none,0.000000,-13,-7.810217,341.263102,1.690000,339.573102
846,-27.377157,-27.197984,-28.197984,-26.197984,informed,none,0.000000,-13,-7.810217,348.092828,1.690000,346.402828
847,-29.014178,-29.310839,-30.310839,-28.310839,informed,none,0.000000,-13,-7.810217,369.374099,1.690000,367.684099
848,-29.265711,-29.953826,-30.953826,-28.953826,noise,none,0.000000,-13,-7.810217,372.644026,1.690000,370.954026
849,-30.266194,-30.397035,-31.397035,-29.397035,noise,buy_from_mm,-29.397035,-14,-37.207252,386.519464,1.960000,384.559464
850,-30.221834,-30.304529,-31.304529,-29.304529,informed,none,0.000000,-14,-37.207252,385.898418,1.960000,383.938418
851,-30.139724,-29.816199,-30.816199,-28.816199,noise,none,0.000000,-14,-37.207252,384.748878,1.960000,382.788878
852,-30.411683,-29.794637,-30.794637,-28.794637,informed,none,0.000000,-14,-37.207252,388.556307,1.960000,386.596307
853,-30.882833,-30.891128,-31.891128,-29.891128,noise,buy_from_mm,-29.891128,-15,-67.098380,396.144116,2.250000,393.894116
854,-29.544465,-28.793037,-29.793037,-27.793037,noise,none,0.000000,-15,-67.098380,376.068602,2.250000,373.818602
855,-28.486018,-27.249301,-28.249301,-26.249301,noise,none,0.000000,-15,-67.098380,360.191897,2.250000,357.941897
856,-30.111008,-30.133657,-31.133657,-29.133657,noise,none,0.000000,-15,-67.098380,384.566747,2.250000,382.316747
857,-32.253003,-32.179184,-33.179184,-31.179184,noise,buy_from_mm,-31.179184,-16,-98.277564,417.770478,2.560000,415.210478
858,-31.127090,-30.999282,-31.999282,-29.999282,noise,none,0.000000,-16,-98.277564,399.755881,2.560000,397.195881
859,-30.771453,-30.207718,-31.207718,-29.207718,noise,none,0.000000,-16,-98.277564,394.065684,2.560000,391.505684
860,-30.642149,-30.624026,-31.624026,-29.624026,informed,none,0.000000,-16,-98.277564,391.996815,2.560000,389.436815
861,-30.386725,-30.315722,-31.315722,-29.315722,noise,none,0.000000,-16,-98.277564,387.910040,2.560000,385.350040
862,-30.529968,-30.926156,-31.926156,-29.926156,noise,none,0.000000,-16,-98.277564,390.201931,2.560000,387.641931
863,-29.923712,-29.598907,-30.598907,-28.598907,noise,none,0.000000,-16,-98.277564,380.501834,2.560000,377.941834
864,-28.883542,-28.407278,-29.407278,-27.407278,informed,none,0.000000,-16,-98.277564,363.859104,2.560000,361.299104
865,-28.100799,-27.117458,-28.117458,-26.117458,informed,none,0.000000,-16,-98.277564,351.335223,2.560000,348.775223
866,-28.726180,-28.114892,-29.114892,-27.114892,informed,none,0.000000,-16,-98.277564,361.341320,2.560000,358.781320
867,-28.598585,-28.521746,-29.521746,-27.521746,noise,buy_from_mm,-27.521746,-17,-125.799310,360.376638,2.890000,357.486638
868,-28.916369,-29.155993,-30.155993,-28.155993,informed,none,0.000000,-17,-125.799310,365.778968,2.890000,362.888968
869,-27.310718,-27.117650,-28.117650,-26.117650,informed,none,0.000000,-17,-125.799310,338.482902,2.890000,335.592902
870,-25.146638,-24.935462,-25.935462,-23.935462,noise,buy_from_mm,-23.935462,-18,-149.734772,302.904711,3.240000,299.664711
871,-25.698177,-25.736436,-26.736436,-24.736436,informed,none,0.000000,-18,-149.734772,312.832415,3.240000,309.592415
872,-26.221144,-25.953179,-26.953179,-24.953179,noise,none,0.000000,-18,-149.734772,322.245828,3.240000,319.005828
873,-24.808230,-24.911701,-25.911701,-23.911701,noise,buy_from_mm,-23.911701,-19,-173.646473,297.709907,3.610000,294.099907
874,-23.054362,-23.205358,-24.205358,-22.205358,noise,none,0.000000,-19,-173.646473,264.386410,3.610000,260.776410
875,-24.353437,-24.249218,-25.249218,-23.249218,noise,none,0.000000,-19,-173.646473,289.068838,3.610000,285.458838
876,-24.756101,-24.082581,-25.082581,-23.082581,noise,none,0.000000,-19,-173.646473,296.719450,3.610000,293.109450
877,-24.921599,-25.549944,-26.549944,-24.549944,informed,none,0.000000,-19,-173.646473,299.863915,3.610000,296.253915
878,-26.654294,-26.505568,-27.505568,-25.505568,noise,none,0.000000,-19,-173.646473,332.785119,3.610000,329.175119
879,-25.540615,-25.346326,-26.346326,-24.346326,informed,none,0.000000,-19,-173.646473,311.625222,3.610000,308.015222
880,-26.828466,-26.593028,-27.593028,-25.593028,noise,none,0.000000,-19,-173.646473,336.094389,3.610000,332.484389
881,-25.872334,-26.027328,-27.027328,-25.027328,noise,none,0.000000,-19,-173.646473,317.927870,3.610000,314.317870
882,-25.016203,-24.891091,-25.891091,-23.891091,noise,none,0.000000,-19,-173.646473,301.661379,3.610000,298.051379
883,-25.853414,-26.391371,-27.391371,-25.391371,informed,none,0.000000,-19,-173.646473,317.568399,3.610000,313.958399
884,-25.619903,-25.685266,-26.685266,-24.685266,noise,none,0.000000,-19,-173.646473,313.131685,3.610000,309.521685
885,-26.555605,-26.773151,-27.773151,-25.773151,informed,none,0.000000,-19,-173.646473,330.910031,3.610000,327.300031
886,-28.348292,-28.716373,-29.716373,-27.716373,noise,none,0.000000,-19,-173.646473,364.971071,3.610000,361.361071
887,-27.668676,-27.551355,-28.551355,-26.551355,informed,none,0.000000,-19,-173.646473,352.058368,3.610000,348.448368
888,-27.165491,-26.597430,-27.597430,-25.597430,informed,none,0.000000,-19,-173.646473,342.497865,3.610000,338.887865
889,-26.587933,-25.543902,-26.543902,-24.543902,informed,sell_to_mm,-26.543902,-18,-147.102571,331.480227,3.240000,328.240227
890,-27.111188,-26.861446,-27.861446,-25.861446,informed,none,0.000000,-18,-147.102571,340.898812,3.240000,337.658812
891,-27.147361,-26.567849,-27.567849,-25.567849,noise,buy_from_mm,-25.567849,-19,-172.670420,343.129441,3.610000,339.519441
892,-28.240750,-28.764559,-29.764559,-27.764559,noise,none,0.000000,-19,-172.670420,363.903830,3.610000,360.293830
893,-28.397458,-27.598595,-28.598595,-26.598595,noise,none,0.000000,-19,-172.670420,366.881275,3.610000,363.271275
894,-29.335947,-28.657234,-29.657234,-27.657234,informed,none,0.000000,-19,-172.670420,384.712564,3.610000,381.102564
895,-30.551526,-30.734703,-31.734703,-29.734703,informed,none,0.000000,-19,-172.670420,407.808574,3.610000,404.198574
896,-30.314087,-29.451585,-30.451585,-28.451585,noise,none,0.000000,-19,-172.670420,403.297228,3.610000,399.687228
897,-30.279454,-30.306441,-31.306441,-29.306441,noise,buy_from_mm,-29.306441,-20,-201.976860,403.612227,4.000000,399.612227
898,-30.463031,-30.612683,-31.612683,-29.612683,noise,none,0.000000,-20,-201.976860,407.283759,4.000000,403.283759
899,-31.055077,-30.996062,-31.996062,-29.996062,informed,none,0.000000,-20,-201.976860,419.124676,4.000000,415.124676
900,-32.696639,-31.598614,-32.598614,-30.598614,informed,sell_to_mm,-32.598614,-19,-169.378246,451.857904,3.610000,448.247904
901,-33.558938,-33.177934,-34.177934,-32.177934,noise,buy_from_mm,-32.177934,-20,-201.556180,469.622588,4.000000,465.622588
902,-33.083770,-33.628824,-34.628824,-32.628824,noise,buy_from_mm,-32.628824,-21,-234.185004,460.574168,4.410000,456.164168
903,-31.606217,-31.895925,-32.895925,-30.895925,noise,none,0.000000,-21,-234.185004,429.545545,4.410000,425.135545
904,-32.212652,-31.912270,-32.912270,-30.912270,noise,sell_to_mm,-32.912270,-20,-201.272735,442.980314,4.000000,438.980314
905,-32.541333,-32.811680,-33.811680,-31.811680,informed,none,0.000000,-20,-201.272735,449.553933,4.000000,445.553933
906,-32.372034,-32.239122,-33.239122,-31.239122,noise,sell_to_mm,-33.239122,-19,-168.033612,447.035033,3.610000,443.425033
907,-31.514731,-31.303712,-32.303712,-30.303712,informed,none,0.000000,-19,-168.033612,430.746271,3.610000,427.136271
908,-31.586204,-32.072497,-33.072497,-31.072497,noise,sell_to_mm,-33.072497,-18,-134.961116,433.590548,3.240000,430.350548
909,-33.195784,-33.155210,-34.155210,-32.155210,noise,none,0.000000,-18,-134.961116,462.562995,3.240000,459.322995
910,-32.997920,-33.095194,-34.095194,-32.095194,noise,none,0.000000,-18,-134.961116,459.001438,3.240000,455.761438
911,-33.098742,-32.900227,-33.900227,-31.900227,informed,none,0.000000,-18,-134.961116,460.816241,3.240000,457.576241
912,-32.128803,-31.629199,-32.629199,-30.629199,noise,none,0.000000,-18,-134.961116,443.357335,3.240000,440.117335
913,-31.865780,-31.691965,-32.691965,-30.691965,noise,none,0.000000,-18,-134.961116,438.622933,3.240000,435.382933
914,-31.871869,-32.103415,-33.103415,-31.103415,noise,sell_to_mm,-33.103415,-17,-101.857701,439.964078,2.890000,437.074078
915,-31.288855,-31.587301,-32.587301,-30.587301,informed,none,0.000000,-17,-101.857701,430.052837,2.890000,427.162837
916,-31.862806,-31.583675,-32.583675,-30.583675,noise,none,0.000000,-17,-101.857701,439.810009,2.890000,436.920009
917,-29.692367,-30.421872,-31.421872,-29.421872,noise,none,0.000000,-17,-101.857701,402.912540,2.890000,400.022540
918,-28.335642,-28.382215,-29.382215,-27.382215,informed,none,0.000000,-17,-101.857701,379.848206,2.890000,376.958206
919,-28.403740,-27.600854,-28.600854,-26.600854,noise,none,0.000000,-17,-101.857701,381.005875,2.890000,378.115875
920,-29.131858,-30.341518,-31.341518,-29.341518,noise,none,0.000000,-17,-101.857701,393.383877,2.890000,390.493877
921,-29.084303,-28.949030,-29.949030,-27.949030,informed,none,0.000000,-17,-101.857701,392.575450,2.890000,389.685450
922,-29.287053,-29.452228,-30.452228,-28.452228,informed,none,0.000000,-17,-101.857701,396.022195,2.890000,393.132195
923,-29.385809,-28.828541,-29.828541,-27.828541,noise,none,0.000000,-17,-101.857701,397.701051,2.890000,394.811051
924,-30.626767,-30.698717,-31.698717,-29.698717,noise,buy_from_mm,-29.698717,-18,-131.556417,419.725397,3.240000,416.485397
925,-30.080325,-30.056970,-31.056970,-29.056970,noise,none,0.000000,-18,-131.556417,409.889435,3.240000,406.649435
926,-30.623846,-31.570433,-32.570433,-30.570433,noise,none,0.000000,-18,-131.556417,419.672818,3.240000,416.432818
927,-31.781093,-31.869656,-32.869656,-30.869656,informed,none,0.000000,-18,-131.556417,440.503260,3.240000,437.263260
928,-30.959144,-30.644545,-31.644545,-29.644545,informed,none,0.000000,-18,-131.556417,425.708178,3.240000,422.468178
929,-31.583862,-31.567230,-32.567230,-30.567230,informed,none,0.000000,-18,-131.556417,436.953090,3.240000,433.713090
930,-31.442256,-31.974553,-32.974553,-30.974553,informed,none,0.000000,-18,-131.556417,434.404185,3.240000,431.164185
931,-32.304517,-32.512337,-33.512337,-31.512337,noise,none,0.000000,-18,-131.556417,449.924884,3.240000,446.684884
932,-31.637659,-30.710320,-31.710320,-29.710320,noise,none,0.000000,-18,-131.556417,437.921440,3.240000,434.681440
933,-29.808525,-29.549235,-30.549235,-28.549235,noise,none,0.000000,-18,-131.556417,404.997029,3.240000,401.757029
934,-30.410608,-30.742173,-31.742173,-29.742173,informed,none,0.000000,-18,-131.556417,415.834530,3.240000,412.594530
935,-30.957250,-32.296083,-33.296083,-31.296083,informed,buy_from_mm,-31.296083,-19,-162.852500,425.335259,3.610000,421.725259
936,-30.042705,-30.464471,-31.464471,-29.464471,informed,none,0.000000,-19,-162.852500,407.958896,3.610000,404.348896
937,-28.020909,-28.314164,-29.314164,-27.314164,noise,none,0.000000,-19,-162.852500,369.544769,3.610000,365.934769
938,-28.184974,-28.962660,-29.962660,-27.962660,informed,none,0.000000,-19,-162.852500,372.662009,3.610000,369.052009
939,-26.979381,-26.888308,-27.888308,-25.888308,noise,sell_to_mm,-27.888308,-18,-134.964192,350.664659,3.240000,347.424659
940,-26.671324,-26.096422,-27.096422,-25.096422,informed,none,0.000000,-18,-134.964192,345.119635,3.240000,341.879635
941,-26.289932,-26.054612,-27.054612,-25.054612,noise,sell_to_mm,-27.054612,-17,-107.909580,339.019266,2.890000,336.129266
942,-26.745215,-27.636646,-28.636646,-26.636646,noise,none,0.000000,-17,-107.909580,346.759069,2.890000,343.869069
943,-25.762625,-25.469056,-26.469056,-24.469056,informed,none,0.000000,-17,-107.909580,330.055050,2.890000,327.165050
944,-24.126386,-23.780085,-24.780085,-22.780085,informed,none,0.000000,-17,-107.909580,302.238982,2.890000,299.348982
945,-24.977430,-24.991231,-25.991231,-23.991231,noise,buy_from_mm,-23.991231,-18,-131.900811,317.692922,3.240000,314.452922
946,-23.601999,-23.970771,-24.970771,-22.970771,noise,none,0.000000,-18,-131.900811,292.935171,3.240000,289.695171
947,-21.172847,-21.084691,-22.084691,-20.084691,noise,sell_to_mm,-22.084691,-17,-109.816120,250.122273,2.890000,247.232273
948,-20.443626,-21.151942,-22.151942,-20.151942,informed,none,0.000000,-17,-109.816120,237.725529,2.890000,234.835529
949,-20.276215,-20.255014,-21.255014,-19.255014,noise,none,0.000000,-17,-109.816120,234.879530,2.890000,231.989530
950,-20.370498,-20.296510,-21.296510,-19.296510,noise,none,0.000000,-17,-109.816120,236.482348,2.890000,233.592348
951,-20.282036,-20.490591,-21.490591,-19.490591,noise,none,0.000000,-17,-109.816120,234.978484,2.890000,232.088484
952,-20.198997,-21.026666,-22.026666,-20.026666,noise,none,0.000000,-17,-109.816120,233.566832,2.890000,230.676832
953,-20.450653,-20.539997,-21.539997,-19.539997,noise,none,0.000000,-17,-109.816120,237.844983,2.890000,234.954983
954,-20.860526,-21.095592,-22.095592,-20.095592,informed,none,0.000000,-17,-109.816120,244.812826,2.890000,241.922826
955,-21.223693,-20.017776,-21.017776,-19.017776,informed,sell_to_mm,-21.017776,-16,-88.798344,250.780745,2.560000,248.220745
956,-21.135668,-21.510468,-22.510468,-20.510468,informed,none,0.000000,-16,-88.798344,249.372339,2.560000,246.812339
957,-21.232532,-21.625451,-22.625451,-20.625451,noise,none,0.000000,-16,-88.798344,250.922163,2.560000,248.362163
958,-21.292946,-20.910700,-21.910700,-19.910700,noise,buy_from_mm,-19.910700,-17,-108.709044,253.271044,2.890000,250.381044
959,-22.243716,-21.575824,-22.575824,-20.575824,informed,none,0.000000,-17,-108.709044,269.434125,2.890000,266.544125
960,-20.393236,-19.339064,-20.339064,-18.339064,noise,buy_from_mm,-18.339064,-18,-127.048108,240.030139,3.240000,236.790139
961,-19.491983,-18.859025,-19.859025,-17.859025,informed,none,0.000000,-18,-127.048108,223.807589,3.240000,220.567589
962,-20.192380,-20.859675,-21.859675,-19.859675,informed,none,0.000000,-18,-127.048108,236.414725,3.240000,233.174725
963,-21.418190,-21.218474,-22.218474,-20.218474,noise,none,0.000000,-18,-127.048108,258.479305,3.240000,255.239305
964,-20.538298,-21.306291,-22.306291,-20.306291,noise,none,0.000000,-18,-127.048108,242.641252,3.240000,239.401252
965,-19.391209,-19.299591,-20.299591,-18.299591,informed,none,0.000000,-18,-127.048108,221.993654,3.240000,218.753654
966,-18.360307,-16.936117,-17.936117,-15.936117,informed,sell_to_mm,-17.936117,-17,-109.111991,203.013234,2.890000,200.123234
967,-18.948479,-19.601318,-20.601318,-18.601318,informed,none,0.000000,-17,-109.111991,213.012151,2.890000,210.122151
968,-18.030552,-17.933165,-18.933165,-16.933165,noise,none,0.000000,-17,-109.111991,197.407387,2.890000,194.517387
969,-19.000401,-19.693152,-20.693152,-18.693152,informed,none,0.000000,-17,-109.111991,213.894826,2.890000,211.004826
970,-18.995926,-18.994016,-19.994016,-17.994016,noise,none,0.000000,-17,-109.111991,213.818745,2.890000,210.928745
971,-18.551456,-18.228088,-19.228088,-17.228088,noise,none,0.000000,-17,-109.111991,206.262759,2.890000,203.372759
972,-16.443489,-16.364978,-17.364978,-15.364978,noise,none,0.000000,-17,-109.111991,170.427320,2.890000,167.537320
973,-16.464124,-16.110915,-17.110915,-15.110915,noise,sell_to_mm,-17.110915,-16,-92.001076,171.424904,2.560000,168.864904
974,-17.799051,-17.383228,-18.383228,-16.383228,informed,none,0.000000,-16,-92.001076,192.783742,2.560000,190.223742
975,-17.887393,-18.411637,-19.411637,-17.411637,informed,none,0.000000,-16,-92.001076,194.197219,2.560000,191.637219
976,-16.510647,-16.853094,-17.853094,-15.853094,noise,buy_from_mm,-15.853094,-17,-107.854170,172.826830,2.890000,169.936830
977,-16.901982,-17.035913,-18.035913,-16.035913,noise,sell_to_mm,-18.035913,-16,-89.818256,180.613452,2.560000,178.053452
978,-17.709262,-17.671915,-18.671915,-16.671915,informed,none,0.000000,-16,-89.818256,193.529936,2.560000,190.969936
979,-18.750758,-17.901509,-18.901509,-16.901509,informed,none,0.000000,-16,-89.818256,210.193866,2.560000,207.633866
980,-18.318877,-19.139547,-20.139547,-18.139547,informed,none,0.000000,-16,-89.818256,203.283776,2.560000,200.723776
981,-16.084524,-16.194989,-17.194989,-15.194989,noise,buy_from_mm,-15.194989,-17,-105.013245,168.423671,2.890000,165.533671
982,-15.787042,-15.570664,-16.570664,-14.570664,noise,none,0.000000,-17,-105.013245,163.366476,2.890000,160.476476
983,-15.017902,-15.167941,-16.167941,-14.167941,noise,none,0.000000,-17,-105.013245,150.291096,2.890000,147.401096
984,-14.529076,-14.071934,-15.071934,-13.071934,noise,buy_from_mm,-13.071934,-18,-118.085179,143.438183,3.240000,140.198183
985,-15.381209,-15.526157,-16.526157,-14.526157,informed,none,0.000000,-18,-118.085179,158.776592,3.240000,155.536592
986,-13.666618,-14.096216,-15.096216,-13.096216,noise,none,0.000000,-18,-118.085179,127.913940,3.240000,124.673940
987,-15.112270,-15.453370,-16.453370,-14.453370,informed,none,0.000000,-18,-118.085179,153.935673,3.240000,150.695673
988,-14.782692,-14.449111,-15.449111,-13.449111,noise,none,0.000000,-18,-118.085179,148.003271,3.240000,144.763271
989,-15.170927,-14.728850,-15.728850,-13.728850,noise,none,0.000000,-18,-118.085179,154.991512,3.240000,151.751512
990,-15.698561,-15.928062,-16.928062,-14.928062,noise,none,0.000000,-18,-118.085179,164.488920,3.240000,161.248920
991,-15.611014,-15.854970,-16.854970,-14.854970,noise,none,0.000000,-18,-118.085179,162.913064,3.240000,159.673064
992,-17.468594,-18.162092,-19.162092,-17.162092,informed,none,0.000000,-18,-118.085179,196.349521,3.240000,193.109521
993,-16.299905,-16.184610,-17.184610,-15.184610,noise,none,0.000000,-18,-118.085179,175.313107,3.240000,172.073107
994,-16.444429,-16.009356,-17.009356,-15.009356,noise,none,0.000000,-18,-118.085179,177.914539,3.240000,174.674539
995,-15.811729,-15.401681,-16.401681,-14.401681,informed,none,0.000000,-18,-118.085179,166.525940,3.240000,163.285940
996,-15.491979,-14.942640,-15.942640,-13.942640,noise,sell_to_mm,-15.942640,-17,-102.142539,161.221107,2.890000,158.331107
997,-15.505653,-15.492622,-16.492622,-14.492622,informed,none,0.000000,-17,-102.142539,161.453555,2.890000,158.563555
998,-15.412655,-14.811593,-15.811593,-13.811593,informed,none,0.000000,-17,-102.142539,159.872602,2.890000,156.982602
999,-14.129954,-13.836597,-14.836597,-12.836597,informed,none,0.000000,-17,-102.142539,138.066683,2.890000,135.176683
1000,-14.537761,-15.104596,-16.104596,-14.104596,noise,none,0.000000,-17,-102.142539,144.999394,2.890000,142.109394
1001,-12.576973,-12.124968,-13.124968,-11.124968,informed,none,0.000000,-17,-102.142539,111.665997,2.890000,108.775997
1002,-12.292517,-12.222624,-13.222624,-11.222624,noise,sell_to_mm,-13.222624,-16,-88.919915,107.760357,2.560000,105.200357
1003,-12.234259,-12.606027,-13.606027,-11.606027,noise,none,0.000000,-16,-88.919915,106.828234,2.560000,104.268234
1004,-11.980781,-11.132198,-12.132198,-10.132198,informed,none,0.000000,-16,-88.919915,102.772580,2.560000,100.212580
1005,-11.171256,-11.429208,-12.429208,-10.429208,informed,none,0.000000,-16,-88.919915,89.820188,2.560000,87.260188
1006,-11.807127,-11.261402,-12.261402,-10.261402,informed,none,0.000000,-16,-88.919915,99.994125,2.560000,97.434125
1007,-10.261981,-10.948329,-11.948329,-9.948329,informed,none,0.000000,-16,-88.919915,75.271781,2.560000,72.711781
1008,-9.724224,-10.813055,-11.813055,-9.813055,noise,none,0.000000,-16,-88.919915,66.667677,2.560000,64.107677
1009,-8.557490,-8.287633,-9.287633,-7.287633,noise,buy_from_mm,-7.287633,-17,-96.207548,49.269777,2.890000,46.379777
1010,-7.582878,-7.718018,-8.718018,-6.718018,informed,none,0.000000,-17,-96.207548,32.701374,2.890000,29.811374
1011,-8.891605,-9.441979,-10.441979,-8.441979,noise,none,0.000000,-17,-96.207548,54.949736,2.890000,52.059736
1012,-8.165736,-7.327065,-8.327065,-6.327065,informed,none,0.000000,-17,-96.207548,42.609969,2.890000,39.719969
1013,-8.831947,-8.957450,-9.957450,-7.957450,noise,sell_to_mm,-9.957450,-16,-86.250098,55.061055,2.560000,52.501055
1014,-7.554570,-7.495794,-8.495794,-6.495794,informed,none,0.000000,-16,-86.250098,34.623022,2.560000,32.063022
1015,-6.913591,-6.678734,-7.678734,-5.678734,noise,none,0.000000,-16,-86.250098,24.367360,2.560000,21.807360
1016,-5.430021,-5.433038,-6.433038,-4.433038,informed,none,0.000000,-16,-86.250098,0.630243,2.560000,-1.929757
1017,-6.161410,-5.673415,-6.673415,-4.673415,informed,none,0.000000,-16,-86.250098,12.332457,2.560000,9.772457
1018,-8.616467,-9.106152,-10.106152,-8.106152,informed,none,0.000000,-16,-86.250098,51.613367,2.560000,49.053367
1019,-9.079632,-9.559407,-10.559407,-8.559407,informed,none,0.000000,-16,-86.250098,59.024016,2.560000,56.464016
1020,-8.866971,-8.722177,-9.722177,-7.722177,noise,none,0.000000,-16,-86.250098,55.621434,2.560000,53.061434
1021,-8.601698,-8.314397,-9.314397,-7.314397,noise,sell_to_mm,-9.314397,-15,-76.935701,52.089766,2.250000,49.839766
1022,-9.123274,-8.792773,-9.792773,-7.792773,noise,none,0.000000,-15,-76.935701,59.913410,2.250000,57.663410
1023,-8.316775,-8.706056,-9.706056,-7.706056,noise,none,0.000000,-15,-76.935701,47.815925,2.250000,45.565925
1024,-6.909048,-7.024696,-8.024696,-6.024696,noise,none,0.000000,-15,-76.935701,26.700024,2.250000,24.450024
1025,-6.608562,-6.871817,-7.871817,-5.871817,noise,buy_from_mm,-5.871817,-16,-82.807518,22.929472,2.560000,20.369472
1026,-6.403788,-6.480158,-7.480158,-5.480158,informed,none,0.000000,-16,-82.807518,19.653085,2.560000,17.093085
1027,-6.542682,-6.712633,-7.712633,-5.712633,informed,none,0.000000,-16,-82.807518,21.875398,2.560000,19.315398
1028,-8.052358,-7.450483,-8.450483,-6.450483,informed,none,0.000000,-16,-82.807518,46.030213,2.560000,43.470213
1029,-8.748883,-9.128066,-10.128066,-8.128066,noise,none,0.000000,-16,-82.807518,57.174606,2.560000,54.614606
1030,-9.591449,-9.693158,-10.693158,-8.693158,noise,none,0.000000,-16,-82.807518,70.655663,2.560000,68.095663
1031,-6.881145,-6.583398,-7.583398,-5.583398,informed,none,0.000000,-16,-82.807518,27.290798,2.560000,24.730798
1032,-7.181863,-7.633800,-8.633800,-6.633800,noise,sell_to_mm,-8.633800,-15,-74.173718,33.554226,2.250000,31.304226
1033,-6.482572,-7.030171,-8.030171,-6.030171,informed,none,0.000000,-15,-74.173718,23.064865,2.250000,20.814865
1034,-7.239354,-7.744817,-8.744817,-6.744817,informed,none,0.000000,-15,-74.173718,34.416589,2.250000,32.166589
1035,-7.162880,-7.594917,-8.594917,-6.594917,informed,none,0.000000,-15,-74.173718,33.269486,2.250000,31.019486
1036,-7.582053,-7.743526,-8.743526,-6.743526,noise,none,0.000000,-15,-74.173718,39.557081,2.250000,37.307081
1037,-6.911991,-6.710564,-7.710564,-5.710564,noise,none,0.000000,-15,-74.173718,29.506142,2.250000,27.256142
1038,-8.322452,-8.655380,-9.655380,-7.655380,noise,none,0.000000,-15,-74.173718,50.663057,2.250000,48.413057
1039,-9.710799,-9.685420,-10.685420,-8.685420,noise,none,0.000000,-15,-74.173718,71.488270,2.250000,69.238270
1040,-9.609054,-8.638330,-9.638330,-7.638330,informed,none,0.000000,-15,-74.173718,69.962097,2.250000,67.712097
1041,-7.567388,-6.689559,-7.689559,-5.689559,noise,none,0.000000,-15,-74.173718,39.337104,2.250000,37.087104
1042,-5.852452,-5.709535,-6.709535,-4.709535,noise,none,0.000000,-15,-74.173718,13.613063,2.250000,11.363063
1043,-8.513735,-8.273289,-9.273289,-7.273289,noise,none,0.000000,-15,-74.173718,53.532303,2.250000,51.282303
1044,-8.805558,-8.117682,-9.117682,-7.117682,noise,none,0.000000,-15,-74.173718,57.909652,2.250000,55.659652
1045,-6.631096,-6.349435,-7.349435,-5.349435,noise,none,0.000000,-15,-74.173718,25.292722,2.250000,23.042722
1046,-7.611694,-7.691739,-8.691739,-6.691739,noise,sell_to_mm,-8.691739,-14,-65.481979,41.081732,1.960000,39.121732
1047,-6.089630,-6.193404,-7.193404,-5.193404,noise,none,0.000000,-14,-65.481979,19.772835,1.960000,17.812835
1048,-6.177993,-5.914549,-6.914549,-4.914549,noise,none,0.000000,-14,-65.481979,21.009927,1.960000,19.049927
1049,-5.280115,-5.159730,-6.159730,-4.159730,noise,none,0.000000,-14,-65.481979,8.439624,1.960000,6.479624
1050,-4.704228,-4.324533,-5.324533,-3.324533,informed,none,0.000000,-14,-65.481979,0.377216,1.960000,-1.582784
1051,-4.521321,-4.378153,-5.378153,-3.378153,noise,sell_to_mm,-5.378153,-13,-60.103826,-1.326651,1.690000,-3.016651
1052,-3.709380,-3.600164,-4.600164,-2.600164,informed,none,0.000000,-13,-60.103826,-11.881889,1.690000,-13.571889
1053,-4.676048,-3.927647,-4.927647,-2.927647,noise,sell_to_mm,-4.927647,-12,-55.176180,0.936391,1.440000,-0.503609
1054,-4.712719,-4.774997,-5.774997,-3.774997,noise,none,0.000000,-12,-55.176180,1.376447,1.440000,-0.063553
1055,-4.300616,-3.962894,-4.962894,-2.962894,noise,buy_from_mm,-2.962894,-13,-58.139074,-2.231067,1.690000,-3.921067
1056,-4.871553,-4.941598,-5.941598,-3.941598,noise,none,0.000000,-13,-58.139074,5.191117,1.690000,3.501117
1057,-4.536763,-4.020709,-5.020709,-3.020709,informed,none,0.000000,-13,-58.139074,0.838843,1.690000,-0.851157
1058,-5.568574,-5.679300,-6.679300,-4.679300,noise,none,0.000000,-13,-58.139074,14.252387,1.690000,12.562387
1059,-4.993850,-4.448813,-5.448813,-3.448813,noise,none,0.000000,-13,-58.139074,6.780982,1.690000,5.090982
1060,-5.411376,-4.965661,-5.965661,-3.965661,informed,none,0.000000,-13,-58.139074,12.208811,1.690000,10.518811
1061,-6.382023,-6.139729,-7.139729,-5.139729,noise,none,0.000000,-13,-58.139074,24.827225,1.690000,23.137225
1062,-6.567492,-6.536567,-7.536567,-5.536567,noise,buy_from_mm,-5.536567,-14,-63.675641,28.269251,1.960000,26.309251
1063,-7.556831,-7.209538,-8.209538,-6.209538,noise,none,0.000000,-14,-63.675641,42.119989,1.960000,40.159989
1064,-8.074451,-8.171110,-9.171110,-7.171110,noise,buy_from_mm,-7.171110,-15,-70.846751,50.270007,2.250000,48.020007
1065,-8.212366,-8.117653,-9.117653,-7.117653,noise,none,0.000000,-15,-70.846751,52.338740,2.250000,50.088740
1066,-5.851537,-6.762913,-7.762913,-5.762913,noise,none,0.000000,-15,-70.846751,16.926299,2.250000,14.676299
1067,-4.012122,-4.099767,-5.099767,-3.099767,noise,none,0.000000,-15,-70.846751,-10.664919,2.250000,-12.914919
1068,-4.627844,-4.762504,-5.762504,-3.762504,noise,sell_to_mm,-5.762504,-14,-65.084247,-0.294426,1.960000,-2.254426
1069,-6.129960,-6.042720,-7.042720,-5.042720,noise,none,0.000000,-14,-65.084247,20.735199,1.960000,18.775199
1070,-4.414033,-5.316673,-6.316673,-4.316673,noise,buy_from_mm,-4.316673,-15,-69.400921,-3.190428,2.250000,-5.440428
1071,-4.998753,-4.742228,-5.742228,-3.742228,noise,none,0.000000,-15,-69.400921,5.580376,2.250000,3.330376
1072,-3.503865,-3.983159,-4.983159,-2.983159,noise,none,0.000000,-15,-69.400921,-16.842948,2.250000,-19.092948
1073,-2.884637,-3.404715,-4.404715,-2.404715,noise,none,0.000000,-15,-69.400921,-26.131371,2.250000,-28.381371
1074,-3.844990,-3.704768,-4.704768,-2.704768,noise,none,0.000000,-15,-69.400921,-11.726063,2.250000,-13.976063
1075,-3.827374,-3.216916,-4.216916,-2.216916,noise,buy_from_mm,-2.216916,-16,-71.617837,-10.379854,2.560000,-12.939854
1076,-3.933468,-3.612300,-4.612300,-2.612300,noise,buy_from_mm,-2.612300,-17,-74.230137,-7.361177,2.890000,-10.251177
1077,-3.745064,-4.125475,-5.125475,-3.125475,noise,none,0.000000,-17,-74.230137,-10.564041,2.890000,-13.454041
1078,-2.636145,-2.972753,-3.972753,-1.972753,informed,none,0.000000,-17,-74.230137,-29.415668,2.890000,-32.305668
1079,0.105097,0.404649,-0.595351,1.404649,noise,none,0.000000,-17,-74.230137,-76.016790,2.890000,-78.906790
1080,0.885782,0.025794,-0.974206,1.025794,informed,none,0.000000,-17,-74.230137,-89.288430,2.890000,-92.178430
1081,0.033189,0.938301,-0.061699,1.938301,noise,none,0.000000,-17,-74.230137,-74.794357,2.890000,-77.684357
1082,0.217707,-0.768464,-1.768464,0.231536,informed,none,0.000000,-17,-74.230137,-77.931151,2.890000,-80.821151
1083,0.341834,-0.460759,-1.460759,0.539241,informed,none,0.000000,-17,-74.230137,-80.041307,2.890000,-82.931307
1084,0.402955,-0.135548,-1.135548,0.864452,informed,none,0.000000,-17,-74.230137,-81.080370,2.890000,-83.970370
1085,0.773525,0.112259,-0.887741,1.112259,informed,none,0.000000,-17,-74.230137,-87.380061,2.890000,-90.270061
1086,0.849244,0.685583,-0.314417,1.685583,noise,none,0.000000,-17,-74.230137,-88.667291,2.890000,-91.557291
1087,0.006220,-0.414933,-1.414933,0.585067,informed,none,0.000000,-17,-74.230137,-74.335883,2.890000,-77.225883
1088,0.339607,1.057574,0.057574,2.057574,noise,sell_to_mm,0.057574,-16,-74.287710,-79.721420,2.560000,-82.281420
1089,0.772483,-0.196932,-1.196932,0.803068,informed,none,0.000000,-16,-74.287710,-86.647446,2.560000,-89.207446
1090,-0.207804,-0.051376,-1.051376,0.948624,noise,none,0.000000,-16,-74.287710,-70.962853,2.560000,-73.522853
1091,0.269322,-0.345829,-1.345829,0.654171,noise,buy_from_mm,0.654171,-17,-73.633540,-78.212020,2.890000,-81.102020
1092,1.174021,1.210137,0.210137,2.210137,informed,none,0.000000,-17,-73.633540,-93.591899,2.890000,-96.481899
1093,2.042463,2.901090,1.901090,3.901090,noise,buy_from_mm,3.901090,-18,-69.732450,-106.496784,3.240000,-109.736784
1094,2.564537,3.278077,2.278077,4.278077,noise,sell_to_mm,2.278077,-17,-72.010527,-115.607658,2.890000,-118.497658
1095,2.764193,2.158342,1.158342,3.158342,informed,none,0.000000,-17,-72.010527,-119.001811,2.890000,-121.891811
1096,0.605685,0.700076,-0.299924,1.700076,informed,none,0.000000,-17,-72.010527,-82.307165,2.890000,-85.197165
1097,1.430850,2.381735,1.381735,3.381735,noise,buy_from_mm,3.381735,-18,-68.628792,-94.384085,3.240000,-97.624085
1098,1.999131,1.305295,0.305295,2.305295,noise,sell_to_mm,0.305295,-17,-68.934087,-102.919321,2.890000,-105.809321
1099,1.313524,0.525132,-0.474868,1.525132,informed,none,0.000000,-17,-68.934087,-91.263993,2.890000,-94.153993
1100,0.896411,0.660122,-0.339878,1.660122,informed,none,0.000000,-17,-68.934087,-84.173071,2.890000,-87.063071
1101,1.532312,1.646999,0.646999,2.646999,noise,buy_from_mm,2.646999,-18,-66.287088,-93.868695,3.240000,-97.108695
1102,2.810873,3.149094,2.149094,4.149094,informed,none,0.000000,-18,-66.287088,-116.882801,3.240000,-120.122801
1103,3.188192,2.976036,1.976036,3.976036,noise,none,0.000000,-18,-66.287088,-123.674549,3.240000,-126.914549
1104,2.799929,3.533506,2.533506,4.533506,noise,none,0.000000,-18,-66.287088,-116.685805,3.240000,-119.925805
1105,2.276439,1.872086,0.872086,2.872086,noise,none,0.000000,-18,-66.287088,-107.262995,3.240000,-110.502995
1106,1.712818,1.887244,0.887244,2.887244,noise,none,0.000000,-18,-66.287088,-97.117805,3.240000,-100.357805
1107,1.285637,0.741037,-0.258963,1.741037,noise,none,0.000000,-18,-66.287088,-89.428545,3.240000,-92.668545
1108,1.846486,2.039189,1.039189,3.039189,noise,buy_from_mm,3.039189,-19,-63.247898,-98.331134,3.610000,-101.941134
1109,1.063257,0.832950,-0.167050,1.832950,informed,none,0.000000,-19,-63.247898,-83.449775,3.610000,-87.059775
1110,1.576111,1.064374,0.064374,2.064374,noise,none,0.000000,-19,-63.247898,-93.194007,3.610000,-96.804007
1111,0.403147,1.454030,0.454030,2.454030,noise,sell_to_mm,0.454030,-18,-63.701928,-70.958574,3.240000,-74.198574
1112,0.165453,0.079388,-0.920612,1.079388,noise,none,0.000000,-18,-63.701928,-66.680090,3.240000,-69.920090
1113,1.338505,0.944997,-0.055003,1.944997,informed,none,0.000000,-18,-63.701928,-87.795018,3.240000,-91.035018
1114,-0.877901,-0.590401,-1.590401,0.409599,informed,none,0.000000,-18,-63.701928,-47.899710,3.240000,-51.139710
1115,-2.195071,-2.041349,-3.041349,-1.041349,noise,buy_from_mm,-1.041349,-19,-64.743277,-23.036920,3.610000,-26.646920
1116,-1.876959,-2.042556,-3.042556,-1.042556,noise,sell_to_mm,-3.042556,-18,-61.700721,-27.915454,3.240000,-31.155454
1117,-2.003543,-2.321846,-3.321846,-1.321846,informed,none,0.000000,-18,-61.700721,-25.636942,3.240000,-28.876942
1118,-1.698350,-1.328764,-2.328764,-0.328764,informed,none,0.000000,-18,-61.700721,-31.130420,3.240000,-34.370420
1119,-1.465322,-1.767131,-2.767131,-0.767131,noise,none,0.000000,-18,-61.700721,-35.324924,3.240000,-38.564924
1120,-1.200587,-1.095758,-2.095758,-0.095758,informed,none,0.000000,-18,-61.700721,-40.090159,3.240000,-43.330159
1121,-1.912960,-1.797164,-2.797164,-0.797164,informed,none,0.000000,-18,-61.700721,-27.267436,3.240000,-30.507436
1122,-2.256135,-1.736806,-2.736806,-0.736806,noise,none,0.000000,-18,-61.700721,-21.090294,3.240000,-24.330294
1123,-1.252092,-1.538533,-2.538533,-0.538533,informed,none,0.000000,-18,-61.700721,-39.163065,3.240000,-42.403065
1124,-0.571647,0.473213,-0.526787,1.473213,informed,sell_to_mm,-0.526787,-17,-61.173935,-51.455929,2.890000,-54.345929
1125,-1.072568,-1.411276,-2.411276,-0.411276,informed,none,0.000000,-17,-61.173935,-42.940278,2.890000,-45.830278
1126,-0.796751,-0.533436,-1.533436,0.466564,informed,none,0.000000,-17,-61.173935,-47.629171,2.890000,-50.519171
1127,-1.074399,-1.854504,-2.854504,-0.854504,informed,none,0.000000,-17,-61.173935,-42.909156,2.890000,-45.799156
1128,-0.934049,-0.360211,-1.360211,0.639789,noise,none,0.000000,-17,-61.173935,-45.295106,2.890000,-48.185106
1129,-1.002535,-0.854415,-1.854415,0.145585,informed,none,0.000000,-17,-61.173935,-44.130844,2.890000,-47.020844
1130,-0.678929,-0.691067,-1.691067,0.308933,informed,none,0.000000,-17,-61.173935,-49.632149,2.890000,-52.522149
1131,0.975588,1.316480,0.316480,2.316480,noise,none,0.000000,-17,-61.173935,-77.758926,2.890000,-80.648926
1132,3.005885,3.012669,2.012669,4.012669,noise,none,0.000000,-17,-61.173935,-112.273971,2.890000,-115.163971
1133,3.278712,3.525274,2.525274,4.525274,informed,none,0.000000,-17,-61.173935,-116.912032,2.890000,-119.802032
1134,3.580352,3.825154,2.825154,4.825154,noise,none,0.000000,-17,-61.173935,-122.039919,2.890000,-124.929919
1135,4.802504,5.253944,4.253944,6.253944,noise,sell_to_mm,4.253944,-16,-65.427878,-142.267941,2.560000,-144.827941
1136,5.489128,5.637027,4.637027,6.637027,noise,none,0.000000,-16,-65.427878,-153.253925,2.560000,-155.813925
1137,5.379587,5.563787,4.563787,6.563787,informed,none,0.000000,-16,-65.427878,-151.501269,2.560000,-154.061269
1138,6.921930,7.569171,6.569171,8.569171,noise,none,0.000000,-16,-65.427878,-176.178759,2.560000,-178.738759
1139,5.455204,6.091329,5.091329,7.091329,noise,none,0.000000,-16,-65.427878,-152.711148,2.560000,-155.271148
1140,5.347708,5.859224,4.859224,6.859224,informed,none,0.000000,-16,-65.427878,-150.991199,2.560000,-153.551199
1141,5.247204,5.499586,4.499586,6.499586,noise,none,0.000000,-16,-65.427878,-149.383145,2.560000,-151.943145
1142,4.207940,4.130418,3.130418,5.130418,informed,none,0.000000,-16,-65.427878,-132.754923,2.560000,-135.314923
1143,3.302335,3.642306,2.642306,4.642306,informed,none,0.000000,-16,-65.427878,-118.265233,2.560000,-120.825233
1144,3.949875,4.140671,3.140671,5.140671,informed,none,0.000000,-16,-65.427878,-128.625871,2.560000,-131.185871
1145,1.784916,1.255067,0.255067,2.255067,noise,sell_to_mm,0.255067,-15,-65.682945,-92.456683,2.250000,-94.706683
1146,2.805834,2.422009,1.422009,3.422009,noise,sell_to_mm,1.422009,-14,-67.104954,-106.386625,1.960000,-108.346625
1147,2.260337,2.113218,1.113218,3.113218,informed,none,0.000000,-14,-67.104954,-98.749668,1.960000,-100.709668
1148,3.231494,2.703895,1.703895,3.703895,noise,none,0.000000,-14,-67.104954,-112.345866,1.960000,-114.305866
1149,3.762968,3.340741,2.340741,4.340741,noise,none,0.000000,-14,-67.104954,-119.786505,1.960000,-121.746505
1150,3.152124,2.734004,1.734004,3.734004,noise,none,0.000000,-14,-67.104954,-111.234687,1.960000,-113.194687
1151,3.619346,5.223511,4.223511,6.223511,noise,none,0.000000,-14,-67.104954,-117.775798,1.960000,-119.735798
1152,2.926960,3.199178,2.199178,4.199178,informed,none,0.000000,-14,-67.104954,-108.082392,1.960000,-110.042392
1153,3.443330,3.728365,2.728365,4.728365,noise,none,0.000000,-14,-67.104954,-115.311567,1.960000,-117.271567
1154,3.932676,3.984396,2.984396,4.984396,noise,sell_to_mm,2.984396,-13,-70.089350,-121.214142,1.690000,-122.904142
1155,2.871782,2.478659,1.478659,3.478659,noise,none,0.000000,-13,-70.089350,-107.422511,1.690000,-109.112511
1156,2.664856,2.763649,1.763649,3.763649,informed,none,0.000000,-13,-70.089350,-104.732481,1.690000,-106.422481
1157,2.769346,2.609785,1.609785,3.609785,noise,none,0.000000,-13,-70.089350,-106.090853,1.690000,-107.780853
1158,2.965604,3.169227,2.169227,4.169227,noise,none,0.000000,-13,-70.089350,-108.642206,1.690000,-110.332206
1159,2.799148,2.667529,1.667529,3.667529,noise,none,0.000000,-13,-70.089350,-106.478277,1.690000,-108.168277
1160,1.897733,2.114018,1.114018,3.114018,informed,none,0.000000,-13,-70.089350,-94.759883,1.690000,-96.449883
1161,3.718101,3.729316,2.729316,4.729316,noise,none,0.000000,-13,-70.089350,-118.424669,1.690000,-120.114669
1162,2.829257,2.676203,1.676203,3.676203,informed,none,0.000000,-13,-70.089350,-106.869695,1.690000,-108.559695
1163,3.375021,3.567584,2.567584,4.567584,informed,none,0.000000,-13,-70.089350,-113.964619,1.690000,-115.654619
1164,3.652850,3.219220,2.219220,4.219220,noise,none,0.000000,-13,-70.089350,-117.576406,1.690000,-119.266406
1165,3.055681,3.294552,2.294552,4.294552,informed,none,0.000000,-13,-70.089350,-109.813204,1.690000,-111.503204
1166,3.083494,3.371854,2.371854,4.371854,noise,none,0.000000,-13,-70.089350,-110.174769,1.690000,-111.864769
1167,2.357620,2.724343,1.724343,3.724343,noise,none,0.000000,-13,-70.089350,-100.738404,1.690000,-102.428404
1168,1.159908,0.977087,-0.022913,1.977087,noise,none,0.000000,-13,-70.089350,-85.168150,1.690000,-86.858150
1169,1.509746,1.689884,0.689884,2.689884,noise,none,0.000000,-13,-70.089350,-89.716053,1.690000,-91.406053
1170,1.543556,1.001535,0.001535,2.001535,noise,none,0.000000,-13,-70.089350,-90.155576,1.690000,-91.845576
1171,0.402732,-0.066283,-1.066283,0.933717,informed,none,0.000000,-13,-70.089350,-75.324872,1.690000,-77.014872
1172,-1.450063,-1.532023,-2.532023,-0.532023,noise,none,0.000000,-13,-70.089350,-51.238535,1.690000,-52.928535
1173,-0.615904,0.251866,-0.748134,1.251866,noise,none,0.000000,-13,-70.089350,-62.082603,1.690000,-63.772603
1174,-1.585706,-1.598466,-2.598466,-0.598466,informed,none,0.000000,-13,-70.089350,-49.475178,1.690000,-51.165178
1175,-0.213961,-0.992169,-1.992169,0.007831,noise,sell_to_mm,-1.992169,-12,-68.097182,-65.529653,1.440000,-66.969653
1176,-0.263334,0.388798,-0.611202,1.388798,informed,none,0.000000,-12,-68.097182,-64.937175,1.440000,-66.377175
1177,-1.400490,-1.431074,-2.431074,-0.431074,noise,none,0.000000,-12,-68.097182,-51.291300,1.440000,-52.731300
1178,-2.007468,-1.294742,-2.294742,-0.294742,noise,none,0.000000,-12,-68.097182,-44.007567,1.440000,-45.447567
1179,-2.184036,-2.256189,-3.256189,-1.256189,informed,none,0.000000,-12,-68.097182,-41.888747,1.440000,-43.328747
1180,-0.199296,-1.181944,-2.181944,-0.181944,noise,none,0.000000,-12,-68.097182,-65.705624,1.440000,-67.145624
1181,0.332371,-0.550184,-1.550184,0.449816,noise,none,0.000000,-12,-68.097182,-72.085636,1.440000,-73.525636
1182,-0.777842,-0.702242,-1.702242,0.297758,noise,none,0.000000,-12,-68.097182,-58.763072,1.440000,-60.203072
1183,0.216401,-0.050200,-1.050200,0.949800,informed,none,0.000000,-12,-68.097182,-70.693993,1.440000,-72.133993
1184,1.283998,1.435892,0.435892,2.435892,noise,none,0.000000,-12,-68.097182,-83.505159,1.440000,-84.945159
1185,1.574304,1.193981,0.193981,2.193981,informed,none,0.000000,-12,-68.097182,-86.988826,1.440000,-88.428826
1186,3.182049,3.453352,2.453352,4.453352,informed,none,0.000000,-12,-68.097182,-106.281764,1.440000,-107.721764
1187,1.908568,2.341343,1.341343,3.341343,informed,none,0.000000,-12,-68.097182,-90.999994,1.440000,-92.439994
1188,3.159636,3.059239,2.059239,4.059239,noise,none,0.000000,-12,-68.097182,-106.012818,1.440000,-107.452818
1189,3.857907,2.775010,1.775010,3.775010,informed,buy_from_mm,3.775010,-13,-64.322172,-114.474961,1.690000,-116.164961
1190,3.008290,3.152220,2.152220,4.152220,noise,sell_to_mm,2.152220,-12,-66.474392,-102.573877,1.440000,-104.013877
1191,2.857263,3.124476,2.124476,4.124476,informed,none,0.000000,-12,-66.474392,-100.761544,1.440000,-102.201544
1192,1.632618,1.912884,0.912884,2.912884,noise,none,0.000000,-12,-66.474392,-86.065804,1.440000,-87.505804
1193,1.793958,1.886593,0.886593,2.886593,informed,none,0.000000,-12,-66.474392,-88.001891,1.440000,-89.441891
1194,2.815782,3.536718,2.536718,4.536718,informed,none,0.000000,-12,-66.474392,-100.263774,1.440000,-101.703774
1195,2.102209,1.704414,0.704414,2.704414,noise,sell_to_mm,0.704414,-11,-67.178806,-90.303104,1.210000,-91.513104
1196,2.139601,1.703935,0.703935,2.703935,noise,none,0.000000,-11,-67.178806,-90.714421,1.210000,-91.924421
1197,2.550574,2.764015,1.764015,3.764015,informed,none,0.000000,-11,-67.178806,-95.235115,1.210000,-96.445115
1198,3.188789,3.483327,2.483327,4.483327,informed,none,0.000000,-11,-67.178806,-102.255480,1.210000,-103.465480
1199,3.967424,3.811519,2.811519,4.811519,noise,buy_from_mm,4.811519,-12,-62.367287,-109.976377,1.440000,-111.416377
1200,2.660462,2.798276,1.798276,3.798276,noise,sell_to_mm,1.798276,-11,-64.165563,-93.430645,1.210000,-94.640645
1201,3.809254,3.986219,2.986219,4.986219,noise,none,0.000000,-11,-64.165563,-106.067359,1.210000,-107.277359
1202,5.540641,6.299589,5.299589,7.299589,noise,none,0.000000,-11,-64.165563,-125.112611,1.210000,-126.322611
1203,5.630553,6.168900,5.168900,7.168900,noise,none,0.000000,-11,-64.165563,-126.101643,1.210000,-127.311643
1204,6.965824,6.269832,5.269832,7.269832,informed,none,0.000000,-11,-64.165563,-140.789627,1.210000,-141.999627
1205,4.978909,4.842040,3.842040,5.842040,informed,none,0.000000,-11,-64.165563,-118.933562,1.210000,-120.143562
1206,3.878921,3.615951,2.615951,4.615951,noise,none,0.000000,-11,-64.165563,-106.833694,1.210000,-108.043694
1207,2.699375,2.477565,1.477565,3.477565,noise,sell_to_mm,1.477565,-10,-65.643128,-92.636883,1.000000,-93.636883
1208,3.455377,3.180000,2.180000,4.180000,noise,none,0.000000,-10,-65.643128,-100.196894,1.000000,-101.196894
1209,3.552493,3.482564,2.482564,4.482564,noise,none,0.000000,-10,-65.643128,-101.168054,1.000000,-102.168054
1210,2.271619,2.186347,1.186347,3.186347,noise,none,0.000000,-10,-65.643128,-88.359323,1.000000,-89.359323
1211,1.572237,1.606973,0.606973,2.606973,informed,none,0.000000,-10,-65.643128,-81.365496,1.000000,-82.365496
1212,2.488277,1.582092,0.582092,2.582092,noise,none,0.000000,-10,-65.643128,-90.525898,1.000000,-91.525898
1213,2.318910,2.043900,1.043900,3.043900,noise,sell_to_mm,1.043900,-9,-66.687028,-87.557221,0.810000,-88.367221
1214,2.167419,1.701359,0.701359,2.701359,informed,none,0.000000,-9,-66.687028,-86.193802,0.810000,-87.003802
1215,3.304693,4.032362,3.032362,5.032362,noise,none,0.000000,-9,-66.687028,-96.429262,0.810000,-97.239262
1216,2.751599,2.606407,1.606407,3.606407,noise,none,0.000000,-9,-66.687028,-91.451418,0.810000,-92.261418
1217,2.331511,2.009570,1.009570,3.009570,informed,none,0.000000,-9,-66.687028,-87.670628,0.810000,-88.480628
1218,3.153092,3.393929,2.393929,4.393929,noise,none,0.000000,-9,-66.687028,-95.064852,0.810000,-95.874852
1219,1.269802,1.627892,0.627892,2.627892,noise,buy_from_mm,2.627892,-10,-64.059136,-76.757152,1.000000,-77.757152
1220,0.466614,0.330201,-0.669799,1.330201,noise,none,0.000000,-10,-64.059136,-68.725279,1.000000,-69.725279
1221,0.028136,0.186797,-0.813203,1.186797,noise,none,0.000000,-10,-64.059136,-64.340499,1.000000,-65.340499
1222,-0.172842,-0.889778,-1.889778,0.110222,noise,buy_from_mm,0.110222,-11,-63.948914,-62.047654,1.210000,-63.257654
1223,-2.132041,-1.549949,-2.549949,-0.549949,informed,none,0.000000,-11,-63.948914,-40.496466,1.210000,-41.706466
1224,-2.181360,-2.485150,-3.485150,-1.485150,informed,none,0.000000,-11,-63.948914,-39.953951,1.210000,-41.163951
1225,-0.712158,-0.554299,-1.554299,0.445701,noise,none,0.000000,-11,-63.948914,-56.115179,1.210000,-57.325179
1226,-1.128637,-2.176921,-3.176921,-1.176921,informed,buy_from_mm,-1.176921,-12,-65.125835,-51.582191,1.440000,-53.022191
1227,-1.175861,-1.862302,-2.862302,-0.862302,noise,none,0.000000,-12,-65.125835,-51.015507,1.440000,-52.455507
1228,-0.019420,-0.960374,-1.960374,0.039626,noise,buy_from_mm,0.039626,-13,-65.086208,-64.833754,1.690000,-66.523754
1229,-0.040168,0.494879,-0.505121,1.494879,informed,none,0.000000,-13,-65.086208,-64.564022,1.690000,-66.254022
1230,-0.610781,-0.658676,-1.658676,0.341324,informed,none,0.000000,-13,-65.086208,-57.146050,1.690000,-58.836050
1231,-0.948919,-0.794559,-1.794559,0.205441,noise,none,0.000000,-13,-65.086208,-52.750266,1.690000,-54.440266
1232,-0.828763,-1.244639,-2.244639,-0.244639,noise,none,0.000000,-13,-65.086208,-54.312286,1.690000,-56.002286
1233,-0.095910,0.063435,-0.936565,1.063435,noise,none,0.000000,-13,-65.086208,-63.839382,1.690000,-65.529382
1234,-1.793654,-1.986560,-2.986560,-0.986560,noise,buy_from_mm,-0.986560,-14,-66.072768,-40.961611,1.960000,-42.921611
1235,-4.551802,-4.688570,-5.688570,-3.688570,noise,none,0.000000,-14,-66.072768,-2.347536,1.960000,-4.307536
1236,-3.702231,-4.419781,-5.419781,-3.419781,noise,none,0.000000,-14,-66.072768,-14.241528,1.960000,-16.201528
1237,-4.948637,-4.842376,-5.842376,-3.842376,noise,none,0.000000,-14,-66.072768,3.208152,1.960000,1.248152
1238,-3.781488,-3.590896,-4.590896,-2.590896,informed,none,0.000000,-14,-66.072768,-13.131930,1.960000,-15.091930
1239,-3.659261,-3.893148,-4.893148,-2.893148,noise,sell_to_mm,-4.893148,-13,-61.179621,-13.609234,1.690000,-15.299234
1240,-3.932624,-3.554380,-4.554380,-2.554380,noise,sell_to_mm,-4.554380,-12,-56.625241,-9.433752,1.440000,-10.873752
1241,-2.574640,-2.380397,-3.380397,-1.380397,noise,none,0.000000,-12,-56.625241,-25.729558,1.440000,-27.169558
1242,-3.768754,-3.978680,-4.978680,-2.978680,informed,none,0.000000,-12,-56.625241,-11.400195,1.440000,-12.840195
1243,-2.615147,-2.285349,-3.285349,-1.285349,noise,none,0.000000,-12,-56.625241,-25.243474,1.440000,-26.683474
1244,-1.978389,-2.348323,-3.348323,-1.348323,noise,buy_from_mm,-1.348323,-13,-57.973564,-32.254506,1.690000,-33.944506
1245,-3.082511,-2.684229,-3.684229,-1.684229,noise,none,0.000000,-13,-57.973564,-17.900916,1.690000,-19.590916
1246,-1.597344,-1.027464,-2.027464,-0.027464,informed,none,0.000000,-13,-57.973564,-37.208098,1.690000,-38.898098
1247,-3.210615,-3.592108,-4.592108,-2.592108,noise,sell_to_mm,-4.592108,-12,-53.381455,-14.854072,1.440000,-16.294072
1248,-1.698635,-0.870655,-1.870655,0.129345,informed,none,0.000000,-12,-53.381455,-32.997831,1.440000,-34.437831
1249,-2.139235,-1.682832,-2.682832,-0.682832,informed,none,0.000000,-12,-53.381455,-27.710630,1.440000,-29.150630
1250,-1.494290,-0.889442,-1.889442,0.110558,noise,sell_to_mm,-1.889442,-11,-51.492013,-35.054826,1.210000,-36.264826
1251,-1.599776,-2.686280,-3.686280,-1.686280,noise,buy_from_mm,-1.686280,-12,-53.178292,-33.980981,1.440000,-35.420981
1252,-1.757267,-2.398150,-3.398150,-1.398150,informed,none,0.000000,-12,-53.178292,-32.091090,1.440000,-33.531090
1253,-1.682380,-1.529386,-2.529386,-0.529386,noise,none,0.000000,-12,-53.178292,-32.989738,1.440000,-34.429738
1254,-3.510611,-3.848008,-4.848008,-2.848008,noise,buy_from_mm,-2.848008,-13,-56.026301,-10.388363,1.690000,-12.078363
1255,-3.800020,-3.582366,-4.582366,-2.582366,noise,sell_to_mm,-4.582366,-12,-51.443935,-5.843699,1.440000,-7.283699
1256,-3.052144,-3.480758,-4.480758,-2.480758,noise,buy_from_mm,-2.480758,-13,-53.924693,-14.246816,1.690000,-15.936816
1257,-3.925243,-3.380152,-4.380152,-2.380152,informed,none,0.000000,-13,-53.924693,-2.896540,1.690000,-4.586540
1258,-5.042050,-5.229922,-6.229922,-4.229922,informed,none,0.000000,-13,-53.924693,11.621952,1.690000,9.931952
1259,-5.275845,-5.076764,-6.076764,-4.076764,informed,none,0.000000,-13,-53.924693,14.661286,1.690000,12.971286
1260,-5.311501,-5.012266,-6.012266,-4.012266,informed,none,0.000000,-13,-53.924693,15.124820,1.690000,13.434820
1261,-6.895384,-7.903159,-8.903159,-6.903159,noise,none,0.000000,-13,-53.924693,35.715304,1.690000,34.025304
1262,-6.802919,-6.864680,-7.864680,-5.864680,informed,none,0.000000,-13,-53.924693,34.513253,1.690000,32.823253
1263,-8.443375,-7.841140,-8.841140,-6.841140,noise,none,0.000000,-13,-53.924693,55.839178,1.690000,54.149178
1264,-7.086390,-7.618149,-8.618149,-6.618149,noise,none,0.000000,-13,-53.924693,38.198372,1.690000,36.508372
1265,-7.524978,-7.393360,-8.393360,-6.393360,noise,buy_from_mm,-6.393360,-14,-60.318053,45.031640,1.960000,43.071640
1266,-8.702015,-8.456616,-9.456616,-7.456616,informed,none,0.000000,-14,-60.318053,61.510158,1.960000,59.550158
1267,-8.389182,-7.234150,-8.234150,-6.234150,noise,none,0.000000,-14,-60.318053,57.130497,1.960000,55.170497
1268,-7.752096,-7.400419,-8.400419,-6.400419,informed,none,0.000000,-14,-60.318053,48.211292,1.960000,46.251292
1269,-7.329001,-7.189886,-8.189886,-6.189886,informed,none,0.000000,-14,-60.318053,42.287956,1.960000,40.327956
1270,-7.438633,-7.555925,-8.555925,-6.555925,noise,sell_to_mm,-8.555925,-13,-51.762128,44.940095,1.690000,43.250095
1271,-9.133020,-9.343373,-10.343373,-8.343373,noise,none,0.000000,-13,-51.762128,66.967126,1.690000,65.277126
1272,-11.039725,-11.021756,-12.021756,-10.021756,informed,none,0.000000,-13,-51.762128,91.754293,1.690000,90.064293
1273,-10.995810,-9.570970,-10.570970,-8.570970,informed,sell_to_mm,-10.570970,-12,-41.191158,90.758559,1.440000,89.318559
1274,-10.589989,-10.660093,-11.660093,-9.660093,noise,none,0.000000,-12,-41.191158,85.888714,1.440000,84.448714
1275,-11.548567,-10.880392,-11.880392,-9.880392,noise,none,0.000000,-12,-41.191158,97.391651,1.440000,95.951651
1276,-12.891080,-13.118286,-14.118286,-12.118286,noise,none,0.000000,-12,-41.191158,113.501800,1.440000,112.061800
1277,-13.506215,-12.965776,-13.965776,-11.965776,informed,none,0.000000,-12,-41.191158,120.883425,1.440000,119.443425
1278,-13.616890,-14.362308,-15.362308,-13.362308,noise,none,0.000000,-12,-41.191158,122.211520,1.440000,120.771520
1279,-12.849922,-14.352911,-15.352911,-13.352911,noise,none,0.000000,-12,-41.191158,113.007903,1.440000,111.567903
1280,-13.959838,-14.824654,-15.824654,-13.824654,informed,none,0.000000,-12,-41.191158,126.326894,1.440000,124.886894
1281,-15.962850,-15.490430,-16.490430,-14.490430,informed,none,0.000000,-12,-41.191158,150.363047,1.440000,148.923047
1282,-17.305191,-17.252845,-18.252845,-16.252845,noise,buy_from_mm,-16.252845,-13,-57.444003,167.523477,1.690000,165.833477
1283,-17.903150,-16.829062,-17.829062,-15.829062,informed,sell_to_mm,-17.829062,-12,-39.614941,175.222862,1.440000,173.782862
1284,-16.601445,-16.636179,-17.636179,-15.636179,informed,none,0.000000,-12,-39.614941,159.602404,1.440000,158.162404
1285,-16.450922,-17.174967,-18.174967,-16.174967,noise,none,0.000000,-12,-39.614941,157.796127,1.440000,156.356127
1286,-15.817288,-16.233489,-17.233489,-15.233489,informed,none,0.000000,-12,-39.614941,150.192515,1.440000,148.752515
1287,-15.756241,-16.047773,-17.047773,-15.047773,informed,none,0.000000,-12,-39.614941,149.459952,1.440000,148.019952
1288,-14.309895,-14.368673,-15.368673,-13.368673,informed,none,0.000000,-12,-39.614941,132.103804,1.440000,130.663804
1289,-15.745645,-14.969308,-15.969308,-13.969308,informed,none,0.000000,-12,-39.614941,149.332798,1.440000,147.892798
1290,-16.006563,-16.039240,-17.039240,-15.039240,informed,none,0.000000,-12,-39.614941,152.463816,1.440000,151.023816
1291,-17.429316,-17.418172,-18.418172,-16.418172,noise,none,0.000000,-12,-39.614941,169.536852,1.440000,168.096852
1292,-16.751761,-16.493004,-17.493004,-15.493004,noise,none,0.000000,-12,-39.614941,161.406194,1.440000,159.966194
1293,-17.547420,-16.937800,-17.937800,-15.937800,noise,none,0.000000,-12,-39.614941,170.954099,1.440000,169.514099
1294,-17.367106,-16.706241,-17.706241,-15.706241,noise,buy_from_mm,-15.706241,-13,-55.321181,170.451191,1.690000,168.761191
1295,-17.287505,-17.790679,-18.790679,-16.790679,noise,buy_from_mm,-16.790679,-14,-72.111861,169.913206,1.960000,167.953206
1296,-17.549891,-17.247694,-18.247694,-16.247694,noise,none,0.000000,-14,-72.111861,173.586615,1.960000,171.626615
1297,-17.954718,-18.418089,-19.418089,-17.418089,informed,none,0.000000,-14,-72.111861,179.254191,1.960000,177.294191
1298,-17.231817,-18.476696,-19.476696,-17.476696,informed,buy_from_mm,-17.476696,-15,-89.588557,168.888697,2.250000,166.638697
1299,-17.095980,-17.722160,-18.722160,-16.722160,noise,none,0.000000,-15,-89.588557,166.851145,2.250000,164.601145
1300,-15.491921,-15.711649,-16.711649,-14.711649,informed,none,0.000000,-15,-89.588557,142.790265,2.250000,140.540265
1301,-14.846324,-14.447931,-15.447931,-13.447931,informed,none,0.000000,-15,-89.588557,133.106305,2.250000,130.856305
1302,-16.266342,-15.752514,-16.752514,-14.752514,noise,none,0.000000,-15,-89.588557,154.406566,2.250000,152.156566
1303,-17.615024,-17.902127,-18.902127,-16.902127,noise,sell_to_mm,-18.902127,-14,-70.686430,175.923907,1.960000,173.963907
1304,-17.440722,-17.371733,-18.371733,-16.371733,noise,none,0.000000,-14,-70.686430,173.483679,1.960000,171.523679
1305,-18.948225,-18.616359,-19.616359,-17.616359,noise,none,0.000000,-14,-70.686430,194.588726,1.960000,192.628726
1306,-18.424509,-17.998421,-18.998421,-16.998421,informed,none,0.000000,-14,-70.686430,187.256700,1.960000,185.296700
1307,-19.796358,-19.688518,-20.688518,-18.688518,noise,buy_from_mm,-18.688518,-15,-89.374948,207.570426,2.250000,205.320426
1308,-20.259085,-20.956530,-21.956530,-19.956530,noise,none,0.000000,-15,-89.374948,214.511325,2.250000,212.261325
1309,-20.322190,-19.848638,-20.848638,-18.848638,noise,none,0.000000,-15,-89.374948,215.457900,2.250000,213.207900
1310,-21.766356,-21.806051,-22.806051,-20.806051,noise,buy_from_mm,-20.806051,-16,-110.180999,238.080690,2.560000,235.520690
1311,-22.223436,-23.161558,-24.161558,-22.161558,informed,none,0.000000,-16,-110.180999,245.393982,2.560000,242.833982
1312,-22.180527,-22.311513,-23.311513,-21.311513,noise,none,0.000000,-16,-110.180999,244.707432,2.560000,242.147432
1313,-22.680325,-22.981536,-23.981536,-21.981536,informed,none,0.000000,-16,-110.180999,252.704206,2.560000,250.144206
1314,-23.927013,-23.278317,-24.278317,-22.278317,noise,sell_to_mm,-24.278317,-15,-85.902683,273.002507,2.250000,270.752507
1315,-23.105836,-22.787157,-23.787157,-21.787157,informed,none,0.000000,-15,-85.902683,260.684864,2.250000,258.434864
1316,-24.563534,-23.883111,-24.883111,-22.883111,noise,none,0.000000,-15,-85.902683,282.550330,2.250000,280.300330
1317,-25.389857,-26.186921,-27.186921,-25.186921,informed,none,0.000000,-15,-85.902683,294.945172,2.250000,292.695172
1318,-26.043956,-26.705921,-27.705921,-25.705921,informed,none,0.000000,-15,-85.902683,304.756651,2.250000,302.506651
1319,-25.581540,-25.548080,-26.548080,-24.548080,informed,none,0.000000,-15,-85.902683,297.820415,2.250000,295.570415
1320,-25.284697,-25.013952,-26.013952,-24.013952,noise,sell_to_mm,-26.013952,-14,-59.888730,294.097028,1.960000,292.137028
1321,-26.186714,-26.058578,-27.058578,-25.058578,noise,none,0.000000,-14,-59.888730,306.725269,1.960000,304.765269
1322,-26.567039,-26.045955,-27.045955,-25.045955,noise,none,0.000000,-14,-59.888730,312.049814,1.960000,310.089814
1323,-25.561861,-26.046160,-27.046160,-25.046160,noise,none,0.000000,-14,-59.888730,297.977322,1.960000,296.017322
1324,-25.191824,-26.132188,-27.132188,-25.132188,noise,buy_from_mm,-25.132188,-15,-85.020918,292.856442,2.250000,290.606442
1325,-25.959630,-25.508459,-26.508459,-24.508459,noise,none,0.000000,-15,-85.020918,304.373528,2.250000,302.123528
1326,-26.434382,-26.963386,-27.963386,-25.963386,informed,none,0.000000,-15,-85.020918,311.494816,2.250000,309.244816
1327,-27.979411,-27.902321,-28.902321,-26.902321,noise,none,0.000000,-15,-85.020918,334.670247,2.250000,332.420247
1328,-27.162188,-26.272117,-27.272117,-25.272117,informed,none,0.000000,-15,-85.020918,322.411898,2.250000,320.161898
1329,-26.589038,-26.065849,-27.065849,-25.065849,informed,none,0.000000,-15,-85.020918,313.814653,2.250000,311.564653
1330,-27.013287,-26.250574,-27.250574,-25.250574,informed,none,0.000000,-15,-85.020918,320.178383,2.250000,317.928383
1331,-25.603609,-25.586645,-26.586645,-24.586645,informed,none,0.000000,-15,-85.020918,299.033216,2.250000,296.783216
1332,-25.195843,-25.489373,-26.489373,-24.489373,noise,none,0.000000,-15,-85.020918,292.916734,2.250000,290.666734
1333,-25.611448,-24.860001,-25.860001,-23.860001,noise,sell_to_mm,-25.860001,-14,-59.160918,299.399349,1.960000,297.439349
1334,-26.339105,-25.701990,-26.701990,-24.701990,informed,none,0.000000,-14,-59.160918,309.586553,1.960000,307.626553
1335,-27.165980,-27.198220,-28.198220,-26.198220,noise,none,0.000000,-14,-59.160918,321.162799,1.960000,319.202799
1336,-27.311697,-26.786990,-27.786990,-25.786990,noise,none,0.000000,-14,-59.160918,323.202839,1.960000,321.242839
1337,-27.221695,-27.996657,-28.996657,-26.996657,informed,none,0.000000,-14,-59.160918,321.942811,1.960000,319.982811
1338,-26.404757,-25.767708,-26.767708,-24.767708,informed,none,0.000000,-14,-59.160918,310.505676,1.960000,308.545676
1339,-25.171109,-24.808037,-25.808037,-23.808037,informed,none,0.000000,-14,-59.160918,293.234612,1.960000,291.274612
1340,-26.243235,-26.482297,-27.482297,-25.482297,noise,sell_to_mm,-27.482297,-13,-31.678621,309.483436,1.690000,307.793436
1341,-23.833889,-23.922171,-24.922171,-22.922171,noise,none,0.000000,-13,-31.678621,278.161937,1.690000,276.471937
1342,-24.845964,-25.027586,-26.027586,-24.027586,informed,none,0.000000,-13,-31.678621,291.318909,1.690000,289.628909
1343,-25.658771,-25.183614,-26.183614,-24.183614,informed,none,0.000000,-13,-31.678621,301.885402,1.690000,300.195402
1344,-24.878945,-24.237524,-25.237524,-23.237524,informed,none,0.000000,-13,-31.678621,291.747662,1.690000,290.057662
1345,-21.757826,-21.646115,-22.646115,-20.646115,noise,none,0.000000,-13,-31.678621,251.173121,1.690000,249.483121
1346,-20.380393,-21.186317,-22.186317,-20.186317,informed,none,0.000000,-13,-31.678621,233.266490,1.690000,231.576490
1347,-21.311411,-22.167553,-23.167553,-21.167553,noise,none,0.000000,-13,-31.678621,245.369727,1.690000,243.679727
1348,-21.421965,-21.794255,-22.794255,-20.794255,noise,none,0.000000,-13,-31.678621,246.806922,1.690000,245.116922
1349,-21.332543,-20.806182,-21.806182,-19.806182,noise,none,0.000000,-13,-31.678621,245.644437,1.690000,243.954437
1350,-21.719895,-22.172465,-23.172465,-21.172465,noise,none,0.000000,-13,-31.678621,250.680013,1.690000,248.990013
1351,-23.397784,-23.077219,-24.077219,-22.077219,informed,none,0.000000,-13,-31.678621,272.492574,1.690000,270.802574
1352,-22.335825,-22.432152,-23.432152,-21.432152,noise,none,0.000000,-13,-31.678621,258.687108,1.690000,256.997108
1353,-23.454230,-23.159777,-24.159777,-22.159777,noise,none,0.000000,-13,-31.678621,273.226371,1.690000,271.536371
1354,-24.054891,-23.538957,-24.538957,-22.538957,noise,none,0.000000,-13,-31.678621,281.034964,1.690000,279.344964
1355,-24.976200,-23.532436,-24.532436,-22.532436,noise,none,0.000000,-13,-31.678621,293.011983,1.690000,291.321983
1356,-23.894240,-24.505865,-25.505865,-23.505865,noise,sell_to_mm,-25.505865,-12,-6.172756,280.558126,1.440000,279.118126
1357,-25.555505,-26.339311,-27.339311,-25.339311,noise,none,0.000000,-12,-6.172756,300.493303,1.440000,299.053303
1358,-27.702499,-27.397153,-28.397153,-26.397153,informed,none,0.000000,-12,-6.172756,326.257231,1.440000,324.817231
1359,-26.866853,-26.063851,-27.063851,-25.063851,noise,sell_to_mm,-27.063851,-11,20.891095,316.426482,1.210000,315.216482
1360,-26.865958,-28.038526,-29.038526,-27.038526,noise,none,0.000000,-11,20.891095,316.416636,1.210000,315.206636
1361,-26.327216,-26.607685,-27.607685,-25.607685,noise,sell_to_mm,-27.607685,-10,48.498780,311.770944,1.000000,310.770944
1362,-27.459817,-27.901470,-28.901470,-26.901470,noise,sell_to_mm,-28.901470,-9,77.400250,324.538599,0.810000,323.728599
1363,-28.306161,-28.320667,-29.320667,-27.320667,informed,none,0.000000,-9,77.400250,332.155703,0.810000,331.345703
1364,-29.421605,-29.497010,-30.497010,-28.497010,informed,none,0.000000,-9,77.400250,342.194694,0.810000,341.384694
1365,-29.824828,-30.431748,-31.431748,-29.431748,noise,none,0.000000,-9,77.400250,345.823706,0.810000,345.013706
1366,-30.065696,-29.056022,-30.056022,-28.056022,noise,none,0.000000,-9,77.400250,347.991511,0.810000,347.181511
1367,-32.156173,-32.954024,-33.954024,-31.954024,noise,buy_from_mm,-31.954024,-10,45.446227,367.007955,1.000000,366.007955
1368,-32.951311,-33.347731,-34.347731,-32.347731,noise,none,0.000000,-10,45.446227,374.959332,1.000000,373.959332
1369,-31.589054,-32.562767,-33.562767,-31.562767,informed,none,0.000000,-10,45.446227,361.336766,1.000000,360.336766
1370,-33.546045,-33.566736,-34.566736,-32.566736,noise,none,0.000000,-10,45.446227,380.906679,1.000000,379.906679
1371,-33.672478,-33.887437,-34.887437,-32.887437,informed,none,0.000000,-10,45.446227,382.171002,1.000000,381.171002
1372,-33.596147,-34.287025,-35.287025,-33.287025,noise,sell_to_mm,-35.287025,-9,80.733252,383.098576,0.810000,382.288576
1373,-35.103996,-34.688496,-35.688496,-33.688496,informed,none,0.000000,-9,80.733252,396.669214,0.810000,395.859214
1374,-36.554038,-36.496405,-37.496405,-35.496405,noise,none,0.000000,-9,80.733252,409.719592,0.810000,408.909592
1375,-36.589687,-36.616379,-37.616379,-35.616379,noise,sell_to_mm,-37.616379,-8,118.349631,411.067125,0.640000,410.427125
1376,-35.457105,-35.836721,-36.836721,-34.836721,noise,none,0.000000,-8,118.349631,402.006470,0.640000,401.366470
1377,-34.523099,-34.543127,-35.543127,-33.543127,noise,buy_from_mm,-33.543127,-9,84.806504,395.514397,0.810000,394.704397
1378,-34.427991,-34.010891,-35.010891,-33.010891,noise,none,0.000000,-9,84.806504,394.658423,0.810000,393.848423
1379,-33.267879,-33.835802,-34.835802,-32.835802,noise,buy_from_mm,-32.835802,-10,51.970702,384.649496,1.000000,383.649496
1380,-32.928654,-32.743255,-33.743255,-31.743255,informed,none,0.000000,-10,51.970702,381.257246,1.000000,380.257246
1381,-32.978684,-33.388309,-34.388309,-32.388309,noise,sell_to_mm,-34.388309,-9,86.359012,383.167171,0.810000,382.357171
1382,-31.696187,-31.389387,-32.389387,-30.389387,informed,none,0.000000,-9,86.359012,371.624697,0.810000,370.814697
1383,-31.617975,-31.443902,-32.443902,-30.443902,noise,none,0.000000,-9,86.359012,370.920785,0.810000,370.110785
1384,-31.781284,-32.149895,-33.149895,-31.149895,noise,none,0.000000,-9,86.359012,372.390567,0.810000,371.580567
1385,-31.287165,-31.952980,-32.952980,-30.952980,noise,none,0.000000,-9,86.359012,367.943498,0.810000,367.133498
1386,-31.593300,-31.028173,-32.028173,-30.028173,noise,none,0.000000,-9,86.359012,370.698711,0.810000,369.888711
1387,-31.845647,-31.983272,-32.983272,-30.983272,noise,sell_to_mm,-32.983272,-8,119.342284,374.107463,0.640000,373.467463
1388,-31.207611,-31.487200,-32.487200,-30.487200,informed,none,0.000000,-8,119.342284,369.003175,0.640000,368.363175
1389,-31.035189,-30.971237,-31.971237,-29.971237,noise,none,0.000000,-8,119.342284,367.623797,0.640000,366.983797
1390,-30.965856,-31.051471,-32.051471,-30.051471,noise,none,0.000000,-8,119.342284,367.069130,0.640000,366.429130
1391,-30.738034,-30.921068,-31.921068,-29.921068,informed,none,0.000000,-8,119.342284,365.246555,0.640000,364.606555
1392,-30.170344,-30.477377,-31.477377,-29.477377,informed,none,0.000000,-8,119.342284,360.705038,0.640000,360.065038
1393,-30.031903,-29.574714,-30.574714,-28.574714,noise,none,0.000000,-8,119.342284,359.597508,0.640000,358.957508
1394,-29.160000,-29.526024,-30.526024,-28.526024,noise,buy_from_mm,-28.526024,-9,90.816260,353.256257,0.810000,352.446257
1395,-29.166508,-28.531748,-29.531748,-27.531748,noise,none,0.000000,-9,90.816260,353.314832,0.810000,352.504832
1396,-30.027348,-30.076974,-31.076974,-29.076974,noise,none,0.000000,-9,90.816260,361.062395,0.810000,360.252395
1397,-29.721800,-30.722165,-31.722165,-29.722165,informed,buy_from_mm,-29.722165,-10,61.094095,358.312090,1.000000,357.312090
1398,-30.154622,-30.320387,-31.320387,-29.320387,informed,none,0.000000,-10,61.094095,362.640313,1.000000,361.640313
1399,-31.058524,-30.895421,-31.895421,-29.895421,noise,none,0.000000,-10,61.094095,371.679334,1.000000,370.679334
1400,-32.549943,-33.105932,-34.105932,-32.105932,noise,none,0.000000,-10,61.094095,386.593530,1.000000,385.593530
1401,-32.860883,-33.214324,-34.214324,-32.214324,noise,sell_to_mm,-34.214324,-9,95.308419,391.056369,0.810000,390.246369
1402,-32.206293,-32.015601,-33.015601,-31.015601,noise,none,0.000000,-9,95.308419,385.165055,0.810000,384.355055
1403,-30.715491,-30.659631,-31.659631,-29.659631,informed,none,0.000000,-9,95.308419,371.747835,0.810000,370.937835
1404,-29.643030,-28.563849,-29.563849,-27.563849,informed,sell_to_mm,-29.563849,-8,124.872268,362.016511,0.640000,361.376511
1405,-28.617379,-28.740540,-29.740540,-27.740540,noise,buy_from_mm,-27.740540,-9,97.131728,354.688134,0.810000,353.878134
1406,-29.386210,-29.639668,-30.639668,-28.639668,informed,none,0.000000,-9,97.131728,361.607616,0.810000,360.797616
1407,-29.588868,-30.245241,-31.245241,-29.245241,noise,none,0.000000,-9,97.131728,363.431536,0.810000,362.621536
1408,-29.639605,-29.200252,-30.200252,-28.200252,noise,none,0.000000,-9,97.131728,363.888175,0.810000,363.078175
1409,-29.948321,-30.110122,-31.110122,-29.110122,noise,none,0.000000,-9,97.131728,366.666614,0.810000,365.856614
1410,-30.919847,-30.889075,-31.889075,-29.889075,informed,none,0.000000,-9,97.131728,375.410346,0.810000,374.600346
1411,-30.437209,-30.568238,-31.568238,-29.568238,informed,none,0.000000,-9,97.131728,371.066610,0.810000,370.256610
1412,-29.973278,-30.107867,-31.107867,-29.107867,noise,none,0.000000,-9,97.131728,366.891231,0.810000,366.081231
1413,-30.536266,-30.752012,-31.752012,-29.752012,informed,none,0.000000,-9,97.131728,371.958124,0.810000,371.148124
1414,-29.461841,-29.982595,-30.982595,-28.982595,informed,none,0.000000,-9,97.131728,362.288293,0.810000,361.478293
1415,-27.373502,-27.357159,-28.357159,-26.357159,noise,buy_from_mm,-26.357159,-10,70.774569,344.509592,1.000000,343.509592
1416,-25.981656,-26.109658,-27.109658,-25.109658,noise,none,0.000000,-10,70.774569,330.591126,1.000000,329.591126
1417,-27.678774,-28.362355,-29.362355,-27.362355,noise,none,0.000000,-10,70.774569,347.562311,1.000000,346.562311
1418,-27.975363,-27.705508,-28.705508,-26.705508,noise,none,0.000000,-10,70.774569,350.528196,1.000000,349.528196
1419,-28.363283,-28.493697,-29.493697,-27.493697,noise,none,0.000000,-10,70.774569,354.407403,1.000000,353.407403
1420,-28.337473,-28.829265,-29.829265,-27.829265,informed,none,0.000000,-10,70.774569,354.149300,1.000000,353.149300
1421,-28.249590,-28.003942,-29.003942,-27.003942,noise,none,0.000000,-10,70.774569,353.270467,1.000000,352.270467
1422,-29.531773,-29.172211,-30.172211,-28.172211,noise,none,0.000000,-10,70.774569,366.092302,1.000000,365.092302
1423,-28.941327,-28.675830,-29.675830,-27.675830,noise,none,0.000000,-10,70.774569,360.187838,1.000000,359.187838
1424,-27.906898,-27.833214,-28.833214,-26.833214,informed,none,0.000000,-10,70.774569,349.843553,1.000000,348.843553
1425,-28.002553,-27.679279,-28.679279,-26.679279,noise,none,0.000000,-10,70.774569,350.800095,1.000000,349.800095
1426,-28.658271,-28.470925,-29.470925,-27.470925,noise,buy_from_mm,-27.470925,-11,43.303644,358.544624,1.210000,357.334624
1427,-28.787708,-28.641942,-29.641942,-27.641942,noise,sell_to_mm,-29.641942,-10,72.945587,360.822664,1.000000,359.822664
1428,-30.274114,-30.426640,-31.426640,-29.426640,noise,buy_from_mm,-29.426640,-11,43.518946,376.534202,1.210000,375.324202
1429,-30.690666,-30.462593,-31.462593,-29.462593,noise,none,0.000000,-11,43.518946,381.116277,1.210000,379.906277
1430,-30.697979,-30.530467,-31.530467,-29.530467,informed,none,0.000000,-11,43.518946,381.196711,1.210000,379.986711
1431,-33.193013,-33.854240,-34.854240,-32.854240,noise,none,0.000000,-11,43.518946,408.642084,1.210000,407.432084
1432,-31.658600,-31.405724,-32.405724,-30.405724,noise,sell_to_mm,-32.405724,-10,75.924670,392.510667,1.000000,391.510667
1433,-31.415633,-32.220751,-33.220751,-31.220751,informed,none,0.000000,-10,75.924670,390.081004,1.000000,389.081004
1434,-29.301280,-29.449674,-30.449674,-28.449674,noise,none,0.000000,-10,75.924670,368.937471,1.000000,367.937471
1435,-27.713097,-27.768435,-28.768435,-26.768435,informed,none,0.000000,-10,75.924670,353.055640,1.000000,352.055640
1436,-26.728586,-26.479211,-27.479211,-25.479211,noise,buy_from_mm,-25.479211,-11,50.445460,344.459904,1.210000,343.249904
1437,-26.036059,-25.822275,-26.822275,-24.822275,noise,none,0.000000,-11,50.445460,336.842111,1.210000,335.632111
1438,-26.061834,-26.224565,-27.224565,-25.224565,noise,sell_to_mm,-27.224565,-10,77.670025,338.288368,1.000000,337.288368
1439,-25.744310,-25.447631,-26.447631,-24.447631,noise,buy_from_mm,-24.447631,-11,53.222394,336.409805,1.210000,335.199805
1440,-27.312018,-28.220983,-29.220983,-27.220983,noise,sell_to_mm,-29.220983,-10,82.443377,355.563556,1.000000,354.563556
1441,-26.985638,-26.982957,-27.982957,-25.982957,informed,none,0.000000,-10,82.443377,352.299754,1.000000,351.299754
1442,-27.702527,-27.133862,-28.133862,-26.133862,noise,buy_from_mm,-26.133862,-11,56.309515,361.037310,1.210000,359.827310
1443,-27.670934,-27.016908,-28.016908,-26.016908,noise,none,0.000000,-11,56.309515,360.689794,1.210000,359.479794
1444,-26.659406,-26.404962,-27.404962,-25.404962,noise,sell_to_mm,-27.404962,-10,83.714477,350.308536,1.000000,349.308536
1445,-27.720175,-27.387269,-28.387269,-26.387269,noise,none,0.000000,-10,83.714477,360.916231,1.000000,359.916231
1446,-26.292186,-25.802773,-26.802773,-24.802773,noise,none,0.000000,-10,83.714477,346.636334,1.000000,345.636334
1447,-27.192635,-27.323147,-28.323147,-26.323147,informed,none,0.000000,-10,83.714477,355.640826,1.000000,354.640826
1448,-27.278620,-26.772150,-27.772150,-25.772150,noise,buy_from_mm,-25.772150,-11,57.942327,358.007146,1.210000,356.797146
1449,-29.088374,-29.084251,-30.084251,-28.084251,informed,none,0.000000,-11,57.942327,377.914438,1.210000,376.704438
1450,-27.989963,-27.384272,-28.384272,-26.384272,informed,none,0.000000,-11,57.942327,365.831922,1.210000,364.621922
1451,-28.109852,-29.183461,-30.183461,-28.183461,noise,sell_to_mm,-30.183461,-10,88.125788,369.224304,1.000000,368.224304
1452,-26.802703,-26.478842,-27.478842,-25.478842,noise,none,0.000000,-10,88.125788,356.152816,1.000000,355.152816
1453,-27.081349,-27.674326,-28.674326,-26.674326,noise,none,0.000000,-10,88.125788,358.939278,1.000000,357.939278
1454,-27.813620,-28.134859,-29.134859,-27.134859,noise,none,0.000000,-10,88.125788,366.261992,1.000000,365.261992
1455,-27.619010,-27.218661,-28.218661,-26.218661,informed,none,0.000000,-10,88.125788,364.315892,1.000000,363.315892
1456,-27.931088,-27.312065,-28.312065,-26.312065,informed,none,0.000000,-10,88.125788,367.436667,1.000000,366.436667
1457,-27.046059,-26.782172,-27.782172,-25.782172,informed,none,0.000000,-10,88.125788,358.586373,1.000000,357.586373
1458,-26.090939,-26.508242,-27.508242,-25.508242,noise,none,0.000000,-10,88.125788,349.035180,1.000000,348.035180
1459,-27.740636,-27.748831,-28.748831,-26.748831,noise,none,0.000000,-10,88.125788,365.532149,1.000000,364.532149
1460,-28.819672,-28.600495,-29.600495,-27.600495,informed,none,0.000000,-10,88.125788,376.322503,1.000000,375.322503
1461,-29.699166,-30.132445,-31.132445,-29.132445,informed,none,0.000000,-10,88.125788,385.117452,1.000000,384.117452
1462,-30.713969,-30.259333,-31.259333,-29.259333,noise,none,0.000000,-10,88.125788,395.265482,1.000000,394.265482
1463,-30.954516,-29.407439,-30.407439,-28.407439,noise,none,0.000000,-10,88.125788,397.670949,1.000000,396.670949
1464,-32.987859,-33.089461,-34.089461,-32.089461,informed,none,0.000000,-10,88.125788,418.004382,1.000000,417.004382
1465,-34.443767,-34.256651,-35.256651,-33.256651,informed,none,0.000000,-10,88.125788,432.563462,1.000000,431.563462
1466,-33.209110,-32.108463,-33.108463,-31.108463,informed,sell_to_mm,-33.108463,-9,121.234251,420.116240,0.810000,419.306240
1467,-33.982458,-34.329104,-35.329104,-33.329104,noise,none,0.000000,-9,121.234251,427.076370,0.810000,426.266370
1468,-35.635532,-36.368952,-37.368952,-35.368952,noise,none,0.000000,-9,121.234251,441.954037,0.810000,441.144037
1469,-35.126259,-34.506047,-35.506047,-33.506047,noise,none,0.000000,-9,121.234251,437.370578,0.810000,436.560578
1470,-36.182647,-35.976243,-36.976243,-34.976243,noise,buy_from_mm,-34.976243,-10,86.258008,448.084478,1.000000,447.084478
1471,-35.347208,-34.792771,-35.792771,-33.792771,informed,none,0.000000,-10,86.258008,439.730083,1.000000,438.730083
1472,-35.544148,-36.466965,-37.466965,-35.466965,informed,none,0.000000,-10,86.258008,441.699491,1.000000,440.699491
1473,-35.263861,-34.943639,-35.943639,-33.943639,noise,none,0.000000,-10,86.258008,438.896615,1.000000,437.896615
1474,-35.338747,-35.397917,-36.397917,-34.397917,noise,none,0.000000,-10,86.258008,439.645474,1.000000,438.645474
1475,-35.064488,-36.010742,-37.010742,-35.010742,noise,none,0.000000,-10,86.258008,436.902890,1.000000,435.902890
1476,-32.912509,-32.988744,-33.988744,-31.988744,informed,none,0.000000,-10,86.258008,415.383097,1.000000,414.383097
1477,-32.037409,-32.065764,-33.065764,-31.065764,noise,none,0.000000,-10,86.258008,406.632097,1.000000,405.632097
1478,-32.916345,-32.878342,-33.878342,-31.878342,informed,none,0.000000,-10,86.258008,415.421462,1.000000,414.421462
1479,-33.908249,-34.042760,-35.042760,-33.042760,noise,buy_from_mm,-33.042760,-11,53.215248,426.205986,1.210000,424.995986
1480,-34.518441,-35.521847,-36.521847,-34.521847,noise,none,0.000000,-11,53.215248,432.918100,1.210000,431.708100
1481,-35.317027,-34.661783,-35.661783,-33.661783,noise,buy_from_mm,-33.661783,-12,19.553465,443.357784,1.440000,441.917784
1482,-34.644544,-34.976241,-35.976241,-33.976241,noise,sell_to_mm,-35.976241,-11,55.529706,436.619691,1.210000,435.409691
1483,-35.453176,-35.949432,-36.949432,-34.949432,informed,none,0.000000,-11,55.529706,445.514638,1.210000,444.304638
1484,-34.411657,-34.369608,-35.369608,-33.369608,noise,none,0.000000,-11,55.529706,434.057931,1.210000,432.847931
1485,-33.801633,-34.688909,-35.688909,-33.688909,noise,none,0.000000,-11,55.529706,427.347667,1.210000,426.137667
1486,-31.800277,-31.930115,-32.930115,-30.930115,informed,none,0.000000,-11,55.529706,405.332753,1.210000,404.122753
1487,-31.826498,-31.279881,-32.279881,-30.279881,informed,none,0.000000,-11,55.529706,405.621186,1.210000,404.411186
1488,-29.082161,-29.440602,-30.440602,-28.440602,informed,none,0.000000,-11,55.529706,375.433480,1.210000,374.223480
1489,-28.621773,-29.387161,-30.387161,-28.387161,informed,none,0.000000,-11,55.529706,370.369213,1.210000,369.159213
1490,-29.204547,-29.387979,-30.387979,-28.387979,noise,none,0.000000,-11,55.529706,376.779725,1.210000,375.569725
1491,-29.243501,-29.094495,-30.094495,-28.094495,noise,sell_to_mm,-30.094495,-10,85.624201,378.059209,1.000000,377.059209
1492,-29.314183,-29.260673,-30.260673,-28.260673,noise,none,0.000000,-10,85.624201,378.766027,1.000000,377.766027
1493,-29.207652,-30.258167,-31.258167,-29.258167,informed,buy_from_mm,-29.258167,-11,56.366033,377.650207,1.210000,376.440207
1494,-31.091383,-31.585000,-32.585000,-30.585000,noise,none,0.000000,-11,56.366033,398.371245,1.210000,397.161245
1495,-32.238912,-32.846346,-33.846346,-31.846346,informed,none,0.000000,-11,56.366033,410.994065,1.210000,409.784065
1496,-33.463784,-33.851409,-34.851409,-32.851409,informed,none,0.000000,-11,56.366033,424.467657,1.210000,423.257657
1497,-34.653676,-34.942502,-35.942502,-33.942502,informed,none,0.000000,-11,56.366033,437.556465,1.210000,436.346465
1498,-34.209475,-33.654477,-34.654477,-32.654477,informed,none,0.000000,-11,56.366033,432.670257,1.210000,431.460257
1499,-34.788615,-34.696038,-35.696038,-33.696038,informed,none,0.000000,-11,56.366033,439.040803,1.210000,437.830803
1500,-34.812771,-34.772257,-35.772257,-33.772257,noise,none,0.000000,-11,56.366033,439.306509,1.210000,438.096509
1501,-35.754204,-35.359636,-36.359636,-34.359636,noise,buy_from_mm,-34.359636,-12,22.006397,451.056840,1.440000,449.616840
1502,-36.080346,-35.830861,-36.830861,-34.830861,informed,none,0.000000,-12,22.006397,454.970553,1.440000,453.530553
1503,-36.687046,-37.506725,-38.506725,-36.506725,informed,none,0.000000,-12,22.006397,462.250949,1.440000,460.810949
1504,-35.621856,-35.751414,-36.751414,-34.751414,informed,none,0.000000,-12,22.006397,449.468672,1.440000,448.028672
1505,-36.616686,-36.552410,-37.552410,-35.552410,informed,none,0.000000,-12,22.006397,461.406635,1.440000,459.966635
1506,-34.249222,-34.039764,-35.039764,-33.039764,noise,none,0.000000,-12,22.006397,432.997061,1.440000,431.557061
1507,-35.289230,-35.023313,-36.023313,-34.023313,noise,none,0.000000,-12,22.006397,445.477157,1.440000,444.037157
1508,-33.313407,-33.583288,-34.583288,-32.583288,informed,none,0.000000,-12,22.006397,421.767276,1.440000,420.327276
1509,-32.881529,-33.141669,-34.141669,-32.141669,noise,none,0.000000,-12,22.006397,416.584750,1.440000,415.144750
1510,-33.165497,-33.036347,-34.036347,-32.036347,noise,none,0.000000,-12,22.006397,419.992364,1.440000,418.552364
1511,-31.311581,-30.670564,-31.670564,-29.670564,informed,none,0.000000,-12,22.006397,397.745372,1.440000,396.305372
1512,-32.519399,-33.076403,-34.076403,-32.076403,noise,none,0.000000,-12,22.006397,412.239180,1.440000,410.799180
1513,-32.940444,-33.336686,-34.336686,-32.336686,noise,none,0.000000,-12,22.006397,417.291730,1.440000,415.851730
1514,-31.953373,-32.552530,-33.552530,-31.552530,noise,none,0.000000,-12,22.006397,405.446874,1.440000,404.006874
1515,-33.013436,-33.443241,-34.443241,-32.443241,noise,none,0.000000,-12,22.006397,418.167628,1.440000,416.727628
1516,-31.560802,-31.296174,-32.296174,-30.296174,informed,none,0.000000,-12,22.006397,400.736020,1.440000,399.296020
1517,-30.902525,-30.877293,-31.877293,-29.877293,noise,buy_from_mm,-29.877293,-13,-7.870896,393.861932,1.690000,392.171932
1518,-29.651749,-29.345238,-30.345238,-28.345238,noise,none,0.000000,-13,-7.870896,377.601841,1.690000,375.911841
1519,-29.260736,-29.767026,-30.767026,-28.767026,noise,none,0.000000,-13,-7.870896,372.518674,1.690000,370.828674
1520,-27.271144,-27.989241,-28.989241,-26.989241,noise,buy_from_mm,-26.989241,-14,-34.860137,346.935883,1.960000,344.975883
1521,-26.675054,-27.411323,-28.411323,-26.411323,noise,sell_to_mm,-28.411323,-13,-6.448814,340.326888,1.690000,338.636888
1522,-25.361640,-26.290972,-27.290972,-25.290972,informed,none,0.000000,-13,-6.448814,323.252507,1.690000,321.562507
1523,-24.932112,-23.653338,-24.653338,-22.653338,noise,none,0.000000,-13,-6.448814,317.668637,1.690000,315.978637
1524,-25.200675,-25.186270,-26.186270,-24.186270,informed,none,0.000000,-13,-6.448814,321.159962,1.690000,319.469962
1525,-26.238766,-27.174748,-28.174748,-26.174748,informed,none,0.000000,-13,-6.448814,334.655144,1.690000,332.965144
1526,-27.009550,-27.250733,-28.250733,-26.250733,noise,none,0.000000,-13,-6.448814,344.675334,1.690000,342.985334
1527,-26.642022,-26.801424,-27.801424,-25.801424,noise,none,0.000000,-13,-6.448814,339.897468,1.690000,338.207468
1528,-26.164683,-26.152255,-27.152255,-25.152255,informed,none,0.000000,-13,-6.448814,333.692060,1.690000,332.002060
1529,-26.085720,-25.770766,-26.770766,-24.770766,noise,none,0.000000,-13,-6.448814,332.665552,1.690000,330.975552
1530,-26.534173,-26.373277,-27.373277,-25.373277,informed,none,0.000000,-13,-6.448814,338.495430,1.690000,336.805430
1531,-25.576190,-25.016498,-26.016498,-24.016498,informed,none,0.000000,-13,-6.448814,326.041653,1.690000,324.351653
1532,-24.114530,-23.879525,-24.879525,-22.879525,informed,none,0.000000,-13,-6.448814,307.040081,1.690000,305.350081
1533,-23.974454,-23.667817,-24.667817,-22.667817,informed,none,0.000000,-13,-6.448814,305.219091,1.690000,303.529091
1534,-23.163943,-23.554513,-24.554513,-22.554513,informed,none,0.000000,-13,-6.448814,294.682446,1.690000,292.992446
1535,-23.963584,-24.689277,-25.689277,-23.689277,informed,none,0.000000,-13,-6.448814,305.077780,1.690000,303.387780
1536,-24.173802,-25.168101,-26.168101,-24.168101,informed,none,0.000000,-13,-6.448814,307.810617,1.690000,306.120617
1537,-25.127661,-24.195773,-25.195773,-23.195773,informed,none,0.000000,-13,-6.448814,320.210774,1.690000,318.520774
1538,-24.995681,-25.612867,-26.612867,-24.612867,noise,buy_from_mm,-24.612867,-14,-31.061681,318.877847,1.960000,316.917847
1539,-25.268419,-25.129392,-26.129392,-24.129392,informed,none,0.000000,-14,-31.061681,322.696181,1.960000,320.736181
1540,-26.745375,-26.990077,-27.990077,-25.990077,informed,none,0.000000,-14,-31.061681,343.373576,1.960000,341.413576
1541,-25.924871,-25.556642,-26.556642,-24.556642,informed,none,0.000000,-14,-31.061681,331.886516,1.960000,329.926516
1542,-28.084679,-28.174658,-29.174658,-27.174658,informed,none,0.000000,-14,-31.061681,362.123824,1.960000,360.163824
1543,-29.303724,-30.727673,-31.727673,-29.727673,noise,none,0.000000,-14,-31.061681,379.190450,1.960000,377.230450
1544,-28.116453,-28.484291,-29.484291,-27.484291,noise,none,0.000000,-14,-31.061681,362.568664,1.960000,360.608664
1545,-29.642433,-30.555194,-31.555194,-29.555194,noise,sell_to_mm,-31.555194,-13,0.493514,385.845147,1.690000,384.155147
1546,-30.150800,-29.903218,-30.903218,-28.903218,noise,none,0.000000,-13,0.493514,392.453912,1.690000,390.763912
1547,-29.368491,-29.406829,-30.406829,-28.406829,noise,none,0.000000,-13,0.493514,382.283900,1.690000,380.593900
1548,-27.907571,-27.716719,-28.716719,-26.716719,noise,none,0.000000,-13,0.493514,363.291930,1.690000,361.601930
1549,-27.227498,-27.480493,-28.480493,-26.480493,informed,none,0.000000,-13,0.493514,354.450989,1.690000,352.760989
1550,-26.281833,-26.595394,-27.595394,-25.595394,noise,none,0.000000,-13,0.493514,342.157342,1.690000,340.467342
1551,-28.035841,-28.391858,-29.391858,-27.391858,noise,none,0.000000,-13,0.493514,364.959444,1.690000,363.269444
1552,-27.179906,-27.221393,-28.221393,-26.221393,informed,none,0.000000,-13,0.493514,353.832298,1.690000,352.142298
1553,-28.336360,-28.352145,-29.352145,-27.352145,informed,none,0.000000,-13,0.493514,368.866190,1.690000,367.176190
1554,-26.528799,-27.539831,-28.539831,-26.539831,noise,buy_from_mm,-26.539831,-14,-26.046317,345.356868,1.960000,343.396868
1555,-28.559658,-28.725855,-29.725855,-27.725855,informed,none,0.000000,-14,-26.046317,373.788896,1.960000,371.828896
1556,-28.221616,-28.285039,-29.285039,-27.285039,informed,none,0.000000,-14,-26.046317,369.056314,1.960000,367.096314
1557,-29.342429,-30.315228,-31.315228,-29.315228,informed,none,0.000000,-14,-26.046317,384.747688,1.960000,382.787688
1558,-30.108490,-30.104184,-31.104184,-29.104184,noise,sell_to_mm,-31.104184,-13,5.057867,396.468238,1.690000,394.778238
1559,-28.489698,-28.491837,-29.491837,-27.491837,informed,none,0.000000,-13,5.057867,375.423945,1.690000,373.733945
1560,-29.680416,-28.859092,-29.859092,-27.859092,informed,none,0.000000,-13,5.057867,390.903275,1.690000,389.213275
1561,-30.107292,-30.459228,-31.459228,-29.459228,noise,buy_from_mm,-29.459228,-14,-24.401360,397.100725,1.960000,395.140725
1562,-32.297870,-33.988046,-34.988046,-32.988046,informed,buy_from_mm,-32.988046,-15,-57.389407,427.078650,2.250000,424.828650
1563,-32.581535,-32.446100,-33.446100,-31.446100,noise,none,0.000000,-15,-57.389407,431.333618,2.250000,429.083618
1564,-33.525030,-34.890839,-35.890839,-33.890839,informed,buy_from_mm,-33.890839,-16,-91.280246,445.120226,2.560000,442.560226
1565,-34.737963,-35.229235,-36.229235,-34.229235,noise,none,0.000000,-16,-91.280246,464.527170,2.560000,461.967170
1566,-34.867404,-35.113625,-36.113625,-34.113625,informed,none,0.000000,-16,-91.280246,466.598220,2.560000,464.038220
1567,-35.356229,-35.775109,-36.775109,-34.775109,noise,none,0.000000,-16,-91.280246,474.419425,2.560000,471.859425
1568,-34.762212,-35.390153,-36.390153,-34.390153,noise,none,0.000000,-16,-91.280246,464.915147,2.560000,462.355147
1569,-34.511123,-34.222578,-35.222578,-33.222578,informed,none,0.000000,-16,-91.280246,460.897723,2.560000,458.337723
1570,-33.332545,-32.008367,-33.008367,-31.008367,informed,sell_to_mm,-33.008367,-15,-58.271879,441.716292,2.250000,439.466292
1571,-32.701661,-32.959359,-33.959359,-31.959359,informed,none,0.000000,-15,-58.271879,432.253030,2.250000,430.003030
1572,-32.884025,-32.342600,-33.342600,-31.342600,noise,none,0.000000,-15,-58.271879,434.988500,2.250000,432.738500
1573,-32.728059,-31.842917,-32.842917,-30.842917,informed,none,0.000000,-15,-58.271879,432.649009,2.250000,430.399009
1574,-31.489312,-30.963264,-31.963264,-29.963264,noise,buy_from_mm,-29.963264,-16,-88.235143,415.593843,2.560000,413.033843
1575,-30.483677,-31.037647,-32.037647,-30.037647,noise,none,0.000000,-16,-88.235143,399.503688,2.560000,396.943688
1576,-29.369359,-29.320685,-30.320685,-28.320685,informed,none,0.000000,-16,-88.235143,381.674604,2.560000,379.114604
1577,-29.502060,-30.533415,-31.533415,-29.533415,informed,buy_from_mm,-29.533415,-17,-117.768557,383.766465,2.890000,380.876465
1578,-30.976987,-32.325718,-33.325718,-31.325718,informed,buy_from_mm,-31.325718,-18,-149.094276,408.491496,3.240000,405.251496
1579,-31.395350,-31.378526,-32.378526,-30.378526,informed,none,0.000000,-18,-149.094276,416.022028,3.240000,412.782028
1580,-29.973859,-30.501703,-31.501703,-29.501703,noise,buy_from_mm,-29.501703,-19,-178.595979,390.907340,3.610000,387.297340
1581,-30.950100,-31.213837,-32.213837,-30.213837,informed,none,0.000000,-19,-178.595979,409.455923,3.610000,405.845923
1582,-32.711847,-33.370396,-34.370396,-32.370396,informed,none,0.000000,-19,-178.595979,442.929109,3.610000,439.319109
1583,-32.259229,-31.849922,-32.849922,-30.849922,informed,none,0.000000,-19,-178.595979,434.329380,3.610000,430.719380
1584,-31.220214,-31.425902,-32.425902,-30.425902,noise,none,0.000000,-19,-178.595979,414.588093,3.610000,410.978093
1585,-31.753358,-31.467782,-32.467782,-30.467782,noise,none,0.000000,-19,-178.595979,424.717814,3.610000,421.107814
1586,-30.060249,-29.959482,-30.959482,-28.959482,informed,none,0.000000,-19,-178.595979,392.548761,3.610000,388.938761
1587,-30.841503,-30.713553,-31.713553,-29.713553,informed,none,0.000000,-19,-178.595979,407.392581,3.610000,403.782581
1588,-29.782464,-29.494626,-30.494626,-28.494626,noise,buy_from_mm,-28.494626,-20,-207.090605,388.558667,4.000000,384.558667
1589,-28.617506,-29.112322,-30.112322,-28.112322,noise,none,0.000000,-20,-207.090605,365.259514,4.000000,361.259514
1590,-28.485916,-28.491773,-29.491773,-27.491773,noise,none,0.000000,-20,-207.090605,362.627717,4.000000,358.627717
1591,-28.535292,-27.943630,-28.943630,-26.943630,noise,none,0.000000,-20,-207.090605,363.615236,4.000000,359.615236
1592,-28.422592,-28.922539,-29.922539,-27.922539,informed,none,0.000000,-20,-207.090605,361.361243,4.000000,357.361243
1593,-28.054387,-28.291708,-29.291708,-27.291708,informed,none,0.000000,-20,-207.090605,353.997127,4.000000,349.997127
1594,-28.248862,-28.789738,-29.789738,-27.789738,informed,none,0.000000,-20,-207.090605,357.886645,4.000000,353.886645
1595,-27.370224,-27.425459,-28.425459,-26.425459,noise,none,0.000000,-20,-207.090605,340.313879,4.000000,336.313879
1596,-27.279903,-27.838057,-28.838057,-26.838057,noise,none,0.000000,-20,-207.090605,338.507459,4.000000,334.507459
1597,-26.893763,-26.160932,-27.160932,-25.160932,informed,none,0.000000,-20,-207.090605,330.784655,4.000000,326.784655
1598,-26.615630,-27.230849,-28.230849,-26.230849,noise,none,0.000000,-20,-207.090605,325.221995,4.000000,321.221995
1599,-26.252825,-26.822511,-27.822511,-25.822511,noise,none,0.000000,-20,-207.090605,317.965900,4.000000,313.965900
1600,-27.534794,-27.074399,-28.074399,-26.074399,informed,none,0.000000,-20,-207.090605,343.605273,4.000000,339.605273
1601,-26.552928,-25.420248,-26.420248,-24.420248,noise,none,0.000000,-20,-207.090605,323.967951,4.000000,319.967951
1602,-26.333088,-25.948543,-26.948543,-24.948543,informed,none,0.000000,-20,-207.090605,319.571151,4.000000,315.571151
1603,-24.744969,-24.101123,-25.101123,-23.101123,informed,none,0.000000,-20,-207.090605,287.808779,4.000000,283.808779
1604,-24.600699,-23.969230,-24.969230,-22.969230,informed,none,0.000000,-20,-207.090605,284.923383,4.000000,280.923383
1605,-25.786003,-26.004476,-27.004476,-25.004476,noise,none,0.000000,-20,-207.090605,308.629448,4.000000,304.629448
1606,-26.032540,-25.672175,-26.672175,-24.672175,noise,buy_from_mm,-24.672175,-21,-231.762780,314.920556,4.410000,310.510556
1607,-27.813132,-27.040679,-28.040679,-26.040679,informed,none,0.000000,-21,-231.762780,352.312982,4.410000,347.902982
1608,-28.576889,-28.184854,-29.184854,-27.184854,noise,none,0.000000,-21,-231.762780,368.351882,4.410000,363.941882
1609,-27.248153,-26.761568,-27.761568,-25.761568,noise,none,0.000000,-21,-231.762780,340.448424,4.410000,336.038424
1610,-27.397092,-26.552476,-27.552476,-25.552476,noise,none,0.000000,-21,-231.762780,343.576153,4.410000,339.166153
1611,-27.023866,-26.695548,-27.695548,-25.695548,noise,none,0.000000,-21,-231.762780,335.738399,4.410000,331.328399
1612,-25.439164,-25.370922,-26.370922,-24.370922,noise,none,0.000000,-21,-231.762780,302.459661,4.410000,298.049661
1613,-25.993749,-26.683817,-27.683817,-25.683817,noise,none,0.000000,-21,-231.762780,314.105942,4.410000,309.695942
1614,-26.139817,-25.997101,-26.997101,-24.997101,noise,sell_to_mm,-26.997101,-20,-204.765679,318.030668,4.000000,314.030668
1615,-26.341491,-26.442350,-27.442350,-25.442350,noise,none,0.000000,-20,-204.765679,322.064138,4.000000,318.064138
1616,-26.797219,-26.567796,-27.567796,-25.567796,noise,none,0.000000,-20,-204.765679,331.178709,4.000000,327.178709
1617,-27.042404,-26.688262,-27.688262,-25.688262,noise,buy_from_mm,-25.688262,-21,-230.453941,337.436545,4.410000,333.026545
1618,-27.603055,-27.844605,-28.844605,-26.844605,noise,none,0.000000,-21,-230.453941,349.210212,4.410000,344.800212
1619,-27.044894,-27.369937,-28.369937,-26.369937,informed,none,0.000000,-21,-230.453941,337.488828,4.410000,333.078828
1620,-27.401093,-26.398608,-27.398608,-25.398608,noise,none,0.000000,-21,-230.453941,344.969012,4.410000,340.559012
1621,-27.136160,-27.706219,-28.706219,-26.706219,noise,buy_from_mm,-26.706219,-22,-257.160160,339.835356,4.840000,334.995356
1622,-27.398882,-27.932521,-28.932521,-26.932521,noise,none,0.000000,-22,-257.160160,345.615234,4.840000,340.775234
1623,-25.906476,-26.065659,-27.065659,-25.065659,noise,buy_from_mm,-25.065659,-23,-282.225818,313.623133,5.290000,308.333133
1624,-26.456375,-26.475741,-27.475741,-25.475741,noise,none,0.000000,-23,-282.225818,326.270804,5.290000,320.980804
1625,-28.009537,-27.645052,-28.645052,-26.645052,informed,none,0.000000,-23,-282.225818,361.993534,5.290000,356.703534
1626,-30.970258,-31.303464,-32.303464,-30.303464,informed,none,0.000000,-23,-282.225818,430.090118,5.290000,424.800118
1627,-31.441613,-31.554198,-32.554198,-30.554198,noise,sell_to_mm,-32.554198,-22,-249.671620,442.043860,4.840000,437.203860
1628,-31.522899,-31.074706,-32.074706,-30.074706,noise,none,0.000000,-22,-249.671620,443.832147,4.840000,438.992147
1629,-32.447109,-32.355335,-33.355335,-31.355335,noise,sell_to_mm,-33.355335,-21,-216.316286,465.073011,4.410000,460.663011
1630,-31.113222,-31.341696,-32.341696,-30.341696,informed,none,0.000000,-21,-216.316286,437.061374,4.410000,432.651374
1631,-30.260775,-30.232426,-31.232426,-29.232426,informed,none,0.000000,-21,-216.316286,419.159981,4.410000,414.749981
1632,-29.962169,-29.137105,-30.137105,-28.137105,noise,none,0.000000,-21,-216.316286,412.889255,4.410000,408.479255
1633,-29.282048,-30.612280,-31.612280,-29.612280,informed,buy_from_mm,-29.612280,-22,-245.928566,398.276481,4.840000,393.436481
1634,-28.156748,-27.094543,-28.094543,-26.094543,noise,none,0.000000,-22,-245.928566,373.519895,4.840000,368.679895
1635,-27.411937,-27.438219,-28.438219,-26.438219,noise,none,0.000000,-22,-245.928566,357.134058,4.840000,352.294058
1636,-28.620271,-29.031196,-30.031196,-28.031196,noise,none,0.000000,-22,-245.928566,383.717393,4.840000,378.877393
1637,-28.305102,-28.038308,-29.038308,-27.038308,noise,sell_to_mm,-29.038308,-21,-216.890258,377.516886,4.410000,373.106886
1638,-28.509996,-28.934868,-29.934868,-27.934868,noise,none,0.000000,-21,-216.890258,381.819651,4.410000,377.409651
1639,-26.986361,-27.258236,-28.258236,-26.258236,noise,none,0.000000,-21,-216.890258,349.823328,4.410000,345.413328
1640,-25.751191,-26.068770,-27.068770,-25.068770,informed,none,0.000000,-21,-216.890258,323.884750,4.410000,319.474750
1641,-25.470906,-25.206141,-26.206141,-24.206141,informed,none,0.000000,-21,-216.890258,317.998765,4.410000,313.588765
1642,-25.733392,-26.390728,-27.390728,-25.390728,noise,buy_from_mm,-25.390728,-22,-242.280986,323.853640,4.840000,319.013640
1643,-26.017467,-26.381871,-27.381871,-25.381871,informed,none,0.000000,-22,-242.280986,330.103279,4.840000,325.263279
1644,-26.550536,-26.600641,-27.600641,-25.600641,noise,none,0.000000,-22,-242.280986,341.830804,4.840000,336.990804
1645,-28.735212,-27.715121,-28.715121,-26.715121,noise,buy_from_mm,-26.715121,-23,-268.996107,391.913769,5.290000,386.623769
1646,-28.656922,-28.963145,-29.963145,-27.963145,informed,none,0.000000,-23,-268.996107,390.113089,5.290000,384.823089
1647,-28.640091,-28.748529,-29.748529,-27.748529,informed,none,0.000000,-23,-268.996107,389.725976,5.290000,384.435976
1648,-27.666941,-28.136726,-29.136726,-27.136726,noise,buy_from_mm,-27.136726,-24,-296.132833,367.873746,5.760000,362.113746
1649,-29.177453,-29.470687,-30.470687,-28.470687,noise,none,0.000000,-24,-296.132833,404.126033,5.760000,398.366033
1650,-29.570289,-29.118688,-30.118688,-28.118688,informed,none,0.000000,-24,-296.132833,413.554115,5.760000,407.794115
1651,-31.161874,-30.386440,-31.386440,-29.386440,noise,none,0.000000,-24,-296.132833,451.752146,5.760000,445.992146
1652,-31.561616,-31.994382,-32.994382,-30.994382,noise,none,0.000000,-24,-296.132833,461.345947,5.760000,455.585947
1653,-32.155042,-31.790489,-32.790489,-30.790489,noise,sell_to_mm,-32.790489,-23,-263.342343,476.223634,5.290000,470.933634
1654,-32.892482,-32.907372,-33.907372,-31.907372,informed,none,0.000000,-23,-263.342343,493.184749,5.290000,487.894749
1655,-32.599532,-31.568418,-32.568418,-30.568418,informed,sell_to_mm,-32.568418,-22,-230.773926,486.415777,4.840000,481.575777
1656,-31.666986,-31.887783,-32.887783,-30.887783,informed,none,0.000000,-22,-230.773926,465.899762,4.840000,461.059762
1657,-29.980275,-30.336501,-31.336501,-29.336501,informed,none,0.000000,-22,-230.773926,428.792132,4.840000,423.952132
1658,-30.155392,-29.654930,-30.654930,-28.654930,noise,none,0.000000,-22,-230.773926,432.644706,4.840000,427.804706
1659,-29.618341,-29.932621,-30.932621,-28.932621,informed,none,0.000000,-22,-230.773926,420.829574,4.840000,415.989574
1660,-29.803965,-29.844091,-30.844091,-28.844091,noise,none,0.000000,-22,-230.773926,424.913297,4.840000,420.073297
1661,-29.995472,-30.130603,-31.130603,-29.130603,noise,none,0.000000,-22,-230.773926,429.126468,4.840000,424.286468
1662,-30.684058,-30.431787,-31.431787,-29.431787,noise,none,0.000000,-22,-230.773926,444.275352,4.840000,439.435352
1663,-31.653024,-31.660051,-32.660051,-30.660051,informed,none,0.000000,-22,-230.773926,465.592609,4.840000,460.752609
1664,-31.196369,-30.598224,-31.598224,-29.598224,noise,none,0.000000,-22,-230.773926,455.546184,4.840000,450.706184
1665,-30.950437,-30.390802,-31.390802,-29.390802,noise,none,0.000000,-22,-230.773926,450.135681,4.840000,445.295681
1666,-31.308290,-30.746943,-31.746943,-29.746943,informed,none,0.000000,-22,-230.773926,458.008462,4.840000,453.168462
1667,-32.498407,-32.222498,-33.222498,-31.222498,informed,none,0.000000,-22,-230.773926,484.191020,4.840000,479.351020
1668,-31.211119,-31.262513,-32.262513,-30.262513,informed,none,0.000000,-22,-230.773926,455.870688,4.840000,451.030688
1669,-30.981063,-30.582999,-31.582999,-29.582999,noise,none,0.000000,-22,-230.773926,450.809455,4.840000,445.969455
1670,-29.713455,-29.986155,-30.986155,-28.986155,noise,none,0.000000,-22,-230.773926,422.922074,4.840000,418.082074
1671,-28.598792,-28.645786,-29.645786,-27.645786,noise,none,0.000000,-22,-230.773926,398.399509,4.840000,393.559509
1672,-29.923704,-30.155582,-31.155582,-29.155582,informed,none,0.000000,-22,-230.773926,427.547557,4.840000,422.707557
1673,-30.621232,-29.711231,-30.711231,-28.711231,noise,none,0.000000,-22,-230.773926,442.893170,4.840000,438.053170
1674,-30.016677,-30.061152,-31.061152,-29.061152,noise,sell_to_mm,-31.061152,-21,-199.712774,430.637438,4.410000,426.227438
1675,-30.249573,-29.232947,-30.232947,-28.232947,noise,none,0.000000,-21,-199.712774,435.528253,4.410000,431.118253
1676,-32.383575,-32.022527,-33.022527,-31.022527,noise,none,0.000000,-21,-199.712774,480.342302,4.410000,475.932302
1677,-31.946134,-32.091884,-33.091884,-31.091884,informed,none,0.000000,-21,-199.712774,471.156030,4.410000,466.746030
1678,-32.073077,-31.513750,-32.513750,-30.513750,informed,none,0.000000,-21,-199.712774,473.821851,4.410000,469.411851
1679,-31.400308,-31.269540,-32.269540,-30.269540,noise,none,0.000000,-21,-199.712774,459.693684,4.410000,455.283684
1680,-29.309961,-29.237363,-30.237363,-28.237363,noise,buy_from_mm,-28.237363,-22,-227.950136,416.869011,4.840000,412.029011
1681,-29.042051,-29.331394,-30.331394,-28.331394,noise,none,0.000000,-22,-227.950136,410.974977,4.840000,406.134977
1682,-29.719833,-29.325183,-30.325183,-28.325183,informed,none,0.000000,-22,-227.950136,425.886192,4.840000,421.046192
1683,-30.600995,-30.605310,-31.605310,-29.605310,noise,none,0.000000,-22,-227.950136,445.271753,4.840000,440.431753
1684,-30.857137,-30.566041,-31.566041,-29.566041,noise,none,0.000000,-22,-227.950136,450.906879,4.840000,446.066879
1685,-32.262845,-31.532203,-32.532203,-30.532203,noise,none,0.000000,-22,-227.950136,481.832463,4.840000,476.992463
1686,-31.251159,-31.416655,-32.416655,-30.416655,informed,none,0.000000,-22,-227.950136,459.575355,4.840000,454.735355
1687,-30.147780,-29.698021,-30.698021,-28.698021,noise,none,0.000000,-22,-227.950136,435.301024,4.840000,430.461024
1688,-28.228757,-27.325525,-28.325525,-26.325525,noise,none,0.000000,-22,-227.950136,393.082510,4.840000,388.242510
1689,-29.974809,-29.857007,-30.857007,-28.857007,noise,none,0.000000,-22,-227.950136,431.495651,4.840000,426.655651
1690,-29.744153,-29.869719,-30.869719,-28.869719,informed,none,0.000000,-22,-227.950136,426.421238,4.840000,421.581238
1691,-30.387237,-29.895190,-30.895190,-28.895190,noise,none,0.000000,-22,-227.950136,440.569080,4.840000,435.729080
1692,-30.116810,-29.796729,-30.796729,-28.796729,informed,none,0.000000,-22,-227.950136,434.619693,4.840000,429.779693
1693,-31.167947,-31.424339,-32.424339,-30.424339,noise,sell_to_mm,-32.424339,-21,-195.525797,459.001098,4.410000,454.591098
1694,-32.160632,-31.901744,-32.901744,-30.901744,noise,none,0.000000,-21,-195.525797,479.847477,4.410000,475.437477
1695,-32.034844,-31.805443,-32.805443,-30.805443,noise,none,0.000000,-21,-195.525797,477.205931,4.410000,472.795931
1696,-31.180347,-30.229837,-31.229837,-29.229837,noise,none,0.000000,-21,-195.525797,459.261497,4.410000,454.851497
1697,-32.024387,-32.090041,-33.090041,-31.090041,noise,buy_from_mm,-31.090041,-22,-226.615838,477.920675,4.840000,473.080675
1698,-30.662997,-30.696375,-31.696375,-29.696375,informed,none,0.000000,-22,-226.615838,447.970085,4.840000,443.130085
1699,-30.470406,-30.825190,-31.825190,-29.825190,informed,none,0.000000,-22,-226.615838,443.733101,4.840000,438.893101
1700,-29.657937,-30.045788,-31.045788,-29.045788,informed,none,0.000000,-22,-226.615838,425.858778,4.840000,421.018778
1701,-29.393472,-29.542694,-30.542694,-28.542694,informed,none,0.000000,-22,-226.615838,420.040551,4.840000,415.200551
1702,-28.969375,-30.557952,-31.557952,-29.557952,informed,buy_from_mm,-29.557952,-23,-256.173790,410.121833,5.290000,404.831833
1703,-28.393537,-28.706955,-29.706955,-27.706955,noise,sell_to_mm,-29.706955,-22,-226.466835,398.190987,4.840000,393.350987
1704,-28.193396,-28.147918,-29.147918,-27.147918,informed,none,0.000000,-22,-226.466835,393.787867,4.840000,388.947867
1705,-28.007188,-27.927870,-28.927870,-26.927870,informed,none,0.000000,-22,-226.466835,389.691295,4.840000,384.851295
1706,-29.217843,-28.446894,-29.446894,-27.446894,informed,none,0.000000,-22,-226.466835,416.325710,4.840000,411.485710
1707,-28.764139,-28.674535,-29.674535,-27.674535,noise,none,0.000000,-22,-226.466835,406.344216,4.840000,401.504216
1708,-30.155502,-29.783092,-30.783092,-28.783092,informed,none,0.000000,-22,-226.466835,436.954215,4.840000,432.114215
1709,-28.990259,-29.094622,-30.094622,-28.094622,noise,none,0.000000,-22,-226.466835,411.318862,4.840000,406.478862
1710,-28.436056,-29.077094,-30.077094,-28.077094,noise,sell_to_mm,-30.077094,-21,-196.389740,400.767426,4.410000,396.357426
1711,-26.168937,-25.282442,-26.282442,-24.282442,informed,none,0.000000,-21,-196.389740,353.157942,4.410000,348.747942
1712,-24.763627,-24.110695,-25.110695,-23.110695,noise,none,0.000000,-21,-196.389740,323.646427,4.410000,319.236427
1713,-23.011675,-23.068614,-24.068614,-22.068614,noise,none,0.000000,-21,-196.389740,286.855443,4.410000,282.445443
1714,-21.961897,-22.073153,-23.073153,-21.073153,noise,buy_from_mm,-21.073153,-22,-217.462893,265.698833,4.840000,260.858833
1715,-20.986302,-20.922863,-21.922863,-19.922863,noise,none,0.000000,-22,-217.462893,244.235760,4.840000,239.395760
1716,-21.454384,-21.202305,-22.202305,-20.202305,informed,none,0.000000,-22,-217.462893,254.533565,4.840000,249.693565
1717,-20.968707,-19.699011,-20.699011,-18.699011,informed,sell_to_mm,-20.699011,-21,-196.763882,243.578972,4.410000,239.168972
1718,-20.575811,-21.179370,-22.179370,-20.179370,informed,none,0.000000,-21,-196.763882,235.328151,4.410000,230.918151
1719,-18.875149,-18.454936,-19.454936,-17.454936,informed,none,0.000000,-21,-196.763882,199.614243,4.410000,195.204243
1720,-18.997282,-18.720560,-19.720560,-17.720560,noise,none,0.000000,-21,-196.763882,202.179045,4.410000,197.769045
1721,-19.771011,-19.096072,-20.096072,-18.096072,noise,buy_from_mm,-18.096072,-22,-214.859954,220.102288,4.840000,215.262288
1722,-18.994688,-18.156204,-19.156204,-17.156204,noise,none,0.000000,-22,-214.859954,203.023173,4.840000,198.183173
1723,-18.013601,-17.995576,-18.995576,-16.995576,noise,none,0.000000,-22,-214.859954,181.439264,4.840000,176.599264
1724,-17.232187,-16.801080,-17.801080,-15.801080,noise,none,0.000000,-22,-214.859954,164.248166,4.840000,159.408166
1725,-16.956553,-16.800336,-17.800336,-15.800336,noise,none,0.000000,-22,-214.859954,158.184203,4.840000,153.344203
1726,-14.949247,-15.125343,-16.125343,-14.125343,informed,none,0.000000,-22,-214.859954,114.023475,4.840000,109.183475
1727,-16.270932,-16.066691,-17.066691,-15.066691,noise,sell_to_mm,-17.066691,-21,-197.793263,143.896308,4.410000,139.486308
1728,-17.903117,-17.920315,-18.920315,-16.920315,informed,none,0.000000,-21,-197.793263,178.172190,4.410000,173.762190
1729,-19.026973,-19.348088,-20.348088,-18.348088,noise,none,0.000000,-21,-197.793263,201.773170,4.410000,197.363170
1730,-19.419605,-19.567606,-20.567606,-18.567606,informed,none,0.000000,-21,-197.793263,210.018434,4.410000,205.608434
1731,-19.109111,-18.829283,-19.829283,-17.829283,informed,none,0.000000,-21,-197.793263,203.498062,4.410000,199.088062
1732,-17.963012,-18.630355,-19.630355,-17.630355,informed,none,0.000000,-21,-197.793263,179.429991,4.410000,175.019991
1733,-17.660848,-16.741162,-17.741162,-15.741162,noise,sell_to_mm,-17.741162,-20,-180.052101,173.164862,4.000000,169.164862
1734,-17.911566,-18.083282,-19.083282,-17.083282,noise,none,0.000000,-20,-180.052101,178.179221,4.000000,174.179221
1735,-17.630213,-16.853224,-17.853224,-15.853224,noise,none,0.000000,-20,-180.052101,172.552156,4.000000,168.552156
1736,-17.885998,-17.568157,-18.568157,-16.568157,noise,none,0.000000,-20,-180.052101,177.667852,4.000000,173.667852
1737,-18.185340,-18.351387,-19.351387,-17.351387,informed,none,0.000000,-20,-180.052101,183.654689,4.000000,179.654689
1738,-18.288606,-18.340201,-19.340201,-17.340201,noise,none,0.000000,-20,-180.052101,185.720015,4.000000,181.720015
1739,-18.314735,-18.046718,-19.046718,-17.046718,noise,none,0.000000,-20,-180.052101,186.242590,4.000000,182.242590
1740,-19.256842,-18.966608,-19.966608,-17.966608,noise,buy_from_mm,-17.966608,-21,-198.018709,206.374974,4.410000,201.964974
1741,-18.919089,-19.654591,-20.654591,-18.654591,noise,none,0.000000,-21,-198.018709,199.282166,4.410000,194.872166
1742,-17.964396,-18.555981,-19.555981,-17.555981,noise,none,0.000000,-21,-198.018709,179.233610,4.410000,174.823610
1743,-18.817106,-18.332857,-19.332857,-17.332857,noise,none,0.000000,-21,-198.018709,197.140524,4.410000,192.730524
1744,-20.247529,-20.245080,-21.245080,-19.245080,noise,none,0.000000,-21,-198.018709,227.179405,4.410000,222.769405
1745,-21.369271,-21.016137,-22.016137,-20.016137,noise,none,0.000000,-21,-198.018709,250.735974,4.410000,246.325974
1746,-22.584142,-23.945948,-24.945948,-22.945948,informed,buy_from_mm,-22.945948,-22,-220.964658,275.886470,4.840000,271.046470
1747,-23.437903,-23.345216,-24.345216,-22.345216,noise,none,0.000000,-22,-220.964658,294.669203,4.840000,289.829203
1748,-23.919088,-23.403302,-24.403302,-22.403302,noise,none,0.000000,-22,-220.964658,305.255279,4.840000,300.415279
1749,-24.933256,-25.216905,-26.216905,-24.216905,informed,none,0.000000,-22,-220.964658,327.566967,4.840000,322.726967
1750,-24.966347,-25.970230,-26.970230,-24.970230,noise,none,0.000000,-22,-220.964658,328.294979,4.840000,323.454979
1751,-24.916449,-25.109902,-26.109902,-24.109902,noise,none,0.000000,-22,-220.964658,327.197217,4.840000,322.357217
1752,-23.956230,-23.915135,-24.915135,-22.915135,informed,none,0.000000,-22,-220.964658,306.072392,4.840000,301.232392
1753,-22.170889,-22.547983,-23.547983,-21.547983,noise,none,0.000000,-22,-220.964658,266.794891,4.840000,261.954891
1754,-21.696613,-21.533546,-22.533546,-20.533546,noise,none,0.000000,-22,-220.964658,256.360818,4.840000,251.520818
1755,-22.304177,-21.616392,-22.616392,-20.616392,informed,none,0.000000,-22,-220.964658,269.727233,4.840000,264.887233
1756,-20.360884,-20.635598,-21.635598,-19.635598,noise,none,0.000000,-22,-220.964658,226.974785,4.840000,222.134785
1757,-20.658202,-20.115604,-21.115604,-19.115604,noise,none,0.000000,-22,-220.964658,233.515781,4.840000,228.675781
1758,-21.639855,-21.990170,-22.990170,-20.990170,noise,none,0.000000,-22,-220.964658,255.112155,4.840000,250.272155
1759,-22.410448,-22.767262,-23.767262,-21.767262,noise,none,0.000000,-22,-220.964658,272.065208,4.840000,267.225208
1760,-23.913744,-23.377741,-24.377741,-22.377741,informed,none,0.000000,-22,-220.964658,305.137705,4.840000,300.297705
1761,-25.465545,-25.125436,-26.125436,-24.125436,informed,none,0.000000,-22,-220.964658,339.277342,4.840000,334.437342
1762,-25.558619,-25.930507,-26.930507,-24.930507,noise,none,0.000000,-22,-220.964658,341.324953,4.840000,336.484953
1763,-24.459300,-24.704463,-25.704463,-23.704463,informed,none,0.000000,-22,-220.964658,317.139941,4.840000,312.299941
1764,-23.396488,-23.683003,-24.683003,-22.683003,informed,none,0.000000,-22,-220.964658,293.758083,4.840000,288.918083
1765,-22.376651,-22.161174,-23.161174,-21.161174,noise,buy_from_mm,-21.161174,-23,-242.125832,272.537139,5.290000,267.247139
1766,-22.480254,-22.996341,-23.996341,-21.996341,noise,none,0.000000,-23,-242.125832,274.920018,5.290000,269.630018
1767,-23.233804,-22.822941,-23.822941,-21.822941,noise,none,0.000000,-23,-242.125832,292.251668,5.290000,286.961668
1768,-23.176219,-22.900929,-23.900929,-21.900929,informed,none,0.000000,-23,-242.125832,290.927216,5.290000,285.637216
1769,-23.048837,-22.305040,-23.305040,-21.305040,noise,none,0.000000,-23,-242.125832,287.997425,5.290000,282.707425
1770,-24.306651,-24.210051,-25.210051,-23.210051,noise,sell_to_mm,-25.210051,-22,-216.915781,317.830544,4.840000,312.990544
1771,-22.902265,-23.739464,-24.739464,-22.739464,noise,none,0.000000,-22,-216.915781,286.934055,4.840000,282.094055
1772,-22.732822,-22.010655,-23.010655,-21.010655,noise,none,0.000000,-22,-216.915781,283.206303,4.840000,278.366303
1773,-22.940139,-24.031600,-25.031600,-23.031600,informed,buy_from_mm,-23.031600,-23,-239.947381,287.675814,5.290000,282.385814
1774,-24.251212,-25.202060,-26.202060,-24.202060,noise,none,0.000000,-23,-239.947381,317.830502,5.290000,312.540502
1775,-24.181627,-24.245288,-25.245288,-23.245288,noise,sell_to_mm,-25.245288,-22,-214.702094,317.293707,4.840000,312.453707
1776,-25.588422,-25.568870,-26.568870,-24.568870,noise,buy_from_mm,-24.568870,-23,-239.270964,349.262736,5.290000,343.972736
1777,-25.378999,-25.636415,-26.636415,-24.636415,informed,none,0.000000,-23,-239.270964,344.446023,5.290000,339.156023
1778,-25.626551,-24.917183,-25.917183,-23.917183,informed,none,0.000000,-23,-239.270964,350.139701,5.290000,344.849701
1779,-25.777935,-26.179675,-27.179675,-25.179675,noise,none,0.000000,-23,-239.270964,353.621530,5.290000,348.331530
1780,-26.629860,-27.368069,-28.368069,-26.368069,noise,sell_to_mm,-28.368069,-22,-210.902895,374.954022,4.840000,370.114022
1781,-26.874715,-27.324990,-28.324990,-26.324990,noise,buy_from_mm,-26.324990,-23,-237.227885,380.890564,5.290000,375.600564
1782,-25.769924,-26.422118,-27.422118,-25.422118,informed,none,0.000000,-23,-237.227885,355.480370,5.290000,350.190370
1783,-26.351307,-26.503453,-27.503453,-25.503453,informed,none,0.000000,-23,-237.227885,368.852176,5.290000,363.562176
1784,-26.400736,-26.152609,-27.152609,-25.152609,informed,none,0.000000,-23,-237.227885,369.989043,5.290000,364.699043
1785,-26.469545,-27.071820,-28.071820,-26.071820,noise,sell_to_mm,-28.071820,-22,-209.156066,373.173918,4.840000,368.333918
1786,-26.894633,-27.174732,-28.174732,-26.174732,noise,sell_to_mm,-28.174732,-21,-180.981334,383.805960,4.410000,379.395960
1787,-26.829904,-27.506396,-28.506396,-26.506396,informed,none,0.000000,-21,-180.981334,382.446652,4.410000,378.036652
1788,-27.763717,-27.632759,-28.632759,-26.632759,informed,none,0.000000,-21,-180.981334,402.056722,4.410000,397.646722
1789,-28.644892,-28.572275,-29.572275,-27.572275,informed,none,0.000000,-21,-180.981334,420.561389,4.410000,416.151389
1790,-28.866781,-28.672337,-29.672337,-27.672337,informed,none,0.000000,-21,-180.981334,425.221070,4.410000,420.811070
1791,-27.617501,-27.293229,-28.293229,-26.293229,noise,none,0.000000,-21,-180.981334,398.986193,4.410000,394.576193
1792,-27.031041,-27.081081,-28.081081,-26.081081,informed,none,0.000000,-21,-180.981334,386.670537,4.410000,382.260537
1793,-27.521030,-27.256020,-28.256020,-26.256020,noise,none,0.000000,-21,-180.981334,396.960304,4.410000,392.550304
1794,-26.626626,-26.548009,-27.548009,-25.548009,informed,none,0.000000,-21,-180.981334,378.177812,4.410000,373.767812
1795,-27.767891,-27.679176,-28.679176,-26.679176,informed,none,0.000000,-21,-180.981334,402.144377,4.410000,397.734377
1796,-26.037675,-26.457582,-27.457582,-25.457582,noise,none,0.000000,-21,-180.981334,365.809845,4.410000,361.399845
1797,-26.562989,-27.168304,-28.168304,-26.168304,noise,none,0.000000,-21,-180.981334,376.841428,4.410000,372.431428
1798,-25.889049,-25.386220,-26.386220,-24.386220,noise,buy_from_mm,-24.386220,-22,-205.367554,364.191531,4.840000,359.351531
1799,-24.418193,-24.909917,-25.909917,-23.909917,noise,buy_from_mm,-23.909917,-23,-229.277471,332.340975,5.290000,327.050975
1800,-23.829750,-23.903693,-24.903693,-22.903693,informed,none,0.000000,-23,-229.277471,318.806784,5.290000,313.516784
1801,-25.015766,-24.370825,-25.370825,-23.370825,noise,none,0.000000,-23,-229.277471,346.085142,5.290000,340.795142
1802,-26.238739,-25.747115,-26.747115,-24.747115,noise,none,0.000000,-23,-229.277471,374.213531,5.290000,368.923531
1803,-25.225750,-26.032209,-27.032209,-25.032209,informed,none,0.000000,-23,-229.277471,350.914776,5.290000,345.624776
1804,-25.243277,-26.091322,-27.091322,-25.091322,informed,none,0.000000,-23,-229.277471,351.317911,5.290000,346.027911
1805,-25.215139,-25.632914,-26.632914,-24.632914,informed,none,0.000000,-23,-229.277471,350.670732,5.290000,345.380732
1806,-25.142025,-24.979378,-25.979378,-23.979378,noise,sell_to_mm,-25.979378,-22,-203.298093,349.826453,4.840000,344.986453
1807,-25.245734,-25.412144,-26.412144,-24.412144,informed,none,0.000000,-22,-203.298093,352.108059,4.840000,347.268059
1808,-26.001614,-26.625486,-27.625486,-25.625486,noise,sell_to_mm,-27.625486,-21,-175.672607,370.361285,4.410000,365.951285
1809,-24.720763,-24.811262,-25.811262,-23.811262,informed,none,0.000000,-21,-175.672607,343.463420,4.410000,339.053420
1810,-25.735236,-25.520782,-26.520782,-24.520782,informed,none,0.000000,-21,-175.672607,364.767352,4.410000,360.357352
1811,-26.311481,-26.449462,-27.449462,-25.449462,informed,none,0.000000,-21,-175.672607,376.868492,4.410000,372.458492
1812,-27.694840,-28.210790,-29.210790,-27.210790,noise,none,0.000000,-21,-175.672607,405.919028,4.410000,401.509028
1813,-27.089938,-26.984157,-27.984157,-25.984157,informed,none,0.000000,-21,-175.672607,393.216086,4.410000,388.806086
1814,-27.289563,-28.086164,-29.086164,-27.086164,noise,buy_from_mm,-27.086164,-22,-202.758771,397.611621,4.840000,392.771621
1815,-27.484221,-27.950441,-28.950441,-26.950441,noise,sell_to_mm,-28.950441,-21,-173.808330,403.360320,4.410000,398.950320
1816,-27.089701,-27.023550,-28.023550,-26.023550,informed,none,0.000000,-21,-173.808330,395.075385,4.410000,390.665385
1817,-26.898338,-26.316997,-27.316997,-25.316997,noise,none,0.000000,-21,-173.808330,391.056767,4.410000,386.646767
1818,-25.273638,-25.556068,-26.556068,-24.556068,noise,none,0.000000,-21,-173.808330,356.938058,4.410000,352.528058
1819,-24.258399,-24.193771,-25.193771,-23.193771,noise,buy_from_mm,-23.193771,-22,-197.002101,336.682670,4.840000,331.842670
1820,-22.267723,-22.949486,-23.949486,-21.949486,informed,none,0.000000,-22,-197.002101,292.887815,4.840000,288.047815
1821,-23.130719,-23.148219,-24.148219,-22.148219,informed,none,0.000000,-22,-197.002101,311.873723,4.840000,307.033723
1822,-22.571762,-23.064245,-24.064245,-22.064245,noise,none,0.000000,-22,-197.002101,299.576670,4.840000,294.736670
1823,-21.909010,-21.925498,-22.925498,-20.925498,informed,none,0.000000,-22,-197.002101,284.996128,4.840000,280.156128
1824,-20.726965,-21.023592,-22.023592,-20.023592,informed,none,0.000000,-22,-197.002101,258.991126,4.840000,254.151126
1825,-20.055459,-20.039914,-21.039914,-19.039914,informed,none,0.000000,-22,-197.002101,244.218007,4.840000,239.378007
1826,-19.153024,-19.136486,-20.136486,-18.136486,informed,none,0.000000,-22,-197.002101,224.364431,4.840000,219.524431
1827,-20.042668,-19.963831,-20.963831,-18.963831,noise,none,0.000000,-22,-197.002101,243.936588,4.840000,239.096588
1828,-20.863234,-20.633976,-21.633976,-19.633976,noise,none,0.000000,-22,-197.002101,261.989048,4.840000,257.149048
1829,-20.826956,-20.869704,-21.869704,-19.869704,informed,none,0.000000,-22,-197.002101,261.190942,4.840000,256.350942
1830,-23.245505,-23.084628,-24.084628,-22.084628,noise,none,0.000000,-22,-197.002101,314.399000,4.840000,309.559000
1831,-24.694946,-24.820402,-25.820402,-23.820402,noise,buy_from_mm,-23.820402,-23,-220.822503,347.161264,5.290000,341.871264
1832,-25.867506,-25.213672,-26.213672,-24.213672,noise,none,0.000000,-23,-220.822503,374.130125,5.290000,368.840125
1833,-26.731429,-26.839676,-27.839676,-25.839676,informed,none,0.000000,-23,-220.822503,394.000363,5.290000,388.710363
1834,-27.310643,-27.245014,-28.245014,-26.245014,informed,none,0.000000,-23,-220.822503,407.322298,5.290000,402.032298
1835,-27.740181,-27.593456,-28.593456,-26.593456,noise,none,0.000000,-23,-220.822503,417.201670,5.290000,411.911670
1836,-26.855032,-27.332102,-28.332102,-26.332102,noise,buy_from_mm,-26.332102,-24,-247.154605,397.366152,5.760000,391.606152
1837,-27.437042,-27.468753,-28.468753,-26.468753,noise,buy_from_mm,-26.468753,-25,-273.623358,412.302684,6.250000,406.052684
1838,-29.023972,-29.937083,-30.937083,-28.937083,noise,none,0.000000,-25,-273.623358,451.975936,6.250000,445.725936
1839,-30.326433,-31.263154,-32.263154,-30.263154,informed,none,0.000000,-25,-273.623358,484.537458,6.250000,478.287458
1840,-30.150208,-30.575878,-31.575878,-29.575878,noise,none,0.000000,-25,-273.623358,480.131840,6.250000,473.881840
1841,-30.885576,-30.174107,-31.174107,-29.174107,informed,none,0.000000,-25,-273.623358,498.516051,6.250000,492.266051
1842,-31.730407,-31.503127,-32.503127,-30.503127,informed,none,0.000000,-25,-273.623358,519.636828,6.250000,513.386828
1843,-31.417146,-31.163636,-32.163636,-30.163636,noise,buy_from_mm,-30.163636,-26,-303.786994,513.058801,6.760000,506.298801
1844,-31.810371,-32.564982,-33.564982,-31.564982,informed,none,0.000000,-26,-303.786994,523.282649,6.760000,516.522649
1845,-30.731095,-30.675310,-31.675310,-29.675310,noise,none,0.000000,-26,-303.786994,495.221475,6.760000,488.461475
1846,-29.098335,-29.323488,-30.323488,-28.323488,noise,buy_from_mm,-28.323488,-27,-332.110482,453.544562,7.290000,446.254562
1847,-29.048580,-29.890507,-30.890507,-28.890507,informed,none,0.000000,-27,-332.110482,452.201175,7.290000,444.911175
1848,-27.486822,-27.942432,-28.942432,-26.942432,informed,none,0.000000,-27,-332.110482,410.033711,7.290000,402.743711
1849,-27.557718,-28.071707,-29.071707,-27.071707,noise,none,0.000000,-27,-332.110482,411.947907,7.290000,404.657907
1850,-26.060595,-27.019078,-28.019078,-26.019078,noise,none,0.000000,-27,-332.110482,371.525593,7.290000,364.235593
1851,-25.989713,-25.989873,-26.989873,-24.989873,informed,none,0.000000,-27,-332.110482,369.611773,7.290000,362.321773
1852,-28.950033,-29.200126,-30.200126,-28.200126,informed,none,0.000000,-27,-332.110482,449.540413,7.290000,442.250413
1853,-29.246757,-29.222468,-30.222468,-28.222468,informed,none,0.000000,-27,-332.110482,457.551944,7.290000,450.261944
1854,-27.439202,-28.140375,-29.140375,-27.140375,noise,none,0.000000,-27,-332.110482,408.747983,7.290000,401.457983
1855,-27.681203,-26.957246,-27.957246,-25.957246,noise,buy_from_mm,-25.957246,-28,-358.067728,417.005965,7.840000,409.165965
1856,-26.993615,-26.440364,-27.440364,-25.440364,noise,none,0.000000,-28,-358.067728,397.753490,7.840000,389.913490
1857,-26.806834,-26.649478,-27.649478,-25.649478,noise,none,0.000000,-28,-358.067728,392.523620,7.840000,384.683620
1858,-29.182473,-29.606094,-30.606094,-28.606094,noise,none,0.000000,-28,-358.067728,459.041516,7.840000,451.201516
1859,-27.534028,-27.456119,-28.456119,-26.456119,noise,none,0.000000,-28,-358.067728,412.885047,7.840000,405.045047
1860,-27.141764,-27.264983,-28.264983,-26.264983,informed,none,0.000000,-28,-358.067728,401.901658,7.840000,394.061658
1861,-26.279833,-26.580157,-27.580157,-25.580157,informed,none,0.000000,-28,-358.067728,377.767594,7.840000,369.927594
1862,-26.881258,-26.178516,-27.178516,-25.178516,noise,none,0.000000,-28,-358.067728,394.607505,7.840000,386.767505
1863,-26.501323,-26.401670,-27.401670,-25.401670,informed,none,0.000000,-28,-358.067728,383.969306,7.840000,376.129306
1864,-27.607674,-27.962422,-28.962422,-26.962422,noise,buy_from_mm,-26.962422,-29,-385.030151,415.592396,8.410000,407.182396
1865,-27.449301,-27.896049,-28.896049,-26.896049,informed,none,0.000000,-29,-385.030151,410.999586,8.410000,402.589586
1866,-28.520780,-28.254772,-29.254772,-27.254772,noise,buy_from_mm,-27.254772,-30,-412.284923,443.338486,9.000000,434.338486
1867,-29.129447,-29.583038,-30.583038,-28.583038,noise,sell_to_mm,-30.583038,-29,-381.701885,463.052079,8.410000,454.642079
1868,-31.533611,-31.581592,-32.581592,-30.581592,noise,sell_to_mm,-32.581592,-28,-349.120292,533.820813,7.840000,525.980813
1869,-31.720340,-31.349660,-32.349660,-30.349660,informed,none,0.000000,-28,-349.120292,539.049233,7.840000,531.209233
1870,-32.404641,-32.655154,-33.655154,-31.655154,noise,none,0.000000,-28,-349.120292,558.209646,7.840000,550.369646
1871,-31.198189,-31.933331,-32.933331,-30.933331,noise,sell_to_mm,-32.933331,-27,-316.186962,526.164151,7.290000,518.874151
1872,-31.177634,-31.559222,-32.559222,-30.559222,informed,none,0.000000,-27,-316.186962,525.609151,7.290000,518.319151
1873,-31.008293,-30.515860,-31.515860,-29.515860,informed,none,0.000000,-27,-316.186962,521.036960,7.290000,513.746960
1874,-31.038186,-30.859771,-31.859771,-29.859771,noise,none,0.000000,-27,-316.186962,521.844054,7.290000,514.554054
1875,-31.748689,-32.395855,-33.395855,-31.395855,noise,none,0.000000,-27,-316.186962,541.027633,7.290000,533.737633
1876,-31.881885,-32.121229,-33.121229,-31.121229,informed,none,0.000000,-27,-316.186962,544.623936,7.290000,537.333936
1877,-31.541789,-30.883288,-31.883288,-29.883288,informed,none,0.000000,-27,-316.186962,535.441338,7.290000,528.151338
1878,-31.557150,-32.246906,-33.246906,-31.246906,noise,none,0.000000,-27,-316.186962,535.856086,7.290000,528.566086
1879,-33.056702,-32.939660,-33.939660,-31.939660,noise,none,0.000000,-27,-316.186962,576.343989,7.290000,569.053989
1880,-32.871169,-33.358608,-34.358608,-32.358608,noise,none,0.000000,-27,-316.186962,571.334593,7.290000,564.044593
1881,-32.852194,-32.793966,-33.793966,-31.793966,informed,none,0.000000,-27,-316.186962,570.822279,7.290000,563.532279
1882,-35.008680,-35.071897,-36.071897,-34.071897,noise,buy_from_mm,-34.071897,-28,-350.258858,629.984177,7.840000,622.144177
1883,-34.550921,-34.141140,-35.141140,-33.141140,informed,none,0.000000,-28,-350.258858,617.166926,7.840000,609.326926
1884,-35.209258,-35.525440,-36.525440,-34.525440,noise,none,0.000000,-28,-350.258858,635.600362,7.840000,627.760362
1885,-35.492733,-34.966355,-35.966355,-33.966355,noise,none,0.000000,-28,-350.258858,643.537661,7.840000,635.697661
1886,-35.446953,-35.867088,-36.867088,-34.867088,noise,none,0.000000,-28,-350.258858,642.255829,7.840000,634.415829
1887,-35.512448,-35.282998,-36.282998,-34.282998,noise,none,0.000000,-28,-350.258858,644.089684,7.840000,636.249684
1888,-36.140669,-35.834876,-36.834876,-34.834876,noise,sell_to_mm,-36.834876,-27,-313.423982,662.374085,7.290000,655.084085
1889,-35.976436,-35.596586,-36.596586,-34.596586,noise,buy_from_mm,-34.596586,-28,-348.020568,659.319631,7.840000,651.479631
1890,-36.423219,-36.893992,-37.893992,-35.893992,noise,none,0.000000,-28,-348.020568,671.829559,7.840000,663.989559
1891,-36.055191,-36.596248,-37.596248,-35.596248,noise,none,0.000000,-28,-348.020568,661.524780,7.840000,653.684780
1892,-35.841295,-36.572509,-37.572509,-35.572509,informed,none,0.000000,-28,-348.020568,655.535691,7.840000,647.695691
1893,-35.871790,-35.161458,-36.161458,-34.161458,noise,sell_to_mm,-36.161458,-27,-311.859110,656.679226,7.290000,649.389226
1894,-35.356841,-35.125955,-36.125955,-34.125955,informed,none,0.000000,-27,-311.859110,642.775589,7.290000,635.485589
1895,-35.070721,-34.552870,-35.552870,-33.552870,noise,none,0.000000,-27,-311.859110,635.050369,7.290000,627.760369
1896,-34.236400,-33.461612,-34.461612,-32.461612,noise,none,0.000000,-27,-311.859110,612.523688,7.290000,605.233688
1897,-33.311097,-33.569772,-34.569772,-32.569772,noise,sell_to_mm,-34.569772,-26,-277.289338,588.799176,6.760000,582.039176
1898,-33.253867,-33.273459,-34.273459,-32.273459,noise,none,0.000000,-26,-277.289338,587.311203,6.760000,580.551203
1899,-34.251562,-34.543964,-35.543964,-33.543964,informed,none,0.000000,-26,-277.289338,613.251266,6.760000,606.491266
1900,-33.535119,-33.323253,-34.323253,-32.323253,noise,none,0.000000,-26,-277.289338,594.623747,6.760000,587.863747
1901,-33.265500,-33.969647,-34.969647,-32.969647,noise,none,0.000000,-26,-277.289338,587.613654,6.760000,580.853654
1902,-30.454355,-30.467842,-31.467842,-29.467842,informed,none,0.000000,-26,-277.289338,514.523881,6.760000,507.763881
1903,-32.515139,-32.604057,-33.604057,-31.604057,noise,none,0.000000,-26,-277.289338,568.104284,6.760000,561.344284
1904,-31.180578,-30.793857,-31.793857,-29.793857,noise,none,0.000000,-26,-277.289338,533.405687,6.760000,526.645687
1905,-29.448895,-29.584626,-30.584626,-28.584626,noise,buy_from_mm,-28.584626,-27,-305.873964,489.246209,7.290000,481.956209
1906,-29.326792,-29.732265,-30.732265,-28.732265,noise,none,0.000000,-27,-305.873964,485.949423,7.290000,478.659423
1907,-30.802813,-30.245649,-31.245649,-29.245649,noise,none,0.000000,-27,-305.873964,525.801991,7.290000,518.511991
1908,-31.811257,-31.751458,-32.751458,-30.751458,noise,none,0.000000,-27,-305.873964,553.029964,7.290000,545.739964
1909,-32.202165,-31.961222,-32.961222,-30.961222,noise,none,0.000000,-27,-305.873964,563.584478,7.290000,556.294478
1910,-31.894699,-31.542130,-32.542130,-30.542130,noise,none,0.000000,-27,-305.873964,555.282907,7.290000,547.992907
1911,-30.864361,-32.007229,-33.007229,-31.007229,noise,none,0.000000,-27,-305.873964,527.463786,7.290000,520.173786
1912,-30.567072,-29.903269,-30.903269,-28.903269,noise,none,0.000000,-27,-305.873964,519.436986,7.290000,512.146986
1913,-30.804518,-31.580268,-32.580268,-30.580268,noise,none,0.000000,-27,-305.873964,525.848031,7.290000,518.558031
1914,-30.740098,-31.096983,-32.096983,-30.096983,informed,none,0.000000,-27,-305.873964,524.108688,7.290000,516.818688
1915,-32.300477,-31.826597,-32.826597,-30.826597,informed,none,0.000000,-27,-305.873964,566.238911,7.290000,558.948911
1916,-32.693087,-32.276448,-33.276448,-31.276448,noise,buy_from_mm,-31.276448,-28,-337.150412,578.256011,7.840000,570.416011
1917,-30.400637,-30.033089,-31.033089,-29.033089,noise,none,0.000000,-28,-337.150412,514.067425,7.840000,506.227425
1918,-29.999556,-29.357013,-30.357013,-28.357013,noise,sell_to_mm,-30.357013,-27,-306.793400,503.194606,7.290000,495.904606
1919,-29.287303,-29.419860,-30.419860,-28.419860,noise,none,0.000000,-27,-306.793400,483.963784,7.290000,476.673784
1920,-27.070452,-27.076348,-28.076348,-26.076348,informed,none,0.000000,-27,-306.793400,424.108797,7.290000,416.818797
1921,-26.408636,-25.992247,-26.992247,-24.992247,informed,none,0.000000,-27,-306.793400,406.239768,7.290000,398.949768
1922,-27.599467,-27.587067,-28.587067,-26.587067,noise,none,0.000000,-27,-306.793400,438.392200,7.290000,431.102200
1923,-27.237859,-27.737358,-28.737358,-26.737358,informed,none,0.000000,-27,-306.793400,428.628786,7.290000,421.338786
1924,-26.193304,-26.649803,-27.649803,-25.649803,noise,sell_to_mm,-27.649803,-26,-279.143597,401.882307,6.760000,395.122307
1925,-28.072633,-29.104140,-30.104140,-28.104140,noise,none,0.000000,-26,-279.143597,450.744863,6.760000,443.984863
1926,-28.820760,-29.786062,-30.786062,-28.786062,informed,none,0.000000,-26,-279.143597,470.196168,6.760000,463.436168
1927,-29.418371,-29.452820,-30.452820,-28.452820,noise,none,0.000000,-26,-279.143597,485.734053,6.760000,478.974053
1928,-31.390023,-31.342589,-32.342589,-30.342589,noise,none,0.000000,-26,-279.143597,536.996990,6.760000,530.236990
1929,-30.862453,-30.394472,-31.394472,-29.394472,informed,none,0.000000,-26,-279.143597,523.280181,6.760000,516.520181
1930,-30.044991,-30.212829,-31.212829,-29.212829,noise,none,0.000000,-26,-279.143597,502.026182,6.760000,495.266182
1931,-28.736136,-29.464099,-30.464099,-28.464099,informed,none,0.000000,-26,-279.143597,467.995950,6.760000,461.235950
1932,-28.104803,-28.586284,-29.586284,-27.586284,informed,none,0.000000,-26,-279.143597,451.581289,6.760000,444.821289
1933,-27.229601,-26.698527,-27.698527,-25.698527,noise,sell_to_mm,-27.698527,-25,-251.445069,429.294954,6.250000,423.044954
1934,-28.721689,-29.018523,-30.018523,-28.018523,informed,none,0.000000,-25,-251.445069,466.597164,6.250000,460.347164
1935,-31.043192,-30.436801,-31.436801,-29.436801,informed,none,0.000000,-25,-251.445069,524.634735,6.250000,518.384735
1936,-30.839756,-29.569987,-30.569987,-28.569987,informed,sell_to_mm,-30.569987,-24,-220.875082,519.279051,5.760000,513.519051
1937,-30.720489,-30.720370,-31.720370,-29.720370,noise,none,0.000000,-24,-220.875082,516.416658,5.760000,510.656658
1938,-31.057255,-30.481020,-31.481020,-29.481020,informed,none,0.000000,-24,-220.875082,524.499049,5.760000,518.739049
1939,-32.138260,-33.065419,-34.065419,-32.065419,informed,none,0.000000,-24,-220.875082,550.443169,5.760000,544.683169
1940,-31.665846,-31.668736,-32.668736,-30.668736,informed,none,0.000000,-24,-220.875082,539.105225,5.760000,533.345225
1941,-30.744308,-30.702741,-31.702741,-29.702741,informed,none,0.000000,-24,-220.875082,516.988308,5.760000,511.228308
1942,-32.166487,-31.913121,-32.913121,-30.913121,noise,none,0.000000,-24,-220.875082,551.120604,5.760000,545.360604
1943,-33.588938,-34.128422,-35.128422,-33.128422,informed,none,0.000000,-24,-220.875082,585.259439,5.760000,579.499439
1944,-34.343135,-34.652068,-35.652068,-33.652068,noise,buy_from_mm,-33.652068,-25,-254.527149,604.051219,6.250000,597.801219
1945,-36.790695,-36.352557,-37.352557,-35.352557,noise,none,0.000000,-25,-254.527149,665.240231,6.250000,658.990231
1946,-35.598500,-36.121899,-37.121899,-35.121899,informed,none,0.000000,-25,-254.527149,635.435341,6.250000,629.185341
1947,-35.422702,-36.199820,-37.199820,-35.199820,noise,none,0.000000,-25,-254.527149,631.040399,6.250000,624.790399
1948,-34.830835,-34.822960,-35.822960,-33.822960,noise,none,0.000000,-25,-254.527149,616.243713,6.250000,609.993713
1949,-33.250650,-33.169592,-34.169592,-32.169592,informed,none,0.000000,-25,-254.527149,576.739100,6.250000,570.489100
1950,-32.723179,-33.322135,-34.322135,-32.322135,noise,sell_to_mm,-34.322135,-24,-220.205015,565.151270,5.760000,559.391270
1951,-32.637983,-32.566412,-33.566412,-31.566412,noise,none,0.000000,-24,-220.205015,563.106579,5.760000,557.346579
1952,-31.709087,-31.300074,-32.300074,-30.300074,informed,none,0.000000,-24,-220.205015,540.813066,5.760000,535.053066
1953,-33.188983,-32.436320,-33.436320,-31.436320,noise,none,0.000000,-24,-220.205015,576.330588,5.760000,570.570588
1954,-33.608019,-33.434022,-34.434022,-32.434022,noise,none,0.000000,-24,-220.205015,586.387436,5.760000,580.627436
1955,-34.107327,-34.939120,-35.939120,-33.939120,noise,none,0.000000,-24,-220.205015,598.370839,5.760000,592.610839
1956,-32.388519,-32.128554,-33.128554,-31.128554,informed,none,0.000000,-24,-220.205015,557.119441,5.760000,551.359441
1957,-33.961605,-33.343797,-34.343797,-32.343797,informed,none,0.000000,-24,-220.205015,594.873500,5.760000,589.113500
1958,-31.825062,-31.553316,-32.553316,-30.553316,noise,sell_to_mm,-32.553316,-23,-187.651698,544.324722,5.290000,539.034722
1959,-31.048714,-30.631880,-31.631880,-29.631880,noise,none,0.000000,-23,-187.651698,526.468718,5.290000,521.178718
1960,-32.549633,-32.412767,-33.412767,-31.412767,noise,none,0.000000,-23,-187.651698,560.989866,5.290000,555.699866
1961,-33.423562,-33.720306,-34.720306,-32.720306,informed,none,0.000000,-23,-187.651698,581.090237,5.290000,575.800237
1962,-33.094048,-33.570960,-34.570960,-32.570960,informed,none,0.000000,-23,-187.651698,573.511400,5.290000,568.221400
1963,-33.359556,-32.718836,-33.718836,-31.718836,informed,none,0.000000,-23,-187.651698,579.618092,5.290000,574.328092
1964,-32.663268,-32.824288,-33.824288,-31.824288,noise,none,0.000000,-23,-187.651698,563.603461,5.290000,558.313461
1965,-32.213935,-32.628492,-33.628492,-31.628492,noise,buy_from_mm,-31.628492,-24,-219.280191,553.854240,5.760000,548.094240
1966,-31.647756,-31.262948,-32.262948,-30.262948,informed,none,0.000000,-24,-219.280191,540.265955,5.760000,534.505955
1967,-31.375735,-31.563124,-32.563124,-30.563124,informed,none,0.000000,-24,-219.280191,533.737453,5.760000,527.977453
1968,-33.550325,-33.685326,-34.685326,-32.685326,informed,none,0.000000,-24,-219.280191,585.927606,5.760000,580.167606
1969,-34.250526,-34.522472,-35.522472,-33.522472,informed,none,0.000000,-24,-219.280191,602.732439,5.760000,596.972439
1970,-34.794074,-35.153489,-36.153489,-34.153489,informed,none,0.000000,-24,-219.280191,615.777586,5.760000,610.017586
1971,-35.650349,-36.073498,-37.073498,-35.073498,noise,sell_to_mm,-37.073498,-23,-182.206693,637.751345,5.290000,632.461345
1972,-36.946551,-36.676132,-37.676132,-35.676132,noise,sell_to_mm,-37.676132,-22,-144.530560,668.293568,4.840000,663.453568
1973,-37.178792,-37.963509,-38.963509,-36.963509,noise,sell_to_mm,-38.963509,-21,-105.567052,675.187579,4.410000,670.777579
1974,-39.572744,-39.429003,-40.429003,-38.429003,informed,none,0.000000,-21,-105.567052,725.460573,4.410000,721.050573
1975,-40.834676,-41.510802,-42.510802,-40.510802,informed,none,0.000000,-21,-105.567052,751.961140,4.410000,747.551140
1976,-41.977868,-41.171599,-42.171599,-40.171599,noise,none,0.000000,-21,-105.567052,775.968171,4.410000,771.558171
1977,-41.314160,-40.645898,-41.645898,-39.645898,noise,none,0.000000,-21,-105.567052,762.030303,4.410000,757.620303
1978,-40.201450,-39.945752,-40.945752,-38.945752,informed,none,0.000000,-21,-105.567052,738.663403,4.410000,734.253403
1979,-39.332037,-39.372757,-40.372757,-38.372757,noise,none,0.000000,-21,-105.567052,720.405718,4.410000,715.995718
1980,-40.474626,-40.345640,-41.345640,-39.345640,noise,none,0.000000,-21,-105.567052,744.400095,4.410000,739.990095
1981,-40.541882,-40.462879,-41.462879,-39.462879,noise,none,0.000000,-21,-105.567052,745.812462,4.410000,741.402462
1982,-40.148950,-39.896882,-40.896882,-38.896882,informed,none,0.000000,-21,-105.567052,737.560894,4.410000,733.150894
1983,-39.756827,-40.252034,-41.252034,-39.252034,informed,none,0.000000,-21,-105.567052,729.326306,4.410000,724.916306
1984,-40.381616,-40.625624,-41.625624,-39.625624,noise,none,0.000000,-21,-105.567052,742.446878,4.410000,738.036878
1985,-40.259953,-40.338208,-41.338208,-39.338208,noise,none,0.000000,-21,-105.567052,739.891961,4.410000,735.481961
1986,-39.745765,-40.230111,-41.230111,-39.230111,informed,none,0.000000,-21,-105.567052,729.094011,4.410000,724.684011
1987,-38.353610,-38.203337,-39.203337,-37.203337,informed,none,0.000000,-21,-105.567052,699.858768,4.410000,695.448768
1988,-39.197564,-38.835408,-39.835408,-37.835408,informed,none,0.000000,-21,-105.567052,717.581794,4.410000,713.171794
1989,-38.661079,-39.188434,-40.188434,-38.188434,noise,buy_from_mm,-38.188434,-22,-143.755486,706.788241,4.840000,701.948241
1990,-38.578319,-39.451586,-40.451586,-38.451586,informed,none,0.000000,-22,-143.755486,704.967534,4.840000,700.127534
1991,-36.365741,-35.751591,-36.751591,-34.751591,informed,none,0.000000,-22,-143.755486,656.290816,4.840000,651.450816
1992,-36.165922,-36.730002,-37.730002,-35.730002,noise,none,0.000000,-22,-143.755486,651.894789,4.840000,647.054789
1993,-35.104197,-34.947485,-35.947485,-33.947485,noise,none,0.000000,-22,-143.755486,628.536847,4.840000,623.696847
1994,-35.347149,-35.231424,-36.231424,-34.231424,informed,none,0.000000,-22,-143.755486,633.881800,4.840000,629.041800
1995,-34.817907,-34.975616,-35.975616,-33.975616,informed,none,0.000000,-22,-143.755486,622.238474,4.840000,617.398474
1996,-35.007045,-34.273024,-35.273024,-33.273024,noise,none,0.000000,-22,-143.755486,626.399498,4.840000,621.559498
1997,-36.856488,-36.672128,-37.672128,-35.672128,noise,none,0.000000,-22,-143.755486,667.087258,4.840000,662.247258
1998,-36.710712,-36.441710,-37.441710,-35.441710,informed,none,0.000000,-22,-143.755486,663.880171,4.840000,659.040171
1999,-35.656149,-35.398727,-36.398727,-34.398727,noise,none,0.000000,-22,-143.755486,640.679789,4.840000,635.839789
2000,-32.950948,-33.146718,-34.146718,-32.146718,noise,none,0.000000,-22,-143.755486,581.165365,4.840000,576.325365
