t,true_value,signal,bid,ask,trader_type,trade_side,trade_price,inventory,cash,pnl_mark_to_true,inv_penalty,risk_adj_pnl
1,0.383279,-2.430196,-3.430196,-1.430196,noise,none,0.000000,0,0.000000,0.000000,0.000000,0.000000
2,0.651944,-1.868922,-2.868922,-0.868922,noise,none,0.000000,0,0.000000,0.000000,0.000000,0.000000
3,0.917551,-0.005971,-1.005971,0.994029,noise,none,0.000000,0,0.000000,0.000000,0.000000,0.000000
4,0.296485,1.626418,0.626418,2.626418,noise,buy_from_mm,2.626418,-1,2.626418,2.329933,0.010000,2.319933
5,-0.041068,-0.475449,-1.475449,0.524551,noise,none,0.000000,-1,2.626418,2.667487,0.010000,2.657487
6,0.138039,-0.010749,-1.010749,0.989251,informed,none,0.000000,-1,2.626418,2.488379,0.010000,2.478379
7,0.546231,0.960536,-0.039464,1.960536,noise,none,0.000000,-1,2.626418,2.080187,0.010000,2.070187
8,0.087770,1.661740,0.661740,2.661740,noise,none,0.000000,-1,2.626418,2.538648,0.010000,2.528648
9,0.419418,-1.485731,-2.485731,-0.485731,informed,buy_from_mm,-0.485731,-2,2.140688,1.301852,0.040000,1.261852
10,-0.816178,0.459183,-0.540817,1.459183,noise,none,0.000000,-2,2.140688,3.773044,0.040000,3.733044
11,-0.303111,-1.149945,-2.149945,-0.149945,noise,none,0.000000,-2,2.140688,2.746909,0.040000,2.706909
12,-1.290345,-0.498168,-1.498168,0.501832,noise,none,0.000000,-2,2.140688,4.721377,0.040000,4.681377
13,-1.552811,-0.822315,-1.822315,0.177685,informed,none,0.000000,-2,2.140688,5.246309,0.040000,5.206309
14,-0.128319,-0.248178,-1.248178,0.751822,noise,none,0.000000,-2,2.140688,2.397326,0.040000,2.357326
15,1.068640,0.193620,-0.806380,1.193620,informed,none,0.000000,-2,2.140688,0.003408,0.040000,-0.036592
16,0.658933,1.059123,0.059123,2.059123,noise,none,0.000000,-2,2.140688,0.822822,0.040000,0.782822
17,1.230394,7.954116,6.954116,8.954116,informed,sell_to_mm,6.954116,-1,-4.813429,-6.043823,0.010000,-6.053823
18,1.370278,0.893150,-0.106850,1.893150,noise,sell_to_mm,-0.106850,0,-4.706579,-4.706579,0.000000,-4.706579
19,3.332164,1.025125,0.025125,2.025125,noise,buy_from_mm,2.025125,-1,-2.681454,-6.013618,0.010000,-6.023618
20,3.530553,4.754438,3.754438,5.754438,noise,buy_from_mm,5.754438,-2,3.072984,-3.988122,0.040000,-4.028122
21,4.338707,5.331048,4.331048,6.331048,informed,none,0.000000,-2,3.072984,-5.604429,0.040000,-5.644429
22,5.572074,4.145739,3.145739,5.145739,noise,none,0.000000,-2,3.072984,-8.071163,0.040000,-8.111163
23,5.039585,7.684245,6.684245,8.684245,noise,none,0.000000,-2,3.072984,-7.006186,0.040000,-7.046186
24,5.290221,3.594617,2.594617,4.594617,noise,buy_from_mm,4.594617,-3,7.667601,-8.203061,0.090000,-8.293061
25,4.313713,6.510573,5.510573,7.510573,informed,sell_to_mm,5.510573,-2,2.157028,-6.470398,0.040000,-6.510398
26,2.493183,6.088157,5.088157,7.088157,noise,none,0.000000,-2,2.157028,-2.829337,0.040000,-2.869337
27,1.982532,1.600499,0.600499,2.600499,noise,sell_to_mm,0.600499,-1,1.556529,-0.426003,0.010000,-0.436003
28,2.029369,3.238407,2.238407,4.238407,noise,none,0.000000,-1,1.556529,-0.472840,0.010000,-0.482840
29,1.451890,-1.094049,-2.094049,-0.094049,noise,none,0.000000,-1,1.556529,0.104639,0.010000,0.094639
30,1.036428,0.836592,-0.163408,1.836592,informed,none,0.000000,-1,1.556529,0.520102,0.010000,0.510102
31,2.715718,1.187995,0.187995,2.187995,noise,sell_to_mm,0.187995,0,1.368535,1.368535,0.000000,1.368535
32,3.073926,0.801840,-0.198160,1.801840,noise,sell_to_mm,-0.198160,1,1.566694,4.640621,0.010000,4.630621
33,4.824553,2.024235,1.024235,3.024235,informed,buy_from_mm,3.024235,0,4.590929,4.590929,0.000000,4.590929
34,5.513287,4.334362,3.334362,5.334362,informed,buy_from_mm,5.334362,-1,9.925291,4.412004,0.010000,4.402004
35,7.274020,6.074524,5.074524,7.074524,informed,buy_from_mm,7.074524,-2,16.999816,2.451776,0.040000,2.411776
36,9.170588,7.614631,6.614631,8.614631,noise,none,0.000000,-2,16.999816,-1.341361,0.040000,-1.381361
37,11.477192,11.643212,10.643212,12.643212,informed,none,0.000000,-2,16.999816,-5.954568,0.040000,-5.994568
38,11.850115,12.805933,11.805933,13.805933,informed,none,0.000000,-2,16.999816,-6.700414,0.040000,-6.740414
39,11.708040,13.980177,12.980177,14.980177,noise,sell_to_mm,12.980177,-1,4.019638,-7.688402,0.010000,-7.698402
40,13.069988,13.338495,12.338495,14.338495,informed,none,0.000000,-1,4.019638,-9.050350,0.010000,-9.060350
41,13.790079,15.044207,14.044207,16.044207,informed,sell_to_mm,14.044207,0,-10.024569,-10.024569,0.000000,-10.024569
42,12.783505,14.086375,13.086375,15.086375,noise,none,0.000000,0,-10.024569,-10.024569,0.000000,-10.024569
43,11.613681,8.069198,7.069198,9.069198,noise,none,0.000000,0,-10.024569,-10.024569,0.000000,-10.024569
44,10.413919,8.980856,7.980856,9.980856,informed,buy_from_mm,9.980856,-1,-0.043713,-10.457632,0.010000,-10.467632
45,9.651743,7.454497,6.454497,8.454497,noise,none,0.000000,-1,-0.043713,-9.695456,0.010000,-9.705456
46,9.283140,10.219358,9.219358,11.219358,informed,none,0.000000,-1,-0.043713,-9.326853,0.010000,-9.336853
47,11.599685,10.254015,9.254015,11.254015,noise,sell_to_mm,9.254015,0,-9.297728,-9.297728,0.000000,-9.297728
48,11.777933,14.988999,13.988999,15.988999,informed,sell_to_mm,13.988999,1,-23.286727,-11.508794,0.010000,-11.518794
49,9.838309,9.646768,8.646768,10.646768,noise,none,0.000000,1,-23.286727,-13.448418,0.010000,-13.458418
50,10.058763,10.753698,9.753698,11.753698,noise,none,0.000000,1,-23.286727,-13.227964,0.010000,-13.237964
51,10.275326,9.065623,8.065623,10.065623,informed,buy_from_mm,10.065623,0,-13.221104,-13.221104,0.000000,-13.221104
52,10.418043,12.371149,11.371149,13.371149,informed,sell_to_mm,11.371149,1,-24.592254,-14.174210,0.010000,-14.184210
53,9.180465,8.463630,7.463630,9.463630,noise,none,0.000000,1,-24.592254,-15.411789,0.010000,-15.421789
54,8.531405,8.825673,7.825673,9.825673,informed,none,0.000000,1,-24.592254,-16.060849,0.010000,-16.070849
55,8.847281,4.967500,3.967500,5.967500,informed,buy_from_mm,5.967500,0,-18.624754,-18.624754,0.000000,-18.624754
56,9.772551,10.251235,9.251235,11.251235,noise,none,0.000000,0,-18.624754,-18.624754,0.000000,-18.624754
57,10.083202,11.468845,10.468845,12.468845,noise,none,0.000000,0,-18.624754,-18.624754,0.000000,-18.624754
58,9.899522,10.037210,9.037210,11.037210,informed,none,0.000000,0,-18.624754,-18.624754,0.000000,-18.624754
59,10.698456,13.433711,12.433711,14.433711,noise,none,0.000000,0,-18.624754,-18.624754,0.000000,-18.624754
60,11.106105,10.400741,9.400741,11.400741,informed,none,0.000000,0,-18.624754,-18.624754,0.000000,-18.624754
61,10.893037,9.900725,8.900725,10.900725,noise,none,0.000000,0,-18.624754,-18.624754,0.000000,-18.624754
62,12.535970,10.702066,9.702066,11.702066,noise,none,0.000000,0,-18.624754,-18.624754,0.000000,-18.624754
63,12.386792,11.306834,10.306834,12.306834,noise,sell_to_mm,10.306834,1,-28.931587,-16.544795,0.010000,-16.554795
64,11.926512,12.144110,11.144110,13.144110,noise,sell_to_mm,11.144110,2,-40.075697,-16.222673,0.040000,-16.262673
65,11.393589,13.664959,12.664959,14.664959,informed,sell_to_mm,12.664959,3,-52.740656,-18.559889,0.090000,-18.649889
66,11.641366,13.358728,12.358728,14.358728,noise,none,0.000000,3,-52.740656,-17.816558,0.090000,-17.906558
67,12.828059,12.221456,11.221456,13.221456,noise,none,0.000000,3,-52.740656,-14.256480,0.090000,-14.346480
68,12.376809,13.140269,12.140269,14.140269,noise,none,0.000000,3,-52.740656,-15.610230,0.090000,-15.700230
69,12.225730,15.417200,14.417200,16.417200,noise,none,0.000000,3,-52.740656,-16.063467,0.090000,-16.153467
70,12.319293,8.793241,7.793241,9.793241,informed,buy_from_mm,9.793241,2,-42.947415,-18.308829,0.040000,-18.348829
71,13.195443,15.908971,14.908971,16.908971,informed,sell_to_mm,14.908971,3,-57.856386,-18.270058,0.090000,-18.360058
72,11.937369,11.843572,10.843572,12.843572,noise,none,0.000000,3,-57.856386,-22.044278,0.090000,-22.134278
73,13.403260,15.115146,14.115146,16.115146,informed,sell_to_mm,14.115146,4,-71.971533,-18.358493,0.160000,-18.518493
74,13.910312,13.586321,12.586321,14.586321,noise,buy_from_mm,14.586321,3,-57.385212,-15.654275,0.090000,-15.744275
75,11.449597,11.332428,10.332428,12.332428,informed,none,0.000000,3,-57.385212,-23.036420,0.090000,-23.126420
76,10.165517,10.701842,9.701842,11.701842,noise,none,0.000000,3,-57.385212,-26.888661,0.090000,-26.978661
77,8.878366,7.837084,6.837084,8.837084,noise,buy_from_mm,8.837084,2,-48.548128,-30.791395,0.040000,-30.831395
78,10.374196,12.078424,11.078424,13.078424,noise,sell_to_mm,11.078424,3,-59.626551,-28.503964,0.090000,-28.593964
79,8.481168,12.058280,11.058280,13.058280,noise,sell_to_mm,11.058280,4,-70.684831,-36.760160,0.160000,-36.920160
80,8.691158,5.761766,4.761766,6.761766,informed,buy_from_mm,6.761766,3,-63.923065,-37.849591,0.090000,-37.939591
81,7.854009,9.359133,8.359133,10.359133,noise,sell_to_mm,8.359133,4,-72.282199,-40.866161,0.160000,-41.026161
82,6.778092,7.974169,6.974169,8.974169,noise,sell_to_mm,6.974169,5,-79.256367,-45.365906,0.250000,-45.615906
83,7.736655,8.592813,7.592813,9.592813,noise,none,0.000000,5,-79.256367,-40.573091,0.250000,-40.823091
84,8.609767,10.526266,9.526266,11.526266,noise,none,0.000000,5,-79.256367,-36.207532,0.250000,-36.457532
85,9.042315,5.838379,4.838379,6.838379,noise,none,0.000000,5,-79.256367,-34.044792,0.250000,-34.294792
86,11.103229,9.121600,8.121600,10.121600,noise,none,0.000000,5,-79.256367,-23.740223,0.250000,-23.990223
87,10.112253,11.100000,10.100000,12.100000,noise,none,0.000000,5,-79.256367,-28.695104,0.250000,-28.945104
88,11.117790,11.153900,10.153900,12.153900,informed,none,0.000000,5,-79.256367,-23.667416,0.250000,-23.917416
89,12.889012,14.628582,13.628582,15.628582,noise,buy_from_mm,15.628582,4,-63.627785,-12.071737,0.160000,-12.231737
90,12.247865,11.645660,10.645660,12.645660,noise,none,0.000000,4,-63.627785,-14.636324,0.160000,-14.796324
91,12.667764,14.469364,13.469364,15.469364,informed,sell_to_mm,13.469364,5,-77.097149,-13.758327,0.250000,-14.008327
92,13.246357,17.911289,16.911289,18.911289,informed,sell_to_mm,16.911289,6,-94.008438,-14.530296,0.360000,-14.890296
93,12.974130,14.593367,13.593367,15.593367,noise,none,0.000000,6,-94.008438,-16.163659,0.360000,-16.523659
94,13.240327,13.609492,12.609492,14.609492,noise,none,0.000000,6,-94.008438,-14.566478,0.360000,-14.926478
95,12.357407,10.045597,9.045597,11.045597,informed,buy_from_mm,11.045597,5,-82.962841,-21.175806,0.250000,-21.425806
96,12.314915,8.559394,7.559394,9.559394,noise,buy_from_mm,9.559394,4,-73.403447,-24.143785,0.160000,-24.303785
97,12.401558,8.179974,7.179974,9.179974,noise,none,0.000000,4,-73.403447,-23.797215,0.160000,-23.957215
98,12.027694,10.206638,9.206638,11.206638,noise,sell_to_mm,9.206638,5,-82.610085,-22.471613,0.250000,-22.721613
99,12.182849,13.749149,12.749149,14.749149,noise,none,0.000000,5,-82.610085,-21.695842,0.250000,-21.945842
100,11.376778,9.051785,8.051785,10.051785,informed,buy_from_mm,10.051785,4,-72.558299,-27.051189,0.160000,-27.211189
101,10.363732,9.986841,8.986841,10.986841,noise,none,0.000000,4,-72.558299,-31.103372,0.160000,-31.263372
102,10.046136,10.294566,9.294566,11.294566,noise,sell_to_mm,9.294566,5,-81.852866,-31.622188,0.250000,-31.872188
103,10.290543,11.905798,10.905798,12.905798,informed,sell_to_mm,10.905798,6,-92.758664,-31.015403,0.360000,-31.375403
104,11.348162,10.294573,9.294573,11.294573,noise,sell_to_mm,9.294573,7,-102.053237,-22.616103,0.490000,-23.106103
105,12.114207,10.602405,9.602405,11.602405,noise,buy_from_mm,11.602405,6,-90.450832,-17.765589,0.360000,-18.125589
106,12.768001,16.228933,15.228933,17.228933,informed,sell_to_mm,15.228933,7,-105.679765,-16.303756,0.490000,-16.793756
107,11.968108,13.017995,12.017995,14.017995,noise,none,0.000000,7,-105.679765,-21.903009,0.490000,-22.393009
108,10.545396,7.589472,6.589472,8.589472,noise,none,0.000000,7,-105.679765,-31.861994,0.490000,-32.351994
109,10.251753,13.372887,12.372887,14.372887,noise,none,0.000000,7,-105.679765,-33.917494,0.490000,-34.407494
110,8.202333,8.555901,7.555901,9.555901,informed,none,0.000000,7,-105.679765,-48.263431,0.490000,-48.753431
111,8.023202,8.286765,7.286765,9.286765,noise,sell_to_mm,7.286765,8,-112.966529,-48.780911,0.640000,-49.420911
112,8.940598,9.564652,8.564652,10.564652,noise,none,0.000000,8,-112.966529,-41.441741,0.640000,-42.081741
113,10.862910,11.656494,10.656494,12.656494,noise,sell_to_mm,10.656494,9,-123.623023,-25.856830,0.810000,-26.666830
114,11.850582,12.806290,11.806290,13.806290,noise,buy_from_mm,13.806290,8,-109.816733,-15.012076,0.640000,-15.652076
115,12.861504,13.161230,12.161230,14.161230,noise,none,0.000000,8,-109.816733,-6.924699,0.640000,-7.564699
116,12.891999,14.238679,13.238679,15.238679,noise,none,0.000000,8,-109.816733,-6.680745,0.640000,-7.320745
117,12.544247,11.489694,10.489694,12.489694,noise,sell_to_mm,10.489694,9,-120.306427,-7.408207,0.810000,-8.218207
118,11.231781,14.718474,13.718474,15.718474,informed,sell_to_mm,13.718474,10,-134.024901,-21.707094,1.000000,-22.707094
119,11.609210,10.354250,9.354250,11.354250,noise,none,0.000000,10,-134.024901,-17.932804,1.000000,-18.932804
120,11.185393,10.058385,9.058385,11.058385,informed,buy_from_mm,11.058385,9,-122.966516,-22.297980,0.810000,-23.107980
121,11.938162,13.052277,12.052277,14.052277,noise,buy_from_mm,14.052277,8,-108.914240,-13.408944,0.640000,-14.048944
122,13.446434,12.988107,11.988107,13.988107,noise,buy_from_mm,13.988107,7,-94.926133,-0.801095,0.490000,-1.291095
123,12.998444,13.548271,12.548271,14.548271,informed,none,0.000000,7,-94.926133,-3.937023,0.490000,-4.427023
124,11.447244,12.735670,11.735670,13.735670,informed,sell_to_mm,11.735670,8,-106.661803,-15.083849,0.640000,-15.723849
125,10.752616,10.155421,9.155421,11.155421,noise,buy_from_mm,11.155421,7,-95.506382,-20.238069,0.490000,-20.728069
126,9.828403,6.161829,5.161829,7.161829,noise,sell_to_mm,5.161829,8,-100.668211,-22.040990,0.640000,-22.680990
127,9.075909,10.440928,9.440928,11.440928,informed,sell_to_mm,9.440928,9,-110.109139,-28.425957,0.810000,-29.235957
128,7.762284,9.757546,8.757546,10.757546,noise,none,0.000000,9,-110.109139,-40.248584,0.810000,-41.058584
129,6.563374,5.422869,4.422869,6.422869,informed,buy_from_mm,6.422869,8,-103.686270,-51.179281,0.640000,-51.819281
130,6.630452,4.633201,3.633201,5.633201,noise,none,0.000000,8,-103.686270,-50.642658,0.640000,-51.282658
131,6.763681,9.233912,8.233912,10.233912,noise,sell_to_mm,8.233912,9,-111.920182,-51.047053,0.810000,-51.857053
132,9.084100,9.191176,8.191176,10.191176,noise,sell_to_mm,8.191176,10,-120.111358,-29.270361,1.000000,-30.270361
133,10.615406,9.225889,8.225889,10.225889,noise,none,0.000000,10,-120.111358,-13.957300,1.000000,-14.957300
134,9.765255,10.719404,9.719404,11.719404,noise,buy_from_mm,11.719404,9,-108.391954,-20.504655,0.810000,-21.314655
135,10.065668,9.650036,8.650036,10.650036,noise,none,0.000000,9,-108.391954,-17.800945,0.810000,-18.610945
136,9.981478,8.622549,7.622549,9.622549,informed,buy_from_mm,9.622549,8,-98.769405,-18.917584,0.640000,-19.557584
137,10.620642,12.379219,11.379219,13.379219,noise,none,0.000000,8,-98.769405,-13.804265,0.640000,-14.444265
138,9.614645,6.507589,5.507589,7.507589,noise,none,0.000000,8,-98.769405,-21.852246,0.640000,-22.492246
139,10.153915,10.742157,9.742157,11.742157,informed,none,0.000000,8,-98.769405,-17.538085,0.640000,-18.178085
140,10.748393,12.287666,11.287666,13.287666,noise,none,0.000000,8,-98.769405,-12.782263,0.640000,-13.422263
141,8.979321,9.455266,8.455266,10.455266,informed,none,0.000000,8,-98.769405,-26.934836,0.640000,-27.574836
142,8.331948,7.849952,6.849952,8.849952,noise,sell_to_mm,6.849952,9,-105.619356,-30.631826,0.810000,-31.441826
143,8.341370,5.905612,4.905612,6.905612,informed,buy_from_mm,6.905612,8,-98.713745,-31.982783,0.640000,-32.622783
144,7.881822,8.685463,7.685463,9.685463,noise,none,0.000000,8,-98.713745,-35.659171,0.640000,-36.299171
145,6.753690,6.279443,5.279443,7.279443,informed,none,0.000000,8,-98.713745,-44.684228,0.640000,-45.324228
146,6.357442,10.530012,9.530012,11.530012,noise,none,0.000000,8,-98.713745,-47.854209,0.640000,-48.494209
147,6.400344,3.860742,2.860742,4.860742,noise,none,0.000000,8,-98.713745,-47.510996,0.640000,-48.150996
148,5.072071,4.858456,3.858456,5.858456,noise,none,0.000000,8,-98.713745,-58.137177,0.640000,-58.777177
149,4.837244,1.248038,0.248038,2.248038,noise,none,0.000000,8,-98.713745,-60.015794,0.640000,-60.655794
150,7.069504,8.228186,7.228186,9.228186,noise,none,0.000000,8,-98.713745,-42.157716,0.640000,-42.797716
151,7.491947,5.661290,4.661290,6.661290,noise,none,0.000000,8,-98.713745,-38.778168,0.640000,-39.418168
152,7.382432,7.494626,6.494626,8.494626,noise,none,0.000000,8,-98.713745,-39.654286,0.640000,-40.294286
153,7.751628,10.658769,9.658769,11.658769,noise,none,0.000000,8,-98.713745,-36.700721,0.640000,-37.340721
154,8.327079,9.187906,8.187906,10.187906,noise,none,0.000000,8,-98.713745,-32.097110,0.640000,-32.737110
155,9.550688,7.226861,6.226861,8.226861,informed,buy_from_mm,8.226861,7,-90.486883,-23.632070,0.490000,-24.122070
156,9.256461,5.770991,4.770991,6.770991,noise,none,0.000000,7,-90.486883,-25.691654,0.490000,-26.181654
157,10.498163,14.184049,13.184049,15.184049,noise,none,0.000000,7,-90.486883,-16.999743,0.490000,-17.489743
158,8.855312,8.861652,7.861652,9.861652,noise,none,0.000000,7,-90.486883,-28.499701,0.490000,-28.989701
159,7.541130,5.579191,4.579191,6.579191,noise,none,0.000000,7,-90.486883,-37.698971,0.490000,-38.188971
160,5.876183,6.556141,5.556141,7.556141,informed,none,0.000000,7,-90.486883,-49.353602,0.490000,-49.843602
161,7.608032,8.927032,7.927032,9.927032,informed,sell_to_mm,7.927032,8,-98.413915,-37.549661,0.640000,-38.189661
162,6.857832,7.673235,6.673235,8.673235,informed,none,0.000000,8,-98.413915,-43.551258,0.640000,-44.191258
163,6.740691,8.275368,7.275368,9.275368,noise,none,0.000000,8,-98.413915,-44.488388,0.640000,-45.128388
164,7.201477,8.281632,7.281632,9.281632,informed,sell_to_mm,7.281632,9,-105.695548,-40.882258,0.810000,-41.692258
165,7.173725,7.048881,6.048881,8.048881,noise,none,0.000000,9,-105.695548,-41.132027,0.810000,-41.942027
166,6.957654,5.533439,4.533439,6.533439,noise,none,0.000000,9,-105.695548,-43.076658,0.810000,-43.886658
167,6.414596,7.956262,6.956262,8.956262,noise,none,0.000000,9,-105.695548,-47.964185,0.810000,-48.774185
168,3.647871,3.372081,2.372081,4.372081,noise,buy_from_mm,4.372081,8,-101.323466,-72.140495,0.640000,-72.780495
169,2.842803,4.649105,3.649105,5.649105,informed,sell_to_mm,3.649105,9,-104.972572,-79.387347,0.810000,-80.197347
170,4.824151,6.601289,5.601289,7.601289,noise,sell_to_mm,5.601289,10,-110.573860,-62.332351,1.000000,-63.332351
171,3.456655,1.697826,0.697826,2.697826,informed,buy_from_mm,2.697826,9,-107.876034,-76.766136,0.810000,-77.576136
172,2.998604,-0.940605,-1.940605,0.059395,noise,none,0.000000,9,-107.876034,-80.888601,0.810000,-81.698601
173,2.696627,0.389608,-0.610392,1.389608,informed,buy_from_mm,1.389608,8,-106.486427,-84.913407,0.640000,-85.553407
174,1.825834,-0.252701,-1.252701,0.747299,informed,buy_from_mm,0.747299,7,-105.739128,-92.958289,0.490000,-93.448289
175,1.782380,0.784621,-0.215379,1.784621,noise,none,0.000000,7,-105.739128,-93.262466,0.490000,-93.752466
176,0.272522,-0.803341,-1.803341,0.196659,informed,buy_from_mm,0.196659,6,-105.542469,-103.907335,0.360000,-104.267335
177,0.799309,-1.563940,-2.563940,-0.563940,informed,buy_from_mm,-0.563940,5,-106.106408,-102.109862,0.250000,-102.359862
178,1.520527,2.439162,1.439162,3.439162,noise,none,0.000000,5,-106.106408,-98.503771,0.250000,-98.753771
179,0.870421,-0.535341,-1.535341,0.464659,informed,buy_from_mm,0.464659,4,-105.641749,-102.160065,0.160000,-102.320065
180,-0.582837,2.405871,1.405871,3.405871,noise,none,0.000000,4,-105.641749,-107.973095,0.160000,-108.133095
181,-1.437521,-0.841985,-1.841985,0.158015,informed,none,0.000000,4,-105.641749,-111.391835,0.160000,-111.551835
182,-1.448718,-0.871770,-1.871770,0.128230,informed,none,0.000000,4,-105.641749,-111.436623,0.160000,-111.596623
183,-0.863303,-0.796212,-1.796212,0.203788,informed,none,0.000000,4,-105.641749,-109.094962,0.160000,-109.254962
184,-0.139206,0.799861,-0.200139,1.799861,noise,none,0.000000,4,-105.641749,-106.198573,0.160000,-106.358573
185,-0.826010,-2.088969,-3.088969,-1.088969,noise,none,0.000000,4,-105.641749,-108.945789,0.160000,-109.105789
186,-1.830162,-1.627217,-2.627217,-0.627217,noise,sell_to_mm,-2.627217,5,-103.014532,-112.165341,0.250000,-112.415341
187,-2.565252,-4.106165,-5.106165,-3.106165,informed,buy_from_mm,-3.106165,4,-106.120698,-116.381708,0.160000,-116.541708
188,-3.015095,-3.865505,-4.865505,-2.865505,noise,none,0.000000,4,-106.120698,-118.181076,0.160000,-118.341076
189,-2.835993,-5.735331,-6.735331,-4.735331,noise,none,0.000000,4,-106.120698,-117.464668,0.160000,-117.624668
190,-4.083048,-4.433795,-5.433795,-3.433795,noise,none,0.000000,4,-106.120698,-122.452889,0.160000,-122.612889
191,-4.566684,-1.801262,-2.801262,-0.801262,informed,sell_to_mm,-2.801262,5,-103.319435,-126.152853,0.250000,-126.402853
192,-3.448521,-6.828290,-7.828290,-5.828290,noise,none,0.000000,5,-103.319435,-120.562042,0.250000,-120.812042
193,-4.403038,-6.386792,-7.386792,-5.386792,noise,buy_from_mm,-5.386792,4,-108.706227,-126.318380,0.160000,-126.478380
194,-4.208250,-4.886276,-5.886276,-3.886276,noise,buy_from_mm,-3.886276,3,-112.592503,-125.217253,0.090000,-125.307253
195,-4.476125,-1.101098,-2.101098,-0.101098,informed,sell_to_mm,-2.101098,4,-110.491405,-128.395905,0.160000,-128.555905
196,-4.713107,-1.548323,-2.548323,-0.548323,noise,none,0.000000,4,-110.491405,-129.343834,0.160000,-129.503834
197,-5.317348,-5.591833,-6.591833,-4.591833,informed,none,0.000000,4,-110.491405,-131.760797,0.160000,-131.920797
198,-5.739294,-5.173365,-6.173365,-4.173365,noise,none,0.000000,4,-110.491405,-133.448582,0.160000,-133.608582
199,-6.078467,-7.221082,-8.221082,-6.221082,noise,none,0.000000,4,-110.491405,-134.805272,0.160000,-134.965272
200,-5.659955,-7.418408,-8.418408,-6.418408,noise,buy_from_mm,-6.418408,3,-116.909812,-133.889678,0.090000,-133.979678
201,-5.336138,-4.793546,-5.793546,-3.793546,informed,none,0.000000,3,-116.909812,-132.918227,0.090000,-133.008227
202,-5.530697,-2.882209,-3.882209,-1.882209,informed,sell_to_mm,-3.882209,4,-113.027603,-135.150392,0.160000,-135.310392
203,-5.404387,-2.611086,-3.611086,-1.611086,noise,none,0.000000,4,-113.027603,-134.645152,0.160000,-134.805152
204,-4.394387,-7.550070,-8.550070,-6.550070,noise,none,0.000000,4,-113.027603,-130.605151,0.160000,-130.765151
205,-3.761362,-2.615713,-3.615713,-1.615713,noise,none,0.000000,4,-113.027603,-128.073050,0.160000,-128.233050
206,-3.226876,-0.875601,-1.875601,0.124399,informed,sell_to_mm,-1.875601,5,-111.152002,-127.286382,0.250000,-127.536382
207,-5.410691,-1.524185,-2.524185,-0.524185,noise,none,0.000000,5,-111.152002,-138.205458,0.250000,-138.455458
208,-5.548830,-5.774492,-6.774492,-4.774492,informed,none,0.000000,5,-111.152002,-138.896151,0.250000,-139.146151
209,-5.585284,-4.554244,-5.554244,-3.554244,noise,sell_to_mm,-5.554244,6,-105.597758,-139.109460,0.360000,-139.469460
210,-6.702687,-6.185044,-7.185044,-5.185044,informed,none,0.000000,6,-105.597758,-145.813883,0.360000,-146.173883
211,-7.032544,-5.422108,-6.422108,-4.422108,noise,sell_to_mm,-6.422108,7,-99.175651,-148.403457,0.490000,-148.893457
212,-6.364020,-6.615181,-7.615181,-5.615181,noise,none,0.000000,7,-99.175651,-143.723792,0.490000,-144.213792
213,-7.138343,-6.456888,-7.456888,-5.456888,noise,sell_to_mm,-7.456888,8,-91.718763,-148.825507,0.640000,-149.465507
214,-7.595471,-4.994692,-5.994692,-3.994692,informed,sell_to_mm,-5.994692,9,-85.724071,-154.083311,0.810000,-154.893311
215,-7.718483,-6.273452,-7.273452,-5.273452,noise,none,0.000000,9,-85.724071,-155.190415,0.810000,-156.000415
216,-7.624818,-9.305031,-10.305031,-8.305031,informed,buy_from_mm,-8.305031,8,-94.029102,-155.027644,0.640000,-155.667644
217,-8.148692,-6.279797,-7.279797,-5.279797,noise,buy_from_mm,-5.279797,7,-99.308900,-156.349745,0.490000,-156.839745
218,-8.276837,-6.962705,-7.962705,-5.962705,informed,sell_to_mm,-7.962705,8,-91.346194,-157.560894,0.640000,-158.200894
219,-7.342533,-8.242169,-9.242169,-7.242169,noise,none,0.000000,8,-91.346194,-150.086460,0.640000,-150.726460
220,-6.086039,-4.021174,-5.021174,-3.021174,noise,buy_from_mm,-3.021174,7,-94.367368,-136.969640,0.490000,-137.459640
221,-6.667039,-4.996306,-5.996306,-3.996306,informed,sell_to_mm,-5.996306,8,-88.371062,-141.707370,0.640000,-142.347370
222,-7.720056,-7.764447,-8.764447,-6.764447,informed,none,0.000000,8,-88.371062,-150.131508,0.640000,-150.771508
223,-7.701463,-5.910126,-6.910126,-4.910126,informed,sell_to_mm,-6.910126,9,-81.460936,-150.774102,0.810000,-151.584102
224,-7.328227,-6.729986,-7.729986,-5.729986,noise,sell_to_mm,-7.729986,10,-73.730951,-147.013224,1.000000,-148.013224
225,-7.536373,-9.986131,-10.986131,-8.986131,informed,buy_from_mm,-8.986131,9,-82.717081,-150.544440,0.810000,-151.354440
226,-8.359910,-12.554073,-13.554073,-11.554073,noise,none,0.000000,9,-82.717081,-157.956272,0.810000,-158.766272
227,-8.901841,-7.716731,-8.716731,-6.716731,noise,none,0.000000,9,-82.717081,-162.833650,0.810000,-163.643650
228,-8.165656,-6.883269,-7.883269,-5.883269,informed,sell_to_mm,-7.883269,10,-74.833812,-156.490370,1.000000,-157.490370
229,-7.917849,-6.766007,-7.766007,-5.766007,informed,sell_to_mm,-7.766007,11,-67.067805,-154.164144,1.210000,-155.374144
230,-8.316325,-6.640911,-7.640911,-5.640911,noise,none,0.000000,11,-67.067805,-158.547385,1.210000,-159.757385
231,-8.215933,-5.277951,-6.277951,-4.277951,noise,none,0.000000,11,-67.067805,-157.443072,1.210000,-158.653072
232,-10.726799,-10.186525,-11.186525,-9.186525,informed,none,0.000000,11,-67.067805,-185.062589,1.210000,-186.272589
233,-10.444809,-10.169787,-11.169787,-9.169787,informed,none,0.000000,11,-67.067805,-181.960704,1.210000,-183.170704
234,-10.896787,-11.198243,-12.198243,-10.198243,informed,none,0.000000,11,-67.067805,-186.932462,1.210000,-188.142462
235,-11.985912,-11.349806,-12.349806,-10.349806,informed,none,0.000000,11,-67.067805,-198.912841,1.210000,-200.122841
236,-11.925717,-11.120934,-12.120934,-10.120934,noise,buy_from_mm,-10.120934,10,-77.188738,-196.445906,1.000000,-197.445906
237,-11.740878,-12.760603,-13.760603,-11.760603,noise,none,0.000000,10,-77.188738,-194.597516,1.000000,-195.597516
238,-9.451657,-10.657826,-11.657826,-9.657826,noise,none,0.000000,10,-77.188738,-171.705305,1.000000,-172.705305
239,-9.789911,-9.948022,-10.948022,-8.948022,informed,none,0.000000,10,-77.188738,-175.087849,1.000000,-176.087849
240,-10.850679,-12.627530,-13.627530,-11.627530,noise,none,0.000000,10,-77.188738,-185.695528,1.000000,-186.695528
241,-10.452004,-7.592717,-8.592717,-6.592717,noise,buy_from_mm,-6.592717,9,-83.781455,-177.849495,0.810000,-178.659495
242,-10.039194,-8.332642,-9.332642,-7.332642,noise,none,0.000000,9,-83.781455,-174.134198,0.810000,-174.944198
243,-8.422548,-7.571318,-8.571318,-6.571318,noise,none,0.000000,9,-83.781455,-159.584387,0.810000,-160.394387
244,-7.727155,-10.237648,-11.237648,-9.237648,informed,buy_from_mm,-9.237648,8,-93.019103,-154.836343,0.640000,-155.476343
245,-6.811449,-11.884135,-12.884135,-10.884135,noise,sell_to_mm,-12.884135,9,-80.134969,-141.438008,0.810000,-142.248008
246,-6.042552,-3.891666,-4.891666,-2.891666,informed,sell_to_mm,-4.891666,10,-75.243303,-135.668821,1.000000,-136.668821
247,-5.726332,-7.152793,-8.152793,-6.152793,noise,none,0.000000,10,-75.243303,-132.506624,1.000000,-133.506624
248,-7.110228,-11.251294,-12.251294,-10.251294,noise,sell_to_mm,-12.251294,11,-62.992009,-141.204521,1.210000,-142.414521
249,-6.799334,-7.883887,-8.883887,-6.883887,informed,buy_from_mm,-6.883887,10,-69.875895,-137.869236,1.000000,-138.869236
250,-7.867419,-9.369043,-10.369043,-8.369043,noise,none,0.000000,10,-69.875895,-148.550085,1.000000,-149.550085
251,-7.975336,-8.670093,-9.670093,-7.670093,informed,none,0.000000,10,-69.875895,-149.629260,1.000000,-150.629260
252,-8.412192,-10.916350,-11.916350,-9.916350,noise,none,0.000000,10,-69.875895,-153.997816,1.000000,-154.997816
253,-8.036960,-9.171583,-10.171583,-8.171583,noise,none,0.000000,10,-69.875895,-150.245496,1.000000,-151.245496
254,-9.173729,-8.768022,-9.768022,-7.768022,informed,none,0.000000,10,-69.875895,-161.613187,1.000000,-162.613187
255,-7.353957,-7.443210,-8.443210,-6.443210,noise,buy_from_mm,-6.443210,9,-76.319105,-142.504715,0.810000,-143.314715
256,-6.778270,-6.306776,-7.306776,-5.306776,noise,none,0.000000,9,-76.319105,-137.323532,0.810000,-138.133532
257,-8.191760,-8.267267,-9.267267,-7.267267,informed,none,0.000000,9,-76.319105,-150.044944,0.810000,-150.854944
258,-8.443725,-2.988319,-3.988319,-1.988319,noise,buy_from_mm,-1.988319,8,-78.307424,-145.857223,0.640000,-146.497223
259,-9.736426,-10.945106,-11.945106,-9.945106,noise,none,0.000000,8,-78.307424,-156.198836,0.640000,-156.838836
260,-9.824349,-10.570054,-11.570054,-9.570054,informed,none,0.000000,8,-78.307424,-156.902216,0.640000,-157.542216
261,-7.166889,-5.047359,-6.047359,-4.047359,noise,none,0.000000,8,-78.307424,-135.642535,0.640000,-136.282535
262,-7.187978,-7.122801,-8.122801,-6.122801,noise,none,0.000000,8,-78.307424,-135.811252,0.640000,-136.451252
263,-6.524365,-8.040125,-9.040125,-7.040125,informed,buy_from_mm,-7.040125,7,-85.347549,-131.018104,0.490000,-131.508104
264,-6.391408,-3.871151,-4.871151,-2.871151,informed,sell_to_mm,-4.871151,8,-80.476398,-131.607666,0.640000,-132.247666
265,-6.493313,-11.488597,-12.488597,-10.488597,noise,none,0.000000,8,-80.476398,-132.422905,0.640000,-133.062905
266,-7.271339,-10.930047,-11.930047,-9.930047,informed,buy_from_mm,-9.930047,7,-90.406445,-141.305819,0.490000,-141.795819
267,-5.289445,-7.426375,-8.426375,-6.426375,noise,none,0.000000,7,-90.406445,-127.432558,0.490000,-127.922558
268,-5.538183,-5.619509,-6.619509,-4.619509,noise,none,0.000000,7,-90.406445,-129.173724,0.490000,-129.663724
269,-5.012232,-5.083308,-6.083308,-4.083308,informed,none,0.000000,7,-90.406445,-125.492072,0.490000,-125.982072
270,-4.880394,-6.433986,-7.433986,-5.433986,noise,none,0.000000,7,-90.406445,-124.569205,0.490000,-125.059205
271,-5.939107,-6.377727,-7.377727,-5.377727,informed,none,0.000000,7,-90.406445,-131.980192,0.490000,-132.470192
272,-4.942082,-3.215569,-4.215569,-2.215569,noise,buy_from_mm,-2.215569,6,-92.622014,-122.274506,0.360000,-122.634506
273,-4.683456,-5.764545,-6.764545,-4.764545,noise,none,0.000000,6,-92.622014,-120.722751,0.360000,-121.082751
274,-3.126532,-2.401779,-3.401779,-1.401779,noise,none,0.000000,6,-92.622014,-111.381206,0.360000,-111.741206
275,-3.752730,-1.506045,-2.506045,-0.506045,noise,none,0.000000,6,-92.622014,-115.138391,0.360000,-115.498391
276,-2.357447,0.898718,-0.101282,1.898718,informed,sell_to_mm,-0.101282,7,-92.520732,-109.022859,0.490000,-109.512859
277,-2.934043,-1.549552,-2.549552,-0.549552,informed,sell_to_mm,-2.549552,8,-89.971179,-113.443525,0.640000,-114.083525
278,-3.003356,-1.979017,-2.979017,-0.979017,noise,none,0.000000,8,-89.971179,-113.998030,0.640000,-114.638030
279,-2.421974,0.032001,-0.967999,1.032001,noise,sell_to_mm,-0.967999,9,-89.003181,-110.800945,0.810000,-111.610945
280,-2.004354,2.931215,1.931215,3.931215,noise,buy_from_mm,3.931215,8,-85.071965,-101.106801,0.640000,-101.746801
281,-0.514726,-3.181159,-4.181159,-2.181159,noise,none,0.000000,8,-85.071965,-89.189777,0.640000,-89.829777
282,-1.056568,-0.303642,-1.303642,0.696358,noise,buy_from_mm,0.696358,7,-84.375607,-91.771587,0.490000,-92.261587
283,-1.820825,-1.221261,-2.221261,-0.221261,noise,none,0.000000,7,-84.375607,-97.121384,0.490000,-97.611384
284,-3.353533,-7.248889,-8.248889,-6.248889,informed,buy_from_mm,-6.248889,6,-90.624497,-110.745693,0.360000,-111.105693
285,-2.266350,1.849730,0.849730,2.849730,noise,none,0.000000,6,-90.624497,-104.222597,0.360000,-104.582597
286,-2.077791,-1.639554,-2.639554,-0.639554,informed,none,0.000000,6,-90.624497,-103.091241,0.360000,-103.451241
287,-3.176800,-4.451368,-5.451368,-3.451368,noise,sell_to_mm,-5.451368,7,-85.173129,-107.410729,0.490000,-107.900729
288,-2.068899,-1.180706,-2.180706,-0.180706,noise,none,0.000000,7,-85.173129,-99.655418,0.490000,-100.145418
289,-2.249510,0.111035,-0.888965,1.111035,informed,sell_to_mm,-0.888965,8,-84.284164,-102.280244,0.640000,-102.920244
290,-0.684754,-0.743136,-1.743136,0.256864,noise,none,0.000000,8,-84.284164,-89.762196,0.640000,-90.402196
291,-0.570410,2.678944,1.678944,3.678944,informed,sell_to_mm,1.678944,9,-85.963108,-91.096800,0.810000,-91.906800
292,0.336739,-0.964763,-1.964763,0.035237,informed,buy_from_mm,0.035237,8,-85.927871,-83.233959,0.640000,-83.873959
293,-0.544187,-1.473001,-2.473001,-0.473001,informed,none,0.000000,8,-85.927871,-90.281367,0.640000,-90.921367
294,-1.946523,-3.785344,-4.785344,-2.785344,noise,sell_to_mm,-4.785344,9,-81.142528,-98.661235,0.810000,-99.471235
295,-3.502641,-0.068271,-1.068271,0.931729,noise,none,0.000000,9,-81.142528,-112.666298,0.810000,-113.476298
296,-3.812879,-0.845419,-1.845419,0.154581,noise,buy_from_mm,0.154581,8,-80.987947,-111.490979,0.640000,-112.130979
297,-3.432886,-4.835623,-5.835623,-3.835623,noise,none,0.000000,8,-80.987947,-108.451032,0.640000,-109.091032
298,-3.899575,-3.835732,-4.835732,-2.835732,informed,none,0.000000,8,-80.987947,-112.184547,0.640000,-112.824547
299,-3.279876,-0.277419,-1.277419,0.722581,informed,sell_to_mm,-1.277419,9,-79.710528,-109.229412,0.810000,-110.039412
300,-1.300698,-0.645527,-1.645527,0.354473,informed,none,0.000000,9,-79.710528,-91.416813,0.810000,-92.226813
301,-1.867611,-3.417426,-4.417426,-2.417426,informed,buy_from_mm,-2.417426,8,-82.127954,-97.068840,0.640000,-97.708840
302,-1.282110,-1.442618,-2.442618,-0.442618,noise,none,0.000000,8,-82.127954,-92.384832,0.640000,-93.024832
303,-0.752526,-3.678789,-4.678789,-2.678789,noise,none,0.000000,8,-82.127954,-88.148159,0.640000,-88.788159
304,-0.617560,-4.339804,-5.339804,-3.339804,noise,none,0.000000,8,-82.127954,-87.068437,0.640000,-87.708437
305,-0.524232,-0.460621,-1.460621,0.539379,informed,none,0.000000,8,-82.127954,-86.321811,0.640000,-86.961811
306,-1.859403,-4.948241,-5.948241,-3.948241,informed,buy_from_mm,-3.948241,7,-86.076195,-99.092013,0.490000,-99.582013
307,-3.750011,-5.650084,-6.650084,-4.650084,noise,none,0.000000,7,-86.076195,-112.326274,0.490000,-112.816274
308,-3.885311,-3.406446,-4.406446,-2.406446,noise,none,0.000000,7,-86.076195,-113.273374,0.490000,-113.763374
309,-3.612142,-1.814725,-2.814725,-0.814725,informed,sell_to_mm,-2.814725,8,-83.261471,-112.158604,0.640000,-112.798604
310,-2.868884,-3.582953,-4.582953,-2.582953,informed,none,0.000000,8,-83.261471,-106.212540,0.640000,-106.852540
311,-3.700227,-4.840565,-5.840565,-3.840565,noise,buy_from_mm,-3.840565,7,-87.102036,-113.003623,0.490000,-113.493623
312,-3.503002,-6.205417,-7.205417,-5.205417,informed,buy_from_mm,-5.205417,6,-92.307453,-113.325464,0.360000,-113.685464
313,-3.697148,-6.391032,-7.391032,-5.391032,informed,buy_from_mm,-5.391032,5,-97.698486,-116.184225,0.250000,-116.434225
314,-3.757689,-1.629934,-2.629934,-0.629934,noise,none,0.000000,5,-97.698486,-116.486928,0.250000,-116.736928
315,-5.918544,-7.046478,-8.046478,-6.046478,noise,none,0.000000,5,-97.698486,-127.291208,0.250000,-127.541208
316,-5.667620,-7.391843,-8.391843,-6.391843,noise,none,0.000000,5,-97.698486,-126.036586,0.250000,-126.286586
317,-5.666541,-4.544543,-5.544543,-3.544543,informed,sell_to_mm,-5.544543,6,-92.153943,-126.153190,0.360000,-126.513190
318,-5.235296,-4.759244,-5.759244,-3.759244,noise,sell_to_mm,-5.759244,7,-86.394699,-123.041772,0.490000,-123.531772
319,-5.452925,-3.934712,-4.934712,-2.934712,noise,none,0.000000,7,-86.394699,-124.565176,0.490000,-125.055176
320,-7.085056,-8.565512,-9.565512,-7.565512,noise,none,0.000000,7,-86.394699,-135.990093,0.490000,-136.480093
321,-6.781998,-8.290550,-9.290550,-7.290550,noise,buy_from_mm,-7.290550,6,-93.685249,-134.377236,0.360000,-134.737236
322,-5.920544,-5.315893,-6.315893,-4.315893,noise,none,0.000000,6,-93.685249,-129.208511,0.360000,-129.568511
323,-5.355438,-4.201908,-5.201908,-3.201908,noise,none,0.000000,6,-93.685249,-125.817875,0.360000,-126.177875
324,-5.012823,-3.275896,-4.275896,-2.275896,noise,none,0.000000,6,-93.685249,-123.762186,0.360000,-124.122186
325,-5.406128,-5.560993,-6.560993,-4.560993,noise,none,0.000000,6,-93.685249,-126.122017,0.360000,-126.482017
326,-6.459308,-6.888203,-7.888203,-5.888203,noise,none,0.000000,6,-93.685249,-132.441100,0.360000,-132.801100
327,-4.877116,-4.755806,-5.755806,-3.755806,informed,none,0.000000,6,-93.685249,-122.947942,0.360000,-123.307942
328,-5.401577,-7.907229,-8.907229,-6.907229,noise,none,0.000000,6,-93.685249,-126.094709,0.360000,-126.454709
329,-6.004487,-2.211445,-3.211445,-1.211445,informed,sell_to_mm,-3.211445,7,-90.473805,-132.505210,0.490000,-132.995210
330,-5.535527,-7.740425,-8.740425,-6.740425,noise,none,0.000000,7,-90.473805,-129.222494,0.490000,-129.712494
331,-3.539717,-4.285825,-5.285825,-3.285825,noise,none,0.000000,7,-90.473805,-115.251823,0.490000,-115.741823
332,-4.068363,-3.439826,-4.439826,-2.439826,informed,none,0.000000,7,-90.473805,-118.952349,0.490000,-119.442349
333,-3.401756,-1.146179,-2.146179,-0.146179,informed,sell_to_mm,-2.146179,8,-88.327625,-115.541676,0.640000,-116.181676
334,-5.941002,-7.430334,-8.430334,-6.430334,noise,none,0.000000,8,-88.327625,-135.855643,0.640000,-136.495643
335,-5.857841,-3.349598,-4.349598,-2.349598,informed,sell_to_mm,-4.349598,9,-83.978027,-136.698593,0.810000,-137.508593
336,-5.284633,-6.116050,-7.116050,-5.116050,informed,none,0.000000,9,-83.978027,-131.539724,0.810000,-132.349724
337,-4.355839,-5.381165,-6.381165,-4.381165,informed,buy_from_mm,-4.381165,8,-88.359192,-123.205901,0.640000,-123.845901
338,-7.295841,-11.875933,-12.875933,-10.875933,noise,buy_from_mm,-10.875933,7,-99.235126,-150.306010,0.490000,-150.796010
339,-7.229288,-7.166302,-8.166302,-6.166302,noise,none,0.000000,7,-99.235126,-149.840143,0.490000,-150.330143
340,-6.113559,-4.674912,-5.674912,-3.674912,noise,none,0.000000,7,-99.235126,-142.030037,0.490000,-142.520037
341,-6.787098,-6.303932,-7.303932,-5.303932,informed,none,0.000000,7,-99.235126,-146.744809,0.490000,-147.234809
342,-7.419286,-7.132077,-8.132077,-6.132077,noise,buy_from_mm,-6.132077,6,-105.367203,-149.882919,0.360000,-150.242919
343,-8.195991,-9.156699,-10.156699,-8.156699,noise,none,0.000000,6,-105.367203,-154.543149,0.360000,-154.903149
344,-8.773128,-11.421480,-12.421480,-10.421480,noise,buy_from_mm,-10.421480,5,-115.788683,-159.654324,0.250000,-159.904324
345,-9.679014,-7.759493,-8.759493,-6.759493,informed,sell_to_mm,-8.759493,6,-107.029190,-165.103274,0.360000,-165.463274
346,-9.520381,-12.539919,-13.539919,-11.539919,noise,none,0.000000,6,-107.029190,-164.151475,0.360000,-164.511475
347,-10.216590,-11.361340,-12.361340,-10.361340,informed,buy_from_mm,-10.361340,5,-117.390530,-168.473480,0.250000,-168.723480
348,-11.150088,-12.912039,-13.912039,-11.912039,noise,none,0.000000,5,-117.390530,-173.140969,0.250000,-173.390969
349,-9.881813,-11.690921,-12.690921,-10.690921,noise,sell_to_mm,-12.690921,6,-104.699609,-163.990489,0.360000,-164.350489
350,-11.931974,-14.017126,-15.017126,-13.017126,noise,buy_from_mm,-13.017126,5,-117.716735,-177.376605,0.250000,-177.626605
351,-10.805515,-11.808236,-12.808236,-10.808236,noise,none,0.000000,5,-117.716735,-171.744308,0.250000,-171.994308
352,-10.199052,-9.560934,-10.560934,-8.560934,noise,none,0.000000,5,-117.716735,-168.711996,0.250000,-168.961996
353,-9.584724,-8.840092,-9.840092,-7.840092,noise,buy_from_mm,-7.840092,4,-125.556827,-163.895724,0.160000,-164.055724
354,-11.346286,-13.990317,-14.990317,-12.990317,noise,none,0.000000,4,-125.556827,-170.941970,0.160000,-171.101970
355,-10.042746,-10.700575,-11.700575,-9.700575,informed,none,0.000000,4,-125.556827,-165.727813,0.160000,-165.887813
356,-10.793432,-9.497425,-10.497425,-8.497425,informed,sell_to_mm,-10.497425,5,-115.059402,-169.026563,0.250000,-169.276563
357,-11.074721,-10.465255,-11.465255,-9.465255,informed,none,0.000000,5,-115.059402,-170.433005,0.250000,-170.683005
358,-12.636494,-16.796228,-17.796228,-15.796228,noise,none,0.000000,5,-115.059402,-178.241873,0.250000,-178.491873
359,-12.890202,-14.448231,-15.448231,-13.448231,informed,buy_from_mm,-13.448231,4,-128.507633,-180.068439,0.160000,-180.228439
360,-12.499029,-10.213138,-11.213138,-9.213138,noise,none,0.000000,4,-128.507633,-178.503748,0.160000,-178.663748
361,-12.763095,-12.714894,-13.714894,-11.714894,noise,buy_from_mm,-11.714894,3,-140.222527,-178.511811,0.090000,-178.601811
362,-11.931721,-8.401433,-9.401433,-7.401433,informed,sell_to_mm,-9.401433,4,-130.821094,-178.547980,0.160000,-178.707980
363,-10.562703,-10.184544,-11.184544,-9.184544,noise,none,0.000000,4,-130.821094,-173.071905,0.160000,-173.231905
364,-9.017728,-8.590956,-9.590956,-7.590956,noise,none,0.000000,4,-130.821094,-166.892004,0.160000,-167.052004
365,-7.472165,-3.559373,-4.559373,-2.559373,informed,sell_to_mm,-4.559373,5,-126.261721,-163.622546,0.250000,-163.872546
366,-6.455825,-7.508902,-8.508902,-6.508902,noise,buy_from_mm,-6.508902,4,-132.770623,-158.593924,0.160000,-158.753924
367,-6.233864,-5.628085,-6.628085,-4.628085,informed,none,0.000000,4,-132.770623,-157.706080,0.160000,-157.866080
368,-6.307063,-5.060458,-6.060458,-4.060458,informed,sell_to_mm,-6.060458,5,-126.710165,-158.245480,0.250000,-158.495480
369,-5.701406,-6.975177,-7.975177,-5.975177,noise,none,0.000000,5,-126.710165,-155.217197,0.250000,-155.467197
370,-4.878732,-5.151923,-6.151923,-4.151923,noise,none,0.000000,5,-126.710165,-151.103823,0.250000,-151.353823
371,-6.137142,-5.497611,-6.497611,-4.497611,noise,buy_from_mm,-4.497611,4,-131.207776,-155.756344,0.160000,-155.916344
372,-4.805452,-5.928258,-6.928258,-4.928258,noise,none,0.000000,4,-131.207776,-150.429582,0.160000,-150.589582
373,-4.060422,-4.392848,-5.392848,-3.392848,noise,none,0.000000,4,-131.207776,-147.449465,0.160000,-147.609465
374,-4.228215,-4.717944,-5.717944,-3.717944,noise,none,0.000000,4,-131.207776,-148.120637,0.160000,-148.280637
375,-3.504657,-4.864910,-5.864910,-3.864910,noise,buy_from_mm,-3.864910,3,-135.072685,-145.586656,0.090000,-145.676656
376,-4.266476,-5.800351,-6.800351,-4.800351,noise,none,0.000000,3,-135.072685,-147.872115,0.090000,-147.962115
377,-4.931041,-6.247396,-7.247396,-5.247396,informed,buy_from_mm,-5.247396,2,-140.320081,-150.182162,0.040000,-150.222162
378,-4.561064,-2.992253,-3.992253,-1.992253,noise,none,0.000000,2,-140.320081,-149.442208,0.040000,-149.482208
379,-5.275956,-7.169374,-8.169374,-6.169374,noise,none,0.000000,2,-140.320081,-150.871993,0.040000,-150.911993
380,-4.118146,-5.563475,-6.563475,-4.563475,informed,buy_from_mm,-4.563475,1,-144.883556,-149.001703,0.010000,-149.011703
381,-5.754768,-3.338985,-4.338985,-2.338985,informed,sell_to_mm,-4.338985,2,-140.544571,-152.054106,0.040000,-152.094106
382,-6.195623,-7.557180,-8.557180,-6.557180,noise,sell_to_mm,-8.557180,3,-131.987391,-150.574261,0.090000,-150.664261
383,-4.240032,-3.818826,-4.818826,-2.818826,noise,none,0.000000,3,-131.987391,-144.707486,0.090000,-144.797486
384,-4.019900,-1.124975,-2.124975,-0.124975,noise,sell_to_mm,-2.124975,4,-129.862416,-145.942017,0.160000,-146.102017
385,-3.222042,-3.585746,-4.585746,-2.585746,noise,none,0.000000,4,-129.862416,-142.750585,0.160000,-142.910585
386,-4.691912,-6.621645,-7.621645,-5.621645,noise,none,0.000000,4,-129.862416,-148.630062,0.160000,-148.790062
387,-4.300329,-6.112673,-7.112673,-5.112673,noise,none,0.000000,4,-129.862416,-147.063732,0.160000,-147.223732
388,-3.459427,-5.325055,-6.325055,-4.325055,noise,none,0.000000,4,-129.862416,-143.700124,0.160000,-143.860124
389,-0.976819,-2.015734,-3.015734,-1.015734,noise,buy_from_mm,-1.015734,3,-130.878150,-133.808606,0.090000,-133.898606
390,0.246484,-1.093603,-2.093603,-0.093603,informed,buy_from_mm,-0.093603,2,-130.971754,-130.478785,0.040000,-130.518785
391,0.271928,-0.482142,-1.482142,0.517858,noise,sell_to_mm,-1.482142,3,-129.489612,-128.673829,0.090000,-128.763829
392,-0.253266,-0.518244,-1.518244,0.481756,noise,none,0.000000,3,-129.489612,-130.249411,0.090000,-130.339411
393,-1.631348,-1.565310,-2.565310,-0.565310,noise,none,0.000000,3,-129.489612,-134.383656,0.090000,-134.473656
394,-2.512880,-0.608658,-1.608658,0.391342,informed,sell_to_mm,-1.608658,4,-127.880954,-137.932474,0.160000,-138.092474
395,-2.102324,-3.193738,-4.193738,-2.193738,noise,buy_from_mm,-2.193738,3,-130.074692,-136.381665,0.090000,-136.471665
396,-3.171781,-2.201165,-3.201165,-1.201165,noise,none,0.000000,3,-130.074692,-139.590035,0.090000,-139.680035
397,-3.363916,-1.566947,-2.566947,-0.566947,noise,none,0.000000,3,-130.074692,-140.166440,0.090000,-140.256440
398,-5.270325,-6.163056,-7.163056,-5.163056,noise,sell_to_mm,-7.163056,4,-122.911637,-143.992936,0.160000,-144.152936
399,-5.012930,-4.403701,-5.403701,-3.403701,noise,none,0.000000,4,-122.911637,-142.963356,0.160000,-143.123356
400,-4.849976,-7.221318,-8.221318,-6.221318,informed,buy_from_mm,-6.221318,3,-129.132955,-143.682881,0.090000,-143.772881
401,-4.444865,-6.420218,-7.420218,-5.420218,noise,sell_to_mm,-7.420218,4,-121.712737,-139.492197,0.160000,-139.652197
402,-4.310298,-4.218501,-5.218501,-3.218501,informed,none,0.000000,4,-121.712737,-138.953929,0.160000,-139.113929
403,-4.919045,-3.825690,-4.825690,-2.825690,noise,sell_to_mm,-4.825690,5,-116.887047,-141.482270,0.250000,-141.732270
404,-3.057752,-3.331101,-4.331101,-2.331101,noise,none,0.000000,5,-116.887047,-132.175805,0.250000,-132.425805
405,-2.359487,-5.900121,-6.900121,-4.900121,noise,none,0.000000,5,-116.887047,-128.684481,0.250000,-128.934481
406,-2.764478,-4.259605,-5.259605,-3.259605,noise,none,0.000000,5,-116.887047,-130.709439,0.250000,-130.959439
407,-2.305825,-3.486207,-4.486207,-2.486207,informed,buy_from_mm,-2.486207,4,-119.373255,-128.596556,0.160000,-128.756556
408,-1.822576,-3.754054,-4.754054,-2.754054,noise,none,0.000000,4,-119.373255,-126.663557,0.160000,-126.823557
409,-0.761098,-2.881410,-3.881410,-1.881410,informed,buy_from_mm,-1.881410,3,-121.254665,-123.537959,0.090000,-123.627959
410,-0.707987,1.341603,0.341603,2.341603,informed,sell_to_mm,0.341603,4,-121.596268,-124.428214,0.160000,-124.588214
411,-1.037129,-1.864159,-2.864159,-0.864159,informed,none,0.000000,4,-121.596268,-125.744784,0.160000,-125.904784
412,-1.808104,-2.685194,-3.685194,-1.685194,noise,none,0.000000,4,-121.596268,-128.828685,0.160000,-128.988685
413,-0.890340,0.456089,-0.543911,1.456089,informed,sell_to_mm,-0.543911,5,-121.052357,-125.504058,0.250000,-125.754058
414,0.943886,-1.554020,-2.554020,-0.554020,noise,none,0.000000,5,-121.052357,-116.332928,0.250000,-116.582928
415,0.063423,-2.919098,-3.919098,-1.919098,informed,buy_from_mm,-1.919098,4,-122.971454,-122.717763,0.160000,-122.877763
416,-0.507578,0.300489,-0.699511,1.300489,noise,sell_to_mm,-0.699511,5,-122.271943,-124.809831,0.250000,-125.059831
417,-0.344594,0.964103,-0.035897,1.964103,noise,sell_to_mm,-0.035897,6,-122.236046,-124.303609,0.360000,-124.663609
418,0.481759,0.463950,-0.536050,1.463950,noise,buy_from_mm,1.463950,5,-120.772096,-118.363303,0.250000,-118.613303
419,0.697890,3.188442,2.188442,4.188442,informed,sell_to_mm,2.188442,6,-122.960537,-118.773200,0.360000,-119.133200
420,1.364906,5.061683,4.061683,6.061683,noise,buy_from_mm,6.061683,5,-116.898854,-110.074324,0.250000,-110.324324
421,1.805852,2.859570,1.859570,3.859570,noise,sell_to_mm,1.859570,6,-118.758424,-107.923311,0.360000,-108.283311
422,1.803529,2.296766,1.296766,3.296766,noise,buy_from_mm,3.296766,5,-115.461658,-106.444013,0.250000,-106.694013
423,0.621710,0.130619,-0.869381,1.130619,noise,none,0.000000,5,-115.461658,-112.353105,0.250000,-112.603105
424,0.318671,0.019207,-0.980793,1.019207,informed,none,0.000000,5,-115.461658,-113.868302,0.250000,-114.118302
425,-1.106082,1.166069,0.166069,2.166069,noise,none,0.000000,5,-115.461658,-120.992068,0.250000,-121.242068
426,-0.332066,-1.339516,-2.339516,-0.339516,noise,none,0.000000,5,-115.461658,-117.121990,0.250000,-117.371990
427,-0.555959,-0.221707,-1.221707,0.778293,noise,buy_from_mm,0.778293,4,-114.683365,-116.907201,0.160000,-117.067201
428,1.112416,0.403412,-0.596588,1.403412,noise,buy_from_mm,1.403412,3,-113.279954,-109.942707,0.090000,-110.032707
429,0.808004,0.958402,-0.041598,1.958402,noise,none,0.000000,3,-113.279954,-110.855943,0.090000,-110.945943
430,0.563769,2.604744,1.604744,3.604744,noise,none,0.000000,3,-113.279954,-111.588648,0.090000,-111.678648
431,-0.233699,1.148922,0.148922,2.148922,noise,none,0.000000,3,-113.279954,-113.981050,0.090000,-114.071050
432,0.938486,0.997684,-0.002316,1.997684,noise,buy_from_mm,1.997684,2,-111.282270,-109.405298,0.040000,-109.445298
433,0.624265,-1.574779,-2.574779,-0.574779,informed,buy_from_mm,-0.574779,1,-111.857049,-111.232784,0.010000,-111.242784
434,-0.527095,-2.750361,-3.750361,-1.750361,informed,buy_from_mm,-1.750361,0,-113.607409,-113.607409,0.000000,-113.607409
435,-0.348593,-2.876290,-3.876290,-1.876290,noise,none,0.000000,0,-113.607409,-113.607409,0.000000,-113.607409
436,-1.197337,-1.106139,-2.106139,-0.106139,informed,none,0.000000,0,-113.607409,-113.607409,0.000000,-113.607409
437,-1.949313,-0.381816,-1.381816,0.618184,noise,none,0.000000,0,-113.607409,-113.607409,0.000000,-113.607409
438,0.136294,0.274924,-0.725076,1.274924,informed,none,0.000000,0,-113.607409,-113.607409,0.000000,-113.607409
439,-0.080113,-0.518235,-1.518235,0.481765,noise,none,0.000000,0,-113.607409,-113.607409,0.000000,-113.607409
440,1.438322,-1.295534,-2.295534,-0.295534,noise,none,0.000000,0,-113.607409,-113.607409,0.000000,-113.607409
441,2.143325,2.243753,1.243753,3.243753,informed,none,0.000000,0,-113.607409,-113.607409,0.000000,-113.607409
442,1.624877,3.050321,2.050321,4.050321,informed,sell_to_mm,2.050321,1,-115.657730,-114.032853,0.010000,-114.042853
443,1.001002,1.844093,0.844093,2.844093,informed,none,0.000000,1,-115.657730,-114.656728,0.010000,-114.666728
444,-1.649768,-0.987540,-1.987540,0.012460,noise,sell_to_mm,-1.987540,2,-113.670190,-116.969727,0.040000,-117.009727
445,-3.834615,-6.122744,-7.122744,-5.122744,noise,none,0.000000,2,-113.670190,-121.339420,0.040000,-121.379420
446,-4.246689,-1.188322,-2.188322,-0.188322,noise,none,0.000000,2,-113.670190,-122.163568,0.040000,-122.203568
447,-2.840215,-6.152272,-7.152272,-5.152272,noise,buy_from_mm,-5.152272,1,-118.822462,-121.662677,0.010000,-121.672677
448,-2.214094,1.116144,0.116144,2.116144,informed,sell_to_mm,0.116144,2,-118.938606,-123.366793,0.040000,-123.406793
449,-2.882133,-0.834278,-1.834278,0.165722,noise,none,0.000000,2,-118.938606,-124.702872,0.040000,-124.742872
450,-3.137646,-1.654941,-2.654941,-0.654941,informed,sell_to_mm,-2.654941,3,-116.283665,-125.696602,0.090000,-125.786602
451,-3.269092,-2.957473,-3.957473,-1.957473,informed,none,0.000000,3,-116.283665,-126.090941,0.090000,-126.180941
452,-4.403570,-4.021060,-5.021060,-3.021060,noise,none,0.000000,3,-116.283665,-129.494376,0.090000,-129.584376
453,-4.477005,-4.399059,-5.399059,-3.399059,noise,none,0.000000,3,-116.283665,-129.714681,0.090000,-129.804681
454,-6.564293,-6.893368,-7.893368,-5.893368,noise,none,0.000000,3,-116.283665,-135.976545,0.090000,-136.066545
455,-6.826157,-6.453038,-7.453038,-5.453038,noise,buy_from_mm,-5.453038,2,-121.736704,-135.389018,0.040000,-135.429018
456,-7.122944,-7.046221,-8.046221,-6.046221,informed,none,0.000000,2,-121.736704,-135.982592,0.040000,-136.022592
457,-8.028656,-9.604382,-10.604382,-8.604382,informed,buy_from_mm,-8.604382,1,-130.341085,-138.369741,0.010000,-138.379741
458,-8.113055,-7.416210,-8.416210,-6.416210,informed,none,0.000000,1,-130.341085,-138.454140,0.010000,-138.464140
459,-8.441590,-11.143947,-12.143947,-10.143947,noise,buy_from_mm,-10.143947,0,-140.485033,-140.485033,0.000000,-140.485033
460,-8.102273,-8.019450,-9.019450,-7.019450,informed,none,0.000000,0,-140.485033,-140.485033,0.000000,-140.485033
461,-8.031316,-9.463527,-10.463527,-8.463527,noise,none,0.000000,0,-140.485033,-140.485033,0.000000,-140.485033
462,-6.939337,-5.812536,-6.812536,-4.812536,noise,none,0.000000,0,-140.485033,-140.485033,0.000000,-140.485033
463,-4.805316,-5.874222,-6.874222,-4.874222,informed,buy_from_mm,-4.874222,-1,-145.359255,-140.553939,0.010000,-140.563939
464,-3.773634,-5.058243,-6.058243,-4.058243,noise,none,0.000000,-1,-145.359255,-141.585621,0.010000,-141.595621
465,-3.840404,-4.028893,-5.028893,-3.028893,noise,none,0.000000,-1,-145.359255,-141.518851,0.010000,-141.528851
466,-3.216741,-3.640486,-4.640486,-2.640486,noise,sell_to_mm,-4.640486,0,-140.718769,-140.718769,0.000000,-140.718769
467,-4.095845,-2.223886,-3.223886,-1.223886,informed,sell_to_mm,-3.223886,1,-137.494883,-141.590728,0.010000,-141.600728
468,-3.235728,1.083844,0.083844,2.083844,noise,none,0.000000,1,-137.494883,-140.730611,0.010000,-140.740611
469,-4.955516,-8.834543,-9.834543,-7.834543,informed,buy_from_mm,-7.834543,0,-145.329426,-145.329426,0.000000,-145.329426
470,-3.218791,-2.784966,-3.784966,-1.784966,informed,none,0.000000,0,-145.329426,-145.329426,0.000000,-145.329426
471,-1.694596,-3.353310,-4.353310,-2.353310,noise,none,0.000000,0,-145.329426,-145.329426,0.000000,-145.329426
472,-2.185403,-1.618256,-2.618256,-0.618256,noise,none,0.000000,0,-145.329426,-145.329426,0.000000,-145.329426
473,-2.197033,-5.344000,-6.344000,-4.344000,noise,none,0.000000,0,-145.329426,-145.329426,0.000000,-145.329426
474,-1.547426,-1.799244,-2.799244,-0.799244,informed,none,0.000000,0,-145.329426,-145.329426,0.000000,-145.329426
475,-1.591668,-1.891121,-2.891121,-0.891121,noise,none,0.000000,0,-145.329426,-145.329426,0.000000,-145.329426
476,-1.525337,-3.310992,-4.310992,-2.310992,noise,none,0.000000,0,-145.329426,-145.329426,0.000000,-145.329426
477,-1.672516,-2.420272,-3.420272,-1.420272,informed,none,0.000000,0,-145.329426,-145.329426,0.000000,-145.329426
478,-1.425202,0.742426,-0.257574,1.742426,noise,sell_to_mm,-0.257574,1,-145.071852,-146.497054,0.010000,-146.507054
479,-0.345883,4.122078,3.122078,5.122078,informed,sell_to_mm,3.122078,2,-148.193930,-148.885696,0.040000,-148.925696
480,-1.099143,-0.928857,-1.928857,0.071143,noise,none,0.000000,2,-148.193930,-150.392215,0.040000,-150.432215
481,-0.692602,-3.892533,-4.892533,-2.892533,informed,buy_from_mm,-2.892533,1,-151.086464,-151.779065,0.010000,-151.789065
482,-0.714115,-0.338573,-1.338573,0.661427,noise,none,0.000000,1,-151.086464,-151.800579,0.010000,-151.810579
483,-0.744692,1.638322,0.638322,2.638322,noise,none,0.000000,1,-151.086464,-151.831156,0.010000,-151.841156
484,-0.015622,3.029268,2.029268,4.029268,informed,sell_to_mm,2.029268,2,-153.115732,-153.146975,0.040000,-153.186975
485,1.123812,-1.804080,-2.804080,-0.804080,noise,none,0.000000,2,-153.115732,-150.868108,0.040000,-150.908108
486,2.010837,2.308403,1.308403,3.308403,noise,none,0.000000,2,-153.115732,-149.094058,0.040000,-149.134058
487,2.948672,1.378999,0.378999,2.378999,informed,buy_from_mm,2.378999,1,-150.736733,-147.788061,0.010000,-147.798061
488,3.459353,3.430965,2.430965,4.430965,noise,none,0.000000,1,-150.736733,-147.277380,0.010000,-147.287380
489,2.040020,2.774765,1.774765,3.774765,noise,none,0.000000,1,-150.736733,-148.696713,0.010000,-148.706713
490,1.457317,3.088417,2.088417,4.088417,noise,none,0.000000,1,-150.736733,-149.279416,0.010000,-149.289416
491,1.243853,-1.058228,-2.058228,-0.058228,informed,buy_from_mm,-0.058228,0,-150.794961,-150.794961,0.000000,-150.794961
492,2.755752,5.523273,4.523273,6.523273,noise,none,0.000000,0,-150.794961,-150.794961,0.000000,-150.794961
493,0.369586,1.250246,0.250246,2.250246,informed,none,0.000000,0,-150.794961,-150.794961,0.000000,-150.794961
494,0.715961,-0.324310,-1.324310,0.675690,informed,buy_from_mm,0.675690,-1,-150.119271,-150.835232,0.010000,-150.845232
495,-0.996092,0.242090,-0.757910,1.242090,noise,buy_from_mm,1.242090,-2,-148.877180,-146.884997,0.040000,-146.924997
496,0.545447,-0.548361,-1.548361,0.451639,noise,buy_from_mm,0.451639,-3,-148.425542,-150.061883,0.090000,-150.151883
497,-0.727409,-0.063472,-1.063472,0.936528,noise,none,0.000000,-3,-148.425542,-146.243314,0.090000,-146.333314
498,-0.882800,-1.685547,-2.685547,-0.685547,noise,none,0.000000,-3,-148.425542,-145.777141,0.090000,-145.867141
499,-1.273127,-4.127955,-5.127955,-3.127955,noise,buy_from_mm,-3.127955,-4,-151.553497,-146.460991,0.160000,-146.620991
500,-0.058765,0.391698,-0.608302,1.391698,noise,none,0.000000,-4,-151.553497,-151.318439,0.160000,-151.478439
501,1.574182,6.251529,5.251529,7.251529,noise,none,0.000000,-4,-151.553497,-157.850227,0.160000,-158.010227
502,1.721085,4.724246,3.724246,5.724246,noise,none,0.000000,-4,-151.553497,-158.437836,0.160000,-158.597836
503,1.224099,3.389107,2.389107,4.389107,noise,none,0.000000,-4,-151.553497,-156.449895,0.160000,-156.609895
504,1.764847,-0.068668,-1.068668,0.931332,noise,none,0.000000,-4,-151.553497,-158.612886,0.160000,-158.772886
505,3.517445,5.481487,4.481487,6.481487,noise,buy_from_mm,6.481487,-5,-145.072010,-162.659238,0.250000,-162.909238
506,3.629218,6.054280,5.054280,7.054280,noise,none,0.000000,-5,-145.072010,-163.218102,0.250000,-163.468102
507,2.158586,2.190055,1.190055,3.190055,noise,none,0.000000,-5,-145.072010,-155.864940,0.250000,-156.114940
508,0.984869,4.029719,3.029719,5.029719,noise,none,0.000000,-5,-145.072010,-149.996355,0.250000,-150.246355
509,0.240652,1.298480,0.298480,2.298480,informed,sell_to_mm,0.298480,-4,-145.370490,-146.333099,0.160000,-146.493099
510,0.813734,-1.789506,-2.789506,-0.789506,noise,sell_to_mm,-2.789506,-3,-142.580984,-145.022185,0.090000,-145.112185
511,1.468974,-1.719231,-2.719231,-0.719231,noise,sell_to_mm,-2.719231,-2,-139.861754,-142.799701,0.040000,-142.839701
512,0.901210,2.950837,1.950837,3.950837,noise,none,0.000000,-2,-139.861754,-141.664174,0.040000,-141.704174
513,0.852318,2.138887,1.138887,3.138887,informed,sell_to_mm,1.138887,-1,-141.000640,-141.852958,0.010000,-141.862958
514,-0.332527,0.126349,-0.873651,1.126349,noise,none,0.000000,-1,-141.000640,-140.668113,0.010000,-140.678113
515,0.530637,-0.302458,-1.302458,0.697542,noise,none,0.000000,-1,-141.000640,-141.531278,0.010000,-141.541278
516,1.056103,2.755393,1.755393,3.755393,noise,none,0.000000,-1,-141.000640,-142.056744,0.010000,-142.066744
517,1.236782,2.187840,1.187840,3.187840,informed,none,0.000000,-1,-141.000640,-142.237423,0.010000,-142.247423
518,3.019678,5.249224,4.249224,6.249224,noise,sell_to_mm,4.249224,0,-145.249864,-145.249864,0.000000,-145.249864
519,3.098491,1.189078,0.189078,2.189078,noise,buy_from_mm,2.189078,-1,-143.060786,-146.159277,0.010000,-146.169277
520,2.643645,7.175949,6.175949,8.175949,informed,sell_to_mm,6.175949,0,-149.236735,-149.236735,0.000000,-149.236735
521,3.385076,1.618891,0.618891,2.618891,informed,buy_from_mm,2.618891,-1,-146.617844,-150.002919,0.010000,-150.012919
522,3.634034,3.079883,2.079883,4.079883,noise,none,0.000000,-1,-146.617844,-150.251877,0.010000,-150.261877
523,3.164773,3.570009,2.570009,4.570009,noise,none,0.000000,-1,-146.617844,-149.782616,0.010000,-149.792616
524,4.215178,-0.580559,-1.580559,0.419441,informed,buy_from_mm,0.419441,-2,-146.198402,-154.628759,0.040000,-154.668759
525,4.056426,0.621460,-0.378540,1.621460,noise,none,0.000000,-2,-146.198402,-154.311254,0.040000,-154.351254
526,6.013591,3.908002,2.908002,4.908002,noise,none,0.000000,-2,-146.198402,-158.225584,0.040000,-158.265584
527,6.287216,7.683280,6.683280,8.683280,informed,sell_to_mm,6.683280,-1,-152.881682,-159.168899,0.010000,-159.178899
528,5.634913,6.937155,5.937155,7.937155,noise,buy_from_mm,7.937155,-2,-144.944527,-156.214354,0.040000,-156.254354
529,6.109673,4.354998,3.354998,5.354998,informed,buy_from_mm,5.354998,-3,-139.589530,-157.918550,0.090000,-158.008550
530,8.432288,6.584332,5.584332,7.584332,informed,buy_from_mm,7.584332,-4,-132.005198,-165.734350,0.160000,-165.894350
531,9.369076,10.345698,9.345698,11.345698,informed,none,0.000000,-4,-132.005198,-169.481504,0.160000,-169.641504
532,12.030220,16.554893,15.554893,17.554893,noise,none,0.000000,-4,-132.005198,-180.126079,0.160000,-180.286079
533,12.478383,13.297898,12.297898,14.297898,informed,none,0.000000,-4,-132.005198,-181.918729,0.160000,-182.078729
534,11.707263,15.326372,14.326372,16.326372,noise,none,0.000000,-4,-132.005198,-178.834248,0.160000,-178.994248
535,13.388436,10.591900,9.591900,11.591900,noise,sell_to_mm,9.591900,-3,-141.597098,-181.762405,0.090000,-181.852405
536,14.367135,16.231357,15.231357,17.231357,noise,none,0.000000,-3,-141.597098,-184.698503,0.090000,-184.788503
537,13.160686,14.614315,13.614315,15.614315,informed,sell_to_mm,13.614315,-2,-155.211414,-181.532785,0.040000,-181.572785
538,14.058899,18.436884,17.436884,19.436884,informed,sell_to_mm,17.436884,-1,-172.648298,-186.707197,0.010000,-186.717197
539,14.415583,14.468546,13.468546,15.468546,informed,none,0.000000,-1,-172.648298,-187.063881,0.010000,-187.073881
540,14.178074,14.406450,13.406450,15.406450,noise,none,0.000000,-1,-172.648298,-186.826372,0.010000,-186.836372
541,13.508351,10.785466,9.785466,11.785466,noise,none,0.000000,-1,-172.648298,-186.156649,0.010000,-186.166649
542,12.335346,10.034128,9.034128,11.034128,noise,sell_to_mm,9.034128,0,-181.682426,-181.682426,0.000000,-181.682426
543,11.909528,12.047589,11.047589,13.047589,noise,none,0.000000,0,-181.682426,-181.682426,0.000000,-181.682426
544,12.627230,13.462264,12.462264,14.462264,noise,sell_to_mm,12.462264,1,-194.144689,-181.517459,0.010000,-181.527459
545,12.335618,9.591014,8.591014,10.591014,informed,buy_from_mm,10.591014,0,-183.553675,-183.553675,0.000000,-183.553675
546,12.339235,14.977272,13.977272,15.977272,noise,sell_to_mm,13.977272,1,-197.530947,-185.191712,0.010000,-185.201712
547,12.926123,13.191026,12.191026,14.191026,noise,none,0.000000,1,-197.530947,-184.604825,0.010000,-184.614825
548,12.200286,13.237365,12.237365,14.237365,noise,sell_to_mm,12.237365,2,-209.768312,-185.367741,0.040000,-185.407741
549,11.293225,6.863622,5.863622,7.863622,informed,buy_from_mm,7.863622,1,-201.904690,-190.611465,0.010000,-190.621465
550,10.452005,12.437191,11.437191,13.437191,noise,none,0.000000,1,-201.904690,-191.452685,0.010000,-191.462685
551,11.456676,12.543249,11.543249,13.543249,noise,none,0.000000,1,-201.904690,-190.448015,0.010000,-190.458015
552,11.321244,12.570524,11.570524,13.570524,informed,sell_to_mm,11.570524,2,-213.475215,-190.832727,0.040000,-190.872727
553,12.586562,10.867778,9.867778,11.867778,noise,none,0.000000,2,-213.475215,-188.302092,0.040000,-188.342092
554,11.127184,14.199874,13.199874,15.199874,noise,sell_to_mm,13.199874,3,-226.675089,-193.293536,0.090000,-193.383536
555,10.202508,8.901645,7.901645,9.901645,noise,none,0.000000,3,-226.675089,-196.067564,0.090000,-196.157564
556,9.984467,10.761371,9.761371,11.761371,noise,none,0.000000,3,-226.675089,-196.721686,0.090000,-196.811686
557,8.047247,7.693211,6.693211,8.693211,noise,none,0.000000,3,-226.675089,-202.533347,0.090000,-202.623347
558,8.934436,11.725843,10.725843,12.725843,informed,sell_to_mm,10.725843,4,-237.400932,-201.663189,0.160000,-201.823189
559,10.133087,10.497645,9.497645,11.497645,noise,none,0.000000,4,-237.400932,-196.868584,0.160000,-197.028584
560,10.288291,13.866754,12.866754,14.866754,noise,none,0.000000,4,-237.400932,-196.247768,0.160000,-196.407768
561,11.183802,8.397957,7.397957,9.397957,informed,buy_from_mm,9.397957,3,-228.002974,-194.451569,0.090000,-194.541569
562,13.047160,15.523492,14.523492,16.523492,noise,sell_to_mm,14.523492,4,-242.526467,-190.337828,0.160000,-190.497828
563,12.407173,11.790556,10.790556,12.790556,noise,none,0.000000,4,-242.526467,-192.897776,0.160000,-193.057776
564,12.026865,11.723277,10.723277,12.723277,informed,none,0.000000,4,-242.526467,-194.419007,0.160000,-194.579007
565,13.511609,18.485560,17.485560,19.485560,noise,none,0.000000,4,-242.526467,-188.480030,0.160000,-188.640030
566,13.964017,13.393356,12.393356,14.393356,informed,none,0.000000,4,-242.526467,-186.670399,0.160000,-186.830399
567,12.373822,10.263511,9.263511,11.263511,informed,buy_from_mm,11.263511,3,-231.262955,-194.141489,0.090000,-194.231489
568,12.496264,13.928469,12.928469,14.928469,noise,none,0.000000,3,-231.262955,-193.774163,0.090000,-193.864163
569,13.469067,10.570394,9.570394,11.570394,noise,sell_to_mm,9.570394,4,-240.833349,-186.957080,0.160000,-187.117080
570,12.116090,10.517559,9.517559,11.517559,noise,sell_to_mm,9.517559,5,-250.350908,-189.770459,0.250000,-190.020459
571,11.056013,8.763497,7.763497,9.763497,informed,buy_from_mm,9.763497,4,-240.587412,-196.363360,0.160000,-196.523360
572,8.304711,12.194457,11.194457,13.194457,informed,sell_to_mm,11.194457,5,-251.781868,-210.258314,0.250000,-210.508314
573,7.876811,8.487495,7.487495,9.487495,informed,none,0.000000,5,-251.781868,-212.397813,0.250000,-212.647813
574,6.920285,9.737833,8.737833,10.737833,informed,sell_to_mm,8.737833,6,-260.519701,-218.997990,0.360000,-219.357990
575,7.421584,8.665925,7.665925,9.665925,noise,buy_from_mm,9.665925,5,-250.853776,-213.745856,0.250000,-213.995856
576,6.272083,7.257154,6.257154,8.257154,noise,none,0.000000,5,-250.853776,-219.493363,0.250000,-219.743363
577,6.625036,2.494799,1.494799,3.494799,noise,none,0.000000,5,-250.853776,-217.728596,0.250000,-217.978596
578,5.428899,6.851668,5.851668,7.851668,noise,buy_from_mm,7.851668,4,-243.002109,-221.286512,0.160000,-221.446512
579,4.734763,7.509838,6.509838,8.509838,noise,none,0.000000,4,-243.002109,-224.063055,0.160000,-224.223055
580,6.059314,8.595268,7.595268,9.595268,informed,sell_to_mm,7.595268,5,-250.597377,-220.300805,0.250000,-220.550805
581,4.732475,5.535406,4.535406,6.535406,noise,none,0.000000,5,-250.597377,-226.935000,0.250000,-227.185000
582,6.817391,6.641571,5.641571,7.641571,informed,none,0.000000,5,-250.597377,-216.510421,0.250000,-216.760421
583,6.716468,5.725066,4.725066,6.725066,noise,none,0.000000,5,-250.597377,-217.015034,0.250000,-217.265034
584,7.039213,6.153345,5.153345,7.153345,noise,none,0.000000,5,-250.597377,-215.401314,0.250000,-215.651314
585,5.655532,4.073047,3.073047,5.073047,noise,buy_from_mm,5.073047,4,-245.524330,-222.902201,0.160000,-223.062201
586,5.128890,6.056774,5.056774,7.056774,informed,none,0.000000,4,-245.524330,-225.008770,0.160000,-225.168770
587,4.171052,5.723249,4.723249,6.723249,informed,sell_to_mm,4.723249,5,-250.247578,-229.392318,0.250000,-229.642318
588,2.699714,2.355723,1.355723,3.355723,noise,none,0.000000,5,-250.247578,-236.749010,0.250000,-236.999010
589,3.208668,2.503524,1.503524,3.503524,noise,buy_from_mm,3.503524,4,-246.744054,-233.909383,0.160000,-234.069383
590,1.619752,3.371018,2.371018,4.371018,informed,sell_to_mm,2.371018,5,-249.115072,-241.016313,0.250000,-241.266313
591,3.305849,3.864711,2.864711,4.864711,informed,none,0.000000,5,-249.115072,-232.585826,0.250000,-232.835826
592,2.557290,0.542822,-0.457178,1.542822,informed,buy_from_mm,1.542822,4,-247.572250,-237.343090,0.160000,-237.503090
593,2.890907,4.217508,3.217508,5.217508,noise,none,0.000000,4,-247.572250,-236.008622,0.160000,-236.168622
594,2.091748,2.350521,1.350521,3.350521,noise,none,0.000000,4,-247.572250,-239.205257,0.160000,-239.365257
595,0.507926,-0.898050,-1.898050,0.101950,noise,none,0.000000,4,-247.572250,-245.540545,0.160000,-245.700545
596,0.565234,-2.141104,-3.141104,-1.141104,noise,none,0.000000,4,-247.572250,-245.311312,0.160000,-245.471312
597,1.462316,-2.429490,-3.429490,-1.429490,informed,buy_from_mm,-1.429490,3,-249.001740,-244.614791,0.090000,-244.704791
598,1.043976,-0.437615,-1.437615,0.562385,noise,sell_to_mm,-1.437615,4,-247.564124,-243.388220,0.160000,-243.548220
599,0.722064,2.982314,1.982314,3.982314,noise,buy_from_mm,3.982314,3,-243.581811,-241.415617,0.090000,-241.505617
600,-0.300460,3.507041,2.507041,4.507041,noise,buy_from_mm,4.507041,2,-239.074770,-239.675691,0.040000,-239.715691
601,-0.304359,-2.567490,-3.567490,-1.567490,noise,sell_to_mm,-3.567490,3,-235.507280,-236.420355,0.090000,-236.510355
602,-0.506360,-3.877577,-4.877577,-2.877577,noise,none,0.000000,3,-235.507280,-237.026360,0.090000,-237.116360
603,-0.490835,1.776629,0.776629,2.776629,noise,none,0.000000,3,-235.507280,-236.979784,0.090000,-237.069784
604,0.192035,1.344867,0.344867,2.344867,noise,none,0.000000,3,-235.507280,-234.931173,0.090000,-235.021173
605,-1.499495,0.303582,-0.696418,1.303582,informed,sell_to_mm,-0.696418,4,-234.810861,-240.808840,0.160000,-240.968840
606,-0.821227,3.627059,2.627059,4.627059,noise,none,0.000000,4,-234.810861,-238.095769,0.160000,-238.255769
607,-0.805809,-0.395968,-1.395968,0.604032,informed,none,0.000000,4,-234.810861,-238.034096,0.160000,-238.194096
608,-0.754886,0.354299,-0.645701,1.354299,noise,none,0.000000,4,-234.810861,-237.830405,0.160000,-237.990405
609,-0.918838,-3.099591,-4.099591,-2.099591,noise,none,0.000000,4,-234.810861,-238.486214,0.160000,-238.646214
610,-2.523313,-4.493942,-5.493942,-3.493942,noise,buy_from_mm,-3.493942,3,-238.304803,-245.874741,0.090000,-245.964741
611,-2.475920,-2.587027,-3.587027,-1.587027,noise,none,0.000000,3,-238.304803,-245.732564,0.090000,-245.822564
612,-0.740926,1.322031,0.322031,2.322031,noise,none,0.000000,3,-238.304803,-240.527582,0.090000,-240.617582
613,-0.340940,1.039464,0.039464,2.039464,noise,buy_from_mm,2.039464,2,-236.265339,-236.947220,0.040000,-236.987220
614,-0.124491,-1.589845,-2.589845,-0.589845,noise,none,0.000000,2,-236.265339,-236.514321,0.040000,-236.554321
615,-0.607801,0.465151,-0.534849,1.465151,noise,none,0.000000,2,-236.265339,-237.480941,0.040000,-237.520941
616,-1.510054,-2.551316,-3.551316,-1.551316,informed,buy_from_mm,-1.551316,1,-237.816655,-239.326709,0.010000,-239.336709
617,-1.557238,-3.540579,-4.540579,-2.540579,noise,buy_from_mm,-2.540579,0,-240.357234,-240.357234,0.000000,-240.357234
618,-0.175996,-2.329323,-3.329323,-1.329323,noise,none,0.000000,0,-240.357234,-240.357234,0.000000,-240.357234
619,-0.314634,1.543319,0.543319,2.543319,informed,sell_to_mm,0.543319,1,-240.900552,-241.215187,0.010000,-241.225187
620,-0.023820,2.456029,1.456029,3.456029,noise,buy_from_mm,3.456029,0,-237.444523,-237.444523,0.000000,-237.444523
621,0.560395,0.724126,-0.275874,1.724126,noise,none,0.000000,0,-237.444523,-237.444523,0.000000,-237.444523
622,-1.168662,-2.489408,-3.489408,-1.489408,informed,buy_from_mm,-1.489408,-1,-238.933931,-237.765270,0.010000,-237.775270
623,-2.319029,-3.708356,-4.708356,-2.708356,informed,buy_from_mm,-2.708356,-2,-241.642287,-237.004230,0.040000,-237.044230
624,-1.362202,-1.366361,-2.366361,-0.366361,informed,none,0.000000,-2,-241.642287,-238.917884,0.040000,-238.957884
625,-1.055549,-3.589993,-4.589993,-2.589993,noise,none,0.000000,-2,-241.642287,-239.531190,0.040000,-239.571190
626,-0.192658,-0.046243,-1.046243,0.953757,informed,none,0.000000,-2,-241.642287,-241.256972,0.040000,-241.296972
627,-2.137332,-5.245294,-6.245294,-4.245294,informed,buy_from_mm,-4.245294,-3,-245.887582,-239.475586,0.090000,-239.565586
628,-3.583220,-3.688673,-4.688673,-2.688673,noise,none,0.000000,-3,-245.887582,-235.137922,0.090000,-235.227922
629,-3.112150,-1.531763,-2.531763,-0.531763,informed,sell_to_mm,-2.531763,-2,-243.355819,-237.131519,0.040000,-237.171519
630,-4.246212,-3.926183,-4.926183,-2.926183,noise,none,0.000000,-2,-243.355819,-234.863395,0.040000,-234.903395
631,-3.485170,-0.360703,-1.360703,0.639297,informed,sell_to_mm,-1.360703,-1,-241.995116,-238.509946,0.010000,-238.519946
632,-3.474904,-2.691392,-3.691392,-1.691392,informed,none,0.000000,-1,-241.995116,-238.520212,0.010000,-238.530212
633,-3.016965,-3.888298,-4.888298,-2.888298,informed,none,0.000000,-1,-241.995116,-238.978151,0.010000,-238.988151
634,-3.342664,-3.931455,-4.931455,-2.931455,noise,none,0.000000,-1,-241.995116,-238.652452,0.010000,-238.662452
635,-3.878406,-4.412652,-5.412652,-3.412652,noise,none,0.000000,-1,-241.995116,-238.116710,0.010000,-238.126710
636,-2.410751,-3.456913,-4.456913,-2.456913,informed,buy_from_mm,-2.456913,-2,-244.452029,-239.630527,0.040000,-239.670527
637,-2.924122,-2.909092,-3.909092,-1.909092,noise,sell_to_mm,-3.909092,-1,-240.542936,-237.618814,0.010000,-237.628814
638,-1.997768,-2.995348,-3.995348,-1.995348,noise,none,0.000000,-1,-240.542936,-238.545168,0.010000,-238.555168
639,-2.119065,-3.954575,-4.954575,-2.954575,noise,none,0.000000,-1,-240.542936,-238.423871,0.010000,-238.433871
640,-2.123476,-3.311771,-4.311771,-2.311771,informed,buy_from_mm,-2.311771,-2,-242.854707,-238.607754,0.040000,-238.647754
641,-1.767522,-0.458540,-1.458540,0.541460,informed,sell_to_mm,-1.458540,-1,-241.396167,-239.628645,0.010000,-239.638645
642,-1.258950,-0.502217,-1.502217,0.497783,noise,sell_to_mm,-1.502217,0,-239.893950,-239.893950,0.000000,-239.893950
643,-2.329648,-2.109978,-3.109978,-1.109978,noise,none,0.000000,0,-239.893950,-239.893950,0.000000,-239.893950
644,-2.500294,-0.332415,-1.332415,0.667585,noise,none,0.000000,0,-239.893950,-239.893950,0.000000,-239.893950
645,-3.336655,-5.603439,-6.603439,-4.603439,informed,buy_from_mm,-4.603439,-1,-244.497389,-241.160734,0.010000,-241.170734
646,-1.862785,-1.606063,-2.606063,-0.606063,noise,none,0.000000,-1,-244.497389,-242.634604,0.010000,-242.644604
647,-1.719648,-1.897742,-2.897742,-0.897742,informed,none,0.000000,-1,-244.497389,-242.777741,0.010000,-242.787741
648,-1.296648,-3.696457,-4.696457,-2.696457,noise,none,0.000000,-1,-244.497389,-243.200741,0.010000,-243.210741
649,-0.707667,0.288182,-0.711818,1.288182,noise,none,0.000000,-1,-244.497389,-243.789722,0.010000,-243.799722
650,-0.556539,-0.433873,-1.433873,0.566127,noise,none,0.000000,-1,-244.497389,-243.940850,0.010000,-243.950850
651,-1.502765,-3.967446,-4.967446,-2.967446,noise,none,0.000000,-1,-244.497389,-242.994624,0.010000,-243.004624
652,-1.781696,-0.172537,-1.172537,0.827463,noise,none,0.000000,-1,-244.497389,-242.715693,0.010000,-242.725693
653,-1.493336,-2.012668,-3.012668,-1.012668,noise,none,0.000000,-1,-244.497389,-243.004054,0.010000,-243.014054
654,-2.925598,-4.326956,-5.326956,-3.326956,noise,sell_to_mm,-5.326956,0,-239.170433,-239.170433,0.000000,-239.170433
655,-3.607846,-5.294883,-6.294883,-4.294883,informed,buy_from_mm,-4.294883,-1,-243.465317,-239.857471,0.010000,-239.867471
656,-3.361733,-1.838715,-2.838715,-0.838715,informed,sell_to_mm,-2.838715,0,-240.626601,-240.626601,0.000000,-240.626601
657,-5.134902,-4.421424,-5.421424,-3.421424,informed,none,0.000000,0,-240.626601,-240.626601,0.000000,-240.626601
658,-5.361432,-5.033622,-6.033622,-4.033622,informed,none,0.000000,0,-240.626601,-240.626601,0.000000,-240.626601
659,-3.624652,-2.559780,-3.559780,-1.559780,noise,none,0.000000,0,-240.626601,-240.626601,0.000000,-240.626601
660,-4.692467,-3.852685,-4.852685,-2.852685,noise,none,0.000000,0,-240.626601,-240.626601,0.000000,-240.626601
661,-4.748142,-5.636403,-6.636403,-4.636403,informed,none,0.000000,0,-240.626601,-240.626601,0.000000,-240.626601
662,-5.122367,-2.338503,-3.338503,-1.338503,noise,buy_from_mm,-1.338503,-1,-241.965104,-236.842737,0.010000,-236.852737
663,-3.471171,-3.338248,-4.338248,-2.338248,informed,none,0.000000,-1,-241.965104,-238.493933,0.010000,-238.503933
664,-3.700152,-2.768191,-3.768191,-1.768191,noise,sell_to_mm,-3.768191,0,-238.196914,-238.196914,0.000000,-238.196914
665,-3.789065,-4.312691,-5.312691,-3.312691,noise,none,0.000000,0,-238.196914,-238.196914,0.000000,-238.196914
666,-3.860249,-1.622902,-2.622902,-0.622902,noise,none,0.000000,0,-238.196914,-238.196914,0.000000,-238.196914
667,-4.153635,-5.718439,-6.718439,-4.718439,noise,sell_to_mm,-6.718439,1,-231.478474,-235.632109,0.010000,-235.642109
668,-5.448948,-6.550186,-7.550186,-5.550186,informed,buy_from_mm,-5.550186,0,-237.028660,-237.028660,0.000000,-237.028660
669,-6.244834,-4.910095,-5.910095,-3.910095,informed,sell_to_mm,-5.910095,1,-231.118565,-237.363399,0.010000,-237.373399
670,-6.813526,-4.635798,-5.635798,-3.635798,informed,sell_to_mm,-5.635798,2,-225.482767,-239.109819,0.040000,-239.149819
671,-5.334632,-7.597305,-8.597305,-6.597305,informed,buy_from_mm,-6.597305,1,-232.080072,-237.414704,0.010000,-237.424704
672,-4.038732,-4.907437,-5.907437,-3.907437,noise,sell_to_mm,-5.907437,2,-226.172635,-234.250099,0.040000,-234.290099
673,-4.047006,-4.066860,-5.066860,-3.066860,noise,none,0.000000,2,-226.172635,-234.266648,0.040000,-234.306648
674,-3.760882,-2.098057,-3.098057,-1.098057,noise,none,0.000000,2,-226.172635,-233.694399,0.040000,-233.734399
675,-4.679633,-5.309805,-6.309805,-4.309805,noise,none,0.000000,2,-226.172635,-235.531902,0.040000,-235.571902
676,-4.743569,-5.284956,-6.284956,-4.284956,informed,none,0.000000,2,-226.172635,-235.659774,0.040000,-235.699774
677,-6.626606,-6.145990,-7.145990,-5.145990,noise,none,0.000000,2,-226.172635,-239.425848,0.040000,-239.465848
678,-6.856134,-7.040025,-8.040025,-6.040025,noise,none,0.000000,2,-226.172635,-239.884904,0.040000,-239.924904
679,-6.875279,-9.014335,-10.014335,-8.014335,noise,buy_from_mm,-8.014335,1,-234.186970,-241.062249,0.010000,-241.072249
680,-6.384582,-6.811004,-7.811004,-5.811004,noise,none,0.000000,1,-234.186970,-240.571552,0.010000,-240.581552
681,-5.677711,-3.416633,-4.416633,-2.416633,informed,sell_to_mm,-4.416633,2,-229.770338,-241.125760,0.040000,-241.165760
682,-5.332300,-4.169030,-5.169030,-3.169030,noise,none,0.000000,2,-229.770338,-240.434939,0.040000,-240.474939
683,-6.497499,-6.763199,-7.763199,-5.763199,noise,sell_to_mm,-7.763199,3,-222.007139,-241.499636,0.090000,-241.589636
684,-7.818320,-8.878566,-9.878566,-7.878566,informed,buy_from_mm,-7.878566,2,-229.885705,-245.522344,0.040000,-245.562344
685,-6.445304,-7.448751,-8.448751,-6.448751,noise,none,0.000000,2,-229.885705,-242.776312,0.040000,-242.816312
686,-6.154403,-5.765006,-6.765006,-4.765006,informed,none,0.000000,2,-229.885705,-242.194510,0.040000,-242.234510
687,-5.791196,-4.243013,-5.243013,-3.243013,informed,sell_to_mm,-5.243013,3,-224.642691,-242.016280,0.090000,-242.106280
688,-4.351918,-4.744208,-5.744208,-3.744208,informed,none,0.000000,3,-224.642691,-237.698444,0.090000,-237.788444
689,-3.836410,-4.259833,-5.259833,-3.259833,noise,none,0.000000,3,-224.642691,-236.151920,0.090000,-236.241920
690,-3.119940,-5.927543,-6.927543,-4.927543,noise,none,0.000000,3,-224.642691,-234.002511,0.090000,-234.092511
691,-2.882479,-4.110178,-5.110178,-3.110178,noise,sell_to_mm,-5.110178,4,-219.532513,-231.062427,0.160000,-231.222427
692,-2.640908,-3.808010,-4.808010,-2.808010,noise,buy_from_mm,-2.808010,3,-222.340523,-230.263246,0.090000,-230.353246
693,-2.909040,-4.655776,-5.655776,-3.655776,informed,buy_from_mm,-3.655776,2,-225.996299,-231.814380,0.040000,-231.854380
694,-2.681569,-1.944022,-2.944022,-0.944022,informed,none,0.000000,2,-225.996299,-231.359437,0.040000,-231.399437
695,-2.775581,-5.686383,-6.686383,-4.686383,noise,none,0.000000,2,-225.996299,-231.547460,0.040000,-231.587460
696,-3.173281,-2.188685,-3.188685,-1.188685,informed,none,0.000000,2,-225.996299,-232.342861,0.040000,-232.382861
697,-4.083768,-3.554926,-4.554926,-2.554926,noise,sell_to_mm,-4.554926,3,-221.441373,-233.692678,0.090000,-233.782678
698,-4.193183,-6.003428,-7.003428,-5.003428,noise,sell_to_mm,-7.003428,4,-214.437946,-231.210677,0.160000,-231.370677
699,-3.397291,-1.495501,-2.495501,-0.495501,noise,none,0.000000,4,-214.437946,-228.027109,0.160000,-228.187109
700,-3.644639,-1.661612,-2.661612,-0.661612,informed,sell_to_mm,-2.661612,5,-211.776333,-229.999528,0.250000,-230.249528
701,-3.998397,-4.184125,-5.184125,-3.184125,informed,none,0.000000,5,-211.776333,-231.768317,0.250000,-232.018317
702,-5.718469,-7.458938,-8.458938,-6.458938,noise,none,0.000000,5,-211.776333,-240.368681,0.250000,-240.618681
703,-5.980665,-10.016079,-11.016079,-9.016079,informed,buy_from_mm,-9.016079,4,-220.792413,-244.715072,0.160000,-244.875072
704,-5.766728,-4.053735,-5.053735,-3.053735,informed,sell_to_mm,-5.053735,5,-215.738678,-244.572319,0.250000,-244.822319
705,-5.327342,-6.113438,-7.113438,-5.113438,informed,none,0.000000,5,-215.738678,-242.375387,0.250000,-242.625387
706,-6.571829,-8.216544,-9.216544,-7.216544,noise,none,0.000000,5,-215.738678,-248.597824,0.250000,-248.847824
707,-7.637649,-10.213047,-11.213047,-9.213047,informed,buy_from_mm,-9.213047,4,-224.951725,-255.502319,0.160000,-255.662319
708,-9.802958,-10.374894,-11.374894,-9.374894,noise,buy_from_mm,-9.374894,3,-234.326618,-263.735492,0.090000,-263.825492
709,-9.136318,-11.700924,-12.700924,-10.700924,noise,sell_to_mm,-12.700924,4,-221.625694,-258.170966,0.160000,-258.330966
710,-8.987046,-8.509206,-9.509206,-7.509206,noise,none,0.000000,4,-221.625694,-257.573879,0.160000,-257.733879
711,-9.417767,-8.933472,-9.933472,-7.933472,noise,buy_from_mm,-7.933472,3,-229.559166,-257.812468,0.090000,-257.902468
712,-9.605119,-13.981247,-14.981247,-12.981247,noise,buy_from_mm,-12.981247,2,-242.540413,-261.750651,0.040000,-261.790651
713,-9.568717,-7.916874,-8.916874,-6.916874,noise,buy_from_mm,-6.916874,1,-249.457287,-259.026004,0.010000,-259.036004
714,-8.228010,-9.967421,-10.967421,-8.967421,informed,buy_from_mm,-8.967421,0,-258.424708,-258.424708,0.000000,-258.424708
715,-7.370366,-8.454991,-9.454991,-7.454991,noise,sell_to_mm,-9.454991,1,-248.969717,-256.340083,0.010000,-256.350083
716,-5.945603,-8.562191,-9.562191,-7.562191,noise,buy_from_mm,-7.562191,0,-256.531908,-256.531908,0.000000,-256.531908
717,-6.537065,-6.537018,-7.537018,-5.537018,informed,none,0.000000,0,-256.531908,-256.531908,0.000000,-256.531908
718,-5.798176,-7.003612,-8.003612,-6.003612,noise,none,0.000000,0,-256.531908,-256.531908,0.000000,-256.531908
719,-6.456402,-6.939020,-7.939020,-5.939020,informed,none,0.000000,0,-256.531908,-256.531908,0.000000,-256.531908
720,-5.173848,-2.473531,-3.473531,-1.473531,informed,sell_to_mm,-3.473531,1,-253.058377,-258.232224,0.010000,-258.242224
721,-6.435318,-10.344306,-11.344306,-9.344306,informed,buy_from_mm,-9.344306,0,-262.402682,-262.402682,0.000000,-262.402682
722,-6.860762,-9.709798,-10.709798,-8.709798,noise,none,0.000000,0,-262.402682,-262.402682,0.000000,-262.402682
723,-4.981320,-2.654100,-3.654100,-1.654100,informed,sell_to_mm,-3.654100,1,-258.748582,-263.729902,0.010000,-263.739902
724,-4.765399,-3.619172,-4.619172,-2.619172,noise,none,0.000000,1,-258.748582,-263.513980,0.010000,-263.523980
725,-3.819152,-4.202546,-5.202546,-3.202546,noise,sell_to_mm,-5.202546,2,-253.546036,-261.184339,0.040000,-261.224339
726,-5.755761,-8.713109,-9.713109,-7.713109,noise,sell_to_mm,-9.713109,3,-243.832926,-261.100209,0.090000,-261.190209
727,-4.197914,-3.261683,-4.261683,-2.261683,informed,none,0.000000,3,-243.832926,-256.426667,0.090000,-256.516667
728,-5.253824,-5.500901,-6.500901,-4.500901,noise,none,0.000000,3,-243.832926,-259.594398,0.090000,-259.684398
729,-4.232306,-7.815483,-8.815483,-6.815483,informed,buy_from_mm,-6.815483,2,-250.648410,-259.113022,0.040000,-259.153022
730,-4.618245,-9.137266,-10.137266,-8.137266,informed,buy_from_mm,-8.137266,1,-258.785676,-263.403920,0.010000,-263.413920
731,-4.593287,-5.127774,-6.127774,-4.127774,noise,none,0.000000,1,-258.785676,-263.378963,0.010000,-263.388963
732,-4.664838,-7.214998,-8.214998,-6.214998,noise,sell_to_mm,-8.214998,2,-250.570677,-259.900353,0.040000,-259.940353
733,-4.972351,-6.479322,-7.479322,-5.479322,noise,none,0.000000,2,-250.570677,-260.515380,0.040000,-260.555380
734,-5.876427,-4.108339,-5.108339,-3.108339,noise,none,0.000000,2,-250.570677,-262.323532,0.040000,-262.363532
735,-8.005000,-7.215846,-8.215846,-6.215846,informed,none,0.000000,2,-250.570677,-266.580678,0.040000,-266.620678
736,-8.090137,-11.394920,-12.394920,-10.394920,informed,buy_from_mm,-10.394920,1,-260.965598,-269.055735,0.010000,-269.065735
737,-7.754128,-4.274616,-5.274616,-3.274616,noise,none,0.000000,1,-260.965598,-268.719726,0.010000,-268.729726
738,-8.518885,-10.580393,-11.580393,-9.580393,noise,none,0.000000,1,-260.965598,-269.484483,0.010000,-269.494483
739,-9.620105,-13.763431,-14.763431,-12.763431,noise,none,0.000000,1,-260.965598,-270.585702,0.010000,-270.595702
740,-9.455990,-10.010309,-11.010309,-9.010309,informed,none,0.000000,1,-260.965598,-270.421587,0.010000,-270.431587
741,-8.812924,-9.355926,-10.355926,-8.355926,noise,none,0.000000,1,-260.965598,-269.778521,0.010000,-269.788521
742,-10.100086,-10.899648,-11.899648,-9.899648,noise,none,0.000000,1,-260.965598,-271.065684,0.010000,-271.075684
743,-10.376917,-13.413006,-14.413006,-12.413006,noise,sell_to_mm,-14.413006,2,-246.552592,-267.306426,0.040000,-267.346426
744,-10.274675,-10.301930,-11.301930,-9.301930,noise,none,0.000000,2,-246.552592,-267.101942,0.040000,-267.141942
745,-9.763862,-3.236790,-4.236790,-2.236790,noise,none,0.000000,2,-246.552592,-266.080315,0.040000,-266.120315
746,-11.988743,-13.557783,-14.557783,-12.557783,noise,sell_to_mm,-14.557783,3,-231.994809,-267.961037,0.090000,-268.051037
747,-13.830393,-15.962157,-16.962157,-14.962157,informed,buy_from_mm,-14.962157,2,-246.956966,-274.617753,0.040000,-274.657753
748,-12.550993,-15.953418,-16.953418,-14.953418,informed,buy_from_mm,-14.953418,1,-261.910384,-274.461377,0.010000,-274.471377
749,-12.375794,-14.762582,-15.762582,-13.762582,noise,none,0.000000,1,-261.910384,-274.286178,0.010000,-274.296178
750,-12.248651,-10.105401,-11.105401,-9.105401,noise,none,0.000000,1,-261.910384,-274.159035,0.010000,-274.169035
751,-13.064933,-14.188833,-15.188833,-13.188833,informed,buy_from_mm,-13.188833,0,-275.099217,-275.099217,0.000000,-275.099217
752,-12.138516,-12.349214,-13.349214,-11.349214,informed,none,0.000000,0,-275.099217,-275.099217,0.000000,-275.099217
753,-13.782026,-10.562934,-11.562934,-9.562934,noise,buy_from_mm,-9.562934,-1,-284.662151,-270.880125,0.010000,-270.890125
754,-13.655877,-12.549147,-13.549147,-11.549147,noise,buy_from_mm,-11.549147,-2,-296.211298,-268.899544,0.040000,-268.939544
755,-13.974473,-13.396194,-14.396194,-12.396194,noise,buy_from_mm,-12.396194,-3,-308.607492,-266.684073,0.090000,-266.774073
756,-12.162309,-12.634401,-13.634401,-11.634401,noise,none,0.000000,-3,-308.607492,-272.120565,0.090000,-272.210565
757,-11.896318,-16.187523,-17.187523,-15.187523,noise,sell_to_mm,-17.187523,-2,-291.419969,-267.627334,0.040000,-267.667334
758,-13.772074,-16.073336,-17.073336,-15.073336,informed,buy_from_mm,-15.073336,-3,-306.493305,-265.177083,0.090000,-265.267083
759,-13.539047,-14.213208,-15.213208,-13.213208,noise,sell_to_mm,-15.213208,-2,-291.280097,-264.202003,0.040000,-264.242003
760,-12.801510,-12.519197,-13.519197,-11.519197,noise,buy_from_mm,-11.519197,-3,-302.799294,-264.394764,0.090000,-264.484764
761,-11.318604,-8.641384,-9.641384,-7.641384,noise,none,0.000000,-3,-302.799294,-268.843483,0.090000,-268.933483
762,-10.943546,-11.155116,-12.155116,-10.155116,informed,none,0.000000,-3,-302.799294,-269.968656,0.090000,-270.058656
763,-10.128057,-9.888816,-10.888816,-8.888816,informed,none,0.000000,-3,-302.799294,-272.415123,0.090000,-272.505123
764,-9.178779,-8.789761,-9.789761,-7.789761,noise,none,0.000000,-3,-302.799294,-275.262957,0.090000,-275.352957
765,-9.519573,-8.593458,-9.593458,-7.593458,noise,sell_to_mm,-9.593458,-2,-293.205836,-274.166690,0.040000,-274.206690
766,-11.363455,-13.734312,-14.734312,-12.734312,informed,buy_from_mm,-12.734312,-3,-305.940148,-271.849783,0.090000,-271.939783
767,-10.935252,-10.729181,-11.729181,-9.729181,informed,none,0.000000,-3,-305.940148,-273.134392,0.090000,-273.224392
768,-9.555327,-9.945622,-10.945622,-8.945622,noise,none,0.000000,-3,-305.940148,-277.274166,0.090000,-277.364166
769,-9.507298,-10.372697,-11.372697,-9.372697,noise,none,0.000000,-3,-305.940148,-277.418253,0.090000,-277.508253
770,-9.253150,-9.018591,-10.018591,-8.018591,informed,none,0.000000,-3,-305.940148,-278.180698,0.090000,-278.270698
771,-9.199820,-10.007759,-11.007759,-9.007759,noise,buy_from_mm,-9.007759,-4,-314.947907,-278.148628,0.160000,-278.308628
772,-10.239343,-10.121965,-11.121965,-9.121965,informed,none,0.000000,-4,-314.947907,-273.990534,0.160000,-274.150534
773,-10.044404,-12.791406,-13.791406,-11.791406,noise,none,0.000000,-4,-314.947907,-274.770291,0.160000,-274.930291
774,-9.581288,-10.319376,-11.319376,-9.319376,informed,none,0.000000,-4,-314.947907,-276.622756,0.160000,-276.782756
775,-8.793542,-6.868290,-7.868290,-5.868290,informed,sell_to_mm,-7.868290,-3,-307.079617,-280.698992,0.090000,-280.788992
776,-9.649159,-9.056336,-10.056336,-8.056336,informed,none,0.000000,-3,-307.079617,-278.132140,0.090000,-278.222140
777,-11.098971,-13.457781,-14.457781,-12.457781,noise,buy_from_mm,-12.457781,-4,-319.537398,-275.141512,0.160000,-275.301512
778,-9.964331,-6.967887,-7.967887,-5.967887,noise,buy_from_mm,-5.967887,-5,-325.505284,-275.683632,0.250000,-275.933632
779,-12.137268,-11.684181,-12.684181,-10.684181,informed,none,0.000000,-5,-325.505284,-264.818944,0.250000,-265.068944
780,-12.016924,-11.929743,-12.929743,-10.929743,noise,none,0.000000,-5,-325.505284,-265.420664,0.250000,-265.670664
781,-11.529096,-9.135896,-10.135896,-8.135896,informed,sell_to_mm,-10.135896,-4,-315.369389,-269.253006,0.160000,-269.413006
782,-13.456667,-13.568937,-14.568937,-12.568937,noise,sell_to_mm,-14.568937,-3,-300.800451,-260.430451,0.090000,-260.520451
783,-12.842108,-11.739543,-12.739543,-10.739543,informed,sell_to_mm,-12.739543,-2,-288.060908,-262.376691,0.040000,-262.416691
784,-13.208740,-14.404984,-15.404984,-13.404984,informed,buy_from_mm,-13.404984,-3,-301.465892,-261.839672,0.090000,-261.929672
785,-14.370296,-13.127982,-14.127982,-12.127982,noise,none,0.000000,-3,-301.465892,-258.355005,0.090000,-258.445005
786,-13.714578,-10.827713,-11.827713,-9.827713,informed,sell_to_mm,-11.827713,-2,-289.638180,-262.209024,0.040000,-262.249024
787,-13.666602,-12.024005,-13.024005,-11.024005,informed,sell_to_mm,-13.024005,-1,-276.614175,-262.947573,0.010000,-262.957573
788,-13.876314,-13.062394,-14.062394,-12.062394,informed,none,0.000000,-1,-276.614175,-262.737861,0.010000,-262.747861
789,-13.967980,-15.659049,-16.659049,-14.659049,informed,buy_from_mm,-14.659049,-2,-291.273224,-263.337263,0.040000,-263.377263
790,-13.177058,-12.774039,-13.774039,-11.774039,informed,none,0.000000,-2,-291.273224,-264.919107,0.040000,-264.959107
791,-13.029396,-12.876386,-13.876386,-11.876386,noise,none,0.000000,-2,-291.273224,-265.214432,0.040000,-265.254432
792,-12.312009,-10.181959,-11.181959,-9.181959,noise,none,0.000000,-2,-291.273224,-266.649207,0.040000,-266.689207
793,-11.897312,-10.804390,-11.804390,-9.804390,noise,none,0.000000,-2,-291.273224,-267.478599,0.040000,-267.518599
794,-12.940491,-10.210723,-11.210723,-9.210723,noise,none,0.000000,-2,-291.273224,-265.392241,0.040000,-265.432241
795,-11.811836,-11.182959,-12.182959,-10.182959,noise,none,0.000000,-2,-291.273224,-267.649553,0.040000,-267.689553
796,-12.555344,-10.781743,-11.781743,-9.781743,informed,sell_to_mm,-11.781743,-1,-279.491481,-266.936136,0.010000,-266.946136
797,-14.416420,-14.928319,-15.928319,-13.928319,noise,none,0.000000,-1,-279.491481,-265.075061,0.010000,-265.085061
798,-15.303498,-15.454129,-16.454129,-14.454129,informed,none,0.000000,-1,-279.491481,-264.187982,0.010000,-264.197982
799,-17.246398,-15.673116,-16.673116,-14.673116,informed,sell_to_mm,-16.673116,0,-262.818365,-262.818365,0.000000,-262.818365
800,-18.449986,-19.065887,-20.065887,-18.065887,informed,none,0.000000,0,-262.818365,-262.818365,0.000000,-262.818365
801,-18.197569,-19.659189,-20.659189,-18.659189,noise,sell_to_mm,-20.659189,1,-242.159175,-260.356744,0.010000,-260.366744
802,-17.493832,-19.074190,-20.074190,-18.074190,informed,buy_from_mm,-18.074190,0,-260.233365,-260.233365,0.000000,-260.233365
803,-17.007434,-17.969988,-18.969988,-16.969988,noise,buy_from_mm,-16.969988,-1,-277.203354,-260.195920,0.010000,-260.205920
804,-17.052456,-14.044092,-15.044092,-13.044092,noise,none,0.000000,-1,-277.203354,-260.150898,0.010000,-260.160898
805,-18.665048,-21.900837,-22.900837,-20.900837,informed,buy_from_mm,-20.900837,-2,-298.104190,-260.774094,0.040000,-260.814094
806,-17.873992,-18.267484,-19.267484,-17.267484,informed,none,0.000000,-2,-298.104190,-262.356207,0.040000,-262.396207
807,-18.252797,-14.786766,-15.786766,-13.786766,informed,sell_to_mm,-15.786766,-1,-282.317425,-264.064628,0.010000,-264.074628
808,-17.795880,-18.383160,-19.383160,-17.383160,informed,none,0.000000,-1,-282.317425,-264.521544,0.010000,-264.531544
809,-17.850591,-15.966734,-16.966734,-14.966734,noise,buy_from_mm,-14.966734,-2,-297.284159,-261.582978,0.040000,-261.622978
810,-18.224261,-19.104514,-20.104514,-18.104514,noise,none,0.000000,-2,-297.284159,-260.835638,0.040000,-260.875638
811,-18.900132,-20.533035,-21.533035,-19.533035,noise,sell_to_mm,-21.533035,-1,-275.751124,-256.850992,0.010000,-256.860992
812,-17.570590,-19.171767,-20.171767,-18.171767,noise,none,0.000000,-1,-275.751124,-258.180533,0.010000,-258.190533
813,-17.393322,-15.213666,-16.213666,-14.213666,informed,sell_to_mm,-16.213666,0,-259.537457,-259.537457,0.000000,-259.537457
814,-16.319419,-21.681644,-22.681644,-20.681644,informed,buy_from_mm,-20.681644,-1,-280.219101,-263.899682,0.010000,-263.909682
815,-17.771266,-17.815399,-18.815399,-16.815399,noise,none,0.000000,-1,-280.219101,-262.447835,0.010000,-262.457835
816,-16.898523,-16.724486,-17.724486,-15.724486,noise,none,0.000000,-1,-280.219101,-263.320578,0.010000,-263.330578
817,-16.483175,-21.012892,-22.012892,-20.012892,noise,none,0.000000,-1,-280.219101,-263.735926,0.010000,-263.745926
818,-16.289742,-15.968884,-16.968884,-14.968884,noise,buy_from_mm,-14.968884,-2,-295.187985,-262.608501,0.040000,-262.648501
819,-17.243025,-17.924270,-18.924270,-16.924270,informed,none,0.000000,-2,-295.187985,-260.701934,0.040000,-260.741934
820,-16.965067,-20.445832,-21.445832,-19.445832,noise,buy_from_mm,-19.445832,-3,-314.633817,-263.738617,0.090000,-263.828617
821,-16.094520,-18.814932,-19.814932,-17.814932,informed,buy_from_mm,-17.814932,-4,-332.448749,-268.070670,0.160000,-268.230670
822,-17.309757,-14.250295,-15.250295,-13.250295,informed,sell_to_mm,-15.250295,-3,-317.198454,-265.269183,0.090000,-265.359183
823,-18.471803,-22.673419,-23.673419,-21.673419,informed,buy_from_mm,-21.673419,-4,-338.871873,-264.984660,0.160000,-265.144660
824,-18.035860,-20.958173,-21.958173,-19.958173,informed,buy_from_mm,-19.958173,-5,-358.830046,-268.650746,0.250000,-268.900746
825,-17.692091,-16.840253,-17.840253,-15.840253,noise,sell_to_mm,-17.840253,-4,-340.989793,-270.221427,0.160000,-270.381427
826,-16.076362,-12.656850,-13.656850,-11.656850,noise,none,0.000000,-4,-340.989793,-276.684344,0.160000,-276.844344
827,-16.441571,-18.716212,-19.716212,-17.716212,noise,sell_to_mm,-19.716212,-3,-321.273581,-271.948867,0.090000,-272.038867
828,-16.781004,-16.564004,-17.564004,-15.564004,informed,none,0.000000,-3,-321.273581,-270.930571,0.090000,-271.020571
829,-18.460683,-19.145725,-20.145725,-18.145725,informed,none,0.000000,-3,-321.273581,-265.891531,0.090000,-265.981531
830,-20.443301,-18.978216,-19.978216,-17.978216,noise,none,0.000000,-3,-321.273581,-259.943680,0.090000,-260.033680
831,-21.590585,-21.249069,-22.249069,-20.249069,informed,none,0.000000,-3,-321.273581,-256.501826,0.090000,-256.591826
832,-21.335947,-19.012678,-20.012678,-18.012678,noise,none,0.000000,-3,-321.273581,-257.265741,0.090000,-257.355741
833,-22.993321,-23.063687,-24.063687,-22.063687,informed,none,0.000000,-3,-321.273581,-252.293619,0.090000,-252.383619
834,-23.476705,-21.943753,-22.943753,-20.943753,noise,none,0.000000,-3,-321.273581,-250.843466,0.090000,-250.933466
835,-22.951096,-25.801015,-26.801015,-24.801015,noise,none,0.000000,-3,-321.273581,-252.420295,0.090000,-252.510295
836,-22.959360,-25.544346,-26.544346,-24.544346,noise,none,0.000000,-3,-321.273581,-252.395502,0.090000,-252.485502
837,-25.104684,-24.193756,-25.193756,-23.193756,noise,none,0.000000,-3,-321.273581,-245.959530,0.090000,-246.049530
838,-25.044370,-25.944093,-26.944093,-24.944093,noise,none,0.000000,-3,-321.273581,-246.140473,0.090000,-246.230473
839,-26.838467,-24.256722,-25.256722,-23.256722,informed,sell_to_mm,-25.256722,-2,-296.016859,-242.339925,0.040000,-242.379925
840,-26.618868,-26.106948,-27.106948,-25.106948,informed,none,0.000000,-2,-296.016859,-242.779124,0.040000,-242.819124
841,-27.779652,-29.022197,-30.022197,-28.022197,noise,sell_to_mm,-30.022197,-1,-265.994662,-238.215010,0.010000,-238.225010
842,-28.412312,-27.090708,-28.090708,-26.090708,noise,none,0.000000,-1,-265.994662,-237.582350,0.010000,-237.592350
843,-28.496947,-27.838217,-28.838217,-26.838217,informed,none,0.000000,-1,-265.994662,-237.497715,0.010000,-237.507715
844,-27.671573,-28.808004,-29.808004,-27.808004,noise,sell_to_mm,-29.808004,0,-236.186658,-236.186658,0.000000,-236.186658
845,-27.596967,-25.337124,-26.337124,-24.337124,informed,sell_to_mm,-26.337124,1,-209.849534,-237.446501,0.010000,-237.456501
846,-29.254283,-29.559963,-30.559963,-28.559963,informed,none,0.000000,1,-209.849534,-239.103817,0.010000,-239.113817
847,-28.240335,-27.635012,-28.635012,-26.635012,noise,sell_to_mm,-28.635012,2,-181.214522,-237.695193,0.040000,-237.735193
848,-29.513730,-29.713885,-30.713885,-28.713885,informed,none,0.000000,2,-181.214522,-240.241983,0.040000,-240.281983
849,-30.712453,-27.564515,-28.564515,-26.564515,noise,buy_from_mm,-26.564515,1,-207.779038,-238.491491,0.010000,-238.501491
850,-31.394430,-31.485154,-32.485154,-30.485154,informed,none,0.000000,1,-207.779038,-239.173468,0.010000,-239.183468
851,-29.873771,-29.632367,-30.632367,-28.632367,noise,sell_to_mm,-30.632367,2,-177.146670,-236.894213,0.040000,-236.934213
852,-30.702088,-30.939689,-31.939689,-29.939689,informed,none,0.000000,2,-177.146670,-238.550847,0.040000,-238.590847
853,-30.122601,-27.640686,-28.640686,-26.640686,noise,none,0.000000,2,-177.146670,-237.391872,0.040000,-237.431872
854,-30.699040,-31.874219,-32.874219,-30.874219,noise,none,0.000000,2,-177.146670,-238.544751,0.040000,-238.584751
855,-29.813887,-29.911446,-30.911446,-28.911446,noise,buy_from_mm,-28.911446,1,-206.058116,-235.872003,0.010000,-235.882003
856,-29.729377,-29.143475,-30.143475,-28.143475,informed,none,0.000000,1,-206.058116,-235.787493,0.010000,-235.797493
857,-29.748278,-29.431703,-30.431703,-28.431703,noise,none,0.000000,1,-206.058116,-235.806394,0.010000,-235.816394
858,-29.244015,-32.192264,-33.192264,-31.192264,noise,none,0.000000,1,-206.058116,-235.302131,0.010000,-235.312131
859,-31.120451,-28.748063,-29.748063,-27.748063,informed,sell_to_mm,-29.748063,2,-176.310053,-238.550956,0.040000,-238.590956
860,-31.792105,-31.787523,-32.787523,-30.787523,informed,none,0.000000,2,-176.310053,-239.894264,0.040000,-239.934264
861,-32.616217,-34.118047,-35.118047,-33.118047,noise,none,0.000000,2,-176.310053,-241.542488,0.040000,-241.582488
862,-32.739358,-33.120946,-34.120946,-32.120946,noise,buy_from_mm,-32.120946,1,-208.431000,-241.170358,0.010000,-241.180358
863,-32.588367,-33.415443,-34.415443,-32.415443,noise,none,0.000000,1,-208.431000,-241.019367,0.010000,-241.029367
864,-32.682385,-37.777177,-38.777177,-36.777177,informed,buy_from_mm,-36.777177,0,-245.208177,-245.208177,0.000000,-245.208177
865,-34.033441,-33.369375,-34.369375,-32.369375,noise,none,0.000000,0,-245.208177,-245.208177,0.000000,-245.208177
866,-33.919627,-33.540752,-34.540752,-32.540752,noise,none,0.000000,0,-245.208177,-245.208177,0.000000,-245.208177
867,-34.159197,-37.108991,-38.108991,-36.108991,informed,buy_from_mm,-36.108991,-1,-281.317168,-247.157970,0.010000,-247.167970
868,-32.163610,-29.336085,-30.336085,-28.336085,informed,sell_to_mm,-30.336085,0,-250.981083,-250.981083,0.000000,-250.981083
869,-32.576988,-33.021082,-34.021082,-32.021082,noise,none,0.000000,0,-250.981083,-250.981083,0.000000,-250.981083
870,-32.946820,-33.723966,-34.723966,-32.723966,informed,none,0.000000,0,-250.981083,-250.981083,0.000000,-250.981083
871,-33.920825,-34.522583,-35.522583,-33.522583,noise,buy_from_mm,-33.522583,-1,-284.503666,-250.582841,0.010000,-250.592841
872,-32.486942,-32.340715,-33.340715,-31.340715,informed,none,0.000000,-1,-284.503666,-252.016724,0.010000,-252.026724
873,-33.395212,-28.439699,-29.439699,-27.439699,noise,none,0.000000,-1,-284.503666,-251.108454,0.010000,-251.118454
874,-32.679654,-30.412208,-31.412208,-29.412208,informed,sell_to_mm,-31.412208,0,-253.091458,-253.091458,0.000000,-253.091458
875,-32.199387,-30.632418,-31.632418,-29.632418,informed,sell_to_mm,-31.632418,1,-221.459040,-253.658427,0.010000,-253.668427
876,-31.017518,-28.981367,-29.981367,-27.981367,noise,sell_to_mm,-29.981367,2,-191.477673,-253.512708,0.040000,-253.552708
877,-31.652881,-28.982619,-29.982619,-27.982619,noise,none,0.000000,2,-191.477673,-254.783435,0.040000,-254.823435
878,-31.147946,-28.821318,-29.821318,-27.821318,noise,none,0.000000,2,-191.477673,-253.773564,0.040000,-253.813564
879,-31.820895,-33.877686,-34.877686,-32.877686,informed,buy_from_mm,-32.877686,1,-224.355358,-256.176253,0.010000,-256.186253
880,-33.212775,-34.365503,-35.365503,-33.365503,noise,none,0.000000,1,-224.355358,-257.568134,0.010000,-257.578134
881,-34.200750,-34.397281,-35.397281,-33.397281,noise,none,0.000000,1,-224.355358,-258.556108,0.010000,-258.566108
882,-35.893989,-33.602084,-34.602084,-32.602084,noise,sell_to_mm,-34.602084,2,-189.753274,-261.541252,0.040000,-261.581252
883,-36.080109,-37.240025,-38.240025,-36.240025,noise,sell_to_mm,-38.240025,3,-151.513248,-259.753576,0.090000,-259.843576
884,-36.009109,-40.042076,-41.042076,-39.042076,informed,buy_from_mm,-39.042076,2,-190.555324,-262.573543,0.040000,-262.613543
885,-36.937935,-36.631646,-37.631646,-35.631646,noise,none,0.000000,2,-190.555324,-264.431193,0.040000,-264.471193
886,-36.483039,-39.636784,-40.636784,-38.636784,noise,none,0.000000,2,-190.555324,-263.521402,0.040000,-263.561402
887,-36.542997,-33.944735,-34.944735,-32.944735,noise,none,0.000000,2,-190.555324,-263.641318,0.040000,-263.681318
888,-38.221935,-33.558066,-34.558066,-32.558066,informed,sell_to_mm,-34.558066,3,-155.997258,-270.663063,0.090000,-270.753063
889,-37.812666,-36.586998,-37.586998,-35.586998,noise,none,0.000000,3,-155.997258,-269.435255,0.090000,-269.525255
890,-38.938133,-40.570499,-41.570499,-39.570499,noise,none,0.000000,3,-155.997258,-272.811656,0.090000,-272.901656
891,-40.269492,-41.627501,-42.627501,-40.627501,informed,buy_from_mm,-40.627501,2,-196.624759,-277.163744,0.040000,-277.203744
892,-38.320281,-38.074287,-39.074287,-37.074287,noise,sell_to_mm,-39.074287,3,-157.550473,-272.511315,0.090000,-272.601315
893,-40.335152,-40.726202,-41.726202,-39.726202,noise,none,0.000000,3,-157.550473,-278.555929,0.090000,-278.645929
894,-39.782765,-41.092118,-42.092118,-40.092118,noise,none,0.000000,3,-157.550473,-276.898768,0.090000,-276.988768
895,-39.444439,-37.552577,-38.552577,-36.552577,noise,sell_to_mm,-38.552577,4,-118.997895,-276.775653,0.160000,-276.935653
896,-40.152789,-38.091461,-39.091461,-37.091461,noise,none,0.000000,4,-118.997895,-279.609051,0.160000,-279.769051
897,-39.377440,-37.009043,-38.009043,-36.009043,informed,sell_to_mm,-38.009043,5,-80.988853,-277.876054,0.250000,-278.126054
898,-39.231952,-37.622928,-38.622928,-36.622928,informed,sell_to_mm,-38.622928,6,-42.365924,-277.757634,0.360000,-278.117634
899,-38.619672,-41.589595,-42.589595,-40.589595,noise,buy_from_mm,-40.589595,5,-82.955519,-276.053880,0.250000,-276.303880
900,-37.965841,-37.378681,-38.378681,-36.378681,noise,none,0.000000,5,-82.955519,-272.784724,0.250000,-273.034724
901,-38.911407,-37.595837,-38.595837,-36.595837,informed,sell_to_mm,-38.595837,6,-44.359681,-277.828121,0.360000,-278.188121
902,-38.763372,-38.313380,-39.313380,-37.313380,noise,none,0.000000,6,-44.359681,-276.939911,0.360000,-277.299911
903,-38.781955,-40.044462,-41.044462,-39.044462,noise,none,0.000000,6,-44.359681,-277.051412,0.360000,-277.411412
904,-38.781661,-39.881641,-40.881641,-38.881641,informed,buy_from_mm,-38.881641,5,-83.241322,-277.149626,0.250000,-277.399626
905,-38.472515,-38.676447,-39.676447,-37.676447,informed,none,0.000000,5,-83.241322,-275.603896,0.250000,-275.853896
906,-38.831592,-38.901496,-39.901496,-37.901496,noise,none,0.000000,5,-83.241322,-277.399282,0.250000,-277.649282
907,-38.493416,-34.242656,-35.242656,-33.242656,informed,sell_to_mm,-35.242656,6,-47.998666,-278.959163,0.360000,-279.319163
908,-37.388618,-33.158570,-34.158570,-32.158570,noise,none,0.000000,6,-47.998666,-272.330372,0.360000,-272.690372
909,-38.282004,-39.065614,-40.065614,-38.065614,informed,none,0.000000,6,-47.998666,-277.690688,0.360000,-278.050688
910,-37.795140,-35.674533,-36.674533,-34.674533,informed,sell_to_mm,-36.674533,7,-11.324133,-275.890115,0.490000,-276.380115
911,-39.357198,-42.924725,-43.924725,-41.924725,noise,buy_from_mm,-41.924725,6,-53.248859,-289.392048,0.360000,-289.752048
912,-38.068308,-38.563210,-39.563210,-37.563210,noise,none,0.000000,6,-53.248859,-281.658707,0.360000,-282.018707
913,-38.724771,-40.312273,-41.312273,-39.312273,informed,buy_from_mm,-39.312273,5,-92.561131,-286.184986,0.250000,-286.434986
914,-40.720943,-42.885148,-43.885148,-41.885148,informed,buy_from_mm,-41.885148,4,-134.446280,-297.330053,0.160000,-297.490053
915,-39.231591,-43.434525,-44.434525,-42.434525,informed,buy_from_mm,-42.434525,3,-176.880804,-294.575578,0.090000,-294.665578
916,-37.784028,-34.468042,-35.468042,-33.468042,noise,none,0.000000,3,-176.880804,-290.232889,0.090000,-290.322889
917,-39.489903,-37.054149,-38.054149,-36.054149,noise,sell_to_mm,-38.054149,4,-138.826655,-296.786267,0.160000,-296.946267
918,-39.723982,-38.850737,-39.850737,-37.850737,informed,none,0.000000,4,-138.826655,-297.722584,0.160000,-297.882584
919,-38.976355,-38.766391,-39.766391,-37.766391,noise,none,0.000000,4,-138.826655,-294.732074,0.160000,-294.892074
920,-37.107602,-35.624407,-36.624407,-34.624407,informed,sell_to_mm,-36.624407,5,-102.202248,-287.740256,0.250000,-287.990256
921,-36.986403,-38.422711,-39.422711,-37.422711,noise,none,0.000000,5,-102.202248,-287.134265,0.250000,-287.384265
922,-36.397938,-36.629524,-37.629524,-35.629524,informed,none,0.000000,5,-102.202248,-284.191938,0.250000,-284.441938
923,-35.136757,-34.085487,-35.085487,-33.085487,informed,sell_to_mm,-35.085487,6,-67.116761,-277.937300,0.360000,-278.297300
924,-36.366058,-39.948673,-40.948673,-38.948673,noise,none,0.000000,6,-67.116761,-285.313109,0.360000,-285.673109
925,-36.243230,-36.271857,-37.271857,-35.271857,noise,none,0.000000,6,-67.116761,-284.576143,0.360000,-284.936143
926,-37.323550,-38.847501,-39.847501,-37.847501,informed,buy_from_mm,-37.847501,5,-104.964262,-291.582011,0.250000,-291.832011
927,-36.765172,-33.127702,-34.127702,-32.127702,noise,buy_from_mm,-32.127702,4,-137.091964,-284.152651,0.160000,-284.312651
928,-37.765306,-40.123247,-41.123247,-39.123247,informed,buy_from_mm,-39.123247,3,-176.215211,-289.511129,0.090000,-289.601129
929,-37.955074,-38.556739,-39.556739,-37.556739,noise,none,0.000000,3,-176.215211,-290.080432,0.090000,-290.170432
930,-37.029458,-39.221224,-40.221224,-38.221224,noise,buy_from_mm,-38.221224,2,-214.436435,-288.495350,0.040000,-288.535350
931,-37.158666,-35.148924,-36.148924,-34.148924,informed,sell_to_mm,-36.148924,3,-178.287511,-289.763509,0.090000,-289.853509
932,-36.937069,-36.662239,-37.662239,-35.662239,informed,none,0.000000,3,-178.287511,-289.098718,0.090000,-289.188718
933,-38.130034,-37.655754,-38.655754,-36.655754,noise,none,0.000000,3,-178.287511,-292.677613,0.090000,-292.767613
934,-37.304782,-37.995331,-38.995331,-36.995331,noise,buy_from_mm,-36.995331,2,-215.282842,-289.892406,0.040000,-289.932406
935,-37.596813,-35.174053,-36.174053,-34.174053,informed,sell_to_mm,-36.174053,3,-179.108789,-291.899228,0.090000,-291.989228
936,-38.798091,-40.192501,-41.192501,-39.192501,informed,buy_from_mm,-39.192501,2,-218.301290,-295.897473,0.040000,-295.937473
937,-37.628086,-35.163177,-36.163177,-34.163177,noise,none,0.000000,2,-218.301290,-293.557461,0.040000,-293.597461
938,-38.851492,-41.133723,-42.133723,-40.133723,noise,none,0.000000,2,-218.301290,-296.004275,0.040000,-296.044275
939,-39.706724,-36.488366,-37.488366,-35.488366,informed,sell_to_mm,-37.488366,3,-180.812924,-299.933097,0.090000,-300.023097
940,-40.231121,-39.089502,-40.089502,-38.089502,informed,sell_to_mm,-40.089502,4,-140.723422,-301.647905,0.160000,-301.807905
941,-42.385254,-43.937917,-44.937917,-42.937917,noise,buy_from_mm,-42.937917,3,-183.661339,-310.817100,0.090000,-310.907100
942,-41.433570,-44.071737,-45.071737,-43.071737,informed,buy_from_mm,-43.071737,2,-226.733076,-309.600215,0.040000,-309.640215
943,-41.585342,-40.359447,-41.359447,-39.359447,informed,sell_to_mm,-41.359447,3,-185.373629,-310.129656,0.090000,-310.219656
944,-42.568240,-43.713435,-44.713435,-42.713435,noise,none,0.000000,3,-185.373629,-313.078349,0.090000,-313.168349
945,-42.004957,-37.691978,-38.691978,-36.691978,informed,sell_to_mm,-38.691978,4,-146.681651,-314.701478,0.160000,-314.861478
946,-43.140914,-42.981372,-43.981372,-41.981372,noise,none,0.000000,4,-146.681651,-319.245307,0.160000,-319.405307
947,-43.005881,-42.817452,-43.817452,-41.817452,noise,none,0.000000,4,-146.681651,-318.705174,0.160000,-318.865174
948,-41.424820,-40.987424,-41.987424,-39.987424,noise,sell_to_mm,-41.987424,5,-104.694227,-311.818326,0.250000,-312.068326
949,-43.296336,-41.042130,-42.042130,-40.042130,noise,none,0.000000,5,-104.694227,-321.175908,0.250000,-321.425908
950,-43.896843,-44.341864,-45.341864,-43.341864,informed,none,0.000000,5,-104.694227,-324.178441,0.250000,-324.428441
951,-43.080246,-41.929152,-42.929152,-40.929152,informed,sell_to_mm,-42.929152,6,-61.765075,-320.246553,0.360000,-320.606553
952,-45.022044,-47.531642,-48.531642,-46.531642,noise,none,0.000000,6,-61.765075,-331.897339,0.360000,-332.257339
953,-47.043482,-48.994680,-49.994680,-47.994680,informed,buy_from_mm,-47.994680,5,-109.759754,-344.977163,0.250000,-345.227163
954,-47.368933,-47.463045,-48.463045,-46.463045,noise,none,0.000000,5,-109.759754,-346.604421,0.250000,-346.854421
955,-47.065978,-46.997091,-47.997091,-45.997091,informed,none,0.000000,5,-109.759754,-345.089646,0.250000,-345.339646
956,-46.404384,-44.637832,-45.637832,-43.637832,noise,none,0.000000,5,-109.759754,-341.781673,0.250000,-342.031673
957,-47.386966,-51.333313,-52.333313,-50.333313,informed,buy_from_mm,-50.333313,4,-160.093067,-349.640930,0.160000,-349.800930
958,-46.047320,-49.886688,-50.886688,-48.886688,noise,none,0.000000,4,-160.093067,-344.282346,0.160000,-344.442346
959,-45.880856,-47.638204,-48.638204,-46.638204,noise,none,0.000000,4,-160.093067,-343.616490,0.160000,-343.776490
960,-45.804197,-44.764522,-45.764522,-43.764522,informed,sell_to_mm,-45.764522,5,-114.328546,-343.349531,0.250000,-343.599531
961,-45.502753,-44.693810,-45.693810,-43.693810,informed,none,0.000000,5,-114.328546,-341.842313,0.250000,-342.092313
962,-45.813781,-45.671940,-46.671940,-44.671940,noise,none,0.000000,5,-114.328546,-343.397448,0.250000,-343.647448
963,-48.153996,-50.198937,-51.198937,-49.198937,noise,none,0.000000,5,-114.328546,-355.098526,0.250000,-355.348526
964,-48.643973,-45.780258,-46.780258,-44.780258,informed,sell_to_mm,-46.780258,6,-67.548287,-359.412125,0.360000,-359.772125
965,-48.654483,-45.362768,-46.362768,-44.362768,informed,sell_to_mm,-46.362768,7,-21.185519,-361.766902,0.490000,-362.256902
966,-47.522505,-47.358769,-48.358769,-46.358769,noise,sell_to_mm,-48.358769,8,27.173250,-353.006793,0.640000,-353.646793
967,-47.693264,-47.925730,-48.925730,-46.925730,noise,none,0.000000,8,27.173250,-354.372861,0.640000,-355.012861
968,-47.524378,-46.090270,-47.090270,-45.090270,informed,sell_to_mm,-47.090270,9,74.263520,-353.455885,0.810000,-354.265885
969,-48.186278,-49.871151,-50.871151,-48.871151,informed,buy_from_mm,-48.871151,8,25.392369,-360.097851,0.640000,-360.737851
970,-46.779641,-47.677660,-48.677660,-46.677660,noise,none,0.000000,8,25.392369,-348.844758,0.640000,-349.484758
971,-46.850868,-47.786136,-48.786136,-46.786136,noise,buy_from_mm,-46.786136,7,-21.393766,-349.349843,0.490000,-349.839843
972,-46.861408,-48.269035,-49.269035,-47.269035,noise,sell_to_mm,-49.269035,8,27.875268,-347.015992,0.640000,-347.655992
973,-48.328161,-52.103088,-53.103088,-51.103088,noise,sell_to_mm,-53.103088,9,80.978356,-353.975090,0.810000,-354.785090
974,-49.500129,-46.764763,-47.764763,-45.764763,informed,sell_to_mm,-47.764763,10,128.743119,-366.258176,1.000000,-367.258176
975,-49.318403,-48.392865,-49.392865,-47.392865,noise,sell_to_mm,-49.392865,11,178.135983,-364.366448,1.210000,-365.576448
976,-50.554699,-50.811772,-51.811772,-49.811772,noise,none,0.000000,11,178.135983,-377.965704,1.210000,-379.175704
977,-49.991235,-51.977025,-52.977025,-50.977025,informed,buy_from_mm,-50.977025,10,127.158958,-372.753390,1.000000,-373.753390
978,-49.675146,-47.065998,-48.065998,-46.065998,noise,buy_from_mm,-46.065998,9,81.092960,-365.983357,0.810000,-366.793357
979,-48.570005,-48.147723,-49.147723,-47.147723,noise,none,0.000000,9,81.092960,-356.037082,0.810000,-356.847082
980,-47.779074,-46.089210,-47.089210,-45.089210,noise,none,0.000000,9,81.092960,-348.918707,0.810000,-349.728707
981,-46.043327,-43.516836,-44.516836,-42.516836,informed,sell_to_mm,-44.516836,10,125.609796,-334.823471,1.000000,-335.823471
982,-45.430980,-47.120917,-48.120917,-46.120917,informed,buy_from_mm,-46.120917,9,79.488880,-329.389943,0.810000,-330.199943
983,-47.823992,-47.061776,-48.061776,-46.061776,noise,none,0.000000,9,79.488880,-350.927051,0.810000,-351.737051
984,-48.082081,-49.646720,-50.646720,-48.646720,informed,buy_from_mm,-48.646720,8,30.842159,-353.814485,0.640000,-354.454485
985,-49.124368,-48.185373,-49.185373,-47.185373,noise,none,0.000000,8,30.842159,-362.152787,0.640000,-362.792787
986,-49.358697,-53.817164,-54.817164,-52.817164,informed,buy_from_mm,-52.817164,7,-21.975004,-367.485881,0.490000,-367.975881
987,-49.960399,-51.886571,-52.886571,-50.886571,informed,buy_from_mm,-50.886571,6,-72.861575,-372.623970,0.360000,-372.983970
988,-52.194114,-51.335023,-52.335023,-50.335023,informed,none,0.000000,6,-72.861575,-386.026262,0.360000,-386.386262
989,-52.445972,-54.624126,-55.624126,-53.624126,noise,buy_from_mm,-53.624126,5,-126.485701,-388.715562,0.250000,-388.965562
990,-52.250336,-49.500972,-50.500972,-48.500972,noise,none,0.000000,5,-126.485701,-387.737383,0.250000,-387.987383
991,-50.187228,-47.333977,-48.333977,-46.333977,noise,buy_from_mm,-46.333977,4,-172.819679,-373.568589,0.160000,-373.728589
992,-48.273215,-47.357589,-48.357589,-46.357589,noise,sell_to_mm,-48.357589,5,-124.462089,-365.828164,0.250000,-366.078164
993,-48.099530,-51.624611,-52.624611,-50.624611,informed,buy_from_mm,-50.624611,4,-175.086701,-367.484822,0.160000,-367.644822
994,-48.690647,-48.278854,-49.278854,-47.278854,noise,none,0.000000,4,-175.086701,-369.849287,0.160000,-370.009287
995,-48.804152,-47.909332,-48.909332,-46.909332,informed,none,0.000000,4,-175.086701,-370.303308,0.160000,-370.463308
996,-49.316083,-52.533909,-53.533909,-51.533909,noise,none,0.000000,4,-175.086701,-372.351031,0.160000,-372.511031
997,-47.647421,-46.868472,-47.868472,-45.868472,noise,none,0.000000,4,-175.086701,-365.676383,0.160000,-365.836383
998,-47.517475,-48.920692,-49.920692,-47.920692,informed,buy_from_mm,-47.920692,3,-223.007392,-365.559817,0.090000,-365.649817
999,-47.555077,-45.214751,-46.214751,-44.214751,informed,sell_to_mm,-46.214751,4,-176.792641,-367.012950,0.160000,-367.172950
1000,-47.263793,-50.775112,-51.775112,-49.775112,noise,sell_to_mm,-51.775112,5,-125.017529,-361.336493,0.250000,-361.586493
1001,-46.430413,-48.633900,-49.633900,-47.633900,informed,buy_from_mm,-47.633900,4,-172.651429,-358.373082,0.160000,-358.533082
1002,-45.726925,-46.115432,-47.115432,-45.115432,informed,none,0.000000,4,-172.651429,-355.559130,0.160000,-355.719130
1003,-46.683197,-51.231456,-52.231456,-50.231456,noise,none,0.000000,4,-172.651429,-359.384217,0.160000,-359.544217
1004,-45.380779,-42.368677,-43.368677,-41.368677,informed,sell_to_mm,-43.368677,5,-129.282752,-356.186647,0.250000,-356.436647
1005,-44.791917,-43.920061,-44.920061,-42.920061,noise,none,0.000000,5,-129.282752,-353.242336,0.250000,-353.492336
1006,-45.593581,-45.864780,-46.864780,-44.864780,informed,none,0.000000,5,-129.282752,-357.250655,0.250000,-357.500655
1007,-44.539270,-46.499044,-47.499044,-45.499044,noise,buy_from_mm,-45.499044,4,-174.781796,-352.938877,0.160000,-353.098877
1008,-44.379435,-44.377365,-45.377365,-43.377365,informed,none,0.000000,4,-174.781796,-352.299538,0.160000,-352.459538
1009,-43.503132,-41.756585,-42.756585,-40.756585,noise,none,0.000000,4,-174.781796,-348.794324,0.160000,-348.954324
1010,-43.131992,-41.214605,-42.214605,-40.214605,informed,sell_to_mm,-42.214605,5,-132.567192,-348.227153,0.250000,-348.477153
1011,-42.902667,-46.622237,-47.622237,-45.622237,informed,buy_from_mm,-45.622237,4,-178.189429,-349.800097,0.160000,-349.960097
1012,-43.739876,-45.166162,-46.166162,-44.166162,noise,none,0.000000,4,-178.189429,-353.148932,0.160000,-353.308932
1013,-42.259240,-35.878901,-36.878901,-34.878901,noise,none,0.000000,4,-178.189429,-347.226389,0.160000,-347.386389
1014,-42.061347,-41.375518,-42.375518,-40.375518,informed,none,0.000000,4,-178.189429,-346.434818,0.160000,-346.594818
1015,-41.622108,-39.404284,-40.404284,-38.404284,noise,none,0.000000,4,-178.189429,-344.677860,0.160000,-344.837860
1016,-42.158342,-44.474446,-45.474446,-43.474446,informed,buy_from_mm,-43.474446,3,-221.663875,-348.138901,0.090000,-348.228901
1017,-41.144821,-40.992570,-41.992570,-39.992570,informed,none,0.000000,3,-221.663875,-345.098338,0.090000,-345.188338
1018,-41.674992,-43.842465,-44.842465,-42.842465,noise,sell_to_mm,-44.842465,4,-176.821410,-343.521379,0.160000,-343.681379
1019,-41.844390,-39.290473,-40.290473,-38.290473,noise,none,0.000000,4,-176.821410,-344.198968,0.160000,-344.358968
1020,-41.112650,-38.056392,-39.056392,-37.056392,informed,sell_to_mm,-39.056392,5,-137.765018,-343.328266,0.250000,-343.578266
1021,-40.858990,-41.022341,-42.022341,-40.022341,noise,none,0.000000,5,-137.765018,-342.059969,0.250000,-342.309969
1022,-40.315153,-40.165318,-41.165318,-39.165318,noise,buy_from_mm,-39.165318,4,-176.930336,-338.190946,0.160000,-338.350946
1023,-40.114880,-41.278447,-42.278447,-40.278447,noise,none,0.000000,4,-176.930336,-337.389857,0.160000,-337.549857
1024,-41.464500,-37.571556,-38.571556,-36.571556,informed,sell_to_mm,-38.571556,5,-138.358779,-345.681278,0.250000,-345.931278
1025,-43.539578,-47.016260,-48.016260,-46.016260,informed,buy_from_mm,-46.016260,4,-184.375039,-358.533351,0.160000,-358.693351
1026,-43.751007,-44.409170,-45.409170,-43.409170,informed,none,0.000000,4,-184.375039,-359.379067,0.160000,-359.539067
1027,-42.623862,-41.875776,-42.875776,-40.875776,noise,none,0.000000,4,-184.375039,-354.870488,0.160000,-355.030488
1028,-42.351002,-41.996416,-42.996416,-40.996416,noise,none,0.000000,4,-184.375039,-353.779047,0.160000,-353.939047
1029,-44.181061,-41.531644,-42.531644,-40.531644,noise,buy_from_mm,-40.531644,3,-224.906683,-357.449867,0.090000,-357.539867
1030,-43.337325,-42.651569,-43.651569,-41.651569,noise,none,0.000000,3,-224.906683,-354.918659,0.090000,-355.008659
1031,-42.663138,-44.953788,-45.953788,-43.953788,noise,none,0.000000,3,-224.906683,-352.896098,0.090000,-352.986098
1032,-44.465614,-44.769157,-45.769157,-43.769157,noise,none,0.000000,3,-224.906683,-358.303525,0.090000,-358.393525
1033,-43.771993,-41.643676,-42.643676,-40.643676,informed,sell_to_mm,-42.643676,4,-182.263007,-357.350981,0.160000,-357.510981
1034,-44.647362,-45.663457,-46.663457,-44.663457,noise,none,0.000000,4,-182.263007,-360.852456,0.160000,-361.012456
1035,-44.879442,-43.676040,-44.676040,-42.676040,noise,buy_from_mm,-42.676040,3,-224.939047,-359.577374,0.090000,-359.667374
1036,-45.432125,-48.133215,-49.133215,-47.133215,noise,none,0.000000,3,-224.939047,-361.235423,0.090000,-361.325423
1037,-45.486963,-46.354879,-47.354879,-45.354879,informed,none,0.000000,3,-224.939047,-361.399935,0.090000,-361.489935
1038,-44.490094,-43.542730,-44.542730,-42.542730,noise,none,0.000000,3,-224.939047,-358.409330,0.090000,-358.499330
1039,-43.440110,-43.614705,-44.614705,-42.614705,noise,none,0.000000,3,-224.939047,-355.259377,0.090000,-355.349377
1040,-43.818873,-45.239021,-46.239021,-44.239021,noise,buy_from_mm,-44.239021,2,-269.178069,-356.815816,0.040000,-356.855816
1041,-44.707395,-44.313206,-45.313206,-43.313206,noise,none,0.000000,2,-269.178069,-358.592858,0.040000,-358.632858
1042,-43.905871,-43.039209,-44.039209,-42.039209,noise,none,0.000000,2,-269.178069,-356.989811,0.040000,-357.029811
1043,-44.272866,-41.157435,-42.157435,-40.157435,noise,none,0.000000,2,-269.178069,-357.723801,0.040000,-357.763801
1044,-45.274362,-45.668074,-46.668074,-44.668074,noise,buy_from_mm,-44.668074,1,-313.846143,-359.120505,0.010000,-359.130505
1045,-44.039072,-45.791236,-46.791236,-44.791236,informed,buy_from_mm,-44.791236,0,-358.637379,-358.637379,0.000000,-358.637379
1046,-43.856089,-44.975672,-45.975672,-43.975672,informed,buy_from_mm,-43.975672,-1,-402.613051,-358.756962,0.010000,-358.766962
1047,-43.512620,-44.608742,-45.608742,-43.608742,noise,none,0.000000,-1,-402.613051,-359.100431,0.010000,-359.110431
1048,-42.594923,-42.782964,-43.782964,-41.782964,noise,none,0.000000,-1,-402.613051,-360.018128,0.010000,-360.028128
1049,-43.124887,-43.243015,-44.243015,-42.243015,noise,none,0.000000,-1,-402.613051,-359.488164,0.010000,-359.498164
1050,-42.646641,-40.389562,-41.389562,-39.389562,noise,sell_to_mm,-41.389562,0,-361.223489,-361.223489,0.000000,-361.223489
1051,-42.884947,-46.038892,-47.038892,-45.038892,noise,none,0.000000,0,-361.223489,-361.223489,0.000000,-361.223489
1052,-43.030322,-45.266535,-46.266535,-44.266535,noise,none,0.000000,0,-361.223489,-361.223489,0.000000,-361.223489
1053,-44.943275,-50.225906,-51.225906,-49.225906,noise,none,0.000000,0,-361.223489,-361.223489,0.000000,-361.223489
1054,-44.739986,-42.707486,-43.707486,-41.707486,noise,none,0.000000,0,-361.223489,-361.223489,0.000000,-361.223489
1055,-45.296252,-47.145688,-48.145688,-46.145688,informed,buy_from_mm,-46.145688,-1,-407.369177,-362.072925,0.010000,-362.082925
1056,-43.904982,-37.408516,-38.408516,-36.408516,noise,none,0.000000,-1,-407.369177,-363.464196,0.010000,-363.474196
1057,-44.075668,-44.321098,-45.321098,-43.321098,informed,none,0.000000,-1,-407.369177,-363.293510,0.010000,-363.303510
1058,-42.292168,-44.322377,-45.322377,-43.322377,noise,sell_to_mm,-45.322377,0,-362.046801,-362.046801,0.000000,-362.046801
1059,-42.986289,-44.910302,-45.910302,-43.910302,noise,sell_to_mm,-45.910302,1,-316.136499,-359.122789,0.010000,-359.132789
1060,-41.789757,-45.387871,-46.387871,-44.387871,informed,buy_from_mm,-44.387871,0,-360.524370,-360.524370,0.000000,-360.524370
1061,-41.826247,-42.033121,-43.033121,-41.033121,noise,none,0.000000,0,-360.524370,-360.524370,0.000000,-360.524370
1062,-43.543086,-39.796660,-40.796660,-38.796660,informed,sell_to_mm,-40.796660,1,-319.727710,-363.270796,0.010000,-363.280796
1063,-43.676090,-41.321452,-42.321452,-40.321452,noise,none,0.000000,1,-319.727710,-363.403800,0.010000,-363.413800
1064,-42.367002,-45.604340,-46.604340,-44.604340,noise,none,0.000000,1,-319.727710,-362.094712,0.010000,-362.104712
1065,-42.305685,-42.486773,-43.486773,-41.486773,noise,none,0.000000,1,-319.727710,-362.033395,0.010000,-362.043395
1066,-41.270730,-41.929688,-42.929688,-40.929688,noise,none,0.000000,1,-319.727710,-360.998440,0.010000,-361.008440
1067,-40.731101,-43.895408,-44.895408,-42.895408,noise,none,0.000000,1,-319.727710,-360.458811,0.010000,-360.468811
1068,-39.290699,-39.382834,-40.382834,-38.382834,informed,none,0.000000,1,-319.727710,-359.018409,0.010000,-359.028409
1069,-38.973137,-41.525267,-42.525267,-40.525267,noise,none,0.000000,1,-319.727710,-358.700847,0.010000,-358.710847
1070,-39.332708,-37.629025,-38.629025,-36.629025,informed,sell_to_mm,-38.629025,2,-281.098685,-359.764100,0.040000,-359.804100
1071,-38.835567,-39.546295,-40.546295,-38.546295,informed,none,0.000000,2,-281.098685,-358.769819,0.040000,-358.809819
1072,-37.932271,-38.990686,-39.990686,-37.990686,informed,buy_from_mm,-37.990686,1,-319.089372,-357.021643,0.010000,-357.031643
1073,-37.975599,-38.931407,-39.931407,-37.931407,informed,none,0.000000,1,-319.089372,-357.064971,0.010000,-357.074971
1074,-37.516815,-36.221979,-37.221979,-35.221979,noise,sell_to_mm,-37.221979,2,-281.867392,-356.901023,0.040000,-356.941023
1075,-37.473932,-38.404126,-39.404126,-37.404126,informed,none,0.000000,2,-281.867392,-356.815257,0.040000,-356.855257
1076,-38.943602,-39.821402,-40.821402,-38.821402,informed,none,0.000000,2,-281.867392,-359.754596,0.040000,-359.794596
1077,-39.235894,-35.002717,-36.002717,-34.002717,noise,none,0.000000,2,-281.867392,-360.339179,0.040000,-360.379179
1078,-38.472685,-40.622092,-41.622092,-39.622092,informed,buy_from_mm,-39.622092,1,-321.489484,-359.962169,0.010000,-359.972169
1079,-39.061982,-38.395092,-39.395092,-37.395092,informed,none,0.000000,1,-321.489484,-360.551466,0.010000,-360.561466
1080,-40.504541,-39.391349,-40.391349,-38.391349,informed,sell_to_mm,-40.391349,2,-281.098135,-362.107217,0.040000,-362.147217
1081,-40.756462,-40.303735,-41.303735,-39.303735,informed,none,0.000000,2,-281.098135,-362.611060,0.040000,-362.651060
1082,-39.962629,-40.320476,-41.320476,-39.320476,informed,none,0.000000,2,-281.098135,-361.023394,0.040000,-361.063394
1083,-40.172090,-38.501499,-39.501499,-37.501499,noise,none,0.000000,2,-281.098135,-361.442315,0.040000,-361.482315
1084,-41.564896,-44.342875,-45.342875,-43.342875,informed,buy_from_mm,-43.342875,1,-324.441010,-366.005906,0.010000,-366.015906
1085,-40.012716,-39.643465,-40.643465,-38.643465,noise,buy_from_mm,-38.643465,0,-363.084475,-363.084475,0.000000,-363.084475
1086,-39.652025,-39.726582,-40.726582,-38.726582,informed,none,0.000000,0,-363.084475,-363.084475,0.000000,-363.084475
1087,-41.283117,-36.441878,-37.441878,-35.441878,noise,none,0.000000,0,-363.084475,-363.084475,0.000000,-363.084475
1088,-41.901624,-42.312597,-43.312597,-41.312597,noise,none,0.000000,0,-363.084475,-363.084475,0.000000,-363.084475
1089,-41.489878,-44.029513,-45.029513,-43.029513,informed,buy_from_mm,-43.029513,-1,-406.113988,-364.624111,0.010000,-364.634111
1090,-41.958992,-40.133335,-41.133335,-39.133335,noise,none,0.000000,-1,-406.113988,-364.154996,0.010000,-364.164996
1091,-41.314670,-39.954702,-40.954702,-38.954702,informed,sell_to_mm,-40.954702,0,-365.159286,-365.159286,0.000000,-365.159286
1092,-41.137470,-42.145806,-43.145806,-41.145806,informed,buy_from_mm,-41.145806,-1,-406.305092,-365.167622,0.010000,-365.177622
1093,-42.072839,-38.328368,-39.328368,-37.328368,informed,sell_to_mm,-39.328368,0,-366.976724,-366.976724,0.000000,-366.976724
1094,-42.576163,-43.475825,-44.475825,-42.475825,noise,buy_from_mm,-42.475825,-1,-409.452549,-366.876386,0.010000,-366.886386
1095,-42.573723,-42.010514,-43.010514,-41.010514,informed,none,0.000000,-1,-409.452549,-366.878826,0.010000,-366.888826
1096,-40.839711,-40.035813,-41.035813,-39.035813,noise,none,0.000000,-1,-409.452549,-368.612837,0.010000,-368.622837
1097,-40.729786,-42.528127,-43.528127,-41.528127,noise,none,0.000000,-1,-409.452549,-368.722762,0.010000,-368.732762
1098,-39.866498,-40.263417,-41.263417,-39.263417,noise,buy_from_mm,-39.263417,-2,-448.715966,-368.982970,0.040000,-369.022970
1099,-38.430808,-37.988959,-38.988959,-36.988959,informed,none,0.000000,-2,-448.715966,-371.854350,0.040000,-371.894350
1100,-37.142313,-40.401457,-41.401457,-39.401457,noise,none,0.000000,-2,-448.715966,-374.431340,0.040000,-374.471340
1101,-38.091605,-39.067014,-40.067014,-38.067014,noise,none,0.000000,-2,-448.715966,-372.532755,0.040000,-372.572755
1102,-37.332119,-39.786113,-40.786113,-38.786113,noise,none,0.000000,-2,-448.715966,-374.051729,0.040000,-374.091729
1103,-36.771312,-39.301194,-40.301194,-38.301194,informed,buy_from_mm,-38.301194,-3,-487.017160,-376.703223,0.090000,-376.793223
1104,-36.214028,-35.627115,-36.627115,-34.627115,noise,none,0.000000,-3,-487.017160,-378.375078,0.090000,-378.465078
1105,-38.154247,-38.067902,-39.067902,-37.067902,noise,none,0.000000,-3,-487.017160,-372.554420,0.090000,-372.644420
1106,-37.894887,-40.429863,-41.429863,-39.429863,noise,sell_to_mm,-41.429863,-2,-445.587298,-369.797524,0.040000,-369.837524
1107,-38.127762,-38.431912,-39.431912,-37.431912,noise,buy_from_mm,-37.431912,-3,-483.019210,-368.635924,0.090000,-368.725924
1108,-39.184219,-36.458617,-37.458617,-35.458617,noise,buy_from_mm,-35.458617,-4,-518.477827,-361.740950,0.160000,-361.900950
1109,-39.112028,-40.956852,-41.956852,-39.956852,informed,buy_from_mm,-39.956852,-5,-558.434679,-362.874539,0.250000,-363.124539
1110,-37.912364,-38.419041,-39.419041,-37.419041,noise,none,0.000000,-5,-558.434679,-368.872861,0.250000,-369.122861
1111,-38.794661,-39.317231,-40.317231,-38.317231,informed,none,0.000000,-5,-558.434679,-364.461373,0.250000,-364.711373
1112,-39.494250,-38.241551,-39.241551,-37.241551,informed,sell_to_mm,-39.241551,-4,-519.193127,-361.216128,0.160000,-361.376128
1113,-37.496548,-36.604585,-37.604585,-35.604585,noise,none,0.000000,-4,-519.193127,-369.206936,0.160000,-369.366936
1114,-37.942879,-41.036095,-42.036095,-40.036095,noise,none,0.000000,-4,-519.193127,-367.421611,0.160000,-367.581611
1115,-38.392840,-41.209289,-42.209289,-40.209289,noise,none,0.000000,-4,-519.193127,-365.621768,0.160000,-365.781768
1116,-38.188844,-40.092701,-41.092701,-39.092701,noise,none,0.000000,-4,-519.193127,-366.437750,0.160000,-366.597750
1117,-36.963221,-34.692652,-35.692652,-33.692652,informed,sell_to_mm,-35.692652,-3,-483.500476,-372.610813,0.090000,-372.700813
1118,-36.461403,-37.072631,-38.072631,-36.072631,informed,none,0.000000,-3,-483.500476,-374.116267,0.090000,-374.206267
1119,-35.819064,-31.363074,-32.363074,-30.363074,informed,sell_to_mm,-32.363074,-2,-451.137402,-379.499274,0.040000,-379.539274
1120,-34.851789,-31.757849,-32.757849,-30.757849,informed,sell_to_mm,-32.757849,-1,-418.379553,-383.527764,0.010000,-383.537764
1121,-34.123742,-32.358356,-33.358356,-31.358356,noise,none,0.000000,-1,-418.379553,-384.255811,0.010000,-384.265811
1122,-35.300915,-33.491962,-34.491962,-32.491962,informed,sell_to_mm,-34.491962,0,-383.887591,-383.887591,0.000000,-383.887591
1123,-35.010700,-33.098750,-34.098750,-32.098750,informed,sell_to_mm,-34.098750,1,-349.788841,-384.799541,0.010000,-384.809541
1124,-35.360298,-35.534243,-36.534243,-34.534243,noise,none,0.000000,1,-349.788841,-385.149139,0.010000,-385.159139
1125,-35.614636,-34.778218,-35.778218,-33.778218,informed,none,0.000000,1,-349.788841,-385.403477,0.010000,-385.413477
1126,-34.557651,-34.036860,-35.036860,-33.036860,informed,none,0.000000,1,-349.788841,-384.346492,0.010000,-384.356492
1127,-33.873111,-31.062973,-32.062973,-30.062973,informed,sell_to_mm,-32.062973,2,-317.725869,-385.472090,0.040000,-385.512090
1128,-34.886417,-37.028366,-38.028366,-36.028366,noise,none,0.000000,2,-317.725869,-387.498703,0.040000,-387.538703
1129,-35.376236,-36.961324,-37.961324,-35.961324,noise,sell_to_mm,-37.961324,3,-279.764544,-385.893252,0.090000,-385.983252
1130,-34.610906,-31.201538,-32.201538,-30.201538,informed,sell_to_mm,-32.201538,4,-247.563006,-386.006629,0.160000,-386.166629
1131,-33.666974,-30.557995,-31.557995,-29.557995,noise,sell_to_mm,-31.557995,5,-216.005011,-384.339881,0.250000,-384.589881
1132,-32.195733,-30.239407,-31.239407,-29.239407,informed,sell_to_mm,-31.239407,6,-184.765603,-377.940000,0.360000,-378.300000
1133,-31.282260,-34.011673,-35.011673,-33.011673,informed,buy_from_mm,-33.011673,5,-217.777276,-374.188578,0.250000,-374.438578
1134,-31.230084,-32.779341,-33.779341,-31.779341,noise,none,0.000000,5,-217.777276,-373.927698,0.250000,-374.177698
1135,-29.524068,-28.043418,-29.043418,-27.043418,noise,none,0.000000,5,-217.777276,-365.397616,0.250000,-365.647616
1136,-29.655956,-29.693115,-30.693115,-28.693115,informed,none,0.000000,5,-217.777276,-366.057057,0.250000,-366.307057
1137,-30.098480,-27.680177,-28.680177,-26.680177,informed,sell_to_mm,-28.680177,6,-189.097099,-369.687980,0.360000,-370.047980
1138,-28.956729,-27.721780,-28.721780,-26.721780,noise,none,0.000000,6,-189.097099,-362.837472,0.360000,-363.197472
1139,-30.209466,-31.226069,-32.226069,-30.226069,noise,none,0.000000,6,-189.097099,-370.353898,0.360000,-370.713898
1140,-30.631881,-30.035663,-31.035663,-29.035663,noise,none,0.000000,6,-189.097099,-372.888385,0.360000,-373.248385
1141,-30.123707,-34.878001,-35.878001,-33.878001,noise,none,0.000000,6,-189.097099,-369.839341,0.360000,-370.199341
1142,-29.441060,-30.250625,-31.250625,-29.250625,noise,none,0.000000,6,-189.097099,-365.743461,0.360000,-366.103461
1143,-28.282977,-26.045969,-27.045969,-25.045969,informed,sell_to_mm,-27.045969,7,-162.051131,-360.031967,0.490000,-360.521967
1144,-28.018297,-28.727475,-29.727475,-27.727475,informed,none,0.000000,7,-162.051131,-358.179208,0.490000,-358.669208
1145,-28.543493,-29.456176,-30.456176,-28.456176,informed,none,0.000000,7,-162.051131,-361.855579,0.490000,-362.345579
1146,-27.070216,-25.943590,-26.943590,-24.943590,informed,sell_to_mm,-26.943590,8,-135.107540,-351.669272,0.640000,-352.309272
1147,-26.910312,-23.482622,-24.482622,-22.482622,noise,none,0.000000,8,-135.107540,-350.390038,0.640000,-351.030038
1148,-28.204102,-26.953430,-27.953430,-25.953430,informed,sell_to_mm,-27.953430,9,-107.154110,-360.991029,0.810000,-361.801029
1149,-27.425568,-26.562281,-27.562281,-25.562281,noise,buy_from_mm,-25.562281,8,-132.716391,-352.120935,0.640000,-352.760935
1150,-26.225423,-26.230945,-27.230945,-25.230945,noise,none,0.000000,8,-132.716391,-342.519778,0.640000,-343.159778
1151,-25.318283,-22.975792,-23.975792,-21.975792,informed,sell_to_mm,-23.975792,9,-108.740600,-336.605143,0.810000,-337.415143
1152,-25.204807,-25.445214,-26.445214,-24.445214,noise,buy_from_mm,-24.445214,8,-133.185814,-334.824266,0.640000,-335.464266
1153,-25.475586,-21.902143,-22.902143,-20.902143,noise,none,0.000000,8,-133.185814,-336.990501,0.640000,-337.630501
1154,-25.457186,-24.593987,-25.593987,-23.593987,noise,none,0.000000,8,-133.185814,-336.843299,0.640000,-337.483299
1155,-24.658547,-23.158242,-24.158242,-22.158242,informed,sell_to_mm,-24.158242,9,-109.027572,-330.954491,0.810000,-331.764491
1156,-24.612312,-22.489157,-23.489157,-21.489157,noise,none,0.000000,9,-109.027572,-330.538379,0.810000,-331.348379
1157,-23.664380,-23.300594,-24.300594,-22.300594,noise,sell_to_mm,-24.300594,10,-84.726978,-321.370773,1.000000,-322.370773
1158,-22.486945,-23.617129,-24.617129,-22.617129,noise,none,0.000000,10,-84.726978,-309.596428,1.000000,-310.596428
1159,-21.931759,-18.310121,-19.310121,-17.310121,informed,sell_to_mm,-19.310121,11,-65.416857,-306.666204,1.210000,-307.876204
1160,-22.354206,-22.292803,-23.292803,-21.292803,noise,none,0.000000,11,-65.416857,-311.313119,1.210000,-312.523119
1161,-21.336092,-21.124601,-22.124601,-20.124601,noise,none,0.000000,11,-65.416857,-300.113871,1.210000,-301.323871
1162,-22.450929,-23.134110,-24.134110,-22.134110,informed,none,0.000000,11,-65.416857,-312.377078,1.210000,-313.587078
1163,-21.820176,-23.649831,-24.649831,-22.649831,noise,sell_to_mm,-24.649831,12,-40.767026,-302.609138,1.440000,-304.049138
1164,-22.010311,-22.564900,-23.564900,-21.564900,noise,none,0.000000,12,-40.767026,-304.890762,1.440000,-306.330762
1165,-22.770644,-22.020559,-23.020559,-21.020559,noise,buy_from_mm,-21.020559,11,-61.787584,-312.264666,1.210000,-313.474666
1166,-22.911424,-23.342919,-24.342919,-22.342919,noise,buy_from_mm,-22.342919,10,-84.130503,-313.244742,1.000000,-314.244742
1167,-23.616914,-24.501063,-25.501063,-23.501063,informed,none,0.000000,10,-84.130503,-320.299644,1.000000,-321.299644
1168,-22.603479,-22.384634,-23.384634,-21.384634,noise,none,0.000000,10,-84.130503,-310.165291,1.000000,-311.165291
1169,-20.974906,-20.054741,-21.054741,-19.054741,informed,none,0.000000,10,-84.130503,-293.879562,1.000000,-294.879562
1170,-20.202126,-19.731952,-20.731952,-18.731952,noise,buy_from_mm,-18.731952,9,-102.862456,-284.681589,0.810000,-285.491589
1171,-18.552854,-20.612769,-21.612769,-19.612769,noise,none,0.000000,9,-102.862456,-269.838145,0.810000,-270.648145
1172,-17.467644,-18.303160,-19.303160,-17.303160,informed,none,0.000000,9,-102.862456,-260.071250,0.810000,-260.881250
1173,-16.524127,-14.767314,-15.767314,-13.767314,informed,sell_to_mm,-15.767314,10,-87.095141,-252.336416,1.000000,-253.336416
1174,-15.754550,-14.785279,-15.785279,-13.785279,informed,none,0.000000,10,-87.095141,-244.640643,1.000000,-245.640643
1175,-15.973088,-15.631783,-16.631783,-14.631783,noise,sell_to_mm,-16.631783,11,-70.463359,-246.167322,1.210000,-247.377322
1176,-17.547302,-18.530388,-19.530388,-17.530388,informed,none,0.000000,11,-70.463359,-263.483680,1.210000,-264.693680
1177,-16.031529,-16.263438,-17.263438,-15.263438,noise,none,0.000000,11,-70.463359,-246.810181,1.210000,-248.020181
1178,-17.391265,-17.243877,-18.243877,-16.243877,noise,none,0.000000,11,-70.463359,-261.767276,1.210000,-262.977276
1179,-17.786274,-15.398488,-16.398488,-14.398488,noise,none,0.000000,11,-70.463359,-266.112368,1.210000,-267.322368
1180,-19.066109,-18.377703,-19.377703,-17.377703,noise,none,0.000000,11,-70.463359,-280.190558,1.210000,-281.400558
1181,-17.397916,-16.378182,-17.378182,-15.378182,noise,none,0.000000,11,-70.463359,-261.840434,1.210000,-263.050434
1182,-17.540452,-16.669651,-17.669651,-15.669651,informed,none,0.000000,11,-70.463359,-263.408333,1.210000,-264.618333
1183,-16.511505,-17.083512,-18.083512,-16.083512,noise,none,0.000000,11,-70.463359,-252.089914,1.210000,-253.299914
1184,-16.747745,-16.213592,-17.213592,-15.213592,noise,buy_from_mm,-15.213592,10,-85.676950,-253.154404,1.000000,-254.154404
1185,-17.705829,-18.866723,-19.866723,-17.866723,informed,buy_from_mm,-17.866723,9,-103.543673,-262.896134,0.810000,-263.706134
1186,-18.246262,-18.741050,-19.741050,-17.741050,informed,none,0.000000,9,-103.543673,-267.760030,0.810000,-268.570030
1187,-17.710917,-17.472075,-18.472075,-16.472075,noise,none,0.000000,9,-103.543673,-262.941923,0.810000,-263.751923
1188,-18.284679,-18.715305,-19.715305,-17.715305,informed,none,0.000000,9,-103.543673,-268.105780,0.810000,-268.915780
1189,-17.788331,-17.269078,-18.269078,-16.269078,noise,sell_to_mm,-18.269078,10,-85.274595,-263.157903,1.000000,-264.157903
1190,-17.032195,-16.052235,-17.052235,-15.052235,noise,buy_from_mm,-15.052235,9,-100.326829,-253.616582,0.810000,-254.426582
1191,-16.483978,-16.265377,-17.265377,-15.265377,informed,none,0.000000,9,-100.326829,-248.682627,0.810000,-249.492627
1192,-14.405703,-19.688952,-20.688952,-18.688952,informed,buy_from_mm,-18.688952,8,-119.015781,-234.261408,0.640000,-234.901408
1193,-15.670555,-14.254147,-15.254147,-13.254147,noise,none,0.000000,8,-119.015781,-244.380221,0.640000,-245.020221
1194,-15.667182,-16.758906,-17.758906,-15.758906,informed,buy_from_mm,-15.758906,7,-134.774687,-244.444962,0.490000,-244.934962
1195,-16.687055,-15.292827,-16.292827,-14.292827,informed,sell_to_mm,-16.292827,8,-118.481860,-251.978299,0.640000,-252.618299
1196,-16.557854,-15.489233,-16.489233,-14.489233,noise,none,0.000000,8,-118.481860,-250.944691,0.640000,-251.584691
1197,-17.337279,-19.659850,-20.659850,-18.659850,informed,buy_from_mm,-18.659850,7,-137.141710,-258.502663,0.490000,-258.992663
1198,-17.343771,-17.083269,-18.083269,-16.083269,informed,none,0.000000,7,-137.141710,-258.548105,0.490000,-259.038105
1199,-18.299013,-20.868833,-21.868833,-19.868833,noise,sell_to_mm,-21.868833,8,-115.272876,-261.664983,0.640000,-262.304983
1200,-17.661332,-19.827542,-20.827542,-18.827542,informed,buy_from_mm,-18.827542,7,-134.100418,-257.729741,0.490000,-258.219741
1201,-17.568467,-22.075847,-23.075847,-21.075847,noise,none,0.000000,7,-134.100418,-257.079688,0.490000,-257.569688
1202,-15.877934,-16.083165,-17.083165,-15.083165,informed,none,0.000000,7,-134.100418,-245.245954,0.490000,-245.735954
1203,-15.402950,-15.289017,-16.289017,-14.289017,noise,none,0.000000,7,-134.100418,-241.921067,0.490000,-242.411067
1204,-14.718154,-15.951462,-16.951462,-14.951462,informed,buy_from_mm,-14.951462,6,-149.051880,-237.360803,0.360000,-237.720803
1205,-14.739721,-13.275022,-14.275022,-12.275022,informed,sell_to_mm,-14.275022,7,-134.776858,-237.954907,0.490000,-238.444907
1206,-13.812013,-16.094059,-17.094059,-15.094059,noise,none,0.000000,7,-134.776858,-231.460947,0.490000,-231.950947
1207,-14.340679,-15.606363,-16.606363,-14.606363,noise,none,0.000000,7,-134.776858,-235.161615,0.490000,-235.651615
1208,-13.749775,-14.770313,-15.770313,-13.770313,informed,buy_from_mm,-13.770313,6,-148.547171,-231.045823,0.360000,-231.405823
1209,-14.499953,-12.314258,-13.314258,-11.314258,noise,none,0.000000,6,-148.547171,-235.546887,0.360000,-235.906887
1210,-14.653858,-14.488497,-15.488497,-13.488497,noise,none,0.000000,6,-148.547171,-236.470318,0.360000,-236.830318
1211,-13.894001,-11.103303,-12.103303,-10.103303,noise,buy_from_mm,-10.103303,5,-158.650474,-228.120476,0.250000,-228.370476
1212,-13.127918,-12.610752,-13.610752,-11.610752,noise,none,0.000000,5,-158.650474,-224.290062,0.250000,-224.540062
1213,-13.878043,-12.660744,-13.660744,-11.660744,informed,sell_to_mm,-13.660744,6,-144.989730,-228.257985,0.360000,-228.617985
1214,-14.963159,-14.624452,-15.624452,-13.624452,noise,none,0.000000,6,-144.989730,-234.768683,0.360000,-235.128683
1215,-16.929293,-16.389272,-17.389272,-15.389272,noise,none,0.000000,6,-144.989730,-246.565487,0.360000,-246.925487
1216,-17.766938,-19.132528,-20.132528,-18.132528,noise,none,0.000000,6,-144.989730,-251.591359,0.360000,-251.951359
1217,-18.560907,-20.986803,-21.986803,-19.986803,noise,none,0.000000,6,-144.989730,-256.355173,0.360000,-256.715173
1218,-16.670573,-18.640424,-19.640424,-17.640424,noise,sell_to_mm,-19.640424,7,-125.349306,-242.043314,0.490000,-242.533314
1219,-17.381470,-17.141295,-18.141295,-16.141295,noise,sell_to_mm,-18.141295,8,-107.208011,-246.259773,0.640000,-246.899773
1220,-17.877769,-16.445338,-17.445338,-15.445338,noise,none,0.000000,8,-107.208011,-250.230159,0.640000,-250.870159
1221,-18.987458,-21.349053,-22.349053,-20.349053,informed,buy_from_mm,-20.349053,7,-127.557064,-260.469270,0.490000,-260.959270
1222,-17.127217,-15.652170,-16.652170,-14.652170,noise,buy_from_mm,-14.652170,6,-142.209235,-244.972537,0.360000,-245.332537
1223,-18.574289,-19.611556,-20.611556,-18.611556,noise,none,0.000000,6,-142.209235,-253.654971,0.360000,-254.014971
1224,-17.842795,-18.264031,-19.264031,-17.264031,informed,none,0.000000,6,-142.209235,-249.266002,0.360000,-249.626002
1225,-18.640435,-17.196611,-18.196611,-16.196611,noise,none,0.000000,6,-142.209235,-254.051847,0.360000,-254.411847
1226,-18.915005,-18.628200,-19.628200,-17.628200,noise,none,0.000000,6,-142.209235,-255.699267,0.360000,-256.059267
1227,-19.474506,-21.500813,-22.500813,-20.500813,informed,buy_from_mm,-20.500813,5,-162.710048,-260.082577,0.250000,-260.332577
1228,-19.756851,-22.926158,-23.926158,-21.926158,noise,none,0.000000,5,-162.710048,-261.494305,0.250000,-261.744305
1229,-20.743893,-17.885849,-18.885849,-16.885849,informed,sell_to_mm,-18.885849,6,-143.824200,-268.287556,0.360000,-268.647556
1230,-20.764486,-18.102676,-19.102676,-17.102676,noise,none,0.000000,6,-143.824200,-268.411117,0.360000,-268.771117
1231,-21.207748,-17.263678,-18.263678,-16.263678,informed,sell_to_mm,-18.263678,7,-125.560521,-274.014760,0.490000,-274.504760
1232,-21.550315,-22.006753,-23.006753,-21.006753,noise,sell_to_mm,-23.006753,8,-102.553768,-274.956291,0.640000,-275.596291
1233,-23.745184,-28.468034,-29.468034,-27.468034,noise,buy_from_mm,-27.468034,7,-130.021802,-296.238091,0.490000,-296.728091
1234,-24.602319,-25.634086,-26.634086,-24.634086,noise,none,0.000000,7,-130.021802,-302.238038,0.490000,-302.728038
1235,-23.144192,-23.884018,-24.884018,-22.884018,noise,none,0.000000,7,-130.021802,-292.031147,0.490000,-292.521147
1236,-22.999823,-20.563216,-21.563216,-19.563216,noise,buy_from_mm,-19.563216,6,-149.585018,-287.583958,0.360000,-287.943958
1237,-21.331662,-16.596808,-17.596808,-15.596808,noise,sell_to_mm,-17.596808,7,-131.988210,-281.309843,0.490000,-281.799843
1238,-21.067489,-21.276740,-22.276740,-20.276740,noise,none,0.000000,7,-131.988210,-279.460635,0.490000,-279.950635
1239,-19.679427,-20.744622,-21.744622,-19.744622,noise,none,0.000000,7,-131.988210,-269.744197,0.490000,-270.234197
1240,-18.243373,-18.660725,-19.660725,-17.660725,informed,none,0.000000,7,-131.988210,-259.691824,0.490000,-260.181824
1241,-19.384225,-19.468832,-20.468832,-18.468832,noise,sell_to_mm,-20.468832,8,-111.519378,-266.593181,0.640000,-267.233181
1242,-19.197059,-20.154850,-21.154850,-19.154850,noise,none,0.000000,8,-111.519378,-265.095848,0.640000,-265.735848
1243,-18.814916,-16.798700,-17.798700,-15.798700,noise,none,0.000000,8,-111.519378,-262.038703,0.640000,-262.678703
1244,-16.585819,-12.539458,-13.539458,-11.539458,informed,sell_to_mm,-13.539458,9,-97.979919,-247.252291,0.810000,-248.062291
1245,-16.431356,-16.613037,-17.613037,-15.613037,informed,none,0.000000,9,-97.979919,-245.862122,0.810000,-246.672122
1246,-16.768923,-18.047841,-19.047841,-17.047841,noise,none,0.000000,9,-97.979919,-248.900224,0.810000,-249.710224
1247,-16.169642,-17.313576,-18.313576,-16.313576,noise,sell_to_mm,-18.313576,10,-79.666343,-241.362767,1.000000,-242.362767
1248,-16.083268,-14.808254,-15.808254,-13.808254,informed,sell_to_mm,-15.808254,11,-63.858089,-240.774034,1.210000,-241.984034
1249,-16.470655,-16.821912,-17.821912,-15.821912,noise,none,0.000000,11,-63.858089,-245.035296,1.210000,-246.245296
1250,-16.449665,-18.779274,-19.779274,-17.779274,informed,buy_from_mm,-17.779274,10,-81.637363,-246.134016,1.000000,-247.134016
1251,-16.416303,-16.157329,-17.157329,-15.157329,noise,none,0.000000,10,-81.637363,-245.800398,1.000000,-246.800398
1252,-16.840428,-18.709905,-19.709905,-17.709905,informed,buy_from_mm,-17.709905,9,-99.347268,-250.911117,0.810000,-251.721117
1253,-16.867260,-17.222978,-18.222978,-16.222978,informed,none,0.000000,9,-99.347268,-251.152605,0.810000,-251.962605
1254,-17.500224,-12.998441,-13.998441,-11.998441,noise,none,0.000000,9,-99.347268,-256.849284,0.810000,-257.659284
1255,-17.261550,-18.350992,-19.350992,-17.350992,informed,buy_from_mm,-17.350992,8,-116.698260,-254.790660,0.640000,-255.430660
1256,-16.822337,-15.153876,-16.153876,-14.153876,informed,sell_to_mm,-16.153876,9,-100.544384,-251.945417,0.810000,-252.755417
1257,-16.102096,-15.388322,-16.388322,-14.388322,noise,none,0.000000,9,-100.544384,-245.463250,0.810000,-246.273250
1258,-15.658802,-17.081675,-18.081675,-16.081675,informed,buy_from_mm,-16.081675,8,-116.626060,-241.896477,0.640000,-242.536477
1259,-16.402544,-15.057243,-16.057243,-14.057243,informed,sell_to_mm,-16.057243,9,-100.568817,-248.191715,0.810000,-249.001715
1260,-15.455379,-14.361998,-15.361998,-13.361998,noise,none,0.000000,9,-100.568817,-239.667232,0.810000,-240.477232
1261,-15.992748,-18.727924,-19.727924,-17.727924,informed,buy_from_mm,-17.727924,8,-118.296741,-246.238729,0.640000,-246.878729
1262,-15.209803,-12.040587,-13.040587,-11.040587,noise,sell_to_mm,-13.040587,9,-105.256154,-242.144378,0.810000,-242.954378
1263,-16.731454,-16.159393,-17.159393,-15.159393,informed,none,0.000000,9,-105.256154,-255.839241,0.810000,-256.649241
1264,-15.033857,-16.129243,-17.129243,-15.129243,noise,sell_to_mm,-17.129243,10,-88.126911,-238.465485,1.000000,-239.465485
1265,-14.103481,-16.692237,-17.692237,-15.692237,noise,none,0.000000,10,-88.126911,-229.161724,1.000000,-230.161724
1266,-14.633537,-14.527386,-15.527386,-13.527386,noise,buy_from_mm,-13.527386,9,-101.654297,-233.356131,0.810000,-234.166131
1267,-15.078027,-16.709946,-17.709946,-15.709946,informed,buy_from_mm,-15.709946,8,-117.364242,-237.988457,0.640000,-238.628457
1268,-14.321263,-14.807057,-15.807057,-13.807057,noise,none,0.000000,8,-117.364242,-231.934343,0.640000,-232.574343
1269,-15.259887,-13.441637,-14.441637,-12.441637,noise,buy_from_mm,-12.441637,7,-129.805879,-236.625087,0.490000,-237.115087
1270,-15.902603,-16.983217,-17.983217,-15.983217,informed,buy_from_mm,-15.983217,6,-145.789096,-241.204714,0.360000,-241.564714
1271,-16.995028,-16.247484,-17.247484,-15.247484,noise,none,0.000000,6,-145.789096,-247.759264,0.360000,-248.119264
1272,-17.020871,-17.926945,-18.926945,-16.926945,informed,none,0.000000,6,-145.789096,-247.914324,0.360000,-248.274324
1273,-16.712103,-17.056756,-18.056756,-16.056756,noise,none,0.000000,6,-145.789096,-246.061711,0.360000,-246.421711
1274,-17.200589,-15.493742,-16.493742,-14.493742,noise,none,0.000000,6,-145.789096,-248.992631,0.360000,-249.352631
1275,-17.532674,-18.982037,-19.982037,-17.982037,informed,buy_from_mm,-17.982037,5,-163.771133,-251.434503,0.250000,-251.684503
1276,-18.161687,-19.789667,-20.789667,-18.789667,noise,none,0.000000,5,-163.771133,-254.579566,0.250000,-254.829566
1277,-16.683574,-17.536277,-18.536277,-16.536277,noise,none,0.000000,5,-163.771133,-247.189003,0.250000,-247.439003
1278,-16.510261,-12.911328,-13.911328,-11.911328,noise,none,0.000000,5,-163.771133,-246.322437,0.250000,-246.572437
1279,-16.959430,-13.234195,-14.234195,-12.234195,informed,sell_to_mm,-14.234195,6,-149.536938,-251.293518,0.360000,-251.653518
1280,-20.109745,-20.701279,-21.701279,-19.701279,informed,none,0.000000,6,-149.536938,-270.195410,0.360000,-270.555410
1281,-19.499571,-22.513208,-23.513208,-21.513208,noise,none,0.000000,6,-149.536938,-266.534365,0.360000,-266.894365
1282,-19.803136,-21.850858,-22.850858,-20.850858,noise,none,0.000000,6,-149.536938,-268.355751,0.360000,-268.715751
1283,-19.864377,-17.894609,-18.894609,-16.894609,informed,sell_to_mm,-18.894609,7,-130.642329,-269.692968,0.490000,-270.182968
1284,-21.126991,-22.820576,-23.820576,-21.820576,noise,buy_from_mm,-21.820576,6,-152.462906,-279.224851,0.360000,-279.584851
1285,-20.750159,-23.671393,-24.671393,-22.671393,informed,buy_from_mm,-22.671393,5,-175.134299,-278.885095,0.250000,-279.135095
1286,-20.601055,-22.512113,-23.512113,-21.512113,noise,none,0.000000,5,-175.134299,-278.139574,0.250000,-278.389574
1287,-21.048796,-17.156159,-18.156159,-16.156159,informed,sell_to_mm,-18.156159,6,-156.978140,-283.270918,0.360000,-283.630918
1288,-21.022285,-19.379881,-20.379881,-18.379881,noise,none,0.000000,6,-156.978140,-283.111847,0.360000,-283.471847
1289,-20.617091,-15.431579,-16.431579,-14.431579,noise,sell_to_mm,-16.431579,7,-140.546561,-284.866197,0.490000,-285.356197
1290,-20.371858,-20.817428,-21.817428,-19.817428,informed,none,0.000000,7,-140.546561,-283.149566,0.490000,-283.639566
1291,-21.648596,-22.799705,-23.799705,-21.799705,noise,none,0.000000,7,-140.546561,-292.086731,0.490000,-292.576731
1292,-21.524696,-21.204405,-22.204405,-20.204405,noise,sell_to_mm,-22.204405,8,-118.342155,-290.539720,0.640000,-291.179720
1293,-21.241663,-18.912669,-19.912669,-17.912669,noise,none,0.000000,8,-118.342155,-288.275460,0.640000,-288.915460
1294,-22.431047,-20.768837,-21.768837,-19.768837,noise,none,0.000000,8,-118.342155,-297.790533,0.640000,-298.430533
1295,-21.801376,-18.499440,-19.499440,-17.499440,informed,sell_to_mm,-19.499440,9,-98.842716,-295.055099,0.810000,-295.865099
1296,-22.103842,-21.908433,-22.908433,-20.908433,noise,none,0.000000,9,-98.842716,-297.777295,0.810000,-298.587295
1297,-21.071361,-18.309672,-19.309672,-17.309672,informed,sell_to_mm,-19.309672,10,-79.533043,-290.246651,1.000000,-291.246651
1298,-22.009994,-23.706216,-24.706216,-22.706216,noise,none,0.000000,10,-79.533043,-299.632986,1.000000,-300.632986
1299,-22.618245,-21.275630,-22.275630,-20.275630,informed,sell_to_mm,-22.275630,11,-57.257413,-306.058113,1.210000,-307.268113
1300,-24.864584,-23.794551,-24.794551,-22.794551,informed,sell_to_mm,-24.794551,12,-32.462862,-330.837875,1.440000,-332.277875
1301,-23.476007,-25.200435,-26.200435,-24.200435,noise,sell_to_mm,-26.200435,13,-6.262428,-311.450517,1.690000,-313.140517
1302,-24.090956,-25.057612,-26.057612,-24.057612,informed,none,0.000000,13,-6.262428,-319.444859,1.690000,-321.134859
1303,-23.659489,-23.387865,-24.387865,-22.387865,noise,buy_from_mm,-22.387865,12,-28.650293,-312.564158,1.440000,-314.004158
1304,-23.925483,-26.977518,-27.977518,-25.977518,informed,buy_from_mm,-25.977518,11,-54.627810,-317.808128,1.210000,-319.018128
1305,-23.247951,-21.953850,-22.953850,-20.953850,informed,sell_to_mm,-22.953850,12,-31.673961,-310.649371,1.440000,-312.089371
1306,-21.528615,-25.375412,-26.375412,-24.375412,informed,buy_from_mm,-24.375412,11,-56.049373,-292.864135,1.210000,-294.074135
1307,-21.170827,-20.949229,-21.949229,-19.949229,noise,none,0.000000,11,-56.049373,-288.928474,1.210000,-290.138474
1308,-19.319797,-20.431978,-21.431978,-19.431978,informed,buy_from_mm,-19.431978,10,-75.481351,-268.679318,1.000000,-269.679318
1309,-18.765348,-15.375339,-16.375339,-14.375339,informed,sell_to_mm,-16.375339,11,-59.106013,-265.524842,1.210000,-266.734842
1310,-14.895527,-15.066533,-16.066533,-14.066533,noise,sell_to_mm,-16.066533,12,-43.039480,-221.785802,1.440000,-223.225802
1311,-14.325366,-15.025914,-16.025914,-14.025914,noise,none,0.000000,12,-43.039480,-214.943876,1.440000,-216.383876
1312,-12.955260,-13.723168,-14.723168,-12.723168,informed,none,0.000000,12,-43.039480,-198.502595,1.440000,-199.942595
1313,-14.365650,-14.473521,-15.473521,-13.473521,informed,none,0.000000,12,-43.039480,-215.427278,1.440000,-216.867278
1314,-13.689280,-12.716152,-13.716152,-11.716152,informed,none,0.000000,12,-43.039480,-207.310841,1.440000,-208.750841
1315,-13.944589,-15.030959,-16.030959,-14.030959,noise,none,0.000000,12,-43.039480,-210.374542,1.440000,-211.814542
1316,-13.731737,-14.290900,-15.290900,-13.290900,noise,none,0.000000,12,-43.039480,-207.820321,1.440000,-209.260321
1317,-13.745104,-11.136397,-12.136397,-10.136397,noise,none,0.000000,12,-43.039480,-207.980730,1.440000,-209.420730
1318,-13.650058,-12.024717,-13.024717,-11.024717,noise,none,0.000000,12,-43.039480,-206.840182,1.440000,-208.280182
1319,-11.996791,-7.226201,-8.226201,-6.226201,noise,none,0.000000,12,-43.039480,-187.000970,1.440000,-188.440970
1320,-11.749185,-9.592572,-10.592572,-8.592572,noise,none,0.000000,12,-43.039480,-184.029701,1.440000,-185.469701
1321,-11.780025,-11.586348,-12.586348,-10.586348,noise,none,0.000000,12,-43.039480,-184.399775,1.440000,-185.839775
1322,-10.869261,-8.813172,-9.813172,-7.813172,informed,sell_to_mm,-9.813172,13,-33.226308,-174.526703,1.690000,-176.216703
1323,-9.895686,-10.596917,-11.596917,-9.596917,noise,none,0.000000,13,-33.226308,-161.870224,1.690000,-163.560224
1324,-10.219411,-10.344441,-11.344441,-9.344441,informed,none,0.000000,13,-33.226308,-166.078654,1.690000,-167.768654
1325,-10.641131,-11.635345,-12.635345,-10.635345,informed,none,0.000000,13,-33.226308,-171.561013,1.690000,-173.251013
1326,-9.994647,-7.435147,-8.435147,-6.435147,noise,none,0.000000,13,-33.226308,-163.156718,1.690000,-164.846718
1327,-10.075047,-10.617308,-11.617308,-9.617308,noise,none,0.000000,13,-33.226308,-164.201923,1.690000,-165.891923
1328,-11.873839,-12.438324,-13.438324,-11.438324,informed,none,0.000000,13,-33.226308,-187.586215,1.690000,-189.276215
1329,-12.291223,-10.536072,-11.536072,-9.536072,noise,buy_from_mm,-9.536072,12,-42.762380,-190.257061,1.440000,-191.697061
1330,-12.313295,-12.323319,-13.323319,-11.323319,informed,none,0.000000,12,-42.762380,-190.521918,1.440000,-191.961918
1331,-14.314105,-13.471727,-14.471727,-12.471727,informed,none,0.000000,12,-42.762380,-214.531644,1.440000,-215.971644
1332,-15.585670,-16.462239,-17.462239,-15.462239,informed,none,0.000000,12,-42.762380,-229.790426,1.440000,-231.230426
1333,-14.996170,-15.955377,-16.955377,-14.955377,noise,none,0.000000,12,-42.762380,-222.716423,1.440000,-224.156423
1334,-14.932237,-15.322083,-16.322083,-14.322083,noise,sell_to_mm,-16.322083,13,-26.440297,-220.559373,1.690000,-222.249373
1335,-15.046642,-13.346901,-14.346901,-12.346901,noise,none,0.000000,13,-26.440297,-222.046643,1.690000,-223.736643
1336,-16.620094,-16.499357,-17.499357,-15.499357,noise,buy_from_mm,-15.499357,12,-41.939654,-241.380779,1.440000,-242.820779
1337,-14.999355,-15.627227,-16.627227,-14.627227,noise,none,0.000000,12,-41.939654,-221.931920,1.440000,-223.371920
1338,-15.228958,-12.859420,-13.859420,-11.859420,informed,sell_to_mm,-13.859420,13,-28.080234,-226.056694,1.690000,-227.746694
1339,-14.611348,-18.237529,-19.237529,-17.237529,noise,none,0.000000,13,-28.080234,-218.027752,1.690000,-219.717752
1340,-13.503577,-8.911922,-9.911922,-7.911922,informed,sell_to_mm,-9.911922,14,-18.168312,-207.218391,1.960000,-209.178391
1341,-12.718027,-15.794901,-16.794901,-14.794901,noise,none,0.000000,14,-18.168312,-196.220683,1.960000,-198.180683
1342,-13.180780,-14.869386,-15.869386,-13.869386,informed,buy_from_mm,-13.869386,13,-32.037698,-203.387844,1.690000,-205.077844
1343,-13.999055,-12.602451,-13.602451,-11.602451,informed,sell_to_mm,-13.602451,14,-18.435247,-214.422020,1.960000,-216.382020
1344,-12.913047,-10.306499,-11.306499,-9.306499,noise,none,0.000000,14,-18.435247,-199.217903,1.960000,-201.177903
1345,-13.042630,-15.980467,-16.980467,-14.980467,informed,buy_from_mm,-14.980467,13,-33.415714,-202.969900,1.690000,-204.659900
1346,-14.057333,-13.235319,-14.235319,-12.235319,noise,none,0.000000,13,-33.415714,-216.161041,1.690000,-217.851041
1347,-13.747357,-19.181264,-20.181264,-18.181264,informed,buy_from_mm,-18.181264,12,-51.596978,-216.565267,1.440000,-218.005267
1348,-13.142288,-15.620658,-16.620658,-14.620658,noise,none,0.000000,12,-51.596978,-209.304432,1.440000,-210.744432
1349,-11.917879,-11.311717,-12.311717,-10.311717,noise,none,0.000000,12,-51.596978,-194.611527,1.440000,-196.051527
1350,-13.077934,-10.320635,-11.320635,-9.320635,informed,sell_to_mm,-11.320635,13,-40.276343,-210.289490,1.690000,-211.979490
1351,-12.586287,-10.233284,-11.233284,-9.233284,noise,sell_to_mm,-11.233284,14,-29.043059,-205.251074,1.960000,-207.211074
1352,-12.554170,-11.972871,-12.972871,-10.972871,noise,none,0.000000,14,-29.043059,-204.801434,1.960000,-206.761434
1353,-11.454823,-9.936964,-10.936964,-8.936964,noise,sell_to_mm,-10.936964,15,-18.106095,-189.928446,2.250000,-192.178446
1354,-11.344218,-9.911856,-10.911856,-8.911856,noise,none,0.000000,15,-18.106095,-188.269368,2.250000,-190.519368
1355,-13.616185,-13.533413,-14.533413,-12.533413,noise,none,0.000000,15,-18.106095,-222.348865,2.250000,-224.598865
1356,-16.505674,-18.027756,-19.027756,-17.027756,informed,buy_from_mm,-17.027756,14,-35.133851,-266.213293,1.960000,-268.173293
1357,-16.058382,-15.719202,-16.719202,-14.719202,noise,none,0.000000,14,-35.133851,-259.951193,1.960000,-261.911193
1358,-17.318728,-19.016710,-20.016710,-18.016710,noise,none,0.000000,14,-35.133851,-277.596043,1.960000,-279.556043
1359,-14.005442,-13.288725,-14.288725,-12.288725,informed,none,0.000000,14,-35.133851,-231.210033,1.960000,-233.170033
1360,-12.556756,-9.882571,-10.882571,-8.882571,informed,sell_to_mm,-10.882571,15,-24.251280,-212.602623,2.250000,-214.852623
1361,-12.084972,-13.579013,-14.579013,-12.579013,noise,none,0.000000,15,-24.251280,-205.525857,2.250000,-207.775857
1362,-12.365505,-13.362958,-14.362958,-12.362958,informed,none,0.000000,15,-24.251280,-209.733851,2.250000,-211.983851
1363,-14.546837,-14.646491,-15.646491,-13.646491,informed,none,0.000000,15,-24.251280,-242.453835,2.250000,-244.703835
1364,-15.382991,-14.992394,-15.992394,-13.992394,noise,sell_to_mm,-15.992394,16,-8.258886,-254.386745,2.560000,-256.946745
1365,-15.532918,-14.463759,-15.463759,-13.463759,informed,sell_to_mm,-15.463759,17,7.204873,-256.854740,2.890000,-259.744740
1366,-15.677802,-16.512320,-17.512320,-15.512320,noise,buy_from_mm,-15.512320,16,-8.307447,-259.152281,2.560000,-261.712281
1367,-16.009677,-15.722019,-16.722019,-14.722019,noise,buy_from_mm,-14.722019,15,-23.029466,-263.174616,2.250000,-265.424616
1368,-15.424986,-15.584842,-16.584842,-14.584842,informed,none,0.000000,15,-23.029466,-254.404260,2.250000,-256.654260
1369,-14.064510,-16.229385,-17.229385,-15.229385,noise,none,0.000000,15,-23.029466,-233.997120,2.250000,-236.247120
1370,-12.495088,-16.582639,-17.582639,-15.582639,noise,none,0.000000,15,-23.029466,-210.455793,2.250000,-212.705793
1371,-11.447833,-13.177729,-14.177729,-12.177729,noise,none,0.000000,15,-23.029466,-194.746968,2.250000,-196.996968
1372,-11.766090,-10.296154,-11.296154,-9.296154,informed,sell_to_mm,-11.296154,16,-11.733312,-199.990750,2.560000,-202.550750
1373,-12.895376,-13.576435,-14.576435,-12.576435,informed,none,0.000000,16,-11.733312,-218.059321,2.560000,-220.619321
1374,-13.535500,-12.697663,-13.697663,-11.697663,informed,none,0.000000,16,-11.733312,-228.301316,2.560000,-230.861316
1375,-14.299218,-15.211365,-16.211365,-14.211365,noise,none,0.000000,16,-11.733312,-240.520808,2.560000,-243.080808
1376,-14.597575,-16.788532,-17.788532,-15.788532,noise,none,0.000000,16,-11.733312,-245.294517,2.560000,-247.854517
1377,-13.452869,-12.171692,-13.171692,-11.171692,informed,sell_to_mm,-13.171692,17,1.438380,-227.260393,2.890000,-230.150393
1378,-15.892217,-14.789710,-15.789710,-13.789710,noise,none,0.000000,17,1.438380,-268.729316,2.890000,-271.619316
1379,-15.053438,-18.398827,-19.398827,-17.398827,noise,none,0.000000,17,1.438380,-254.470062,2.890000,-257.360062
1380,-13.447471,-11.874993,-12.874993,-10.874993,noise,sell_to_mm,-12.874993,18,14.313373,-227.741103,3.240000,-230.981103
1381,-15.019374,-13.491504,-14.491504,-12.491504,informed,sell_to_mm,-14.491504,19,28.804877,-256.563236,3.610000,-260.173236
1382,-15.025703,-12.570008,-13.570008,-11.570008,informed,sell_to_mm,-13.570008,20,42.374884,-258.139169,4.000000,-262.139169
1383,-15.807863,-15.424425,-16.424425,-14.424425,noise,none,0.000000,20,42.374884,-273.782379,4.000000,-277.782379
1384,-15.822289,-16.488203,-17.488203,-15.488203,informed,none,0.000000,20,42.374884,-274.070903,4.000000,-278.070903
1385,-13.810886,-16.789646,-17.789646,-15.789646,noise,none,0.000000,20,42.374884,-233.842846,4.000000,-237.842846
1386,-13.265202,-16.815833,-17.815833,-15.815833,noise,none,0.000000,20,42.374884,-222.929149,4.000000,-226.929149
1387,-13.872058,-13.281333,-14.281333,-12.281333,noise,sell_to_mm,-14.281333,21,56.656218,-234.657003,4.410000,-239.067003
1388,-13.363304,-13.526393,-14.526393,-12.526393,informed,none,0.000000,21,56.656218,-223.973161,4.410000,-228.383161
1389,-14.011658,-14.352749,-15.352749,-13.352749,noise,none,0.000000,21,56.656218,-237.588594,4.410000,-241.998594
1390,-14.741849,-14.420261,-15.420261,-13.420261,noise,none,0.000000,21,56.656218,-252.922604,4.410000,-257.332604
1391,-14.121856,-10.582323,-11.582323,-9.582323,noise,none,0.000000,21,56.656218,-239.902766,4.410000,-244.312766
1392,-14.010379,-14.031955,-15.031955,-13.031955,noise,buy_from_mm,-13.031955,20,43.624263,-236.583309,4.000000,-240.583309
1393,-12.911578,-11.835281,-12.835281,-10.835281,noise,buy_from_mm,-10.835281,19,32.788982,-212.531000,3.610000,-216.141000
1394,-12.413858,-10.683354,-11.683354,-9.683354,informed,sell_to_mm,-11.683354,20,44.472336,-203.804833,4.000000,-207.804833
1395,-13.864217,-14.716673,-15.716673,-13.716673,noise,none,0.000000,20,44.472336,-232.811998,4.000000,-236.811998
1396,-14.544106,-11.761349,-12.761349,-10.761349,informed,sell_to_mm,-12.761349,21,57.233685,-248.192539,4.410000,-252.602539
1397,-13.012993,-12.706721,-13.706721,-11.706721,informed,none,0.000000,21,57.233685,-216.039163,4.410000,-220.449163
1398,-14.231815,-16.144800,-17.144800,-15.144800,noise,none,0.000000,21,57.233685,-241.634425,4.410000,-246.044425
1399,-15.065903,-15.711198,-16.711198,-14.711198,informed,none,0.000000,21,57.233685,-259.150286,4.410000,-263.560286
1400,-14.348243,-17.778373,-18.778373,-16.778373,informed,buy_from_mm,-16.778373,20,40.455312,-246.509540,4.000000,-250.509540
1401,-15.043794,-17.029873,-18.029873,-16.029873,informed,buy_from_mm,-16.029873,19,24.425440,-261.406646,3.610000,-265.016646
1402,-13.966124,-11.654278,-12.654278,-10.654278,informed,sell_to_mm,-12.654278,20,37.079718,-242.242756,4.000000,-246.242756
1403,-12.149515,-13.293529,-14.293529,-12.293529,informed,buy_from_mm,-12.293529,19,24.786189,-206.054602,3.610000,-209.664602
1404,-12.639075,-12.310463,-13.310463,-11.310463,informed,none,0.000000,19,24.786189,-215.356245,3.610000,-218.966245
1405,-12.484376,-10.933576,-11.933576,-9.933576,informed,sell_to_mm,-11.933576,20,36.719765,-212.967757,4.000000,-216.967757
1406,-11.207346,-10.116669,-11.116669,-9.116669,informed,sell_to_mm,-11.116669,21,47.836434,-187.517823,4.410000,-191.927823
1407,-11.753032,-10.483540,-11.483540,-9.483540,noise,none,0.000000,21,47.836434,-198.977239,4.410000,-203.387239
1408,-12.373016,-11.070111,-12.070111,-10.070111,noise,none,0.000000,21,47.836434,-211.996901,4.410000,-216.406901
1409,-10.930611,-10.408295,-11.408295,-9.408295,informed,none,0.000000,21,47.836434,-181.706398,4.410000,-186.116398
1410,-12.562093,-10.944859,-11.944859,-9.944859,informed,sell_to_mm,-11.944859,22,59.781293,-216.584762,4.840000,-221.424762
1411,-11.612773,-12.098683,-13.098683,-11.098683,noise,buy_from_mm,-11.098683,21,48.682610,-195.185619,4.410000,-199.595619
1412,-10.152080,-9.161647,-10.161647,-8.161647,informed,none,0.000000,21,48.682610,-164.511070,4.410000,-168.921070
1413,-9.923773,-9.052770,-10.052770,-8.052770,noise,none,0.000000,21,48.682610,-159.716626,4.410000,-164.126626
1414,-8.142094,-3.884368,-4.884368,-2.884368,informed,sell_to_mm,-4.884368,22,53.566978,-125.559096,4.840000,-130.399096
1415,-7.432803,-8.765919,-9.765919,-7.765919,noise,none,0.000000,22,53.566978,-109.954688,4.840000,-114.794688
1416,-8.924340,-9.744372,-10.744372,-8.744372,informed,none,0.000000,22,53.566978,-142.768507,4.840000,-147.608507
1417,-7.727676,-7.751178,-8.751178,-6.751178,noise,none,0.000000,22,53.566978,-116.441899,4.840000,-121.281899
1418,-6.510673,-7.599850,-8.599850,-6.599850,noise,none,0.000000,22,53.566978,-89.667826,4.840000,-94.507826
1419,-7.171455,-6.217927,-7.217927,-5.217927,noise,none,0.000000,22,53.566978,-104.205035,4.840000,-109.045035
1420,-8.289166,-14.801087,-15.801087,-13.801087,noise,none,0.000000,22,53.566978,-128.794670,4.840000,-133.634670
1421,-7.967491,-6.556031,-7.556031,-5.556031,noise,none,0.000000,22,53.566978,-121.717833,4.840000,-126.557833
1422,-7.381693,-10.124300,-11.124300,-9.124300,noise,none,0.000000,22,53.566978,-108.830270,4.840000,-113.670270
1423,-8.171318,-11.254727,-12.254727,-10.254727,informed,buy_from_mm,-10.254727,21,43.312252,-128.285429,4.410000,-132.695429
1424,-5.758846,-7.029799,-8.029799,-6.029799,noise,none,0.000000,21,43.312252,-77.623518,4.410000,-82.033518
1425,-6.002145,-4.657410,-5.657410,-3.657410,noise,none,0.000000,21,43.312252,-82.732797,4.410000,-87.142797
1426,-7.368293,-8.562349,-9.562349,-7.562349,informed,buy_from_mm,-7.562349,20,35.749903,-111.615954,4.000000,-115.615954
1427,-6.991563,-3.234979,-4.234979,-2.234979,informed,sell_to_mm,-4.234979,21,39.984882,-106.837932,4.410000,-111.247932
1428,-5.911723,-4.404233,-5.404233,-3.404233,noise,none,0.000000,21,39.984882,-84.161307,4.410000,-88.571307
1429,-6.677656,-9.359796,-10.359796,-8.359796,noise,none,0.000000,21,39.984882,-100.245888,4.410000,-104.655888
1430,-7.961993,-9.344340,-10.344340,-8.344340,informed,buy_from_mm,-8.344340,20,31.640542,-127.599326,4.000000,-131.599326
1431,-7.436647,-6.806975,-7.806975,-5.806975,noise,none,0.000000,20,31.640542,-117.092389,4.000000,-121.092389
1432,-7.721040,-10.276963,-11.276963,-9.276963,informed,buy_from_mm,-9.276963,19,22.363579,-124.336177,3.610000,-127.946177
1433,-5.972633,-5.926545,-6.926545,-4.926545,informed,none,0.000000,19,22.363579,-91.116454,3.610000,-94.726454
1434,-7.327819,-6.499308,-7.499308,-5.499308,noise,none,0.000000,19,22.363579,-116.864973,3.610000,-120.474973
1435,-6.561765,-7.481078,-8.481078,-6.481078,noise,none,0.000000,19,22.363579,-102.309954,3.610000,-105.919954
1436,-4.990470,-4.066718,-5.066718,-3.066718,noise,sell_to_mm,-5.066718,20,27.430297,-72.379104,4.000000,-76.379104
1437,-4.245133,-7.127995,-8.127995,-6.127995,noise,none,0.000000,20,27.430297,-57.472361,4.000000,-61.472361
1438,-5.654153,-7.275830,-8.275830,-6.275830,noise,none,0.000000,20,27.430297,-85.652762,4.000000,-89.652762
1439,-4.423484,-2.163541,-3.163541,-1.163541,informed,sell_to_mm,-3.163541,21,30.593838,-62.299318,4.410000,-66.709318
1440,-3.113904,-4.517926,-5.517926,-3.517926,noise,none,0.000000,21,30.593838,-34.798140,4.410000,-39.208140
1441,-1.872222,-1.207131,-2.207131,-0.207131,informed,none,0.000000,21,30.593838,-8.722828,4.410000,-13.132828
1442,-3.830509,-4.343556,-5.343556,-3.343556,informed,none,0.000000,21,30.593838,-49.846844,4.410000,-54.256844
1443,-4.206698,-6.239919,-7.239919,-5.239919,informed,buy_from_mm,-5.239919,20,25.353919,-58.780046,4.000000,-62.780046
1444,-3.557399,-6.675415,-7.675415,-5.675415,informed,buy_from_mm,-5.675415,19,19.678503,-47.912069,3.610000,-51.522069
1445,-2.072065,-2.606550,-3.606550,-1.606550,informed,none,0.000000,19,19.678503,-19.690729,3.610000,-23.300729
1446,-2.291675,-0.328624,-1.328624,0.671376,noise,buy_from_mm,0.671376,18,20.349879,-20.900269,3.240000,-24.140269
1447,-5.321631,-6.804467,-7.804467,-5.804467,noise,buy_from_mm,-5.804467,17,14.545412,-75.922307,2.890000,-78.812307
1448,-6.369541,-6.437719,-7.437719,-5.437719,noise,none,0.000000,17,14.545412,-93.736785,2.890000,-96.626785
1449,-5.466526,-3.134984,-4.134984,-2.134984,informed,sell_to_mm,-4.134984,18,18.680396,-79.717081,3.240000,-82.957081
1450,-6.365600,-7.290886,-8.290886,-6.290886,noise,sell_to_mm,-8.290886,19,26.971282,-93.975110,3.610000,-97.585110
1451,-5.836041,-5.992835,-6.992835,-4.992835,noise,none,0.000000,19,26.971282,-83.913490,3.610000,-87.523490
1452,-4.105127,-4.821406,-5.821406,-3.821406,noise,none,0.000000,19,26.971282,-51.026131,3.610000,-54.636131
1453,-4.643605,-3.722816,-4.722816,-2.722816,noise,none,0.000000,19,26.971282,-61.257205,3.610000,-64.867205
1454,-3.785681,-1.606874,-2.606874,-0.606874,informed,sell_to_mm,-2.606874,20,29.578156,-46.135460,4.000000,-50.135460
1455,-4.682676,-5.784464,-6.784464,-4.784464,noise,none,0.000000,20,29.578156,-64.075359,4.000000,-68.075359
1456,-3.742014,-1.221998,-2.221998,-0.221998,noise,buy_from_mm,-0.221998,19,29.356158,-41.742103,3.610000,-45.352103
1457,-3.689004,-5.258089,-6.258089,-4.258089,informed,buy_from_mm,-4.258089,18,25.098069,-41.304002,3.240000,-44.544002
1458,-4.159600,-4.751584,-5.751584,-3.751584,noise,sell_to_mm,-5.751584,19,30.849654,-48.182751,3.610000,-51.792751
1459,-4.501539,-3.978034,-4.978034,-2.978034,informed,none,0.000000,19,30.849654,-54.679592,3.610000,-58.289592
1460,-4.921903,-3.899229,-4.899229,-2.899229,noise,sell_to_mm,-4.899229,20,35.748883,-62.689182,4.000000,-66.689182
1461,-4.369551,-6.090979,-7.090979,-5.090979,noise,none,0.000000,20,35.748883,-51.642142,4.000000,-55.642142
1462,-5.212451,-4.051594,-5.051594,-3.051594,informed,sell_to_mm,-5.051594,21,40.800477,-68.660990,4.410000,-73.070990
1463,-5.939210,-3.516087,-4.516087,-2.516087,noise,none,0.000000,21,40.800477,-83.922943,4.410000,-88.332943
1464,-6.856087,-7.376788,-8.376788,-6.376788,informed,none,0.000000,21,40.800477,-103.177349,4.410000,-107.587349
1465,-6.261809,-9.150156,-10.150156,-8.150156,noise,none,0.000000,21,40.800477,-90.697519,4.410000,-95.107519
1466,-6.332454,-6.844918,-7.844918,-5.844918,informed,none,0.000000,21,40.800477,-92.181052,4.410000,-96.591052
1467,-6.006914,-7.762011,-8.762011,-6.762011,noise,sell_to_mm,-8.762011,22,49.562487,-82.589622,4.840000,-87.429622
1468,-4.749937,-4.628620,-5.628620,-3.628620,informed,none,0.000000,22,49.562487,-54.936122,4.840000,-59.776122
1469,-3.733489,-4.266221,-5.266221,-3.266221,informed,none,0.000000,22,49.562487,-32.574274,4.840000,-37.414274
1470,-2.972087,-2.329992,-3.329992,-1.329992,noise,none,0.000000,22,49.562487,-15.823418,4.840000,-20.663418
1471,-3.718723,-5.429252,-6.429252,-4.429252,noise,none,0.000000,22,49.562487,-32.249418,4.840000,-37.089418
1472,-4.056075,-2.198783,-3.198783,-1.198783,informed,sell_to_mm,-3.198783,23,52.761270,-40.528460,5.290000,-45.818460
1473,-4.429735,-8.810124,-9.810124,-7.810124,noise,buy_from_mm,-7.810124,22,44.951146,-52.503030,4.840000,-57.343030
1474,-3.367562,-5.145356,-6.145356,-4.145356,informed,buy_from_mm,-4.145356,21,40.805790,-29.913002,4.410000,-34.323002
1475,-3.246161,-4.432469,-5.432469,-3.432469,noise,none,0.000000,21,40.805790,-27.363581,4.410000,-31.773581
1476,-3.134373,0.849761,-0.150239,1.849761,noise,none,0.000000,21,40.805790,-25.016047,4.410000,-29.426047
1477,-2.930639,-0.800068,-1.800068,0.199932,informed,sell_to_mm,-1.800068,22,42.605857,-21.868197,4.840000,-26.708197
1478,-2.272826,-2.451037,-3.451037,-1.451037,informed,none,0.000000,22,42.605857,-7.396325,4.840000,-12.236325
1479,-1.850781,-0.875424,-1.875424,0.124576,noise,buy_from_mm,0.124576,21,42.730434,3.864042,4.410000,-0.545958
1480,-2.597218,-5.494666,-6.494666,-4.494666,informed,buy_from_mm,-4.494666,20,38.235768,-13.708586,4.000000,-17.708586
1481,-1.036308,-1.439556,-2.439556,-0.439556,informed,none,0.000000,20,38.235768,17.509600,4.000000,13.509600
1482,1.179792,-0.090217,-1.090217,0.909783,noise,none,0.000000,20,38.235768,61.831611,4.000000,57.831611
1483,1.979357,3.865423,2.865423,4.865423,informed,sell_to_mm,2.865423,21,35.370345,76.936844,4.410000,72.526844
1484,2.895528,3.441497,2.441497,4.441497,noise,none,0.000000,21,35.370345,96.176427,4.410000,91.766427
1485,3.540380,1.584217,0.584217,2.584217,informed,buy_from_mm,2.584217,20,37.954561,108.762152,4.000000,104.762152
1486,3.525722,2.059536,1.059536,3.059536,noise,none,0.000000,20,37.954561,108.469011,4.000000,104.469011
1487,3.565137,3.092441,2.092441,4.092441,informed,none,0.000000,20,37.954561,109.257299,4.000000,105.257299
1488,3.430648,1.339741,0.339741,2.339741,noise,none,0.000000,20,37.954561,106.567513,4.000000,102.567513
1489,2.352520,2.091677,1.091677,3.091677,noise,buy_from_mm,3.091677,19,41.046239,85.744121,3.610000,82.134121
1490,2.474568,-0.369418,-1.369418,0.630582,noise,none,0.000000,19,41.046239,88.063030,3.610000,84.453030
1491,3.850746,5.921400,4.921400,6.921400,informed,sell_to_mm,4.921400,20,36.124838,113.139748,4.000000,109.139748
1492,4.551920,4.910550,3.910550,5.910550,informed,none,0.000000,20,36.124838,127.163243,4.000000,123.163243
1493,5.459832,6.724796,5.724796,7.724796,informed,sell_to_mm,5.724796,21,30.400042,145.056506,4.410000,140.646506
1494,3.457476,4.650317,3.650317,5.650317,noise,sell_to_mm,3.650317,22,26.749726,102.814199,4.840000,97.974199
1495,2.534033,3.136013,2.136013,4.136013,informed,none,0.000000,22,26.749726,82.498450,4.840000,77.658450
1496,1.692835,0.528742,-0.471258,1.528742,informed,buy_from_mm,1.528742,21,28.278467,63.827994,4.410000,59.417994
1497,2.438136,6.216863,5.216863,7.216863,informed,sell_to_mm,5.216863,22,23.061604,76.700607,4.840000,71.860607
1498,1.177240,2.191052,1.191052,3.191052,informed,sell_to_mm,1.191052,23,21.870552,48.947075,5.290000,43.657075
1499,0.699309,0.627192,-0.372808,1.627192,informed,none,0.000000,23,21.870552,37.954667,5.290000,32.664667
1500,1.393281,-1.013655,-2.013655,-0.013655,informed,buy_from_mm,-0.013655,22,21.856897,52.509073,4.840000,47.669073
1501,0.506887,1.961284,0.961284,2.961284,informed,sell_to_mm,0.961284,23,20.895613,32.554018,5.290000,27.264018
1502,0.059204,-2.744921,-3.744921,-1.744921,noise,none,0.000000,23,20.895613,22.257299,5.290000,16.967299
1503,-0.314874,-2.108647,-3.108647,-1.108647,noise,none,0.000000,23,20.895613,13.653507,5.290000,8.363507
1504,-1.298312,-2.206393,-3.206393,-1.206393,noise,buy_from_mm,-1.206393,22,19.689221,-8.873644,4.840000,-13.713644
1505,-3.034733,-2.322645,-3.322645,-1.322645,noise,none,0.000000,22,19.689221,-47.074895,4.840000,-51.914895
1506,-4.877653,-4.537402,-5.537402,-3.537402,noise,none,0.000000,22,19.689221,-87.619137,4.840000,-92.459137
1507,-4.348924,1.218677,0.218677,2.218677,noise,none,0.000000,22,19.689221,-75.987107,4.840000,-80.827107
1508,-4.815820,-7.373504,-8.373504,-6.373504,noise,none,0.000000,22,19.689221,-86.258811,4.840000,-91.098811
1509,-5.781834,-4.085932,-5.085932,-3.085932,noise,buy_from_mm,-3.085932,21,16.603288,-104.815233,4.410000,-109.225233
1510,-5.881427,-6.450162,-7.450162,-5.450162,informed,none,0.000000,21,16.603288,-106.906686,4.410000,-111.316686
1511,-4.541751,-6.516529,-7.516529,-5.516529,noise,none,0.000000,21,16.603288,-78.773492,4.410000,-83.183492
1512,-2.950332,-2.427053,-3.427053,-1.427053,informed,none,0.000000,21,16.603288,-45.353675,4.410000,-49.763675
1513,-4.472981,-4.545380,-5.545380,-3.545380,noise,buy_from_mm,-3.545380,20,13.057908,-76.401711,4.000000,-80.401711
1514,-4.665931,-5.022839,-6.022839,-4.022839,noise,sell_to_mm,-6.022839,21,19.080747,-78.903802,4.410000,-83.313802
1515,-4.612214,-1.733489,-2.733489,-0.733489,informed,sell_to_mm,-2.733489,22,21.814236,-79.654478,4.840000,-84.494478
1516,-5.079778,-6.002940,-7.002940,-5.002940,informed,none,0.000000,22,21.814236,-89.940878,4.840000,-94.780878
1517,-5.219092,-6.888256,-7.888256,-5.888256,informed,buy_from_mm,-5.888256,21,15.925981,-93.674957,4.410000,-98.084957
1518,-5.320466,-4.147443,-5.147443,-3.147443,noise,none,0.000000,21,15.925981,-95.803808,4.410000,-100.213808
1519,-4.796953,-9.531691,-10.531691,-8.531691,informed,buy_from_mm,-8.531691,20,7.394290,-88.544761,4.000000,-92.544761
1520,-5.208882,-7.993199,-8.993199,-6.993199,noise,none,0.000000,20,7.394290,-96.783353,4.000000,-100.783353
1521,-5.239704,-5.553886,-6.553886,-4.553886,informed,none,0.000000,20,7.394290,-97.399783,4.000000,-101.399783
1522,-4.224688,-7.115775,-8.115775,-6.115775,informed,buy_from_mm,-6.115775,19,1.278515,-78.990565,3.610000,-82.600565
1523,-3.097301,-3.185975,-4.185975,-2.185975,noise,sell_to_mm,-4.185975,20,5.464491,-56.481532,4.000000,-60.481532
1524,-2.063590,-4.936737,-5.936737,-3.936737,informed,buy_from_mm,-3.936737,19,1.527754,-37.680453,3.610000,-41.290453
1525,-2.481938,-4.472753,-5.472753,-3.472753,noise,none,0.000000,19,1.527754,-45.629077,3.610000,-49.239077
1526,-4.429988,-8.045156,-9.045156,-7.045156,noise,none,0.000000,19,1.527754,-82.642027,3.610000,-86.252027
1527,-3.730996,-4.245297,-5.245297,-3.245297,noise,none,0.000000,19,1.527754,-69.361165,3.610000,-72.971165
1528,-4.795082,-6.608054,-7.608054,-5.608054,informed,buy_from_mm,-5.608054,18,-4.080300,-90.391769,3.240000,-93.631769
1529,-5.572088,-4.635849,-5.635849,-3.635849,informed,none,0.000000,18,-4.080300,-104.377891,3.240000,-107.617891
1530,-3.883392,-6.775053,-7.775053,-5.775053,informed,buy_from_mm,-5.775053,17,-9.855353,-75.873016,2.890000,-78.763016
1531,-4.319626,-3.730652,-4.730652,-2.730652,informed,none,0.000000,17,-9.855353,-83.288988,2.890000,-86.178988
1532,-6.013602,-5.425766,-6.425766,-4.425766,noise,none,0.000000,17,-9.855353,-112.086581,2.890000,-114.976581
1533,-6.331197,-6.181482,-7.181482,-5.181482,informed,none,0.000000,17,-9.855353,-117.485694,2.890000,-120.375694
1534,-6.548294,-8.375856,-9.375856,-7.375856,noise,buy_from_mm,-7.375856,16,-17.231209,-122.003920,2.560000,-124.563920
1535,-7.587633,-6.758743,-7.758743,-5.758743,noise,none,0.000000,16,-17.231209,-138.633339,2.560000,-141.193339
1536,-6.705731,-4.595198,-5.595198,-3.595198,noise,none,0.000000,16,-17.231209,-124.522904,2.560000,-127.082904
1537,-7.872024,-6.307557,-7.307557,-5.307557,noise,buy_from_mm,-5.307557,15,-22.538766,-140.619124,2.250000,-142.869124
1538,-5.378176,-2.488753,-3.488753,-1.488753,noise,none,0.000000,15,-22.538766,-103.211407,2.250000,-105.461407
1539,-6.047946,-4.876834,-5.876834,-3.876834,informed,sell_to_mm,-5.876834,16,-16.661932,-113.429061,2.560000,-115.989061
1540,-5.727304,-2.782179,-3.782179,-1.782179,informed,sell_to_mm,-3.782179,17,-12.879753,-110.243914,2.890000,-113.133914
1541,-5.077664,-7.968911,-8.968911,-6.968911,noise,none,0.000000,17,-12.879753,-99.200034,2.890000,-102.090034
1542,-5.942427,-5.885570,-6.885570,-4.885570,noise,buy_from_mm,-4.885570,16,-17.765323,-112.844153,2.560000,-115.404153
1543,-5.576900,-7.082340,-8.082340,-6.082340,noise,none,0.000000,16,-17.765323,-106.995730,2.560000,-109.555730
1544,-5.678420,-5.095201,-6.095201,-4.095201,noise,none,0.000000,16,-17.765323,-108.620037,2.560000,-111.180037
1545,-6.225889,-6.166030,-7.166030,-5.166030,noise,none,0.000000,16,-17.765323,-117.379540,2.560000,-119.939540
1546,-5.289944,-6.273091,-7.273091,-5.273091,noise,none,0.000000,16,-17.765323,-102.404430,2.560000,-104.964430
1547,-5.116432,-2.808671,-3.808671,-1.808671,noise,sell_to_mm,-3.808671,17,-13.956653,-100.935992,2.890000,-103.825992
1548,-5.192432,-6.481214,-7.481214,-5.481214,noise,none,0.000000,17,-13.956653,-102.227993,2.890000,-105.117993
1549,-3.504494,-7.123735,-8.123735,-6.123735,noise,none,0.000000,17,-13.956653,-73.533051,2.890000,-76.423051
1550,-3.676626,-3.041877,-4.041877,-2.041877,informed,none,0.000000,17,-13.956653,-76.459296,2.890000,-79.349296
1551,-4.826263,-4.772602,-5.772602,-3.772602,noise,none,0.000000,17,-13.956653,-96.003120,2.890000,-98.893120
1552,-4.548798,-0.835100,-1.835100,0.164900,informed,sell_to_mm,-1.835100,18,-12.121552,-93.999909,3.240000,-97.239909
1553,-5.534625,-7.575853,-8.575853,-6.575853,informed,buy_from_mm,-6.575853,17,-18.697405,-112.786032,2.890000,-115.676032
1554,-5.707481,-3.814112,-4.814112,-2.814112,informed,sell_to_mm,-4.814112,18,-13.883293,-116.617946,3.240000,-119.857946
1555,-3.765176,-8.940141,-9.940141,-7.940141,noise,none,0.000000,18,-13.883293,-81.656452,3.240000,-84.896452
1556,-5.845787,-5.247068,-6.247068,-4.247068,informed,none,0.000000,18,-13.883293,-119.107451,3.240000,-122.347451
1557,-3.679941,1.024994,0.024994,2.024994,informed,sell_to_mm,0.024994,19,-13.908287,-83.827160,3.610000,-87.437160
1558,-3.138008,-5.510871,-6.510871,-4.510871,informed,buy_from_mm,-4.510871,18,-18.419158,-74.903302,3.240000,-78.143302
1559,-3.010307,-2.025114,-3.025114,-1.025114,noise,none,0.000000,18,-18.419158,-72.604685,3.240000,-75.844685
1560,-3.767341,-5.573110,-6.573110,-4.573110,informed,buy_from_mm,-4.573110,17,-22.992268,-87.037065,2.890000,-89.927065
1561,-2.718146,-6.040866,-7.040866,-5.040866,informed,buy_from_mm,-5.040866,16,-28.033133,-71.523473,2.560000,-74.083473
1562,-1.337840,0.426306,-0.573694,1.426306,noise,buy_from_mm,1.426306,15,-26.606827,-46.674420,2.250000,-48.924420
1563,-1.192888,-1.863419,-2.863419,-0.863419,informed,none,0.000000,15,-26.606827,-44.500143,2.250000,-46.750143
1564,-1.041970,-0.603407,-1.603407,0.396593,informed,none,0.000000,15,-26.606827,-42.236373,2.250000,-44.486373
1565,-0.745754,-2.941550,-3.941550,-1.941550,noise,none,0.000000,15,-26.606827,-37.793140,2.250000,-40.043140
1566,0.026168,-1.979326,-2.979326,-0.979326,informed,buy_from_mm,-0.979326,14,-27.586153,-27.219795,1.960000,-29.179795
1567,0.556332,3.344240,2.344240,4.344240,noise,none,0.000000,14,-27.586153,-19.797505,1.960000,-21.757505
1568,-0.243298,3.045430,2.045430,4.045430,informed,sell_to_mm,2.045430,15,-29.631582,-33.281060,2.250000,-35.531060
1569,-0.554473,-3.829038,-4.829038,-2.829038,noise,none,0.000000,15,-29.631582,-37.948670,2.250000,-40.198670
1570,0.273408,-1.943415,-2.943415,-0.943415,informed,buy_from_mm,-0.943415,14,-30.574998,-26.747291,1.960000,-28.707291
1571,-2.281350,-2.252674,-3.252674,-1.252674,informed,none,0.000000,14,-30.574998,-62.513904,1.960000,-64.473904
1572,-0.879038,-1.047496,-2.047496,-0.047496,noise,sell_to_mm,-2.047496,15,-28.527501,-41.713071,2.250000,-43.963071
1573,-0.108660,0.987403,-0.012597,1.987403,noise,none,0.000000,15,-28.527501,-30.157401,2.250000,-32.407401
1574,-0.812910,-1.896952,-2.896952,-0.896952,informed,buy_from_mm,-0.896952,14,-29.424454,-40.805198,1.960000,-42.765198
1575,-0.366945,-1.658212,-2.658212,-0.658212,informed,buy_from_mm,-0.658212,13,-30.082666,-34.852948,1.690000,-36.542948
1576,-1.043173,-1.953089,-2.953089,-0.953089,noise,none,0.000000,13,-30.082666,-43.643916,1.690000,-45.333916
1577,-0.501009,-0.280559,-1.280559,0.719441,informed,none,0.000000,13,-30.082666,-36.595779,1.690000,-38.285779
1578,-1.032686,0.167303,-0.832697,1.167303,informed,sell_to_mm,-0.832697,14,-29.249968,-43.707575,1.960000,-45.667575
1579,-1.129728,-2.880438,-3.880438,-1.880438,informed,buy_from_mm,-1.880438,13,-31.130406,-45.816871,1.690000,-47.506871
1580,-0.294548,0.867179,-0.132821,1.867179,noise,none,0.000000,13,-31.130406,-34.959531,1.690000,-36.649531
1581,0.009364,-0.063123,-1.063123,0.936877,informed,none,0.000000,13,-31.130406,-31.008680,1.690000,-32.698680
1582,0.167770,0.629963,-0.370037,1.629963,noise,sell_to_mm,-0.370037,14,-30.760369,-28.411594,1.960000,-30.371594
1583,-0.354283,-1.537631,-2.537631,-0.537631,informed,buy_from_mm,-0.537631,13,-31.298000,-35.903679,1.690000,-37.593679
1584,1.871633,3.491848,2.491848,4.491848,noise,none,0.000000,13,-31.298000,-6.966770,1.690000,-8.656770
1585,1.366376,4.032377,3.032377,5.032377,noise,buy_from_mm,5.032377,12,-26.265623,-9.869110,1.440000,-11.309110
1586,1.848350,0.582212,-0.417788,1.582212,noise,none,0.000000,12,-26.265623,-4.085422,1.440000,-5.525422
1587,1.153566,-1.085440,-2.085440,-0.085440,informed,buy_from_mm,-0.085440,11,-26.351063,-13.661836,1.210000,-14.871836
1588,0.426598,-0.674389,-1.674389,0.325611,informed,buy_from_mm,0.325611,10,-26.025452,-21.759468,1.000000,-22.759468
1589,1.530437,-0.767740,-1.767740,0.232260,noise,none,0.000000,10,-26.025452,-10.721080,1.000000,-11.721080
1590,1.385841,0.332368,-0.667632,1.332368,noise,none,0.000000,10,-26.025452,-12.167041,1.000000,-13.167041
1591,1.255074,1.528595,0.528595,2.528595,noise,sell_to_mm,0.528595,11,-26.554047,-12.748236,1.210000,-13.958236
1592,1.182151,1.089359,0.089359,2.089359,noise,none,0.000000,11,-26.554047,-13.550387,1.210000,-14.760387
1593,1.580074,-0.185871,-1.185871,0.814129,noise,none,0.000000,11,-26.554047,-9.173234,1.210000,-10.383234
1594,0.063500,-0.858838,-1.858838,0.141162,noise,none,0.000000,11,-26.554047,-25.855550,1.210000,-27.065550
1595,1.271661,0.968683,-0.031317,1.968683,informed,none,0.000000,11,-26.554047,-12.565777,1.210000,-13.775777
1596,-0.468074,2.323179,1.323179,3.323179,noise,sell_to_mm,1.323179,12,-27.877227,-33.494114,1.440000,-34.934114
1597,-0.701918,-1.281347,-2.281347,-0.281347,informed,none,0.000000,12,-27.877227,-36.300240,1.440000,-37.740240
1598,-2.078664,-2.588079,-3.588079,-1.588079,noise,sell_to_mm,-3.588079,13,-24.289148,-51.311775,1.690000,-53.001775
1599,-1.452405,-2.605541,-3.605541,-1.605541,informed,buy_from_mm,-1.605541,12,-25.894689,-43.323554,1.440000,-44.763554
1600,-0.723669,-0.760445,-1.760445,0.239555,noise,buy_from_mm,0.239555,11,-25.655134,-33.615492,1.210000,-34.825492
1601,0.085726,-3.839975,-4.839975,-2.839975,informed,buy_from_mm,-2.839975,10,-28.495109,-27.637846,1.000000,-28.637846
1602,-0.786827,-0.137889,-1.137889,0.862111,noise,none,0.000000,10,-28.495109,-36.363382,1.000000,-37.363382
1603,-1.086176,-2.506066,-3.506066,-1.506066,noise,sell_to_mm,-3.506066,11,-24.989043,-36.936984,1.210000,-38.146984
1604,-0.064392,2.221141,1.221141,3.221141,informed,sell_to_mm,1.221141,12,-26.210184,-26.982886,1.440000,-28.422886
1605,-0.681529,-0.886748,-1.886748,0.113252,informed,none,0.000000,12,-26.210184,-34.388537,1.440000,-35.828537
1606,-3.140151,-2.333984,-3.333984,-1.333984,noise,none,0.000000,12,-26.210184,-63.891997,1.440000,-65.331997
1607,-3.262564,-2.974130,-3.974130,-1.974130,noise,sell_to_mm,-3.974130,13,-22.236054,-64.649390,1.690000,-66.339390
1608,-1.521100,-1.397971,-2.397971,-0.397971,informed,none,0.000000,13,-22.236054,-42.010359,1.690000,-43.700359
1609,-1.063708,-4.084738,-5.084738,-3.084738,informed,buy_from_mm,-3.084738,12,-25.320792,-38.085284,1.440000,-39.525284
1610,0.697813,-3.154448,-4.154448,-2.154448,noise,none,0.000000,12,-25.320792,-16.947032,1.440000,-18.387032
1611,3.347601,3.414778,2.414778,4.414778,noise,none,0.000000,12,-25.320792,14.850416,1.440000,13.410416
1612,2.857971,-0.309222,-1.309222,0.690778,informed,buy_from_mm,0.690778,11,-24.630014,6.807666,1.210000,5.597666
1613,1.666238,1.968539,0.968539,2.968539,informed,none,0.000000,11,-24.630014,-6.301391,1.210000,-7.511391
1614,0.940921,0.015356,-0.984644,1.015356,noise,none,0.000000,11,-24.630014,-14.279887,1.210000,-15.489887
1615,-0.142299,0.620748,-0.379252,1.620748,noise,none,0.000000,11,-24.630014,-26.195302,1.210000,-27.405302
1616,-0.069928,-0.627360,-1.627360,0.372640,informed,none,0.000000,11,-24.630014,-25.399224,1.210000,-26.609224
1617,1.438338,-0.204276,-1.204276,0.795724,informed,buy_from_mm,0.795724,10,-23.834290,-9.450908,1.000000,-10.450908
1618,1.242935,1.820859,0.820859,2.820859,noise,none,0.000000,10,-23.834290,-11.404943,1.000000,-12.404943
1619,0.047006,-2.800372,-3.800372,-1.800372,noise,none,0.000000,10,-23.834290,-23.364235,1.000000,-24.364235
1620,-0.011653,-2.970371,-3.970371,-1.970371,informed,buy_from_mm,-1.970371,9,-25.804662,-25.909542,0.810000,-26.719542
1621,0.463599,0.874493,-0.125507,1.874493,noise,sell_to_mm,-0.125507,10,-25.679155,-21.043165,1.000000,-22.043165
1622,0.748280,-1.867985,-2.867985,-0.867985,noise,sell_to_mm,-2.867985,11,-22.811170,-14.580094,1.210000,-15.790094
1623,0.991302,1.505052,0.505052,2.505052,noise,none,0.000000,11,-22.811170,-11.906853,1.210000,-13.116853
1624,-0.156565,-0.759299,-1.759299,0.240701,noise,none,0.000000,11,-22.811170,-24.533390,1.210000,-25.743390
1625,0.183578,-0.141452,-1.141452,0.858548,informed,none,0.000000,11,-22.811170,-20.791811,1.210000,-22.001811
1626,0.098063,-0.512111,-1.512111,0.487889,noise,none,0.000000,11,-22.811170,-21.732476,1.210000,-22.942476
1627,0.945414,2.909337,1.909337,3.909337,informed,sell_to_mm,1.909337,12,-24.720507,-13.375536,1.440000,-14.815536
1628,0.741881,1.241923,0.241923,2.241923,noise,none,0.000000,12,-24.720507,-15.817932,1.440000,-17.257932
1629,-0.823510,-1.879220,-2.879220,-0.879220,noise,none,0.000000,12,-24.720507,-34.602624,1.440000,-36.042624
1630,-0.749482,-1.744350,-2.744350,-0.744350,noise,none,0.000000,12,-24.720507,-33.714296,1.440000,-35.154296
1631,-1.540611,0.335266,-0.664734,1.335266,informed,sell_to_mm,-0.664734,13,-24.055773,-44.083722,1.690000,-45.773722
1632,-2.214090,-5.088172,-6.088172,-4.088172,noise,none,0.000000,13,-24.055773,-52.838940,1.690000,-54.528940
1633,-1.827580,-0.846563,-1.846563,0.153437,noise,buy_from_mm,0.153437,12,-23.902336,-45.833296,1.440000,-47.273296
1634,-2.209461,-2.581295,-3.581295,-1.581295,informed,none,0.000000,12,-23.902336,-50.415874,1.440000,-51.855874
1635,-1.800990,-1.058211,-2.058211,-0.058211,noise,none,0.000000,12,-23.902336,-45.514214,1.440000,-46.954214
1636,-1.614244,-2.625794,-3.625794,-1.625794,informed,buy_from_mm,-1.625794,11,-25.528130,-43.284813,1.210000,-44.494813
1637,-2.313572,-1.921794,-2.921794,-0.921794,noise,none,0.000000,11,-25.528130,-50.977423,1.210000,-52.187423
1638,-2.738183,-2.509190,-3.509190,-1.509190,informed,none,0.000000,11,-25.528130,-55.648142,1.210000,-56.858142
1639,-2.433403,-3.556450,-4.556450,-2.556450,noise,sell_to_mm,-4.556450,12,-20.971680,-50.172510,1.440000,-51.612510
1640,-4.126767,-8.426797,-9.426797,-7.426797,noise,none,0.000000,12,-20.971680,-70.492879,1.440000,-71.932879
1641,-4.373921,-6.145334,-7.145334,-5.145334,informed,buy_from_mm,-5.145334,11,-26.117014,-74.230150,1.210000,-75.440150
1642,-1.925274,-2.185348,-3.185348,-1.185348,informed,none,0.000000,11,-26.117014,-47.295026,1.210000,-48.505026
1643,-2.090228,-2.785796,-3.785796,-1.785796,noise,none,0.000000,11,-26.117014,-49.109523,1.210000,-50.319523
1644,-2.408054,-5.531962,-6.531962,-4.531962,noise,none,0.000000,11,-26.117014,-52.605610,1.210000,-53.815610
1645,-1.271729,1.240009,0.240009,2.240009,informed,sell_to_mm,0.240009,12,-26.357023,-41.617772,1.440000,-43.057772
1646,0.755615,3.346748,2.346748,4.346748,informed,sell_to_mm,2.346748,13,-28.703770,-18.880775,1.690000,-20.570775
1647,-0.036083,3.578023,2.578023,4.578023,noise,none,0.000000,13,-28.703770,-29.172854,1.690000,-30.862854
1648,-0.900404,-1.331414,-2.331414,-0.331414,noise,none,0.000000,13,-28.703770,-40.409020,1.690000,-42.099020
1649,-0.728844,-0.035065,-1.035065,0.964935,noise,buy_from_mm,0.964935,12,-27.738836,-36.484969,1.440000,-37.924969
1650,0.388052,1.705035,0.705035,2.705035,noise,none,0.000000,12,-27.738836,-23.082208,1.440000,-24.522208
1651,-1.507346,-3.063650,-4.063650,-2.063650,informed,buy_from_mm,-2.063650,11,-29.802486,-46.383294,1.210000,-47.593294
1652,-0.304559,-1.704110,-2.704110,-0.704110,noise,none,0.000000,11,-29.802486,-33.152638,1.210000,-34.362638
1653,-1.100774,-3.902285,-4.902285,-2.902285,informed,buy_from_mm,-2.902285,10,-32.704771,-43.712507,1.000000,-44.712507
1654,-2.515194,-1.657845,-2.657845,-0.657845,noise,buy_from_mm,-0.657845,9,-33.362615,-55.999363,0.810000,-56.809363
1655,-3.904215,-5.069919,-6.069919,-4.069919,informed,buy_from_mm,-4.069919,8,-37.432534,-68.666256,0.640000,-69.306256
1656,-5.029756,-6.644552,-7.644552,-5.644552,informed,buy_from_mm,-5.644552,7,-43.077087,-78.285376,0.490000,-78.775376
1657,-5.613664,-2.596898,-3.596898,-1.596898,informed,sell_to_mm,-3.596898,8,-39.480189,-84.389499,0.640000,-85.029499
1658,-5.653124,-7.926832,-8.926832,-6.926832,noise,none,0.000000,8,-39.480189,-84.705178,0.640000,-85.345178
1659,-5.249976,-3.787685,-4.787685,-2.787685,informed,sell_to_mm,-4.787685,9,-34.692504,-81.942283,0.810000,-82.752283
1660,-4.445531,-10.178531,-11.178531,-9.178531,noise,none,0.000000,9,-34.692504,-74.702286,0.810000,-75.512286
1661,-5.371350,-4.809983,-5.809983,-3.809983,informed,none,0.000000,9,-34.692504,-83.034654,0.810000,-83.844654
1662,-7.579779,-7.881358,-8.881358,-6.881358,noise,none,0.000000,9,-34.692504,-102.910519,0.810000,-103.720519
1663,-7.299247,-6.286314,-7.286314,-5.286314,informed,sell_to_mm,-7.286314,10,-27.406189,-100.398664,1.000000,-101.398664
1664,-7.743981,-8.267460,-9.267460,-7.267460,informed,none,0.000000,10,-27.406189,-104.846000,1.000000,-105.846000
1665,-5.980049,-3.097759,-4.097759,-2.097759,informed,sell_to_mm,-4.097759,11,-23.308430,-89.088974,1.210000,-90.298974
1666,-7.929763,-5.617341,-6.617341,-4.617341,noise,none,0.000000,11,-23.308430,-110.535819,1.210000,-111.745819
1667,-7.593247,-9.429644,-10.429644,-8.429644,noise,none,0.000000,11,-23.308430,-106.834144,1.210000,-108.044144
1668,-8.071775,-8.786441,-9.786441,-7.786441,informed,none,0.000000,11,-23.308430,-112.097958,1.210000,-113.307958
1669,-8.536316,-5.725994,-6.725994,-4.725994,informed,sell_to_mm,-6.725994,12,-16.582436,-119.018222,1.440000,-120.458222
1670,-7.193155,-1.772153,-2.772153,-0.772153,noise,sell_to_mm,-2.772153,13,-13.810283,-107.321297,1.690000,-109.011297
1671,-4.689256,-6.138294,-7.138294,-5.138294,informed,buy_from_mm,-5.138294,12,-18.948577,-75.219653,1.440000,-76.659653
1672,-4.384837,-1.179252,-2.179252,-0.179252,noise,none,0.000000,12,-18.948577,-71.566619,1.440000,-73.006619
1673,-2.183358,-2.057514,-3.057514,-1.057514,noise,buy_from_mm,-1.057514,11,-20.006091,-44.023028,1.210000,-45.233028
1674,-0.315043,0.957829,-0.042171,1.957829,noise,none,0.000000,11,-20.006091,-23.471566,1.210000,-24.681566
1675,-1.585290,-0.976757,-1.976757,0.023243,noise,buy_from_mm,0.023243,10,-19.982848,-35.835748,1.000000,-36.835748
1676,-1.714023,-0.389617,-1.389617,0.610383,informed,sell_to_mm,-1.389617,11,-18.593231,-37.447490,1.210000,-38.657490
1677,-0.153674,4.597073,3.597073,5.597073,informed,sell_to_mm,3.597073,12,-22.190304,-24.034395,1.440000,-25.474395
1678,-0.228833,-1.342826,-2.342826,-0.342826,noise,none,0.000000,12,-22.190304,-24.936305,1.440000,-26.376305
1679,-1.875744,0.017478,-0.982522,1.017478,noise,none,0.000000,12,-22.190304,-44.699237,1.440000,-46.139237
1680,-3.025740,0.319650,-0.680350,1.319650,informed,sell_to_mm,-0.680350,13,-21.509954,-60.844571,1.690000,-62.534571
1681,-1.900765,-2.684558,-3.684558,-1.684558,informed,none,0.000000,13,-21.509954,-46.219897,1.690000,-47.909897
1682,-1.339082,-4.765747,-5.765747,-3.765747,noise,none,0.000000,13,-21.509954,-38.918015,1.690000,-40.608015
1683,-2.666472,-2.296688,-3.296688,-1.296688,informed,none,0.000000,13,-21.509954,-56.174093,1.690000,-57.864093
1684,-3.351563,-3.008438,-4.008438,-2.008438,informed,none,0.000000,13,-21.509954,-65.080270,1.690000,-66.770270
1685,-3.340745,-6.104241,-7.104241,-5.104241,noise,none,0.000000,13,-21.509954,-64.939645,1.690000,-66.629645
1686,-2.951283,-6.284310,-7.284310,-5.284310,noise,none,0.000000,13,-21.509954,-59.876627,1.690000,-61.566627
1687,-1.709878,-2.260113,-3.260113,-1.260113,noise,none,0.000000,13,-21.509954,-43.738362,1.690000,-45.428362
1688,-2.054792,-4.141152,-5.141152,-3.141152,noise,none,0.000000,13,-21.509954,-48.222255,1.690000,-49.912255
1689,-2.673609,0.601212,-0.398788,1.601212,noise,none,0.000000,13,-21.509954,-56.266869,1.690000,-57.956869
1690,-2.344706,-5.740881,-6.740881,-4.740881,noise,sell_to_mm,-6.740881,14,-14.769073,-47.594950,1.960000,-49.554950
1691,-2.963172,-0.818766,-1.818766,0.181234,informed,sell_to_mm,-1.818766,15,-12.950307,-57.397885,2.250000,-59.647885
1692,-4.036518,-1.540768,-2.540768,-0.540768,informed,sell_to_mm,-2.540768,16,-10.409539,-74.993828,2.560000,-77.553828
1693,-4.048244,-1.343838,-2.343838,-0.343838,informed,sell_to_mm,-2.343838,17,-8.065701,-76.885842,2.890000,-79.775842
1694,-2.657896,-2.509836,-3.509836,-1.509836,noise,buy_from_mm,-1.509836,16,-9.575537,-52.101873,2.560000,-54.661873
1695,-3.417838,-7.488934,-8.488934,-6.488934,noise,none,0.000000,16,-9.575537,-64.260945,2.560000,-66.820945
1696,-5.004742,-5.281544,-6.281544,-4.281544,noise,none,0.000000,16,-9.575537,-89.651417,2.560000,-92.211417
1697,-4.882693,-7.402008,-8.402008,-6.402008,noise,none,0.000000,16,-9.575537,-87.698623,2.560000,-90.258623
1698,-4.097831,-6.111625,-7.111625,-5.111625,noise,none,0.000000,16,-9.575537,-75.140835,2.560000,-77.700835
1699,-4.895529,-5.843198,-6.843198,-4.843198,noise,none,0.000000,16,-9.575537,-87.904000,2.560000,-90.464000
1700,-5.475537,-6.977956,-7.977956,-5.977956,informed,buy_from_mm,-5.977956,15,-15.553493,-97.686545,2.250000,-99.936545
1701,-4.819758,-7.190523,-8.190523,-6.190523,informed,buy_from_mm,-6.190523,14,-21.744016,-89.220632,1.960000,-91.180632
1702,-5.172170,-3.269422,-4.269422,-2.269422,informed,sell_to_mm,-4.269422,15,-17.474594,-95.057147,2.250000,-97.307147
1703,-5.315342,-5.437470,-6.437470,-4.437470,informed,none,0.000000,15,-17.474594,-97.204721,2.250000,-99.454721
1704,-5.310125,-6.581081,-7.581081,-5.581081,informed,buy_from_mm,-5.581081,14,-23.055674,-97.397418,1.960000,-99.357418
1705,-5.538433,-1.077446,-2.077446,-0.077446,noise,none,0.000000,14,-23.055674,-100.593736,1.960000,-102.553736
1706,-6.084631,-6.543297,-7.543297,-5.543297,noise,none,0.000000,14,-23.055674,-108.240510,1.960000,-110.200510
1707,-6.773165,-8.231068,-9.231068,-7.231068,noise,none,0.000000,14,-23.055674,-117.879991,1.960000,-119.839991
1708,-4.971436,-6.751497,-7.751497,-5.751497,informed,buy_from_mm,-5.751497,13,-28.807171,-93.435843,1.690000,-95.125843
1709,-5.262491,-7.074082,-8.074082,-6.074082,noise,none,0.000000,13,-28.807171,-97.219555,1.690000,-98.909555
1710,-3.112405,-1.800732,-2.800732,-0.800732,noise,buy_from_mm,-0.800732,12,-29.607903,-66.956761,1.440000,-68.396761
1711,-5.385646,-7.579867,-8.579867,-6.579867,informed,buy_from_mm,-6.579867,11,-36.187771,-95.429876,1.210000,-96.639876
1712,-3.989259,-1.029499,-2.029499,-0.029499,noise,buy_from_mm,-0.029499,10,-36.217269,-76.109862,1.000000,-77.109862
1713,-2.995934,-3.757131,-4.757131,-2.757131,informed,none,0.000000,10,-36.217269,-66.176613,1.000000,-67.176613
1714,-2.858691,-2.200387,-3.200387,-1.200387,informed,none,0.000000,10,-36.217269,-64.804177,1.000000,-65.804177
1715,-2.369861,-4.105821,-5.105821,-3.105821,informed,buy_from_mm,-3.105821,9,-39.323090,-60.651839,0.810000,-61.461839
1716,-0.912041,-2.609371,-3.609371,-1.609371,noise,sell_to_mm,-3.609371,10,-35.713719,-44.834132,1.000000,-45.834132
1717,-0.533564,1.046670,0.046670,2.046670,informed,sell_to_mm,0.046670,11,-35.760389,-41.629594,1.210000,-42.839594
1718,0.276868,0.055443,-0.944557,1.055443,noise,none,0.000000,11,-35.760389,-32.714846,1.210000,-33.924846
1719,0.489380,0.751410,-0.248590,1.751410,noise,buy_from_mm,1.751410,10,-34.008979,-29.115181,1.000000,-30.115181
1720,4.100302,2.708557,1.708557,3.708557,informed,buy_from_mm,3.708557,9,-30.300422,6.602294,0.810000,5.792294
1721,3.864983,3.799674,2.799674,4.799674,noise,none,0.000000,9,-30.300422,4.484429,0.810000,3.674429
1722,4.177784,0.031069,-0.968931,1.031069,noise,sell_to_mm,-0.968931,10,-29.331491,12.446350,1.000000,11.446350
1723,5.055301,5.013774,4.013774,6.013774,noise,none,0.000000,10,-29.331491,21.221523,1.000000,20.221523
1724,6.210748,7.226553,6.226553,8.226553,informed,sell_to_mm,6.226553,11,-35.558044,32.760180,1.210000,31.550180
1725,5.662229,6.384550,5.384550,7.384550,informed,none,0.000000,11,-35.558044,26.726479,1.210000,25.516479
1726,4.450902,4.411140,3.411140,5.411140,noise,none,0.000000,11,-35.558044,13.401878,1.210000,12.191878
1727,5.590509,7.598890,6.598890,8.598890,informed,sell_to_mm,6.598890,12,-42.156933,24.929178,1.440000,23.489178
1728,5.021006,4.477532,3.477532,5.477532,noise,none,0.000000,12,-42.156933,18.095139,1.440000,16.655139
1729,3.009858,1.139486,0.139486,2.139486,noise,none,0.000000,12,-42.156933,-6.038632,1.440000,-7.478632
1730,3.819993,5.206194,4.206194,6.206194,noise,sell_to_mm,4.206194,13,-46.363128,3.296783,1.690000,1.606783
1731,4.050090,5.550797,4.550797,6.550797,noise,none,0.000000,13,-46.363128,6.288042,1.690000,4.598042
1732,4.748212,6.951953,5.951953,7.951953,informed,sell_to_mm,5.951953,14,-52.315080,14.159882,1.960000,12.199882
1733,5.585991,6.973192,5.973192,7.973192,informed,sell_to_mm,5.973192,15,-58.288272,25.501591,2.250000,23.251591
1734,6.112305,5.384881,4.384881,6.384881,informed,none,0.000000,15,-58.288272,33.396306,2.250000,31.146306
1735,5.493006,9.509927,8.509927,10.509927,noise,buy_from_mm,10.509927,14,-47.778346,29.123737,1.960000,27.163737
1736,5.022528,3.963860,2.963860,4.963860,informed,buy_from_mm,4.963860,13,-42.814486,22.478379,1.690000,20.788379
1737,5.063677,6.600976,5.600976,7.600976,noise,none,0.000000,13,-42.814486,23.013319,1.690000,21.323319
1738,5.119563,6.051775,5.051775,7.051775,noise,buy_from_mm,7.051775,12,-35.762711,25.672050,1.440000,24.232050
1739,5.907263,7.717201,6.717201,8.717201,informed,sell_to_mm,6.717201,13,-42.479912,34.314503,1.690000,32.624503
1740,6.854131,7.361408,6.361408,8.361408,informed,none,0.000000,13,-42.479912,46.623789,1.690000,44.933789
1741,7.793489,6.619044,5.619044,7.619044,informed,buy_from_mm,7.619044,12,-34.860867,58.661001,1.440000,57.221001
1742,6.094177,8.441386,7.441386,9.441386,informed,sell_to_mm,7.441386,13,-42.302254,36.922054,1.690000,35.232054
1743,7.681430,7.704241,6.704241,8.704241,noise,none,0.000000,13,-42.302254,57.556335,1.690000,55.866335
1744,8.888261,10.088932,9.088932,11.088932,informed,sell_to_mm,9.088932,14,-51.391186,73.044465,1.960000,71.084465
1745,9.633970,10.844735,9.844735,11.844735,informed,sell_to_mm,9.844735,15,-61.235921,83.273630,2.250000,81.023630
1746,9.655885,5.309488,4.309488,6.309488,noise,none,0.000000,15,-61.235921,83.602359,2.250000,81.352359
1747,11.602302,10.141854,9.141854,11.141854,noise,none,0.000000,15,-61.235921,112.798606,2.250000,110.548606
1748,13.671558,12.634488,11.634488,13.634488,noise,none,0.000000,15,-61.235921,143.837450,2.250000,141.587450
1749,12.725787,14.618225,13.618225,15.618225,noise,none,0.000000,15,-61.235921,129.650890,2.250000,127.400890
1750,12.142118,9.023029,8.023029,10.023029,informed,buy_from_mm,10.023029,14,-51.212891,118.776759,1.960000,116.816759
1751,12.510520,8.684283,7.684283,9.684283,noise,none,0.000000,14,-51.212891,123.934394,1.960000,121.974394
1752,11.960849,9.044813,8.044813,10.044813,informed,buy_from_mm,10.044813,13,-41.168078,114.322956,1.690000,112.632956
1753,15.016317,17.938671,16.938671,18.938671,noise,sell_to_mm,16.938671,14,-58.106749,152.121695,1.960000,150.161695
1754,16.792846,18.016585,17.016585,19.016585,informed,sell_to_mm,17.016585,15,-75.123334,176.769353,2.250000,174.519353
1755,14.609730,14.487251,13.487251,15.487251,informed,none,0.000000,15,-75.123334,144.022619,2.250000,141.772619
1756,15.271762,16.507223,15.507223,17.507223,noise,none,0.000000,15,-75.123334,153.953095,2.250000,151.703095
1757,14.651081,16.577107,15.577107,17.577107,noise,buy_from_mm,17.577107,14,-57.546227,147.568903,1.960000,145.608903
1758,13.216276,13.922627,12.922627,14.922627,informed,none,0.000000,14,-57.546227,127.481632,1.960000,125.521632
1759,13.942851,17.555492,16.555492,18.555492,informed,sell_to_mm,16.555492,15,-74.101718,135.041042,2.250000,132.791042
1760,13.171597,12.169354,11.169354,13.169354,informed,buy_from_mm,13.169354,14,-60.932364,123.469991,1.960000,121.509991
1761,11.766317,12.918177,11.918177,13.918177,noise,none,0.000000,14,-60.932364,103.796070,1.960000,101.836070
1762,10.074214,8.177149,7.177149,9.177149,noise,buy_from_mm,9.177149,13,-51.755215,79.209573,1.690000,77.519573
1763,11.958320,12.674309,11.674309,13.674309,noise,none,0.000000,13,-51.755215,103.702951,1.690000,102.012951
1764,11.208104,13.811763,12.811763,14.811763,informed,sell_to_mm,12.811763,14,-64.566978,92.346474,1.960000,90.386474
1765,12.514376,10.763986,9.763986,11.763986,informed,buy_from_mm,11.763986,13,-52.802992,109.883900,1.690000,108.193900
1766,12.288421,11.552259,10.552259,12.552259,noise,sell_to_mm,10.552259,14,-63.355251,108.682645,1.960000,106.722645
1767,11.869528,13.789803,12.789803,14.789803,informed,sell_to_mm,12.789803,15,-76.145054,101.897866,2.250000,99.647866
1768,12.683687,12.091518,11.091518,13.091518,informed,none,0.000000,15,-76.145054,114.110247,2.250000,111.860247
1769,11.266727,10.275651,9.275651,11.275651,noise,none,0.000000,15,-76.145054,92.855857,2.250000,90.605857
1770,12.322909,16.074673,15.074673,17.074673,noise,sell_to_mm,15.074673,16,-91.219726,105.946815,2.560000,103.386815
1771,12.766941,11.778215,10.778215,12.778215,noise,sell_to_mm,10.778215,17,-101.997942,115.040059,2.890000,112.150059
1772,13.154913,12.114234,11.114234,13.114234,noise,buy_from_mm,13.114234,16,-88.883707,121.594894,2.560000,119.034894
1773,12.142237,9.481840,8.481840,10.481840,noise,sell_to_mm,8.481840,17,-97.365547,109.052481,2.890000,106.162481
1774,10.806541,11.828600,10.828600,12.828600,informed,sell_to_mm,10.828600,18,-108.194147,86.323597,3.240000,83.083597
1775,11.863407,9.142124,8.142124,10.142124,informed,buy_from_mm,10.142124,17,-98.052023,103.625891,2.890000,100.735891
1776,9.179227,8.977082,7.977082,9.977082,noise,none,0.000000,17,-98.052023,57.994834,2.890000,55.104834
1777,9.363557,10.746586,9.746586,11.746586,informed,sell_to_mm,9.746586,18,-107.798609,60.745409,3.240000,57.505409
1778,8.193504,9.139002,8.139002,10.139002,noise,sell_to_mm,8.139002,19,-115.937612,39.738972,3.610000,36.128972
1779,10.063116,8.672376,7.672376,9.672376,noise,none,0.000000,19,-115.937612,75.261596,3.610000,71.651596
1780,9.016075,5.804113,4.804113,6.804113,noise,none,0.000000,19,-115.937612,55.367807,3.610000,51.757807
1781,9.456389,9.066588,8.066588,10.066588,noise,none,0.000000,19,-115.937612,63.733780,3.610000,60.123780
1782,10.854429,9.937152,8.937152,10.937152,noise,none,0.000000,19,-115.937612,90.296531,3.610000,86.686531
1783,9.257044,12.771304,11.771304,13.771304,noise,sell_to_mm,11.771304,20,-127.708916,57.431971,4.000000,53.431971
1784,9.274411,10.804174,9.804174,11.804174,informed,sell_to_mm,9.804174,21,-137.513090,57.249551,4.410000,52.839551
1785,8.683618,9.896339,8.896339,10.896339,noise,none,0.000000,21,-137.513090,44.842880,4.410000,40.432880
1786,8.241270,11.475016,10.475016,12.475016,noise,none,0.000000,21,-137.513090,35.553582,4.410000,31.143582
1787,9.094237,7.553116,6.553116,8.553116,informed,buy_from_mm,8.553116,20,-128.959974,52.924766,4.000000,48.924766
1788,8.427998,9.136794,8.136794,10.136794,informed,none,0.000000,20,-128.959974,39.599978,4.000000,35.599978
1789,7.438681,2.428435,1.428435,3.428435,noise,none,0.000000,20,-128.959974,19.813650,4.000000,15.813650
1790,5.370002,5.254873,4.254873,6.254873,noise,none,0.000000,20,-128.959974,-21.559925,4.000000,-25.559925
1791,5.601464,6.837309,5.837309,7.837309,noise,none,0.000000,20,-128.959974,-16.930685,4.000000,-20.930685
1792,5.575245,6.116648,5.116648,7.116648,informed,none,0.000000,20,-128.959974,-17.455067,4.000000,-21.455067
1793,5.104544,3.647080,2.647080,4.647080,noise,none,0.000000,20,-128.959974,-26.869084,4.000000,-30.869084
1794,6.201791,5.365971,4.365971,6.365971,informed,none,0.000000,20,-128.959974,-4.924158,4.000000,-8.924158
1795,5.419299,7.796234,6.796234,8.796234,noise,none,0.000000,20,-128.959974,-20.573996,4.000000,-24.573996
1796,6.895377,7.647481,6.647481,8.647481,noise,none,0.000000,20,-128.959974,8.947574,4.000000,4.947574
1797,5.581558,5.040593,4.040593,6.040593,noise,none,0.000000,20,-128.959974,-17.328814,4.000000,-21.328814
1798,3.729343,2.277501,1.277501,3.277501,informed,buy_from_mm,3.277501,19,-125.682473,-54.824948,3.610000,-58.434948
1799,4.939506,7.268355,6.268355,8.268355,informed,sell_to_mm,6.268355,20,-131.950828,-33.160704,4.000000,-37.160704
1800,5.281185,0.694697,-0.305303,1.694697,informed,buy_from_mm,1.694697,19,-130.256130,-29.913616,3.610000,-33.523616
1801,4.851769,2.349604,1.349604,3.349604,informed,buy_from_mm,3.349604,18,-126.906526,-39.574685,3.240000,-42.814685
1802,5.011382,9.841513,8.841513,10.841513,informed,sell_to_mm,8.841513,19,-135.748039,-40.531788,3.610000,-44.141788
1803,4.758606,2.510809,1.510809,3.510809,noise,none,0.000000,19,-135.748039,-45.334523,3.610000,-48.944523
1804,2.561888,3.093272,2.093272,4.093272,noise,none,0.000000,19,-135.748039,-87.072176,3.610000,-90.682176
1805,3.142668,2.828866,1.828866,3.828866,noise,sell_to_mm,1.828866,20,-137.576906,-74.723536,4.000000,-78.723536
1806,1.834084,-0.332751,-1.332751,0.667249,informed,buy_from_mm,0.667249,19,-136.909657,-102.062063,3.610000,-105.672063
1807,1.946291,-0.651422,-1.651422,0.348578,noise,none,0.000000,19,-136.909657,-99.930136,3.610000,-103.540136
1808,2.470844,4.711741,3.711741,5.711741,noise,none,0.000000,19,-136.909657,-89.963623,3.610000,-93.573623
1809,3.689219,2.528113,1.528113,3.528113,noise,none,0.000000,19,-136.909657,-66.814493,3.610000,-70.424493
1810,3.505226,5.213009,4.213009,6.213009,informed,sell_to_mm,4.213009,20,-141.122666,-71.018152,4.000000,-75.018152
1811,3.229130,4.576453,3.576453,5.576453,noise,none,0.000000,20,-141.122666,-76.540072,4.000000,-80.540072
1812,3.956974,1.714772,0.714772,2.714772,noise,sell_to_mm,0.714772,21,-141.837437,-58.740989,4.410000,-63.150989
1813,4.709032,4.226098,3.226098,5.226098,informed,none,0.000000,21,-141.837437,-42.947762,4.410000,-47.357762
1814,5.670833,3.883248,2.883248,4.883248,informed,buy_from_mm,4.883248,20,-136.954190,-23.537526,4.000000,-27.537526
1815,4.207383,6.679107,5.679107,7.679107,noise,none,0.000000,20,-136.954190,-52.806540,4.000000,-56.806540
1816,3.973393,8.227617,7.227617,9.227617,noise,none,0.000000,20,-136.954190,-57.486325,4.000000,-61.486325
1817,3.051621,1.323373,0.323373,2.323373,noise,none,0.000000,20,-136.954190,-75.921773,4.000000,-79.921773
1818,2.015126,1.569021,0.569021,2.569021,noise,none,0.000000,20,-136.954190,-96.651679,4.000000,-100.651679
1819,1.345077,-0.430062,-1.430062,0.569938,noise,none,0.000000,20,-136.954190,-110.052650,4.000000,-114.052650
1820,1.617521,2.976629,1.976629,3.976629,noise,none,0.000000,20,-136.954190,-104.603773,4.000000,-108.603773
1821,0.822346,0.573556,-0.426444,1.573556,informed,none,0.000000,20,-136.954190,-120.507277,4.000000,-124.507277
1822,1.697930,1.400750,0.400750,2.400750,noise,none,0.000000,20,-136.954190,-102.995580,4.000000,-106.995580
1823,3.105399,3.906123,2.906123,4.906123,noise,buy_from_mm,4.906123,19,-132.048067,-73.045484,3.610000,-76.655484
1824,4.579077,5.699993,4.699993,6.699993,informed,sell_to_mm,4.699993,20,-136.748060,-45.166516,4.000000,-49.166516
1825,5.777359,4.166593,3.166593,5.166593,noise,sell_to_mm,3.166593,21,-139.914653,-18.590116,4.410000,-23.000116
1826,4.054027,6.546539,5.546539,7.546539,informed,sell_to_mm,5.546539,22,-145.461192,-56.272605,4.840000,-61.112605
1827,4.700957,1.852769,0.852769,2.852769,noise,none,0.000000,22,-145.461192,-42.040131,4.840000,-46.880131
1828,4.772469,5.022647,4.022647,6.022647,noise,none,0.000000,22,-145.461192,-40.466877,4.840000,-45.306877
1829,3.940270,0.260381,-0.739619,1.260381,noise,none,0.000000,22,-145.461192,-58.775247,4.840000,-63.615247
1830,1.522793,-0.838940,-1.838940,0.161060,informed,buy_from_mm,0.161060,21,-145.300132,-113.321473,4.410000,-117.731473
1831,0.647061,-1.170022,-2.170022,-0.170022,noise,none,0.000000,21,-145.300132,-131.711841,4.410000,-136.121841
1832,-0.609899,-1.270384,-2.270384,-0.270384,informed,none,0.000000,21,-145.300132,-158.108020,4.410000,-162.518020
1833,-1.338968,0.234504,-0.765496,1.234504,informed,sell_to_mm,-0.765496,22,-144.534636,-173.991926,4.840000,-178.831926
1834,-1.040099,1.333183,0.333183,2.333183,informed,sell_to_mm,0.333183,23,-144.867820,-168.790088,5.290000,-174.080088
1835,-0.901205,2.101928,1.101928,3.101928,noise,buy_from_mm,3.101928,22,-141.765891,-161.592404,4.840000,-166.432404
1836,-1.033831,-0.977927,-1.977927,0.022073,noise,none,0.000000,22,-141.765891,-164.510166,4.840000,-169.350166
1837,-1.673177,-0.858284,-1.858284,0.141716,noise,buy_from_mm,0.141716,21,-141.624176,-176.760885,4.410000,-181.170885
1838,-3.538235,0.342744,-0.657256,1.342744,noise,none,0.000000,21,-141.624176,-215.927114,4.410000,-220.337114
1839,-4.537904,-4.237256,-5.237256,-3.237256,informed,none,0.000000,21,-141.624176,-236.920157,4.410000,-241.330157
1840,-4.308543,-3.762971,-4.762971,-2.762971,noise,none,0.000000,21,-141.624176,-232.103588,4.410000,-236.513588
1841,-3.518607,-3.321262,-4.321262,-2.321262,noise,buy_from_mm,-2.321262,20,-143.945437,-214.317571,4.000000,-218.317571
1842,-4.013477,-7.409815,-8.409815,-6.409815,informed,buy_from_mm,-6.409815,19,-150.355252,-226.611314,3.610000,-230.221314
1843,-4.435072,-2.551016,-3.551016,-1.551016,noise,none,0.000000,19,-150.355252,-234.621612,3.610000,-238.231612
1844,-7.232626,-6.660076,-7.660076,-5.660076,noise,none,0.000000,19,-150.355252,-287.775138,3.610000,-291.385138
1845,-4.975517,-5.473216,-6.473216,-4.473216,noise,none,0.000000,19,-150.355252,-244.890070,3.610000,-248.500070
1846,-5.397442,-6.468623,-7.468623,-5.468623,noise,none,0.000000,19,-150.355252,-252.906648,3.610000,-256.516648
1847,-3.919236,-2.599615,-3.599615,-1.599615,noise,sell_to_mm,-3.599615,20,-146.755637,-225.140363,4.000000,-229.140363
1848,-4.278404,-5.941743,-6.941743,-4.941743,noise,none,0.000000,20,-146.755637,-232.323727,4.000000,-236.323727
1849,-3.204694,-5.766179,-6.766179,-4.766179,noise,buy_from_mm,-4.766179,19,-151.521816,-212.411004,3.610000,-216.021004
1850,-3.564785,-8.293221,-9.293221,-7.293221,noise,none,0.000000,19,-151.521816,-219.252722,3.610000,-222.862722
1851,-2.332596,-0.235451,-1.235451,0.764549,noise,sell_to_mm,-1.235451,20,-150.286365,-196.938283,4.000000,-200.938283
1852,-1.451298,0.323138,-0.676862,1.323138,informed,sell_to_mm,-0.676862,21,-149.609503,-180.086751,4.410000,-184.496751
1853,-1.466506,-2.726189,-3.726189,-1.726189,noise,none,0.000000,21,-149.609503,-180.406133,4.410000,-184.816133
1854,-1.453120,0.334126,-0.665874,1.334126,noise,sell_to_mm,-0.665874,22,-148.943629,-180.912263,4.840000,-185.752263
1855,-0.251390,0.800604,-0.199396,1.800604,noise,none,0.000000,22,-148.943629,-154.474199,4.840000,-159.314199
1856,-1.344805,-1.982057,-2.982057,-0.982057,noise,none,0.000000,22,-148.943629,-178.529349,4.840000,-183.369349
1857,-2.082614,-3.995866,-4.995866,-2.995866,noise,none,0.000000,22,-148.943629,-194.761142,4.840000,-199.601142
1858,-1.988690,-1.933476,-2.933476,-0.933476,informed,none,0.000000,22,-148.943629,-192.694801,4.840000,-197.534801
1859,-0.870879,-0.442354,-1.442354,0.557646,informed,none,0.000000,22,-148.943629,-168.102956,4.840000,-172.942956
1860,0.516220,0.850787,-0.149213,1.850787,noise,none,0.000000,22,-148.943629,-137.586793,4.840000,-142.426793
1861,0.266491,2.069873,1.069873,3.069873,noise,sell_to_mm,1.069873,23,-150.013502,-143.884199,5.290000,-149.174199
1862,-0.211152,-1.326117,-2.326117,-0.326117,noise,sell_to_mm,-2.326117,24,-147.687385,-152.755028,5.760000,-158.515028
1863,-0.359408,0.974260,-0.025740,1.974260,informed,sell_to_mm,-0.025740,25,-147.661645,-156.646845,6.250000,-162.896845
1864,0.403151,-3.432911,-4.432911,-2.432911,informed,buy_from_mm,-2.432911,24,-150.094556,-140.418929,5.760000,-146.178929
1865,2.348423,3.867677,2.867677,4.867677,noise,none,0.000000,24,-150.094556,-93.732407,5.760000,-99.492407
1866,4.385590,6.069406,5.069406,7.069406,noise,sell_to_mm,5.069406,25,-155.163962,-45.524223,6.250000,-51.774223
1867,5.514854,4.255239,3.255239,5.255239,informed,buy_from_mm,5.255239,24,-149.908723,-17.552231,5.760000,-23.312231
1868,4.931042,5.738017,4.738017,6.738017,noise,none,0.000000,24,-149.908723,-31.563721,5.760000,-37.323721
1869,4.442361,2.839548,1.839548,3.839548,noise,buy_from_mm,3.839548,23,-146.069175,-43.894872,5.290000,-49.184872
1870,6.919302,4.995136,3.995136,5.995136,noise,buy_from_mm,5.995136,22,-140.074039,12.150601,4.840000,7.310601
1871,6.825367,4.970530,3.970530,5.970530,informed,buy_from_mm,5.970530,21,-134.103509,9.229205,4.410000,4.819205
1872,5.889334,6.065527,5.065527,7.065527,noise,none,0.000000,21,-134.103509,-10.427490,4.410000,-14.837490
1873,4.911169,1.800694,0.800694,2.800694,noise,none,0.000000,21,-134.103509,-30.968951,4.410000,-35.378951
1874,4.368196,5.012668,4.012668,6.012668,informed,none,0.000000,21,-134.103509,-42.371398,4.410000,-46.781398
1875,5.339437,5.455710,4.455710,6.455710,informed,none,0.000000,21,-134.103509,-21.975339,4.410000,-26.385339
1876,6.582329,6.952101,5.952101,7.952101,informed,none,0.000000,21,-134.103509,4.125400,4.410000,-0.284600
1877,6.944641,7.008913,6.008913,8.008913,informed,none,0.000000,21,-134.103509,11.733947,4.410000,7.323947
1878,6.912449,5.280374,4.280374,6.280374,noise,sell_to_mm,4.280374,22,-138.383883,13.690000,4.840000,8.850000
1879,7.403647,5.878893,4.878893,6.878893,noise,none,0.000000,22,-138.383883,24.496357,4.840000,19.656357
1880,6.025745,8.096170,7.096170,9.096170,informed,sell_to_mm,7.096170,23,-145.480054,-6.887920,5.290000,-12.177920
1881,7.098637,8.856691,7.856691,9.856691,informed,sell_to_mm,7.856691,24,-153.336745,17.030538,5.760000,11.270538
1882,6.662621,6.697548,5.697548,7.697548,noise,none,0.000000,24,-153.336745,6.566153,5.760000,0.806153
1883,7.425849,7.482545,6.482545,8.482545,informed,none,0.000000,24,-153.336745,24.883633,5.760000,19.123633
1884,6.769572,5.952764,4.952764,6.952764,noise,none,0.000000,24,-153.336745,9.132993,5.760000,3.372993
1885,5.938406,4.779296,3.779296,5.779296,noise,buy_from_mm,5.779296,23,-147.557449,-10.974102,5.290000,-16.264102
1886,5.872826,5.070319,4.070319,6.070319,noise,none,0.000000,23,-147.557449,-12.482461,5.290000,-17.772461
1887,6.353470,7.571979,6.571979,8.571979,noise,none,0.000000,23,-147.557449,-1.427638,5.290000,-6.717638
1888,6.206327,7.787323,6.787323,8.787323,noise,none,0.000000,23,-147.557449,-4.811920,5.290000,-10.101920
1889,5.232076,5.709079,4.709079,6.709079,informed,none,0.000000,23,-147.557449,-27.219698,5.290000,-32.509698
1890,7.322329,3.922684,2.922684,4.922684,noise,none,0.000000,23,-147.557449,20.856111,5.290000,15.566111
1891,7.887962,5.083363,4.083363,6.083363,informed,buy_from_mm,6.083363,22,-141.474086,32.061082,4.840000,27.221082
1892,6.750035,9.934135,8.934135,10.934135,noise,none,0.000000,22,-141.474086,7.026685,4.840000,2.186685
1893,7.434400,6.610820,5.610820,7.610820,informed,none,0.000000,22,-141.474086,22.082722,4.840000,17.242722
1894,6.840664,7.165829,6.165829,8.165829,noise,none,0.000000,22,-141.474086,9.020532,4.840000,4.180532
1895,7.183644,5.926297,4.926297,6.926297,informed,buy_from_mm,6.926297,21,-134.547789,16.308725,4.410000,11.898725
1896,7.985187,5.645314,4.645314,6.645314,informed,buy_from_mm,6.645314,20,-127.902475,31.801273,4.000000,27.801273
1897,5.806191,5.203170,4.203170,6.203170,informed,none,0.000000,20,-127.902475,-11.778665,4.000000,-15.778665
1898,4.611086,-2.656483,-3.656483,-1.656483,noise,none,0.000000,20,-127.902475,-35.680752,4.000000,-39.680752
1899,3.819333,3.297685,2.297685,4.297685,informed,none,0.000000,20,-127.902475,-51.515808,4.000000,-55.515808
1900,4.794425,4.932921,3.932921,5.932921,noise,none,0.000000,20,-127.902475,-32.013968,4.000000,-36.013968
1901,5.682944,6.418377,5.418377,7.418377,informed,none,0.000000,20,-127.902475,-14.243600,4.000000,-18.243600
1902,6.246872,7.371702,6.371702,8.371702,informed,sell_to_mm,6.371702,21,-134.274177,-3.089871,4.410000,-7.499871
1903,5.383458,3.819329,2.819329,4.819329,informed,buy_from_mm,4.819329,20,-129.454848,-21.785692,4.000000,-25.785692
1904,6.727757,9.878505,8.878505,10.878505,informed,sell_to_mm,8.878505,21,-138.333353,2.949546,4.410000,-1.460454
1905,5.553079,9.188024,8.188024,10.188024,informed,sell_to_mm,8.188024,22,-146.521377,-24.353636,4.840000,-29.193636
1906,4.533545,3.512001,2.512001,4.512001,noise,none,0.000000,22,-146.521377,-46.783396,4.840000,-51.623396
1907,5.256350,2.425177,1.425177,3.425177,informed,buy_from_mm,3.425177,21,-143.096199,-32.712844,4.410000,-37.122844
1908,5.088138,4.645430,3.645430,5.645430,noise,buy_from_mm,5.645430,20,-137.450769,-35.688005,4.000000,-39.688005
1909,6.804286,5.887389,4.887389,6.887389,noise,buy_from_mm,6.887389,19,-130.563380,-1.281952,3.610000,-4.891952
1910,8.127139,5.370559,4.370559,6.370559,noise,none,0.000000,19,-130.563380,23.852270,3.610000,20.242270
1911,7.017773,5.064583,4.064583,6.064583,noise,none,0.000000,19,-130.563380,2.774302,3.610000,-0.835698
1912,7.628408,6.275271,5.275271,7.275271,noise,none,0.000000,19,-130.563380,14.376364,3.610000,10.766364
1913,7.532118,10.548975,9.548975,11.548975,noise,sell_to_mm,9.548975,20,-140.112355,10.530014,4.000000,6.530014
1914,7.721664,9.510004,8.510004,10.510004,noise,none,0.000000,20,-140.112355,14.320918,4.000000,10.320918
1915,7.202118,6.446757,5.446757,7.446757,informed,none,0.000000,20,-140.112355,3.930006,4.000000,-0.069994
1916,8.237139,5.833481,4.833481,6.833481,noise,none,0.000000,20,-140.112355,24.630430,4.000000,20.630430
1917,6.532645,5.193144,4.193144,6.193144,informed,buy_from_mm,6.193144,19,-133.919210,-9.798952,3.610000,-13.408952
1918,5.282122,2.906153,1.906153,3.906153,noise,none,0.000000,19,-133.919210,-33.558901,3.610000,-37.168901
1919,8.069062,8.272759,7.272759,9.272759,noise,none,0.000000,19,-133.919210,19.392960,3.610000,15.782960
1920,7.989048,8.646968,7.646968,9.646968,informed,none,0.000000,19,-133.919210,17.872709,3.610000,14.262709
1921,8.940121,12.489882,11.489882,13.489882,noise,none,0.000000,19,-133.919210,35.943081,3.610000,32.333081
1922,8.717587,7.530699,6.530699,8.530699,noise,none,0.000000,19,-133.919210,31.714945,3.610000,28.104945
1923,9.509419,8.836795,7.836795,9.836795,noise,none,0.000000,19,-133.919210,46.759755,3.610000,43.149755
1924,10.215931,8.937824,7.937824,9.937824,noise,none,0.000000,19,-133.919210,60.183485,3.610000,56.573485
1925,10.741307,11.438260,10.438260,12.438260,noise,none,0.000000,19,-133.919210,70.165627,3.610000,66.555627
1926,10.667500,12.465770,11.465770,13.465770,informed,sell_to_mm,11.465770,20,-145.384980,67.965013,4.000000,63.965013
1927,8.981285,9.515200,8.515200,10.515200,noise,none,0.000000,20,-145.384980,34.240726,4.000000,30.240726
1928,8.793058,8.523164,7.523164,9.523164,informed,none,0.000000,20,-145.384980,30.476188,4.000000,26.476188
1929,7.298761,9.551984,8.551984,10.551984,informed,sell_to_mm,8.551984,21,-153.936964,-0.662984,4.410000,-5.072984
1930,6.475819,9.756044,8.756044,10.756044,noise,sell_to_mm,8.756044,22,-162.693008,-20.224990,4.840000,-25.064990
1931,5.289210,6.244198,5.244198,7.244198,informed,none,0.000000,22,-162.693008,-46.330398,4.840000,-51.170398
1932,5.832624,5.397523,4.397523,6.397523,informed,none,0.000000,22,-162.693008,-34.375286,4.840000,-39.215286
1933,6.347955,4.878584,3.878584,5.878584,noise,buy_from_mm,5.878584,21,-156.814424,-23.507370,4.410000,-27.917370
1934,5.830313,8.276577,7.276577,9.276577,noise,none,0.000000,21,-156.814424,-34.377848,4.410000,-38.787848
1935,5.916968,7.405136,6.405136,8.405136,informed,sell_to_mm,6.405136,22,-163.219560,-33.046270,4.840000,-37.886270
1936,5.850618,9.222415,8.222415,10.222415,noise,sell_to_mm,8.222415,23,-171.441975,-36.877754,5.290000,-42.167754
1937,5.004848,5.465515,4.465515,6.465515,noise,none,0.000000,23,-171.441975,-56.330477,5.290000,-61.620477
1938,5.002558,5.070604,4.070604,6.070604,informed,none,0.000000,23,-171.441975,-56.383148,5.290000,-61.673148
1939,4.722712,11.374767,10.374767,12.374767,noise,none,0.000000,23,-171.441975,-62.819609,5.290000,-68.109609
1940,3.530291,3.139693,2.139693,4.139693,noise,sell_to_mm,2.139693,24,-173.581668,-88.854673,5.760000,-94.614673
1941,4.676231,3.689350,2.689350,4.689350,informed,none,0.000000,24,-173.581668,-61.352113,5.760000,-67.112113
1942,2.761275,3.370032,2.370032,4.370032,noise,none,0.000000,24,-173.581668,-107.311060,5.760000,-113.071060
1943,1.164855,-1.306764,-2.306764,-0.306764,informed,buy_from_mm,-0.306764,23,-173.888432,-147.096771,5.290000,-152.386771
1944,1.406918,1.363446,0.363446,2.363446,noise,none,0.000000,23,-173.888432,-141.529327,5.290000,-146.819327
1945,1.386566,-0.651138,-1.651138,0.348862,noise,none,0.000000,23,-173.888432,-141.997416,5.290000,-147.287416
1946,2.638620,3.603477,2.603477,4.603477,informed,none,0.000000,23,-173.888432,-113.200176,5.290000,-118.490176
1947,1.823951,-0.934415,-1.934415,0.065585,noise,none,0.000000,23,-173.888432,-131.937560,5.290000,-137.227560
1948,2.152548,2.990357,1.990357,3.990357,noise,none,0.000000,23,-173.888432,-124.379821,5.290000,-129.669821
1949,1.862277,-0.070459,-1.070459,0.929541,informed,buy_from_mm,0.929541,22,-172.958891,-131.988793,4.840000,-136.828793
1950,2.263587,4.436568,3.436568,5.436568,informed,sell_to_mm,3.436568,23,-176.395459,-124.332947,5.290000,-129.622947
1951,2.809452,3.878797,2.878797,4.878797,informed,sell_to_mm,2.878797,24,-179.274256,-111.847419,5.760000,-117.607419
1952,3.054964,4.554575,3.554575,5.554575,informed,sell_to_mm,3.554575,25,-182.828831,-106.454734,6.250000,-112.704734
1953,1.932852,3.494166,2.494166,4.494166,informed,sell_to_mm,2.494166,26,-185.322997,-135.068842,6.760000,-141.828842
1954,2.319683,0.673072,-0.326928,1.673072,noise,none,0.000000,26,-185.322997,-125.011248,6.760000,-131.771248
1955,2.534941,3.802968,2.802968,4.802968,noise,none,0.000000,26,-185.322997,-119.414521,6.760000,-126.174521
1956,3.396611,2.645960,1.645960,3.645960,noise,none,0.000000,26,-185.322997,-97.011105,6.760000,-103.771105
1957,3.018695,0.717254,-0.282746,1.717254,noise,none,0.000000,26,-185.322997,-106.836931,6.760000,-113.596931
1958,2.480403,1.928238,0.928238,2.928238,noise,none,0.000000,26,-185.322997,-120.832527,6.760000,-127.592527
1959,3.253813,3.997417,2.997417,4.997417,noise,sell_to_mm,2.997417,27,-188.320414,-100.467466,7.290000,-107.757466
1960,2.768252,3.262469,2.262469,4.262469,informed,none,0.000000,27,-188.320414,-113.577598,7.290000,-120.867598
1961,2.816092,2.785707,1.785707,3.785707,noise,none,0.000000,27,-188.320414,-112.285929,7.290000,-119.575929
1962,2.825507,0.497849,-0.502151,1.497849,informed,buy_from_mm,1.497849,26,-186.822565,-113.359393,6.760000,-120.119393
1963,3.632059,3.706145,2.706145,4.706145,noise,none,0.000000,26,-186.822565,-92.389031,6.760000,-99.149031
1964,4.065189,4.099883,3.099883,5.099883,noise,none,0.000000,26,-186.822565,-81.127648,6.760000,-87.887648
1965,3.557273,4.637224,3.637224,5.637224,informed,sell_to_mm,3.637224,27,-190.459789,-94.413410,7.290000,-101.703410
1966,3.184595,-0.238600,-1.238600,0.761400,noise,none,0.000000,27,-190.459789,-104.475729,7.290000,-111.765729
1967,5.703160,8.898226,7.898226,9.898226,noise,buy_from_mm,9.898226,26,-180.561563,-32.279398,6.760000,-39.039398
1968,7.047428,5.080868,4.080868,6.080868,noise,none,0.000000,26,-180.561563,2.671575,6.760000,-4.088425
1969,5.505015,6.962070,5.962070,7.962070,noise,none,0.000000,26,-180.561563,-37.431178,6.760000,-44.191178
1970,4.996152,6.682310,5.682310,7.682310,noise,none,0.000000,26,-180.561563,-50.661624,6.760000,-57.421624
1971,6.273703,12.626773,11.626773,13.626773,informed,sell_to_mm,11.626773,27,-192.188336,-22.798362,7.290000,-30.088362
1972,5.477681,3.700952,2.700952,4.700952,noise,none,0.000000,27,-192.188336,-44.290947,7.290000,-51.580947
1973,6.869993,6.690691,5.690691,7.690691,noise,none,0.000000,27,-192.188336,-6.698515,7.290000,-13.988515
1974,7.306500,10.175627,9.175627,11.175627,noise,none,0.000000,27,-192.188336,5.087160,7.290000,-2.202840
1975,10.146005,12.844532,11.844532,13.844532,noise,buy_from_mm,13.844532,26,-178.343804,85.452325,6.760000,78.692325
1976,10.725207,7.644214,6.644214,8.644214,informed,buy_from_mm,8.644214,25,-169.699590,98.430576,6.250000,92.180576
1977,10.316363,9.070193,8.070193,10.070193,informed,buy_from_mm,10.070193,24,-159.629396,87.963309,5.760000,82.203309
1978,9.484540,8.163550,7.163550,9.163550,noise,none,0.000000,24,-159.629396,67.999556,5.760000,62.239556
1979,9.598644,10.370178,9.370178,11.370178,informed,none,0.000000,24,-159.629396,70.738070,5.760000,64.978070
1980,9.966882,11.383433,10.383433,12.383433,noise,none,0.000000,24,-159.629396,79.575765,5.760000,73.815765
1981,9.902911,9.128219,8.128219,10.128219,informed,none,0.000000,24,-159.629396,78.040460,5.760000,72.280460
1982,10.964382,12.312577,11.312577,13.312577,noise,none,0.000000,24,-159.629396,103.515761,5.760000,97.755761
1983,11.827457,10.948595,9.948595,11.948595,informed,none,0.000000,24,-159.629396,124.229562,5.760000,118.469562
1984,11.117122,8.090632,7.090632,9.090632,informed,buy_from_mm,9.090632,23,-150.538764,105.155044,5.290000,99.865044
1985,10.079316,7.780085,6.780085,8.780085,noise,sell_to_mm,6.780085,24,-157.318850,84.584743,5.760000,78.824743
1986,9.362599,8.079441,7.079441,9.079441,informed,buy_from_mm,9.079441,23,-148.239408,67.100370,5.290000,61.810370
1987,9.292779,7.771947,6.771947,8.771947,noise,sell_to_mm,6.771947,24,-155.011355,68.015337,5.760000,62.255337
1988,9.503422,8.161529,7.161529,9.161529,noise,none,0.000000,24,-155.011355,73.070785,5.760000,67.310785
1989,10.084933,9.632796,8.632796,10.632796,informed,none,0.000000,24,-155.011355,87.027041,5.760000,81.267041
1990,10.732069,5.679049,4.679049,6.679049,noise,none,0.000000,24,-155.011355,102.558291,5.760000,96.798291
1991,10.510471,12.703215,11.703215,13.703215,noise,none,0.000000,24,-155.011355,97.239954,5.760000,91.479954
1992,10.293276,9.107350,8.107350,10.107350,noise,none,0.000000,24,-155.011355,92.027276,5.760000,86.267276
1993,9.949193,10.694955,9.694955,11.694955,noise,none,0.000000,24,-155.011355,83.769286,5.760000,78.009286
1994,9.197141,10.062510,9.062510,11.062510,informed,none,0.000000,24,-155.011355,65.720021,5.760000,59.960021
1995,9.192567,9.554203,8.554203,10.554203,informed,none,0.000000,24,-155.011355,65.610249,5.760000,59.850249
1996,9.087899,6.399191,5.399191,7.399191,noise,none,0.000000,24,-155.011355,63.098216,5.760000,57.338216
1997,10.816722,10.908260,9.908260,11.908260,noise,none,0.000000,24,-155.011355,104.589983,5.760000,98.829983
1998,8.824568,7.780778,6.780778,8.780778,informed,buy_from_mm,8.780778,23,-146.230577,56.734498,5.290000,51.444498
1999,10.426078,7.345874,6.345874,8.345874,noise,sell_to_mm,6.345874,24,-152.576451,97.649412,5.760000,91.889412
2000,8.677577,6.094995,5.094995,7.094995,noise,none,0.000000,24,-152.576451,55.685405,5.760000,49.925405
