t,true_value,signal,bid,ask,trader_type,trade_side,trade_price,inventory,cash,pnl_mark_to_true,inv_penalty,risk_adj_pnl
1,0.337691,0.840443,-1.159557,2.840443,noise,none,0.000000,0,0.000000,0.000000,0.000000,0.000000
2,0.421510,-2.266348,-4.266348,-0.266348,informed,buy_from_mm,-0.266348,-1,-0.266348,-0.687858,0.010000,-0.697858
3,1.807529,1.298625,-0.701375,3.298625,informed,none,0.000000,-1,-0.266348,-2.073877,0.010000,-2.083877
4,2.222526,1.409633,-0.590367,3.409633,noise,buy_from_mm,3.409633,-2,3.143285,-1.301767,0.040000,-1.341767
5,1.521684,1.239794,-0.760206,3.239794,noise,none,0.000000,-2,3.143285,0.099917,0.040000,0.059917
6,0.744855,1.235223,-0.764777,3.235223,informed,none,0.000000,-2,3.143285,1.653575,0.040000,1.613575
7,-0.555139,1.049869,-0.950131,3.049869,noise,none,0.000000,-2,3.143285,4.253563,0.040000,4.213563
8,-0.422125,-0.815844,-2.815844,1.184156,noise,none,0.000000,-2,3.143285,3.987534,0.040000,3.947534
9,0.356559,-0.038179,-2.038179,1.961821,informed,none,0.000000,-2,3.143285,2.430167,0.040000,2.390167
10,-1.636962,-0.712763,-2.712763,1.287237,noise,none,0.000000,-2,3.143285,6.417209,0.040000,6.377209
11,-1.412422,0.760113,-1.239887,2.760113,noise,sell_to_mm,-1.239887,-1,4.383171,5.795593,0.010000,5.785593
12,-2.008717,-2.454670,-4.454670,-0.454670,informed,none,0.000000,-1,4.383171,6.391888,0.010000,6.381888
13,-1.945406,-1.330703,-3.330703,0.669297,noise,none,0.000000,-1,4.383171,6.328578,0.010000,6.318578
14,-1.089254,-1.848826,-3.848826,0.151174,noise,none,0.000000,-1,4.383171,5.472426,0.010000,5.462426
15,-0.671763,0.323243,-1.676757,2.323243,noise,none,0.000000,-1,4.383171,5.054935,0.010000,5.044935
16,0.775931,2.054784,0.054784,4.054784,informed,none,0.000000,-1,4.383171,3.607241,0.010000,3.597241
17,0.722818,2.089658,0.089658,4.089658,noise,none,0.000000,-1,4.383171,3.660353,0.010000,3.650353
18,0.911368,1.309029,-0.690971,3.309029,noise,none,0.000000,-1,4.383171,3.471803,0.010000,3.461803
19,0.084887,0.289017,-1.710983,2.289017,noise,none,0.000000,-1,4.383171,4.298285,0.010000,4.288285
20,0.384213,0.452100,-1.547900,2.452100,informed,none,0.000000,-1,4.383171,3.998959,0.010000,3.988959
21,-0.100657,-0.007745,-2.007745,1.992255,informed,none,0.000000,-1,4.383171,4.483829,0.010000,4.473829
22,1.536727,2.272552,0.272552,4.272552,noise,buy_from_mm,4.272552,-2,8.655724,5.582269,0.040000,5.542269
23,1.694907,0.886266,-1.113734,2.886266,noise,none,0.000000,-2,8.655724,5.265910,0.040000,5.225910
24,2.659973,1.466145,-0.533855,3.466145,noise,none,0.000000,-2,8.655724,3.335778,0.040000,3.295778
25,1.769732,1.853406,-0.146594,3.853406,informed,none,0.000000,-2,8.655724,5.116260,0.040000,5.076260
26,2.102831,1.004168,-0.995832,3.004168,informed,none,0.000000,-2,8.655724,4.450062,0.040000,4.410062
27,3.135926,5.027936,3.027936,7.027936,noise,sell_to_mm,3.027936,-1,5.627788,2.491862,0.010000,2.481862
28,2.687752,2.144752,0.144752,4.144752,noise,none,0.000000,-1,5.627788,2.940036,0.010000,2.930036
29,2.927802,3.665190,1.665190,5.665190,noise,none,0.000000,-1,5.627788,2.699985,0.010000,2.689985
30,2.145814,1.943055,-0.056945,3.943055,noise,none,0.000000,-1,5.627788,3.481973,0.010000,3.471973
31,2.733144,1.496689,-0.503311,3.496689,noise,none,0.000000,-1,5.627788,2.894644,0.010000,2.884644
32,2.429453,3.472225,1.472225,5.472225,noise,none,0.000000,-1,5.627788,3.198335,0.010000,3.188335
33,3.965896,4.250671,2.250671,6.250671,informed,none,0.000000,-1,5.627788,1.661892,0.010000,1.651892
34,5.782785,5.224982,3.224982,7.224982,informed,none,0.000000,-1,5.627788,-0.154997,0.010000,-0.164997
35,7.160414,7.372707,5.372707,9.372707,informed,none,0.000000,-1,5.627788,-1.532627,0.010000,-1.542627
36,6.460533,7.046952,5.046952,9.046952,noise,none,0.000000,-1,5.627788,-0.832746,0.010000,-0.842746
37,6.855343,5.866048,3.866048,7.866048,informed,none,0.000000,-1,5.627788,-1.227555,0.010000,-1.237555
38,6.101442,7.043961,5.043961,9.043961,informed,none,0.000000,-1,5.627788,-0.473654,0.010000,-0.483654
39,7.652686,6.445325,4.445325,8.445325,noise,sell_to_mm,4.445325,0,1.182463,1.182463,0.000000,1.182463
40,7.783930,6.737835,4.737835,8.737835,noise,none,0.000000,0,1.182463,1.182463,0.000000,1.182463
41,6.784230,6.979676,4.979676,8.979676,informed,none,0.000000,0,1.182463,1.182463,0.000000,1.182463
42,9.108721,8.634971,6.634971,10.634971,informed,none,0.000000,0,1.182463,1.182463,0.000000,1.182463
43,8.693528,6.997404,4.997404,8.997404,noise,none,0.000000,0,1.182463,1.182463,0.000000,1.182463
44,7.868832,7.387403,5.387403,9.387403,informed,none,0.000000,0,1.182463,1.182463,0.000000,1.182463
45,7.591357,8.748776,6.748776,10.748776,noise,none,0.000000,0,1.182463,1.182463,0.000000,1.182463
46,7.713756,6.714284,4.714284,8.714284,noise,none,0.000000,0,1.182463,1.182463,0.000000,1.182463
47,7.426657,6.383651,4.383651,8.383651,noise,sell_to_mm,4.383651,1,-3.201189,4.225469,0.010000,4.215469
48,5.970995,6.035380,4.035380,8.035380,noise,none,0.000000,1,-3.201189,2.769806,0.010000,2.759806
49,8.144989,6.949102,4.949102,8.949102,noise,none,0.000000,1,-3.201189,4.943800,0.010000,4.933800
50,7.791576,7.883077,5.883077,9.883077,noise,none,0.000000,1,-3.201189,4.590387,0.010000,4.580387
51,8.051234,4.913384,2.913384,6.913384,noise,none,0.000000,1,-3.201189,4.850045,0.010000,4.840045
52,7.940499,8.643237,6.643237,10.643237,noise,none,0.000000,1,-3.201189,4.739311,0.010000,4.729311
53,8.271244,8.091036,6.091036,10.091036,noise,none,0.000000,1,-3.201189,5.070055,0.010000,5.060055
54,8.619612,9.447903,7.447903,11.447903,noise,none,0.000000,1,-3.201189,5.418423,0.010000,5.408423
55,9.000808,8.176272,6.176272,10.176272,informed,none,0.000000,1,-3.201189,5.799619,0.010000,5.789619
56,8.665498,5.958253,3.958253,7.958253,informed,buy_from_mm,7.958253,0,4.757064,4.757064,0.000000,4.757064
57,10.787369,10.466060,8.466060,12.466060,noise,none,0.000000,0,4.757064,4.757064,0.000000,4.757064
58,11.243551,10.224354,8.224354,12.224354,noise,buy_from_mm,12.224354,-1,16.981418,5.737867,0.010000,5.727867
59,10.753000,10.422141,8.422141,12.422141,informed,none,0.000000,-1,16.981418,6.228419,0.010000,6.218419
60,10.105061,9.071983,7.071983,11.071983,noise,sell_to_mm,7.071983,0,9.909435,9.909435,0.000000,9.909435
61,8.944811,6.802905,4.802905,8.802905,noise,none,0.000000,0,9.909435,9.909435,0.000000,9.909435
62,7.815173,6.185113,4.185113,8.185113,informed,none,0.000000,0,9.909435,9.909435,0.000000,9.909435
63,7.051151,7.672931,5.672931,9.672931,informed,none,0.000000,0,9.909435,9.909435,0.000000,9.909435
64,7.044949,7.399404,5.399404,9.399404,noise,none,0.000000,0,9.909435,9.909435,0.000000,9.909435
65,7.108470,5.485478,3.485478,7.485478,noise,none,0.000000,0,9.909435,9.909435,0.000000,9.909435
66,8.545224,9.653228,7.653228,11.653228,noise,buy_from_mm,11.653228,-1,21.562663,13.017439,0.010000,13.007439
67,8.670775,9.890920,7.890920,11.890920,informed,none,0.000000,-1,21.562663,12.891887,0.010000,12.881887
68,10.268661,9.655925,7.655925,11.655925,informed,none,0.000000,-1,21.562663,11.294002,0.010000,11.284002
69,11.640098,11.194950,9.194950,13.194950,informed,none,0.000000,-1,21.562663,9.922564,0.010000,9.912564
70,11.510398,12.687005,10.687005,14.687005,informed,none,0.000000,-1,21.562663,10.052265,0.010000,10.042265
71,10.966732,11.918954,9.918954,13.918954,informed,none,0.000000,-1,21.562663,10.595930,0.010000,10.585930
72,12.316099,13.787969,11.787969,15.787969,noise,none,0.000000,-1,21.562663,9.246564,0.010000,9.236564
73,12.049570,13.021528,11.021528,15.021528,informed,none,0.000000,-1,21.562663,9.513092,0.010000,9.503092
74,13.478339,13.007941,11.007941,15.007941,noise,none,0.000000,-1,21.562663,8.084323,0.010000,8.074323
75,13.159381,14.115773,12.115773,16.115773,noise,none,0.000000,-1,21.562663,8.403282,0.010000,8.393282
76,11.977389,11.030949,9.030949,13.030949,informed,none,0.000000,-1,21.562663,9.585274,0.010000,9.575274
77,12.567516,12.038156,10.038156,14.038156,noise,none,0.000000,-1,21.562663,8.995147,0.010000,8.985147
78,11.402473,11.684363,9.684363,13.684363,noise,sell_to_mm,9.684363,0,11.878299,11.878299,0.000000,11.878299
79,10.976275,10.500963,8.500963,12.500963,informed,none,0.000000,0,11.878299,11.878299,0.000000,11.878299
80,12.193105,12.114977,10.114977,14.114977,noise,buy_from_mm,14.114977,-1,25.993276,13.800171,0.010000,13.790171
81,13.706829,12.979120,10.979120,14.979120,noise,none,0.000000,-1,25.993276,12.286447,0.010000,12.276447
82,12.312928,13.644952,11.644952,15.644952,noise,none,0.000000,-1,25.993276,13.680348,0.010000,13.670348
83,12.734621,11.623533,9.623533,13.623533,informed,none,0.000000,-1,25.993276,13.258655,0.010000,13.248655
84,10.760938,11.066342,9.066342,13.066342,noise,none,0.000000,-1,25.993276,15.232339,0.010000,15.222339
85,11.031174,11.058682,9.058682,13.058682,informed,none,0.000000,-1,25.993276,14.962102,0.010000,14.952102
86,9.681659,8.597623,6.597623,10.597623,informed,none,0.000000,-1,25.993276,16.311617,0.010000,16.301617
87,8.748563,7.109047,5.109047,9.109047,noise,none,0.000000,-1,25.993276,17.244713,0.010000,17.234713
88,8.307185,8.475415,6.475415,10.475415,informed,none,0.000000,-1,25.993276,17.686091,0.010000,17.676091
89,8.088951,5.192568,3.192568,7.192568,noise,none,0.000000,-1,25.993276,17.904325,0.010000,17.894325
90,9.307486,10.187591,8.187591,12.187591,noise,none,0.000000,-1,25.993276,16.685790,0.010000,16.675790
91,7.619056,7.559094,5.559094,9.559094,informed,none,0.000000,-1,25.993276,18.374220,0.010000,18.364220
92,8.423118,8.735808,6.735808,10.735808,noise,none,0.000000,-1,25.993276,17.570158,0.010000,17.560158
93,7.189246,6.882488,4.882488,8.882488,noise,none,0.000000,-1,25.993276,18.804030,0.010000,18.794030
94,6.726677,6.466106,4.466106,8.466106,noise,none,0.000000,-1,25.993276,19.266599,0.010000,19.256599
95,7.087467,9.345898,7.345898,11.345898,noise,buy_from_mm,11.345898,-2,37.339174,23.164239,0.040000,23.124239
96,6.346800,6.787671,4.787671,8.787671,noise,buy_from_mm,8.787671,-3,46.126845,27.086446,0.090000,26.996446
97,5.552862,4.315588,2.315588,6.315588,noise,sell_to_mm,2.315588,-2,43.811257,32.705532,0.040000,32.665532
98,4.033523,5.040317,3.040317,7.040317,noise,buy_from_mm,7.040317,-3,50.851574,38.751005,0.090000,38.661005
99,2.606255,1.768172,-0.231828,3.768172,informed,none,0.000000,-3,50.851574,43.032810,0.090000,42.942810
100,3.138451,2.906999,0.906999,4.906999,informed,none,0.000000,-3,50.851574,41.436220,0.090000,41.346220
101,2.537225,2.690238,0.690238,4.690238,informed,none,0.000000,-3,50.851574,43.239899,0.090000,43.149899
102,1.705727,0.966557,-1.033443,2.966557,noise,none,0.000000,-3,50.851574,45.734393,0.090000,45.644393
103,1.733357,2.485941,0.485941,4.485941,informed,none,0.000000,-3,50.851574,45.651502,0.090000,45.561502
104,0.007023,-2.014726,-4.014726,-0.014726,informed,buy_from_mm,-0.014726,-4,50.836848,50.808754,0.160000,50.648754
105,-0.520512,0.548866,-1.451134,2.548866,informed,none,0.000000,-4,50.836848,52.918895,0.160000,52.758895
106,-0.047994,0.467687,-1.532313,2.467687,informed,none,0.000000,-4,50.836848,51.028825,0.160000,50.868825
107,-1.191813,-0.953483,-2.953483,1.046517,noise,sell_to_mm,-2.953483,-3,53.790331,57.365768,0.090000,57.275768
108,-1.316577,-0.611397,-2.611397,1.388603,informed,none,0.000000,-3,53.790331,57.740062,0.090000,57.650062
109,-1.833691,-1.482307,-3.482307,0.517693,informed,none,0.000000,-3,53.790331,59.291405,0.090000,59.201405
110,-2.457860,-4.220242,-6.220242,-2.220242,noise,none,0.000000,-3,53.790331,61.163911,0.090000,61.073911
111,-3.980878,-3.849724,-5.849724,-1.849724,informed,none,0.000000,-3,53.790331,65.732964,0.090000,65.642964
112,-1.454942,-0.894820,-2.894820,1.105180,noise,none,0.000000,-3,53.790331,58.155155,0.090000,58.065155
113,-2.109149,-1.269410,-3.269410,0.730590,informed,none,0.000000,-3,53.790331,60.117776,0.090000,60.027776
114,-2.374629,-1.135142,-3.135142,0.864858,informed,none,0.000000,-3,53.790331,60.914219,0.090000,60.824219
115,-2.910538,-4.351390,-6.351390,-2.351390,informed,none,0.000000,-3,53.790331,62.521943,0.090000,62.431943
116,-4.979428,-4.322431,-6.322431,-2.322431,noise,none,0.000000,-3,53.790331,68.728615,0.090000,68.638615
117,-5.109713,-4.778994,-6.778994,-2.778994,noise,buy_from_mm,-2.778994,-4,51.011336,71.450189,0.160000,71.290189
118,-5.399678,-4.061140,-6.061140,-2.061140,noise,sell_to_mm,-6.061140,-3,57.072477,73.271511,0.090000,73.181511
119,-6.087599,-7.766476,-9.766476,-5.766476,informed,none,0.000000,-3,57.072477,75.335273,0.090000,75.245273
120,-6.157825,-4.947878,-6.947878,-2.947878,noise,buy_from_mm,-2.947878,-4,54.124599,78.755899,0.160000,78.595899
121,-6.408185,-7.446124,-9.446124,-5.446124,noise,buy_from_mm,-5.446124,-5,48.678474,80.719398,0.250000,80.469398
122,-4.825080,-5.432637,-7.432637,-3.432637,noise,none,0.000000,-5,48.678474,72.803875,0.250000,72.553875
123,-3.567992,-3.421971,-5.421971,-1.421971,informed,none,0.000000,-5,48.678474,66.518436,0.250000,66.268436
124,-3.889658,-4.628295,-6.628295,-2.628295,noise,none,0.000000,-5,48.678474,68.126763,0.250000,67.876763
125,-5.116885,-6.429685,-8.429685,-4.429685,informed,none,0.000000,-5,48.678474,74.262901,0.250000,74.012901
126,-6.208521,-6.736985,-8.736985,-4.736985,informed,none,0.000000,-5,48.678474,79.721079,0.250000,79.471079
127,-5.573543,-5.409666,-7.409666,-3.409666,informed,none,0.000000,-5,48.678474,76.546187,0.250000,76.296187
128,-3.049794,-3.558794,-5.558794,-1.558794,informed,none,0.000000,-5,48.678474,63.927443,0.250000,63.677443
129,-2.076674,-2.133249,-4.133249,-0.133249,noise,sell_to_mm,-4.133249,-4,52.811723,61.118420,0.160000,60.958420
130,-3.456766,-3.813405,-5.813405,-1.813405,informed,none,0.000000,-4,52.811723,66.638788,0.160000,66.478788
131,-3.811985,-3.859888,-5.859888,-1.859888,informed,none,0.000000,-4,52.811723,68.059664,0.160000,67.899664
132,-3.092648,-3.229335,-5.229335,-1.229335,noise,none,0.000000,-4,52.811723,65.182314,0.160000,65.022314
133,-1.137278,-0.418446,-2.418446,1.581554,noise,buy_from_mm,1.581554,-5,54.393277,60.079668,0.250000,59.829668
134,-1.286320,-3.075784,-5.075784,-1.075784,noise,none,0.000000,-5,54.393277,60.824879,0.250000,60.574879
135,-1.760201,-2.215032,-4.215032,-0.215032,informed,none,0.000000,-5,54.393277,63.194282,0.250000,62.944282
136,-2.104320,-1.563765,-3.563765,0.436235,noise,none,0.000000,-5,54.393277,64.914877,0.250000,64.664877
137,-1.425624,-0.332475,-2.332475,1.667525,informed,none,0.000000,-5,54.393277,61.521398,0.250000,61.271398
138,-1.440931,-1.379918,-3.379918,0.620082,noise,none,0.000000,-5,54.393277,61.597932,0.250000,61.347932
139,-1.223332,-2.486036,-4.486036,-0.486036,informed,none,0.000000,-5,54.393277,60.509938,0.250000,60.259938
140,-0.784402,-0.777242,-2.777242,1.222758,informed,none,0.000000,-5,54.393277,58.315286,0.250000,58.065286
141,-0.281264,-0.724132,-2.724132,1.275868,informed,none,0.000000,-5,54.393277,55.799596,0.250000,55.549596
142,-1.265187,-1.188759,-3.188759,0.811241,noise,sell_to_mm,-3.188759,-4,57.582036,62.642783,0.160000,62.482783
143,-1.009969,-1.739390,-3.739390,0.260610,noise,none,0.000000,-4,57.582036,61.621914,0.160000,61.461914
144,-1.536117,-1.458317,-3.458317,0.541683,noise,buy_from_mm,0.541683,-5,58.123719,65.804306,0.250000,65.554306
145,-1.215657,-0.433090,-2.433090,1.566910,noise,buy_from_mm,1.566910,-6,59.690629,66.984570,0.360000,66.624570
146,-0.128074,0.800426,-1.199574,2.800426,informed,none,0.000000,-6,59.690629,60.459071,0.360000,60.099071
147,-0.454237,-1.914584,-3.914584,0.085416,noise,none,0.000000,-6,59.690629,62.416048,0.360000,62.056048
148,-0.350071,-0.321269,-2.321269,1.678731,noise,none,0.000000,-6,59.690629,61.791055,0.360000,61.431055
149,-0.471875,-0.080531,-2.080531,1.919469,noise,none,0.000000,-6,59.690629,62.521877,0.360000,62.161877
150,0.257034,-1.007947,-3.007947,0.992053,noise,sell_to_mm,-3.007947,-5,62.698576,61.413407,0.250000,61.163407
151,-0.048561,0.758229,-1.241771,2.758229,noise,none,0.000000,-5,62.698576,62.941382,0.250000,62.691382
152,-0.175910,0.456363,-1.543637,2.456363,noise,none,0.000000,-5,62.698576,63.578124,0.250000,63.328124
153,-1.209172,-0.699347,-2.699347,1.300653,noise,none,0.000000,-5,62.698576,68.744435,0.250000,68.494435
154,-1.959362,-0.329225,-2.329225,1.670775,informed,none,0.000000,-5,62.698576,72.495387,0.250000,72.245387
155,-1.262192,-0.559033,-2.559033,1.440967,noise,sell_to_mm,-2.559033,-4,65.257609,70.306378,0.160000,70.146378
156,-1.050834,-2.659032,-4.659032,-0.659032,noise,sell_to_mm,-4.659032,-3,69.916640,73.069143,0.090000,72.979143
157,-1.091754,-0.950810,-2.950810,1.049190,informed,none,0.000000,-3,69.916640,73.191903,0.090000,73.101903
158,-0.372818,-1.030694,-3.030694,0.969306,informed,none,0.000000,-3,69.916640,71.035094,0.090000,70.945094
159,-0.472696,-0.904262,-2.904262,1.095738,noise,none,0.000000,-3,69.916640,71.334727,0.090000,71.244727
160,-0.109091,0.422105,-1.577895,2.422105,noise,none,0.000000,-3,69.916640,70.243912,0.090000,70.153912
161,-0.904792,-2.137407,-4.137407,-0.137407,noise,buy_from_mm,-0.137407,-4,69.779233,73.398402,0.160000,73.238402
162,0.101082,-1.174038,-3.174038,0.825962,noise,none,0.000000,-4,69.779233,69.374904,0.160000,69.214904
163,-0.586706,-0.705437,-2.705437,1.294563,informed,none,0.000000,-4,69.779233,72.126055,0.160000,71.966055
164,-0.940028,-1.722700,-3.722700,0.277300,informed,none,0.000000,-4,69.779233,73.539344,0.160000,73.379344
165,-0.064995,1.432169,-0.567831,3.432169,informed,none,0.000000,-4,69.779233,70.039211,0.160000,69.879211
166,-2.392393,-1.180380,-3.180380,0.819620,noise,none,0.000000,-4,69.779233,79.348805,0.160000,79.188805
167,-4.046613,-3.256166,-5.256166,-1.256166,informed,none,0.000000,-4,69.779233,85.965686,0.160000,85.805686
168,-4.116971,-2.698087,-4.698087,-0.698087,noise,buy_from_mm,-0.698087,-5,69.081146,89.665999,0.250000,89.415999
169,-4.991352,-4.301469,-6.301469,-2.301469,noise,none,0.000000,-5,69.081146,94.037906,0.250000,93.787906
170,-2.923628,-5.053153,-7.053153,-3.053153,informed,buy_from_mm,-3.053153,-6,66.027993,83.569762,0.360000,83.209762
171,-2.894897,-3.415655,-5.415655,-1.415655,noise,sell_to_mm,-5.415655,-5,71.443648,85.918131,0.250000,85.668131
172,-2.326585,-1.294329,-3.294329,0.705671,informed,none,0.000000,-5,71.443648,83.076573,0.250000,82.826573
173,-1.963975,-2.442246,-4.442246,-0.442246,informed,none,0.000000,-5,71.443648,81.263523,0.250000,81.013523
174,-0.587213,0.069457,-1.930543,2.069457,informed,none,0.000000,-5,71.443648,74.379712,0.250000,74.129712
175,-1.679128,-1.807174,-3.807174,0.192826,noise,none,0.000000,-5,71.443648,79.839286,0.250000,79.589286
176,-1.711096,0.426973,-1.573027,2.426973,noise,none,0.000000,-5,71.443648,79.999126,0.250000,79.749126
177,-0.649466,0.063743,-1.936257,2.063743,informed,none,0.000000,-5,71.443648,74.690980,0.250000,74.440980
178,-1.426757,-1.820793,-3.820793,0.179207,noise,none,0.000000,-5,71.443648,78.577431,0.250000,78.327431
179,-1.380386,-0.697911,-2.697911,1.302089,noise,buy_from_mm,1.302089,-6,72.745737,81.028050,0.360000,80.668050
180,-1.616404,-0.792944,-2.792944,1.207056,informed,none,0.000000,-6,72.745737,82.444162,0.360000,82.084162
181,-2.267959,-3.310157,-5.310157,-1.310157,noise,sell_to_mm,-5.310157,-5,78.055894,89.395690,0.250000,89.145690
182,-1.246188,-2.820298,-4.820298,-0.820298,noise,none,0.000000,-5,78.055894,84.286835,0.250000,84.036835
183,0.725131,1.917873,-0.082127,3.917873,noise,none,0.000000,-5,78.055894,74.430239,0.250000,74.180239
184,3.324188,3.149241,1.149241,5.149241,noise,none,0.000000,-5,78.055894,61.434952,0.250000,61.184952
185,2.148274,0.975426,-1.024574,2.975426,noise,sell_to_mm,-1.024574,-4,79.080469,70.487372,0.160000,70.327372
186,2.773851,2.826520,0.826520,4.826520,noise,none,0.000000,-4,79.080469,67.985065,0.160000,67.825065
187,2.202367,3.883869,1.883869,5.883869,noise,buy_from_mm,5.883869,-5,84.964338,73.952502,0.250000,73.702502
188,2.552954,3.075120,1.075120,5.075120,informed,none,0.000000,-5,84.964338,72.199566,0.250000,71.949566
189,2.710011,2.211324,0.211324,4.211324,informed,none,0.000000,-5,84.964338,71.414281,0.250000,71.164281
190,2.913034,1.911540,-0.088460,3.911540,noise,none,0.000000,-5,84.964338,70.399169,0.250000,70.149169
191,1.784211,2.868763,0.868763,4.868763,noise,none,0.000000,-5,84.964338,76.043285,0.250000,75.793285
192,2.371712,2.059459,0.059459,4.059459,noise,buy_from_mm,4.059459,-6,89.023797,74.793525,0.360000,74.433525
193,2.241956,2.829991,0.829991,4.829991,informed,none,0.000000,-6,89.023797,75.572063,0.360000,75.212063
194,2.656503,3.013982,1.013982,5.013982,noise,none,0.000000,-6,89.023797,73.084778,0.360000,72.724778
195,5.016257,5.075613,3.075613,7.075613,informed,none,0.000000,-6,89.023797,58.926257,0.360000,58.566257
196,3.911364,3.245178,1.245178,5.245178,noise,sell_to_mm,1.245178,-5,87.778619,68.221799,0.250000,67.971799
197,3.464204,2.922985,0.922985,4.922985,noise,none,0.000000,-5,87.778619,70.457598,0.250000,70.207598
198,3.296465,3.171386,1.171386,5.171386,noise,none,0.000000,-5,87.778619,71.296294,0.250000,71.046294
199,3.599206,2.395939,0.395939,4.395939,noise,none,0.000000,-5,87.778619,69.782588,0.250000,69.532588
200,2.936229,3.744144,1.744144,5.744144,informed,none,0.000000,-5,87.778619,73.097473,0.250000,72.847473
201,3.494717,3.595243,1.595243,5.595243,informed,none,0.000000,-5,87.778619,70.305035,0.250000,70.055035
202,4.441389,2.451643,0.451643,4.451643,informed,none,0.000000,-5,87.778619,65.571675,0.250000,65.321675
203,4.181296,5.514307,3.514307,7.514307,noise,buy_from_mm,7.514307,-6,95.292925,70.205148,0.360000,69.845148
204,5.314781,6.649476,4.649476,8.649476,noise,none,0.000000,-6,95.292925,63.404239,0.360000,63.044239
205,4.445159,5.669365,3.669365,7.669365,noise,none,0.000000,-6,95.292925,68.621970,0.360000,68.261970
206,2.800721,1.594827,-0.405173,3.594827,noise,none,0.000000,-6,95.292925,78.488598,0.360000,78.128598
207,2.556651,2.821894,0.821894,4.821894,informed,none,0.000000,-6,95.292925,79.953022,0.360000,79.593022
208,2.866108,2.714856,0.714856,4.714856,noise,none,0.000000,-6,95.292925,78.096279,0.360000,77.736279
209,2.692900,1.333769,-0.666231,3.333769,informed,none,0.000000,-6,95.292925,79.135528,0.360000,78.775528
210,3.477739,1.854143,-0.145857,3.854143,noise,sell_to_mm,-0.145857,-5,95.438783,78.050090,0.250000,77.800090
211,4.852602,5.316239,3.316239,7.316239,noise,none,0.000000,-5,95.438783,71.175775,0.250000,70.925775
212,5.813160,6.773337,4.773337,8.773337,noise,buy_from_mm,8.773337,-6,104.212120,69.333162,0.360000,68.973162
213,6.620493,5.236974,3.236974,7.236974,informed,none,0.000000,-6,104.212120,64.489159,0.360000,64.129159
214,5.700621,6.821720,4.821720,8.821720,noise,sell_to_mm,4.821720,-5,99.390400,70.887297,0.250000,70.637297
215,4.373175,4.306854,2.306854,6.306854,noise,none,0.000000,-5,99.390400,77.524523,0.250000,77.274523
216,2.879449,2.579942,0.579942,4.579942,noise,none,0.000000,-5,99.390400,84.993155,0.250000,84.743155
217,2.463229,0.516923,-1.483077,2.516923,noise,buy_from_mm,2.516923,-6,101.907323,87.127946,0.360000,86.767946
218,2.760442,1.824817,-0.175183,3.824817,noise,none,0.000000,-6,101.907323,85.344672,0.360000,84.984672
219,3.440749,2.866011,0.866011,4.866011,informed,none,0.000000,-6,101.907323,81.262828,0.360000,80.902828
220,3.071270,2.315898,0.315898,4.315898,informed,none,0.000000,-6,101.907323,83.479704,0.360000,83.119704
221,3.618206,3.439488,1.439488,5.439488,informed,none,0.000000,-6,101.907323,80.198088,0.360000,79.838088
222,3.961980,4.712992,2.712992,6.712992,noise,sell_to_mm,2.712992,-5,99.194331,79.384430,0.250000,79.134430
223,3.524975,2.002170,0.002170,4.002170,noise,none,0.000000,-5,99.194331,81.569456,0.250000,81.319456
224,3.282597,3.367273,1.367273,5.367273,noise,none,0.000000,-5,99.194331,82.781345,0.250000,82.531345
225,1.650672,2.807753,0.807753,4.807753,informed,none,0.000000,-5,99.194331,90.940972,0.250000,90.690972
226,1.494636,1.756021,-0.243979,3.756021,noise,none,0.000000,-5,99.194331,91.721149,0.250000,91.471149
227,2.862334,3.729133,1.729133,5.729133,noise,sell_to_mm,1.729133,-4,97.465198,86.015862,0.160000,85.855862
228,3.130654,3.090181,1.090181,5.090181,informed,none,0.000000,-4,97.465198,84.942581,0.160000,84.782581
229,0.914266,0.985335,-1.014665,2.985335,informed,none,0.000000,-4,97.465198,93.808132,0.160000,93.648132
230,2.155364,1.331662,-0.668338,3.331662,noise,none,0.000000,-4,97.465198,88.843740,0.160000,88.683740
231,1.196945,0.923670,-1.076330,2.923670,noise,none,0.000000,-4,97.465198,92.677416,0.160000,92.517416
232,1.209077,0.853955,-1.146045,2.853955,noise,buy_from_mm,2.853955,-5,100.319153,94.273766,0.250000,94.023766
233,-0.465277,0.803279,-1.196721,2.803279,noise,none,0.000000,-5,100.319153,102.645536,0.250000,102.395536
234,-0.518235,-1.634876,-3.634876,0.365124,noise,none,0.000000,-5,100.319153,102.910328,0.250000,102.660328
235,-2.021983,-2.811191,-4.811191,-0.811191,noise,none,0.000000,-5,100.319153,110.429069,0.250000,110.179069
236,-1.029657,-2.213378,-4.213378,-0.213378,informed,none,0.000000,-5,100.319153,105.467438,0.250000,105.217438
237,0.798495,1.567874,-0.432126,3.567874,informed,none,0.000000,-5,100.319153,96.326679,0.250000,96.076679
238,3.302865,4.598338,2.598338,6.598338,noise,none,0.000000,-5,100.319153,83.804827,0.250000,83.554827
239,2.068568,0.792077,-1.207923,2.792077,noise,none,0.000000,-5,100.319153,89.976310,0.250000,89.726310
240,0.547060,1.188119,-0.811881,3.188119,noise,none,0.000000,-5,100.319153,97.583850,0.250000,97.333850
241,0.410254,1.530832,-0.469168,3.530832,noise,sell_to_mm,-0.469168,-4,100.788320,99.147306,0.160000,98.987306
242,0.961902,0.159114,-1.840886,2.159114,noise,none,0.000000,-4,100.788320,96.940713,0.160000,96.780713
243,0.163205,1.052898,-0.947102,3.052898,informed,none,0.000000,-4,100.788320,100.135501,0.160000,99.975501
244,-0.142136,0.365453,-1.634547,2.365453,informed,none,0.000000,-4,100.788320,101.356865,0.160000,101.196865
245,0.275297,-0.219196,-2.219196,1.780804,noise,none,0.000000,-4,100.788320,99.687134,0.160000,99.527134
246,0.345278,1.182974,-0.817026,3.182974,noise,sell_to_mm,-0.817026,-3,101.605346,100.569513,0.090000,100.479513
247,0.418500,2.273595,0.273595,4.273595,informed,none,0.000000,-3,101.605346,100.349847,0.090000,100.259847
248,-0.556218,-1.107509,-3.107509,0.892491,noise,none,0.000000,-3,101.605346,103.273999,0.090000,103.183999
249,1.120207,0.612099,-1.387901,2.612099,informed,none,0.000000,-3,101.605346,98.244725,0.090000,98.154725
250,2.694703,1.731470,-0.268530,3.731470,informed,none,0.000000,-3,101.605346,93.521238,0.090000,93.431238
251,1.238919,1.261870,-0.738130,3.261870,informed,none,0.000000,-3,101.605346,97.888589,0.090000,97.798589
252,0.837158,0.657888,-1.342112,2.657888,informed,none,0.000000,-3,101.605346,99.093872,0.090000,99.003872
253,1.882048,2.026352,0.026352,4.026352,noise,none,0.000000,-3,101.605346,95.959203,0.090000,95.869203
254,0.704543,1.295773,-0.704227,3.295773,noise,buy_from_mm,3.295773,-4,104.901119,102.082946,0.160000,101.922946
255,1.927448,2.455927,0.455927,4.455927,noise,none,0.000000,-4,104.901119,97.191327,0.160000,97.031327
256,3.111896,5.946576,3.946576,7.946576,noise,none,0.000000,-4,104.901119,92.453537,0.160000,92.293537
257,2.928380,2.754702,0.754702,4.754702,noise,none,0.000000,-4,104.901119,93.187599,0.160000,93.027599
258,4.667232,5.539998,3.539998,7.539998,informed,none,0.000000,-4,104.901119,86.232191,0.160000,86.072191
259,3.503370,4.379548,2.379548,6.379548,noise,none,0.000000,-4,104.901119,90.887640,0.160000,90.727640
260,4.763022,3.964734,1.964734,5.964734,informed,none,0.000000,-4,104.901119,85.849030,0.160000,85.689030
261,5.040941,4.592109,2.592109,6.592109,noise,buy_from_mm,6.592109,-5,111.493228,86.288521,0.250000,86.038521
262,4.514528,3.575372,1.575372,5.575372,informed,none,0.000000,-5,111.493228,88.920587,0.250000,88.670587
263,3.157265,4.366303,2.366303,6.366303,noise,none,0.000000,-5,111.493228,95.706905,0.250000,95.456905
264,2.668803,2.979387,0.979387,4.979387,noise,none,0.000000,-5,111.493228,98.149214,0.250000,97.899214
265,1.928047,2.014993,0.014993,4.014993,informed,none,0.000000,-5,111.493228,101.852993,0.250000,101.602993
266,0.460553,0.830627,-1.169373,2.830627,informed,none,0.000000,-5,111.493228,109.190465,0.250000,108.940465
267,-1.021409,1.230065,-0.769935,3.230065,noise,none,0.000000,-5,111.493228,116.600272,0.250000,116.350272
268,-0.244035,-0.818339,-2.818339,1.181661,informed,none,0.000000,-5,111.493228,112.713402,0.250000,112.463402
269,-0.692024,-1.976072,-3.976072,0.023928,informed,none,0.000000,-5,111.493228,114.953346,0.250000,114.703346
270,-0.054959,0.225064,-1.774936,2.225064,informed,none,0.000000,-5,111.493228,111.768023,0.250000,111.518023
271,0.585975,1.559494,-0.440506,3.559494,noise,sell_to_mm,-0.440506,-4,111.933734,109.589835,0.160000,109.429835
272,1.544778,0.970370,-1.029630,2.970370,noise,sell_to_mm,-1.029630,-3,112.963364,108.329029,0.090000,108.239029
273,0.096380,0.613935,-1.386065,2.613935,noise,none,0.000000,-3,112.963364,112.674224,0.090000,112.584224
274,1.123454,0.276138,-1.723862,2.276138,noise,none,0.000000,-3,112.963364,109.593001,0.090000,109.503001
275,1.702887,2.751960,0.751960,4.751960,noise,none,0.000000,-3,112.963364,107.854702,0.090000,107.764702
276,2.629220,1.718039,-0.281961,3.718039,noise,none,0.000000,-3,112.963364,105.075704,0.090000,104.985704
277,2.872768,2.667623,0.667623,4.667623,informed,none,0.000000,-3,112.963364,104.345060,0.090000,104.255060
278,2.926113,3.082784,1.082784,5.082784,noise,sell_to_mm,1.082784,-2,111.880581,106.028354,0.040000,105.988354
279,2.950468,2.866556,0.866556,4.866556,informed,none,0.000000,-2,111.880581,105.979645,0.040000,105.939645
280,3.975787,4.951606,2.951606,6.951606,informed,none,0.000000,-2,111.880581,103.929006,0.040000,103.889006
281,4.162250,2.183038,0.183038,4.183038,noise,none,0.000000,-2,111.880581,103.556080,0.040000,103.516080
282,3.426925,3.829617,1.829617,5.829617,noise,buy_from_mm,5.829617,-3,117.710198,107.429424,0.090000,107.339424
283,5.331934,3.122568,1.122568,5.122568,noise,buy_from_mm,5.122568,-4,122.832766,101.505031,0.160000,101.345031
284,4.094330,3.604619,1.604619,5.604619,noise,buy_from_mm,5.604619,-5,128.437385,107.965734,0.250000,107.715734
285,4.784347,4.690139,2.690139,6.690139,noise,none,0.000000,-5,128.437385,104.515652,0.250000,104.265652
286,3.767329,3.636577,1.636577,5.636577,informed,none,0.000000,-5,128.437385,109.600741,0.250000,109.350741
287,3.268546,2.799280,0.799280,4.799280,noise,none,0.000000,-5,128.437385,112.094653,0.250000,111.844653
288,3.179822,3.543074,1.543074,5.543074,noise,buy_from_mm,5.543074,-6,133.980459,114.901528,0.360000,114.541528
289,3.537583,3.878775,1.878775,5.878775,noise,none,0.000000,-6,133.980459,112.754959,0.360000,112.394959
290,4.058013,2.995106,0.995106,4.995106,informed,none,0.000000,-6,133.980459,109.632383,0.360000,109.272383
291,4.413251,5.158615,3.158615,7.158615,noise,none,0.000000,-6,133.980459,107.500955,0.360000,107.140955
292,3.245364,3.885224,1.885224,5.885224,informed,none,0.000000,-6,133.980459,114.508278,0.360000,114.148278
293,2.114650,3.052865,1.052865,5.052865,noise,none,0.000000,-6,133.980459,121.292560,0.360000,120.932560
294,0.302403,2.806148,0.806148,4.806148,noise,none,0.000000,-6,133.980459,132.166044,0.360000,131.806044
295,-0.878174,-0.145267,-2.145267,1.854733,informed,none,0.000000,-6,133.980459,139.249505,0.360000,138.889505
296,-1.611075,-1.957156,-3.957156,0.042844,noise,sell_to_mm,-3.957156,-5,137.937616,145.992990,0.250000,145.742990
297,-0.665527,-2.047052,-4.047052,-0.047052,noise,none,0.000000,-5,137.937616,141.265250,0.250000,141.015250
298,-0.322936,-0.027503,-2.027503,1.972497,noise,none,0.000000,-5,137.937616,139.552294,0.250000,139.302294
299,1.718763,1.844610,-0.155390,3.844610,informed,none,0.000000,-5,137.937616,129.343798,0.250000,129.093798
300,2.192944,1.826422,-0.173578,3.826422,noise,sell_to_mm,-0.173578,-4,138.111193,129.339416,0.160000,129.179416
301,2.732799,3.367658,1.367658,5.367658,informed,none,0.000000,-4,138.111193,127.179999,0.160000,127.019999
302,2.511800,3.585461,1.585461,5.585461,informed,none,0.000000,-4,138.111193,128.063995,0.160000,127.903995
303,3.889914,3.023880,1.023880,5.023880,informed,none,0.000000,-4,138.111193,122.551537,0.160000,122.391537
304,3.219722,2.422620,0.422620,4.422620,noise,none,0.000000,-4,138.111193,125.232304,0.160000,125.072304
305,4.021871,5.600822,3.600822,7.600822,informed,none,0.000000,-4,138.111193,122.023708,0.160000,121.863708
306,5.880070,4.915624,2.915624,6.915624,noise,none,0.000000,-4,138.111193,114.590913,0.160000,114.430913
307,7.821167,6.807170,4.807170,8.807170,noise,none,0.000000,-4,138.111193,106.826524,0.160000,106.666524
308,7.435645,8.015517,6.015517,10.015517,noise,sell_to_mm,6.015517,-3,132.095676,109.788741,0.090000,109.698741
309,8.102339,6.714301,4.714301,8.714301,noise,none,0.000000,-3,132.095676,107.788660,0.090000,107.698660
310,8.669552,9.553049,7.553049,11.553049,informed,none,0.000000,-3,132.095676,106.087021,0.090000,105.997021
311,8.051622,8.047242,6.047242,10.047242,noise,none,0.000000,-3,132.095676,107.940810,0.090000,107.850810
312,8.616393,8.975707,6.975707,10.975707,informed,none,0.000000,-3,132.095676,106.246496,0.090000,106.156496
313,8.209352,7.070668,5.070668,9.070668,noise,none,0.000000,-3,132.095676,107.467620,0.090000,107.377620
314,6.744877,6.223077,4.223077,8.223077,noise,none,0.000000,-3,132.095676,111.861045,0.090000,111.771045
315,5.091659,4.400838,2.400838,6.400838,noise,none,0.000000,-3,132.095676,116.820700,0.090000,116.730700
316,3.762202,5.933578,3.933578,7.933578,informed,sell_to_mm,3.933578,-2,128.162098,120.637694,0.040000,120.597694
317,3.917912,3.329939,1.329939,5.329939,noise,buy_from_mm,5.329939,-3,133.492037,121.738301,0.090000,121.648301
318,5.111585,5.575876,3.575876,7.575876,noise,sell_to_mm,3.575876,-2,129.916161,119.692991,0.040000,119.652991
319,5.013555,4.071082,2.071082,6.071082,informed,none,0.000000,-2,129.916161,119.889052,0.040000,119.849052
320,3.665100,3.744163,1.744163,5.744163,informed,none,0.000000,-2,129.916161,122.585962,0.040000,122.545962
321,3.495365,1.476856,-0.523144,3.476856,noise,none,0.000000,-2,129.916161,122.925431,0.040000,122.885431
322,2.089854,3.313875,1.313875,5.313875,noise,buy_from_mm,5.313875,-3,135.230037,128.960476,0.090000,128.870476
323,2.012984,2.600203,0.600203,4.600203,informed,none,0.000000,-3,135.230037,129.191084,0.090000,129.101084
324,3.463994,2.404671,0.404671,4.404671,informed,none,0.000000,-3,135.230037,124.838054,0.090000,124.748054
325,3.325600,3.223071,1.223071,5.223071,noise,sell_to_mm,1.223071,-2,134.006966,127.355766,0.040000,127.315766
326,1.800684,0.012035,-1.987965,2.012035,noise,none,0.000000,-2,134.006966,130.405599,0.040000,130.365599
327,1.630887,1.295860,-0.704140,3.295860,informed,none,0.000000,-2,134.006966,130.745193,0.040000,130.705193
328,1.689524,2.975847,0.975847,4.975847,informed,none,0.000000,-2,134.006966,130.627919,0.040000,130.587919
329,2.784860,3.416950,1.416950,5.416950,informed,none,0.000000,-2,134.006966,128.437247,0.040000,128.397247
330,2.205493,1.561403,-0.438597,3.561403,noise,none,0.000000,-2,134.006966,129.595979,0.040000,129.555979
331,3.458560,4.287640,2.287640,6.287640,noise,none,0.000000,-2,134.006966,127.089847,0.040000,127.049847
332,3.546945,3.597330,1.597330,5.597330,noise,sell_to_mm,1.597330,-1,132.409636,128.862691,0.010000,128.852691
333,1.027247,0.268852,-1.731148,2.268852,noise,none,0.000000,-1,132.409636,131.382389,0.010000,131.372389
334,-0.730985,-0.400914,-2.400914,1.599086,informed,none,0.000000,-1,132.409636,133.140621,0.010000,133.130621
335,-1.059763,-2.312558,-4.312558,-0.312558,noise,sell_to_mm,-4.312558,0,136.722194,136.722194,0.000000,136.722194
336,-2.934286,-1.594635,-3.594635,0.405365,noise,buy_from_mm,0.405365,-1,137.127558,140.061844,0.010000,140.051844
337,-3.082637,-4.505537,-6.505537,-2.505537,noise,none,0.000000,-1,137.127558,140.210195,0.010000,140.200195
338,-1.693825,-2.929595,-4.929595,-0.929595,noise,none,0.000000,-1,137.127558,138.821383,0.010000,138.811383
339,-1.791898,-2.301999,-4.301999,-0.301999,informed,none,0.000000,-1,137.127558,138.919457,0.010000,138.909457
340,-1.403940,0.179563,-1.820437,2.179563,informed,none,0.000000,-1,137.127558,138.531498,0.010000,138.521498
341,-0.974175,0.298908,-1.701092,2.298908,noise,none,0.000000,-1,137.127558,138.101733,0.010000,138.091733
342,-1.452816,-0.123070,-2.123070,1.876930,noise,buy_from_mm,1.876930,-2,139.004489,141.910120,0.040000,141.870120
343,0.925903,1.403204,-0.596796,3.403204,noise,none,0.000000,-2,139.004489,137.152683,0.040000,137.112683
344,-0.119368,-0.927723,-2.927723,1.072277,informed,none,0.000000,-2,139.004489,139.243225,0.040000,139.203225
345,-0.160675,-0.078570,-2.078570,1.921430,informed,none,0.000000,-2,139.004489,139.325839,0.040000,139.285839
346,-0.888585,-0.361461,-2.361461,1.638539,informed,none,0.000000,-2,139.004489,140.781659,0.040000,140.741659
347,-0.659213,0.499142,-1.500858,2.499142,informed,none,0.000000,-2,139.004489,140.322916,0.040000,140.282916
348,0.363184,0.425221,-1.574779,2.425221,noise,none,0.000000,-2,139.004489,138.278120,0.040000,138.238120
349,0.150995,0.878226,-1.121774,2.878226,informed,none,0.000000,-2,139.004489,138.702500,0.040000,138.662500
350,-0.655444,-1.722171,-3.722171,0.277829,informed,none,0.000000,-2,139.004489,140.315376,0.040000,140.275376
351,-1.997895,-2.494865,-4.494865,-0.494865,noise,none,0.000000,-2,139.004489,143.000278,0.040000,142.960278
352,-3.592978,-4.130651,-6.130651,-2.130651,informed,none,0.000000,-2,139.004489,146.190445,0.040000,146.150445
353,-3.705379,-3.275749,-5.275749,-1.275749,noise,none,0.000000,-2,139.004489,146.415246,0.040000,146.375246
354,-3.647258,-3.757198,-5.757198,-1.757198,noise,none,0.000000,-2,139.004489,146.299004,0.040000,146.259004
355,-3.452206,-4.355954,-6.355954,-2.355954,informed,none,0.000000,-2,139.004489,145.908900,0.040000,145.868900
356,-4.348576,-4.263691,-6.263691,-2.263691,noise,none,0.000000,-2,139.004489,147.701641,0.040000,147.661641
357,-5.089930,-4.967236,-6.967236,-2.967236,noise,none,0.000000,-2,139.004489,149.184348,0.040000,149.144348
358,-3.361354,-5.418402,-7.418402,-3.418402,noise,none,0.000000,-2,139.004489,145.727196,0.040000,145.687196
359,-3.133061,-3.851430,-5.851430,-1.851430,noise,sell_to_mm,-5.851430,-1,144.855919,147.988980,0.010000,147.978980
360,-2.836698,-3.087916,-5.087916,-1.087916,informed,none,0.000000,-1,144.855919,147.692617,0.010000,147.682617
361,-3.506371,-3.998781,-5.998781,-1.998781,noise,none,0.000000,-1,144.855919,148.362290,0.010000,148.352290
362,-3.359045,-4.464664,-6.464664,-2.464664,noise,sell_to_mm,-6.464664,0,151.320582,151.320582,0.000000,151.320582
363,-3.246572,-3.527671,-5.527671,-1.527671,noise,sell_to_mm,-5.527671,1,156.848253,153.601681,0.010000,153.591681
364,-4.253197,-4.525262,-6.525262,-2.525262,noise,none,0.000000,1,156.848253,152.595056,0.010000,152.585056
365,-6.043152,-7.127177,-9.127177,-5.127177,informed,none,0.000000,1,156.848253,150.805102,0.010000,150.795102
366,-4.314842,-4.852921,-6.852921,-2.852921,noise,none,0.000000,1,156.848253,152.533412,0.010000,152.523412
367,-3.759267,-2.118740,-4.118740,-0.118740,noise,sell_to_mm,-4.118740,2,160.966993,153.448460,0.040000,153.408460
368,-5.944011,-6.737010,-8.737010,-4.737010,noise,none,0.000000,2,160.966993,149.078972,0.040000,149.038972
369,-7.520818,-6.769264,-8.769264,-4.769264,informed,none,0.000000,2,160.966993,145.925357,0.040000,145.885357
370,-6.392720,-6.414258,-8.414258,-4.414258,noise,none,0.000000,2,160.966993,148.181553,0.040000,148.141553
371,-6.978723,-7.561176,-9.561176,-5.561176,informed,none,0.000000,2,160.966993,147.009547,0.040000,146.969547
372,-6.979002,-3.979940,-5.979940,-1.979940,noise,sell_to_mm,-5.979940,3,166.946933,146.009926,0.090000,145.919926
373,-7.049496,-7.184832,-9.184832,-5.184832,noise,none,0.000000,3,166.946933,145.798446,0.090000,145.708446
374,-6.695537,-6.655328,-8.655328,-4.655328,informed,none,0.000000,3,166.946933,146.860323,0.090000,146.770323
375,-7.049555,-7.057345,-9.057345,-5.057345,noise,none,0.000000,3,166.946933,145.798267,0.090000,145.708267
376,-8.257876,-7.888031,-9.888031,-5.888031,noise,none,0.000000,3,166.946933,142.173306,0.090000,142.083306
377,-10.130658,-10.877114,-12.877114,-8.877114,informed,none,0.000000,3,166.946933,136.554958,0.090000,136.464958
378,-8.561972,-6.464909,-8.464909,-4.464909,noise,none,0.000000,3,166.946933,141.261016,0.090000,141.171016
379,-8.170635,-7.796566,-9.796566,-5.796566,noise,none,0.000000,3,166.946933,142.435028,0.090000,142.345028
380,-8.198820,-7.087153,-9.087153,-5.087153,noise,none,0.000000,3,166.946933,142.350472,0.090000,142.260472
381,-5.503291,-5.689120,-7.689120,-3.689120,noise,none,0.000000,3,166.946933,150.437060,0.090000,150.347060
382,-7.941002,-8.568819,-10.568819,-6.568819,informed,none,0.000000,3,166.946933,143.123928,0.090000,143.033928
383,-7.584657,-7.838710,-9.838710,-5.838710,informed,none,0.000000,3,166.946933,144.192962,0.090000,144.102962
384,-8.321733,-8.717834,-10.717834,-6.717834,informed,none,0.000000,3,166.946933,141.981734,0.090000,141.891734
385,-8.613985,-7.713707,-9.713707,-5.713707,noise,none,0.000000,3,166.946933,141.104979,0.090000,141.014979
386,-9.174468,-11.580022,-13.580022,-9.580022,informed,buy_from_mm,-9.580022,2,157.366911,139.017976,0.040000,138.977976
387,-8.519595,-7.597790,-9.597790,-5.597790,informed,none,0.000000,2,157.366911,140.327721,0.040000,140.287721
388,-7.697888,-8.074853,-10.074853,-6.074853,noise,sell_to_mm,-10.074853,3,167.441765,144.348099,0.090000,144.258099
389,-7.275878,-7.319816,-9.319816,-5.319816,noise,sell_to_mm,-9.319816,4,176.761581,147.658069,0.160000,147.498069
390,-7.522012,-7.316013,-9.316013,-5.316013,noise,sell_to_mm,-9.316013,5,186.077594,148.467533,0.250000,148.217533
391,-7.224934,-6.168553,-8.168553,-4.168553,noise,none,0.000000,5,186.077594,149.952925,0.250000,149.702925
392,-7.429270,-8.084649,-10.084649,-6.084649,noise,none,0.000000,5,186.077594,148.931242,0.250000,148.681242
393,-7.686539,-7.477997,-9.477997,-5.477997,noise,buy_from_mm,-5.477997,4,180.599598,149.853444,0.160000,149.693444
394,-7.213500,-8.045586,-10.045586,-6.045586,informed,none,0.000000,4,180.599598,151.745596,0.160000,151.585596
395,-6.013730,-5.016995,-7.016995,-3.016995,informed,none,0.000000,4,180.599598,156.544678,0.160000,156.384678
396,-5.080781,-5.655771,-7.655771,-3.655771,noise,none,0.000000,4,180.599598,160.276474,0.160000,160.116474
397,-5.799363,-5.695857,-7.695857,-3.695857,noise,sell_to_mm,-7.695857,5,188.295454,159.298638,0.250000,159.048638
398,-5.594181,-3.666280,-5.666280,-1.666280,informed,none,0.000000,5,188.295454,160.324551,0.250000,160.074551
399,-5.854566,-4.127110,-6.127110,-2.127110,noise,none,0.000000,5,188.295454,159.022626,0.250000,158.772626
400,-6.755306,-6.999294,-8.999294,-4.999294,noise,none,0.000000,5,188.295454,154.518925,0.250000,154.268925
401,-5.147214,-4.148991,-6.148991,-2.148991,noise,none,0.000000,5,188.295454,162.559384,0.250000,162.309384
402,-4.100540,-2.880923,-4.880923,-0.880923,noise,none,0.000000,5,188.295454,167.792754,0.250000,167.542754
403,-4.090612,-4.271115,-6.271115,-2.271115,noise,none,0.000000,5,188.295454,167.842393,0.250000,167.592393
404,-5.370554,-5.307866,-7.307866,-3.307866,informed,none,0.000000,5,188.295454,161.442685,0.250000,161.192685
405,-5.542252,-5.385119,-7.385119,-3.385119,informed,none,0.000000,5,188.295454,160.584195,0.250000,160.334195
406,-5.435495,-6.968722,-8.968722,-4.968722,informed,none,0.000000,5,188.295454,161.117979,0.250000,160.867979
407,-4.935368,-4.722513,-6.722513,-2.722513,informed,none,0.000000,5,188.295454,163.618612,0.250000,163.368612
408,-5.140602,-6.813336,-8.813336,-4.813336,informed,none,0.000000,5,188.295454,162.592447,0.250000,162.342447
409,-3.560881,-3.398774,-5.398774,-1.398774,noise,none,0.000000,5,188.295454,170.491047,0.250000,170.241047
410,-3.413856,-3.146225,-5.146225,-1.146225,informed,none,0.000000,5,188.295454,171.226174,0.250000,170.976174
411,-2.086649,-1.278117,-3.278117,0.721883,noise,none,0.000000,5,188.295454,177.862211,0.250000,177.612211
412,-1.337605,-0.930629,-2.930629,1.069371,noise,none,0.000000,5,188.295454,181.607428,0.250000,181.357428
413,-0.912604,-2.524750,-4.524750,-0.524750,informed,none,0.000000,5,188.295454,183.732433,0.250000,183.482433
414,-1.372016,-0.283449,-2.283449,1.716551,noise,buy_from_mm,1.716551,4,190.012005,184.523941,0.160000,184.363941
415,-1.786481,-1.032057,-3.032057,0.967943,informed,none,0.000000,4,190.012005,182.866079,0.160000,182.706079
416,-1.031281,-0.059924,-2.059924,1.940076,noise,none,0.000000,4,190.012005,185.886880,0.160000,185.726880
417,-1.233903,-1.948189,-3.948189,0.051811,informed,none,0.000000,4,190.012005,185.076394,0.160000,184.916394
418,-1.439379,-1.329539,-3.329539,0.670461,noise,none,0.000000,4,190.012005,184.254489,0.160000,184.094489
419,-0.526238,0.286622,-1.713378,2.286622,informed,none,0.000000,4,190.012005,187.907055,0.160000,187.747055
420,-0.791712,-2.010758,-4.010758,-0.010758,noise,sell_to_mm,-4.010758,5,194.022763,190.064201,0.250000,189.814201
421,-1.746567,-1.697971,-3.697971,0.302029,informed,none,0.000000,5,194.022763,185.289929,0.250000,185.039929
422,-1.761078,-4.592726,-6.592726,-2.592726,noise,buy_from_mm,-2.592726,4,191.430036,184.385723,0.160000,184.225723
423,-2.364058,-2.248132,-4.248132,-0.248132,noise,buy_from_mm,-0.248132,3,191.181905,184.089731,0.090000,183.999731
424,-3.724627,-4.279817,-6.279817,-2.279817,informed,none,0.000000,3,191.181905,180.008024,0.090000,179.918024
425,-4.209973,-2.744099,-4.744099,-0.744099,informed,none,0.000000,3,191.181905,178.551985,0.090000,178.461985
426,-3.686997,-4.478519,-6.478519,-2.478519,noise,buy_from_mm,-2.478519,2,188.703385,181.329392,0.040000,181.289392
427,-3.819881,-3.767442,-5.767442,-1.767442,informed,none,0.000000,2,188.703385,181.063624,0.040000,181.023624
428,-4.300142,-4.491196,-6.491196,-2.491196,noise,none,0.000000,2,188.703385,180.103101,0.040000,180.063101
429,-3.396024,-2.126561,-4.126561,-0.126561,noise,none,0.000000,2,188.703385,181.911336,0.040000,181.871336
430,-6.926000,-8.042962,-10.042962,-6.042962,informed,none,0.000000,2,188.703385,174.851385,0.040000,174.811385
431,-5.521309,-5.255636,-7.255636,-3.255636,informed,none,0.000000,2,188.703385,177.660767,0.040000,177.620767
432,-5.760510,-7.095738,-9.095738,-5.095738,noise,none,0.000000,2,188.703385,177.182365,0.040000,177.142365
433,-6.564693,-7.586798,-9.586798,-5.586798,noise,none,0.000000,2,188.703385,175.574000,0.040000,175.534000
434,-7.036366,-7.817584,-9.817584,-5.817584,noise,sell_to_mm,-9.817584,3,198.520970,177.411873,0.090000,177.321873
435,-7.593467,-8.701112,-10.701112,-6.701112,informed,none,0.000000,3,198.520970,175.740569,0.090000,175.650569
436,-7.970420,-7.834049,-9.834049,-5.834049,noise,none,0.000000,3,198.520970,174.609709,0.090000,174.519709
437,-9.642846,-10.285501,-12.285501,-8.285501,informed,none,0.000000,3,198.520970,169.592430,0.090000,169.502430
438,-10.053766,-10.813348,-12.813348,-8.813348,noise,none,0.000000,3,198.520970,168.359672,0.090000,168.269672
439,-10.722105,-11.030453,-13.030453,-9.030453,informed,none,0.000000,3,198.520970,166.354655,0.090000,166.264655
440,-9.045027,-8.101202,-10.101202,-6.101202,noise,sell_to_mm,-10.101202,4,208.622171,172.442062,0.160000,172.282062
441,-10.082162,-8.115174,-10.115174,-6.115174,noise,buy_from_mm,-6.115174,3,202.506997,172.260512,0.090000,172.170512
442,-9.774836,-11.347548,-13.347548,-9.347548,informed,none,0.000000,3,202.506997,173.182490,0.090000,173.092490
443,-9.691247,-9.161277,-11.161277,-7.161277,noise,buy_from_mm,-7.161277,2,195.345720,175.963226,0.040000,175.923226
444,-8.689104,-9.913083,-11.913083,-7.913083,informed,none,0.000000,2,195.345720,177.967512,0.040000,177.927512
445,-8.135128,-7.276013,-9.276013,-5.276013,informed,none,0.000000,2,195.345720,179.075464,0.040000,179.035464
446,-7.991102,-7.664032,-9.664032,-5.664032,noise,none,0.000000,2,195.345720,179.363517,0.040000,179.323517
447,-8.630464,-8.104872,-10.104872,-6.104872,noise,none,0.000000,2,195.345720,178.084793,0.040000,178.044793
448,-9.086742,-10.588917,-12.588917,-8.588917,informed,none,0.000000,2,195.345720,177.172236,0.040000,177.132236
449,-8.589030,-9.352052,-11.352052,-7.352052,noise,none,0.000000,2,195.345720,178.167661,0.040000,178.127661
450,-8.805684,-9.232317,-11.232317,-7.232317,informed,none,0.000000,2,195.345720,177.734353,0.040000,177.694353
451,-8.621871,-8.525709,-10.525709,-6.525709,noise,none,0.000000,2,195.345720,178.101979,0.040000,178.061979
452,-9.608691,-8.686729,-10.686729,-6.686729,informed,none,0.000000,2,195.345720,176.128339,0.040000,176.088339
453,-9.286234,-9.165290,-11.165290,-7.165290,informed,none,0.000000,2,195.345720,176.773253,0.040000,176.733253
454,-9.562254,-8.075194,-10.075194,-6.075194,noise,buy_from_mm,-6.075194,1,189.270526,179.708272,0.010000,179.698272
455,-10.908086,-11.684212,-13.684212,-9.684212,noise,none,0.000000,1,189.270526,178.362441,0.010000,178.352441
456,-11.930973,-10.895342,-12.895342,-8.895342,informed,none,0.000000,1,189.270526,177.339553,0.010000,177.329553
457,-11.087617,-11.818212,-13.818212,-9.818212,noise,buy_from_mm,-9.818212,0,179.452314,179.452314,0.000000,179.452314
458,-11.973020,-11.616021,-13.616021,-9.616021,informed,none,0.000000,0,179.452314,179.452314,0.000000,179.452314
459,-13.370570,-13.143650,-15.143650,-11.143650,informed,none,0.000000,0,179.452314,179.452314,0.000000,179.452314
460,-15.110816,-15.113014,-17.113014,-13.113014,informed,none,0.000000,0,179.452314,179.452314,0.000000,179.452314
461,-14.486287,-15.873440,-17.873440,-13.873440,noise,sell_to_mm,-17.873440,1,197.325754,182.839467,0.010000,182.829467
462,-14.171907,-15.411910,-17.411910,-13.411910,informed,none,0.000000,1,197.325754,183.153847,0.010000,183.143847
463,-13.911472,-14.231644,-16.231644,-12.231644,noise,none,0.000000,1,197.325754,183.414283,0.010000,183.404283
464,-14.257736,-14.375481,-16.375481,-12.375481,noise,none,0.000000,1,197.325754,183.068019,0.010000,183.058019
465,-14.177518,-14.551429,-16.551429,-12.551429,informed,none,0.000000,1,197.325754,183.148236,0.010000,183.138236
466,-14.741920,-15.943880,-17.943880,-13.943880,noise,none,0.000000,1,197.325754,182.583834,0.010000,182.573834
467,-13.868779,-15.970216,-17.970216,-13.970216,informed,buy_from_mm,-13.970216,0,183.355538,183.355538,0.000000,183.355538
468,-14.379358,-13.830373,-15.830373,-11.830373,noise,buy_from_mm,-11.830373,-1,171.525166,185.904523,0.010000,185.894523
469,-15.789972,-14.754526,-16.754526,-12.754526,informed,none,0.000000,-1,171.525166,187.315137,0.010000,187.305137
470,-16.695908,-18.227478,-20.227478,-16.227478,informed,none,0.000000,-1,171.525166,188.221074,0.010000,188.211074
471,-15.306281,-15.258503,-17.258503,-13.258503,noise,none,0.000000,-1,171.525166,186.831446,0.010000,186.821446
472,-14.550404,-14.754914,-16.754914,-12.754914,noise,sell_to_mm,-16.754914,0,188.280079,188.280079,0.000000,188.280079
473,-14.354783,-14.108699,-16.108699,-12.108699,noise,sell_to_mm,-16.108699,1,204.388779,190.033996,0.010000,190.023996
474,-14.746802,-14.810142,-16.810142,-12.810142,noise,sell_to_mm,-16.810142,2,221.198921,191.705317,0.040000,191.665317
475,-14.705300,-12.764735,-14.764735,-10.764735,informed,none,0.000000,2,221.198921,191.788321,0.040000,191.748321
476,-13.970442,-15.710583,-17.710583,-13.710583,noise,none,0.000000,2,221.198921,193.258036,0.040000,193.218036
477,-13.841395,-13.650971,-15.650971,-11.650971,noise,none,0.000000,2,221.198921,193.516132,0.040000,193.476132
478,-14.990427,-14.275091,-16.275091,-12.275091,noise,none,0.000000,2,221.198921,191.218067,0.040000,191.178067
479,-15.232362,-15.053468,-17.053468,-13.053468,informed,none,0.000000,2,221.198921,190.734197,0.040000,190.694197
480,-14.749338,-14.212176,-16.212176,-12.212176,noise,buy_from_mm,-12.212176,1,208.986745,194.237407,0.010000,194.227407
481,-14.192051,-15.475895,-17.475895,-13.475895,noise,none,0.000000,1,208.986745,194.794694,0.010000,194.784694
482,-15.028558,-14.036341,-16.036341,-12.036341,noise,sell_to_mm,-16.036341,2,225.023086,194.965970,0.040000,194.925970
483,-14.396474,-14.707951,-16.707951,-12.707951,noise,none,0.000000,2,225.023086,196.230138,0.040000,196.190138
484,-13.938085,-13.583524,-15.583524,-11.583524,noise,none,0.000000,2,225.023086,197.146915,0.040000,197.106915
485,-13.715919,-14.563340,-16.563340,-12.563340,noise,none,0.000000,2,225.023086,197.591247,0.040000,197.551247
486,-13.511475,-13.560326,-15.560326,-11.560326,informed,none,0.000000,2,225.023086,198.000136,0.040000,197.960136
487,-11.228287,-12.577773,-14.577773,-10.577773,noise,none,0.000000,2,225.023086,202.566512,0.040000,202.526512
488,-12.566453,-11.780530,-13.780530,-9.780530,noise,none,0.000000,2,225.023086,199.890181,0.040000,199.850181
489,-11.607869,-11.572227,-13.572227,-9.572227,informed,none,0.000000,2,225.023086,201.807347,0.040000,201.767347
490,-12.527127,-13.462787,-15.462787,-11.462787,informed,none,0.000000,2,225.023086,199.968833,0.040000,199.928833
491,-12.388471,-12.157173,-14.157173,-10.157173,informed,none,0.000000,2,225.023086,200.246144,0.040000,200.206144
492,-12.551106,-12.585056,-14.585056,-10.585056,noise,buy_from_mm,-10.585056,1,214.438030,201.886924,0.010000,201.876924
493,-13.790903,-12.941733,-14.941733,-10.941733,informed,none,0.000000,1,214.438030,200.647127,0.010000,200.637127
494,-13.691438,-14.617639,-16.617639,-12.617639,informed,none,0.000000,1,214.438030,200.746592,0.010000,200.736592
495,-13.551797,-14.084518,-16.084518,-12.084518,noise,none,0.000000,1,214.438030,200.886233,0.010000,200.876233
496,-14.438951,-14.476252,-16.476252,-12.476252,informed,none,0.000000,1,214.438030,199.999079,0.010000,199.989079
497,-14.956037,-15.051871,-17.051871,-13.051871,noise,none,0.000000,1,214.438030,199.481993,0.010000,199.471993
498,-15.334912,-17.514400,-19.514400,-15.514400,noise,none,0.000000,1,214.438030,199.103118,0.010000,199.093118
499,-15.121205,-14.978365,-16.978365,-12.978365,informed,none,0.000000,1,214.438030,199.316825,0.010000,199.306825
500,-15.351242,-14.146862,-16.146862,-12.146862,noise,none,0.000000,1,214.438030,199.086788,0.010000,199.076788
501,-14.377708,-15.582551,-17.582551,-13.582551,noise,none,0.000000,1,214.438030,200.060322,0.010000,200.050322
502,-13.246449,-14.470938,-16.470938,-12.470938,informed,none,0.000000,1,214.438030,201.191581,0.010000,201.181581
503,-11.754106,-13.739224,-15.739224,-11.739224,noise,none,0.000000,1,214.438030,202.683924,0.010000,202.673924
504,-10.673192,-10.605831,-12.605831,-8.605831,noise,buy_from_mm,-8.605831,0,205.832199,205.832199,0.000000,205.832199
505,-9.624908,-9.858973,-11.858973,-7.858973,noise,sell_to_mm,-11.858973,1,217.691172,208.066263,0.010000,208.056263
506,-10.083608,-9.504620,-11.504620,-7.504620,informed,none,0.000000,1,217.691172,207.607564,0.010000,207.597564
507,-10.840652,-9.855827,-11.855827,-7.855827,noise,sell_to_mm,-11.855827,2,229.546999,207.865694,0.040000,207.825694
508,-9.885995,-9.770628,-11.770628,-7.770628,informed,none,0.000000,2,229.546999,209.775008,0.040000,209.735008
509,-9.491656,-8.918570,-10.918570,-6.918570,noise,buy_from_mm,-6.918570,1,222.628429,213.136772,0.010000,213.126772
510,-8.946845,-8.681199,-10.681199,-6.681199,informed,none,0.000000,1,222.628429,213.681584,0.010000,213.671584
511,-8.260227,-8.254527,-10.254527,-6.254527,noise,buy_from_mm,-6.254527,0,216.373901,216.373901,0.000000,216.373901
512,-8.980815,-7.956332,-9.956332,-5.956332,informed,none,0.000000,0,216.373901,216.373901,0.000000,216.373901
513,-8.223817,-8.394562,-10.394562,-6.394562,noise,buy_from_mm,-6.394562,-1,209.979340,218.203156,0.010000,218.193156
514,-6.798714,-7.704354,-9.704354,-5.704354,informed,none,0.000000,-1,209.979340,216.778054,0.010000,216.768054
515,-7.610390,-8.538515,-10.538515,-6.538515,noise,buy_from_mm,-6.538515,-2,203.440825,218.661605,0.040000,218.621605
516,-6.282460,-5.871750,-7.871750,-3.871750,informed,none,0.000000,-2,203.440825,216.005745,0.040000,215.965745
517,-6.491481,-7.284258,-9.284258,-5.284258,informed,none,0.000000,-2,203.440825,216.423786,0.040000,216.383786
518,-5.764734,-6.547372,-8.547372,-4.547372,noise,none,0.000000,-2,203.440825,214.970293,0.040000,214.930293
519,-5.795834,-5.459038,-7.459038,-3.459038,noise,none,0.000000,-2,203.440825,215.032494,0.040000,214.992494
520,-5.703139,-6.197781,-8.197781,-4.197781,informed,none,0.000000,-2,203.440825,214.847103,0.040000,214.807103
521,-5.408521,-5.551180,-7.551180,-3.551180,noise,none,0.000000,-2,203.440825,214.257867,0.040000,214.217867
522,-4.414231,-4.088907,-6.088907,-2.088907,noise,none,0.000000,-2,203.440825,212.269286,0.040000,212.229286
523,-3.980149,-4.035927,-6.035927,-2.035927,informed,none,0.000000,-2,203.440825,211.401122,0.040000,211.361122
524,-4.363559,-3.454088,-5.454088,-1.454088,informed,none,0.000000,-2,203.440825,212.167942,0.040000,212.127942
525,-4.788528,-6.200709,-8.200709,-4.200709,informed,none,0.000000,-2,203.440825,213.017881,0.040000,212.977881
526,-5.174503,-5.953988,-7.953988,-3.953988,noise,buy_from_mm,-3.953988,-3,199.486837,215.010347,0.090000,214.920347
527,-5.733850,-4.512244,-6.512244,-2.512244,noise,none,0.000000,-3,199.486837,216.688388,0.090000,216.598388
528,-5.505327,-7.053263,-9.053263,-5.053263,informed,none,0.000000,-3,199.486837,216.002819,0.090000,215.912819
529,-6.333086,-7.128457,-9.128457,-5.128457,informed,none,0.000000,-3,199.486837,218.486096,0.090000,218.396096
530,-6.528663,-4.784363,-6.784363,-2.784363,noise,none,0.000000,-3,199.486837,219.072827,0.090000,218.982827
531,-7.270635,-6.476390,-8.476390,-4.476390,noise,none,0.000000,-3,199.486837,221.298743,0.090000,221.208743
532,-8.236764,-8.198571,-10.198571,-6.198571,noise,none,0.000000,-3,199.486837,224.197129,0.090000,224.107129
533,-8.790456,-9.569167,-11.569167,-7.569167,noise,none,0.000000,-3,199.486837,225.858206,0.090000,225.768206
534,-7.656535,-7.708184,-9.708184,-5.708184,noise,none,0.000000,-3,199.486837,222.456442,0.090000,222.366442
535,-8.030295,-7.349201,-9.349201,-5.349201,informed,none,0.000000,-3,199.486837,223.577721,0.090000,223.487721
536,-6.799626,-6.519337,-8.519337,-4.519337,informed,none,0.000000,-3,199.486837,219.885715,0.090000,219.795715
537,-6.205339,-6.407758,-8.407758,-4.407758,informed,none,0.000000,-3,199.486837,218.102853,0.090000,218.012853
538,-7.181073,-7.968621,-9.968621,-5.968621,noise,none,0.000000,-3,199.486837,221.030056,0.090000,220.940056
539,-5.931423,-7.768463,-9.768463,-5.768463,noise,none,0.000000,-3,199.486837,217.281105,0.090000,217.191105
540,-4.697191,-4.628521,-6.628521,-2.628521,informed,none,0.000000,-3,199.486837,213.578410,0.090000,213.488410
541,-6.005177,-6.010220,-8.010220,-4.010220,noise,sell_to_mm,-8.010220,-2,207.497057,219.507410,0.040000,219.467410
542,-4.515162,-5.860283,-7.860283,-3.860283,informed,none,0.000000,-2,207.497057,216.527382,0.040000,216.487382
543,-3.804289,-4.018142,-6.018142,-2.018142,noise,buy_from_mm,-2.018142,-3,205.478915,216.891784,0.090000,216.801784
544,-2.953611,-2.008621,-4.008621,-0.008621,informed,none,0.000000,-3,205.478915,214.339748,0.090000,214.249748
545,-2.447575,-2.911071,-4.911071,-0.911071,noise,none,0.000000,-3,205.478915,212.821641,0.090000,212.731641
546,-0.594405,-0.879198,-2.879198,1.120802,informed,none,0.000000,-3,205.478915,207.262131,0.090000,207.172131
547,0.489954,-1.503743,-3.503743,0.496257,informed,none,0.000000,-3,205.478915,204.009053,0.090000,203.919053
548,0.066812,0.303359,-1.696641,2.303359,noise,sell_to_mm,-1.696641,-2,207.175557,207.041932,0.040000,207.001932
549,1.123985,0.035644,-1.964356,2.035644,noise,buy_from_mm,2.035644,-3,209.211201,205.839244,0.090000,205.749244
550,-0.134398,-0.701670,-2.701670,1.298330,informed,none,0.000000,-3,209.211201,209.614396,0.090000,209.524396
551,0.219578,1.465775,-0.534225,3.465775,noise,none,0.000000,-3,209.211201,208.552467,0.090000,208.462467
552,1.486226,2.325676,0.325676,4.325676,noise,none,0.000000,-3,209.211201,204.752523,0.090000,204.662523
553,2.442320,2.133013,0.133013,4.133013,noise,none,0.000000,-3,209.211201,201.884241,0.090000,201.794241
554,5.289283,5.724468,3.724468,7.724468,noise,sell_to_mm,3.724468,-2,205.486733,194.908167,0.040000,194.868167
555,6.612327,7.786625,5.786625,9.786625,noise,none,0.000000,-2,205.486733,192.262078,0.040000,192.222078
556,8.837111,8.899697,6.899697,10.899697,noise,sell_to_mm,6.899697,-1,198.587036,189.749925,0.010000,189.739925
557,9.211788,9.469272,7.469272,11.469272,noise,none,0.000000,-1,198.587036,189.375248,0.010000,189.365248
558,9.908600,7.268081,5.268081,9.268081,noise,buy_from_mm,9.268081,-2,207.855117,188.037918,0.040000,187.997918
559,9.419365,8.853544,6.853544,10.853544,noise,buy_from_mm,10.853544,-3,218.708661,190.450565,0.090000,190.360565
560,8.097360,8.193115,6.193115,10.193115,noise,none,0.000000,-3,218.708661,194.416581,0.090000,194.326581
561,8.598488,9.202840,7.202840,11.202840,noise,none,0.000000,-3,218.708661,192.913198,0.090000,192.823198
562,7.310954,6.902720,4.902720,8.902720,informed,none,0.000000,-3,218.708661,196.775799,0.090000,196.685799
563,8.183296,5.893805,3.893805,7.893805,noise,none,0.000000,-3,218.708661,194.158773,0.090000,194.068773
564,7.785786,6.656145,4.656145,8.656145,informed,none,0.000000,-3,218.708661,195.351303,0.090000,195.261303
565,7.238589,8.207036,6.207036,10.207036,noise,none,0.000000,-3,218.708661,196.992895,0.090000,196.902895
566,7.232178,7.535134,5.535134,9.535134,noise,none,0.000000,-3,218.708661,197.012128,0.090000,196.922128
567,6.957331,6.820006,4.820006,8.820006,informed,none,0.000000,-3,218.708661,197.836669,0.090000,197.746669
568,6.313469,6.209395,4.209395,8.209395,noise,none,0.000000,-3,218.708661,199.768255,0.090000,199.678255
569,7.016644,9.165037,7.165037,11.165037,noise,none,0.000000,-3,218.708661,197.658728,0.090000,197.568728
570,7.721939,6.128367,4.128367,8.128367,noise,none,0.000000,-3,218.708661,195.542843,0.090000,195.452843
571,8.693250,8.611219,6.611219,10.611219,noise,none,0.000000,-3,218.708661,192.628912,0.090000,192.538912
572,8.339981,8.493024,6.493024,10.493024,noise,none,0.000000,-3,218.708661,193.688717,0.090000,193.598717
573,8.077034,6.478824,4.478824,8.478824,noise,none,0.000000,-3,218.708661,194.477558,0.090000,194.387558
574,8.482014,9.659204,7.659204,11.659204,informed,none,0.000000,-3,218.708661,193.262618,0.090000,193.172618
575,8.465910,7.819706,5.819706,9.819706,noise,none,0.000000,-3,218.708661,193.310931,0.090000,193.220931
576,9.210653,9.096360,7.096360,11.096360,noise,none,0.000000,-3,218.708661,191.076701,0.090000,190.986701
577,7.507447,4.504477,2.504477,6.504477,informed,buy_from_mm,6.504477,-4,225.213138,195.183349,0.160000,195.023349
578,6.900152,5.323114,3.323114,7.323114,informed,none,0.000000,-4,225.213138,197.612529,0.160000,197.452529
579,7.283393,7.516646,5.516646,9.516646,noise,none,0.000000,-4,225.213138,196.079565,0.160000,195.919565
580,8.693769,9.714477,7.714477,11.714477,noise,none,0.000000,-4,225.213138,190.438061,0.160000,190.278061
581,8.309708,7.341230,5.341230,9.341230,noise,none,0.000000,-4,225.213138,191.974305,0.160000,191.814305
582,6.711074,7.445840,5.445840,9.445840,noise,none,0.000000,-4,225.213138,198.368843,0.160000,198.208843
583,5.359043,5.352942,3.352942,7.352942,noise,none,0.000000,-4,225.213138,203.776966,0.160000,203.616966
584,5.242710,4.787499,2.787499,6.787499,noise,none,0.000000,-4,225.213138,204.242298,0.160000,204.082298
585,5.992491,5.529178,3.529178,7.529178,informed,none,0.000000,-4,225.213138,201.243176,0.160000,201.083176
586,8.198375,8.889929,6.889929,10.889929,informed,none,0.000000,-4,225.213138,192.419637,0.160000,192.259637
587,7.670914,8.280554,6.280554,10.280554,noise,none,0.000000,-4,225.213138,194.529480,0.160000,194.369480
588,6.989688,6.770744,4.770744,8.770744,noise,buy_from_mm,8.770744,-5,233.983882,199.035441,0.250000,198.785441
589,8.302456,7.493546,5.493546,9.493546,informed,none,0.000000,-5,233.983882,192.471603,0.250000,192.221603
590,6.822996,7.056501,5.056501,9.056501,informed,none,0.000000,-5,233.983882,199.868900,0.250000,199.618900
591,7.128178,6.310932,4.310932,8.310932,noise,buy_from_mm,8.310932,-6,242.294813,199.525744,0.360000,199.165744
592,9.670296,11.988972,9.988972,13.988972,noise,none,0.000000,-6,242.294813,184.273037,0.360000,183.913037
593,9.668997,9.407638,7.407638,11.407638,informed,none,0.000000,-6,242.294813,184.280833,0.360000,183.920833
594,10.110781,10.091701,8.091701,12.091701,noise,none,0.000000,-6,242.294813,181.630130,0.360000,181.270130
595,8.434016,5.631331,3.631331,7.631331,noise,none,0.000000,-6,242.294813,191.690718,0.360000,191.330718
596,7.866984,9.015310,7.015310,11.015310,noise,sell_to_mm,7.015310,-5,235.279503,195.944584,0.250000,195.694584
597,7.741460,7.686185,5.686185,9.686185,noise,none,0.000000,-5,235.279503,196.572202,0.250000,196.322202
598,7.298742,6.635516,4.635516,8.635516,noise,none,0.000000,-5,235.279503,198.785792,0.250000,198.535792
599,6.860782,6.300850,4.300850,8.300850,noise,none,0.000000,-5,235.279503,200.975595,0.250000,200.725595
600,8.285035,9.320948,7.320948,11.320948,noise,buy_from_mm,11.320948,-6,246.600451,196.890239,0.360000,196.530239
601,8.188333,8.437141,6.437141,10.437141,informed,none,0.000000,-6,246.600451,197.470455,0.360000,197.110455
602,7.953178,8.948178,6.948178,10.948178,informed,none,0.000000,-6,246.600451,198.881381,0.360000,198.521381
603,6.548849,7.086564,5.086564,9.086564,noise,none,0.000000,-6,246.600451,207.307359,0.360000,206.947359
604,7.002912,8.550160,6.550160,10.550160,informed,none,0.000000,-6,246.600451,204.582976,0.360000,204.222976
605,7.559296,6.211475,4.211475,8.211475,noise,none,0.000000,-6,246.600451,201.244676,0.360000,200.884676
606,5.470332,5.822402,3.822402,7.822402,noise,sell_to_mm,3.822402,-5,242.778049,215.426387,0.250000,215.176387
607,6.565022,8.369105,6.369105,10.369105,informed,none,0.000000,-5,242.778049,209.952941,0.250000,209.702941
608,6.756212,5.832876,3.832876,7.832876,informed,none,0.000000,-5,242.778049,208.996991,0.250000,208.746991
609,7.678454,8.129356,6.129356,10.129356,noise,none,0.000000,-5,242.778049,204.385778,0.250000,204.135778
610,7.954860,4.660392,2.660392,6.660392,informed,buy_from_mm,6.660392,-6,249.438441,201.709281,0.360000,201.349281
611,7.481018,7.948055,5.948055,9.948055,informed,none,0.000000,-6,249.438441,204.552335,0.360000,204.192335
612,7.568983,7.088295,5.088295,9.088295,noise,sell_to_mm,5.088295,-5,244.350146,206.505232,0.250000,206.255232
613,8.197111,8.224387,6.224387,10.224387,noise,buy_from_mm,10.224387,-6,254.574533,205.391870,0.360000,205.031870
614,9.357440,9.287767,7.287767,11.287767,noise,none,0.000000,-6,254.574533,198.429890,0.360000,198.069890
615,9.507156,10.370566,8.370566,12.370566,informed,none,0.000000,-6,254.574533,197.531595,0.360000,197.171595
616,9.349706,10.917781,8.917781,12.917781,noise,none,0.000000,-6,254.574533,198.476297,0.360000,198.116297
617,8.442744,7.601325,5.601325,9.601325,noise,buy_from_mm,9.601325,-7,264.175858,205.076648,0.490000,204.586648
618,10.626252,9.933961,7.933961,11.933961,noise,none,0.000000,-7,264.175858,189.792093,0.490000,189.302093
619,9.928591,9.950452,7.950452,11.950452,informed,none,0.000000,-7,264.175858,194.675720,0.490000,194.185720
620,10.510326,9.840070,7.840070,11.840070,informed,none,0.000000,-7,264.175858,190.603574,0.490000,190.113574
621,9.423132,7.817480,5.817480,9.817480,noise,buy_from_mm,9.817480,-8,273.993338,198.608283,0.640000,197.968283
622,9.054974,9.240752,7.240752,11.240752,informed,none,0.000000,-8,273.993338,201.553546,0.640000,200.913546
623,8.491349,6.233046,4.233046,8.233046,noise,none,0.000000,-8,273.993338,206.062546,0.640000,205.422546
624,8.537424,7.328567,5.328567,9.328567,noise,none,0.000000,-8,273.993338,205.693948,0.640000,205.053948
625,9.445199,8.847019,6.847019,10.847019,informed,none,0.000000,-8,273.993338,198.431745,0.640000,197.791745
626,8.060298,7.506907,5.506907,9.506907,informed,none,0.000000,-8,273.993338,209.510957,0.640000,208.870957
627,10.786492,9.450999,7.450999,11.450999,noise,none,0.000000,-8,273.993338,187.701399,0.640000,187.061399
628,11.473707,10.423183,8.423183,12.423183,informed,none,0.000000,-8,273.993338,182.203682,0.640000,181.563682
629,11.303882,12.220035,10.220035,14.220035,noise,buy_from_mm,14.220035,-9,288.213373,186.478434,0.810000,185.668434
630,13.117718,12.917840,10.917840,14.917840,noise,buy_from_mm,14.917840,-10,303.131213,171.954034,1.000000,170.954034
631,14.319497,11.971821,9.971821,13.971821,informed,buy_from_mm,13.971821,-11,317.103033,159.588565,1.210000,158.378565
632,15.470131,15.280001,13.280001,17.280001,noise,sell_to_mm,13.280001,-10,303.823033,149.121720,1.000000,148.121720
633,16.096561,14.129264,12.129264,16.129264,noise,none,0.000000,-10,303.823033,142.857420,1.000000,141.857420
634,15.151558,15.099692,13.099692,17.099692,informed,none,0.000000,-10,303.823033,152.307455,1.000000,151.307455
635,14.887926,16.344387,14.344387,18.344387,informed,none,0.000000,-10,303.823033,154.943773,1.000000,153.943773
636,16.080938,16.884839,14.884839,18.884839,informed,none,0.000000,-10,303.823033,143.013654,1.000000,142.013654
637,16.526664,16.473079,14.473079,18.473079,noise,none,0.000000,-10,303.823033,138.556392,1.000000,137.556392
638,16.686598,17.281941,15.281941,19.281941,informed,none,0.000000,-10,303.823033,136.957049,1.000000,135.957049
639,16.959720,16.506362,14.506362,18.506362,noise,none,0.000000,-10,303.823033,134.225828,1.000000,133.225828
640,16.687711,18.207946,16.207946,20.207946,informed,none,0.000000,-10,303.823033,136.945921,1.000000,135.945921
641,18.768876,18.939162,16.939162,20.939162,noise,none,0.000000,-10,303.823033,116.134276,1.000000,115.134276
642,16.933807,17.969203,15.969203,19.969203,noise,none,0.000000,-10,303.823033,134.484964,1.000000,133.484964
643,16.934570,17.675527,15.675527,19.675527,noise,none,0.000000,-10,303.823033,134.477329,1.000000,133.477329
644,17.875173,16.870001,14.870001,18.870001,informed,none,0.000000,-10,303.823033,125.071306,1.000000,124.071306
645,17.396191,18.251422,16.251422,20.251422,noise,none,0.000000,-10,303.823033,129.861127,1.000000,128.861127
646,17.913599,17.972566,15.972566,19.972566,informed,none,0.000000,-10,303.823033,124.687044,1.000000,123.687044
647,16.522563,14.503531,12.503531,16.503531,informed,buy_from_mm,16.503531,-11,320.326564,138.578376,1.210000,137.368376
648,16.432702,16.179803,14.179803,18.179803,noise,none,0.000000,-11,320.326564,139.566844,1.210000,138.356844
649,16.040560,16.576878,14.576878,18.576878,informed,none,0.000000,-11,320.326564,143.880402,1.210000,142.670402
650,15.384520,16.030094,14.030094,18.030094,noise,none,0.000000,-11,320.326564,151.096847,1.210000,149.886847
651,16.607953,17.757085,15.757085,19.757085,noise,none,0.000000,-11,320.326564,137.639078,1.210000,136.429078
652,17.893107,17.929928,15.929928,19.929928,noise,sell_to_mm,15.929928,-10,304.396635,125.465569,1.000000,124.465569
653,18.530254,18.733296,16.733296,20.733296,informed,none,0.000000,-10,304.396635,119.094098,1.000000,118.094098
654,18.250037,18.859158,16.859158,20.859158,noise,none,0.000000,-10,304.396635,121.896268,1.000000,120.896268
655,20.398220,19.406325,17.406325,21.406325,informed,none,0.000000,-10,304.396635,100.414434,1.000000,99.414434
656,19.663956,20.020237,18.020237,22.020237,noise,buy_from_mm,22.020237,-11,326.416872,110.113357,1.210000,108.903357
657,19.581035,18.851287,16.851287,20.851287,noise,none,0.000000,-11,326.416872,111.025489,1.210000,109.815489
658,20.423115,19.571282,17.571282,21.571282,informed,none,0.000000,-11,326.416872,101.762603,1.210000,100.552603
659,21.086437,20.821997,18.821997,22.821997,informed,none,0.000000,-11,326.416872,94.466069,1.210000,93.256069
660,21.284772,20.336390,18.336390,22.336390,noise,none,0.000000,-11,326.416872,92.284377,1.210000,91.074377
661,22.513041,22.862409,20.862409,24.862409,noise,none,0.000000,-11,326.416872,78.773421,1.210000,77.563421
662,22.322238,22.212005,20.212005,24.212005,noise,sell_to_mm,20.212005,-10,306.204867,82.982491,1.000000,81.982491
663,23.307778,23.481266,21.481266,25.481266,noise,none,0.000000,-10,306.204867,73.127086,1.000000,72.127086
664,23.289949,23.828049,21.828049,25.828049,noise,buy_from_mm,25.828049,-11,332.032916,75.843475,1.210000,74.633475
665,22.970493,21.765493,19.765493,23.765493,noise,none,0.000000,-11,332.032916,79.357491,1.210000,78.147491
666,22.961659,22.460222,20.460222,24.460222,noise,sell_to_mm,20.460222,-10,311.572694,81.956107,1.000000,80.956107
667,22.076532,22.513670,20.513670,24.513670,informed,none,0.000000,-10,311.572694,90.807376,1.000000,89.807376
668,20.529777,21.341273,19.341273,23.341273,noise,none,0.000000,-10,311.572694,106.274926,1.000000,105.274926
669,21.792021,20.929174,18.929174,22.929174,noise,sell_to_mm,18.929174,-9,292.643520,96.515330,0.810000,95.705330
670,21.552087,22.550915,20.550915,24.550915,noise,none,0.000000,-9,292.643520,98.674735,0.810000,97.864735
671,20.788098,21.109981,19.109981,23.109981,informed,none,0.000000,-9,292.643520,105.550642,0.810000,104.740642
672,21.191970,21.513866,19.513866,23.513866,noise,sell_to_mm,19.513866,-8,273.129654,103.593898,0.640000,102.953898
673,20.833576,21.604348,19.604348,23.604348,noise,none,0.000000,-8,273.129654,106.461046,0.640000,105.821046
674,20.827625,21.648868,19.648868,23.648868,noise,none,0.000000,-8,273.129654,106.508653,0.640000,105.868653
675,21.104884,19.901428,17.901428,21.901428,informed,none,0.000000,-8,273.129654,104.290585,0.640000,103.650585
676,20.698031,21.181247,19.181247,23.181247,informed,none,0.000000,-8,273.129654,107.545407,0.640000,106.905407
677,21.554667,21.226740,19.226740,23.226740,informed,none,0.000000,-8,273.129654,100.692315,0.640000,100.052315
678,21.293820,22.442558,20.442558,24.442558,noise,sell_to_mm,20.442558,-7,252.687096,103.630357,0.490000,103.140357
679,20.295221,19.847464,17.847464,21.847464,noise,buy_from_mm,21.847464,-8,274.534560,112.172788,0.640000,111.532788
680,20.077156,21.448391,19.448391,23.448391,noise,none,0.000000,-8,274.534560,113.917313,0.640000,113.277313
681,17.827734,17.144251,15.144251,19.144251,noise,none,0.000000,-8,274.534560,131.912684,0.640000,131.272684
682,16.583909,16.067943,14.067943,18.067943,noise,none,0.000000,-8,274.534560,141.863284,0.640000,141.223284
683,14.721484,14.767250,12.767250,16.767250,noise,none,0.000000,-8,274.534560,156.762684,0.640000,156.122684
684,13.958208,14.780980,12.780980,16.780980,informed,none,0.000000,-8,274.534560,162.868894,0.640000,162.228894
685,13.470204,13.775364,11.775364,15.775364,noise,none,0.000000,-8,274.534560,166.772925,0.640000,166.132925
686,11.317312,11.158833,9.158833,13.158833,noise,buy_from_mm,13.158833,-9,287.693392,185.837587,0.810000,185.027587
687,12.360090,14.045004,12.045004,16.045004,noise,none,0.000000,-9,287.693392,176.452582,0.810000,175.642582
688,11.803328,10.012825,8.012825,12.012825,informed,none,0.000000,-9,287.693392,181.463436,0.810000,180.653436
689,12.520621,12.059432,10.059432,14.059432,noise,none,0.000000,-9,287.693392,175.007805,0.810000,174.197805
690,11.734545,11.523972,9.523972,13.523972,noise,none,0.000000,-9,287.693392,182.082486,0.810000,181.272486
691,13.738869,13.590631,11.590631,15.590631,noise,none,0.000000,-9,287.693392,164.043575,0.810000,163.233575
692,14.365770,13.265049,11.265049,15.265049,informed,none,0.000000,-9,287.693392,158.401459,0.810000,157.591459
693,14.361202,16.420881,14.420881,18.420881,noise,none,0.000000,-9,287.693392,158.442575,0.810000,157.632575
694,14.037182,13.737590,11.737590,15.737590,noise,none,0.000000,-9,287.693392,161.358754,0.810000,160.548754
695,15.231191,14.065419,12.065419,16.065419,noise,none,0.000000,-9,287.693392,150.612669,0.810000,149.802669
696,16.356239,14.713782,12.713782,16.713782,informed,none,0.000000,-9,287.693392,140.487245,0.810000,139.677245
697,17.716228,17.262102,15.262102,19.262102,noise,none,0.000000,-9,287.693392,128.247342,0.810000,127.437342
698,16.315146,14.391412,12.391412,16.391412,noise,none,0.000000,-9,287.693392,140.857078,0.810000,140.047078
699,17.504648,16.287653,14.287653,18.287653,informed,none,0.000000,-9,287.693392,130.151564,0.810000,129.341564
700,17.081119,17.441499,15.441499,19.441499,informed,none,0.000000,-9,287.693392,133.963319,0.810000,133.153319
701,17.555898,19.804720,17.804720,21.804720,noise,buy_from_mm,21.804720,-10,309.498112,133.939134,1.000000,132.939134
702,17.867603,18.120611,16.120611,20.120611,noise,sell_to_mm,16.120611,-9,293.377501,132.569074,0.810000,131.759074
703,19.742790,20.989423,18.989423,22.989423,informed,none,0.000000,-9,293.377501,115.692387,0.810000,114.882387
704,19.959440,20.809115,18.809115,22.809115,informed,none,0.000000,-9,293.377501,113.742545,0.810000,112.932545
705,20.142317,21.534820,19.534820,23.534820,informed,none,0.000000,-9,293.377501,112.096648,0.810000,111.286648
706,19.056438,19.004638,17.004638,21.004638,noise,none,0.000000,-9,293.377501,121.869556,0.810000,121.059556
707,17.622050,16.643785,14.643785,18.643785,noise,none,0.000000,-9,293.377501,134.779053,0.810000,133.969053
708,17.188078,18.245234,16.245234,20.245234,noise,buy_from_mm,20.245234,-10,313.622735,141.741955,1.000000,140.741955
709,17.338553,16.266442,14.266442,18.266442,noise,buy_from_mm,18.266442,-11,331.889177,141.165098,1.210000,139.955098
710,17.428139,17.612495,15.612495,19.612495,noise,none,0.000000,-11,331.889177,140.179644,1.210000,138.969644
711,14.950195,14.101013,12.101013,16.101013,noise,none,0.000000,-11,331.889177,167.437034,1.210000,166.227034
712,15.487764,16.276912,14.276912,18.276912,noise,buy_from_mm,18.276912,-12,350.166089,164.312923,1.440000,162.872923
713,14.840135,15.138261,13.138261,17.138261,informed,none,0.000000,-12,350.166089,172.084472,1.440000,170.644472
714,14.033730,15.530308,13.530308,17.530308,informed,none,0.000000,-12,350.166089,181.761335,1.440000,180.321335
715,14.527276,15.806924,13.806924,17.806924,noise,none,0.000000,-12,350.166089,175.838778,1.440000,174.398778
716,12.680266,12.535178,10.535178,14.535178,informed,none,0.000000,-12,350.166089,198.002901,1.440000,196.562901
717,13.614058,11.765861,9.765861,13.765861,noise,buy_from_mm,13.765861,-13,363.931950,186.949195,1.690000,185.259195
718,13.683235,12.778605,10.778605,14.778605,noise,buy_from_mm,14.778605,-14,378.710554,187.145263,1.960000,185.185263
719,14.913154,15.361972,13.361972,17.361972,noise,none,0.000000,-14,378.710554,169.926398,1.960000,167.966398
720,16.139921,16.040557,14.040557,18.040557,informed,none,0.000000,-14,378.710554,152.751656,1.960000,150.791656
721,13.870709,15.945404,13.945404,17.945404,noise,sell_to_mm,13.945404,-13,364.765150,184.445927,1.690000,182.755927
722,16.002947,17.121193,15.121193,19.121193,noise,none,0.000000,-13,364.765150,156.726842,1.690000,155.036842
723,14.590124,13.482487,11.482487,15.482487,noise,none,0.000000,-13,364.765150,175.093535,1.690000,173.403535
724,15.983690,16.658948,14.658948,18.658948,noise,none,0.000000,-13,364.765150,156.977174,1.690000,155.287174
725,18.217348,17.318645,15.318645,19.318645,informed,none,0.000000,-13,364.765150,127.939620,1.690000,126.249620
726,18.033058,17.842847,15.842847,19.842847,noise,buy_from_mm,19.842847,-14,384.607997,132.145185,1.960000,130.185185
727,17.525506,16.096535,14.096535,18.096535,informed,none,0.000000,-14,384.607997,139.250915,1.960000,137.290915
728,15.816822,15.697702,13.697702,17.697702,noise,none,0.000000,-14,384.607997,163.172490,1.960000,161.212490
729,16.346262,16.155231,14.155231,18.155231,noise,sell_to_mm,14.155231,-13,370.452766,157.951357,1.690000,156.261357
730,17.248577,17.791194,15.791194,19.791194,noise,buy_from_mm,19.791194,-14,390.243960,148.763886,1.960000,146.803886
731,16.747524,16.543889,14.543889,18.543889,noise,none,0.000000,-14,390.243960,155.778617,1.960000,153.818617
732,16.117692,16.191681,14.191681,18.191681,noise,none,0.000000,-14,390.243960,164.596270,1.960000,162.636270
733,15.403365,16.235839,14.235839,18.235839,informed,none,0.000000,-14,390.243960,174.596851,1.960000,172.636851
734,15.416357,14.824855,12.824855,16.824855,noise,none,0.000000,-14,390.243960,174.414960,1.960000,172.454960
735,15.918857,16.951580,14.951580,18.951580,informed,none,0.000000,-14,390.243960,167.379964,1.960000,165.419964
736,14.154847,15.001235,13.001235,17.001235,noise,none,0.000000,-14,390.243960,192.076105,1.960000,190.116105
737,14.677837,13.365730,11.365730,15.365730,informed,none,0.000000,-14,390.243960,184.754243,1.960000,182.794243
738,15.070953,15.496072,13.496072,17.496072,informed,none,0.000000,-14,390.243960,179.250616,1.960000,177.290616
739,14.828124,15.741549,13.741549,17.741549,noise,none,0.000000,-14,390.243960,182.650225,1.960000,180.690225
740,15.099527,14.824925,12.824925,16.824925,informed,none,0.000000,-14,390.243960,178.850587,1.960000,176.890587
741,15.615500,13.967979,11.967979,15.967979,noise,sell_to_mm,11.967979,-13,378.275981,175.274481,1.690000,173.584481
742,14.880017,14.371864,12.371864,16.371864,noise,sell_to_mm,12.371864,-12,365.904117,187.343914,1.440000,185.903914
743,13.099495,13.985659,11.985659,15.985659,noise,sell_to_mm,11.985659,-11,353.918458,209.824018,1.210000,208.614018
744,13.005073,13.155293,11.155293,15.155293,informed,none,0.000000,-11,353.918458,210.862650,1.210000,209.652650
745,13.256369,14.092687,12.092687,16.092687,noise,none,0.000000,-11,353.918458,208.098397,1.210000,206.888397
746,12.608921,12.962821,10.962821,14.962821,noise,none,0.000000,-11,353.918458,215.220328,1.210000,214.010328
747,11.446919,12.506489,10.506489,14.506489,informed,none,0.000000,-11,353.918458,228.002353,1.210000,226.792353
748,10.712493,9.680820,7.680820,11.680820,noise,sell_to_mm,7.680820,-10,346.237637,239.112703,1.000000,238.112703
749,9.983205,8.998210,6.998210,10.998210,noise,sell_to_mm,6.998210,-9,339.239427,249.390580,0.810000,248.580580
750,9.712371,9.433288,7.433288,11.433288,noise,buy_from_mm,11.433288,-10,350.672715,253.549004,1.000000,252.549004
751,9.566766,9.664054,7.664054,11.664054,noise,none,0.000000,-10,350.672715,255.005057,1.000000,254.005057
752,9.238817,9.891570,7.891570,11.891570,noise,buy_from_mm,11.891570,-11,362.564284,260.937297,1.210000,259.727297
753,7.552859,8.155863,6.155863,10.155863,informed,none,0.000000,-11,362.564284,279.482840,1.210000,278.272840
754,8.729525,7.282730,5.282730,9.282730,noise,buy_from_mm,9.282730,-12,371.847014,267.092712,1.440000,265.652712
755,9.712249,8.839473,6.839473,10.839473,informed,none,0.000000,-12,371.847014,255.300030,1.440000,253.860030
756,10.827222,11.404932,9.404932,13.404932,noise,none,0.000000,-12,371.847014,241.920347,1.440000,240.480347
757,10.906526,12.077689,10.077689,14.077689,informed,none,0.000000,-12,371.847014,240.968707,1.440000,239.528707
758,12.070786,11.217215,9.217215,13.217215,noise,none,0.000000,-12,371.847014,226.997585,1.440000,225.557585
759,11.103920,11.106096,9.106096,13.106096,informed,none,0.000000,-12,371.847014,238.599980,1.440000,237.159980
760,10.420210,9.737640,7.737640,11.737640,informed,none,0.000000,-12,371.847014,246.804494,1.440000,245.364494
761,9.983043,11.355839,9.355839,13.355839,informed,none,0.000000,-12,371.847014,252.050493,1.440000,250.610493
762,10.109723,12.066957,10.066957,14.066957,noise,none,0.000000,-12,371.847014,250.530340,1.440000,249.090340
763,11.838638,12.064636,10.064636,14.064636,noise,none,0.000000,-12,371.847014,229.783353,1.440000,228.343353
764,11.957800,12.123336,10.123336,14.123336,noise,none,0.000000,-12,371.847014,228.353419,1.440000,226.913419
765,12.459914,11.829932,9.829932,13.829932,informed,none,0.000000,-12,371.847014,222.328052,1.440000,220.888052
766,12.793460,13.771774,11.771774,15.771774,noise,none,0.000000,-12,371.847014,218.325496,1.440000,216.885496
767,15.103367,15.185536,13.185536,17.185536,informed,none,0.000000,-12,371.847014,190.606608,1.440000,189.166608
768,15.554634,14.938195,12.938195,16.938195,noise,none,0.000000,-12,371.847014,185.191408,1.440000,183.751408
769,13.913453,14.857157,12.857157,16.857157,noise,none,0.000000,-12,371.847014,204.885576,1.440000,203.445576
770,14.430301,12.462093,10.462093,14.462093,noise,buy_from_mm,14.462093,-13,386.309108,198.715190,1.690000,197.025190
771,15.621232,14.301150,12.301150,16.301150,noise,none,0.000000,-13,386.309108,183.233086,1.690000,181.543086
772,15.110818,14.961232,12.961232,16.961232,noise,sell_to_mm,12.961232,-12,373.347876,192.018065,1.440000,190.578065
773,17.013077,16.432619,14.432619,18.432619,noise,none,0.000000,-12,373.347876,169.190955,1.440000,167.750955
774,15.402676,15.154195,13.154195,17.154195,informed,none,0.000000,-12,373.347876,188.515760,1.440000,187.075760
775,15.146447,14.039941,12.039941,16.039941,noise,none,0.000000,-12,373.347876,191.590509,1.440000,190.150509
776,16.601058,18.084736,16.084736,20.084736,informed,none,0.000000,-12,373.347876,174.135180,1.440000,172.695180
777,15.688006,14.124518,12.124518,16.124518,noise,none,0.000000,-12,373.347876,185.091805,1.440000,183.651805
778,15.175657,16.566291,14.566291,18.566291,noise,none,0.000000,-12,373.347876,191.239997,1.440000,189.799997
779,15.018200,16.463282,14.463282,18.463282,noise,none,0.000000,-12,373.347876,193.129478,1.440000,191.689478
780,16.159743,17.156297,15.156297,19.156297,informed,none,0.000000,-12,373.347876,179.430957,1.440000,177.990957
781,15.632002,16.747135,14.747135,18.747135,informed,none,0.000000,-12,373.347876,185.763849,1.440000,184.323849
782,14.058301,12.531155,10.531155,14.531155,noise,none,0.000000,-12,373.347876,204.648259,1.440000,203.208259
783,14.578045,14.104933,12.104933,16.104933,informed,none,0.000000,-12,373.347876,198.411335,1.440000,196.971335
784,14.566463,14.503235,12.503235,16.503235,noise,none,0.000000,-12,373.347876,198.550317,1.440000,197.110317
785,13.287920,13.411301,11.411301,15.411301,informed,none,0.000000,-12,373.347876,213.892834,1.440000,212.452834
786,14.031758,13.766177,11.766177,15.766177,noise,none,0.000000,-12,373.347876,204.966778,1.440000,203.526778
787,14.665006,16.481807,14.481807,18.481807,noise,none,0.000000,-12,373.347876,197.367798,1.440000,195.927798
788,13.947809,11.889300,9.889300,13.889300,informed,buy_from_mm,13.889300,-13,387.237175,205.915655,1.690000,204.225655
789,13.939736,14.158443,12.158443,16.158443,noise,sell_to_mm,12.158443,-12,375.078733,207.801896,1.440000,206.361896
790,14.094809,14.794171,12.794171,16.794171,informed,none,0.000000,-12,375.078733,205.941028,1.440000,204.501028
791,13.909267,13.410605,11.410605,15.410605,noise,none,0.000000,-12,375.078733,208.167523,1.440000,206.727523
792,13.229477,13.502533,11.502533,15.502533,noise,none,0.000000,-12,375.078733,216.325012,1.440000,214.885012
793,13.501829,14.077430,12.077430,16.077430,noise,none,0.000000,-12,375.078733,213.056784,1.440000,211.616784
794,14.570719,15.573528,13.573528,17.573528,informed,none,0.000000,-12,375.078733,200.230101,1.440000,198.790101
795,13.081912,13.755044,11.755044,15.755044,informed,none,0.000000,-12,375.078733,218.095793,1.440000,216.655793
796,10.273868,11.728623,9.728623,13.728623,informed,none,0.000000,-12,375.078733,251.792311,1.440000,250.352311
797,11.414174,12.518898,10.518898,14.518898,noise,none,0.000000,-12,375.078733,238.108642,1.440000,236.668642
798,11.270743,12.980629,10.980629,14.980629,noise,none,0.000000,-12,375.078733,239.829817,1.440000,238.389817
799,11.801811,12.105040,10.105040,14.105040,informed,none,0.000000,-12,375.078733,233.456999,1.440000,232.016999
800,13.062985,13.117533,11.117533,15.117533,informed,none,0.000000,-12,375.078733,218.322914,1.440000,216.882914
801,14.023766,15.582892,13.582892,17.582892,informed,none,0.000000,-12,375.078733,206.793542,1.440000,205.353542
802,14.214590,13.836989,11.836989,15.836989,noise,none,0.000000,-12,375.078733,204.503653,1.440000,203.063653
803,15.992026,16.777896,14.777896,18.777896,noise,none,0.000000,-12,375.078733,183.174420,1.440000,181.734420
804,15.449541,16.409735,14.409735,18.409735,informed,none,0.000000,-12,375.078733,189.684239,1.440000,188.244239
805,15.658830,17.221226,15.221226,19.221226,informed,none,0.000000,-12,375.078733,187.172774,1.440000,185.732774
806,15.062288,17.183569,15.183569,19.183569,noise,none,0.000000,-12,375.078733,194.331274,1.440000,192.891274
807,14.001145,13.696238,11.696238,15.696238,noise,none,0.000000,-12,375.078733,207.064992,1.440000,205.624992
808,14.568630,14.480853,12.480853,16.480853,informed,none,0.000000,-12,375.078733,200.255177,1.440000,198.815177
809,14.130812,15.302328,13.302328,17.302328,informed,none,0.000000,-12,375.078733,205.508991,1.440000,204.068991
810,14.662756,12.072105,10.072105,14.072105,noise,none,0.000000,-12,375.078733,199.125661,1.440000,197.685661
811,14.175095,14.866968,12.866968,16.866968,noise,sell_to_mm,12.866968,-11,362.211764,206.285723,1.210000,205.075723
812,13.357253,13.062348,11.062348,15.062348,noise,none,0.000000,-11,362.211764,215.281984,1.210000,214.071984
813,13.517484,14.367425,12.367425,16.367425,noise,sell_to_mm,12.367425,-10,349.844339,214.669496,1.000000,213.669496
814,14.469515,14.091420,12.091420,16.091420,informed,none,0.000000,-10,349.844339,205.149193,1.000000,204.149193
815,13.513263,14.742601,12.742601,16.742601,noise,buy_from_mm,16.742601,-11,366.586941,217.941045,1.210000,216.731045
816,14.811264,14.702705,12.702705,16.702705,noise,none,0.000000,-11,366.586941,203.663041,1.210000,202.453041
817,15.789798,16.979411,14.979411,18.979411,noise,none,0.000000,-11,366.586941,192.899163,1.210000,191.689163
818,14.690126,14.339934,12.339934,16.339934,noise,none,0.000000,-11,366.586941,204.995559,1.210000,203.785559
819,14.248575,13.618451,11.618451,15.618451,informed,none,0.000000,-11,366.586941,209.852612,1.210000,208.642612
820,14.556769,13.605065,11.605065,15.605065,noise,none,0.000000,-11,366.586941,206.462482,1.210000,205.252482
821,15.595253,16.127937,14.127937,18.127937,informed,none,0.000000,-11,366.586941,195.039155,1.210000,193.829155
822,16.787777,15.775828,13.775828,17.775828,noise,none,0.000000,-11,366.586941,181.921397,1.210000,180.711397
823,16.697033,17.889047,15.889047,19.889047,informed,none,0.000000,-11,366.586941,182.919575,1.210000,181.709575
824,17.784392,17.440361,15.440361,19.440361,noise,none,0.000000,-11,366.586941,170.958631,1.210000,169.748631
825,17.458164,18.472861,16.472861,20.472861,informed,none,0.000000,-11,366.586941,174.547135,1.210000,173.337135
826,16.967592,17.188899,15.188899,19.188899,informed,none,0.000000,-11,366.586941,179.943425,1.210000,178.733425
827,15.298431,14.801035,12.801035,16.801035,noise,none,0.000000,-11,366.586941,198.304202,1.210000,197.094202
828,14.838932,13.831010,11.831010,15.831010,noise,none,0.000000,-11,366.586941,203.358693,1.210000,202.148693
829,14.199490,13.491543,11.491543,15.491543,noise,sell_to_mm,11.491543,-10,355.095398,213.100501,1.000000,212.100501
830,12.903813,12.197123,10.197123,14.197123,noise,sell_to_mm,10.197123,-9,344.898274,228.763958,0.810000,227.953958
831,11.313775,10.289153,8.289153,12.289153,informed,none,0.000000,-9,344.898274,243.074299,0.810000,242.264299
832,10.389973,11.545195,9.545195,13.545195,informed,none,0.000000,-9,344.898274,251.388515,0.810000,250.578515
833,10.818951,10.248063,8.248063,12.248063,informed,none,0.000000,-9,344.898274,247.527718,0.810000,246.717718
834,9.666195,8.224464,6.224464,10.224464,informed,none,0.000000,-9,344.898274,257.902519,0.810000,257.092519
835,9.207854,10.167078,8.167078,12.167078,noise,none,0.000000,-9,344.898274,262.027584,0.810000,261.217584
836,9.126671,11.221411,9.221411,13.221411,noise,none,0.000000,-9,344.898274,262.758234,0.810000,261.948234
837,9.468361,9.107522,7.107522,11.107522,noise,none,0.000000,-9,344.898274,259.683029,0.810000,258.873029
838,9.846718,9.850772,7.850772,11.850772,informed,none,0.000000,-9,344.898274,256.277812,0.810000,255.467812
839,10.141454,10.302495,8.302495,12.302495,noise,none,0.000000,-9,344.898274,253.625186,0.810000,252.815186
840,10.210041,11.664981,9.664981,13.664981,noise,buy_from_mm,13.664981,-10,358.563255,256.462849,1.000000,255.462849
841,8.856289,6.600950,4.600950,8.600950,informed,buy_from_mm,8.600950,-11,367.164205,269.745023,1.210000,268.535023
842,10.010621,11.225781,9.225781,13.225781,noise,none,0.000000,-11,367.164205,257.047373,1.210000,255.837373
843,11.174609,9.661608,7.661608,11.661608,informed,none,0.000000,-11,367.164205,244.243508,1.210000,243.033508
844,11.553329,9.807918,7.807918,11.807918,informed,none,0.000000,-11,367.164205,240.077581,1.210000,238.867581
845,12.316756,12.452500,10.452500,14.452500,noise,sell_to_mm,10.452500,-10,356.711706,233.544141,1.000000,232.544141
846,12.154110,12.093008,10.093008,14.093008,noise,none,0.000000,-10,356.711706,235.170607,1.000000,234.170607
847,13.222650,15.490090,13.490090,17.490090,noise,sell_to_mm,13.490090,-9,343.221615,224.217765,0.810000,223.407765
848,15.716277,15.654095,13.654095,17.654095,noise,none,0.000000,-9,343.221615,201.775118,0.810000,200.965118
849,16.074053,14.576609,12.576609,16.576609,informed,none,0.000000,-9,343.221615,198.555135,0.810000,197.745135
850,15.045202,15.709847,13.709847,17.709847,informed,none,0.000000,-9,343.221615,207.814797,0.810000,207.004797
851,14.836499,14.846646,12.846646,16.846646,informed,none,0.000000,-9,343.221615,209.693120,0.810000,208.883120
852,14.603095,15.277890,13.277890,17.277890,informed,none,0.000000,-9,343.221615,211.793765,0.810000,210.983765
853,14.551320,16.010910,14.010910,18.010910,informed,none,0.000000,-9,343.221615,212.259735,0.810000,211.449735
854,14.231544,13.410133,11.410133,15.410133,noise,sell_to_mm,11.410133,-8,331.811482,217.959134,0.640000,217.319134
855,15.120761,15.466264,13.466264,17.466264,noise,none,0.000000,-8,331.811482,210.845396,0.640000,210.205396
856,13.852970,13.379306,11.379306,15.379306,noise,buy_from_mm,15.379306,-9,347.190788,222.514054,0.810000,221.704054
857,11.489076,13.347685,11.347685,15.347685,noise,none,0.000000,-9,347.190788,243.789100,0.810000,242.979100
858,12.158893,13.601308,11.601308,15.601308,noise,none,0.000000,-9,347.190788,237.760753,0.810000,236.950753
859,11.910939,10.871998,8.871998,12.871998,informed,none,0.000000,-9,347.190788,239.992339,0.810000,239.182339
860,11.223600,9.940826,7.940826,11.940826,noise,none,0.000000,-9,347.190788,246.178393,0.810000,245.368393
861,12.013443,11.957121,9.957121,13.957121,noise,none,0.000000,-9,347.190788,239.069801,0.810000,238.259801
862,12.138212,12.609296,10.609296,14.609296,noise,buy_from_mm,14.609296,-10,361.800084,240.417960,1.000000,239.417960
863,10.550614,11.382949,9.382949,13.382949,informed,none,0.000000,-10,361.800084,256.293944,1.000000,255.293944
864,10.195291,11.776216,9.776216,13.776216,noise,none,0.000000,-10,361.800084,259.847175,1.000000,258.847175
865,10.474417,8.915034,6.915034,10.915034,noise,none,0.000000,-10,361.800084,257.055911,1.000000,256.055911
866,9.816605,8.994226,6.994226,10.994226,noise,none,0.000000,-10,361.800084,263.634034,1.000000,262.634034
867,9.804259,10.094794,8.094794,12.094794,noise,none,0.000000,-10,361.800084,263.757495,1.000000,262.757495
868,9.701922,9.081201,7.081201,11.081201,noise,none,0.000000,-10,361.800084,264.780868,1.000000,263.780868
869,9.332990,10.387313,8.387313,12.387313,informed,none,0.000000,-10,361.800084,268.470188,1.000000,267.470188
870,9.127430,9.443577,7.443577,11.443577,noise,none,0.000000,-10,361.800084,270.525787,1.000000,269.525787
871,7.958220,9.062945,7.062945,11.062945,informed,none,0.000000,-10,361.800084,282.217885,1.000000,281.217885
872,8.230328,10.248982,8.248982,12.248982,noise,none,0.000000,-10,361.800084,279.496807,1.000000,278.496807
873,8.110711,8.486816,6.486816,10.486816,informed,none,0.000000,-10,361.800084,280.692974,1.000000,279.692974
874,8.188200,8.957978,6.957978,10.957978,informed,none,0.000000,-10,361.800084,279.918086,1.000000,278.918086
875,6.731083,4.961639,2.961639,6.961639,noise,none,0.000000,-10,361.800084,294.489253,1.000000,293.489253
876,6.049012,6.315779,4.315779,8.315779,informed,none,0.000000,-10,361.800084,301.309959,1.000000,300.309959
877,5.956760,5.909119,3.909119,7.909119,noise,sell_to_mm,3.909119,-9,357.890965,304.280124,0.810000,303.470124
878,7.417271,7.318684,5.318684,9.318684,noise,none,0.000000,-9,357.890965,291.135526,0.810000,290.325526
879,8.951436,6.728157,4.728157,8.728157,noise,buy_from_mm,8.728157,-10,366.619122,277.104762,1.000000,276.104762
880,8.750181,8.927264,6.927264,10.927264,noise,buy_from_mm,10.927264,-11,377.546386,281.294398,1.210000,280.084398
881,8.797030,8.685809,6.685809,10.685809,informed,none,0.000000,-11,377.546386,280.779061,1.210000,279.569061
882,8.937811,8.743536,6.743536,10.743536,informed,none,0.000000,-11,377.546386,279.230463,1.210000,278.020463
883,9.681661,9.389443,7.389443,11.389443,noise,sell_to_mm,7.389443,-10,370.156943,273.340337,1.000000,272.340337
884,9.207949,10.651603,8.651603,12.651603,informed,none,0.000000,-10,370.156943,278.077457,1.000000,277.077457
885,9.601990,9.615420,7.615420,11.615420,informed,none,0.000000,-10,370.156943,274.137045,1.000000,273.137045
886,10.335853,8.891760,6.891760,10.891760,noise,buy_from_mm,10.891760,-11,381.048703,267.354315,1.210000,266.144315
887,12.768193,12.294105,10.294105,14.294105,noise,none,0.000000,-11,381.048703,240.598578,1.210000,239.388578
888,12.817619,10.288941,8.288941,12.288941,informed,buy_from_mm,12.288941,-12,393.337644,239.526222,1.440000,238.086222
889,12.839471,14.741226,12.741226,16.741226,informed,none,0.000000,-12,393.337644,239.263990,1.440000,237.823990
890,12.487119,12.079983,10.079983,14.079983,noise,none,0.000000,-12,393.337644,243.492216,1.440000,242.052216
891,9.780491,9.907410,7.907410,11.907410,informed,none,0.000000,-12,393.337644,275.971749,1.440000,274.531749
892,8.898552,9.177566,7.177566,11.177566,informed,none,0.000000,-12,393.337644,286.555021,1.440000,285.115021
893,8.973713,10.617797,8.617797,12.617797,noise,none,0.000000,-12,393.337644,285.653088,1.440000,284.213088
894,9.601414,9.707734,7.707734,11.707734,noise,none,0.000000,-12,393.337644,278.120679,1.440000,276.680679
895,8.791790,6.604738,4.604738,8.604738,informed,buy_from_mm,8.604738,-13,401.942382,287.649117,1.690000,285.959117
896,9.391042,8.581251,6.581251,10.581251,noise,none,0.000000,-13,401.942382,279.858841,1.690000,278.168841
897,9.775538,9.748863,7.748863,11.748863,noise,none,0.000000,-13,401.942382,274.860387,1.690000,273.170387
898,11.310507,12.529290,10.529290,14.529290,informed,none,0.000000,-13,401.942382,254.905784,1.690000,253.215784
899,11.439256,10.074959,8.074959,12.074959,noise,none,0.000000,-13,401.942382,253.232052,1.690000,251.542052
900,9.428674,10.403269,8.403269,12.403269,informed,none,0.000000,-13,401.942382,279.369615,1.690000,277.679615
901,8.332078,6.092988,4.092988,8.092988,informed,buy_from_mm,8.092988,-14,410.035370,293.386281,1.960000,291.426281
902,7.498284,8.096876,6.096876,10.096876,noise,none,0.000000,-14,410.035370,305.059392,1.960000,303.099392
903,7.536385,7.047661,5.047661,9.047661,informed,none,0.000000,-14,410.035370,304.525977,1.960000,302.565977
904,8.065292,9.348556,7.348556,11.348556,noise,sell_to_mm,7.348556,-13,402.686814,297.838016,1.690000,296.148016
905,7.625128,7.749445,5.749445,9.749445,informed,none,0.000000,-13,402.686814,303.560147,1.690000,301.870147
906,7.373727,6.943511,4.943511,8.943511,noise,buy_from_mm,8.943511,-14,411.630325,308.398152,1.960000,306.438152
907,7.110060,5.574783,3.574783,7.574783,noise,buy_from_mm,7.574783,-15,419.205108,312.554203,2.250000,310.304203
908,7.987855,8.786882,6.786882,10.786882,noise,none,0.000000,-15,419.205108,299.387280,2.250000,297.137280
909,7.220134,5.684385,3.684385,7.684385,noise,none,0.000000,-15,419.205108,310.903091,2.250000,308.653091
910,7.631445,8.420148,6.420148,10.420148,informed,none,0.000000,-15,419.205108,304.733429,2.250000,302.483429
911,6.682505,7.822647,5.822647,9.822647,informed,none,0.000000,-15,419.205108,318.967528,2.250000,316.717528
912,6.876679,8.085669,6.085669,10.085669,noise,none,0.000000,-15,419.205108,316.054916,2.250000,313.804916
913,8.255460,7.576442,5.576442,9.576442,informed,none,0.000000,-15,419.205108,295.373207,2.250000,293.123207
914,8.162945,9.393032,7.393032,11.393032,noise,none,0.000000,-15,419.205108,296.760931,2.250000,294.510931
915,9.360337,9.506608,7.506608,11.506608,noise,none,0.000000,-15,419.205108,278.800046,2.250000,276.550046
916,7.805909,7.161052,5.161052,9.161052,informed,none,0.000000,-15,419.205108,302.116479,2.250000,299.866479
917,9.436909,11.374100,9.374100,13.374100,noise,none,0.000000,-15,419.205108,277.651470,2.250000,275.401470
918,8.130534,7.579892,5.579892,9.579892,informed,none,0.000000,-15,419.205108,297.247095,2.250000,294.997095
919,8.907678,9.264032,7.264032,11.264032,noise,none,0.000000,-15,419.205108,285.589935,2.250000,283.339935
920,9.512112,8.729264,6.729264,10.729264,informed,none,0.000000,-15,419.205108,276.523424,2.250000,274.273424
921,10.321499,11.472176,9.472176,13.472176,informed,none,0.000000,-15,419.205108,264.382620,2.250000,262.132620
922,10.417299,11.603799,9.603799,13.603799,noise,buy_from_mm,13.603799,-16,432.808906,266.132125,2.560000,263.572125
923,10.628889,12.338111,10.338111,14.338111,noise,buy_from_mm,14.338111,-17,447.147017,266.455908,2.890000,263.565908
924,10.115343,9.946284,7.946284,11.946284,noise,buy_from_mm,11.946284,-18,459.093302,277.017133,3.240000,273.777133
925,9.572941,8.056723,6.056723,10.056723,noise,none,0.000000,-18,459.093302,286.780355,3.240000,283.540355
926,10.213928,10.534332,8.534332,12.534332,noise,none,0.000000,-18,459.093302,275.242590,3.240000,272.002590
927,9.855491,12.588665,10.588665,14.588665,noise,none,0.000000,-18,459.093302,281.694468,3.240000,278.454468
928,8.004357,7.827072,5.827072,9.827072,noise,buy_from_mm,9.827072,-19,468.920374,316.837597,3.610000,313.227597
929,6.550545,7.218181,5.218181,9.218181,informed,none,0.000000,-19,468.920374,344.460010,3.610000,340.850010
930,7.343734,7.570944,5.570944,9.570944,noise,none,0.000000,-19,468.920374,329.389430,3.610000,325.779430
931,5.811333,4.623015,2.623015,6.623015,noise,buy_from_mm,6.623015,-20,475.543389,359.316726,4.000000,355.316726
932,4.984280,5.007675,3.007675,7.007675,noise,none,0.000000,-20,475.543389,375.857783,4.000000,371.857783
933,7.997053,7.108925,5.108925,9.108925,noise,none,0.000000,-20,475.543389,315.602322,4.000000,311.602322
934,8.537557,7.961686,5.961686,9.961686,noise,none,0.000000,-20,475.543389,304.792246,4.000000,300.792246
935,7.593345,7.531179,5.531179,9.531179,noise,sell_to_mm,5.531179,-19,470.012210,325.738655,3.610000,322.128655
936,6.229716,6.641963,4.641963,8.641963,noise,sell_to_mm,4.641963,-18,465.370247,353.235364,3.240000,349.995364
937,8.789939,7.716985,5.716985,9.716985,noise,none,0.000000,-18,465.370247,307.151339,3.240000,303.911339
938,7.956687,10.363072,8.363072,12.363072,noise,none,0.000000,-18,465.370247,322.149887,3.240000,318.909887
939,8.003084,10.043438,8.043438,12.043438,informed,sell_to_mm,8.043438,-17,457.326809,321.274374,2.890000,318.384374
940,6.985086,8.929743,6.929743,10.929743,noise,buy_from_mm,10.929743,-18,468.256552,342.525005,3.240000,339.285005
941,6.390792,6.518374,4.518374,8.518374,informed,none,0.000000,-18,468.256552,353.222297,3.240000,349.982297
942,4.992648,5.373293,3.373293,7.373293,noise,none,0.000000,-18,468.256552,378.388891,3.240000,375.148891
943,4.069210,4.498011,2.498011,6.498011,informed,none,0.000000,-18,468.256552,395.010779,3.240000,391.770779
944,2.400401,2.530053,0.530053,4.530053,noise,none,0.000000,-18,468.256552,425.049342,3.240000,421.809342
945,2.716288,2.193455,0.193455,4.193455,noise,none,0.000000,-18,468.256552,419.363363,3.240000,416.123363
946,2.469861,1.815756,-0.184244,3.815756,noise,none,0.000000,-18,468.256552,423.799053,3.240000,420.559053
947,1.729087,3.015285,1.015285,5.015285,noise,none,0.000000,-18,468.256552,437.132981,3.240000,433.892981
948,2.859450,1.622508,-0.377492,3.622508,informed,none,0.000000,-18,468.256552,416.786443,3.240000,413.546443
949,2.875770,3.258249,1.258249,5.258249,noise,buy_from_mm,5.258249,-19,473.514801,418.875163,3.610000,415.265163
950,2.527231,1.941940,-0.058060,3.941940,informed,none,0.000000,-19,473.514801,425.497416,3.610000,421.887416
951,2.263377,1.359044,-0.640956,3.359044,informed,none,0.000000,-19,473.514801,430.510646,3.610000,426.900646
952,0.917959,-0.292752,-2.292752,1.707248,noise,none,0.000000,-19,473.514801,456.073573,3.610000,452.463573
953,1.264677,0.398577,-1.601423,2.398577,informed,none,0.000000,-19,473.514801,449.485931,3.610000,445.875931
954,3.302143,2.274116,0.274116,4.274116,noise,none,0.000000,-19,473.514801,410.774090,3.610000,407.164090
955,2.652617,3.655598,1.655598,5.655598,informed,none,0.000000,-19,473.514801,423.115075,3.610000,419.505075
956,2.012610,2.253327,0.253327,4.253327,noise,none,0.000000,-19,473.514801,435.275210,3.610000,431.665210
957,0.974358,0.655026,-1.344974,2.655026,informed,none,0.000000,-19,473.514801,455.001997,3.610000,451.391997
958,1.939395,0.641460,-1.358540,2.641460,informed,none,0.000000,-19,473.514801,436.666303,3.610000,433.056303
959,1.855976,1.579168,-0.420832,3.579168,informed,none,0.000000,-19,473.514801,438.251259,3.610000,434.641259
960,0.429364,0.491057,-1.508943,2.491057,noise,none,0.000000,-19,473.514801,465.356887,3.610000,461.746887
961,1.520426,1.042973,-0.957027,3.042973,informed,none,0.000000,-19,473.514801,444.626708,3.610000,441.016708
962,0.970265,1.196111,-0.803889,3.196111,noise,none,0.000000,-19,473.514801,455.079762,3.610000,451.469762
963,-0.552966,0.422678,-1.577322,2.422678,noise,none,0.000000,-19,473.514801,484.021161,3.610000,480.411161
964,-0.437043,-0.994901,-2.994901,1.005099,noise,none,0.000000,-19,473.514801,481.818615,3.610000,478.208615
965,-1.180068,-1.976175,-3.976175,0.023825,informed,none,0.000000,-19,473.514801,495.936101,3.610000,492.326101
966,-2.646098,-0.386999,-2.386999,1.613001,noise,none,0.000000,-19,473.514801,523.790667,3.610000,520.180667
967,-2.531920,-3.447714,-5.447714,-1.447714,informed,none,0.000000,-19,473.514801,521.621272,3.610000,518.011272
968,-2.670445,-0.627821,-2.627821,1.372179,noise,none,0.000000,-19,473.514801,524.253262,3.610000,520.643262
969,-2.426470,-1.398475,-3.398475,0.601525,informed,none,0.000000,-19,473.514801,519.617740,3.610000,516.007740
970,-2.892789,-1.916147,-3.916147,0.083853,noise,buy_from_mm,0.083853,-20,473.598655,531.454432,4.000000,527.454432
971,-3.063120,-3.270619,-5.270619,-1.270619,noise,none,0.000000,-20,473.598655,534.861055,4.000000,530.861055
972,-2.613783,-2.287821,-4.287821,-0.287821,informed,none,0.000000,-20,473.598655,525.874310,4.000000,521.874310
973,-1.408919,-3.090080,-5.090080,-1.090080,noise,buy_from_mm,-1.090080,-21,472.508575,502.095881,4.410000,497.685881
974,-2.087895,-2.416875,-4.416875,-0.416875,noise,none,0.000000,-21,472.508575,516.354369,4.410000,511.944369
975,-3.114783,-3.511019,-5.511019,-1.511019,informed,none,0.000000,-21,472.508575,537.919026,4.410000,533.509026
976,-1.420273,0.964351,-1.035649,2.964351,noise,none,0.000000,-21,472.508575,502.334317,4.410000,497.924317
977,-0.164251,-0.956302,-2.956302,1.043698,noise,buy_from_mm,1.043698,-22,473.552272,477.165785,4.840000,472.325785
978,0.901041,0.212416,-1.787584,2.212416,noise,none,0.000000,-22,473.552272,453.729380,4.840000,448.889380
979,0.841534,-0.690957,-2.690957,1.309043,informed,none,0.000000,-22,473.552272,455.038534,4.840000,450.198534
980,2.986754,2.107029,0.107029,4.107029,noise,none,0.000000,-22,473.552272,407.843674,4.840000,403.003674
981,3.699720,3.414837,1.414837,5.414837,noise,none,0.000000,-22,473.552272,392.158436,4.840000,387.318436
982,3.992935,5.410565,3.410565,7.410565,noise,sell_to_mm,3.410565,-21,470.141707,386.290075,4.410000,381.880075
983,2.435697,0.613804,-1.386196,2.613804,informed,none,0.000000,-21,470.141707,418.992072,4.410000,414.582072
984,2.565935,4.865852,2.865852,6.865852,informed,sell_to_mm,2.865852,-20,467.275855,415.957146,4.000000,411.957146
985,2.436619,2.978968,0.978968,4.978968,noise,sell_to_mm,0.978968,-19,466.296888,420.001130,3.610000,416.391130
986,2.884369,2.064279,0.064279,4.064279,informed,none,0.000000,-19,466.296888,411.493872,3.610000,407.883872
987,3.663285,3.400994,1.400994,5.400994,noise,none,0.000000,-19,466.296888,396.694470,3.610000,393.084470
988,2.165124,1.616784,-0.383216,3.616784,noise,none,0.000000,-19,466.296888,425.159533,3.610000,421.549533
989,2.874159,2.819922,0.819922,4.819922,noise,none,0.000000,-19,466.296888,411.687870,3.610000,408.077870
990,2.976761,4.199122,2.199122,6.199122,noise,none,0.000000,-19,466.296888,409.738430,3.610000,406.128430
991,2.274695,-0.035810,-2.035810,1.964190,noise,none,0.000000,-19,466.296888,423.077691,3.610000,419.467691
992,2.827955,3.417456,1.417456,5.417456,informed,none,0.000000,-19,466.296888,412.565738,3.610000,408.955738
993,2.984004,3.177644,1.177644,5.177644,noise,none,0.000000,-19,466.296888,409.600814,3.610000,405.990814
994,4.065610,5.047555,3.047555,7.047555,noise,none,0.000000,-19,466.296888,389.050298,3.610000,385.440298
995,3.725173,3.238900,1.238900,5.238900,noise,none,0.000000,-19,466.296888,395.518606,3.610000,391.908606
996,2.338340,2.044873,0.044873,4.044873,noise,buy_from_mm,4.044873,-20,470.341760,423.574965,4.000000,419.574965
997,1.984187,2.911999,0.911999,4.911999,informed,none,0.000000,-20,470.341760,430.658030,4.000000,426.658030
998,4.440106,6.328692,4.328692,8.328692,noise,buy_from_mm,8.328692,-21,478.670452,385.428227,4.410000,381.018227
999,4.167940,2.776059,0.776059,4.776059,noise,sell_to_mm,0.776059,-20,477.894393,394.535594,4.000000,390.535594
1000,4.216319,3.035077,1.035077,5.035077,noise,buy_from_mm,5.035077,-21,482.929471,394.386775,4.410000,389.976775
1001,3.221130,2.610397,0.610397,4.610397,noise,sell_to_mm,0.610397,-20,482.319074,417.896480,4.000000,413.896480
1002,1.228905,1.094990,-0.905010,3.094990,informed,none,0.000000,-20,482.319074,457.740983,4.000000,453.740983
1003,0.937886,1.702708,-0.297292,3.702708,noise,none,0.000000,-20,482.319074,463.561360,4.000000,459.561360
1004,2.472561,3.101109,1.101109,5.101109,noise,none,0.000000,-20,482.319074,432.867847,4.000000,428.867847
1005,2.737241,3.251381,1.251381,5.251381,informed,none,0.000000,-20,482.319074,427.574249,4.000000,423.574249
1006,4.300751,3.147477,1.147477,5.147477,noise,none,0.000000,-20,482.319074,396.304056,4.000000,392.304056
1007,5.479237,5.607436,3.607436,7.607436,informed,none,0.000000,-20,482.319074,372.734328,4.000000,368.734328
1008,4.338711,3.436656,1.436656,5.436656,noise,none,0.000000,-20,482.319074,395.544852,4.000000,391.544852
1009,3.956485,2.437673,0.437673,4.437673,noise,buy_from_mm,4.437673,-21,486.756746,403.670563,4.410000,399.260563
1010,3.923003,2.263104,0.263104,4.263104,noise,none,0.000000,-21,486.756746,404.373690,4.410000,399.963690
1011,3.750837,4.451549,2.451549,6.451549,noise,none,0.000000,-21,486.756746,407.989164,4.410000,403.579164
1012,4.751915,4.584184,2.584184,6.584184,noise,none,0.000000,-21,486.756746,386.966536,4.410000,382.556536
1013,5.631548,4.379749,2.379749,6.379749,noise,none,0.000000,-21,486.756746,368.494244,4.410000,364.084244
1014,4.864706,3.855854,1.855854,5.855854,noise,none,0.000000,-21,486.756746,384.597923,4.410000,380.187923
1015,5.066317,4.388282,2.388282,6.388282,informed,none,0.000000,-21,486.756746,380.364098,4.410000,375.954098
1016,4.787770,4.615533,2.615533,6.615533,informed,none,0.000000,-21,486.756746,386.213580,4.410000,381.803580
1017,4.832453,5.278406,3.278406,7.278406,informed,none,0.000000,-21,486.756746,385.275232,4.410000,380.865232
1018,3.374352,3.897970,1.897970,5.897970,informed,none,0.000000,-21,486.756746,415.895360,4.410000,411.485360
1019,1.867464,2.245890,0.245890,4.245890,noise,none,0.000000,-21,486.756746,447.540002,4.410000,443.130002
1020,1.287827,0.351473,-1.648527,2.351473,informed,none,0.000000,-21,486.756746,459.712376,4.410000,455.302376
1021,-0.089082,0.959850,-1.040150,2.959850,informed,none,0.000000,-21,486.756746,488.627471,4.410000,484.217471
1022,-1.158326,-0.347618,-2.347618,1.652382,noise,buy_from_mm,1.652382,-22,488.409129,513.892296,4.840000,509.052296
1023,-2.702210,-2.559044,-4.559044,-0.559044,noise,none,0.000000,-22,488.409129,547.857751,4.840000,543.017751
1024,-2.445618,-5.647532,-7.647532,-3.647532,noise,none,0.000000,-22,488.409129,542.212729,4.840000,537.372729
1025,-1.992503,-3.217825,-5.217825,-1.217825,noise,buy_from_mm,-1.217825,-23,487.191304,533.018864,5.290000,527.728864
1026,-3.086538,-2.960058,-4.960058,-0.960058,noise,none,0.000000,-23,487.191304,558.181672,5.290000,552.891672
1027,-5.050818,-5.114152,-7.114152,-3.114152,noise,none,0.000000,-23,487.191304,603.360124,5.290000,598.070124
1028,-3.538239,-2.966778,-4.966778,-0.966778,informed,none,0.000000,-23,487.191304,568.570807,5.290000,563.280807
1029,-3.085291,-2.611467,-4.611467,-0.611467,noise,sell_to_mm,-4.611467,-22,491.802770,559.679182,4.840000,554.839182
1030,-3.911400,-4.896679,-6.896679,-2.896679,noise,none,0.000000,-22,491.802770,577.853568,4.840000,573.013568
1031,-3.533732,-4.818000,-6.818000,-2.818000,noise,none,0.000000,-22,491.802770,569.544878,4.840000,564.704878
1032,-5.629816,-5.132961,-7.132961,-3.132961,noise,sell_to_mm,-7.132961,-21,498.935731,617.161876,4.410000,612.751876
1033,-4.789045,-3.714499,-5.714499,-1.714499,informed,none,0.000000,-21,498.935731,599.505676,4.410000,595.095676
1034,-4.307134,-4.536309,-6.536309,-2.536309,noise,none,0.000000,-21,498.935731,589.385551,4.410000,584.975551
1035,-2.815534,-0.928556,-2.928556,1.071444,noise,none,0.000000,-21,498.935731,558.061949,4.410000,553.651949
1036,-3.614151,-3.459495,-5.459495,-1.459495,noise,sell_to_mm,-5.459495,-20,504.395226,576.678247,4.000000,572.678247
1037,-3.910215,-3.664215,-5.664215,-1.664215,informed,none,0.000000,-20,504.395226,582.599534,4.000000,578.599534
1038,-2.740391,-4.194757,-6.194757,-2.194757,informed,none,0.000000,-20,504.395226,559.203042,4.000000,555.203042
1039,-2.687569,-2.406795,-4.406795,-0.406795,noise,sell_to_mm,-4.406795,-19,508.802022,559.865836,3.610000,556.255836
1040,-2.299421,-2.855486,-4.855486,-0.855486,noise,buy_from_mm,-0.855486,-20,507.946535,553.934956,4.000000,549.934956
1041,-2.406501,-4.206882,-6.206882,-2.206882,noise,buy_from_mm,-2.206882,-21,505.739653,556.276166,4.410000,551.866166
1042,-1.674614,-2.827990,-4.827990,-0.827990,informed,none,0.000000,-21,505.739653,540.906537,4.410000,536.496537
1043,-0.220766,-0.124755,-2.124755,1.875245,noise,buy_from_mm,1.875245,-22,507.614899,512.471741,4.840000,507.631741
1044,1.298141,1.706032,-0.293968,3.706032,informed,none,0.000000,-22,507.614899,479.055801,4.840000,474.215801
1045,2.402199,3.085598,1.085598,5.085598,noise,none,0.000000,-22,507.614899,454.766521,4.840000,449.926521
1046,2.762370,3.842204,1.842204,5.842204,noise,none,0.000000,-22,507.614899,446.842756,4.840000,442.002756
1047,2.642731,3.646207,1.646207,5.646207,noise,sell_to_mm,1.646207,-21,505.968691,450.471349,4.410000,446.061349
1048,1.683584,1.897389,-0.102611,3.897389,informed,none,0.000000,-21,505.968691,470.613428,4.410000,466.203428
1049,0.213257,1.089252,-0.910748,3.089252,informed,none,0.000000,-21,505.968691,501.490288,4.410000,497.080288
1050,-1.053036,0.882122,-1.117878,2.882122,noise,none,0.000000,-21,505.968691,528.082456,4.410000,523.672456
1051,-0.333566,-0.858508,-2.858508,1.141492,noise,none,0.000000,-21,505.968691,512.973583,4.410000,508.563583
1052,-0.640224,-0.023148,-2.023148,1.976852,noise,none,0.000000,-21,505.968691,519.413389,4.410000,515.003389
1053,-2.317949,-2.611182,-4.611182,-0.611182,noise,none,0.000000,-21,505.968691,554.645620,4.410000,550.235620
1054,-2.711035,-2.900679,-4.900679,-0.900679,noise,none,0.000000,-21,505.968691,562.900435,4.410000,558.490435
1055,-2.238828,-2.345547,-4.345547,-0.345547,noise,sell_to_mm,-4.345547,-20,510.314238,555.090794,4.000000,551.090794
1056,-2.858371,-3.041092,-5.041092,-1.041092,noise,none,0.000000,-20,510.314238,567.481653,4.000000,563.481653
1057,-2.271636,-3.738850,-5.738850,-1.738850,informed,none,0.000000,-20,510.314238,555.746958,4.000000,551.746958
1058,-0.527435,-0.449874,-2.449874,1.550126,noise,none,0.000000,-20,510.314238,520.862947,4.000000,516.862947
1059,-0.554255,-0.110891,-2.110891,1.889109,noise,none,0.000000,-20,510.314238,521.399328,4.000000,517.399328
1060,-0.001533,-0.479579,-2.479579,1.520421,noise,buy_from_mm,1.520421,-21,511.834659,511.866848,4.410000,507.456848
1061,0.284908,0.625376,-1.374624,2.625376,noise,none,0.000000,-21,511.834659,505.851589,4.410000,501.441589
1062,1.640167,-2.528724,-4.528724,-0.528724,informed,buy_from_mm,-0.528724,-22,511.305935,475.222256,4.840000,470.382256
1063,0.015967,-0.028760,-2.028760,1.971240,noise,none,0.000000,-22,511.305935,510.954653,4.840000,506.114653
1064,0.589850,1.768724,-0.231276,3.768724,noise,none,0.000000,-22,511.305935,498.329238,4.840000,493.489238
1065,0.663056,1.242212,-0.757788,3.242212,noise,sell_to_mm,-0.757788,-21,512.063723,498.139552,4.410000,493.729552
1066,-0.879669,-2.164155,-4.164155,-0.164155,informed,none,0.000000,-21,512.063723,530.536782,4.410000,526.126782
1067,-0.562267,-0.350223,-2.350223,1.649777,informed,none,0.000000,-21,512.063723,523.871322,4.410000,519.461322
1068,1.396700,1.010712,-0.989288,3.010712,noise,none,0.000000,-21,512.063723,482.733019,4.410000,478.323019
1069,2.325131,2.031860,0.031860,4.031860,informed,none,0.000000,-21,512.063723,463.235965,4.410000,458.825965
1070,1.631884,3.671464,1.671464,5.671464,informed,sell_to_mm,1.671464,-20,510.392259,477.754581,4.000000,473.754581
1071,3.264661,3.389057,1.389057,5.389057,noise,none,0.000000,-20,510.392259,445.099045,4.000000,441.099045
1072,2.154871,2.969684,0.969684,4.969684,noise,none,0.000000,-20,510.392259,467.294829,4.000000,463.294829
1073,2.967222,3.225954,1.225954,5.225954,noise,none,0.000000,-20,510.392259,451.047819,4.000000,447.047819
1074,2.162755,1.242710,-0.757290,3.242710,informed,none,0.000000,-20,510.392259,467.137165,4.000000,463.137165
1075,1.141537,0.100436,-1.899564,2.100436,informed,none,0.000000,-20,510.392259,487.561516,4.000000,483.561516
1076,-0.403692,-1.683664,-3.683664,0.316336,noise,sell_to_mm,-3.683664,-19,514.075922,521.746069,3.610000,518.136069
1077,-0.310016,-0.942794,-2.942794,1.057206,noise,sell_to_mm,-2.942794,-18,517.018716,522.598997,3.240000,519.358997
1078,-0.856396,-2.248485,-4.248485,-0.248485,informed,none,0.000000,-18,517.018716,532.433845,3.240000,529.193845
1079,-0.019118,-0.387874,-2.387874,1.612126,noise,none,0.000000,-18,517.018716,517.362832,3.240000,514.122832
1080,0.053387,0.949981,-1.050019,2.949981,informed,none,0.000000,-18,517.018716,516.057756,3.240000,512.817756
1081,-0.466781,-0.631724,-2.631724,1.368276,noise,sell_to_mm,-2.631724,-17,519.650440,527.585715,2.890000,524.695715
1082,-1.179297,-0.934000,-2.934000,1.066000,informed,none,0.000000,-17,519.650440,539.698494,2.890000,536.808494
1083,-1.105369,-1.846163,-3.846163,0.153837,informed,none,0.000000,-17,519.650440,538.441707,2.890000,535.551707
1084,-1.850978,-2.379642,-4.379642,-0.379642,noise,none,0.000000,-17,519.650440,551.117071,2.890000,548.227071
1085,-2.286166,-2.728476,-4.728476,-0.728476,informed,none,0.000000,-17,519.650440,558.515263,2.890000,555.625263
1086,-1.585702,-1.264768,-3.264768,0.735232,noise,none,0.000000,-17,519.650440,546.607368,2.890000,543.717368
1087,-0.958988,-2.695502,-4.695502,-0.695502,noise,none,0.000000,-17,519.650440,535.953243,2.890000,533.063243
1088,-2.595779,-1.646019,-3.646019,0.353981,noise,buy_from_mm,0.353981,-18,520.004420,566.728451,3.240000,563.488451
1089,-2.158989,-2.132175,-4.132175,-0.132175,noise,none,0.000000,-18,520.004420,558.866216,3.240000,555.626216
1090,-2.566572,-6.264606,-8.264606,-4.264606,noise,none,0.000000,-18,520.004420,566.202709,3.240000,562.962709
1091,-2.122161,-3.491217,-5.491217,-1.491217,noise,none,0.000000,-18,520.004420,558.203311,3.240000,554.963311
1092,-2.025255,-0.077982,-2.077982,1.922018,noise,buy_from_mm,1.922018,-19,521.926438,560.406280,3.610000,556.796280
1093,-1.281310,0.780846,-1.219154,2.780846,noise,buy_from_mm,2.780846,-20,524.707284,550.333492,4.000000,546.333492
1094,-2.156052,-1.522616,-3.522616,0.477384,noise,none,0.000000,-20,524.707284,567.828331,4.000000,563.828331
1095,-2.476688,-2.129958,-4.129958,-0.129958,noise,none,0.000000,-20,524.707284,574.241038,4.000000,570.241038
1096,-2.319433,-1.291412,-3.291412,0.708588,noise,none,0.000000,-20,524.707284,571.095938,4.000000,567.095938
1097,-2.914314,-2.560219,-4.560219,-0.560219,noise,none,0.000000,-20,524.707284,582.993571,4.000000,578.993571
1098,-3.999154,-5.775240,-7.775240,-3.775240,noise,none,0.000000,-20,524.707284,604.690360,4.000000,600.690360
1099,-4.381811,-4.739023,-6.739023,-2.739023,noise,none,0.000000,-20,524.707284,612.343504,4.000000,608.343504
1100,-4.928071,-4.717967,-6.717967,-2.717967,noise,none,0.000000,-20,524.707284,623.268699,4.000000,619.268699
1101,-6.378262,-5.350522,-7.350522,-3.350522,informed,none,0.000000,-20,524.707284,652.272530,4.000000,648.272530
1102,-5.886945,-6.662349,-8.662349,-4.662349,noise,none,0.000000,-20,524.707284,642.446182,4.000000,638.446182
1103,-5.695473,-6.204066,-8.204066,-4.204066,noise,none,0.000000,-20,524.707284,638.616750,4.000000,634.616750
1104,-7.033601,-8.223897,-10.223897,-6.223897,noise,none,0.000000,-20,524.707284,665.379305,4.000000,661.379305
1105,-7.629190,-6.871406,-8.871406,-4.871406,noise,none,0.000000,-20,524.707284,677.291089,4.000000,673.291089
1106,-8.171925,-7.101364,-9.101364,-5.101364,noise,none,0.000000,-20,524.707284,688.145782,4.000000,684.145782
1107,-7.890097,-7.699806,-9.699806,-5.699806,informed,none,0.000000,-20,524.707284,682.509233,4.000000,678.509233
1108,-8.684882,-8.558723,-10.558723,-6.558723,noise,none,0.000000,-20,524.707284,698.404922,4.000000,694.404922
1109,-8.977458,-9.200132,-11.200132,-7.200132,informed,none,0.000000,-20,524.707284,704.256444,4.000000,700.256444
1110,-7.620088,-7.529459,-9.529459,-5.529459,informed,none,0.000000,-20,524.707284,677.109039,4.000000,673.109039
1111,-7.371326,-6.489677,-8.489677,-4.489677,noise,none,0.000000,-20,524.707284,672.133797,4.000000,668.133797
1112,-8.405161,-9.637327,-11.637327,-7.637327,informed,none,0.000000,-20,524.707284,692.810503,4.000000,688.810503
1113,-8.326328,-8.334072,-10.334072,-6.334072,noise,none,0.000000,-20,524.707284,691.233841,4.000000,687.233841
1114,-6.633546,-6.916833,-8.916833,-4.916833,informed,none,0.000000,-20,524.707284,657.378213,4.000000,653.378213
1115,-5.186522,-4.095523,-6.095523,-2.095523,informed,none,0.000000,-20,524.707284,628.437715,4.000000,624.437715
1116,-3.678571,-3.432613,-5.432613,-1.432613,noise,buy_from_mm,-1.432613,-21,523.274670,600.524666,4.410000,596.114666
1117,-3.801889,-4.090110,-6.090110,-2.090110,informed,none,0.000000,-21,523.274670,603.114347,4.410000,598.704347
1118,-1.822213,-2.507473,-4.507473,-0.507473,noise,none,0.000000,-21,523.274670,561.541135,4.410000,557.131135
1119,-1.842294,-1.328284,-3.328284,0.671716,informed,none,0.000000,-21,523.274670,561.962842,4.410000,557.552842
1120,-0.742424,0.755424,-1.244576,2.755424,noise,buy_from_mm,2.755424,-22,526.030094,542.363418,4.840000,537.523418
1121,-1.440571,0.033942,-1.966058,2.033942,informed,none,0.000000,-22,526.030094,557.722656,4.840000,552.882656
1122,0.690090,0.002329,-1.997671,2.002329,noise,none,0.000000,-22,526.030094,510.848116,4.840000,506.008116
1123,0.267408,-1.016025,-3.016025,0.983975,noise,none,0.000000,-22,526.030094,520.147113,4.840000,515.307113
1124,0.597578,1.307905,-0.692095,3.307905,informed,none,0.000000,-22,526.030094,512.883370,4.840000,508.043370
1125,0.323347,-0.108855,-2.108855,1.891145,informed,none,0.000000,-22,526.030094,518.916455,4.840000,514.076455
1126,0.897321,0.535344,-1.464656,2.535344,noise,none,0.000000,-22,526.030094,506.289034,4.840000,501.449034
1127,1.347273,1.974504,-0.025496,3.974504,informed,none,0.000000,-22,526.030094,496.390091,4.840000,491.550091
1128,1.492991,2.351045,0.351045,4.351045,noise,none,0.000000,-22,526.030094,493.184298,4.840000,488.344298
1129,0.135908,0.791080,-1.208920,2.791080,informed,none,0.000000,-22,526.030094,523.040120,4.840000,518.200120
1130,-1.245041,1.007980,-0.992020,3.007980,informed,sell_to_mm,-0.992020,-21,527.022114,553.167984,4.410000,548.757984
1131,-0.315834,-1.353540,-3.353540,0.646460,informed,none,0.000000,-21,527.022114,533.654633,4.410000,529.244633
1132,1.435064,2.636275,0.636275,4.636275,noise,buy_from_mm,4.636275,-22,531.658389,500.086989,4.840000,495.246989
1133,1.902567,1.162784,-0.837216,3.162784,noise,none,0.000000,-22,531.658389,489.801925,4.840000,484.961925
1134,2.350049,1.020179,-0.979821,3.020179,informed,none,0.000000,-22,531.658389,479.957314,4.840000,475.117314
1135,2.743286,1.954811,-0.045189,3.954811,noise,sell_to_mm,-0.045189,-21,531.703578,474.094573,4.410000,469.684573
1136,2.038074,1.304646,-0.695354,3.304646,informed,none,0.000000,-21,531.703578,488.904025,4.410000,484.494025
1137,1.948204,1.737969,-0.262031,3.737969,informed,none,0.000000,-21,531.703578,490.791301,4.410000,486.381301
1138,3.067711,2.544388,0.544388,4.544388,noise,none,0.000000,-21,531.703578,467.281652,4.410000,462.871652
1139,1.913949,2.329959,0.329959,4.329959,informed,none,0.000000,-21,531.703578,491.510643,4.410000,487.100643
1140,2.521059,1.610861,-0.389139,3.610861,noise,none,0.000000,-21,531.703578,478.761332,4.410000,474.351332
1141,1.034560,-0.236040,-2.236040,1.763960,informed,none,0.000000,-21,531.703578,509.977821,4.410000,505.567821
1142,1.273378,-0.018444,-2.018444,1.981556,noise,sell_to_mm,-2.018444,-20,533.722022,508.254472,4.000000,504.254472
1143,-0.136405,-2.050482,-4.050482,-0.050482,noise,sell_to_mm,-4.050482,-19,537.772504,540.364194,3.610000,536.754194
1144,-2.239795,-0.898818,-2.898818,1.101182,informed,none,0.000000,-19,537.772504,580.328610,3.610000,576.718610
1145,-0.516879,-0.551994,-2.551994,1.448006,noise,none,0.000000,-19,537.772504,547.593199,3.610000,543.983199
1146,-0.497208,-0.606495,-2.606495,1.393505,informed,none,0.000000,-19,537.772504,547.219448,3.610000,543.609448
1147,0.197203,0.264744,-1.735256,2.264744,informed,none,0.000000,-19,537.772504,534.025650,3.610000,530.415650
1148,0.025415,0.145944,-1.854056,2.145944,informed,none,0.000000,-19,537.772504,537.289627,3.610000,533.679627
1149,0.580809,0.166913,-1.833087,2.166913,noise,sell_to_mm,-1.833087,-18,539.605591,529.151027,3.240000,525.911027
1150,1.270106,0.340109,-1.659891,2.340109,noise,none,0.000000,-18,539.605591,516.743675,3.240000,513.503675
1151,0.699804,2.209907,0.209907,4.209907,informed,none,0.000000,-18,539.605591,527.009120,3.240000,523.769120
1152,0.758236,0.240074,-1.759926,2.240074,noise,none,0.000000,-18,539.605591,525.957339,3.240000,522.717339
1153,1.458492,1.837517,-0.162483,3.837517,informed,none,0.000000,-18,539.605591,513.352734,3.240000,510.112734
1154,1.280292,1.069199,-0.930801,3.069199,noise,none,0.000000,-18,539.605591,516.560333,3.240000,513.320333
1155,0.585223,-0.000764,-2.000764,1.999236,informed,none,0.000000,-18,539.605591,529.071573,3.240000,525.831573
1156,0.633908,1.573101,-0.426899,3.573101,noise,none,0.000000,-18,539.605591,528.195248,3.240000,524.955248
1157,1.642587,2.058336,0.058336,4.058336,informed,none,0.000000,-18,539.605591,510.039027,3.240000,506.799027
1158,0.900995,1.131799,-0.868201,3.131799,noise,none,0.000000,-18,539.605591,523.387684,3.240000,520.147684
1159,1.375945,0.863731,-1.136269,2.863731,noise,none,0.000000,-18,539.605591,514.838589,3.240000,511.598589
1160,0.842420,1.785502,-0.214498,3.785502,noise,none,0.000000,-18,539.605591,524.442036,3.240000,521.202036
1161,0.682633,2.130422,0.130422,4.130422,noise,none,0.000000,-18,539.605591,527.318204,3.240000,524.078204
1162,0.945662,-0.148267,-2.148267,1.851733,noise,buy_from_mm,1.851733,-19,541.457324,523.489748,3.610000,519.879748
1163,1.349316,2.210347,0.210347,4.210347,informed,none,0.000000,-19,541.457324,515.820315,3.610000,512.210315
1164,1.213009,1.207655,-0.792345,3.207655,noise,none,0.000000,-19,541.457324,518.410151,3.610000,514.800151
1165,-0.418352,-0.391652,-2.391652,1.608348,informed,none,0.000000,-19,541.457324,549.406008,3.610000,545.796008
1166,-1.574197,-1.278162,-3.278162,0.721838,noise,none,0.000000,-19,541.457324,571.367067,3.610000,567.757067
1167,0.384236,-0.671394,-2.671394,1.328606,informed,none,0.000000,-19,541.457324,534.156844,3.610000,530.546844
1168,0.461821,0.130645,-1.869355,2.130645,noise,none,0.000000,-19,541.457324,532.682720,3.610000,529.072720
1169,-0.131484,-1.180730,-3.180730,0.819270,informed,none,0.000000,-19,541.457324,543.955519,3.610000,540.345519
1170,-0.241569,-1.214589,-3.214589,0.785411,informed,none,0.000000,-19,541.457324,546.047137,3.610000,542.437137
1171,1.011638,0.726996,-1.273004,2.726996,noise,buy_from_mm,2.726996,-20,544.184321,523.951559,4.000000,519.951559
1172,0.485779,-2.062251,-4.062251,-0.062251,noise,none,0.000000,-20,544.184321,534.468731,4.000000,530.468731
1173,0.649294,0.927622,-1.072378,2.927622,informed,none,0.000000,-20,544.184321,531.198443,4.000000,527.198443
1174,0.058226,-0.136037,-2.136037,1.863963,informed,none,0.000000,-20,544.184321,543.019797,4.000000,539.019797
1175,-0.044521,2.616352,0.616352,4.616352,informed,sell_to_mm,0.616352,-19,543.567969,544.413865,3.610000,540.803865
1176,0.425369,0.780487,-1.219513,2.780487,noise,none,0.000000,-19,543.567969,535.485966,3.610000,531.875966
1177,1.023711,1.444868,-0.555132,3.444868,noise,none,0.000000,-19,543.567969,524.117461,3.610000,520.507461
1178,1.814710,1.329407,-0.670593,3.329407,noise,buy_from_mm,3.329407,-20,546.897376,510.603167,4.000000,506.603167
1179,0.413205,1.790189,-0.209811,3.790189,informed,none,0.000000,-20,546.897376,538.633281,4.000000,534.633281
1180,1.081385,2.144725,0.144725,4.144725,informed,none,0.000000,-20,546.897376,525.269668,4.000000,521.269668
1181,-0.046607,0.347442,-1.652558,2.347442,noise,none,0.000000,-20,546.897376,547.829512,4.000000,543.829512
1182,0.564167,1.159345,-0.840655,3.159345,informed,none,0.000000,-20,546.897376,535.614044,4.000000,531.614044
1183,3.563697,3.714978,1.714978,5.714978,noise,buy_from_mm,5.714978,-21,552.612354,477.774713,4.410000,473.364713
1184,6.427079,7.010290,5.010290,9.010290,noise,none,0.000000,-21,552.612354,417.643686,4.410000,413.233686
1185,6.748785,7.154895,5.154895,9.154895,noise,none,0.000000,-21,552.612354,410.887861,4.410000,406.477861
1186,5.844493,5.317914,3.317914,7.317914,informed,none,0.000000,-21,552.612354,429.878000,4.410000,425.468000
1187,4.426385,4.075338,2.075338,6.075338,noise,buy_from_mm,6.075338,-22,558.687692,461.307226,4.840000,456.467226
1188,4.991006,4.965280,2.965280,6.965280,noise,none,0.000000,-22,558.687692,448.885555,4.840000,444.045555
1189,5.105960,6.291224,4.291224,8.291224,informed,none,0.000000,-22,558.687692,446.356573,4.840000,441.516573
1190,6.167586,7.258482,5.258482,9.258482,noise,buy_from_mm,9.258482,-23,567.946174,426.091699,5.290000,420.801699
1191,3.921823,3.702365,1.702365,5.702365,informed,none,0.000000,-23,567.946174,477.744233,5.290000,472.454233
1192,4.212753,4.563785,2.563785,6.563785,noise,none,0.000000,-23,567.946174,471.052861,5.290000,465.762861
1193,3.794874,3.952762,1.952762,5.952762,noise,none,0.000000,-23,567.946174,480.664080,5.290000,475.374080
1194,4.288257,3.255241,1.255241,5.255241,noise,none,0.000000,-23,567.946174,469.316264,5.290000,464.026264
1195,4.566845,4.000419,2.000419,6.000419,noise,none,0.000000,-23,567.946174,462.908750,5.290000,457.618750
1196,6.647070,5.669890,3.669890,7.669890,noise,none,0.000000,-23,567.946174,415.063574,5.290000,409.773574
1197,6.194825,4.989062,2.989062,6.989062,noise,buy_from_mm,6.989062,-24,574.935235,426.259426,5.760000,420.499426
1198,6.206562,5.429568,3.429568,7.429568,informed,none,0.000000,-24,574.935235,425.977743,5.760000,420.217743
1199,6.762849,7.020604,5.020604,9.020604,noise,none,0.000000,-24,574.935235,412.626864,5.760000,406.866864
1200,7.977901,8.555664,6.555664,10.555664,informed,none,0.000000,-24,574.935235,383.465616,5.760000,377.705616
1201,8.233657,9.138423,7.138423,11.138423,noise,none,0.000000,-24,574.935235,377.327456,5.760000,371.567456
1202,8.153972,8.094939,6.094939,10.094939,noise,none,0.000000,-24,574.935235,379.239898,5.760000,373.479898
1203,8.155351,8.666388,6.666388,10.666388,informed,none,0.000000,-24,574.935235,379.206810,5.760000,373.446810
1204,7.650626,10.208669,8.208669,12.208669,noise,none,0.000000,-24,574.935235,391.320204,5.760000,385.560204
1205,5.884690,7.858133,5.858133,9.858133,informed,none,0.000000,-24,574.935235,433.702673,5.760000,427.942673
1206,6.839834,8.164286,6.164286,10.164286,noise,none,0.000000,-24,574.935235,410.779212,5.760000,405.019212
1207,7.072893,6.701800,4.701800,8.701800,noise,buy_from_mm,8.701800,-25,583.637035,406.814700,6.250000,400.564700
1208,7.987283,7.104674,5.104674,9.104674,informed,none,0.000000,-25,583.637035,383.954972,6.250000,377.704972
1209,6.031295,6.656320,4.656320,8.656320,noise,none,0.000000,-25,583.637035,432.854671,6.250000,426.604671
1210,5.478547,6.659190,4.659190,8.659190,informed,none,0.000000,-25,583.637035,446.673372,6.250000,440.423372
1211,6.442344,6.052033,4.052033,8.052033,informed,none,0.000000,-25,583.637035,422.578445,6.250000,416.328445
1212,6.679372,7.401043,5.401043,9.401043,noise,none,0.000000,-25,583.637035,416.652734,6.250000,410.402734
1213,5.882454,6.204561,4.204561,8.204561,noise,none,0.000000,-25,583.637035,436.575684,6.250000,430.325684
1214,6.807038,5.873755,3.873755,7.873755,noise,none,0.000000,-25,583.637035,413.461095,6.250000,407.211095
1215,5.690612,4.425806,2.425806,6.425806,noise,buy_from_mm,6.425806,-26,590.062841,442.106922,6.760000,435.346922
1216,6.215499,6.238294,4.238294,8.238294,informed,none,0.000000,-26,590.062841,428.459862,6.760000,421.699862
1217,7.029237,9.073419,7.073419,11.073419,informed,sell_to_mm,7.073419,-25,582.989422,407.258488,6.250000,401.008488
1218,5.813585,4.780680,2.780680,6.780680,noise,none,0.000000,-25,582.989422,437.649796,6.250000,431.399796
1219,4.226902,3.804574,1.804574,5.804574,informed,none,0.000000,-25,582.989422,477.316870,6.250000,471.066870
1220,6.283433,7.009140,5.009140,9.009140,noise,none,0.000000,-25,582.989422,425.903585,6.250000,419.653585
1221,4.829800,4.788482,2.788482,6.788482,noise,none,0.000000,-25,582.989422,462.244421,6.250000,455.994421
1222,4.036277,4.954662,2.954662,6.954662,noise,sell_to_mm,2.954662,-24,580.034760,483.164103,5.760000,477.404103
1223,4.659624,5.267901,3.267901,7.267901,informed,none,0.000000,-24,580.034760,468.203791,5.760000,462.443791
1224,4.019134,2.422180,0.422180,4.422180,noise,none,0.000000,-24,580.034760,483.575543,5.760000,477.815543
1225,4.553499,2.296875,0.296875,4.296875,noise,none,0.000000,-24,580.034760,470.750788,5.760000,464.990788
1226,2.648740,4.120410,2.120410,6.120410,informed,none,0.000000,-24,580.034760,516.464995,5.760000,510.704995
1227,3.391882,3.635731,1.635731,5.635731,informed,none,0.000000,-24,580.034760,498.629587,5.760000,492.869587
1228,2.362303,2.618726,0.618726,4.618726,noise,sell_to_mm,0.618726,-23,579.416034,525.083055,5.290000,519.793055
1229,3.973180,3.479831,1.479831,5.479831,noise,none,0.000000,-23,579.416034,488.032883,5.290000,482.742883
1230,3.572376,3.851810,1.851810,5.851810,informed,none,0.000000,-23,579.416034,497.251376,5.290000,491.961376
1231,3.899239,2.981422,0.981422,4.981422,noise,none,0.000000,-23,579.416034,489.733527,5.290000,484.443527
1232,4.485476,4.074063,2.074063,6.074063,noise,none,0.000000,-23,579.416034,476.250093,5.290000,470.960093
1233,3.943809,4.185750,2.185750,6.185750,noise,none,0.000000,-23,579.416034,488.708439,5.290000,483.418439
1234,3.884637,3.943092,1.943092,5.943092,noise,none,0.000000,-23,579.416034,490.069393,5.290000,484.779393
1235,5.663539,6.394343,4.394343,8.394343,noise,none,0.000000,-23,579.416034,449.154640,5.290000,443.864640
1236,7.016329,7.408714,5.408714,9.408714,noise,buy_from_mm,9.408714,-24,588.824749,420.432846,5.760000,414.672846
1237,8.730031,10.507697,8.507697,12.507697,noise,none,0.000000,-24,588.824749,379.304009,5.760000,373.544009
1238,9.401503,8.356152,6.356152,10.356152,noise,none,0.000000,-24,588.824749,363.188668,5.760000,357.428668
1239,9.617610,8.935889,6.935889,10.935889,noise,sell_to_mm,6.935889,-23,581.888860,360.683834,5.290000,355.393834
1240,8.406844,8.973124,6.973124,10.973124,informed,none,0.000000,-23,581.888860,388.531458,5.290000,383.241458
1241,9.631289,8.750651,6.750651,10.750651,noise,none,0.000000,-23,581.888860,360.369205,5.290000,355.079205
1242,10.143647,9.784128,7.784128,11.784128,noise,none,0.000000,-23,581.888860,348.584978,5.290000,343.294978
1243,10.926608,10.356135,8.356135,12.356135,informed,none,0.000000,-23,581.888860,330.576883,5.290000,325.286883
1244,11.288176,11.345623,9.345623,13.345623,noise,none,0.000000,-23,581.888860,322.260818,5.290000,316.970818
1245,11.093171,12.085506,10.085506,14.085506,noise,none,0.000000,-23,581.888860,326.745916,5.290000,321.455916
1246,10.692429,12.384564,10.384564,14.384564,noise,buy_from_mm,14.384564,-24,596.273424,339.655139,5.760000,333.895139
1247,11.550617,12.021258,10.021258,14.021258,noise,none,0.000000,-24,596.273424,319.058617,5.760000,313.298617
1248,11.682795,13.293737,11.293737,15.293737,noise,none,0.000000,-24,596.273424,315.886333,5.760000,310.126333
1249,10.701755,10.356605,8.356605,12.356605,noise,sell_to_mm,8.356605,-23,587.916819,341.776464,5.290000,336.486464
1250,9.371219,9.152146,7.152146,11.152146,noise,sell_to_mm,7.152146,-22,580.764673,374.597856,4.840000,369.757856
1251,9.032173,8.471545,6.471545,10.471545,noise,none,0.000000,-22,580.764673,382.056858,4.840000,377.216858
1252,9.877245,10.616663,8.616663,12.616663,informed,none,0.000000,-22,580.764673,363.465281,4.840000,358.625281
1253,9.779636,10.433983,8.433983,12.433983,noise,none,0.000000,-22,580.764673,365.612670,4.840000,360.772670
1254,8.489994,9.115090,7.115090,11.115090,noise,none,0.000000,-22,580.764673,393.984806,4.840000,389.144806
1255,8.393600,6.666650,4.666650,8.666650,noise,none,0.000000,-22,580.764673,396.105481,4.840000,391.265481
1256,8.049877,6.452876,4.452876,8.452876,informed,none,0.000000,-22,580.764673,403.667385,4.840000,398.827385
1257,7.904924,7.046777,5.046777,9.046777,informed,none,0.000000,-22,580.764673,406.856351,4.840000,402.016351
1258,7.548532,6.192924,4.192924,8.192924,noise,none,0.000000,-22,580.764673,414.696961,4.840000,409.856961
1259,7.285793,6.181552,4.181552,8.181552,informed,none,0.000000,-22,580.764673,420.477235,4.840000,415.637235
1260,8.277178,8.217521,6.217521,10.217521,informed,none,0.000000,-22,580.764673,398.666751,4.840000,393.826751
1261,7.869380,9.116502,7.116502,11.116502,informed,none,0.000000,-22,580.764673,407.638307,4.840000,402.798307
1262,8.867474,9.473425,7.473425,11.473425,noise,none,0.000000,-22,580.764673,385.680242,4.840000,380.840242
1263,6.793037,7.201479,5.201479,9.201479,informed,none,0.000000,-22,580.764673,431.317852,4.840000,426.477852
1264,5.787398,6.151359,4.151359,8.151359,informed,none,0.000000,-22,580.764673,453.441927,4.840000,448.601927
1265,5.618252,4.921388,2.921388,6.921388,informed,none,0.000000,-22,580.764673,457.163135,4.840000,452.323135
1266,4.725562,4.845501,2.845501,6.845501,informed,none,0.000000,-22,580.764673,476.802300,4.840000,471.962300
1267,3.264504,2.144049,0.144049,4.144049,informed,none,0.000000,-22,580.764673,508.945582,4.840000,504.105582
1268,2.320440,2.774417,0.774417,4.774417,noise,sell_to_mm,0.774417,-21,579.990256,531.261022,4.410000,526.851022
1269,2.369887,3.199576,1.199576,5.199576,noise,none,0.000000,-21,579.990256,530.222635,4.410000,525.812635
1270,3.249411,3.878196,1.878196,5.878196,noise,sell_to_mm,1.878196,-20,578.112060,513.123842,4.000000,509.123842
1271,3.893354,3.033152,1.033152,5.033152,noise,sell_to_mm,1.033152,-19,577.078907,503.105183,3.610000,499.495183
1272,3.005302,3.604014,1.604014,5.604014,noise,none,0.000000,-19,577.078907,519.978165,3.610000,516.368165
1273,4.005284,3.977404,1.977404,5.977404,informed,none,0.000000,-19,577.078907,500.978503,3.610000,497.368503
1274,2.426612,1.755783,-0.244217,3.755783,noise,buy_from_mm,3.755783,-20,580.834690,532.302448,4.000000,528.302448
1275,5.096460,3.565015,1.565015,5.565015,informed,none,0.000000,-20,580.834690,478.905497,4.000000,474.905497
1276,4.393387,3.884015,1.884015,5.884015,noise,none,0.000000,-20,580.834690,492.966946,4.000000,488.966946
1277,4.155660,7.183721,5.183721,9.183721,informed,sell_to_mm,5.183721,-19,575.650969,496.693428,3.610000,493.083428
1278,3.174965,3.161579,1.161579,5.161579,noise,none,0.000000,-19,575.650969,515.326625,3.610000,511.716625
1279,1.618702,0.719364,-1.280636,2.719364,noise,sell_to_mm,-1.280636,-18,576.931605,547.794972,3.240000,544.554972
1280,0.943382,-0.129789,-2.129789,1.870211,informed,none,0.000000,-18,576.931605,559.950731,3.240000,556.710731
1281,1.885509,2.374582,0.374582,4.374582,noise,none,0.000000,-18,576.931605,542.992444,3.240000,539.752444
1282,3.615574,3.523875,1.523875,5.523875,noise,none,0.000000,-18,576.931605,511.851281,3.240000,508.611281
1283,4.019624,3.594101,1.594101,5.594101,informed,none,0.000000,-18,576.931605,504.578367,3.240000,501.338367
1284,4.060099,5.672773,3.672773,7.672773,noise,none,0.000000,-18,576.931605,503.849827,3.240000,500.609827
1285,5.336530,5.640753,3.640753,7.640753,informed,none,0.000000,-18,576.931605,480.874069,3.240000,477.634069
1286,5.800391,6.305928,4.305928,8.305928,noise,none,0.000000,-18,576.931605,472.524567,3.240000,469.284567
1287,4.487739,5.612699,3.612699,7.612699,informed,none,0.000000,-18,576.931605,496.152308,3.240000,492.912308
1288,4.410756,3.587381,1.587381,5.587381,informed,none,0.000000,-18,576.931605,497.537999,3.240000,494.297999
1289,3.196874,3.871320,1.871320,5.871320,noise,none,0.000000,-18,576.931605,519.387879,3.240000,516.147879
1290,2.693048,3.747391,1.747391,5.747391,informed,none,0.000000,-18,576.931605,528.456734,3.240000,525.216734
1291,2.553998,2.631500,0.631500,4.631500,informed,none,0.000000,-18,576.931605,530.959648,3.240000,527.719648
1292,1.053629,1.940210,-0.059790,3.940210,noise,none,0.000000,-18,576.931605,557.966280,3.240000,554.726280
1293,1.407475,1.345638,-0.654362,3.345638,noise,none,0.000000,-18,576.931605,551.597056,3.240000,548.357056
1294,1.553014,1.692915,-0.307085,3.692915,noise,none,0.000000,-18,576.931605,548.977347,3.240000,545.737347
1295,0.181354,-1.189175,-3.189175,0.810825,noise,none,0.000000,-18,576.931605,573.667236,3.240000,570.427236
1296,0.244312,-1.501850,-3.501850,0.498150,noise,none,0.000000,-18,576.931605,572.533995,3.240000,569.293995
1297,0.656025,1.157926,-0.842074,3.157926,noise,buy_from_mm,3.157926,-19,580.089531,567.625054,3.610000,564.015054
1298,1.075084,2.020057,0.020057,4.020057,noise,sell_to_mm,0.020057,-18,580.069474,560.717957,3.240000,557.477957
1299,1.519629,2.145034,0.145034,4.145034,noise,none,0.000000,-18,580.069474,552.716149,3.240000,549.476149
1300,0.675379,1.070393,-0.929607,3.070393,noise,none,0.000000,-18,580.069474,567.912651,3.240000,564.672651
1301,0.615538,-0.248217,-2.248217,1.751783,noise,none,0.000000,-18,580.069474,568.989796,3.240000,565.749796
1302,1.222326,0.155202,-1.844798,2.155202,noise,sell_to_mm,-1.844798,-17,581.914271,561.134721,2.890000,558.244721
1303,1.066321,-1.408282,-3.408282,0.591718,informed,buy_from_mm,0.591718,-18,582.505990,563.312219,3.240000,560.072219
1304,0.275843,1.122323,-0.877677,3.122323,noise,none,0.000000,-18,582.505990,577.540824,3.240000,574.300824
1305,-1.312116,-1.715495,-3.715495,0.284505,informed,none,0.000000,-18,582.505990,606.124071,3.240000,602.884071
1306,-0.878932,-1.236976,-3.236976,0.763024,noise,none,0.000000,-18,582.505990,598.326764,3.240000,595.086764
1307,-0.827477,0.758237,-1.241763,2.758237,noise,sell_to_mm,-1.241763,-17,583.747753,597.814858,2.890000,594.924858
1308,-1.757746,-2.377905,-4.377905,-0.377905,noise,buy_from_mm,-0.377905,-18,583.369847,615.009279,3.240000,611.769279
1309,-0.394003,-0.261311,-2.261311,1.738689,noise,none,0.000000,-18,583.369847,590.461897,3.240000,587.221897
1310,-1.769795,-2.104224,-4.104224,-0.104224,noise,none,0.000000,-18,583.369847,615.226159,3.240000,611.986159
1311,-0.976244,-2.267983,-4.267983,-0.267983,noise,sell_to_mm,-4.267983,-17,587.637830,604.233982,2.890000,601.343982
1312,-1.280614,-1.227491,-3.227491,0.772509,informed,none,0.000000,-17,587.637830,609.408263,2.890000,606.518263
1313,0.038837,0.279961,-1.720039,2.279961,noise,buy_from_mm,2.279961,-18,589.917791,589.218724,3.240000,585.978724
1314,2.312567,0.911950,-1.088050,2.911950,noise,sell_to_mm,-1.088050,-17,591.005841,551.692204,2.890000,548.802204
1315,1.582186,1.298631,-0.701369,3.298631,noise,none,0.000000,-17,591.005841,564.108681,2.890000,561.218681
1316,2.542246,2.884153,0.884153,4.884153,informed,none,0.000000,-17,591.005841,547.787654,2.890000,544.897654
1317,2.716850,1.897298,-0.102702,3.897298,informed,none,0.000000,-17,591.005841,544.819384,2.890000,541.929384
1318,1.979575,2.719954,0.719954,4.719954,noise,sell_to_mm,0.719954,-16,590.285886,558.612686,2.560000,556.052686
1319,3.242254,2.810124,0.810124,4.810124,noise,none,0.000000,-16,590.285886,538.409830,2.560000,535.849830
1320,2.429706,2.346898,0.346898,4.346898,noise,none,0.000000,-16,590.285886,551.410592,2.560000,548.850592
1321,1.271953,1.986626,-0.013374,3.986626,noise,none,0.000000,-16,590.285886,569.934632,2.560000,567.374632
1322,0.977783,1.399925,-0.600075,3.399925,noise,buy_from_mm,3.399925,-17,593.685812,577.063508,2.890000,574.173508
1323,1.905150,2.808977,0.808977,4.808977,noise,sell_to_mm,0.808977,-16,592.876835,562.394430,2.560000,559.834430
1324,2.596271,3.795479,1.795479,5.795479,noise,none,0.000000,-16,592.876835,551.336500,2.560000,548.776500
1325,2.948904,3.445175,1.445175,5.445175,informed,none,0.000000,-16,592.876835,545.694371,2.560000,543.134371
1326,1.552037,1.974381,-0.025619,3.974381,informed,none,0.000000,-16,592.876835,568.044245,2.560000,565.484245
1327,1.474918,1.555829,-0.444171,3.555829,informed,none,0.000000,-16,592.876835,569.278142,2.560000,566.718142
1328,1.762957,1.161665,-0.838335,3.161665,noise,none,0.000000,-16,592.876835,564.669523,2.560000,562.109523
1329,1.375487,0.544675,-1.455325,2.544675,noise,none,0.000000,-16,592.876835,570.869038,2.560000,568.309038
1330,2.560486,1.736591,-0.263409,3.736591,noise,buy_from_mm,3.736591,-17,596.613425,553.085158,2.890000,550.195158
1331,1.382571,2.200463,0.200463,4.200463,noise,sell_to_mm,0.200463,-16,596.412963,574.291821,2.560000,571.731821
1332,1.348778,2.176394,0.176394,4.176394,noise,sell_to_mm,0.176394,-15,596.236568,576.004900,2.250000,573.754900
1333,0.839861,0.778545,-1.221455,2.778545,noise,none,0.000000,-15,596.236568,583.638658,2.250000,581.388658
1334,1.123060,2.730879,0.730879,4.730879,noise,buy_from_mm,4.730879,-16,600.967447,582.998490,2.560000,580.438490
1335,0.038980,-0.543521,-2.543521,1.456479,noise,none,0.000000,-16,600.967447,600.343763,2.560000,597.783763
1336,1.123037,0.246990,-1.753010,2.246990,noise,none,0.000000,-16,600.967447,582.998853,2.560000,580.438853
1337,2.143938,2.543660,0.543660,4.543660,noise,none,0.000000,-16,600.967447,566.664439,2.560000,564.104439
1338,2.380051,0.815947,-1.184053,2.815947,noise,buy_from_mm,2.815947,-17,603.783395,563.322527,2.890000,560.432527
1339,2.852007,4.310249,2.310249,6.310249,noise,none,0.000000,-17,603.783395,555.299272,2.890000,552.409272
1340,3.082285,3.090183,1.090183,5.090183,noise,none,0.000000,-17,603.783395,551.384542,2.890000,548.494542
1341,3.777127,4.014644,2.014644,6.014644,noise,none,0.000000,-17,603.783395,539.572235,2.890000,536.682235
1342,4.762304,4.828471,2.828471,6.828471,informed,none,0.000000,-17,603.783395,522.824228,2.890000,519.934228
1343,4.242784,5.689173,3.689173,7.689173,informed,none,0.000000,-17,603.783395,531.656066,2.890000,528.766066
1344,3.029312,1.943108,-0.056892,3.943108,informed,none,0.000000,-17,603.783395,552.285089,2.890000,549.395089
1345,4.409421,5.126500,3.126500,7.126500,noise,none,0.000000,-17,603.783395,528.823235,2.890000,525.933235
1346,3.698194,3.860317,1.860317,5.860317,noise,sell_to_mm,1.860317,-16,601.923078,542.751969,2.560000,540.191969
1347,5.095834,5.910350,3.910350,7.910350,noise,buy_from_mm,7.910350,-17,609.833428,523.204257,2.890000,520.314257
1348,5.275721,6.502816,4.502816,8.502816,informed,none,0.000000,-17,609.833428,520.146169,2.890000,517.256169
1349,5.392820,5.101468,3.101468,7.101468,noise,none,0.000000,-17,609.833428,518.155492,2.890000,515.265492
1350,5.129565,4.298802,2.298802,6.298802,informed,none,0.000000,-17,609.833428,522.630823,2.890000,519.740823
1351,6.055857,5.704138,3.704138,7.704138,informed,none,0.000000,-17,609.833428,506.883855,2.890000,503.993855
1352,4.474800,4.125977,2.125977,6.125977,informed,none,0.000000,-17,609.833428,533.761823,2.890000,530.871823
1353,3.975035,5.406112,3.406112,7.406112,informed,none,0.000000,-17,609.833428,542.257826,2.890000,539.367826
1354,3.985373,3.952552,1.952552,5.952552,noise,none,0.000000,-17,609.833428,542.082095,2.890000,539.192095
1355,3.835879,3.291115,1.291115,5.291115,noise,none,0.000000,-17,609.833428,544.623479,2.890000,541.733479
1356,3.834153,4.420233,2.420233,6.420233,noise,none,0.000000,-17,609.833428,544.652820,2.890000,541.762820
1357,3.846302,2.508496,0.508496,4.508496,noise,none,0.000000,-17,609.833428,544.446292,2.890000,541.556292
1358,3.111898,3.830380,1.830380,5.830380,noise,sell_to_mm,1.830380,-16,608.003048,558.212682,2.560000,555.652682
1359,2.576606,3.000280,1.000280,5.000280,informed,none,0.000000,-16,608.003048,566.777345,2.560000,564.217345
1360,2.912676,3.394392,1.394392,5.394392,noise,none,0.000000,-16,608.003048,561.400240,2.560000,558.840240
1361,3.143919,3.682654,1.682654,5.682654,informed,none,0.000000,-16,608.003048,557.700352,2.560000,555.140352
1362,3.791893,4.503083,2.503083,6.503083,noise,none,0.000000,-16,608.003048,547.332760,2.560000,544.772760
1363,4.185240,4.934516,2.934516,6.934516,noise,none,0.000000,-16,608.003048,541.039202,2.560000,538.479202
1364,3.055764,3.618504,1.618504,5.618504,noise,none,0.000000,-16,608.003048,559.110831,2.560000,556.550831
1365,2.173926,2.422432,0.422432,4.422432,informed,none,0.000000,-16,608.003048,573.220236,2.560000,570.660236
1366,3.451083,4.349140,2.349140,6.349140,noise,none,0.000000,-16,608.003048,552.785719,2.560000,550.225719
1367,4.509962,3.952798,1.952798,5.952798,informed,none,0.000000,-16,608.003048,535.843663,2.560000,533.283663
1368,4.281138,5.406397,3.406397,7.406397,informed,none,0.000000,-16,608.003048,539.504837,2.560000,536.944837
1369,2.940246,2.619847,0.619847,4.619847,noise,none,0.000000,-16,608.003048,560.959120,2.560000,558.399120
1370,2.236635,2.647351,0.647351,4.647351,noise,none,0.000000,-16,608.003048,572.216887,2.560000,569.656887
1371,1.218847,0.906495,-1.093505,2.906495,noise,none,0.000000,-16,608.003048,588.501497,2.560000,585.941497
1372,1.797020,3.163920,1.163920,5.163920,informed,none,0.000000,-16,608.003048,579.250727,2.560000,576.690727
1373,1.784603,1.838319,-0.161681,3.838319,informed,none,0.000000,-16,608.003048,579.449396,2.560000,576.889396
1374,1.750433,1.540613,-0.459387,3.540613,noise,none,0.000000,-16,608.003048,579.996126,2.560000,577.436126
1375,3.202566,3.818600,1.818600,5.818600,noise,none,0.000000,-16,608.003048,556.761993,2.560000,554.201993
1376,2.250330,3.396513,1.396513,5.396513,informed,none,0.000000,-16,608.003048,571.997775,2.560000,569.437775
1377,1.964754,0.236223,-1.763777,2.236223,noise,none,0.000000,-16,608.003048,576.566978,2.560000,574.006978
1378,2.537848,0.960772,-1.039228,2.960772,noise,none,0.000000,-16,608.003048,567.397472,2.560000,564.837472
1379,2.013142,2.731436,0.731436,4.731436,informed,none,0.000000,-16,608.003048,575.792784,2.560000,573.232784
1380,2.261100,1.054205,-0.945795,3.054205,informed,none,0.000000,-16,608.003048,571.825453,2.560000,569.265453
1381,2.371797,1.412309,-0.587691,3.412309,noise,none,0.000000,-16,608.003048,570.054288,2.560000,567.494288
1382,2.242052,0.887871,-1.112129,2.887871,informed,none,0.000000,-16,608.003048,572.130214,2.560000,569.570214
1383,2.484673,2.920173,0.920173,4.920173,informed,none,0.000000,-16,608.003048,568.248277,2.560000,565.688277
1384,1.608967,0.447767,-1.552233,2.447767,noise,none,0.000000,-16,608.003048,582.259571,2.560000,579.699571
1385,0.666399,1.169044,-0.830956,3.169044,noise,none,0.000000,-16,608.003048,597.340660,2.560000,594.780660
1386,-0.200892,-1.372903,-3.372903,0.627097,noise,sell_to_mm,-3.372903,-15,611.375951,614.389338,2.250000,612.139338
1387,0.614566,1.803645,-0.196355,3.803645,noise,none,0.000000,-15,611.375951,602.157459,2.250000,599.907459
1388,-0.539723,-0.575113,-2.575113,1.424887,informed,none,0.000000,-15,611.375951,619.471801,2.250000,617.221801
1389,-0.766599,-0.885368,-2.885368,1.114632,noise,none,0.000000,-15,611.375951,622.874937,2.250000,620.624937
1390,-0.424977,-0.152366,-2.152366,1.847634,noise,none,0.000000,-15,611.375951,617.750608,2.250000,615.500608
1391,-0.377670,1.628358,-0.371642,3.628358,informed,sell_to_mm,-0.371642,-14,611.747594,617.034971,1.960000,615.074971
1392,-1.180819,0.377460,-1.622540,2.377460,informed,none,0.000000,-14,611.747594,628.279061,1.960000,626.319061
1393,-1.652353,-1.950024,-3.950024,0.049976,noise,buy_from_mm,0.049976,-15,611.797570,636.582860,2.250000,634.332860
1394,-3.091206,-3.190315,-5.190315,-1.190315,noise,none,0.000000,-15,611.797570,658.165658,2.250000,655.915658
1395,-2.323539,-2.774440,-4.774440,-0.774440,informed,none,0.000000,-15,611.797570,646.650656,2.250000,644.400656
1396,-2.354958,-2.067854,-4.067854,-0.067854,noise,buy_from_mm,-0.067854,-16,611.729715,649.409044,2.560000,646.849044
1397,-2.945932,-2.128237,-4.128237,-0.128237,noise,none,0.000000,-16,611.729715,658.864623,2.560000,656.304623
1398,-3.127666,-4.458676,-6.458676,-2.458676,informed,none,0.000000,-16,611.729715,661.772374,2.560000,659.212374
1399,-2.936642,-4.064946,-6.064946,-2.064946,informed,none,0.000000,-16,611.729715,658.715991,2.560000,656.155991
1400,-3.663689,-4.446340,-6.446340,-2.446340,noise,none,0.000000,-16,611.729715,670.348736,2.560000,667.788736
1401,-4.414372,-3.966487,-5.966487,-1.966487,noise,buy_from_mm,-1.966487,-17,609.763228,684.807557,2.890000,681.917557
1402,-5.522176,-4.852184,-6.852184,-2.852184,noise,sell_to_mm,-6.852184,-16,616.615412,704.970231,2.560000,702.410231
1403,-7.012859,-6.504338,-8.504338,-4.504338,noise,none,0.000000,-16,616.615412,728.821160,2.560000,726.261160
1404,-4.830074,-4.647554,-6.647554,-2.647554,informed,none,0.000000,-16,616.615412,693.896595,2.560000,691.336595
1405,-5.056902,-5.832779,-7.832779,-3.832779,informed,none,0.000000,-16,616.615412,697.525846,2.560000,694.965846
1406,-5.531362,-5.406233,-7.406233,-3.406233,noise,sell_to_mm,-7.406233,-15,624.021645,706.992080,2.250000,704.742080
1407,-4.508481,-3.348389,-5.348389,-1.348389,informed,none,0.000000,-15,624.021645,691.648862,2.250000,689.398862
1408,-5.497698,-6.050493,-8.050493,-4.050493,informed,none,0.000000,-15,624.021645,706.487112,2.250000,704.237112
1409,-5.544738,-5.976735,-7.976735,-3.976735,informed,none,0.000000,-15,624.021645,707.192713,2.250000,704.942713
1410,-4.669920,-4.964605,-6.964605,-2.964605,noise,none,0.000000,-15,624.021645,694.070447,2.250000,691.820447
1411,-4.094318,-1.290060,-3.290060,0.709940,informed,sell_to_mm,-3.290060,-14,627.311705,684.632156,1.960000,682.672156
1412,-5.370794,-4.307441,-6.307441,-2.307441,noise,none,0.000000,-14,627.311705,702.502814,1.960000,700.542814
1413,-3.485736,-3.885036,-5.885036,-1.885036,informed,none,0.000000,-14,627.311705,676.112003,1.960000,674.152003
1414,-3.684941,-2.572142,-4.572142,-0.572142,informed,none,0.000000,-14,627.311705,678.900881,1.960000,676.940881
1415,-2.926361,-2.897284,-4.897284,-0.897284,noise,none,0.000000,-14,627.311705,668.280756,1.960000,666.320756
1416,-5.150097,-4.950080,-6.950080,-2.950080,noise,none,0.000000,-14,627.311705,699.413065,1.960000,697.453065
1417,-4.181566,-5.744101,-7.744101,-3.744101,noise,buy_from_mm,-3.744101,-15,623.567604,686.291089,2.250000,684.041089
1418,-3.876596,-3.465085,-5.465085,-1.465085,noise,none,0.000000,-15,623.567604,681.716547,2.250000,679.466547
1419,-4.780140,-5.601587,-7.601587,-3.601587,informed,none,0.000000,-15,623.567604,695.269711,2.250000,693.019711
1420,-5.864316,-6.109644,-8.109644,-4.109644,informed,none,0.000000,-15,623.567604,711.532351,2.250000,709.282351
1421,-6.652712,-7.287205,-9.287205,-5.287205,noise,none,0.000000,-15,623.567604,723.358279,2.250000,721.108279
1422,-7.169489,-8.028204,-10.028204,-6.028204,noise,none,0.000000,-15,623.567604,731.109934,2.250000,728.859934
1423,-7.262715,-7.823271,-9.823271,-5.823271,noise,none,0.000000,-15,623.567604,732.508335,2.250000,730.258335
1424,-7.717418,-9.780868,-11.780868,-7.780868,informed,buy_from_mm,-7.780868,-16,615.786736,739.265430,2.560000,736.705430
1425,-6.531514,-7.339500,-9.339500,-5.339500,informed,none,0.000000,-16,615.786736,720.290954,2.560000,717.730954
1426,-6.384846,-5.440145,-7.440145,-3.440145,noise,none,0.000000,-16,615.786736,717.944276,2.560000,715.384276
1427,-6.965285,-5.200753,-7.200753,-3.200753,noise,none,0.000000,-16,615.786736,727.231290,2.560000,724.671290
1428,-7.399818,-7.315664,-9.315664,-5.315664,informed,none,0.000000,-16,615.786736,734.183829,2.560000,731.623829
1429,-6.999216,-8.939102,-10.939102,-6.939102,noise,sell_to_mm,-10.939102,-15,626.725838,731.714072,2.250000,729.464072
1430,-7.620516,-7.410852,-9.410852,-5.410852,informed,none,0.000000,-15,626.725838,741.033572,2.250000,738.783572
1431,-8.679795,-8.925116,-10.925116,-6.925116,noise,none,0.000000,-15,626.725838,756.922767,2.250000,754.672767
1432,-8.327903,-8.662889,-10.662889,-6.662889,informed,none,0.000000,-15,626.725838,751.644387,2.250000,749.394387
1433,-9.061883,-8.568096,-10.568096,-6.568096,noise,none,0.000000,-15,626.725838,762.654084,2.250000,760.404084
1434,-7.690396,-6.019479,-8.019479,-4.019479,noise,none,0.000000,-15,626.725838,742.081771,2.250000,739.831771
1435,-8.039796,-7.733435,-9.733435,-5.733435,noise,none,0.000000,-15,626.725838,747.322784,2.250000,745.072784
1436,-9.092963,-8.774236,-10.774236,-6.774236,informed,none,0.000000,-15,626.725838,763.120275,2.250000,760.870275
1437,-7.049881,-7.871717,-9.871717,-5.871717,noise,none,0.000000,-15,626.725838,732.474049,2.250000,730.224049
1438,-7.965205,-8.304468,-10.304468,-6.304468,informed,none,0.000000,-15,626.725838,746.203916,2.250000,743.953916
1439,-8.219246,-9.605728,-11.605728,-7.605728,informed,none,0.000000,-15,626.725838,750.014528,2.250000,747.764528
1440,-6.782863,-7.373626,-9.373626,-5.373626,noise,buy_from_mm,-5.373626,-16,621.352211,729.878020,2.560000,727.318020
1441,-6.329207,-5.330382,-7.330382,-3.330382,informed,none,0.000000,-16,621.352211,722.619529,2.560000,720.059529
1442,-6.491287,-7.829222,-9.829222,-5.829222,noise,sell_to_mm,-9.829222,-15,631.181433,728.550732,2.250000,726.300732
1443,-6.696517,-7.347733,-9.347733,-5.347733,informed,none,0.000000,-15,631.181433,731.629183,2.250000,729.379183
1444,-7.201581,-6.861700,-8.861700,-4.861700,noise,none,0.000000,-15,631.181433,739.205154,2.250000,736.955154
1445,-6.578168,-7.546075,-9.546075,-5.546075,informed,none,0.000000,-15,631.181433,729.853957,2.250000,727.603957
1446,-5.436476,-4.830493,-6.830493,-2.830493,noise,none,0.000000,-15,631.181433,712.728578,2.250000,710.478578
1447,-5.775521,-4.960234,-6.960234,-2.960234,informed,none,0.000000,-15,631.181433,717.814248,2.250000,715.564248
1448,-4.582263,-3.712418,-5.712418,-1.712418,noise,sell_to_mm,-5.712418,-14,636.893851,701.045536,1.960000,699.085536
1449,-4.993591,-5.698671,-7.698671,-3.698671,noise,none,0.000000,-14,636.893851,706.804121,1.960000,704.844121
1450,-3.788234,-5.856463,-7.856463,-3.856463,noise,buy_from_mm,-3.856463,-15,633.037389,689.860896,2.250000,687.610896
1451,-2.749622,-2.866161,-4.866161,-0.866161,noise,none,0.000000,-15,633.037389,674.281715,2.250000,672.031715
1452,-1.702956,-1.211203,-3.211203,0.788797,noise,none,0.000000,-15,633.037389,658.581726,2.250000,656.331726
1453,-1.665909,-2.559477,-4.559477,-0.559477,noise,sell_to_mm,-4.559477,-14,637.596866,660.919594,1.960000,658.959594
1454,-1.657102,-1.747740,-3.747740,0.252260,noise,none,0.000000,-14,637.596866,660.796299,1.960000,658.836299
1455,-0.947960,-1.900287,-3.900287,0.099713,informed,none,0.000000,-14,637.596866,650.868307,1.960000,648.908307
1456,-1.502707,-2.097879,-4.097879,-0.097879,informed,none,0.000000,-14,637.596866,658.634766,1.960000,656.674766
1457,-3.032884,-0.953369,-2.953369,1.046631,informed,sell_to_mm,-2.953369,-13,640.550235,679.977728,1.690000,678.287728
1458,-4.136400,-3.964323,-5.964323,-1.964323,noise,none,0.000000,-13,640.550235,694.323434,1.690000,692.633434
1459,-3.855148,-2.533201,-4.533201,-0.533201,noise,none,0.000000,-13,640.550235,690.667156,1.690000,688.977156
1460,-4.408362,-5.244530,-7.244530,-3.244530,informed,none,0.000000,-13,640.550235,697.858937,1.690000,696.168937
1461,-3.192988,-3.036624,-5.036624,-1.036624,noise,none,0.000000,-13,640.550235,682.059082,1.690000,680.369082
1462,-2.028596,-1.080746,-3.080746,0.919254,noise,none,0.000000,-13,640.550235,666.921980,1.690000,665.231980
1463,-2.069609,-1.979331,-3.979331,0.020669,informed,none,0.000000,-13,640.550235,667.455158,1.690000,665.765158
1464,-2.589190,-1.495715,-3.495715,0.504285,informed,none,0.000000,-13,640.550235,674.209706,1.690000,672.519706
1465,-2.656614,-3.450713,-5.450713,-1.450713,noise,none,0.000000,-13,640.550235,675.086211,1.690000,673.396211
1466,-2.231090,-4.033369,-6.033369,-2.033369,informed,none,0.000000,-13,640.550235,669.554406,1.690000,667.864406
1467,-1.308207,-0.948811,-2.948811,1.051189,informed,none,0.000000,-13,640.550235,657.556929,1.690000,655.866929
1468,-2.605043,-1.439503,-3.439503,0.560497,informed,none,0.000000,-13,640.550235,674.415796,1.690000,672.725796
1469,-1.940706,-2.226527,-4.226527,-0.226527,noise,buy_from_mm,-0.226527,-14,640.323708,667.493587,1.960000,665.533587
1470,-2.021817,-1.634575,-3.634575,0.365425,noise,none,0.000000,-14,640.323708,668.629142,1.960000,666.669142
1471,-1.590488,-1.026883,-3.026883,0.973117,informed,none,0.000000,-14,640.323708,662.590546,1.960000,660.630546
1472,-1.534260,-1.709329,-3.709329,0.290671,noise,buy_from_mm,0.290671,-15,640.614380,663.628278,2.250000,661.378278
1473,-1.940153,-1.865436,-3.865436,0.134564,noise,none,0.000000,-15,640.614380,669.716673,2.250000,667.466673
1474,-1.825471,-3.277715,-5.277715,-1.277715,informed,none,0.000000,-15,640.614380,667.996440,2.250000,665.746440
1475,-3.858827,-4.465728,-6.465728,-2.465728,informed,none,0.000000,-15,640.614380,698.496784,2.250000,696.246784
1476,-2.531542,-3.123006,-5.123006,-1.123006,noise,buy_from_mm,-1.123006,-16,639.491374,679.996049,2.560000,677.436049
1477,-2.619611,-2.526981,-4.526981,-0.526981,informed,none,0.000000,-16,639.491374,681.405147,2.560000,678.845147
1478,-4.043598,-4.267343,-6.267343,-2.267343,informed,none,0.000000,-16,639.491374,704.188943,2.560000,701.628943
1479,-7.065613,-7.682721,-9.682721,-5.682721,informed,none,0.000000,-16,639.491374,752.541187,2.560000,749.981187
1480,-8.541804,-7.218702,-9.218702,-5.218702,noise,none,0.000000,-16,639.491374,776.160231,2.560000,773.600231
1481,-8.756558,-7.894516,-9.894516,-5.894516,informed,none,0.000000,-16,639.491374,779.596302,2.560000,777.036302
1482,-9.708080,-9.025158,-11.025158,-7.025158,informed,none,0.000000,-16,639.491374,794.820647,2.560000,792.260647
1483,-10.973057,-12.053445,-14.053445,-10.053445,noise,none,0.000000,-16,639.491374,815.060286,2.560000,812.500286
1484,-12.925144,-12.029713,-14.029713,-10.029713,informed,none,0.000000,-16,639.491374,846.293671,2.560000,843.733671
1485,-13.273420,-13.221876,-15.221876,-11.221876,noise,none,0.000000,-16,639.491374,851.866095,2.560000,849.306095
1486,-14.346014,-16.423000,-18.423000,-14.423000,noise,buy_from_mm,-14.423000,-17,625.068374,868.950616,2.890000,866.060616
1487,-15.293551,-13.938475,-15.938475,-11.938475,noise,sell_to_mm,-15.938475,-16,641.006849,885.703672,2.560000,883.143672
1488,-15.079085,-16.507910,-18.507910,-14.507910,noise,none,0.000000,-16,641.006849,882.272208,2.560000,879.712208
1489,-14.648373,-13.973538,-15.973538,-11.973538,noise,none,0.000000,-16,641.006849,875.380815,2.560000,872.820815
1490,-14.650663,-14.044048,-16.044048,-12.044048,informed,none,0.000000,-16,641.006849,875.417462,2.560000,872.857462
1491,-14.608514,-14.605454,-16.605454,-12.605454,informed,none,0.000000,-16,641.006849,874.743080,2.560000,872.183080
1492,-14.023605,-12.425726,-14.425726,-10.425726,informed,none,0.000000,-16,641.006849,865.384533,2.560000,862.824533
1493,-14.827868,-13.985685,-15.985685,-11.985685,noise,sell_to_mm,-15.985685,-15,656.992534,879.410559,2.250000,877.160559
1494,-15.578406,-15.658019,-17.658019,-13.658019,noise,none,0.000000,-15,656.992534,890.668626,2.250000,888.418626
1495,-17.034217,-17.782102,-19.782102,-15.782102,noise,none,0.000000,-15,656.992534,912.505795,2.250000,910.255795
1496,-16.541232,-14.454521,-16.454521,-12.454521,noise,none,0.000000,-15,656.992534,905.111017,2.250000,902.861017
1497,-14.848482,-14.161788,-16.161788,-12.161788,noise,none,0.000000,-15,656.992534,879.719766,2.250000,877.469766
1498,-16.303176,-16.940277,-18.940277,-14.940277,noise,buy_from_mm,-14.940277,-16,642.052257,902.903074,2.560000,900.343074
1499,-15.815242,-16.878263,-18.878263,-14.878263,noise,none,0.000000,-16,642.052257,895.096127,2.560000,892.536127
1500,-17.227234,-17.624514,-19.624514,-15.624514,noise,none,0.000000,-16,642.052257,917.688005,2.560000,915.128005
1501,-18.556388,-17.789230,-19.789230,-15.789230,noise,none,0.000000,-16,642.052257,938.954464,2.560000,936.394464
1502,-17.332642,-17.462147,-19.462147,-15.462147,noise,sell_to_mm,-19.462147,-15,661.514404,921.504028,2.250000,919.254028
1503,-16.564533,-16.995309,-18.995309,-14.995309,informed,none,0.000000,-15,661.514404,909.982401,2.250000,907.732401
1504,-16.023336,-14.810880,-16.810880,-12.810880,noise,none,0.000000,-15,661.514404,901.864444,2.250000,899.614444
1505,-14.780627,-16.126041,-18.126041,-14.126041,noise,buy_from_mm,-14.126041,-16,647.388363,883.878401,2.560000,881.318401
1506,-14.470334,-14.385863,-16.385863,-12.385863,noise,none,0.000000,-16,647.388363,878.913711,2.560000,876.353711
1507,-16.880715,-15.430461,-17.430461,-13.430461,informed,none,0.000000,-16,647.388363,917.479807,2.560000,914.919807
1508,-15.976963,-16.091438,-18.091438,-14.091438,noise,none,0.000000,-16,647.388363,903.019765,2.560000,900.459765
1509,-15.200085,-15.123380,-17.123380,-13.123380,informed,none,0.000000,-16,647.388363,890.589718,2.560000,888.029718
1510,-13.654765,-14.865214,-16.865214,-12.865214,noise,none,0.000000,-16,647.388363,865.864595,2.560000,863.304595
1511,-12.521315,-11.969466,-13.969466,-9.969466,noise,buy_from_mm,-9.969466,-17,637.418897,850.281252,2.890000,847.391252
1512,-11.375130,-10.321422,-12.321422,-8.321422,noise,buy_from_mm,-8.321422,-18,629.097475,833.849814,3.240000,830.609814
1513,-12.877071,-14.174905,-16.174905,-12.174905,noise,none,0.000000,-18,629.097475,860.884760,3.240000,857.644760
1514,-13.264937,-14.251706,-16.251706,-12.251706,noise,none,0.000000,-18,629.097475,867.866333,3.240000,864.626333
1515,-13.589614,-13.195732,-15.195732,-11.195732,noise,sell_to_mm,-15.195732,-17,644.293206,875.316651,2.890000,872.426651
1516,-15.262876,-15.944490,-17.944490,-13.944490,noise,none,0.000000,-17,644.293206,903.762094,2.890000,900.872094
1517,-14.112503,-13.962692,-15.962692,-11.962692,informed,none,0.000000,-17,644.293206,884.205765,2.890000,881.315765
1518,-14.000337,-13.656028,-15.656028,-11.656028,noise,none,0.000000,-17,644.293206,882.298942,2.890000,879.408942
1519,-13.121376,-12.231752,-14.231752,-10.231752,noise,none,0.000000,-17,644.293206,867.356601,2.890000,864.466601
1520,-12.882420,-12.516280,-14.516280,-10.516280,informed,none,0.000000,-17,644.293206,863.294342,2.890000,860.404342
1521,-13.389787,-13.019701,-15.019701,-11.019701,informed,none,0.000000,-17,644.293206,871.919589,2.890000,869.029589
1522,-14.797508,-14.635924,-16.635924,-12.635924,informed,none,0.000000,-17,644.293206,895.850838,2.890000,892.960838
1523,-15.364635,-15.899273,-17.899273,-13.899273,noise,none,0.000000,-17,644.293206,905.492007,2.890000,902.602007
1524,-15.213919,-15.883749,-17.883749,-13.883749,informed,none,0.000000,-17,644.293206,902.929823,2.890000,900.039823
1525,-15.383550,-14.934964,-16.934964,-12.934964,noise,none,0.000000,-17,644.293206,905.813555,2.890000,902.923555
1526,-15.325397,-16.560554,-18.560554,-14.560554,noise,none,0.000000,-17,644.293206,904.824948,2.890000,901.934948
1527,-15.768100,-16.721510,-18.721510,-14.721510,noise,buy_from_mm,-14.721510,-18,629.571696,913.397492,3.240000,910.157492
1528,-16.457025,-16.269877,-18.269877,-14.269877,noise,none,0.000000,-18,629.571696,925.798144,3.240000,922.558144
1529,-15.057142,-13.883607,-15.883607,-11.883607,noise,none,0.000000,-18,629.571696,900.600244,3.240000,897.360244
1530,-13.974339,-14.224084,-16.224084,-12.224084,informed,none,0.000000,-18,629.571696,881.109803,3.240000,877.869803
1531,-14.464810,-14.937139,-16.937139,-12.937139,noise,buy_from_mm,-12.937139,-19,616.634557,891.465945,3.610000,887.855945
1532,-13.395058,-12.481904,-14.481904,-10.481904,noise,sell_to_mm,-14.481904,-18,631.116461,872.227504,3.240000,868.987504
1533,-12.739946,-13.088276,-15.088276,-11.088276,informed,none,0.000000,-18,631.116461,860.435498,3.240000,857.195498
1534,-11.764633,-11.899624,-13.899624,-9.899624,noise,none,0.000000,-18,631.116461,842.879863,3.240000,839.639863
1535,-11.695838,-11.981450,-13.981450,-9.981450,noise,buy_from_mm,-9.981450,-19,621.135011,843.355932,3.610000,839.745932
1536,-12.071676,-13.370224,-15.370224,-11.370224,noise,none,0.000000,-19,621.135011,850.496851,3.610000,846.886851
1537,-12.165584,-11.510150,-13.510150,-9.510150,informed,none,0.000000,-19,621.135011,852.281111,3.610000,848.671111
1538,-12.880674,-12.780855,-14.780855,-10.780855,informed,none,0.000000,-19,621.135011,865.867821,3.610000,862.257821
1539,-12.062817,-9.905008,-11.905008,-7.905008,informed,sell_to_mm,-11.905008,-18,633.040019,850.170720,3.240000,846.930720
1540,-11.970832,-13.007313,-15.007313,-11.007313,informed,none,0.000000,-18,633.040019,848.515002,3.240000,845.275002
1541,-12.804637,-11.275785,-13.275785,-9.275785,noise,none,0.000000,-18,633.040019,863.523489,3.240000,860.283489
1542,-12.596850,-14.371508,-16.371508,-12.371508,noise,sell_to_mm,-16.371508,-17,649.411527,863.557974,2.890000,860.667974
1543,-11.843979,-11.702118,-13.702118,-9.702118,noise,none,0.000000,-17,649.411527,850.759167,2.890000,847.869167
1544,-10.846155,-11.122319,-13.122319,-9.122319,noise,none,0.000000,-17,649.411527,833.796162,2.890000,830.906162
1545,-10.138366,-9.421764,-11.421764,-7.421764,noise,none,0.000000,-17,649.411527,821.763749,2.890000,818.873749
1546,-10.911742,-9.539020,-11.539020,-7.539020,informed,none,0.000000,-17,649.411527,834.911146,2.890000,832.021146
1547,-10.515010,-10.950243,-12.950243,-8.950243,noise,none,0.000000,-17,649.411527,828.166702,2.890000,825.276702
1548,-9.939044,-9.866278,-11.866278,-7.866278,noise,none,0.000000,-17,649.411527,818.375271,2.890000,815.485271
1549,-10.166975,-11.133159,-13.133159,-9.133159,noise,none,0.000000,-17,649.411527,822.250106,2.890000,819.360106
1550,-9.754750,-10.350516,-12.350516,-8.350516,informed,none,0.000000,-17,649.411527,815.242271,2.890000,812.352271
1551,-11.043528,-9.562821,-11.562821,-7.562821,noise,sell_to_mm,-11.562821,-16,660.974348,837.670801,2.560000,835.110801
1552,-11.152455,-12.927671,-14.927671,-10.927671,noise,buy_from_mm,-10.927671,-17,650.046677,839.638414,2.890000,836.748414
1553,-12.496462,-11.118777,-13.118777,-9.118777,noise,none,0.000000,-17,650.046677,862.486527,2.890000,859.596527
1554,-11.530356,-12.195311,-14.195311,-10.195311,noise,sell_to_mm,-14.195311,-16,664.241988,848.727678,2.560000,846.167678
1555,-11.684348,-13.699579,-15.699579,-11.699579,informed,buy_from_mm,-11.699579,-17,652.542408,851.176317,2.890000,848.286317
1556,-12.446483,-11.052026,-13.052026,-9.052026,informed,none,0.000000,-17,652.542408,864.132626,2.890000,861.242626
1557,-12.880905,-13.578409,-15.578409,-11.578409,noise,none,0.000000,-17,652.542408,871.517787,2.890000,868.627787
1558,-11.880519,-14.255088,-16.255088,-12.255088,informed,buy_from_mm,-12.255088,-18,640.287320,854.136660,3.240000,850.896660
1559,-14.126102,-15.123925,-17.123925,-13.123925,noise,none,0.000000,-18,640.287320,894.557154,3.240000,891.317154
1560,-13.659223,-12.989727,-14.989727,-10.989727,informed,none,0.000000,-18,640.287320,886.153339,3.240000,882.913339
1561,-14.356754,-11.866311,-13.866311,-9.866311,noise,none,0.000000,-18,640.287320,898.708899,3.240000,895.468899
1562,-14.254865,-13.763064,-15.763064,-11.763064,informed,none,0.000000,-18,640.287320,896.874893,3.240000,893.634893
1563,-13.491250,-14.127649,-16.127649,-12.127649,noise,buy_from_mm,-12.127649,-19,628.159671,884.493421,3.610000,880.883421
1564,-13.098678,-12.598209,-14.598209,-10.598209,noise,none,0.000000,-19,628.159671,877.034557,3.610000,873.424557
1565,-13.327367,-14.156579,-16.156579,-12.156579,noise,none,0.000000,-19,628.159671,881.379641,3.610000,877.769641
1566,-13.143185,-15.402677,-17.402677,-13.402677,noise,none,0.000000,-19,628.159671,877.880191,3.610000,874.270191
1567,-12.131427,-12.757691,-14.757691,-10.757691,noise,buy_from_mm,-10.757691,-20,617.401980,860.030516,4.000000,856.030516
1568,-12.092749,-11.249648,-13.249648,-9.249648,noise,buy_from_mm,-9.249648,-21,608.152332,862.100059,4.410000,857.690059
1569,-13.293349,-13.473068,-15.473068,-11.473068,informed,none,0.000000,-21,608.152332,887.312663,4.410000,882.902663
1570,-13.554034,-13.229603,-15.229603,-11.229603,noise,none,0.000000,-21,608.152332,892.787045,4.410000,888.377045
1571,-13.017138,-13.300678,-15.300678,-11.300678,noise,none,0.000000,-21,608.152332,881.512236,4.410000,877.102236
1572,-12.464891,-12.541961,-14.541961,-10.541961,informed,none,0.000000,-21,608.152332,869.915043,4.410000,865.505043
1573,-11.307173,-10.537767,-12.537767,-8.537767,informed,none,0.000000,-21,608.152332,845.602969,4.410000,841.192969
1574,-12.674711,-12.811304,-14.811304,-10.811304,noise,none,0.000000,-21,608.152332,874.321262,4.410000,869.911262
1575,-13.496659,-12.707057,-14.707057,-10.707057,noise,none,0.000000,-21,608.152332,891.582171,4.410000,887.172171
1576,-11.660046,-12.536856,-14.536856,-10.536856,informed,none,0.000000,-21,608.152332,853.013295,4.410000,848.603295
1577,-11.268645,-11.992177,-13.992177,-9.992177,noise,none,0.000000,-21,608.152332,844.793882,4.410000,840.383882
1578,-12.212401,-12.232629,-14.232629,-10.232629,informed,none,0.000000,-21,608.152332,864.612756,4.410000,860.202756
1579,-10.844476,-12.972862,-14.972862,-10.972862,noise,buy_from_mm,-10.972862,-22,597.179470,835.757936,4.840000,830.917936
1580,-9.903748,-10.033756,-12.033756,-8.033756,noise,none,0.000000,-22,597.179470,815.061931,4.840000,810.221931
1581,-9.161685,-8.182647,-10.182647,-6.182647,informed,none,0.000000,-22,597.179470,798.736550,4.840000,793.896550
1582,-8.250908,-7.780229,-9.780229,-5.780229,noise,none,0.000000,-22,597.179470,778.699440,4.840000,773.859440
1583,-8.297889,-8.725937,-10.725937,-6.725937,noise,buy_from_mm,-6.725937,-23,590.453533,781.304988,5.290000,776.014988
1584,-8.789290,-7.957944,-9.957944,-5.957944,noise,buy_from_mm,-5.957944,-24,584.495589,795.438555,5.760000,789.678555
1585,-8.436163,-9.277535,-11.277535,-7.277535,informed,none,0.000000,-24,584.495589,786.963511,5.760000,781.203511
1586,-7.191784,-7.688452,-9.688452,-5.688452,noise,none,0.000000,-24,584.495589,757.098394,5.760000,751.338394
1587,-7.589605,-8.450857,-10.450857,-6.450857,informed,none,0.000000,-24,584.495589,766.646120,5.760000,760.886120
1588,-9.526199,-8.599327,-10.599327,-6.599327,informed,none,0.000000,-24,584.495589,813.124357,5.760000,807.364357
1589,-9.242410,-9.201145,-11.201145,-7.201145,noise,none,0.000000,-24,584.495589,806.313438,5.760000,800.553438
1590,-9.539237,-8.378228,-10.378228,-6.378228,noise,none,0.000000,-24,584.495589,813.437286,5.760000,807.677286
1591,-9.755792,-10.754868,-12.754868,-8.754868,informed,none,0.000000,-24,584.495589,818.634585,5.760000,812.874585
1592,-11.103809,-12.276530,-14.276530,-10.276530,informed,none,0.000000,-24,584.495589,850.987005,5.760000,845.227005
1593,-8.621766,-8.185812,-10.185812,-6.185812,informed,none,0.000000,-24,584.495589,791.417971,5.760000,785.657971
1594,-10.476019,-8.702074,-10.702074,-6.702074,noise,none,0.000000,-24,584.495589,835.920048,5.760000,830.160048
1595,-12.732916,-12.076565,-14.076565,-10.076565,informed,none,0.000000,-24,584.495589,890.085561,5.760000,884.325561
1596,-11.089057,-11.886248,-13.886248,-9.886248,noise,none,0.000000,-24,584.495589,850.632960,5.760000,844.872960
1597,-12.100271,-13.967821,-15.967821,-11.967821,noise,none,0.000000,-24,584.495589,874.902089,5.760000,869.142089
1598,-12.001356,-11.727252,-13.727252,-9.727252,noise,none,0.000000,-24,584.495589,872.528127,5.760000,866.768127
1599,-12.418950,-11.229354,-13.229354,-9.229354,noise,none,0.000000,-24,584.495589,882.550393,5.760000,876.790393
1600,-12.004593,-12.581581,-14.581581,-10.581581,informed,none,0.000000,-24,584.495589,872.605817,5.760000,866.845817
1601,-12.038272,-10.998661,-12.998661,-8.998661,noise,none,0.000000,-24,584.495589,873.414107,5.760000,867.654107
1602,-12.929590,-14.204702,-16.204702,-12.204702,noise,none,0.000000,-24,584.495589,894.805739,5.760000,889.045739
1603,-12.726489,-12.700760,-14.700760,-10.700760,informed,none,0.000000,-24,584.495589,889.931322,5.760000,884.171322
1604,-14.484243,-16.358474,-18.358474,-14.358474,noise,none,0.000000,-24,584.495589,932.117430,5.760000,926.357430
1605,-14.767816,-14.176201,-16.176201,-12.176201,noise,none,0.000000,-24,584.495589,938.923184,5.760000,933.163184
1606,-15.674914,-15.661021,-17.661021,-13.661021,noise,none,0.000000,-24,584.495589,960.693529,5.760000,954.933529
1607,-15.149237,-14.818153,-16.818153,-12.818153,noise,none,0.000000,-24,584.495589,948.077283,5.760000,942.317283
1608,-13.844283,-13.486028,-15.486028,-11.486028,noise,none,0.000000,-24,584.495589,916.758388,5.760000,910.998388
1609,-12.609040,-11.284264,-13.284264,-9.284264,noise,sell_to_mm,-13.284264,-23,597.779852,887.787766,5.290000,882.497766
1610,-11.697338,-10.952318,-12.952318,-8.952318,noise,none,0.000000,-23,597.779852,866.818624,5.290000,861.528624
1611,-10.923448,-11.492323,-13.492323,-9.492323,informed,none,0.000000,-23,597.779852,849.019154,5.290000,843.729154
1612,-11.163656,-11.573617,-13.573617,-9.573617,noise,buy_from_mm,-9.573617,-24,588.206236,856.133972,5.760000,850.373972
1613,-12.486779,-11.680330,-13.680330,-9.680330,noise,none,0.000000,-24,588.206236,887.888927,5.760000,882.128927
1614,-10.603199,-9.448297,-11.448297,-7.448297,informed,none,0.000000,-24,588.206236,842.683005,5.760000,836.923005
1615,-10.943520,-12.758384,-14.758384,-10.758384,noise,none,0.000000,-24,588.206236,850.850715,5.760000,845.090715
1616,-12.979166,-11.790090,-13.790090,-9.790090,informed,none,0.000000,-24,588.206236,899.706220,5.760000,893.946220
1617,-13.843247,-14.642215,-16.642215,-12.642215,informed,none,0.000000,-24,588.206236,920.444170,5.760000,914.684170
1618,-13.521963,-13.262352,-15.262352,-11.262352,noise,none,0.000000,-24,588.206236,912.733342,5.760000,906.973342
1619,-14.793848,-14.971598,-16.971598,-12.971598,noise,none,0.000000,-24,588.206236,943.258578,5.760000,937.498578
1620,-15.025416,-15.408011,-17.408011,-13.408011,noise,none,0.000000,-24,588.206236,948.816230,5.760000,943.056230
1621,-14.177690,-13.217243,-15.217243,-11.217243,noise,none,0.000000,-24,588.206236,928.470802,5.760000,922.710802
1622,-12.658187,-15.127698,-17.127698,-13.127698,noise,none,0.000000,-24,588.206236,892.002727,5.760000,886.242727
1623,-11.228898,-11.557369,-13.557369,-9.557369,noise,none,0.000000,-24,588.206236,857.699783,5.760000,851.939783
1624,-9.808444,-10.689280,-12.689280,-8.689280,informed,none,0.000000,-24,588.206236,823.608896,5.760000,817.848896
1625,-8.175181,-7.649502,-9.649502,-5.649502,informed,none,0.000000,-24,588.206236,784.410585,5.760000,778.650585
1626,-9.248370,-8.992744,-10.992744,-6.992744,informed,none,0.000000,-24,588.206236,810.167104,5.760000,804.407104
1627,-9.232647,-8.150604,-10.150604,-6.150604,noise,sell_to_mm,-10.150604,-23,598.356839,810.707709,5.290000,805.417709
1628,-8.759467,-9.323759,-11.323759,-7.323759,informed,none,0.000000,-23,598.356839,799.824590,5.290000,794.534590
1629,-8.168056,-7.844056,-9.844056,-5.844056,informed,none,0.000000,-23,598.356839,786.222127,5.290000,780.932127
1630,-7.733892,-7.446222,-9.446222,-5.446222,informed,none,0.000000,-23,598.356839,776.236364,5.290000,770.946364
1631,-7.008382,-7.439620,-9.439620,-5.439620,informed,none,0.000000,-23,598.356839,759.549622,5.290000,754.259622
1632,-8.687781,-8.982450,-10.982450,-6.982450,noise,none,0.000000,-23,598.356839,798.175801,5.290000,792.885801
1633,-9.128992,-8.101953,-10.101953,-6.101953,noise,none,0.000000,-23,598.356839,808.323661,5.290000,803.033661
1634,-9.427362,-10.174706,-12.174706,-8.174706,noise,buy_from_mm,-8.174706,-24,590.182133,816.438820,5.760000,810.678820
1635,-8.640354,-11.027036,-13.027036,-9.027036,noise,none,0.000000,-24,590.182133,797.550638,5.760000,791.790638
1636,-6.145152,-6.728229,-8.728229,-4.728229,noise,none,0.000000,-24,590.182133,737.665784,5.760000,731.905784
1637,-8.234200,-9.142986,-11.142986,-7.142986,noise,sell_to_mm,-11.142986,-23,601.325119,790.711713,5.290000,785.421713
1638,-7.782196,-7.980261,-9.980261,-5.980261,informed,none,0.000000,-23,601.325119,780.315632,5.290000,775.025632
1639,-6.614732,-6.595908,-8.595908,-4.595908,noise,none,0.000000,-23,601.325119,753.463956,5.290000,748.173956
1640,-6.987100,-7.164581,-9.164581,-5.164581,informed,none,0.000000,-23,601.325119,762.028422,5.290000,756.738422
1641,-7.863812,-7.485102,-9.485102,-5.485102,noise,none,0.000000,-23,601.325119,782.192802,5.290000,776.902802
1642,-8.401076,-7.669290,-9.669290,-5.669290,noise,none,0.000000,-23,601.325119,794.549866,5.290000,789.259866
1643,-8.432029,-8.541571,-10.541571,-6.541571,informed,none,0.000000,-23,601.325119,795.261782,5.290000,789.971782
1644,-7.670911,-6.804444,-8.804444,-4.804444,informed,none,0.000000,-23,601.325119,777.756067,5.290000,772.466067
1645,-7.594814,-7.344901,-9.344901,-5.344901,informed,none,0.000000,-23,601.325119,776.005830,5.290000,770.715830
1646,-9.558608,-10.486485,-12.486485,-8.486485,noise,sell_to_mm,-12.486485,-22,613.811604,824.100979,4.840000,819.260979
1647,-8.417072,-10.181629,-12.181629,-8.181629,noise,none,0.000000,-22,613.811604,798.987197,4.840000,794.147197
1648,-7.153618,-7.958201,-9.958201,-5.958201,informed,none,0.000000,-22,613.811604,771.191206,4.840000,766.351206
1649,-6.572848,-5.194091,-7.194091,-3.194091,noise,none,0.000000,-22,613.811604,758.414260,4.840000,753.574260
1650,-8.285800,-6.826096,-8.826096,-4.826096,noise,buy_from_mm,-4.826096,-23,608.985507,799.558911,5.290000,794.268911
1651,-11.345483,-10.864456,-12.864456,-8.864456,informed,none,0.000000,-23,608.985507,869.931612,5.290000,864.641612
1652,-10.733293,-9.296364,-11.296364,-7.296364,noise,none,0.000000,-23,608.985507,855.851242,5.290000,850.561242
1653,-11.011110,-9.889761,-11.889761,-7.889761,noise,none,0.000000,-23,608.985507,862.241033,5.290000,856.951033
1654,-11.710922,-13.672647,-15.672647,-11.672647,noise,none,0.000000,-23,608.985507,878.336712,5.290000,873.046712
1655,-11.469732,-11.115522,-13.115522,-9.115522,noise,none,0.000000,-23,608.985507,872.789336,5.290000,867.499336
1656,-12.026770,-12.073017,-14.073017,-10.073017,informed,none,0.000000,-23,608.985507,885.601225,5.290000,880.311225
1657,-11.582990,-12.109547,-14.109547,-10.109547,noise,sell_to_mm,-14.109547,-22,623.095054,877.920836,4.840000,873.080836
1658,-11.669852,-13.175472,-15.175472,-11.175472,informed,none,0.000000,-22,623.095054,879.831788,4.840000,874.991788
1659,-10.024869,-8.784240,-10.784240,-6.784240,informed,none,0.000000,-22,623.095054,843.642174,4.840000,838.802174
1660,-10.022073,-9.118045,-11.118045,-7.118045,informed,none,0.000000,-22,623.095054,843.580650,4.840000,838.740650
1661,-10.913921,-10.149556,-12.149556,-8.149556,noise,none,0.000000,-22,623.095054,863.201307,4.840000,858.361307
1662,-9.926778,-11.194765,-13.194765,-9.194765,noise,none,0.000000,-22,623.095054,841.484161,4.840000,836.644161
1663,-10.215270,-7.785043,-9.785043,-5.785043,noise,none,0.000000,-22,623.095054,847.831000,4.840000,842.991000
1664,-10.679760,-9.803308,-11.803308,-7.803308,noise,none,0.000000,-22,623.095054,858.049770,4.840000,853.209770
1665,-11.866830,-12.115430,-14.115430,-10.115430,noise,none,0.000000,-22,623.095054,884.165306,4.840000,879.325306
1666,-12.804986,-13.092094,-15.092094,-11.092094,informed,none,0.000000,-22,623.095054,904.804746,4.840000,899.964746
1667,-12.793402,-12.309423,-14.309423,-10.309423,informed,none,0.000000,-22,623.095054,904.549906,4.840000,899.709906
1668,-11.845333,-13.749594,-15.749594,-11.749594,noise,sell_to_mm,-15.749594,-21,638.844648,887.596639,4.410000,883.186639
1669,-12.710787,-14.532762,-16.532762,-12.532762,informed,none,0.000000,-21,638.844648,905.771169,4.410000,901.361169
1670,-12.160839,-10.247225,-12.247225,-8.247225,noise,none,0.000000,-21,638.844648,894.222276,4.410000,889.812276
1671,-12.039627,-13.261407,-15.261407,-11.261407,noise,none,0.000000,-21,638.844648,891.676806,4.410000,887.266806
1672,-11.961648,-12.698414,-14.698414,-10.698414,noise,sell_to_mm,-14.698414,-20,653.543062,892.776026,4.000000,888.776026
1673,-9.421048,-9.739325,-11.739325,-7.739325,informed,none,0.000000,-20,653.543062,841.964021,4.000000,837.964021
1674,-8.507988,-8.354295,-10.354295,-6.354295,informed,none,0.000000,-20,653.543062,823.702826,4.000000,819.702826
1675,-8.937421,-9.482584,-11.482584,-7.482584,noise,none,0.000000,-20,653.543062,832.291479,4.000000,828.291479
1676,-7.829560,-7.171414,-9.171414,-5.171414,noise,none,0.000000,-20,653.543062,810.134268,4.000000,806.134268
1677,-7.977205,-8.217188,-10.217188,-6.217188,noise,none,0.000000,-20,653.543062,813.087162,4.000000,809.087162
1678,-7.800117,-8.696833,-10.696833,-6.696833,noise,buy_from_mm,-6.696833,-21,646.846229,810.648681,4.410000,806.238681
1679,-7.083620,-5.371247,-7.371247,-3.371247,noise,none,0.000000,-21,646.846229,795.602241,4.410000,791.192241
1680,-5.165799,-5.555002,-7.555002,-3.555002,informed,none,0.000000,-21,646.846229,755.328001,4.410000,750.918001
1681,-5.797801,-6.568116,-8.568116,-4.568116,informed,none,0.000000,-21,646.846229,768.600041,4.410000,764.190041
1682,-6.423482,-7.633022,-9.633022,-5.633022,noise,sell_to_mm,-9.633022,-20,656.479251,784.948881,4.000000,780.948881
1683,-6.484895,-4.408646,-6.408646,-2.408646,noise,buy_from_mm,-2.408646,-21,654.070605,790.253394,4.410000,785.843394
1684,-7.509090,-7.079154,-9.079154,-5.079154,noise,none,0.000000,-21,654.070605,811.761486,4.410000,807.351486
1685,-5.886566,-7.444228,-9.444228,-5.444228,noise,none,0.000000,-21,654.070605,777.688498,4.410000,773.278498
1686,-5.171179,-4.615231,-6.615231,-2.615231,noise,sell_to_mm,-6.615231,-20,660.685836,764.109426,4.000000,760.109426
1687,-4.646720,-3.529799,-5.529799,-1.529799,noise,none,0.000000,-20,660.685836,753.620244,4.000000,749.620244
1688,-5.264766,-5.901586,-7.901586,-3.901586,noise,none,0.000000,-20,660.685836,765.981156,4.000000,761.981156
1689,-6.896139,-6.855069,-8.855069,-4.855069,informed,none,0.000000,-20,660.685836,798.608615,4.000000,794.608615
1690,-8.508977,-7.945745,-9.945745,-5.945745,informed,none,0.000000,-20,660.685836,830.865381,4.000000,826.865381
1691,-7.739065,-7.983375,-9.983375,-5.983375,noise,none,0.000000,-20,660.685836,815.467141,4.000000,811.467141
1692,-7.414244,-8.870546,-10.870546,-6.870546,informed,none,0.000000,-20,660.685836,808.970715,4.000000,804.970715
1693,-7.791992,-8.424806,-10.424806,-6.424806,noise,sell_to_mm,-10.424806,-19,671.110642,819.158490,3.610000,815.548490
1694,-8.374746,-5.860897,-7.860897,-3.860897,noise,buy_from_mm,-3.860897,-20,667.249745,834.744669,4.000000,830.744669
1695,-9.191444,-8.212556,-10.212556,-6.212556,noise,none,0.000000,-20,667.249745,851.078631,4.000000,847.078631
1696,-10.027321,-11.276210,-13.276210,-9.276210,noise,buy_from_mm,-9.276210,-21,657.973535,868.547285,4.410000,864.137285
1697,-8.915095,-8.754369,-10.754369,-6.754369,noise,none,0.000000,-21,657.973535,845.190534,4.410000,840.780534
1698,-6.974815,-6.774050,-8.774050,-4.774050,informed,none,0.000000,-21,657.973535,804.444645,4.410000,800.034645
1699,-6.878301,-7.798069,-9.798069,-5.798069,noise,none,0.000000,-21,657.973535,802.417866,4.410000,798.007866
1700,-6.192068,-5.232501,-7.232501,-3.232501,informed,none,0.000000,-21,657.973535,788.006953,4.410000,783.596953
1701,-5.976636,-4.003895,-6.003895,-2.003895,informed,none,0.000000,-21,657.973535,783.482883,4.410000,779.072883
1702,-6.492320,-7.258914,-9.258914,-5.258914,noise,none,0.000000,-21,657.973535,794.312259,4.410000,789.902259
1703,-5.309309,-4.399912,-6.399912,-2.399912,noise,none,0.000000,-21,657.973535,769.469014,4.410000,765.059014
1704,-6.113420,-5.249395,-7.249395,-3.249395,noise,none,0.000000,-21,657.973535,786.355365,4.410000,781.945365
1705,-6.630508,-4.868864,-6.868864,-2.868864,noise,none,0.000000,-21,657.973535,797.214209,4.410000,792.804209
1706,-6.561706,-4.703512,-6.703512,-2.703512,noise,none,0.000000,-21,657.973535,795.769369,4.410000,791.359369
1707,-6.966836,-5.321988,-7.321988,-3.321988,informed,none,0.000000,-21,657.973535,804.277090,4.410000,799.867090
1708,-6.028312,-4.720913,-6.720913,-2.720913,noise,sell_to_mm,-6.720913,-20,664.694448,785.260688,4.000000,781.260688
1709,-5.602529,-4.194723,-6.194723,-2.194723,informed,none,0.000000,-20,664.694448,776.745030,4.000000,772.745030
1710,-5.445802,-4.853755,-6.853755,-2.853755,informed,none,0.000000,-20,664.694448,773.610482,4.000000,769.610482
1711,-3.923861,-5.849960,-7.849960,-3.849960,noise,none,0.000000,-20,664.694448,743.171663,4.000000,739.171663
1712,-4.007047,-4.152600,-6.152600,-2.152600,noise,buy_from_mm,-2.152600,-21,662.541847,746.689841,4.410000,742.279841
1713,-4.938529,-5.003177,-7.003177,-3.003177,informed,none,0.000000,-21,662.541847,766.250952,4.410000,761.840952
1714,-5.701194,-4.893097,-6.893097,-2.893097,informed,none,0.000000,-21,662.541847,782.266921,4.410000,777.856921
1715,-5.795369,-5.870179,-7.870179,-3.870179,noise,sell_to_mm,-7.870179,-20,670.412026,786.319408,4.000000,782.319408
1716,-6.128239,-5.714071,-7.714071,-3.714071,noise,none,0.000000,-20,670.412026,792.976801,4.000000,788.976801
1717,-5.328614,-7.726023,-9.726023,-5.726023,noise,buy_from_mm,-5.726023,-21,664.686003,776.586895,4.410000,772.176895
1718,-4.168002,-5.188477,-7.188477,-3.188477,noise,sell_to_mm,-7.188477,-20,671.874480,755.234523,4.000000,751.234523
1719,-6.442982,-6.578184,-8.578184,-4.578184,noise,none,0.000000,-20,671.874480,800.734129,4.000000,796.734129
1720,-7.440516,-9.460429,-11.460429,-7.460429,noise,sell_to_mm,-11.460429,-19,683.334909,824.704721,3.610000,821.094721
1721,-6.816478,-6.765192,-8.765192,-4.765192,informed,none,0.000000,-19,683.334909,812.847985,3.610000,809.237985
1722,-7.727174,-7.465331,-9.465331,-5.465331,informed,none,0.000000,-19,683.334909,830.151223,3.610000,826.541223
1723,-6.502637,-6.981060,-8.981060,-4.981060,noise,none,0.000000,-19,683.334909,806.885011,3.610000,803.275011
1724,-5.754218,-5.582642,-7.582642,-3.582642,noise,sell_to_mm,-7.582642,-18,690.917551,794.493474,3.240000,791.253474
1725,-5.674432,-6.770291,-8.770291,-4.770291,informed,none,0.000000,-18,690.917551,793.057336,3.240000,789.817336
1726,-7.958656,-8.897699,-10.897699,-6.897699,informed,none,0.000000,-18,690.917551,834.173364,3.240000,830.933364
1727,-6.537502,-7.868878,-9.868878,-5.868878,informed,none,0.000000,-18,690.917551,808.592595,3.240000,805.352595
1728,-5.667855,-7.193742,-9.193742,-5.193742,noise,buy_from_mm,-5.193742,-19,685.723810,793.413056,3.610000,789.803056
1729,-4.533268,-3.970301,-5.970301,-1.970301,informed,none,0.000000,-19,685.723810,771.855903,3.610000,768.245903
1730,-5.891021,-6.236586,-8.236586,-4.236586,informed,none,0.000000,-19,685.723810,797.653203,3.610000,794.043203
1731,-6.986448,-6.625727,-8.625727,-4.625727,noise,none,0.000000,-19,685.723810,818.466328,3.610000,814.856328
1732,-6.509222,-6.231135,-8.231135,-4.231135,noise,none,0.000000,-19,685.723810,809.399037,3.610000,805.789037
1733,-5.252637,-5.569668,-7.569668,-3.569668,informed,none,0.000000,-19,685.723810,785.523909,3.610000,781.913909
1734,-6.817702,-8.240332,-10.240332,-6.240332,noise,sell_to_mm,-10.240332,-18,695.964142,818.682771,3.240000,815.442771
1735,-7.163798,-8.671382,-10.671382,-6.671382,informed,none,0.000000,-18,695.964142,824.912515,3.240000,821.672515
1736,-8.168720,-9.135661,-11.135661,-7.135661,informed,none,0.000000,-18,695.964142,843.001105,3.240000,839.761105
1737,-9.711259,-10.567472,-12.567472,-8.567472,informed,none,0.000000,-18,695.964142,870.766803,3.240000,867.526803
1738,-10.595997,-11.294868,-13.294868,-9.294868,noise,sell_to_mm,-13.294868,-17,709.259010,889.390965,2.890000,886.500965
1739,-9.155055,-9.662276,-11.662276,-7.662276,informed,none,0.000000,-17,709.259010,864.894951,2.890000,862.004951
1740,-8.843181,-8.962692,-10.962692,-6.962692,informed,none,0.000000,-17,709.259010,859.593094,2.890000,856.703094
1741,-8.065871,-6.162397,-8.162397,-4.162397,noise,none,0.000000,-17,709.259010,846.378823,2.890000,843.488823
1742,-6.577883,-6.771484,-8.771484,-4.771484,noise,buy_from_mm,-4.771484,-18,704.487526,822.889427,3.240000,819.649427
1743,-7.207703,-4.435156,-6.435156,-2.435156,informed,sell_to_mm,-6.435156,-17,710.922682,833.453638,2.890000,830.563638
1744,-6.116660,-4.501793,-6.501793,-2.501793,informed,none,0.000000,-17,710.922682,814.905900,2.890000,812.015900
1745,-5.819379,-5.575434,-7.575434,-3.575434,noise,none,0.000000,-17,710.922682,809.852128,2.890000,806.962128
1746,-5.647846,-5.495697,-7.495697,-3.495697,noise,none,0.000000,-17,710.922682,806.936062,2.890000,804.046062
1747,-6.306865,-5.296097,-7.296097,-3.296097,noise,none,0.000000,-17,710.922682,818.139381,2.890000,815.249381
1748,-7.096415,-6.701583,-8.701583,-4.701583,informed,none,0.000000,-17,710.922682,831.561731,2.890000,828.671731
1749,-7.157757,-5.903321,-7.903321,-3.903321,informed,none,0.000000,-17,710.922682,832.604552,2.890000,829.714552
1750,-6.808810,-6.716782,-8.716782,-4.716782,noise,none,0.000000,-17,710.922682,826.672458,2.890000,823.782458
1751,-7.361589,-8.075859,-10.075859,-6.075859,noise,none,0.000000,-17,710.922682,836.069694,2.890000,833.179694
1752,-6.199990,-5.882818,-7.882818,-3.882818,informed,none,0.000000,-17,710.922682,816.322520,2.890000,813.432520
1753,-6.052694,-6.089710,-8.089710,-4.089710,noise,none,0.000000,-17,710.922682,813.818478,2.890000,810.928478
1754,-6.659805,-6.120002,-8.120002,-4.120002,noise,buy_from_mm,-4.120002,-18,706.802681,826.679166,3.240000,823.439166
1755,-7.082736,-6.718597,-8.718597,-4.718597,informed,none,0.000000,-18,706.802681,834.291933,3.240000,831.051933
1756,-5.382867,-5.339510,-7.339510,-3.339510,noise,none,0.000000,-18,706.802681,803.694293,3.240000,800.454293
1757,-4.552226,-4.511502,-6.511502,-2.511502,noise,buy_from_mm,-2.511502,-19,704.291178,790.783466,3.610000,787.173466
1758,-3.486091,-2.315118,-4.315118,-0.315118,informed,none,0.000000,-19,704.291178,770.526917,3.610000,766.916917
1759,-4.259243,-5.152680,-7.152680,-3.152680,informed,none,0.000000,-19,704.291178,785.216793,3.610000,781.606793
1760,-3.863435,-4.312978,-6.312978,-2.312978,noise,none,0.000000,-19,704.291178,777.696441,3.610000,774.086441
1761,-3.806827,-2.484658,-4.484658,-0.484658,informed,none,0.000000,-19,704.291178,776.620885,3.610000,773.010885
1762,-3.957793,-3.551267,-5.551267,-1.551267,noise,none,0.000000,-19,704.291178,779.489253,3.610000,775.879253
1763,-4.587343,-3.909463,-5.909463,-1.909463,informed,none,0.000000,-19,704.291178,791.450691,3.610000,787.840691
1764,-2.968122,-4.316359,-6.316359,-2.316359,noise,none,0.000000,-19,704.291178,760.685503,3.610000,757.075503
1765,-2.710617,-2.971166,-4.971166,-0.971166,noise,sell_to_mm,-4.971166,-18,709.262345,758.053442,3.240000,754.813442
1766,-2.382648,-0.381412,-2.381412,1.618588,noise,none,0.000000,-18,709.262345,752.150014,3.240000,748.910014
1767,-0.528856,-0.338379,-2.338379,1.661621,informed,none,0.000000,-18,709.262345,718.781745,3.240000,715.541745
1768,-0.265120,0.665580,-1.334420,2.665580,informed,none,0.000000,-18,709.262345,714.034500,3.240000,710.794500
1769,0.756858,1.880371,-0.119629,3.880371,noise,buy_from_mm,3.880371,-19,713.142715,698.762408,3.610000,695.152408
1770,0.461544,-0.223201,-2.223201,1.776799,noise,none,0.000000,-19,713.142715,704.373382,3.610000,700.763382
1771,1.338725,3.127478,1.127478,5.127478,informed,none,0.000000,-19,713.142715,687.706944,3.610000,684.096944
1772,2.314558,1.496064,-0.503936,3.496064,informed,none,0.000000,-19,713.142715,669.166113,3.610000,665.556113
1773,1.885697,3.281039,1.281039,5.281039,informed,none,0.000000,-19,713.142715,677.314479,3.610000,673.704479
1774,0.491155,-0.648359,-2.648359,1.351641,informed,none,0.000000,-19,713.142715,703.810768,3.610000,700.200768
1775,-0.222276,0.235901,-1.764099,2.235901,noise,none,0.000000,-19,713.142715,717.365963,3.610000,713.755963
1776,-1.475905,-0.823832,-2.823832,1.176168,noise,none,0.000000,-19,713.142715,741.184915,3.610000,737.574915
1777,-3.256885,-2.723979,-4.723979,-0.723979,informed,none,0.000000,-19,713.142715,775.023538,3.610000,771.413538
1778,-5.393754,-6.332634,-8.332634,-4.332634,noise,buy_from_mm,-4.332634,-20,708.810082,816.685158,4.000000,812.685158
1779,-6.162108,-6.578868,-8.578868,-4.578868,informed,none,0.000000,-20,708.810082,832.052241,4.000000,828.052241
1780,-5.229990,-3.627468,-5.627468,-1.627468,noise,sell_to_mm,-5.627468,-19,714.437549,813.807363,3.610000,810.197363
1781,-6.092639,-6.572130,-8.572130,-4.572130,noise,none,0.000000,-19,714.437549,830.197687,3.610000,826.587687
1782,-6.297370,-7.103293,-9.103293,-5.103293,informed,none,0.000000,-19,714.437549,834.087578,3.610000,830.477578
1783,-5.337702,-6.868220,-8.868220,-4.868220,noise,none,0.000000,-19,714.437549,815.853887,3.610000,812.243887
1784,-3.961985,-4.547155,-6.547155,-2.547155,noise,none,0.000000,-19,714.437549,789.715262,3.610000,786.105262
1785,-2.636838,-1.756257,-3.756257,0.243743,noise,none,0.000000,-19,714.437549,764.537475,3.610000,760.927475
1786,-4.608010,-5.721787,-7.721787,-3.721787,informed,none,0.000000,-19,714.437549,801.989747,3.610000,798.379747
1787,-4.573559,-5.551214,-7.551214,-3.551214,noise,none,0.000000,-19,714.437549,801.335178,3.610000,797.725178
1788,-4.312860,-4.230299,-6.230299,-2.230299,informed,none,0.000000,-19,714.437549,796.381893,3.610000,792.771893
1789,-3.595825,-5.289565,-7.289565,-3.289565,noise,none,0.000000,-19,714.437549,782.758224,3.610000,779.148224
1790,-5.239467,-6.500137,-8.500137,-4.500137,informed,none,0.000000,-19,714.437549,813.987420,3.610000,810.377420
1791,-5.129859,-5.914956,-7.914956,-3.914956,informed,none,0.000000,-19,714.437549,811.904878,3.610000,808.294878
1792,-5.555523,-5.824679,-7.824679,-3.824679,noise,none,0.000000,-19,714.437549,819.992483,3.610000,816.382483
1793,-6.147041,-6.634647,-8.634647,-4.634647,noise,sell_to_mm,-8.634647,-18,723.072196,833.718931,3.240000,830.478931
1794,-5.205866,-5.706054,-7.706054,-3.706054,noise,none,0.000000,-18,723.072196,816.777782,3.240000,813.537782
1795,-5.358721,-6.091954,-8.091954,-4.091954,informed,none,0.000000,-18,723.072196,819.529178,3.240000,816.289178
1796,-5.682587,-7.597938,-9.597938,-5.597938,noise,none,0.000000,-18,723.072196,825.358758,3.240000,822.118758
1797,-5.860787,-6.529989,-8.529989,-4.529989,noise,sell_to_mm,-8.529989,-17,731.602185,831.235566,2.890000,828.345566
1798,-6.177014,-4.882589,-6.882589,-2.882589,noise,none,0.000000,-17,731.602185,836.611423,2.890000,833.721423
1799,-7.411466,-7.490356,-9.490356,-5.490356,noise,none,0.000000,-17,731.602185,857.597099,2.890000,854.707099
1800,-8.160222,-8.184823,-10.184823,-6.184823,informed,none,0.000000,-17,731.602185,870.325964,2.890000,867.435964
1801,-7.549434,-7.509802,-9.509802,-5.509802,informed,none,0.000000,-17,731.602185,859.942560,2.890000,857.052560
1802,-7.251902,-6.746312,-8.746312,-4.746312,informed,none,0.000000,-17,731.602185,854.884518,2.890000,851.994518
1803,-8.331071,-7.013194,-9.013194,-5.013194,noise,none,0.000000,-17,731.602185,873.230401,2.890000,870.340401
1804,-8.169740,-8.493821,-10.493821,-6.493821,noise,none,0.000000,-17,731.602185,870.487770,2.890000,867.597770
1805,-8.851173,-8.326544,-10.326544,-6.326544,informed,none,0.000000,-17,731.602185,882.072122,2.890000,879.182122
1806,-7.618527,-7.427743,-9.427743,-5.427743,noise,none,0.000000,-17,731.602185,861.117141,2.890000,858.227141
1807,-7.676855,-5.558554,-7.558554,-3.558554,noise,none,0.000000,-17,731.602185,862.108723,2.890000,859.218723
1808,-6.778956,-7.329579,-9.329579,-5.329579,informed,none,0.000000,-17,731.602185,846.844437,2.890000,843.954437
1809,-6.685088,-6.694240,-8.694240,-4.694240,noise,none,0.000000,-17,731.602185,845.248686,2.890000,842.358686
1810,-7.538475,-6.315371,-8.315371,-4.315371,informed,none,0.000000,-17,731.602185,859.756252,2.890000,856.866252
1811,-7.049155,-9.065884,-11.065884,-7.065884,informed,buy_from_mm,-7.065884,-18,724.536301,851.421097,3.240000,848.181097
1812,-6.287726,-5.363535,-7.363535,-3.363535,noise,none,0.000000,-18,724.536301,837.715370,3.240000,834.475370
1813,-6.628755,-6.651086,-8.651086,-4.651086,informed,none,0.000000,-18,724.536301,843.853895,3.240000,840.613895
1814,-6.505436,-7.466167,-9.466167,-5.466167,informed,none,0.000000,-18,724.536301,841.634145,3.240000,838.394145
1815,-7.130924,-6.496678,-8.496678,-4.496678,noise,none,0.000000,-18,724.536301,852.892928,3.240000,849.652928
1816,-9.144823,-9.759945,-11.759945,-7.759945,noise,none,0.000000,-18,724.536301,889.143110,3.240000,885.903110
1817,-10.301519,-9.831013,-11.831013,-7.831013,informed,none,0.000000,-18,724.536301,909.963642,3.240000,906.723642
1818,-8.784990,-8.672865,-10.672865,-6.672865,noise,none,0.000000,-18,724.536301,882.666122,3.240000,879.426122
1819,-8.169291,-7.246412,-9.246412,-5.246412,informed,none,0.000000,-18,724.536301,871.583534,3.240000,868.343534
1820,-8.701111,-7.452572,-9.452572,-5.452572,informed,none,0.000000,-18,724.536301,881.156292,3.240000,877.916292
1821,-8.516720,-9.691848,-11.691848,-7.691848,informed,none,0.000000,-18,724.536301,877.837264,3.240000,874.597264
1822,-6.775874,-5.549286,-7.549286,-3.549286,noise,buy_from_mm,-3.549286,-19,720.987015,849.728616,3.610000,846.118616
1823,-8.103692,-7.214215,-9.214215,-5.214215,noise,none,0.000000,-19,720.987015,874.957166,3.610000,871.347166
1824,-7.533734,-8.351694,-10.351694,-6.351694,informed,none,0.000000,-19,720.987015,864.127968,3.610000,860.517968
1825,-8.495086,-6.054378,-8.054378,-4.054378,noise,sell_to_mm,-8.054378,-18,729.041393,881.952934,3.240000,878.712934
1826,-8.401884,-9.473816,-11.473816,-7.473816,informed,none,0.000000,-18,729.041393,880.275300,3.240000,877.035300
1827,-10.236596,-9.410305,-11.410305,-7.410305,noise,buy_from_mm,-7.410305,-19,721.631088,916.126409,3.610000,912.516409
1828,-11.117136,-11.417589,-13.417589,-9.417589,noise,none,0.000000,-19,721.631088,932.856677,3.610000,929.246677
1829,-11.622741,-12.243399,-14.243399,-10.243399,noise,buy_from_mm,-10.243399,-20,711.387689,943.842510,4.000000,939.842510
1830,-12.549667,-13.388640,-15.388640,-11.388640,informed,none,0.000000,-20,711.387689,962.381030,4.000000,958.381030
1831,-12.346239,-12.187487,-14.187487,-10.187487,noise,none,0.000000,-20,711.387689,958.312471,4.000000,954.312471
1832,-11.970006,-13.030940,-15.030940,-11.030940,noise,none,0.000000,-20,711.387689,950.787800,4.000000,946.787800
1833,-12.222551,-11.217666,-13.217666,-9.217666,informed,none,0.000000,-20,711.387689,955.838708,4.000000,951.838708
1834,-12.483181,-14.054060,-16.054060,-12.054060,informed,none,0.000000,-20,711.387689,961.051313,4.000000,957.051313
1835,-11.462172,-11.623568,-13.623568,-9.623568,noise,none,0.000000,-20,711.387689,940.631135,4.000000,936.631135
1836,-10.563573,-11.379862,-13.379862,-9.379862,noise,none,0.000000,-20,711.387689,922.659146,4.000000,918.659146
1837,-11.567909,-11.028469,-13.028469,-9.028469,informed,none,0.000000,-20,711.387689,942.745867,4.000000,938.745867
1838,-13.925346,-14.578041,-16.578041,-12.578041,noise,none,0.000000,-20,711.387689,989.894600,4.000000,985.894600
1839,-13.608216,-13.215260,-15.215260,-11.215260,noise,none,0.000000,-20,711.387689,983.552013,4.000000,979.552013
1840,-13.451530,-12.785728,-14.785728,-10.785728,noise,none,0.000000,-20,711.387689,980.418281,4.000000,976.418281
1841,-13.722149,-15.200783,-17.200783,-13.200783,informed,none,0.000000,-20,711.387689,985.830669,4.000000,981.830669
1842,-13.946545,-15.913123,-17.913123,-13.913123,informed,none,0.000000,-20,711.387689,990.318597,4.000000,986.318597
1843,-14.345935,-14.895268,-16.895268,-12.895268,noise,none,0.000000,-20,711.387689,998.306394,4.000000,994.306394
1844,-14.541856,-15.092722,-17.092722,-13.092722,informed,none,0.000000,-20,711.387689,1002.224806,4.000000,998.224806
1845,-13.232083,-12.951023,-14.951023,-10.951023,noise,none,0.000000,-20,711.387689,976.029350,4.000000,972.029350
1846,-14.755757,-14.721698,-16.721698,-12.721698,noise,buy_from_mm,-12.721698,-21,698.665991,1008.536897,4.410000,1004.126897
1847,-14.480861,-15.149881,-17.149881,-13.149881,informed,none,0.000000,-21,698.665991,1002.764078,4.410000,998.354078
1848,-14.539456,-14.162614,-16.162614,-12.162614,informed,none,0.000000,-21,698.665991,1003.994573,4.410000,999.584573
1849,-15.722468,-13.590691,-15.590691,-11.590691,informed,sell_to_mm,-15.590691,-20,714.256682,1028.706035,4.000000,1024.706035
1850,-16.827307,-17.655263,-19.655263,-15.655263,noise,none,0.000000,-20,714.256682,1050.802827,4.000000,1046.802827
1851,-15.620761,-15.290985,-17.290985,-13.290985,noise,none,0.000000,-20,714.256682,1026.671894,4.000000,1022.671894
1852,-14.906507,-15.522947,-17.522947,-13.522947,noise,none,0.000000,-20,714.256682,1012.386813,4.000000,1008.386813
1853,-16.660409,-14.915643,-16.915643,-12.915643,noise,none,0.000000,-20,714.256682,1047.464868,4.000000,1043.464868
1854,-16.915915,-16.413377,-18.413377,-14.413377,noise,none,0.000000,-20,714.256682,1052.574990,4.000000,1048.574990
1855,-15.648654,-14.972286,-16.972286,-12.972286,informed,none,0.000000,-20,714.256682,1027.229763,4.000000,1023.229763
1856,-15.819293,-16.317296,-18.317296,-14.317296,noise,none,0.000000,-20,714.256682,1030.642546,4.000000,1026.642546
1857,-16.327268,-17.875452,-19.875452,-15.875452,noise,none,0.000000,-20,714.256682,1040.802051,4.000000,1036.802051
1858,-14.503099,-14.677545,-16.677545,-12.677545,informed,none,0.000000,-20,714.256682,1004.318653,4.000000,1000.318653
1859,-16.067391,-13.616599,-15.616599,-11.616599,noise,none,0.000000,-20,714.256682,1035.604504,4.000000,1031.604504
1860,-15.440906,-15.048372,-17.048372,-13.048372,noise,sell_to_mm,-17.048372,-19,731.305054,1024.682270,3.610000,1021.072270
1861,-15.448971,-15.714037,-17.714037,-13.714037,noise,none,0.000000,-19,731.305054,1024.835509,3.610000,1021.225509
1862,-14.331519,-14.987872,-16.987872,-12.987872,noise,none,0.000000,-19,731.305054,1003.603922,3.610000,999.993922
1863,-14.670473,-14.329422,-16.329422,-12.329422,noise,sell_to_mm,-16.329422,-18,747.634475,1011.702982,3.240000,1008.462982
1864,-13.718834,-14.450115,-16.450115,-12.450115,noise,none,0.000000,-18,747.634475,994.573494,3.240000,991.333494
1865,-12.149664,-11.143730,-13.143730,-9.143730,informed,none,0.000000,-18,747.634475,966.328422,3.240000,963.088422
1866,-12.305179,-12.116517,-14.116517,-10.116517,informed,none,0.000000,-18,747.634475,969.127692,3.240000,965.887692
1867,-14.001351,-15.864611,-17.864611,-13.864611,informed,none,0.000000,-18,747.634475,999.658797,3.240000,996.418797
1868,-14.713229,-14.114863,-16.114863,-12.114863,noise,none,0.000000,-18,747.634475,1012.472599,3.240000,1009.232599
1869,-15.745047,-15.221221,-17.221221,-13.221221,noise,buy_from_mm,-13.221221,-19,734.413254,1033.569150,3.610000,1029.959150
1870,-15.168970,-14.624293,-16.624293,-12.624293,informed,none,0.000000,-19,734.413254,1022.623691,3.610000,1019.013691
1871,-14.251513,-15.784279,-17.784279,-13.784279,noise,none,0.000000,-19,734.413254,1005.191995,3.610000,1001.581995
1872,-14.804910,-14.785103,-16.785103,-12.785103,informed,none,0.000000,-19,734.413254,1015.706544,3.610000,1012.096544
1873,-16.271114,-16.053663,-18.053663,-14.053663,noise,none,0.000000,-19,734.413254,1043.564427,3.610000,1039.954427
1874,-16.262474,-16.690676,-18.690676,-14.690676,informed,none,0.000000,-19,734.413254,1043.400268,3.610000,1039.790268
1875,-16.917773,-20.422239,-22.422239,-18.422239,informed,buy_from_mm,-18.422239,-20,715.991015,1054.346479,4.000000,1050.346479
1876,-16.285947,-15.234025,-17.234025,-13.234025,noise,none,0.000000,-20,715.991015,1041.709953,4.000000,1037.709953
1877,-16.817544,-16.309735,-18.309735,-14.309735,noise,none,0.000000,-20,715.991015,1052.341889,4.000000,1048.341889
1878,-17.338057,-16.923280,-18.923280,-14.923280,noise,sell_to_mm,-18.923280,-19,734.914295,1064.337385,3.610000,1060.727385
1879,-17.078357,-17.771841,-19.771841,-15.771841,informed,none,0.000000,-19,734.914295,1059.403085,3.610000,1055.793085
1880,-16.947949,-15.097315,-17.097315,-13.097315,informed,none,0.000000,-19,734.914295,1056.925329,3.610000,1053.315329
1881,-16.890843,-16.153955,-18.153955,-14.153955,noise,buy_from_mm,-14.153955,-20,720.760340,1058.577205,4.000000,1054.577205
1882,-17.361400,-14.478611,-16.478611,-12.478611,informed,sell_to_mm,-16.478611,-19,737.238951,1067.105551,3.610000,1063.495551
1883,-17.970490,-18.702684,-20.702684,-16.702684,noise,none,0.000000,-19,737.238951,1078.678258,3.610000,1075.068258
1884,-18.831316,-19.588421,-21.588421,-17.588421,noise,none,0.000000,-19,737.238951,1095.033962,3.610000,1091.423962
1885,-19.081572,-18.892528,-20.892528,-16.892528,informed,none,0.000000,-19,737.238951,1099.788825,3.610000,1096.178825
1886,-18.042520,-17.598883,-19.598883,-15.598883,noise,none,0.000000,-19,737.238951,1080.046837,3.610000,1076.436837
1887,-16.535791,-16.062352,-18.062352,-14.062352,informed,none,0.000000,-19,737.238951,1051.418983,3.610000,1047.808983
1888,-15.227347,-16.248129,-18.248129,-14.248129,informed,none,0.000000,-19,737.238951,1026.558549,3.610000,1022.948549
1889,-14.487302,-16.470211,-18.470211,-14.470211,noise,none,0.000000,-19,737.238951,1012.497695,3.610000,1008.887695
1890,-12.989820,-11.726831,-13.726831,-9.726831,noise,buy_from_mm,-9.726831,-20,727.512120,987.308510,4.000000,983.308510
1891,-11.620227,-10.783569,-12.783569,-8.783569,noise,none,0.000000,-20,727.512120,959.916653,4.000000,955.916653
1892,-9.737320,-10.435757,-12.435757,-8.435757,noise,buy_from_mm,-8.435757,-21,719.076362,923.560092,4.410000,919.150092
1893,-8.401108,-7.488133,-9.488133,-5.488133,informed,none,0.000000,-21,719.076362,895.499638,4.410000,891.089638
1894,-7.880980,-7.828569,-9.828569,-5.828569,noise,sell_to_mm,-9.828569,-20,728.904932,886.524529,4.000000,882.524529
1895,-6.785091,-5.766269,-7.766269,-3.766269,informed,none,0.000000,-20,728.904932,864.606756,4.000000,860.606756
1896,-4.944744,-5.018968,-7.018968,-3.018968,noise,sell_to_mm,-7.018968,-19,735.923899,829.874037,3.610000,826.264037
1897,-6.134175,-6.039615,-8.039615,-4.039615,noise,sell_to_mm,-8.039615,-18,743.963515,854.378657,3.240000,851.138657
1898,-8.460445,-6.405231,-8.405231,-4.405231,noise,none,0.000000,-18,743.963515,896.251522,3.240000,893.011522
1899,-9.415832,-8.914874,-10.914874,-6.914874,informed,none,0.000000,-18,743.963515,913.448489,3.240000,910.208489
1900,-10.220821,-11.122596,-13.122596,-9.122596,noise,sell_to_mm,-13.122596,-17,757.086111,930.840067,2.890000,927.950067
1901,-9.390214,-9.585174,-11.585174,-7.585174,informed,none,0.000000,-17,757.086111,916.719749,2.890000,913.829749
1902,-10.442828,-11.660052,-13.660052,-9.660052,informed,none,0.000000,-17,757.086111,934.614180,2.890000,931.724180
1903,-10.839599,-11.245375,-13.245375,-9.245375,noise,none,0.000000,-17,757.086111,941.359293,2.890000,938.469293
1904,-11.341802,-11.643006,-13.643006,-9.643006,informed,none,0.000000,-17,757.086111,949.896741,2.890000,947.006741
1905,-11.879724,-11.041983,-13.041983,-9.041983,noise,none,0.000000,-17,757.086111,959.041411,2.890000,956.151411
1906,-10.506949,-9.868536,-11.868536,-7.868536,noise,none,0.000000,-17,757.086111,935.704249,2.890000,932.814249
1907,-13.347026,-13.649223,-15.649223,-11.649223,informed,none,0.000000,-17,757.086111,983.985556,2.890000,981.095556
1908,-12.903255,-13.121000,-15.121000,-11.121000,informed,none,0.000000,-17,757.086111,976.441449,2.890000,973.551449
1909,-15.078170,-14.175464,-16.175464,-12.175464,informed,none,0.000000,-17,757.086111,1013.415001,2.890000,1010.525001
1910,-14.868126,-16.752676,-18.752676,-14.752676,informed,none,0.000000,-17,757.086111,1009.844258,2.890000,1006.954258
1911,-14.784724,-14.483191,-16.483191,-12.483191,noise,sell_to_mm,-16.483191,-16,773.569302,1010.124890,2.560000,1007.564890
1912,-15.114072,-15.609226,-17.609226,-13.609226,informed,none,0.000000,-16,773.569302,1015.394446,2.560000,1012.834446
1913,-14.954728,-14.060040,-16.060040,-12.060040,informed,none,0.000000,-16,773.569302,1012.844957,2.560000,1010.284957
1914,-14.070615,-13.593626,-15.593626,-11.593626,noise,none,0.000000,-16,773.569302,998.699142,2.560000,996.139142
1915,-14.363473,-15.476301,-17.476301,-13.476301,noise,none,0.000000,-16,773.569302,1003.384863,2.560000,1000.824863
1916,-15.946968,-16.771027,-18.771027,-14.771027,noise,sell_to_mm,-18.771027,-15,792.340328,1031.544851,2.250000,1029.294851
1917,-16.596290,-16.132748,-18.132748,-14.132748,informed,none,0.000000,-15,792.340328,1041.284676,2.250000,1039.034676
1918,-19.202468,-20.487186,-22.487186,-18.487186,noise,none,0.000000,-15,792.340328,1080.377351,2.250000,1078.127351
1919,-16.240914,-16.728739,-18.728739,-14.728739,noise,buy_from_mm,-14.728739,-16,777.611589,1037.466213,2.560000,1034.906213
1920,-15.143751,-17.002564,-19.002564,-15.002564,informed,none,0.000000,-16,777.611589,1019.911606,2.560000,1017.351606
1921,-14.325309,-13.599424,-15.599424,-11.599424,noise,none,0.000000,-16,777.611589,1006.816540,2.560000,1004.256540
1922,-15.642706,-16.346401,-18.346401,-14.346401,noise,sell_to_mm,-18.346401,-15,795.957990,1030.598582,2.250000,1028.348582
1923,-16.088377,-16.423904,-18.423904,-14.423904,informed,none,0.000000,-15,795.957990,1037.283640,2.250000,1035.033640
1924,-15.972784,-17.653259,-19.653259,-15.653259,noise,buy_from_mm,-15.653259,-16,780.304731,1035.869270,2.560000,1033.309270
1925,-15.808096,-16.119647,-18.119647,-14.119647,noise,buy_from_mm,-14.119647,-17,766.185084,1034.922722,2.890000,1032.032722
1926,-16.364934,-15.640877,-17.640877,-13.640877,noise,none,0.000000,-17,766.185084,1044.388963,2.890000,1041.498963
1927,-16.086014,-18.168302,-20.168302,-16.168302,noise,none,0.000000,-17,766.185084,1039.647330,2.890000,1036.757330
1928,-17.571115,-17.823724,-19.823724,-15.823724,informed,none,0.000000,-17,766.185084,1064.894046,2.890000,1062.004046
1929,-16.335706,-15.602838,-17.602838,-13.602838,noise,none,0.000000,-17,766.185084,1043.892094,2.890000,1041.002094
1930,-15.286812,-13.979203,-15.979203,-11.979203,noise,none,0.000000,-17,766.185084,1026.060881,2.890000,1023.170881
1931,-14.226381,-16.000842,-18.000842,-14.000842,noise,buy_from_mm,-14.000842,-18,752.184242,1008.259104,3.240000,1005.019104
1932,-16.431972,-17.487652,-19.487652,-15.487652,noise,none,0.000000,-18,752.184242,1047.959736,3.240000,1044.719736
1933,-16.379376,-17.909985,-19.909985,-15.909985,noise,sell_to_mm,-19.909985,-17,772.094227,1050.543619,2.890000,1047.653619
1934,-17.617896,-17.390461,-19.390461,-15.390461,informed,none,0.000000,-17,772.094227,1071.598464,2.890000,1068.708464
1935,-18.219841,-16.990846,-18.990846,-14.990846,noise,none,0.000000,-17,772.094227,1081.831525,2.890000,1078.941525
1936,-17.860003,-16.808691,-18.808691,-14.808691,informed,none,0.000000,-17,772.094227,1075.714272,2.890000,1072.824272
1937,-17.572964,-16.640557,-18.640557,-14.640557,noise,buy_from_mm,-14.640557,-18,757.453670,1073.767029,3.240000,1070.527029
1938,-16.223473,-16.210873,-18.210873,-14.210873,noise,none,0.000000,-18,757.453670,1049.476192,3.240000,1046.236192
1939,-15.533123,-15.491878,-17.491878,-13.491878,noise,none,0.000000,-18,757.453670,1037.049891,3.240000,1033.809891
1940,-14.927187,-15.657349,-17.657349,-13.657349,informed,none,0.000000,-18,757.453670,1026.143028,3.240000,1022.903028
1941,-15.959443,-14.455217,-16.455217,-12.455217,noise,buy_from_mm,-12.455217,-19,744.998453,1048.227863,3.610000,1044.617863
1942,-15.042030,-16.110395,-18.110395,-14.110395,noise,sell_to_mm,-18.110395,-18,763.108848,1033.865396,3.240000,1030.625396
1943,-15.492530,-15.592210,-17.592210,-13.592210,noise,none,0.000000,-18,763.108848,1041.974383,3.240000,1038.734383
1944,-14.274026,-14.373086,-16.373086,-12.373086,informed,none,0.000000,-18,763.108848,1020.041317,3.240000,1016.801317
1945,-14.431391,-13.909020,-15.909020,-11.909020,informed,none,0.000000,-18,763.108848,1022.873887,3.240000,1019.633887
1946,-13.238281,-13.925534,-15.925534,-11.925534,informed,none,0.000000,-18,763.108848,1001.397907,3.240000,998.157907
1947,-13.600837,-11.919911,-13.919911,-9.919911,noise,none,0.000000,-18,763.108848,1007.923910,3.240000,1004.683910
1948,-12.837513,-11.836651,-13.836651,-9.836651,noise,buy_from_mm,-9.836651,-19,753.272197,997.184935,3.610000,993.574935
1949,-13.524488,-12.860844,-14.860844,-10.860844,informed,none,0.000000,-19,753.272197,1010.237466,3.610000,1006.627466
1950,-15.085123,-14.874011,-16.874011,-12.874011,noise,buy_from_mm,-12.874011,-20,740.398186,1042.100649,4.000000,1038.100649
1951,-15.596901,-15.828656,-17.828656,-13.828656,informed,none,0.000000,-20,740.398186,1052.336211,4.000000,1048.336211
1952,-16.206412,-15.252925,-17.252925,-13.252925,noise,none,0.000000,-20,740.398186,1064.526431,4.000000,1060.526431
1953,-13.642877,-13.898154,-15.898154,-11.898154,noise,none,0.000000,-20,740.398186,1013.255723,4.000000,1009.255723
1954,-12.616022,-12.816648,-14.816648,-10.816648,informed,none,0.000000,-20,740.398186,992.718620,4.000000,988.718620
1955,-11.992672,-11.627763,-13.627763,-9.627763,informed,none,0.000000,-20,740.398186,980.251621,4.000000,976.251621
1956,-10.263812,-9.326497,-11.326497,-7.326497,noise,buy_from_mm,-7.326497,-21,733.071689,948.611732,4.410000,944.201732
1957,-10.166338,-11.145108,-13.145108,-9.145108,informed,none,0.000000,-21,733.071689,946.564793,4.410000,942.154793
1958,-13.648187,-13.862624,-15.862624,-11.862624,informed,none,0.000000,-21,733.071689,1019.683622,4.410000,1015.273622
1959,-13.126469,-13.923191,-15.923191,-11.923191,informed,none,0.000000,-21,733.071689,1008.727537,4.410000,1004.317537
1960,-11.373860,-10.891254,-12.891254,-8.891254,noise,none,0.000000,-21,733.071689,971.922741,4.410000,967.512741
1961,-10.137006,-10.703603,-12.703603,-8.703603,noise,sell_to_mm,-12.703603,-20,745.775292,948.515420,4.000000,944.515420
1962,-10.029722,-9.300056,-11.300056,-7.300056,noise,none,0.000000,-20,745.775292,946.369737,4.000000,942.369737
1963,-10.934928,-11.254657,-13.254657,-9.254657,informed,none,0.000000,-20,745.775292,964.473854,4.000000,960.473854
1964,-11.968374,-12.056907,-14.056907,-10.056907,noise,none,0.000000,-20,745.775292,985.142770,4.000000,981.142770
1965,-12.633090,-12.149279,-14.149279,-10.149279,informed,none,0.000000,-20,745.775292,998.437094,4.000000,994.437094
1966,-12.264658,-12.840365,-14.840365,-10.840365,noise,none,0.000000,-20,745.775292,991.068454,4.000000,987.068454
1967,-11.154618,-11.967888,-13.967888,-9.967888,informed,none,0.000000,-20,745.775292,968.867648,4.000000,964.867648
1968,-10.123909,-10.461949,-12.461949,-8.461949,noise,sell_to_mm,-12.461949,-19,758.237241,950.591516,3.610000,946.981516
1969,-10.499682,-10.719490,-12.719490,-8.719490,informed,none,0.000000,-19,758.237241,957.731198,3.610000,954.121198
1970,-12.079394,-12.265080,-14.265080,-10.265080,noise,none,0.000000,-19,758.237241,987.745732,3.610000,984.135732
1971,-11.881086,-11.706985,-13.706985,-9.706985,informed,none,0.000000,-19,758.237241,983.977873,3.610000,980.367873
1972,-12.850462,-13.323909,-15.323909,-11.323909,informed,none,0.000000,-19,758.237241,1002.396017,3.610000,998.786017
1973,-12.141994,-12.139982,-14.139982,-10.139982,informed,none,0.000000,-19,758.237241,988.935125,3.610000,985.325125
1974,-11.684996,-12.735606,-14.735606,-10.735606,noise,none,0.000000,-19,758.237241,980.252164,3.610000,976.642164
1975,-12.203488,-12.154598,-14.154598,-10.154598,informed,none,0.000000,-19,758.237241,990.103518,3.610000,986.493518
1976,-11.926699,-12.329306,-14.329306,-10.329306,noise,none,0.000000,-19,758.237241,984.844513,3.610000,981.234513
1977,-11.015786,-11.594073,-13.594073,-9.594073,informed,none,0.000000,-19,758.237241,967.537182,3.610000,963.927182
1978,-10.795098,-11.214949,-13.214949,-9.214949,noise,buy_from_mm,-9.214949,-20,749.022291,964.924253,4.000000,960.924253
1979,-10.075853,-10.388612,-12.388612,-8.388612,informed,none,0.000000,-20,749.022291,950.539344,4.000000,946.539344
1980,-11.840574,-11.956172,-13.956172,-9.956172,noise,none,0.000000,-20,749.022291,985.833778,4.000000,981.833778
1981,-10.459173,-10.180349,-12.180349,-8.180349,noise,none,0.000000,-20,749.022291,958.205747,4.000000,954.205747
1982,-9.552029,-8.738811,-10.738811,-6.738811,noise,none,0.000000,-20,749.022291,940.062875,4.000000,936.062875
1983,-9.477784,-7.398850,-9.398850,-5.398850,noise,none,0.000000,-20,749.022291,938.577972,4.000000,934.577972
1984,-9.153747,-9.929700,-11.929700,-7.929700,noise,buy_from_mm,-7.929700,-21,741.092591,933.321274,4.410000,928.911274
1985,-9.174313,-7.141166,-9.141166,-5.141166,informed,sell_to_mm,-9.141166,-20,750.233757,933.720025,4.000000,929.720025
1986,-10.128974,-9.308207,-11.308207,-7.308207,noise,none,0.000000,-20,750.233757,952.813238,4.000000,948.813238
1987,-11.428900,-10.121906,-12.121906,-8.121906,noise,none,0.000000,-20,750.233757,978.811766,4.000000,974.811766
1988,-10.911108,-10.601761,-12.601761,-8.601761,informed,none,0.000000,-20,750.233757,968.455921,4.000000,964.455921
1989,-11.781478,-10.612374,-12.612374,-8.612374,informed,none,0.000000,-20,750.233757,985.863315,4.000000,981.863315
1990,-12.937003,-14.754136,-16.754136,-12.754136,informed,none,0.000000,-20,750.233757,1008.973815,4.000000,1004.973815
1991,-13.324334,-12.022306,-14.022306,-10.022306,noise,sell_to_mm,-14.022306,-19,764.256064,1017.418404,3.610000,1013.808404
1992,-15.381091,-15.864569,-17.864569,-13.864569,noise,buy_from_mm,-13.864569,-20,750.391495,1058.013311,4.000000,1054.013311
1993,-15.215459,-15.724439,-17.724439,-13.724439,noise,none,0.000000,-20,750.391495,1054.700679,4.000000,1050.700679
1994,-14.469129,-14.860817,-16.860817,-12.860817,noise,none,0.000000,-20,750.391495,1039.774073,4.000000,1035.774073
1995,-15.440738,-16.242815,-18.242815,-14.242815,informed,none,0.000000,-20,750.391495,1059.206248,4.000000,1055.206248
1996,-14.893823,-16.111618,-18.111618,-14.111618,informed,none,0.000000,-20,750.391495,1048.267961,4.000000,1044.267961
1997,-13.418337,-13.657813,-15.657813,-11.657813,noise,none,0.000000,-20,750.391495,1018.758235,4.000000,1014.758235
1998,-12.805520,-12.583170,-14.583170,-10.583170,noise,none,0.000000,-20,750.391495,1006.501889,4.000000,1002.501889
1999,-13.087840,-13.407648,-15.407648,-11.407648,noise,none,0.000000,-20,750.391495,1012.148288,4.000000,1008.148288
2000,-12.754214,-12.087815,-14.087815,-10.087815,noise,none,0.000000,-20,750.391495,1005.475781,4.000000,1001.475781
