t,true_value,signal,bid,ask,trader_type,trade_side,trade_price,inventory,cash,pnl_mark_to_true,inv_penalty,risk_adj_pnl
1,1.419757,1.353146,-0.646854,3.353146,informed,none,0.000000,0,0.000000,0.000000,0.000000,0.000000
2,0.999120,1.066595,-0.933405,3.066595,noise,sell_to_mm,-0.933405,1,0.933405,1.932525,0.010000,1.922525
3,1.679698,1.843360,-0.156640,3.843360,noise,sell_to_mm,-0.156640,2,1.090045,4.449440,0.040000,4.409440
4,2.333868,-0.796225,-2.796225,1.203775,informed,buy_from_mm,1.203775,1,2.293820,4.627688,0.010000,4.617688
5,1.359213,0.564709,-1.435291,2.564709,informed,none,0.000000,1,2.293820,3.653033,0.010000,3.643033
6,1.532188,1.673666,-0.326334,3.673666,noise,none,0.000000,1,2.293820,3.826008,0.010000,3.816008
7,2.984127,2.102615,0.102615,4.102615,informed,none,0.000000,1,2.293820,5.277947,0.010000,5.267947
8,3.745193,3.636012,1.636012,5.636012,informed,none,0.000000,1,2.293820,6.039013,0.010000,6.029013
9,2.619614,1.193229,-0.806771,3.193229,informed,none,0.000000,1,2.293820,4.913434,0.010000,4.903434
10,2.473382,1.591320,-0.408680,3.591320,noise,buy_from_mm,3.591320,0,5.885140,5.885140,0.000000,5.885140
11,1.918253,1.511444,-0.488556,3.511444,noise,none,0.000000,0,5.885140,5.885140,0.000000,5.885140
12,1.480850,2.683307,0.683307,4.683307,noise,none,0.000000,0,5.885140,5.885140,0.000000,5.885140
13,0.243343,2.093591,0.093591,4.093591,noise,sell_to_mm,0.093591,1,5.791548,6.034891,0.010000,6.024891
14,0.280559,0.893143,-1.106857,2.893143,informed,none,0.000000,1,5.791548,6.072107,0.010000,6.062107
15,0.632322,0.612847,-1.387153,2.612847,noise,buy_from_mm,2.612847,0,8.404396,8.404396,0.000000,8.404396
16,0.398772,0.585820,-1.414180,2.585820,noise,none,0.000000,0,8.404396,8.404396,0.000000,8.404396
17,2.837505,2.134021,0.134021,4.134021,noise,none,0.000000,0,8.404396,8.404396,0.000000,8.404396
18,1.846672,2.951723,0.951723,4.951723,noise,sell_to_mm,0.951723,1,7.452673,9.299345,0.010000,9.289345
19,3.388614,1.549694,-0.450306,3.549694,informed,none,0.000000,1,7.452673,10.841287,0.010000,10.831287
20,1.968982,1.874745,-0.125255,3.874745,noise,none,0.000000,1,7.452673,9.421655,0.010000,9.411655
21,3.797176,4.932847,2.932847,6.932847,noise,none,0.000000,1,7.452673,11.249849,0.010000,11.239849
22,2.686707,1.927561,-0.072439,3.927561,noise,buy_from_mm,3.927561,0,11.380234,11.380234,0.000000,11.380234
23,1.293496,0.984751,-1.015249,2.984751,noise,buy_from_mm,2.984751,-1,14.364985,13.071489,0.010000,13.061489
24,1.014220,-0.276598,-2.276598,1.723402,noise,sell_to_mm,-2.276598,0,16.641583,16.641583,0.000000,16.641583
25,-0.760896,-0.204261,-2.204261,1.795739,noise,none,0.000000,0,16.641583,16.641583,0.000000,16.641583
26,1.196610,1.221617,-0.778383,3.221617,informed,none,0.000000,0,16.641583,16.641583,0.000000,16.641583
27,2.584734,1.866736,-0.133264,3.866736,noise,none,0.000000,0,16.641583,16.641583,0.000000,16.641583
28,2.291628,2.820806,0.820806,4.820806,informed,none,0.000000,0,16.641583,16.641583,0.000000,16.641583
29,2.896659,2.637999,0.637999,4.637999,informed,none,0.000000,0,16.641583,16.641583,0.000000,16.641583
30,2.543374,2.900823,0.900823,4.900823,informed,none,0.000000,0,16.641583,16.641583,0.000000,16.641583
31,2.619318,2.147891,0.147891,4.147891,noise,sell_to_mm,0.147891,1,16.493692,19.113010,0.010000,19.103010
32,3.946297,2.335068,0.335068,4.335068,noise,none,0.000000,1,16.493692,20.439989,0.010000,20.429989
33,4.398792,5.394663,3.394663,7.394663,noise,none,0.000000,1,16.493692,20.892484,0.010000,20.882484
34,4.615693,5.032978,3.032978,7.032978,noise,none,0.000000,1,16.493692,21.109385,0.010000,21.099385
35,5.975698,7.830615,5.830615,9.830615,noise,none,0.000000,1,16.493692,22.469389,0.010000,22.459389
36,5.471150,7.318459,5.318459,9.318459,noise,none,0.000000,1,16.493692,21.964842,0.010000,21.954842
37,5.088525,5.761077,3.761077,7.761077,noise,sell_to_mm,3.761077,2,12.732615,22.909665,0.040000,22.869665
38,5.772947,6.964271,4.964271,8.964271,noise,buy_from_mm,8.964271,1,21.696885,27.469832,0.010000,27.459832
39,4.056264,3.622534,1.622534,5.622534,noise,none,0.000000,1,21.696885,25.753149,0.010000,25.743149
40,3.556980,3.421003,1.421003,5.421003,informed,none,0.000000,1,21.696885,25.253866,0.010000,25.243866
41,2.948292,1.851391,-0.148609,3.851391,informed,none,0.000000,1,21.696885,24.645177,0.010000,24.635177
42,3.420921,1.330780,-0.669220,3.330780,informed,buy_from_mm,3.330780,0,25.027666,25.027666,0.000000,25.027666
43,3.299590,2.545922,0.545922,4.545922,noise,none,0.000000,0,25.027666,25.027666,0.000000,25.027666
44,2.025121,1.325244,-0.674756,3.325244,informed,none,0.000000,0,25.027666,25.027666,0.000000,25.027666
45,1.223571,1.946149,-0.053851,3.946149,noise,none,0.000000,0,25.027666,25.027666,0.000000,25.027666
46,2.046656,1.974799,-0.025201,3.974799,noise,none,0.000000,0,25.027666,25.027666,0.000000,25.027666
47,1.913234,3.842533,1.842533,5.842533,noise,none,0.000000,0,25.027666,25.027666,0.000000,25.027666
48,3.552349,3.433662,1.433662,5.433662,noise,none,0.000000,0,25.027666,25.027666,0.000000,25.027666
49,3.013925,3.945239,1.945239,5.945239,noise,buy_from_mm,5.945239,-1,30.972905,27.958979,0.010000,27.948979
50,3.397799,2.683348,0.683348,4.683348,noise,buy_from_mm,4.683348,-2,35.656253,28.860655,0.040000,28.820655
51,3.341479,3.544221,1.544221,5.544221,noise,none,0.000000,-2,35.656253,28.973295,0.040000,28.933295
52,4.788227,4.367757,2.367757,6.367757,noise,none,0.000000,-2,35.656253,26.079799,0.040000,26.039799
53,6.978499,6.602235,4.602235,8.602235,noise,buy_from_mm,8.602235,-3,44.258488,23.322991,0.090000,23.232991
54,7.897352,5.393923,3.393923,7.393923,noise,sell_to_mm,3.393923,-2,40.864565,25.069861,0.040000,25.029861
55,9.118859,10.511366,8.511366,12.511366,noise,buy_from_mm,12.511366,-3,53.375931,26.019352,0.090000,25.929352
56,7.892978,6.500487,4.500487,8.500487,informed,none,0.000000,-3,53.375931,29.696997,0.090000,29.606997
57,8.500380,7.766263,5.766263,9.766263,noise,none,0.000000,-3,53.375931,27.874791,0.090000,27.784791
58,7.880702,7.287871,5.287871,9.287871,noise,none,0.000000,-3,53.375931,29.733824,0.090000,29.643824
59,6.595171,4.209327,2.209327,6.209327,noise,buy_from_mm,6.209327,-4,59.585257,33.204573,0.160000,33.044573
60,7.143671,6.059051,4.059051,8.059051,informed,none,0.000000,-4,59.585257,31.010573,0.160000,30.850573
61,5.081319,5.798868,3.798868,7.798868,informed,none,0.000000,-4,59.585257,39.259981,0.160000,39.099981
62,5.055506,4.834451,2.834451,6.834451,noise,none,0.000000,-4,59.585257,39.363233,0.160000,39.203233
63,4.726790,3.861961,1.861961,5.861961,noise,none,0.000000,-4,59.585257,40.678096,0.160000,40.518096
64,4.344439,2.237070,0.237070,4.237070,noise,none,0.000000,-4,59.585257,42.207503,0.160000,42.047503
65,6.297122,6.749611,4.749611,8.749611,informed,none,0.000000,-4,59.585257,34.396769,0.160000,34.236769
66,6.909008,8.477089,6.477089,10.477089,noise,none,0.000000,-4,59.585257,31.949225,0.160000,31.789225
67,7.288694,5.768822,3.768822,7.768822,informed,none,0.000000,-4,59.585257,30.430480,0.160000,30.270480
68,6.704433,7.141990,5.141990,9.141990,noise,none,0.000000,-4,59.585257,32.767524,0.160000,32.607524
69,6.669826,6.669936,4.669936,8.669936,noise,buy_from_mm,8.669936,-5,68.255194,34.906062,0.250000,34.656062
70,6.835075,7.567385,5.567385,9.567385,noise,none,0.000000,-5,68.255194,34.079820,0.250000,33.829820
71,8.099798,8.843729,6.843729,10.843729,informed,none,0.000000,-5,68.255194,27.756202,0.250000,27.506202
72,7.524676,5.780238,3.780238,7.780238,noise,none,0.000000,-5,68.255194,30.631816,0.250000,30.381816
73,6.140469,8.165279,6.165279,10.165279,informed,sell_to_mm,6.165279,-4,62.089914,37.528039,0.160000,37.368039
74,6.533584,6.415664,4.415664,8.415664,noise,buy_from_mm,8.415664,-5,70.505579,37.837660,0.250000,37.587660
75,6.569128,6.843640,4.843640,8.843640,informed,none,0.000000,-5,70.505579,37.659940,0.250000,37.409940
76,7.545002,6.083117,4.083117,8.083117,noise,buy_from_mm,8.083117,-6,78.588696,33.318682,0.360000,32.958682
77,6.559784,4.147737,2.147737,6.147737,informed,buy_from_mm,6.147737,-7,84.736434,38.817946,0.490000,38.327946
78,5.207513,5.977350,3.977350,7.977350,informed,none,0.000000,-7,84.736434,48.283842,0.490000,47.793842
79,5.610326,5.275351,3.275351,7.275351,noise,buy_from_mm,7.275351,-8,92.011784,47.129176,0.640000,46.489176
80,5.738973,6.829575,4.829575,8.829575,noise,none,0.000000,-8,92.011784,46.099998,0.640000,45.459998
81,5.803742,5.613334,3.613334,7.613334,noise,none,0.000000,-8,92.011784,45.581851,0.640000,44.941851
82,6.089803,5.283778,3.283778,7.283778,noise,sell_to_mm,3.283778,-7,88.728006,46.099383,0.490000,45.609383
83,5.733754,6.360623,4.360623,8.360623,noise,none,0.000000,-7,88.728006,48.591730,0.490000,48.101730
84,5.309103,4.919651,2.919651,6.919651,informed,none,0.000000,-7,88.728006,51.564285,0.490000,51.074285
85,6.684031,6.185530,4.185530,8.185530,informed,none,0.000000,-7,88.728006,41.939789,0.490000,41.449789
86,7.868920,8.098363,6.098363,10.098363,noise,sell_to_mm,6.098363,-6,82.629643,35.416125,0.360000,35.056125
87,6.408139,6.075390,4.075390,8.075390,noise,buy_from_mm,8.075390,-7,90.705032,45.848058,0.490000,45.358058
88,5.659681,5.219010,3.219010,7.219010,noise,none,0.000000,-7,90.705032,51.087266,0.490000,50.597266
89,5.544626,3.853247,1.853247,5.853247,noise,none,0.000000,-7,90.705032,51.892651,0.490000,51.402651
90,5.599175,6.900692,4.900692,8.900692,informed,none,0.000000,-7,90.705032,51.510805,0.490000,51.020805
91,6.381412,7.424334,5.424334,9.424334,noise,none,0.000000,-7,90.705032,46.035150,0.490000,45.545150
92,7.106549,6.454978,4.454978,8.454978,noise,none,0.000000,-7,90.705032,40.959189,0.490000,40.469189
93,7.022531,7.260801,5.260801,9.260801,noise,buy_from_mm,9.260801,-8,99.965833,43.785584,0.640000,43.145584
94,4.997063,4.350270,2.350270,6.350270,noise,none,0.000000,-8,99.965833,59.989330,0.640000,59.349330
95,3.968933,2.603710,0.603710,4.603710,informed,none,0.000000,-8,99.965833,68.214372,0.640000,67.574372
96,3.478534,2.422113,0.422113,4.422113,noise,none,0.000000,-8,99.965833,72.137561,0.640000,71.497561
97,3.886695,4.417326,2.417326,6.417326,informed,none,0.000000,-8,99.965833,68.872270,0.640000,68.232270
98,2.480305,2.522450,0.522450,4.522450,informed,none,0.000000,-8,99.965833,80.123396,0.640000,79.483396
99,2.076429,1.450178,-0.549822,3.450178,noise,none,0.000000,-8,99.965833,83.354404,0.640000,82.714404
100,2.235767,4.226824,2.226824,6.226824,noise,none,0.000000,-8,99.965833,82.079694,0.640000,81.439694
101,1.157526,1.571840,-0.428160,3.571840,informed,none,0.000000,-8,99.965833,90.705624,0.640000,90.065624
102,2.266330,2.070236,0.070236,4.070236,noise,none,0.000000,-8,99.965833,81.835189,0.640000,81.195189
103,1.952973,2.595304,0.595304,4.595304,informed,none,0.000000,-8,99.965833,84.342047,0.640000,83.702047
104,2.948390,2.703249,0.703249,4.703249,noise,sell_to_mm,0.703249,-7,99.262584,78.623851,0.490000,78.133851
105,3.249756,2.069517,0.069517,4.069517,noise,none,0.000000,-7,99.262584,76.514289,0.490000,76.024289
106,4.152551,5.435261,3.435261,7.435261,noise,buy_from_mm,7.435261,-8,106.697845,73.477435,0.640000,72.837435
107,2.500065,0.918655,-1.081345,2.918655,noise,none,0.000000,-8,106.697845,86.697327,0.640000,86.057327
108,2.547001,2.959122,0.959122,4.959122,noise,none,0.000000,-8,106.697845,86.321839,0.640000,85.681839
109,3.318798,4.501999,2.501999,6.501999,noise,buy_from_mm,6.501999,-9,113.199844,83.330659,0.810000,82.520659
110,3.737618,4.546656,2.546656,6.546656,noise,none,0.000000,-9,113.199844,79.561284,0.810000,78.751284
111,2.329455,3.158966,1.158966,5.158966,informed,none,0.000000,-9,113.199844,92.234746,0.810000,91.424746
112,3.300805,3.606043,1.606043,5.606043,noise,buy_from_mm,5.606043,-10,118.805886,85.797833,1.000000,84.797833
113,2.263377,2.791673,0.791673,4.791673,informed,none,0.000000,-10,118.805886,96.172114,1.000000,95.172114
114,1.048346,-0.618277,-2.618277,1.381723,noise,none,0.000000,-10,118.805886,108.322426,1.000000,107.322426
115,0.040616,-0.019892,-2.019892,1.980108,noise,none,0.000000,-10,118.805886,118.399723,1.000000,117.399723
116,1.694255,2.897340,0.897340,4.897340,noise,none,0.000000,-10,118.805886,101.863337,1.000000,100.863337
117,2.958817,3.465115,1.465115,5.465115,noise,buy_from_mm,5.465115,-11,124.271001,91.724014,1.210000,90.514014
118,1.923434,3.905223,1.905223,5.905223,noise,buy_from_mm,5.905223,-12,130.176224,107.095012,1.440000,105.655012
119,2.685170,2.410279,0.410279,4.410279,noise,none,0.000000,-12,130.176224,97.954182,1.440000,96.514182
120,2.225733,3.059595,1.059595,5.059595,informed,none,0.000000,-12,130.176224,103.467427,1.440000,102.027427
121,1.229664,0.723911,-1.276089,2.723911,noise,none,0.000000,-12,130.176224,115.420261,1.440000,113.980261
122,1.027177,0.838214,-1.161786,2.838214,informed,none,0.000000,-12,130.176224,117.850101,1.440000,116.410101
123,0.867606,0.654533,-1.345467,2.654533,informed,none,0.000000,-12,130.176224,119.764951,1.440000,118.324951
124,0.511924,0.004116,-1.995884,2.004116,noise,none,0.000000,-12,130.176224,124.033135,1.440000,122.593135
125,0.173556,0.100206,-1.899794,2.100206,informed,none,0.000000,-12,130.176224,128.093556,1.440000,126.653556
126,1.079844,0.050507,-1.949493,2.050507,noise,none,0.000000,-12,130.176224,117.218091,1.440000,115.778091
127,0.738066,1.773931,-0.226069,3.773931,noise,sell_to_mm,-0.226069,-11,130.402293,122.283568,1.210000,121.073568
128,1.091577,2.206844,0.206844,4.206844,noise,sell_to_mm,0.206844,-10,130.195448,119.279680,1.000000,118.279680
129,1.056602,2.013727,0.013727,4.013727,noise,none,0.000000,-10,130.195448,119.629428,1.000000,118.629428
130,0.496631,1.372849,-0.627151,3.372849,noise,none,0.000000,-10,130.195448,125.229135,1.000000,124.229135
131,-0.164573,-2.340153,-4.340153,-0.340153,noise,none,0.000000,-10,130.195448,131.841178,1.000000,130.841178
132,0.804652,-0.247712,-2.247712,1.752288,noise,none,0.000000,-10,130.195448,122.148930,1.000000,121.148930
133,-0.591156,-1.663991,-3.663991,0.336009,noise,none,0.000000,-10,130.195448,136.107011,1.000000,135.107011
134,0.327801,1.114977,-0.885023,3.114977,noise,none,0.000000,-10,130.195448,126.917441,1.000000,125.917441
135,-1.290794,-1.866747,-3.866747,0.133253,noise,none,0.000000,-10,130.195448,143.103391,1.000000,142.103391
136,-1.931115,-2.123139,-4.123139,-0.123139,noise,sell_to_mm,-4.123139,-9,134.318588,151.698627,0.810000,150.888627
137,-0.620374,0.841599,-1.158401,2.841599,informed,none,0.000000,-9,134.318588,139.901956,0.810000,139.091956
138,0.741862,-0.151428,-2.151428,1.848572,informed,none,0.000000,-9,134.318588,127.641828,0.810000,126.831828
139,1.250582,0.547776,-1.452224,2.547776,noise,none,0.000000,-9,134.318588,123.063347,0.810000,122.253347
140,2.378748,1.061036,-0.938964,3.061036,noise,none,0.000000,-9,134.318588,112.909855,0.810000,112.099855
141,4.392772,3.406319,1.406319,5.406319,informed,none,0.000000,-9,134.318588,94.783637,0.810000,93.973637
142,6.048779,6.105504,4.105504,8.105504,noise,none,0.000000,-9,134.318588,79.879581,0.810000,79.069581
143,6.351801,5.871421,3.871421,7.871421,noise,none,0.000000,-9,134.318588,77.152381,0.810000,76.342381
144,7.921863,7.639370,5.639370,9.639370,informed,none,0.000000,-9,134.318588,63.021817,0.810000,62.211817
145,7.222159,7.334874,5.334874,9.334874,informed,none,0.000000,-9,134.318588,69.319160,0.810000,68.509160
146,7.387022,7.310102,5.310102,9.310102,informed,none,0.000000,-9,134.318588,67.835392,0.810000,67.025392
147,7.625479,7.171646,5.171646,9.171646,noise,none,0.000000,-9,134.318588,65.689275,0.810000,64.879275
148,7.894234,9.031087,7.031087,11.031087,noise,none,0.000000,-9,134.318588,63.270481,0.810000,62.460481
149,6.897395,9.063474,7.063474,11.063474,noise,none,0.000000,-9,134.318588,72.242036,0.810000,71.432036
150,5.955637,6.438221,4.438221,8.438221,informed,none,0.000000,-9,134.318588,80.717855,0.810000,79.907855
151,5.495421,5.134119,3.134119,7.134119,noise,sell_to_mm,3.134119,-8,131.184468,87.221102,0.640000,86.581102
152,5.780272,7.600407,5.600407,9.600407,noise,buy_from_mm,9.600407,-9,140.784876,88.762430,0.810000,87.952430
153,4.279289,2.587232,0.587232,4.587232,informed,none,0.000000,-9,140.784876,102.271273,0.810000,101.461273
154,5.294733,6.330250,4.330250,8.330250,noise,none,0.000000,-9,140.784876,93.132276,0.810000,92.322276
155,5.675296,5.163880,3.163880,7.163880,informed,none,0.000000,-9,140.784876,89.707213,0.810000,88.897213
156,6.280006,8.071539,6.071539,10.071539,noise,buy_from_mm,10.071539,-10,150.856415,88.056354,1.000000,87.056354
157,4.621108,2.938237,0.938237,4.938237,informed,none,0.000000,-10,150.856415,104.645338,1.000000,103.645338
158,3.409022,3.908225,1.908225,5.908225,noise,none,0.000000,-10,150.856415,116.766195,1.000000,115.766195
159,3.756392,4.644911,2.644911,6.644911,informed,none,0.000000,-10,150.856415,113.292491,1.000000,112.292491
160,3.594687,4.849562,2.849562,6.849562,informed,none,0.000000,-10,150.856415,114.909546,1.000000,113.909546
161,2.967992,2.623025,0.623025,4.623025,informed,none,0.000000,-10,150.856415,121.176491,1.000000,120.176491
162,2.296809,3.491824,1.491824,5.491824,informed,none,0.000000,-10,150.856415,127.888325,1.000000,126.888325
163,2.966362,3.017115,1.017115,5.017115,noise,none,0.000000,-10,150.856415,121.192790,1.000000,120.192790
164,3.325055,3.669328,1.669328,5.669328,noise,none,0.000000,-10,150.856415,117.605861,1.000000,116.605861
165,4.367971,3.756788,1.756788,5.756788,noise,none,0.000000,-10,150.856415,107.176708,1.000000,106.176708
166,3.895688,2.849884,0.849884,4.849884,noise,buy_from_mm,4.849884,-11,155.706299,112.853728,1.210000,111.643728
167,3.598566,3.216872,1.216872,5.216872,noise,none,0.000000,-11,155.706299,116.122068,1.210000,114.912068
168,3.765476,2.359772,0.359772,4.359772,noise,none,0.000000,-11,155.706299,114.286066,1.210000,113.076066
169,4.363600,5.860906,3.860906,7.860906,informed,none,0.000000,-11,155.706299,107.706694,1.210000,106.496694
170,3.045335,1.948502,-0.051498,3.948502,noise,none,0.000000,-11,155.706299,122.207611,1.210000,120.997611
171,1.861386,2.773999,0.773999,4.773999,noise,none,0.000000,-11,155.706299,135.231049,1.210000,134.021049
172,1.611458,1.858177,-0.141823,3.858177,noise,none,0.000000,-11,155.706299,137.980263,1.210000,136.770263
173,2.593402,1.132483,-0.867517,3.132483,noise,none,0.000000,-11,155.706299,127.178875,1.210000,125.968875
174,2.854056,2.762710,0.762710,4.762710,informed,none,0.000000,-11,155.706299,124.311678,1.210000,123.101678
175,2.723678,4.001978,2.001978,6.001978,noise,none,0.000000,-11,155.706299,125.745836,1.210000,124.535836
176,1.326083,1.600368,-0.399632,3.600368,informed,none,0.000000,-11,155.706299,141.119390,1.210000,139.909390
177,1.449686,3.276185,1.276185,5.276185,noise,none,0.000000,-11,155.706299,139.759751,1.210000,138.549751
178,1.732013,1.284143,-0.715857,3.284143,noise,sell_to_mm,-0.715857,-10,156.422155,139.102025,1.000000,138.102025
179,1.858966,2.202214,0.202214,4.202214,noise,buy_from_mm,4.202214,-11,160.624369,140.175746,1.210000,138.965746
180,1.293815,0.214457,-1.785543,2.214457,noise,none,0.000000,-11,160.624369,146.392409,1.210000,145.182409
181,2.541523,3.002514,1.002514,5.002514,noise,none,0.000000,-11,160.624369,132.667611,1.210000,131.457611
182,3.270424,2.435995,0.435995,4.435995,informed,none,0.000000,-11,160.624369,124.649706,1.210000,123.439706
183,3.233021,0.674051,-1.325949,2.674051,noise,sell_to_mm,-1.325949,-10,161.950318,129.620112,1.000000,128.620112
184,2.527751,4.276855,2.276855,6.276855,noise,none,0.000000,-10,161.950318,136.672806,1.000000,135.672806
185,1.716346,2.077998,0.077998,4.077998,informed,none,0.000000,-10,161.950318,144.786859,1.000000,143.786859
186,2.147285,0.401937,-1.598063,2.401937,informed,none,0.000000,-10,161.950318,140.477465,1.000000,139.477465
187,0.800171,0.214857,-1.785143,2.214857,noise,none,0.000000,-10,161.950318,153.948609,1.000000,152.948609
188,0.134866,0.308387,-1.691613,2.308387,noise,none,0.000000,-10,161.950318,160.601658,1.000000,159.601658
189,-0.121251,1.338927,-0.661073,3.338927,noise,none,0.000000,-10,161.950318,163.162833,1.000000,162.162833
190,0.319154,1.340119,-0.659881,3.340119,informed,none,0.000000,-10,161.950318,158.758774,1.000000,157.758774
191,1.114717,0.587083,-1.412917,2.587083,informed,none,0.000000,-10,161.950318,150.803151,1.000000,149.803151
192,1.511719,1.605273,-0.394727,3.605273,informed,none,0.000000,-10,161.950318,146.833127,1.000000,145.833127
193,2.030107,1.928206,-0.071794,3.928206,informed,none,0.000000,-10,161.950318,141.649250,1.000000,140.649250
194,0.411961,0.105185,-1.894815,2.105185,noise,sell_to_mm,-1.894815,-9,163.845133,160.137481,0.810000,159.327481
195,3.532001,3.582929,1.582929,5.582929,noise,none,0.000000,-9,163.845133,132.057124,0.810000,131.247124
196,2.442923,2.482075,0.482075,4.482075,noise,none,0.000000,-9,163.845133,141.858822,0.810000,141.048822
197,1.710050,1.593365,-0.406635,3.593365,informed,none,0.000000,-9,163.845133,148.454680,0.810000,147.644680
198,1.633602,2.166114,0.166114,4.166114,noise,buy_from_mm,4.166114,-10,168.011247,151.675225,1.000000,150.675225
199,2.609905,2.385609,0.385609,4.385609,noise,none,0.000000,-10,168.011247,141.912197,1.000000,140.912197
200,3.394095,2.029493,0.029493,4.029493,noise,none,0.000000,-10,168.011247,134.070295,1.000000,133.070295
201,3.279011,2.382600,0.382600,4.382600,noise,none,0.000000,-10,168.011247,135.221140,1.000000,134.221140
202,2.898650,3.693452,1.693452,5.693452,noise,sell_to_mm,1.693452,-9,166.317795,140.229943,0.810000,139.419943
203,3.349646,2.513246,0.513246,4.513246,informed,none,0.000000,-9,166.317795,136.170985,0.810000,135.360985
204,4.204922,5.033481,3.033481,7.033481,noise,sell_to_mm,3.033481,-8,163.284314,129.644941,0.640000,129.004941
205,6.067858,5.321230,3.321230,7.321230,noise,none,0.000000,-8,163.284314,114.741449,0.640000,114.101449
206,7.107719,7.606187,5.606187,9.606187,noise,none,0.000000,-8,163.284314,106.422559,0.640000,105.782559
207,7.535903,5.891331,3.891331,7.891331,informed,none,0.000000,-8,163.284314,102.997091,0.640000,102.357091
208,7.728351,8.019694,6.019694,10.019694,informed,none,0.000000,-8,163.284314,101.457508,0.640000,100.817508
209,7.297979,6.482125,4.482125,8.482125,noise,none,0.000000,-8,163.284314,104.900484,0.640000,104.260484
210,7.258384,7.365091,5.365091,9.365091,noise,none,0.000000,-8,163.284314,105.217246,0.640000,104.577246
211,7.006385,6.425130,4.425130,8.425130,noise,none,0.000000,-8,163.284314,107.233234,0.640000,106.593234
212,8.583589,8.172670,6.172670,10.172670,noise,buy_from_mm,10.172670,-9,173.456984,96.204678,0.810000,95.394678
213,9.163329,10.951563,8.951563,12.951563,informed,none,0.000000,-9,173.456984,90.987020,0.810000,90.177020
214,9.932652,10.576127,8.576127,12.576127,noise,none,0.000000,-9,173.456984,84.063112,0.810000,83.253112
215,9.779174,10.289564,8.289564,12.289564,noise,none,0.000000,-9,173.456984,85.444419,0.810000,84.634419
216,7.617293,7.451117,5.451117,9.451117,noise,none,0.000000,-9,173.456984,104.901344,0.810000,104.091344
217,6.920376,6.096713,4.096713,8.096713,informed,none,0.000000,-9,173.456984,111.173602,0.810000,110.363602
218,6.866838,7.333120,5.333120,9.333120,informed,none,0.000000,-9,173.456984,111.655444,0.810000,110.845444
219,7.906242,9.570155,7.570155,11.570155,noise,none,0.000000,-9,173.456984,102.300808,0.810000,101.490808
220,7.828286,7.272394,5.272394,9.272394,informed,none,0.000000,-9,173.456984,103.002410,0.810000,102.192410
221,7.472319,8.169414,6.169414,10.169414,noise,none,0.000000,-9,173.456984,106.206114,0.810000,105.396114
222,8.809211,8.609400,6.609400,10.609400,noise,none,0.000000,-9,173.456984,94.174083,0.810000,93.364083
223,7.661627,6.619765,4.619765,8.619765,noise,none,0.000000,-9,173.456984,104.502345,0.810000,103.692345
224,8.493440,9.263782,7.263782,11.263782,informed,none,0.000000,-9,173.456984,97.016026,0.810000,96.206026
225,8.514210,7.216035,5.216035,9.216035,noise,none,0.000000,-9,173.456984,96.829096,0.810000,96.019096
226,8.402391,7.547421,5.547421,9.547421,noise,none,0.000000,-9,173.456984,97.835468,0.810000,97.025468
227,6.946548,5.160171,3.160171,7.160171,noise,none,0.000000,-9,173.456984,110.938051,0.810000,110.128051
228,7.065288,6.253105,4.253105,8.253105,noise,sell_to_mm,4.253105,-8,169.203879,112.681572,0.640000,112.041572
229,7.766078,7.633112,5.633112,9.633112,noise,none,0.000000,-8,169.203879,107.075258,0.640000,106.435258
230,7.358353,7.415135,5.415135,9.415135,informed,none,0.000000,-8,169.203879,110.337057,0.640000,109.697057
231,5.297256,6.772837,4.772837,8.772837,noise,none,0.000000,-8,169.203879,126.825828,0.640000,126.185828
232,5.819076,6.485410,4.485410,8.485410,noise,buy_from_mm,8.485410,-9,177.689289,125.317607,0.810000,124.507607
233,4.742879,5.382048,3.382048,7.382048,noise,none,0.000000,-9,177.689289,135.003378,0.810000,134.193378
234,4.407697,3.630649,1.630649,5.630649,noise,sell_to_mm,1.630649,-8,176.058640,140.797063,0.640000,140.157063
235,4.341351,3.588248,1.588248,5.588248,noise,none,0.000000,-8,176.058640,141.327835,0.640000,140.687835
236,3.852989,4.724560,2.724560,6.724560,noise,buy_from_mm,6.724560,-9,182.783200,148.106301,0.810000,147.296301
237,4.658814,5.189240,3.189240,7.189240,noise,sell_to_mm,3.189240,-8,179.593960,142.323449,0.640000,141.683449
238,4.747429,6.422442,4.422442,8.422442,noise,none,0.000000,-8,179.593960,141.614525,0.640000,140.974525
239,5.199303,5.201231,3.201231,7.201231,informed,none,0.000000,-8,179.593960,137.999534,0.640000,137.359534
240,4.914068,5.455000,3.455000,7.455000,noise,none,0.000000,-8,179.593960,140.281415,0.640000,139.641415
241,3.748423,4.255034,2.255034,6.255034,noise,none,0.000000,-8,179.593960,149.606574,0.640000,148.966574
242,3.544487,4.308036,2.308036,6.308036,noise,none,0.000000,-8,179.593960,151.238061,0.640000,150.598061
243,3.221682,2.732702,0.732702,4.732702,informed,none,0.000000,-8,179.593960,153.820504,0.640000,153.180504
244,1.489905,2.560325,0.560325,4.560325,noise,none,0.000000,-8,179.593960,167.674716,0.640000,167.034716
245,0.753592,0.838547,-1.161453,2.838547,informed,none,0.000000,-8,179.593960,173.565222,0.640000,172.925222
246,1.220552,0.111147,-1.888853,2.111147,noise,buy_from_mm,2.111147,-9,181.705107,170.720134,0.810000,169.910134
247,0.720368,1.943736,-0.056264,3.943736,noise,buy_from_mm,3.943736,-10,185.648843,178.445159,1.000000,177.445159
248,2.136090,2.591936,0.591936,4.591936,noise,none,0.000000,-10,185.648843,164.287945,1.000000,163.287945
249,2.172717,1.147115,-0.852885,3.147115,noise,sell_to_mm,-0.852885,-9,186.501728,166.947277,0.810000,166.137277
250,2.545118,1.382245,-0.617755,3.382245,noise,buy_from_mm,3.382245,-10,189.883973,164.432794,1.000000,163.432794
251,1.629718,1.717594,-0.282406,3.717594,noise,none,0.000000,-10,189.883973,173.586797,1.000000,172.586797
252,1.932211,1.691504,-0.308496,3.691504,informed,none,0.000000,-10,189.883973,170.561863,1.000000,169.561863
253,1.819919,0.232644,-1.767356,2.232644,informed,none,0.000000,-10,189.883973,171.684780,1.000000,170.684780
254,3.247659,3.933260,1.933260,5.933260,noise,none,0.000000,-10,189.883973,157.407387,1.000000,156.407387
255,3.503599,2.674169,0.674169,4.674169,informed,none,0.000000,-10,189.883973,154.847979,1.000000,153.847979
256,4.841215,4.578762,2.578762,6.578762,informed,none,0.000000,-10,189.883973,141.471819,1.000000,140.471819
257,5.441193,4.063237,2.063237,6.063237,noise,buy_from_mm,6.063237,-11,195.947210,136.094088,1.210000,134.884088
258,6.908284,8.393036,6.393036,10.393036,noise,none,0.000000,-11,195.947210,119.956087,1.210000,118.746087
259,6.962651,7.188798,5.188798,9.188798,noise,none,0.000000,-11,195.947210,119.358049,1.210000,118.148049
260,7.494840,7.459797,5.459797,9.459797,noise,none,0.000000,-11,195.947210,113.503968,1.210000,112.293968
261,6.357317,4.779771,2.779771,6.779771,noise,none,0.000000,-11,195.947210,126.016728,1.210000,124.806728
262,6.787406,6.581162,4.581162,8.581162,noise,none,0.000000,-11,195.947210,121.285744,1.210000,120.075744
263,7.279429,7.199149,5.199149,9.199149,noise,none,0.000000,-11,195.947210,115.873488,1.210000,114.663488
264,7.721002,6.115380,4.115380,8.115380,noise,none,0.000000,-11,195.947210,111.016193,1.210000,109.806193
265,7.842881,7.215060,5.215060,9.215060,noise,sell_to_mm,5.215060,-10,190.732150,112.303337,1.000000,111.303337
266,6.842576,6.851105,4.851105,8.851105,informed,none,0.000000,-10,190.732150,122.306393,1.000000,121.306393
267,7.881743,7.013485,5.013485,9.013485,noise,none,0.000000,-10,190.732150,111.914723,1.000000,110.914723
268,8.536936,7.879382,5.879382,9.879382,noise,none,0.000000,-10,190.732150,105.362794,1.000000,104.362794
269,9.216155,9.399885,7.399885,11.399885,informed,none,0.000000,-10,190.732150,98.570604,1.000000,97.570604
270,11.224879,9.839567,7.839567,11.839567,noise,none,0.000000,-10,190.732150,78.483358,1.000000,77.483358
271,10.994416,9.987239,7.987239,11.987239,informed,none,0.000000,-10,190.732150,80.787992,1.000000,79.787992
272,12.338227,12.179304,10.179304,14.179304,noise,none,0.000000,-10,190.732150,67.349881,1.000000,66.349881
273,12.916841,12.414876,10.414876,14.414876,noise,none,0.000000,-10,190.732150,61.563735,1.000000,60.563735
274,11.151905,11.557117,9.557117,13.557117,informed,none,0.000000,-10,190.732150,79.213098,1.000000,78.213098
275,11.461480,13.806621,11.806621,15.806621,noise,none,0.000000,-10,190.732150,76.117351,1.000000,75.117351
276,11.395480,10.811013,8.811013,12.811013,informed,none,0.000000,-10,190.732150,76.777352,1.000000,75.777352
277,11.530058,12.088713,10.088713,14.088713,noise,none,0.000000,-10,190.732150,75.431572,1.000000,74.431572
278,10.656089,9.351878,7.351878,11.351878,noise,none,0.000000,-10,190.732150,84.171258,1.000000,83.171258
279,9.219614,9.379875,7.379875,11.379875,noise,none,0.000000,-10,190.732150,98.536012,1.000000,97.536012
280,8.267485,8.083303,6.083303,10.083303,informed,none,0.000000,-10,190.732150,108.057301,1.000000,107.057301
281,9.193133,9.580244,7.580244,11.580244,noise,none,0.000000,-10,190.732150,98.800822,1.000000,97.800822
282,8.837323,9.025680,7.025680,11.025680,informed,none,0.000000,-10,190.732150,102.358921,1.000000,101.358921
283,7.999906,7.576863,5.576863,9.576863,informed,none,0.000000,-10,190.732150,110.733087,1.000000,109.733087
284,7.227851,6.966893,4.966893,8.966893,noise,none,0.000000,-10,190.732150,118.453636,1.000000,117.453636
285,7.623692,5.989036,3.989036,7.989036,noise,none,0.000000,-10,190.732150,114.495232,1.000000,113.495232
286,7.875261,6.840824,4.840824,8.840824,informed,none,0.000000,-10,190.732150,111.979540,1.000000,110.979540
287,9.141598,7.778740,5.778740,9.778740,informed,none,0.000000,-10,190.732150,99.316170,1.000000,98.316170
288,4.617820,4.604165,2.604165,6.604165,informed,none,0.000000,-10,190.732150,144.553951,1.000000,143.553951
289,4.836016,4.988362,2.988362,6.988362,informed,none,0.000000,-10,190.732150,142.371995,1.000000,141.371995
290,5.398331,5.742865,3.742865,7.742865,noise,none,0.000000,-10,190.732150,136.748843,1.000000,135.748843
291,6.543482,10.198866,8.198866,12.198866,informed,sell_to_mm,8.198866,-9,182.533284,123.641950,0.810000,122.831950
292,6.521386,6.231560,4.231560,8.231560,noise,none,0.000000,-9,182.533284,123.840806,0.810000,123.030806
293,6.429556,7.626392,5.626392,9.626392,noise,none,0.000000,-9,182.533284,124.667280,0.810000,123.857280
294,5.336135,5.263464,3.263464,7.263464,noise,buy_from_mm,7.263464,-10,189.796748,136.435402,1.000000,135.435402
295,4.955242,4.191406,2.191406,6.191406,informed,none,0.000000,-10,189.796748,140.244328,1.000000,139.244328
296,4.719955,4.268430,2.268430,6.268430,noise,none,0.000000,-10,189.796748,142.597195,1.000000,141.597195
297,4.056140,3.328603,1.328603,5.328603,noise,sell_to_mm,1.328603,-9,188.468144,151.962883,0.810000,151.152883
298,4.620129,4.183137,2.183137,6.183137,noise,buy_from_mm,6.183137,-10,194.651282,148.449988,1.000000,147.449988
299,2.865790,2.977173,0.977173,4.977173,informed,none,0.000000,-10,194.651282,165.993377,1.000000,164.993377
300,1.632807,0.489003,-1.510997,2.489003,noise,buy_from_mm,2.489003,-11,197.140285,179.179412,1.210000,177.969412
301,2.050286,0.609935,-1.390065,2.609935,informed,none,0.000000,-11,197.140285,174.587135,1.210000,173.377135
302,3.477837,4.002429,2.002429,6.002429,informed,none,0.000000,-11,197.140285,158.884079,1.210000,157.674079
303,4.921051,4.964550,2.964550,6.964550,informed,none,0.000000,-11,197.140285,143.008719,1.210000,141.798719
304,4.899964,4.930856,2.930856,6.930856,noise,none,0.000000,-11,197.140285,143.240683,1.210000,142.030683
305,4.700264,4.119910,2.119910,6.119910,informed,none,0.000000,-11,197.140285,145.437379,1.210000,144.227379
306,3.183062,2.179447,0.179447,4.179447,noise,none,0.000000,-11,197.140285,162.126603,1.210000,160.916603
307,3.555380,3.740959,1.740959,5.740959,noise,none,0.000000,-11,197.140285,158.031110,1.210000,156.821110
308,4.705302,3.183602,1.183602,5.183602,informed,none,0.000000,-11,197.140285,145.381960,1.210000,144.171960
309,6.102992,6.094757,4.094757,8.094757,informed,none,0.000000,-11,197.140285,130.007370,1.210000,128.797370
310,4.692838,2.593219,0.593219,4.593219,noise,none,0.000000,-11,197.140285,145.519067,1.210000,144.309067
311,3.884446,3.570021,1.570021,5.570021,informed,none,0.000000,-11,197.140285,154.411377,1.210000,153.201377
312,4.421186,4.917005,2.917005,6.917005,informed,none,0.000000,-11,197.140285,148.507244,1.210000,147.297244
313,6.513949,8.369700,6.369700,10.369700,noise,none,0.000000,-11,197.140285,125.486851,1.210000,124.276851
314,4.064991,3.906052,1.906052,5.906052,informed,none,0.000000,-11,197.140285,152.425388,1.210000,151.215388
315,5.276884,6.338758,4.338758,8.338758,noise,none,0.000000,-11,197.140285,139.094560,1.210000,137.884560
316,5.309822,5.280406,3.280406,7.280406,informed,none,0.000000,-11,197.140285,138.732247,1.210000,137.522247
317,5.684141,5.265293,3.265293,7.265293,informed,none,0.000000,-11,197.140285,134.614730,1.210000,133.404730
318,5.830332,6.306262,4.306262,8.306262,noise,sell_to_mm,4.306262,-10,192.834024,134.530699,1.000000,133.530699
319,4.177756,2.332049,0.332049,4.332049,informed,none,0.000000,-10,192.834024,151.056461,1.000000,150.056461
320,2.642720,3.484369,1.484369,5.484369,informed,none,0.000000,-10,192.834024,166.406820,1.000000,165.406820
321,2.281127,0.493747,-1.506253,2.493747,informed,none,0.000000,-10,192.834024,170.022758,1.000000,169.022758
322,0.349424,2.060032,0.060032,4.060032,noise,none,0.000000,-10,192.834024,189.339786,1.000000,188.339786
323,0.187446,0.582424,-1.417576,2.582424,noise,none,0.000000,-10,192.834024,190.959562,1.000000,189.959562
324,0.519955,-3.034189,-5.034189,-1.034189,noise,none,0.000000,-10,192.834024,187.634475,1.000000,186.634475
325,2.476885,2.610980,0.610980,4.610980,informed,none,0.000000,-10,192.834024,168.065178,1.000000,167.065178
326,2.955138,4.678344,2.678344,6.678344,noise,none,0.000000,-10,192.834024,163.282645,1.000000,162.282645
327,3.385348,5.012840,3.012840,7.012840,noise,none,0.000000,-10,192.834024,158.980547,1.000000,157.980547
328,2.308955,1.851329,-0.148671,3.851329,informed,none,0.000000,-10,192.834024,169.744471,1.000000,168.744471
329,0.106747,-0.357569,-2.357569,1.642431,noise,buy_from_mm,1.642431,-11,194.476455,193.302238,1.210000,192.092238
330,0.706242,-0.554104,-2.554104,1.445896,noise,none,0.000000,-11,194.476455,186.707792,1.210000,185.497792
331,-0.187480,0.561091,-1.438909,2.561091,informed,none,0.000000,-11,194.476455,196.538738,1.210000,195.328738
332,1.704075,1.264837,-0.735163,3.264837,informed,none,0.000000,-11,194.476455,175.731627,1.210000,174.521627
333,3.548902,4.137097,2.137097,6.137097,noise,none,0.000000,-11,194.476455,155.438529,1.210000,154.228529
334,2.453027,1.579705,-0.420295,3.579705,informed,none,0.000000,-11,194.476455,167.493158,1.210000,166.283158
335,2.317161,2.310457,0.310457,4.310457,informed,none,0.000000,-11,194.476455,168.987688,1.210000,167.777688
336,1.508210,0.825721,-1.174279,2.825721,informed,none,0.000000,-11,194.476455,177.886148,1.210000,176.676148
337,1.583693,2.081380,0.081380,4.081380,noise,buy_from_mm,4.081380,-12,198.557834,179.553514,1.440000,178.113514
338,2.382559,1.353840,-0.646160,3.353840,noise,none,0.000000,-12,198.557834,169.967120,1.440000,168.527120
339,0.841571,0.362178,-1.637822,2.362178,noise,buy_from_mm,2.362178,-13,200.920013,189.979584,1.690000,188.289584
340,1.510661,0.166994,-1.833006,2.166994,noise,none,0.000000,-13,200.920013,181.281418,1.690000,179.591418
341,1.118603,2.324892,0.324892,4.324892,noise,buy_from_mm,4.324892,-14,205.244905,189.584457,1.960000,187.624457
342,2.094366,0.230550,-1.769450,2.230550,informed,none,0.000000,-14,205.244905,175.923784,1.960000,173.963784
343,3.154103,3.243448,1.243448,5.243448,informed,none,0.000000,-14,205.244905,161.087459,1.960000,159.127459
344,3.615853,3.341944,1.341944,5.341944,noise,buy_from_mm,5.341944,-15,210.586849,156.349047,2.250000,154.099047
345,3.346978,2.591607,0.591607,4.591607,informed,none,0.000000,-15,210.586849,160.382176,2.250000,158.132176
346,3.829549,5.633099,3.633099,7.633099,noise,buy_from_mm,7.633099,-16,218.219947,156.947163,2.560000,154.387163
347,4.874951,4.603754,2.603754,6.603754,noise,buy_from_mm,6.603754,-17,224.823702,141.949540,2.890000,139.059540
348,5.768574,5.477073,3.477073,7.477073,informed,none,0.000000,-17,224.823702,126.757941,2.890000,123.867941
349,3.908415,2.362536,0.362536,4.362536,informed,none,0.000000,-17,224.823702,158.380647,2.890000,155.490647
350,3.377291,4.325785,2.325785,6.325785,noise,buy_from_mm,6.325785,-18,231.149487,170.358257,3.240000,167.118257
351,2.665948,3.345522,1.345522,5.345522,noise,sell_to_mm,1.345522,-17,229.803965,184.482854,2.890000,181.592854
352,2.107966,1.911707,-0.088293,3.911707,noise,none,0.000000,-17,229.803965,193.968546,2.890000,191.078546
353,2.006272,0.873556,-1.126444,2.873556,informed,none,0.000000,-17,229.803965,195.697348,2.890000,192.807348
354,0.054213,-0.200365,-2.200365,1.799635,informed,none,0.000000,-17,229.803965,228.882343,2.890000,225.992343
355,-0.650442,0.435673,-1.564327,2.435673,noise,buy_from_mm,2.435673,-18,232.239638,243.947590,3.240000,240.707590
356,-0.144076,0.117785,-1.882215,2.117785,noise,none,0.000000,-18,232.239638,234.833011,3.240000,231.593011
357,1.098171,2.064453,0.064453,4.064453,noise,sell_to_mm,0.064453,-17,232.175185,213.506284,2.890000,210.616284
358,1.571470,1.847353,-0.152647,3.847353,noise,buy_from_mm,3.847353,-18,236.022538,207.736084,3.240000,204.496084
359,0.387998,1.026664,-0.973336,3.026664,informed,none,0.000000,-18,236.022538,229.038576,3.240000,225.798576
360,1.380613,0.648354,-1.351646,2.648354,informed,none,0.000000,-18,236.022538,211.171509,3.240000,207.931509
361,1.302704,0.574824,-1.425176,2.574824,noise,none,0.000000,-18,236.022538,212.573867,3.240000,209.333867
362,0.510914,-0.339730,-2.339730,1.660270,noise,none,0.000000,-18,236.022538,226.826083,3.240000,223.586083
363,0.965931,-0.360289,-2.360289,1.639711,noise,none,0.000000,-18,236.022538,218.635775,3.240000,215.395775
364,0.254882,-2.434021,-4.434021,-0.434021,informed,buy_from_mm,-0.434021,-19,235.588517,230.745761,3.610000,227.135761
365,1.165509,0.268200,-1.731800,2.268200,informed,none,0.000000,-19,235.588517,213.443853,3.610000,209.833853
366,0.391939,1.719946,-0.280054,3.719946,informed,none,0.000000,-19,235.588517,228.141681,3.610000,224.531681
367,-1.844239,-2.284709,-4.284709,-0.284709,noise,sell_to_mm,-4.284709,-18,239.873226,273.069532,3.240000,269.829532
368,-1.486725,1.486045,-0.513955,3.486045,informed,sell_to_mm,-0.513955,-17,240.387180,265.661507,2.890000,262.771507
369,-2.071112,-2.361887,-4.361887,-0.361887,noise,none,0.000000,-17,240.387180,275.596080,2.890000,272.706080
370,-2.276449,-2.076512,-4.076512,-0.076512,noise,none,0.000000,-17,240.387180,279.086820,2.890000,276.196820
371,-1.138128,-1.370495,-3.370495,0.629505,informed,none,0.000000,-17,240.387180,259.735365,2.890000,256.845365
372,-1.576294,-1.907785,-3.907785,0.092215,noise,sell_to_mm,-3.907785,-16,244.294966,269.515670,2.560000,266.955670
373,-2.476531,0.638844,-1.361156,2.638844,noise,none,0.000000,-16,244.294966,283.919454,2.560000,281.359454
374,-2.198794,-0.755311,-2.755311,1.244689,informed,none,0.000000,-16,244.294966,279.475676,2.560000,276.915676
375,-1.121644,-1.881972,-3.881972,0.118028,noise,none,0.000000,-16,244.294966,262.241277,2.560000,259.681277
376,-2.065579,-2.645333,-4.645333,-0.645333,noise,sell_to_mm,-4.645333,-15,248.940298,279.923984,2.250000,277.673984
377,-2.317285,-3.357388,-5.357388,-1.357388,informed,none,0.000000,-15,248.940298,283.699570,2.250000,281.449570
378,-2.187395,-2.509290,-4.509290,-0.509290,noise,none,0.000000,-15,248.940298,281.751219,2.250000,279.501219
379,-3.464868,-3.420850,-5.420850,-1.420850,noise,none,0.000000,-15,248.940298,300.913325,2.250000,298.663325
380,-4.509294,-3.762272,-5.762272,-1.762272,informed,none,0.000000,-15,248.940298,316.579713,2.250000,314.329713
381,-4.966638,-6.265524,-8.265524,-4.265524,informed,none,0.000000,-15,248.940298,323.439873,2.250000,321.189873
382,-3.925373,-1.913682,-3.913682,0.086318,informed,sell_to_mm,-3.913682,-14,252.853980,307.809196,1.960000,305.849196
383,-3.190185,-2.902543,-4.902543,-0.902543,informed,none,0.000000,-14,252.853980,297.516570,1.960000,295.556570
384,-1.716088,-2.355554,-4.355554,-0.355554,informed,none,0.000000,-14,252.853980,276.879217,1.960000,274.919217
385,-1.815290,-3.805514,-5.805514,-1.805514,informed,none,0.000000,-14,252.853980,278.268040,1.960000,276.308040
386,-2.624432,-0.689303,-2.689303,1.310697,noise,none,0.000000,-14,252.853980,289.596026,1.960000,287.636026
387,-3.983921,-2.920945,-4.920945,-0.920945,noise,none,0.000000,-14,252.853980,308.628880,1.960000,306.668880
388,-3.520881,-3.545396,-5.545396,-1.545396,noise,buy_from_mm,-1.545396,-15,251.308584,304.121800,2.250000,301.871800
389,-3.838470,-3.123725,-5.123725,-1.123725,noise,none,0.000000,-15,251.308584,308.885631,2.250000,306.635631
390,-3.849025,-3.881789,-5.881789,-1.881789,informed,none,0.000000,-15,251.308584,309.043958,2.250000,306.793958
391,-2.664495,-3.737961,-5.737961,-1.737961,noise,sell_to_mm,-5.737961,-14,257.046545,294.349469,1.960000,292.389469
392,-3.459274,-3.354986,-5.354986,-1.354986,informed,none,0.000000,-14,257.046545,305.476384,1.960000,303.516384
393,-2.451134,-1.223476,-3.223476,0.776524,noise,none,0.000000,-14,257.046545,291.362415,1.960000,289.402415
394,-3.815573,-3.939143,-5.939143,-1.939143,noise,none,0.000000,-14,257.046545,310.464570,1.960000,308.504570
395,-3.202790,-1.379179,-3.379179,0.620821,informed,none,0.000000,-14,257.046545,301.885599,1.960000,299.925599
396,-5.132282,-6.355470,-8.355470,-4.355470,noise,none,0.000000,-14,257.046545,328.898490,1.960000,326.938490
397,-4.237788,-4.221186,-6.221186,-2.221186,noise,none,0.000000,-14,257.046545,316.375577,1.960000,314.415577
398,-4.930055,-6.166999,-8.166999,-4.166999,noise,none,0.000000,-14,257.046545,326.067314,1.960000,324.107314
399,-4.231239,-5.668147,-7.668147,-3.668147,noise,none,0.000000,-14,257.046545,316.283890,1.960000,314.323890
400,-2.187721,-1.887530,-3.887530,0.112470,noise,sell_to_mm,-3.887530,-13,260.934075,289.374449,1.690000,287.684449
401,-1.085624,-1.349870,-3.349870,0.650130,informed,none,0.000000,-13,260.934075,275.047193,1.690000,273.357193
402,-0.628565,0.095362,-1.904638,2.095362,noise,sell_to_mm,-1.904638,-12,262.838713,270.381498,1.440000,268.941498
403,-0.949016,-0.017643,-2.017643,1.982357,noise,none,0.000000,-12,262.838713,274.226900,1.440000,272.786900
404,-0.914575,-0.704136,-2.704136,1.295864,noise,none,0.000000,-12,262.838713,273.813611,1.440000,272.373611
405,-1.752025,-0.814655,-2.814655,1.185345,informed,none,0.000000,-12,262.838713,283.863011,1.440000,282.423011
406,-1.347985,-2.090598,-4.090598,-0.090598,noise,none,0.000000,-12,262.838713,279.014533,1.440000,277.574533
407,1.972386,1.464574,-0.535426,3.464574,noise,none,0.000000,-12,262.838713,239.170078,1.440000,237.730078
408,2.032263,2.343134,0.343134,4.343134,noise,none,0.000000,-12,262.838713,238.451552,1.440000,237.011552
409,2.828744,3.401653,1.401653,5.401653,noise,none,0.000000,-12,262.838713,228.893785,1.440000,227.453785
410,4.557729,2.937657,0.937657,4.937657,noise,none,0.000000,-12,262.838713,208.145967,1.440000,206.705967
411,3.975638,5.349017,3.349017,7.349017,noise,none,0.000000,-12,262.838713,215.131057,1.440000,213.691057
412,3.632967,2.489460,0.489460,4.489460,noise,buy_from_mm,4.489460,-13,267.328173,220.099600,1.690000,218.409600
413,4.269184,4.971687,2.971687,6.971687,informed,none,0.000000,-13,267.328173,211.828782,1.690000,210.138782
414,5.628619,3.634482,1.634482,5.634482,noise,none,0.000000,-13,267.328173,194.156129,1.690000,192.466129
415,4.074117,4.534207,2.534207,6.534207,informed,none,0.000000,-13,267.328173,214.364647,1.690000,212.674647
416,4.001544,3.166792,1.166792,5.166792,noise,none,0.000000,-13,267.328173,215.308106,1.690000,213.618106
417,4.535211,4.101125,2.101125,6.101125,noise,none,0.000000,-13,267.328173,208.370431,1.690000,206.680431
418,5.607709,4.249239,2.249239,6.249239,informed,none,0.000000,-13,267.328173,194.427959,1.690000,192.737959
419,6.745542,8.882073,6.882073,10.882073,informed,sell_to_mm,6.882073,-12,260.446100,179.499591,1.440000,178.059591
420,5.121141,6.728460,4.728460,8.728460,noise,buy_from_mm,8.728460,-13,269.174560,202.599728,1.690000,200.909728
421,4.311568,3.591678,1.591678,5.591678,informed,none,0.000000,-13,269.174560,213.124178,1.690000,211.434178
422,3.497854,3.023844,1.023844,5.023844,noise,none,0.000000,-13,269.174560,223.702463,1.690000,222.012463
423,2.353983,1.278049,-0.721951,3.278049,informed,none,0.000000,-13,269.174560,238.572782,1.690000,236.882782
424,2.384936,2.892965,0.892965,4.892965,informed,none,0.000000,-13,269.174560,238.170388,1.690000,236.480388
425,0.460669,1.522673,-0.477327,3.522673,noise,none,0.000000,-13,269.174560,263.185867,1.690000,261.495867
426,0.074673,1.272931,-0.727069,3.272931,noise,buy_from_mm,3.272931,-14,272.447491,271.402075,1.960000,269.442075
427,-1.016415,-0.775785,-2.775785,1.224215,informed,none,0.000000,-14,272.447491,286.677307,1.960000,284.717307
428,-2.424821,-1.262951,-3.262951,0.737049,informed,none,0.000000,-14,272.447491,306.394984,1.960000,304.434984
429,-3.004011,-4.274966,-6.274966,-2.274966,noise,none,0.000000,-14,272.447491,314.503651,1.960000,312.543651
430,-3.269670,-2.630209,-4.630209,-0.630209,noise,none,0.000000,-14,272.447491,318.222867,1.960000,316.262867
431,-4.903355,-5.103045,-7.103045,-3.103045,informed,none,0.000000,-14,272.447491,341.094459,1.960000,339.134459
432,-3.218297,-2.554645,-4.554645,-0.554645,noise,none,0.000000,-14,272.447491,317.503650,1.960000,315.543650
433,-3.245014,-3.294773,-5.294773,-1.294773,informed,none,0.000000,-14,272.447491,317.877694,1.960000,315.917694
434,-2.340943,-3.207140,-5.207140,-1.207140,noise,none,0.000000,-14,272.447491,305.220686,1.960000,303.260686
435,-3.150862,-2.887064,-4.887064,-0.887064,noise,none,0.000000,-14,272.447491,316.559556,1.960000,314.599556
436,-3.464671,-3.532142,-5.532142,-1.532142,informed,none,0.000000,-14,272.447491,320.952883,1.960000,318.992883
437,-3.180323,-3.640763,-5.640763,-1.640763,noise,sell_to_mm,-5.640763,-13,278.088254,319.432459,1.690000,317.742459
438,-4.247386,-3.960192,-5.960192,-1.960192,noise,none,0.000000,-13,278.088254,333.304274,1.690000,331.614274
439,-4.555105,-3.848386,-5.848386,-1.848386,informed,none,0.000000,-13,278.088254,337.304619,1.690000,335.614619
440,-5.124025,-5.605253,-7.605253,-3.605253,informed,none,0.000000,-13,278.088254,344.700583,1.690000,343.010583
441,-4.829130,-4.643253,-6.643253,-2.643253,informed,none,0.000000,-13,278.088254,340.866945,1.690000,339.176945
442,-5.747876,-5.247609,-7.247609,-3.247609,noise,buy_from_mm,-3.247609,-14,274.840645,355.310914,1.960000,353.350914
443,-6.974575,-8.452236,-10.452236,-6.452236,informed,none,0.000000,-14,274.840645,372.484695,1.960000,370.524695
444,-8.057165,-6.725848,-8.725848,-4.725848,informed,none,0.000000,-14,274.840645,387.640955,1.960000,385.680955
445,-5.996101,-5.305089,-7.305089,-3.305089,noise,buy_from_mm,-3.305089,-15,271.535556,361.477066,2.250000,359.227066
446,-5.644929,-4.464990,-6.464990,-2.464990,noise,none,0.000000,-15,271.535556,356.209496,2.250000,353.959496
447,-4.290446,-3.250218,-5.250218,-1.250218,noise,none,0.000000,-15,271.535556,335.892253,2.250000,333.642253
448,-4.936574,-4.662636,-6.662636,-2.662636,informed,none,0.000000,-15,271.535556,345.584168,2.250000,343.334168
449,-4.297291,-2.474113,-4.474113,-0.474113,noise,buy_from_mm,-0.474113,-16,271.061442,339.818101,2.560000,337.258101
450,-5.140745,-3.628682,-5.628682,-1.628682,informed,none,0.000000,-16,271.061442,353.313358,2.560000,350.753358
451,-7.187818,-7.616960,-9.616960,-5.616960,informed,none,0.000000,-16,271.061442,386.066524,2.560000,383.506524
452,-5.424287,-5.294746,-7.294746,-3.294746,informed,none,0.000000,-16,271.061442,357.850037,2.560000,355.290037
453,-5.354962,-5.085714,-7.085714,-3.085714,informed,none,0.000000,-16,271.061442,356.740837,2.560000,354.180837
454,-4.995424,-4.859240,-6.859240,-2.859240,informed,none,0.000000,-16,271.061442,350.988227,2.560000,348.428227
455,-3.977463,-5.277702,-7.277702,-3.277702,informed,none,0.000000,-16,271.061442,334.700855,2.560000,332.140855
456,-4.775943,-3.996289,-5.996289,-1.996289,noise,none,0.000000,-16,271.061442,347.476537,2.560000,344.916537
457,-6.125911,-4.275136,-6.275136,-2.275136,noise,none,0.000000,-16,271.061442,369.076020,2.560000,366.516020
458,-6.352514,-6.117529,-8.117529,-4.117529,noise,none,0.000000,-16,271.061442,372.701666,2.560000,370.141666
459,-6.502438,-5.787475,-7.787475,-3.787475,informed,none,0.000000,-16,271.061442,375.100444,2.560000,372.540444
460,-8.409220,-7.974144,-9.974144,-5.974144,noise,none,0.000000,-16,271.061442,405.608964,2.560000,403.048964
461,-8.300202,-8.057202,-10.057202,-6.057202,informed,none,0.000000,-16,271.061442,403.864679,2.560000,401.304679
462,-5.831143,-4.867186,-6.867186,-2.867186,informed,none,0.000000,-16,271.061442,364.359728,2.560000,361.799728
463,-5.506860,-4.312202,-6.312202,-2.312202,informed,none,0.000000,-16,271.061442,359.171210,2.560000,356.611210
464,-4.191877,-3.991532,-5.991532,-1.991532,noise,none,0.000000,-16,271.061442,338.131475,2.560000,335.571475
465,-4.621561,-6.662526,-8.662526,-4.662526,noise,none,0.000000,-16,271.061442,345.006426,2.560000,342.446426
466,-5.123809,-4.772622,-6.772622,-2.772622,noise,sell_to_mm,-6.772622,-15,277.834064,354.691192,2.250000,352.441192
467,-6.114749,-4.419143,-6.419143,-2.419143,noise,none,0.000000,-15,277.834064,369.555302,2.250000,367.305302
468,-6.011196,-5.978023,-7.978023,-3.978023,noise,sell_to_mm,-7.978023,-14,285.812087,369.968829,1.960000,368.008829
469,-6.541597,-7.663076,-9.663076,-5.663076,noise,buy_from_mm,-5.663076,-15,280.149011,378.272967,2.250000,376.022967
470,-5.275596,-5.220652,-7.220652,-3.220652,noise,none,0.000000,-15,280.149011,359.282947,2.250000,357.032947
471,-6.518565,-6.654492,-8.654492,-4.654492,noise,none,0.000000,-15,280.149011,377.927483,2.250000,375.677483
472,-6.154690,-6.342820,-8.342820,-4.342820,informed,none,0.000000,-15,280.149011,372.469362,2.250000,370.219362
473,-5.976203,-5.860042,-7.860042,-3.860042,noise,none,0.000000,-15,280.149011,369.792050,2.250000,367.542050
474,-5.973098,-5.725184,-7.725184,-3.725184,informed,none,0.000000,-15,280.149011,369.745484,2.250000,367.495484
475,-6.231273,-7.039095,-9.039095,-5.039095,informed,none,0.000000,-15,280.149011,373.618109,2.250000,371.368109
476,-5.881618,-4.996481,-6.996481,-2.996481,informed,none,0.000000,-15,280.149011,368.373287,2.250000,366.123287
477,-6.454953,-5.894302,-7.894302,-3.894302,informed,none,0.000000,-15,280.149011,376.973308,2.250000,374.723308
478,-6.520984,-6.303449,-8.303449,-4.303449,noise,sell_to_mm,-8.303449,-14,288.452460,379.746232,1.960000,377.786232
479,-5.237881,-4.893981,-6.893981,-2.893981,noise,sell_to_mm,-6.893981,-13,295.346441,363.438898,1.690000,361.748898
480,-5.323364,-4.937496,-6.937496,-2.937496,noise,none,0.000000,-13,295.346441,364.550170,1.690000,362.860170
481,-6.040043,-7.083104,-9.083104,-5.083104,noise,none,0.000000,-13,295.346441,373.867004,1.690000,372.177004
482,-7.266437,-8.189600,-10.189600,-6.189600,informed,none,0.000000,-13,295.346441,389.810120,1.690000,388.120120
483,-4.950963,-5.209736,-7.209736,-3.209736,informed,none,0.000000,-13,295.346441,359.708958,1.690000,358.018958
484,-5.141651,-4.641871,-6.641871,-2.641871,noise,none,0.000000,-13,295.346441,362.187904,1.690000,360.497904
485,-5.336205,-6.392667,-8.392667,-4.392667,noise,none,0.000000,-13,295.346441,364.717106,1.690000,363.027106
486,-5.887606,-6.545223,-8.545223,-4.545223,noise,buy_from_mm,-4.545223,-14,290.801218,373.227708,1.960000,371.267708
487,-6.341051,-7.348764,-9.348764,-5.348764,noise,buy_from_mm,-5.348764,-15,285.452454,380.568221,2.250000,378.318221
488,-5.135754,-5.163152,-7.163152,-3.163152,noise,none,0.000000,-15,285.452454,362.488769,2.250000,360.238769
489,-5.090630,-5.539854,-7.539854,-3.539854,informed,none,0.000000,-15,285.452454,361.811897,2.250000,359.561897
490,-4.003073,-4.048188,-6.048188,-2.048188,informed,none,0.000000,-15,285.452454,345.498543,2.250000,343.248543
491,-4.172420,-5.764728,-7.764728,-3.764728,informed,none,0.000000,-15,285.452454,348.038758,2.250000,345.788758
492,-5.096095,-6.154184,-8.154184,-4.154184,noise,none,0.000000,-15,285.452454,361.893872,2.250000,359.643872
493,-4.052863,-3.324468,-5.324468,-1.324468,noise,none,0.000000,-15,285.452454,346.245392,2.250000,343.995392
494,-2.867335,-1.547795,-3.547795,0.452205,informed,none,0.000000,-15,285.452454,328.462483,2.250000,326.212483
495,-3.161601,-2.009979,-4.009979,-0.009979,noise,buy_from_mm,-0.009979,-16,285.442475,336.028089,2.560000,333.468089
496,-4.220210,-5.523210,-7.523210,-3.523210,noise,none,0.000000,-16,285.442475,352.965836,2.560000,350.405836
497,-5.061010,-6.071042,-8.071042,-4.071042,noise,none,0.000000,-16,285.442475,366.418631,2.560000,363.858631
498,-6.726357,-6.618926,-8.618926,-4.618926,informed,none,0.000000,-16,285.442475,393.064179,2.560000,390.504179
499,-6.423423,-6.564234,-8.564234,-4.564234,noise,none,0.000000,-16,285.442475,388.217243,2.560000,385.657243
500,-6.516512,-6.446606,-8.446606,-4.446606,informed,none,0.000000,-16,285.442475,389.706661,2.560000,387.146661
501,-4.167983,-4.672102,-6.672102,-2.672102,noise,none,0.000000,-16,285.442475,352.130203,2.560000,349.570203
502,-2.722117,-2.868725,-4.868725,-0.868725,noise,none,0.000000,-16,285.442475,328.996346,2.560000,326.436346
503,-2.803680,-1.051425,-3.051425,0.948575,noise,sell_to_mm,-3.051425,-15,288.493899,330.549096,2.250000,328.299096
504,-3.399526,-3.587057,-5.587057,-1.587057,informed,none,0.000000,-15,288.493899,339.486795,2.250000,337.236795
505,-4.235110,-5.644697,-7.644697,-3.644697,informed,none,0.000000,-15,288.493899,352.020551,2.250000,349.770551
506,-4.510404,-4.311212,-6.311212,-2.311212,noise,none,0.000000,-15,288.493899,356.149962,2.250000,353.899962
507,-2.944923,-2.509334,-4.509334,-0.509334,noise,none,0.000000,-15,288.493899,332.667749,2.250000,330.417749
508,-4.069523,-3.231310,-5.231310,-1.231310,noise,sell_to_mm,-5.231310,-14,293.725209,350.698534,1.960000,348.738534
509,-4.783957,-4.976770,-6.976770,-2.976770,noise,none,0.000000,-14,293.725209,360.700605,1.960000,358.740605
510,-5.351365,-3.258897,-5.258897,-1.258897,informed,sell_to_mm,-5.258897,-13,298.984105,368.551844,1.690000,366.861844
511,-4.751270,-4.579988,-6.579988,-2.579988,noise,sell_to_mm,-6.579988,-12,305.564093,362.579334,1.440000,361.139334
512,-5.044874,-4.573739,-6.573739,-2.573739,informed,none,0.000000,-12,305.564093,366.102586,1.440000,364.662586
513,-5.169454,-4.213701,-6.213701,-2.213701,informed,none,0.000000,-12,305.564093,367.597536,1.440000,366.157536
514,-4.302159,-3.749464,-5.749464,-1.749464,noise,buy_from_mm,-1.749464,-13,303.814629,359.742690,1.690000,358.052690
515,-6.065888,-8.028818,-10.028818,-6.028818,noise,none,0.000000,-13,303.814629,382.671171,1.690000,380.981171
516,-7.043969,-8.955566,-10.955566,-6.955566,informed,none,0.000000,-13,303.814629,395.386221,1.690000,393.696221
517,-7.342007,-7.721395,-9.721395,-5.721395,informed,none,0.000000,-13,303.814629,399.260717,1.690000,397.570717
518,-8.371358,-9.069610,-11.069610,-7.069610,noise,sell_to_mm,-11.069610,-12,314.884239,415.340539,1.440000,413.900539
519,-8.103851,-8.507960,-10.507960,-6.507960,informed,none,0.000000,-12,314.884239,412.130448,1.440000,410.690448
520,-8.300513,-8.340839,-10.340839,-6.340839,informed,none,0.000000,-12,314.884239,414.490400,1.440000,413.050400
521,-7.301183,-6.604284,-8.604284,-4.604284,informed,none,0.000000,-12,314.884239,402.498435,1.440000,401.058435
522,-6.021392,-7.310057,-9.310057,-5.310057,informed,none,0.000000,-12,314.884239,387.140944,1.440000,385.700944
523,-5.097863,-4.500610,-6.500610,-2.500610,informed,none,0.000000,-12,314.884239,376.058600,1.440000,374.618600
524,-7.469668,-7.554958,-9.554958,-5.554958,noise,none,0.000000,-12,314.884239,404.520250,1.440000,403.080250
525,-7.399235,-8.877051,-10.877051,-6.877051,noise,none,0.000000,-12,314.884239,403.675062,1.440000,402.235062
526,-9.222880,-9.433617,-11.433617,-7.433617,informed,none,0.000000,-12,314.884239,425.558796,1.440000,424.118796
527,-11.788497,-12.572338,-14.572338,-10.572338,informed,none,0.000000,-12,314.884239,456.346208,1.440000,454.906208
528,-11.482792,-9.399692,-11.399692,-7.399692,informed,sell_to_mm,-11.399692,-11,326.283931,452.594648,1.210000,451.384648
529,-11.711989,-11.277745,-13.277745,-9.277745,noise,buy_from_mm,-9.277745,-12,317.006186,457.550053,1.440000,456.110053
530,-10.645683,-10.900056,-12.900056,-8.900056,informed,none,0.000000,-12,317.006186,444.754378,1.440000,443.314378
531,-11.414888,-9.621900,-11.621900,-7.621900,noise,none,0.000000,-12,317.006186,453.984837,1.440000,452.544837
532,-10.150149,-9.868806,-11.868806,-7.868806,informed,none,0.000000,-12,317.006186,438.807975,1.440000,437.367975
533,-11.027926,-10.314879,-12.314879,-8.314879,noise,none,0.000000,-12,317.006186,449.341302,1.440000,447.901302
534,-10.327439,-11.180397,-13.180397,-9.180397,informed,none,0.000000,-12,317.006186,440.935454,1.440000,439.495454
535,-11.405427,-12.100353,-14.100353,-10.100353,noise,sell_to_mm,-14.100353,-11,331.106539,456.566240,1.210000,455.356240
536,-11.227519,-12.477843,-14.477843,-10.477843,informed,none,0.000000,-11,331.106539,454.609245,1.210000,453.399245
537,-10.351456,-9.542778,-11.542778,-7.542778,informed,none,0.000000,-11,331.106539,444.972553,1.210000,443.762553
538,-9.813019,-9.604803,-11.604803,-7.604803,informed,none,0.000000,-11,331.106539,439.049752,1.210000,437.839752
539,-8.888067,-9.373391,-11.373391,-7.373391,informed,none,0.000000,-11,331.106539,428.875271,1.210000,427.665271
540,-10.135271,-10.787193,-12.787193,-8.787193,informed,none,0.000000,-11,331.106539,442.594515,1.210000,441.384515
541,-10.178166,-10.166228,-12.166228,-8.166228,noise,none,0.000000,-11,331.106539,443.066364,1.210000,441.856364
542,-9.574280,-11.040180,-13.040180,-9.040180,noise,sell_to_mm,-13.040180,-10,344.146719,439.889517,1.000000,438.889517
543,-8.791749,-8.065983,-10.065983,-6.065983,noise,none,0.000000,-10,344.146719,432.064205,1.000000,431.064205
544,-8.696300,-8.749064,-10.749064,-6.749064,noise,none,0.000000,-10,344.146719,431.109720,1.000000,430.109720
545,-6.618405,-7.426090,-9.426090,-5.426090,noise,buy_from_mm,-5.426090,-11,338.720628,411.523080,1.210000,410.313080
546,-6.797598,-7.469368,-9.469368,-5.469368,noise,sell_to_mm,-9.469368,-10,348.189997,416.165976,1.000000,415.165976
547,-5.292626,-6.469287,-8.469287,-4.469287,noise,none,0.000000,-10,348.189997,401.116258,1.000000,400.116258
548,-5.754654,-5.973021,-7.973021,-3.973021,informed,none,0.000000,-10,348.189997,405.736533,1.000000,404.736533
549,-7.320970,-5.799276,-7.799276,-3.799276,informed,none,0.000000,-10,348.189997,421.399695,1.000000,420.399695
550,-7.842503,-9.478385,-11.478385,-7.478385,noise,none,0.000000,-10,348.189997,426.615031,1.000000,425.615031
551,-9.201309,-9.926740,-11.926740,-7.926740,informed,none,0.000000,-10,348.189997,440.203084,1.000000,439.203084
552,-9.095111,-6.725668,-8.725668,-4.725668,informed,sell_to_mm,-8.725668,-9,356.915665,438.771661,0.810000,437.961661
553,-8.211347,-8.129008,-10.129008,-6.129008,noise,none,0.000000,-9,356.915665,430.817786,0.810000,430.007786
554,-7.324610,-7.765562,-9.765562,-5.765562,informed,none,0.000000,-9,356.915665,422.837158,0.810000,422.027158
555,-8.776357,-9.986729,-11.986729,-7.986729,informed,none,0.000000,-9,356.915665,435.902873,0.810000,435.092873
556,-9.041460,-8.373390,-10.373390,-6.373390,noise,buy_from_mm,-6.373390,-10,350.542274,440.956870,1.000000,439.956870
557,-9.528929,-7.731241,-9.731241,-5.731241,informed,none,0.000000,-10,350.542274,445.831563,1.000000,444.831563
558,-9.172607,-10.041053,-12.041053,-8.041053,informed,none,0.000000,-10,350.542274,442.268346,1.000000,441.268346
559,-7.724491,-6.498263,-8.498263,-4.498263,noise,none,0.000000,-10,350.542274,427.787186,1.000000,426.787186
560,-6.858602,-6.502686,-8.502686,-4.502686,informed,none,0.000000,-10,350.542274,419.128295,1.000000,418.128295
561,-6.409677,-4.891121,-6.891121,-2.891121,informed,none,0.000000,-10,350.542274,414.639046,1.000000,413.639046
562,-8.653983,-5.848698,-7.848698,-3.848698,noise,none,0.000000,-10,350.542274,437.082109,1.000000,436.082109
563,-7.648252,-7.528553,-9.528553,-5.528553,informed,none,0.000000,-10,350.542274,427.024795,1.000000,426.024795
564,-6.569673,-4.935289,-6.935289,-2.935289,noise,none,0.000000,-10,350.542274,416.239009,1.000000,415.239009
565,-7.084220,-6.516932,-8.516932,-4.516932,noise,sell_to_mm,-8.516932,-9,359.059207,422.817188,0.810000,422.007188
566,-7.624866,-7.467776,-9.467776,-5.467776,noise,none,0.000000,-9,359.059207,427.682999,0.810000,426.872999
567,-8.110362,-6.503838,-8.503838,-4.503838,noise,none,0.000000,-9,359.059207,432.052469,0.810000,431.242469
568,-8.127085,-7.646036,-9.646036,-5.646036,noise,none,0.000000,-9,359.059207,432.202969,0.810000,431.392969
569,-8.364787,-7.838538,-9.838538,-5.838538,informed,none,0.000000,-9,359.059207,434.342292,0.810000,433.532292
570,-8.717346,-6.610111,-8.610111,-4.610111,noise,none,0.000000,-9,359.059207,437.515325,0.810000,436.705325
571,-9.421192,-10.004374,-12.004374,-8.004374,informed,none,0.000000,-9,359.059207,443.849935,0.810000,443.039935
572,-10.030131,-10.722972,-12.722972,-8.722972,noise,none,0.000000,-9,359.059207,449.330385,0.810000,448.520385
573,-9.019650,-8.595001,-10.595001,-6.595001,informed,none,0.000000,-9,359.059207,440.236053,0.810000,439.426053
574,-8.486565,-8.853831,-10.853831,-6.853831,noise,none,0.000000,-9,359.059207,435.438294,0.810000,434.628294
575,-9.634906,-8.894810,-10.894810,-6.894810,informed,none,0.000000,-9,359.059207,445.773360,0.810000,444.963360
576,-10.483676,-11.264542,-13.264542,-9.264542,noise,none,0.000000,-9,359.059207,453.412288,0.810000,452.602288
577,-10.059317,-9.194908,-11.194908,-7.194908,noise,sell_to_mm,-11.194908,-8,370.254115,450.728647,0.640000,450.088647
578,-9.941281,-11.071436,-13.071436,-9.071436,noise,sell_to_mm,-13.071436,-7,383.325551,452.914515,0.490000,452.424515
579,-9.719922,-8.568612,-10.568612,-6.568612,noise,none,0.000000,-7,383.325551,451.365003,0.490000,450.875003
580,-9.164025,-9.930624,-11.930624,-7.930624,noise,buy_from_mm,-7.930624,-8,375.394927,448.707126,0.640000,448.067126
581,-9.802115,-10.667307,-12.667307,-8.667307,noise,buy_from_mm,-8.667307,-9,366.727620,454.946655,0.810000,454.136655
582,-10.361895,-10.028957,-12.028957,-8.028957,noise,none,0.000000,-9,366.727620,459.984673,0.810000,459.174673
583,-11.621636,-10.827144,-12.827144,-8.827144,noise,none,0.000000,-9,366.727620,471.322346,0.810000,470.512346
584,-11.551815,-11.931688,-13.931688,-9.931688,noise,none,0.000000,-9,366.727620,470.693960,0.810000,469.883960
585,-9.811303,-8.445055,-10.445055,-6.445055,noise,none,0.000000,-9,366.727620,455.029348,0.810000,454.219348
586,-10.820265,-10.827090,-12.827090,-8.827090,noise,none,0.000000,-9,366.727620,464.110009,0.810000,463.300009
587,-10.052262,-9.272062,-11.272062,-7.272062,informed,none,0.000000,-9,366.727620,457.197976,0.810000,456.387976
588,-11.208979,-12.623813,-14.623813,-10.623813,noise,none,0.000000,-9,366.727620,467.608430,0.810000,466.798430
589,-11.797632,-10.000818,-12.000818,-8.000818,noise,none,0.000000,-9,366.727620,472.906309,0.810000,472.096309
590,-12.192156,-13.737035,-15.737035,-11.737035,informed,none,0.000000,-9,366.727620,476.457028,0.810000,475.647028
591,-11.842593,-13.345588,-15.345588,-11.345588,informed,none,0.000000,-9,366.727620,473.310962,0.810000,472.500962
592,-11.859788,-11.309025,-13.309025,-9.309025,noise,sell_to_mm,-13.309025,-8,380.036645,474.914949,0.640000,474.274949
593,-11.995580,-11.913835,-13.913835,-9.913835,noise,none,0.000000,-8,380.036645,476.001288,0.640000,475.361288
594,-12.524720,-13.173863,-15.173863,-11.173863,noise,none,0.000000,-8,380.036645,480.234408,0.640000,479.594408
595,-12.757188,-14.146059,-16.146059,-12.146059,noise,buy_from_mm,-12.146059,-9,367.890587,482.705275,0.810000,481.895275
596,-12.961068,-12.475163,-14.475163,-10.475163,noise,none,0.000000,-9,367.890587,484.540195,0.810000,483.730195
597,-12.767123,-13.989745,-15.989745,-11.989745,informed,none,0.000000,-9,367.890587,482.794693,0.810000,481.984693
598,-13.701941,-14.799573,-16.799573,-12.799573,noise,none,0.000000,-9,367.890587,491.208055,0.810000,490.398055
599,-14.524174,-14.896888,-16.896888,-12.896888,noise,none,0.000000,-9,367.890587,498.608153,0.810000,497.798153
600,-14.890194,-13.834290,-15.834290,-11.834290,informed,none,0.000000,-9,367.890587,501.902333,0.810000,501.092333
601,-15.419019,-14.858196,-16.858196,-12.858196,noise,sell_to_mm,-16.858196,-8,384.748783,508.100937,0.640000,507.460937
602,-15.214079,-15.540279,-17.540279,-13.540279,noise,buy_from_mm,-13.540279,-9,371.208504,508.135216,0.810000,507.325216
603,-15.564690,-15.201961,-17.201961,-13.201961,informed,none,0.000000,-9,371.208504,511.290712,0.810000,510.480712
604,-14.792021,-14.687176,-16.687176,-12.687176,informed,none,0.000000,-9,371.208504,504.336693,0.810000,503.526693
605,-12.119287,-13.580507,-15.580507,-11.580507,informed,none,0.000000,-9,371.208504,480.282087,0.810000,479.472087
606,-13.170362,-13.231873,-15.231873,-11.231873,noise,none,0.000000,-9,371.208504,489.741764,0.810000,488.931764
607,-12.919885,-13.202852,-15.202852,-11.202852,informed,none,0.000000,-9,371.208504,487.487467,0.810000,486.677467
608,-12.928308,-10.916349,-12.916349,-8.916349,informed,sell_to_mm,-12.916349,-8,384.124853,487.551316,0.640000,486.911316
609,-11.768239,-13.230465,-15.230465,-11.230465,noise,sell_to_mm,-15.230465,-7,399.355318,481.732992,0.490000,481.242992
610,-13.911734,-14.737514,-16.737514,-12.737514,noise,none,0.000000,-7,399.355318,496.737458,0.490000,496.247458
611,-14.416992,-13.755261,-15.755261,-11.755261,noise,buy_from_mm,-11.755261,-8,387.600057,502.935994,0.640000,502.295994
612,-14.865495,-15.357573,-17.357573,-13.357573,noise,none,0.000000,-8,387.600057,506.524016,0.640000,505.884016
613,-14.617385,-13.901485,-15.901485,-11.901485,noise,none,0.000000,-8,387.600057,504.539137,0.640000,503.899137
614,-13.189456,-14.915182,-16.915182,-12.915182,noise,none,0.000000,-8,387.600057,493.115706,0.640000,492.475706
615,-14.313933,-13.827640,-15.827640,-11.827640,informed,none,0.000000,-8,387.600057,502.111520,0.640000,501.471520
616,-13.478640,-13.279986,-15.279986,-11.279986,noise,sell_to_mm,-15.279986,-7,402.880044,497.230523,0.490000,496.740523
617,-13.406189,-14.005711,-16.005711,-12.005711,noise,none,0.000000,-7,402.880044,496.723368,0.490000,496.233368
618,-13.425566,-13.722151,-15.722151,-11.722151,informed,none,0.000000,-7,402.880044,496.859008,0.490000,496.369008
619,-12.592901,-14.229397,-16.229397,-12.229397,informed,none,0.000000,-7,402.880044,491.030353,0.490000,490.540353
620,-12.924308,-11.279659,-13.279659,-9.279659,noise,none,0.000000,-7,402.880044,493.350198,0.490000,492.860198
621,-13.003586,-13.066329,-15.066329,-11.066329,noise,none,0.000000,-7,402.880044,493.905147,0.490000,493.415147
622,-14.390171,-14.011175,-16.011175,-12.011175,informed,none,0.000000,-7,402.880044,503.611238,0.490000,503.121238
623,-16.107742,-18.334167,-20.334167,-16.334167,informed,buy_from_mm,-16.334167,-8,386.545876,515.407810,0.640000,514.767810
624,-16.201708,-16.684760,-18.684760,-14.684760,noise,sell_to_mm,-18.684760,-7,405.230636,518.642590,0.490000,518.152590
625,-16.848828,-16.066100,-18.066100,-14.066100,noise,none,0.000000,-7,405.230636,523.172432,0.490000,522.682432
626,-17.074055,-17.614837,-19.614837,-15.614837,informed,none,0.000000,-7,405.230636,524.749024,0.490000,524.259024
627,-17.968523,-18.293985,-20.293985,-16.293985,informed,none,0.000000,-7,405.230636,531.010295,0.490000,530.520295
628,-17.933810,-19.730814,-21.730814,-17.730814,informed,none,0.000000,-7,405.230636,530.767310,0.490000,530.277310
629,-16.543987,-17.513026,-19.513026,-15.513026,noise,none,0.000000,-7,405.230636,521.038549,0.490000,520.548549
630,-15.526997,-16.080215,-18.080215,-14.080215,noise,none,0.000000,-7,405.230636,513.919613,0.490000,513.429613
631,-15.795157,-15.832220,-17.832220,-13.832220,informed,none,0.000000,-7,405.230636,515.796734,0.490000,515.306734
632,-16.422982,-17.841318,-19.841318,-15.841318,informed,none,0.000000,-7,405.230636,520.191511,0.490000,519.701511
633,-17.101756,-16.621189,-18.621189,-14.621189,informed,none,0.000000,-7,405.230636,524.942927,0.490000,524.452927
634,-16.459306,-19.022995,-21.022995,-17.022995,noise,buy_from_mm,-17.022995,-8,388.207642,519.882086,0.640000,519.242086
635,-17.935114,-19.289747,-21.289747,-17.289747,informed,none,0.000000,-8,388.207642,531.688554,0.640000,531.048554
636,-18.696777,-19.280359,-21.280359,-17.280359,informed,none,0.000000,-8,388.207642,537.781855,0.640000,537.141855
637,-17.407017,-18.809162,-20.809162,-16.809162,noise,none,0.000000,-8,388.207642,527.463777,0.640000,526.823777
638,-17.782046,-16.375507,-18.375507,-14.375507,noise,none,0.000000,-8,388.207642,530.464012,0.640000,529.824012
639,-18.939695,-19.148372,-21.148372,-17.148372,noise,none,0.000000,-8,388.207642,539.725198,0.640000,539.085198
640,-17.385277,-16.989840,-18.989840,-14.989840,noise,none,0.000000,-8,388.207642,527.289859,0.640000,526.649859
641,-16.372306,-17.009982,-19.009982,-15.009982,informed,none,0.000000,-8,388.207642,519.186092,0.640000,518.546092
642,-15.781384,-15.729701,-17.729701,-13.729701,noise,none,0.000000,-8,388.207642,514.458718,0.640000,513.818718
643,-16.159297,-15.885904,-17.885904,-13.885904,informed,none,0.000000,-8,388.207642,517.482019,0.640000,516.842019
644,-15.723724,-16.186850,-18.186850,-14.186850,noise,buy_from_mm,-14.186850,-9,374.020791,515.534309,0.810000,514.724309
645,-16.101532,-17.109221,-19.109221,-15.109221,noise,none,0.000000,-9,374.020791,518.934583,0.810000,518.124583
646,-16.584537,-17.536618,-19.536618,-15.536618,informed,none,0.000000,-9,374.020791,523.281627,0.810000,522.471627
647,-16.385675,-18.911784,-20.911784,-16.911784,informed,buy_from_mm,-16.911784,-10,357.109007,520.965754,1.000000,519.965754
648,-16.321807,-15.862315,-17.862315,-13.862315,noise,none,0.000000,-10,357.109007,520.327075,1.000000,519.327075
649,-17.133352,-18.377242,-20.377242,-16.377242,noise,none,0.000000,-10,357.109007,528.442523,1.000000,527.442523
650,-17.963681,-18.389737,-20.389737,-16.389737,informed,none,0.000000,-10,357.109007,536.745816,1.000000,535.745816
651,-18.695677,-17.598375,-19.598375,-15.598375,informed,none,0.000000,-10,357.109007,544.065778,1.000000,543.065778
652,-18.476485,-18.162866,-20.162866,-16.162866,informed,none,0.000000,-10,357.109007,541.873853,1.000000,540.873853
653,-18.082377,-19.028839,-21.028839,-17.028839,informed,none,0.000000,-10,357.109007,537.932778,1.000000,536.932778
654,-18.669740,-18.949543,-20.949543,-16.949543,noise,none,0.000000,-10,357.109007,543.806405,1.000000,542.806405
655,-18.537087,-19.476765,-21.476765,-17.476765,noise,none,0.000000,-10,357.109007,542.479874,1.000000,541.479874
656,-19.201019,-18.611578,-20.611578,-16.611578,noise,sell_to_mm,-20.611578,-9,377.720585,550.529752,0.810000,549.719752
657,-19.388358,-18.828903,-20.828903,-16.828903,noise,none,0.000000,-9,377.720585,552.215805,0.810000,551.405805
658,-19.902362,-19.333024,-21.333024,-17.333024,informed,none,0.000000,-9,377.720585,556.841841,0.810000,556.031841
659,-19.988993,-19.681390,-21.681390,-17.681390,informed,none,0.000000,-9,377.720585,557.621524,0.810000,556.811524
660,-20.626588,-20.847581,-22.847581,-18.847581,noise,none,0.000000,-9,377.720585,563.359874,0.810000,562.549874
661,-21.858468,-20.466611,-22.466611,-18.466611,informed,none,0.000000,-9,377.720585,574.446799,0.810000,573.636799
662,-21.852303,-21.974106,-23.974106,-19.974106,noise,none,0.000000,-9,377.720585,574.391312,0.810000,573.581312
663,-22.223041,-21.725446,-23.725446,-19.725446,informed,none,0.000000,-9,377.720585,577.727958,0.810000,576.917958
664,-23.203858,-22.693283,-24.693283,-20.693283,informed,none,0.000000,-9,377.720585,586.555310,0.810000,585.745310
665,-23.074915,-21.272529,-23.272529,-19.272529,noise,buy_from_mm,-19.272529,-10,358.448056,589.197203,1.000000,588.197203
666,-22.913006,-22.777079,-24.777079,-20.777079,noise,none,0.000000,-10,358.448056,587.578119,1.000000,586.578119
667,-22.952856,-23.369972,-25.369972,-21.369972,noise,none,0.000000,-10,358.448056,587.976616,1.000000,586.976616
668,-23.094351,-23.542834,-25.542834,-21.542834,noise,none,0.000000,-10,358.448056,589.391561,1.000000,588.391561
669,-23.312623,-23.776909,-25.776909,-21.776909,noise,buy_from_mm,-21.776909,-11,336.671147,593.109998,1.210000,591.899998
670,-24.106273,-23.820016,-25.820016,-21.820016,informed,none,0.000000,-11,336.671147,601.840145,1.210000,600.630145
671,-24.146253,-24.548536,-26.548536,-22.548536,noise,none,0.000000,-11,336.671147,602.279933,1.210000,601.069933
672,-24.877240,-26.156088,-28.156088,-24.156088,informed,none,0.000000,-11,336.671147,610.320788,1.210000,609.110788
673,-24.274850,-25.038858,-27.038858,-23.038858,noise,buy_from_mm,-23.038858,-12,313.632289,604.930487,1.440000,603.490487
674,-25.202516,-24.007888,-26.007888,-22.007888,informed,none,0.000000,-12,313.632289,616.062475,1.440000,614.622475
675,-25.683477,-25.803430,-27.803430,-23.803430,informed,none,0.000000,-12,313.632289,621.834015,1.440000,620.394015
676,-23.842052,-22.858190,-24.858190,-20.858190,informed,none,0.000000,-12,313.632289,599.736915,1.440000,598.296915
677,-24.582599,-24.468115,-26.468115,-22.468115,informed,none,0.000000,-12,313.632289,608.623478,1.440000,607.183478
678,-23.843283,-22.154513,-24.154513,-20.154513,noise,buy_from_mm,-20.154513,-13,293.477776,603.440461,1.690000,601.750461
679,-22.717971,-24.563354,-26.563354,-22.563354,noise,none,0.000000,-13,293.477776,588.811399,1.690000,587.121399
680,-22.611561,-21.945135,-23.945135,-19.945135,noise,none,0.000000,-13,293.477776,587.428075,1.690000,585.738075
681,-21.334222,-18.591776,-20.591776,-16.591776,noise,none,0.000000,-13,293.477776,570.822665,1.690000,569.132665
682,-21.403777,-21.978499,-23.978499,-19.978499,noise,none,0.000000,-13,293.477776,571.726882,1.690000,570.036882
683,-21.188848,-21.758306,-23.758306,-19.758306,noise,none,0.000000,-13,293.477776,568.932798,1.690000,567.242798
684,-22.195524,-20.421339,-22.421339,-18.421339,informed,none,0.000000,-13,293.477776,582.019586,1.690000,580.329586
685,-21.439633,-18.250058,-20.250058,-16.250058,noise,buy_from_mm,-16.250058,-14,277.227719,577.382581,1.960000,575.422581
686,-21.074826,-21.757471,-23.757471,-19.757471,informed,none,0.000000,-14,277.227719,572.275282,1.960000,570.315282
687,-20.509099,-21.538998,-23.538998,-19.538998,informed,none,0.000000,-14,277.227719,564.355099,1.960000,562.395099
688,-20.375404,-19.204517,-21.204517,-17.204517,noise,none,0.000000,-14,277.227719,562.483371,1.960000,560.523371
689,-19.588658,-18.968374,-20.968374,-16.968374,informed,none,0.000000,-14,277.227719,551.468927,1.960000,549.508927
690,-19.602202,-18.511636,-20.511636,-16.511636,informed,none,0.000000,-14,277.227719,551.658553,1.960000,549.698553
691,-20.351373,-20.676415,-22.676415,-18.676415,informed,none,0.000000,-14,277.227719,562.146943,1.960000,560.186943
692,-19.213978,-18.083216,-20.083216,-16.083216,noise,sell_to_mm,-20.083216,-13,297.310935,547.092652,1.690000,545.402652
693,-20.416625,-20.362289,-22.362289,-18.362289,informed,none,0.000000,-13,297.310935,562.727064,1.690000,561.037064
694,-19.977984,-20.493515,-22.493515,-18.493515,noise,none,0.000000,-13,297.310935,557.024733,1.690000,555.334733
695,-18.635763,-21.523840,-23.523840,-19.523840,informed,buy_from_mm,-19.523840,-14,277.787095,538.687778,1.960000,536.727778
696,-19.180253,-18.789251,-20.789251,-16.789251,noise,none,0.000000,-14,277.787095,546.310638,1.960000,544.350638
697,-18.693034,-17.806883,-19.806883,-15.806883,informed,none,0.000000,-14,277.787095,539.489576,1.960000,537.529576
698,-18.175250,-18.270811,-20.270811,-16.270811,noise,buy_from_mm,-16.270811,-15,261.516284,534.145031,2.250000,531.895031
699,-19.243028,-18.589407,-20.589407,-16.589407,noise,sell_to_mm,-20.589407,-14,282.105691,551.508078,1.960000,549.548078
700,-18.892016,-18.294320,-20.294320,-16.294320,informed,none,0.000000,-14,282.105691,546.593921,1.960000,544.633921
701,-19.127265,-19.966502,-21.966502,-17.966502,informed,none,0.000000,-14,282.105691,549.887401,1.960000,547.927401
702,-18.226425,-18.283170,-20.283170,-16.283170,noise,sell_to_mm,-20.283170,-13,302.388861,539.332384,1.690000,537.642384
703,-17.144022,-16.838915,-18.838915,-14.838915,noise,none,0.000000,-13,302.388861,525.261149,1.690000,523.571149
704,-16.750411,-18.073540,-20.073540,-16.073540,noise,sell_to_mm,-20.073540,-12,322.462401,523.467338,1.440000,522.027338
705,-16.718268,-16.168063,-18.168063,-14.168063,noise,none,0.000000,-12,322.462401,523.081622,1.440000,521.641622
706,-18.075287,-18.649391,-20.649391,-16.649391,noise,none,0.000000,-12,322.462401,539.365847,1.440000,537.925847
707,-21.163552,-19.153916,-21.153916,-17.153916,noise,none,0.000000,-12,322.462401,576.425025,1.440000,574.985025
708,-21.203115,-23.360962,-25.360962,-21.360962,noise,none,0.000000,-12,322.462401,576.899778,1.440000,575.459778
709,-22.079664,-22.278370,-24.278370,-20.278370,noise,sell_to_mm,-24.278370,-11,346.740771,589.617072,1.210000,588.407072
710,-21.966227,-22.393600,-24.393600,-20.393600,informed,none,0.000000,-11,346.740771,588.369271,1.210000,587.159271
711,-21.675055,-21.616080,-23.616080,-19.616080,informed,none,0.000000,-11,346.740771,585.166379,1.210000,583.956379
712,-22.318193,-22.147117,-24.147117,-20.147117,noise,none,0.000000,-11,346.740771,592.240896,1.210000,591.030896
713,-22.576283,-24.565839,-26.565839,-22.565839,informed,none,0.000000,-11,346.740771,595.079881,1.210000,593.869881
714,-23.358702,-24.881688,-26.881688,-22.881688,informed,none,0.000000,-11,346.740771,603.686491,1.210000,602.476491
715,-22.743812,-23.393868,-25.393868,-21.393868,noise,none,0.000000,-11,346.740771,596.922706,1.210000,595.712706
716,-21.734998,-22.236044,-24.236044,-20.236044,noise,none,0.000000,-11,346.740771,585.825745,1.210000,584.615745
717,-21.958040,-22.215426,-24.215426,-20.215426,informed,none,0.000000,-11,346.740771,588.279209,1.210000,587.069209
718,-23.617314,-23.333724,-25.333724,-21.333724,noise,none,0.000000,-11,346.740771,606.531225,1.210000,605.321225
719,-20.475791,-19.039236,-21.039236,-17.039236,noise,none,0.000000,-11,346.740771,571.974474,1.210000,570.764474
720,-19.559599,-19.481272,-21.481272,-17.481272,noise,none,0.000000,-11,346.740771,561.896356,1.210000,560.686356
721,-20.485196,-19.736141,-21.736141,-17.736141,noise,none,0.000000,-11,346.740771,572.077926,1.210000,570.867926
722,-21.369921,-23.074200,-25.074200,-21.074200,noise,none,0.000000,-11,346.740771,581.809905,1.210000,580.599905
723,-20.101244,-20.192103,-22.192103,-18.192103,noise,none,0.000000,-11,346.740771,567.854454,1.210000,566.644454
724,-19.401874,-18.182227,-20.182227,-16.182227,informed,none,0.000000,-11,346.740771,560.161385,1.210000,558.951385
725,-19.820218,-20.223203,-22.223203,-18.223203,noise,none,0.000000,-11,346.740771,564.763167,1.210000,563.553167
726,-19.792522,-19.579363,-21.579363,-17.579363,noise,none,0.000000,-11,346.740771,564.458518,1.210000,563.248518
727,-20.981066,-20.474777,-22.474777,-18.474777,noise,none,0.000000,-11,346.740771,577.532495,1.210000,576.322495
728,-20.778280,-21.726352,-23.726352,-19.726352,noise,none,0.000000,-11,346.740771,575.301848,1.210000,574.091848
729,-19.595887,-19.763718,-21.763718,-17.763718,noise,none,0.000000,-11,346.740771,562.295533,1.210000,561.085533
730,-20.926542,-20.798432,-22.798432,-18.798432,informed,none,0.000000,-11,346.740771,576.932729,1.210000,575.722729
731,-18.230854,-18.733489,-20.733489,-16.733489,noise,none,0.000000,-11,346.740771,547.280165,1.210000,546.070165
732,-17.717871,-19.301433,-21.301433,-17.301433,informed,none,0.000000,-11,346.740771,541.637353,1.210000,540.427353
733,-19.444958,-20.558365,-22.558365,-18.558365,noise,none,0.000000,-11,346.740771,560.635311,1.210000,559.425311
734,-19.159726,-20.530949,-22.530949,-18.530949,informed,none,0.000000,-11,346.740771,557.497758,1.210000,556.287758
735,-19.504186,-20.403469,-22.403469,-18.403469,informed,none,0.000000,-11,346.740771,561.286815,1.210000,560.076815
736,-20.350502,-21.785033,-23.785033,-19.785033,noise,none,0.000000,-11,346.740771,570.596291,1.210000,569.386291
737,-20.869154,-19.550372,-21.550372,-17.550372,noise,sell_to_mm,-21.550372,-10,368.291143,576.982688,1.000000,575.982688
738,-21.413365,-22.077133,-24.077133,-20.077133,informed,none,0.000000,-10,368.291143,582.424791,1.000000,581.424791
739,-23.193870,-23.106312,-25.106312,-21.106312,noise,none,0.000000,-10,368.291143,600.229845,1.000000,599.229845
740,-23.476621,-23.843363,-25.843363,-21.843363,noise,none,0.000000,-10,368.291143,603.057357,1.000000,602.057357
741,-21.820207,-21.650680,-23.650680,-19.650680,noise,none,0.000000,-10,368.291143,586.493212,1.000000,585.493212
742,-22.379868,-21.695381,-23.695381,-19.695381,informed,none,0.000000,-10,368.291143,592.089825,1.000000,591.089825
743,-22.922663,-23.093062,-25.093062,-21.093062,noise,buy_from_mm,-21.093062,-11,347.198081,599.347376,1.210000,598.137376
744,-22.041772,-20.722949,-22.722949,-18.722949,informed,none,0.000000,-11,347.198081,589.657575,1.210000,588.447575
745,-20.537487,-24.104490,-26.104490,-22.104490,noise,none,0.000000,-11,347.198081,573.110443,1.210000,571.900443
746,-22.143855,-21.664640,-23.664640,-19.664640,noise,none,0.000000,-11,347.198081,590.780489,1.210000,589.570489
747,-22.376729,-20.413223,-22.413223,-18.413223,noise,none,0.000000,-11,347.198081,593.342095,1.210000,592.132095
748,-22.990186,-23.573817,-25.573817,-21.573817,informed,none,0.000000,-11,347.198081,600.090129,1.210000,598.880129
749,-24.716521,-24.158746,-26.158746,-22.158746,informed,none,0.000000,-11,347.198081,619.079814,1.210000,617.869814
750,-23.208732,-23.881024,-25.881024,-21.881024,noise,none,0.000000,-11,347.198081,602.494133,1.210000,601.284133
751,-21.812170,-22.122091,-24.122091,-20.122091,informed,none,0.000000,-11,347.198081,587.131952,1.210000,585.921952
752,-23.681574,-23.250942,-25.250942,-21.250942,noise,none,0.000000,-11,347.198081,607.695395,1.210000,606.485395
753,-22.828863,-22.406819,-24.406819,-20.406819,noise,none,0.000000,-11,347.198081,598.315576,1.210000,597.105576
754,-23.199997,-23.142990,-25.142990,-21.142990,noise,none,0.000000,-11,347.198081,602.398049,1.210000,601.188049
755,-24.316628,-24.574148,-26.574148,-22.574148,noise,none,0.000000,-11,347.198081,614.680987,1.210000,613.470987
756,-22.524051,-22.848478,-24.848478,-20.848478,noise,none,0.000000,-11,347.198081,594.962638,1.210000,593.752638
757,-21.879262,-23.780914,-25.780914,-21.780914,noise,none,0.000000,-11,347.198081,587.869965,1.210000,586.659965
758,-22.286157,-22.715556,-24.715556,-20.715556,informed,none,0.000000,-11,347.198081,592.345811,1.210000,591.135811
759,-23.144434,-22.647716,-24.647716,-20.647716,noise,none,0.000000,-11,347.198081,601.786853,1.210000,600.576853
760,-23.167579,-24.455974,-26.455974,-22.455974,informed,none,0.000000,-11,347.198081,602.041446,1.210000,600.831446
761,-22.881530,-22.723657,-24.723657,-20.723657,noise,sell_to_mm,-24.723657,-10,371.921738,600.737042,1.000000,599.737042
762,-22.879472,-23.081247,-25.081247,-21.081247,noise,none,0.000000,-10,371.921738,600.716459,1.000000,599.716459
763,-21.211057,-22.811172,-24.811172,-20.811172,noise,buy_from_mm,-20.811172,-11,351.110566,584.432189,1.210000,583.222189
764,-19.334491,-20.534692,-22.534692,-18.534692,noise,sell_to_mm,-22.534692,-10,373.645258,566.990168,1.000000,565.990168
765,-19.698413,-20.081520,-22.081520,-18.081520,noise,none,0.000000,-10,373.645258,570.629385,1.000000,569.629385
766,-19.984376,-21.152411,-23.152411,-19.152411,informed,none,0.000000,-10,373.645258,573.489017,1.000000,572.489017
767,-21.654781,-23.517245,-25.517245,-21.517245,informed,none,0.000000,-10,373.645258,590.193067,1.000000,589.193067
768,-21.759170,-21.652153,-23.652153,-19.652153,noise,sell_to_mm,-23.652153,-9,397.297412,593.129939,0.810000,592.319939
769,-22.538988,-22.695337,-24.695337,-20.695337,noise,buy_from_mm,-20.695337,-10,376.602075,601.991952,1.000000,600.991952
770,-22.894595,-23.154830,-25.154830,-21.154830,noise,none,0.000000,-10,376.602075,605.548026,1.000000,604.548026
771,-23.207072,-23.479526,-25.479526,-21.479526,noise,none,0.000000,-10,376.602075,608.672798,1.000000,607.672798
772,-23.208332,-22.263210,-24.263210,-20.263210,noise,buy_from_mm,-20.263210,-11,356.338865,611.630516,1.210000,610.420516
773,-24.596345,-24.246941,-26.246941,-22.246941,noise,none,0.000000,-11,356.338865,626.898658,1.210000,625.688658
774,-21.920821,-21.520758,-23.520758,-19.520758,noise,buy_from_mm,-19.520758,-12,336.818107,599.867962,1.440000,598.427962
775,-23.791713,-24.901837,-26.901837,-22.901837,noise,buy_from_mm,-22.901837,-13,313.916270,623.208542,1.690000,621.518542
776,-22.287056,-20.208518,-22.208518,-18.208518,noise,none,0.000000,-13,313.916270,603.647998,1.690000,601.957998
777,-21.810491,-22.325744,-24.325744,-20.325744,noise,none,0.000000,-13,313.916270,597.452656,1.690000,595.762656
778,-21.473360,-21.320286,-23.320286,-19.320286,noise,none,0.000000,-13,313.916270,593.069954,1.690000,591.379954
779,-22.891225,-24.336458,-26.336458,-22.336458,informed,none,0.000000,-13,313.916270,611.502196,1.690000,609.812196
780,-23.203237,-22.245893,-24.245893,-20.245893,noise,none,0.000000,-13,313.916270,615.558354,1.690000,613.868354
781,-23.716549,-23.046325,-25.046325,-21.046325,noise,none,0.000000,-13,313.916270,622.231404,1.690000,620.541404
782,-21.949275,-21.743765,-23.743765,-19.743765,informed,none,0.000000,-13,313.916270,599.256841,1.690000,597.566841
783,-20.496191,-20.180656,-22.180656,-18.180656,informed,none,0.000000,-13,313.916270,580.366756,1.690000,578.676756
784,-21.523850,-21.961638,-23.961638,-19.961638,informed,none,0.000000,-13,313.916270,593.726324,1.690000,592.036324
785,-21.988616,-18.835804,-20.835804,-16.835804,informed,sell_to_mm,-20.835804,-12,334.752074,598.615471,1.440000,597.175471
786,-21.091232,-21.088988,-23.088988,-19.088988,informed,none,0.000000,-12,334.752074,587.846860,1.440000,586.406860
787,-19.803506,-18.093550,-20.093550,-16.093550,informed,none,0.000000,-12,334.752074,572.394147,1.440000,570.954147
788,-20.788003,-19.935983,-21.935983,-17.935983,informed,none,0.000000,-12,334.752074,584.208105,1.440000,582.768105
789,-20.395747,-21.291145,-23.291145,-19.291145,noise,none,0.000000,-12,334.752074,579.501041,1.440000,578.061041
790,-20.163948,-19.956517,-21.956517,-17.956517,informed,none,0.000000,-12,334.752074,576.719453,1.440000,575.279453
791,-21.073780,-20.755981,-22.755981,-18.755981,informed,none,0.000000,-12,334.752074,587.637439,1.440000,586.197439
792,-22.321174,-23.203866,-25.203866,-21.203866,noise,none,0.000000,-12,334.752074,602.606167,1.440000,601.166167
793,-22.048371,-21.174727,-23.174727,-19.174727,noise,buy_from_mm,-19.174727,-13,315.577347,602.206170,1.690000,600.516170
794,-22.371173,-20.601798,-22.601798,-18.601798,informed,none,0.000000,-13,315.577347,606.402599,1.690000,604.712599
795,-20.090956,-19.543969,-21.543969,-17.543969,informed,none,0.000000,-13,315.577347,576.759775,1.690000,575.069775
796,-21.240160,-21.940853,-23.940853,-19.940853,noise,buy_from_mm,-19.940853,-14,295.636494,592.998736,1.960000,591.038736
797,-21.419304,-21.778176,-23.778176,-19.778176,noise,none,0.000000,-14,295.636494,595.506749,1.960000,593.546749
798,-22.155200,-19.884469,-21.884469,-17.884469,informed,sell_to_mm,-21.884469,-13,317.520963,605.538568,1.690000,603.848568
799,-21.068487,-20.275398,-22.275398,-18.275398,noise,buy_from_mm,-18.275398,-14,299.245565,594.204380,1.960000,592.244380
800,-20.402894,-20.482317,-22.482317,-18.482317,noise,sell_to_mm,-22.482317,-13,321.727882,586.965500,1.690000,585.275500
801,-20.523555,-20.224511,-22.224511,-18.224511,informed,none,0.000000,-13,321.727882,588.534096,1.690000,586.844096
802,-19.729240,-21.110652,-23.110652,-19.110652,informed,none,0.000000,-13,321.727882,578.208006,1.690000,576.518006
803,-17.772455,-20.081188,-22.081188,-18.081188,informed,buy_from_mm,-18.081188,-14,303.646694,552.461066,1.960000,550.501066
804,-16.546378,-15.281606,-17.281606,-13.281606,noise,sell_to_mm,-17.281606,-13,320.928300,536.031219,1.690000,534.341219
805,-15.989905,-16.304572,-18.304572,-14.304572,noise,none,0.000000,-13,320.928300,528.797062,1.690000,527.107062
806,-17.843274,-17.698034,-19.698034,-15.698034,noise,none,0.000000,-13,320.928300,552.890857,1.690000,551.200857
807,-19.723319,-18.195568,-20.195568,-16.195568,informed,none,0.000000,-13,320.928300,577.331447,1.690000,575.641447
808,-19.322111,-19.781335,-21.781335,-17.781335,informed,none,0.000000,-13,320.928300,572.115742,1.690000,570.425742
809,-19.292415,-18.746295,-20.746295,-16.746295,noise,sell_to_mm,-20.746295,-12,341.674595,573.183571,1.440000,571.743571
810,-19.712948,-20.374490,-22.374490,-18.374490,informed,none,0.000000,-12,341.674595,578.229968,1.440000,576.789968
811,-20.844439,-20.435540,-22.435540,-18.435540,noise,buy_from_mm,-18.435540,-13,323.239055,594.216756,1.690000,592.526756
812,-22.579264,-21.493593,-23.493593,-19.493593,noise,none,0.000000,-13,323.239055,616.769482,1.690000,615.079482
813,-23.050348,-23.928612,-25.928612,-21.928612,informed,none,0.000000,-13,323.239055,622.893579,1.690000,621.203579
814,-22.322804,-23.516112,-25.516112,-21.516112,informed,none,0.000000,-13,323.239055,613.435511,1.690000,611.745511
815,-22.862361,-21.451726,-23.451726,-19.451726,informed,none,0.000000,-13,323.239055,620.449753,1.690000,618.759753
816,-21.855849,-22.044931,-24.044931,-20.044931,noise,none,0.000000,-13,323.239055,607.365093,1.690000,605.675093
817,-20.441917,-22.018085,-24.018085,-20.018085,noise,none,0.000000,-13,323.239055,588.983972,1.690000,587.293972
818,-21.649888,-21.270612,-23.270612,-19.270612,informed,none,0.000000,-13,323.239055,604.687593,1.690000,602.997593
819,-21.262745,-20.928207,-22.928207,-18.928207,noise,sell_to_mm,-22.928207,-12,346.167263,601.320203,1.440000,599.880203
820,-21.611158,-20.206615,-22.206615,-18.206615,noise,none,0.000000,-12,346.167263,605.501159,1.440000,604.061159
821,-22.112497,-20.824141,-22.824141,-18.824141,noise,none,0.000000,-12,346.167263,611.517226,1.440000,610.077226
822,-19.773280,-21.755557,-23.755557,-19.755557,informed,none,0.000000,-12,346.167263,583.446626,1.440000,582.006626
823,-18.778926,-20.702895,-22.702895,-18.702895,informed,none,0.000000,-12,346.167263,571.514374,1.440000,570.074374
824,-18.252504,-17.973104,-19.973104,-15.973104,noise,none,0.000000,-12,346.167263,565.197316,1.440000,563.757316
825,-19.679570,-19.264360,-21.264360,-17.264360,informed,none,0.000000,-12,346.167263,582.322103,1.440000,580.882103
826,-20.495771,-19.956755,-21.956755,-17.956755,noise,sell_to_mm,-21.956755,-11,368.124017,593.577494,1.210000,592.367494
827,-20.771296,-21.332898,-23.332898,-19.332898,noise,none,0.000000,-11,368.124017,596.608272,1.210000,595.398272
828,-19.948673,-20.145958,-22.145958,-18.145958,noise,none,0.000000,-11,368.124017,587.559417,1.210000,586.349417
829,-20.250235,-19.518797,-21.518797,-17.518797,informed,none,0.000000,-11,368.124017,590.876603,1.210000,589.666603
830,-20.715713,-19.023477,-21.023477,-17.023477,informed,none,0.000000,-11,368.124017,595.996862,1.210000,594.786862
831,-20.471182,-20.774287,-22.774287,-18.774287,noise,none,0.000000,-11,368.124017,593.307014,1.210000,592.097014
832,-20.074208,-20.135736,-22.135736,-18.135736,noise,none,0.000000,-11,368.124017,588.940303,1.210000,587.730303
833,-18.060045,-17.515778,-19.515778,-15.515778,informed,none,0.000000,-11,368.124017,566.784510,1.210000,565.574510
834,-20.763071,-21.102391,-23.102391,-19.102391,noise,none,0.000000,-11,368.124017,596.517800,1.210000,595.307800
835,-20.064693,-21.052220,-23.052220,-19.052220,noise,none,0.000000,-11,368.124017,588.835640,1.210000,587.625640
836,-19.537891,-17.984267,-19.984267,-15.984267,noise,none,0.000000,-11,368.124017,583.040815,1.210000,581.830815
837,-19.645602,-22.140813,-24.140813,-20.140813,noise,none,0.000000,-11,368.124017,584.225638,1.210000,583.015638
838,-20.358896,-19.871383,-21.871383,-17.871383,informed,none,0.000000,-11,368.124017,592.071877,1.210000,590.861877
839,-19.250526,-18.482089,-20.482089,-16.482089,noise,buy_from_mm,-16.482089,-12,351.641928,582.648240,1.440000,581.208240
840,-18.284492,-18.259096,-20.259096,-16.259096,noise,none,0.000000,-12,351.641928,571.055831,1.440000,569.615831
841,-16.251195,-15.408089,-17.408089,-13.408089,noise,buy_from_mm,-13.408089,-13,338.233840,549.499370,1.690000,547.809370
842,-17.084129,-18.016175,-20.016175,-16.016175,noise,buy_from_mm,-16.016175,-14,322.217665,561.395466,1.960000,559.435466
843,-16.957093,-17.763229,-19.763229,-15.763229,noise,none,0.000000,-14,322.217665,559.616972,1.960000,557.656972
844,-16.427247,-17.136334,-19.136334,-15.136334,noise,sell_to_mm,-19.136334,-13,341.353999,554.908204,1.690000,553.218204
845,-15.697803,-14.745167,-16.745167,-12.745167,noise,none,0.000000,-13,341.353999,545.425442,1.690000,543.735442
846,-14.113342,-14.507580,-16.507580,-12.507580,noise,none,0.000000,-13,341.353999,524.827450,1.690000,523.137450
847,-13.313565,-13.763928,-15.763928,-11.763928,noise,buy_from_mm,-11.763928,-14,329.590071,515.979986,1.960000,514.019986
848,-13.532650,-13.136789,-15.136789,-11.136789,noise,none,0.000000,-14,329.590071,519.047176,1.960000,517.087176
849,-14.480300,-14.512349,-16.512349,-12.512349,informed,none,0.000000,-14,329.590071,532.314276,1.960000,530.354276
850,-14.084787,-15.692593,-17.692593,-13.692593,noise,none,0.000000,-14,329.590071,526.777095,1.960000,524.817095
851,-13.005348,-10.769665,-12.769665,-8.769665,noise,none,0.000000,-14,329.590071,511.664948,1.960000,509.704948
852,-12.568487,-15.356859,-17.356859,-13.356859,informed,buy_from_mm,-13.356859,-15,316.233211,504.760522,2.250000,502.510522
853,-12.284350,-13.415194,-15.415194,-11.415194,noise,none,0.000000,-15,316.233211,500.498462,2.250000,498.248462
854,-11.231693,-11.824847,-13.824847,-9.824847,noise,buy_from_mm,-9.824847,-16,306.408364,486.115460,2.560000,483.555460
855,-10.979867,-9.772470,-11.772470,-7.772470,informed,none,0.000000,-16,306.408364,482.086238,2.560000,479.526238
856,-11.622940,-13.302358,-15.302358,-11.302358,noise,none,0.000000,-16,306.408364,492.375412,2.560000,489.815412
857,-10.874080,-9.477478,-11.477478,-7.477478,noise,none,0.000000,-16,306.408364,480.393643,2.560000,477.833643
858,-10.366423,-9.589695,-11.589695,-7.589695,informed,none,0.000000,-16,306.408364,472.271134,2.560000,469.711134
859,-9.636026,-9.508716,-11.508716,-7.508716,informed,none,0.000000,-16,306.408364,460.584786,2.560000,458.024786
860,-10.434987,-11.310248,-13.310248,-9.310248,informed,none,0.000000,-16,306.408364,473.368159,2.560000,470.808159
861,-10.893987,-10.012605,-12.012605,-8.012605,noise,buy_from_mm,-8.012605,-17,298.395760,483.593547,2.890000,480.703547
862,-11.808677,-13.149984,-15.149984,-11.149984,noise,none,0.000000,-17,298.395760,499.143269,2.890000,496.253269
863,-12.115447,-12.429138,-14.429138,-10.429138,informed,none,0.000000,-17,298.395760,504.358365,2.890000,501.468365
864,-13.992797,-12.605643,-14.605643,-10.605643,informed,none,0.000000,-17,298.395760,536.273312,2.890000,533.383312
865,-13.666559,-11.870231,-13.870231,-9.870231,informed,none,0.000000,-17,298.395760,530.727263,2.890000,527.837263
866,-12.849752,-14.422560,-16.422560,-12.422560,noise,sell_to_mm,-16.422560,-16,314.818319,520.414354,2.560000,517.854354
867,-12.996740,-13.837354,-15.837354,-11.837354,informed,none,0.000000,-16,314.818319,522.766157,2.560000,520.206157
868,-12.732146,-12.784066,-14.784066,-10.784066,informed,none,0.000000,-16,314.818319,518.532651,2.560000,515.972651
869,-11.352647,-13.280747,-15.280747,-11.280747,informed,none,0.000000,-16,314.818319,496.460667,2.560000,493.900667
870,-11.132611,-11.560349,-13.560349,-9.560349,noise,none,0.000000,-16,314.818319,492.940095,2.560000,490.380095
871,-10.353851,-11.059296,-13.059296,-9.059296,informed,none,0.000000,-16,314.818319,480.479932,2.560000,477.919932
872,-10.222576,-11.035374,-13.035374,-9.035374,noise,none,0.000000,-16,314.818319,478.379541,2.560000,475.819541
873,-12.709595,-12.250039,-14.250039,-10.250039,noise,none,0.000000,-16,314.818319,518.171837,2.560000,515.611837
874,-12.384312,-11.811846,-13.811846,-9.811846,informed,none,0.000000,-16,314.818319,512.967315,2.560000,510.407315
875,-12.209975,-10.527849,-12.527849,-8.527849,noise,sell_to_mm,-12.527849,-15,327.346169,510.495787,2.250000,508.245787
876,-12.971721,-13.111588,-15.111588,-11.111588,noise,buy_from_mm,-11.111588,-16,316.234581,523.782121,2.560000,521.222121
877,-13.626495,-10.917467,-12.917467,-8.917467,noise,buy_from_mm,-8.917467,-17,307.317114,538.967525,2.890000,536.077525
878,-13.500194,-14.203991,-16.203991,-12.203991,informed,none,0.000000,-17,307.317114,536.820407,2.890000,533.930407
879,-13.637856,-13.874099,-15.874099,-11.874099,noise,none,0.000000,-17,307.317114,539.160660,2.890000,536.270660
880,-15.878437,-15.727573,-17.727573,-13.727573,noise,sell_to_mm,-17.727573,-16,325.044687,579.099674,2.560000,576.539674
881,-16.532527,-16.889193,-18.889193,-14.889193,informed,none,0.000000,-16,325.044687,589.565112,2.560000,587.005112
882,-15.504109,-15.121920,-17.121920,-13.121920,noise,none,0.000000,-16,325.044687,573.110432,2.560000,570.550432
883,-15.550299,-17.874644,-19.874644,-15.874644,noise,none,0.000000,-16,325.044687,573.849473,2.560000,571.289473
884,-15.415874,-15.477592,-17.477592,-13.477592,noise,none,0.000000,-16,325.044687,571.698674,2.560000,569.138674
885,-13.394415,-14.121249,-16.121249,-12.121249,noise,none,0.000000,-16,325.044687,539.355331,2.560000,536.795331
886,-13.899327,-12.266211,-14.266211,-10.266211,informed,none,0.000000,-16,325.044687,547.433926,2.560000,544.873926
887,-13.573543,-13.507432,-15.507432,-11.507432,noise,sell_to_mm,-15.507432,-15,340.552119,544.155261,2.250000,541.905261
888,-11.415380,-9.459968,-11.459968,-7.459968,noise,none,0.000000,-15,340.552119,511.782821,2.250000,509.532821
889,-11.046998,-10.051840,-12.051840,-8.051840,informed,none,0.000000,-15,340.552119,506.257083,2.250000,504.007083
890,-10.683338,-9.394458,-11.394458,-7.394458,noise,none,0.000000,-15,340.552119,500.802196,2.250000,498.552196
891,-11.345005,-11.481352,-13.481352,-9.481352,noise,none,0.000000,-15,340.552119,510.727188,2.250000,508.477188
892,-9.006413,-9.832137,-11.832137,-7.832137,informed,none,0.000000,-15,340.552119,475.648316,2.250000,473.398316
893,-8.437686,-8.297264,-10.297264,-6.297264,noise,none,0.000000,-15,340.552119,467.117407,2.250000,464.867407
894,-9.540269,-7.759744,-9.759744,-5.759744,informed,none,0.000000,-15,340.552119,483.656151,2.250000,481.406151
895,-9.882489,-9.542015,-11.542015,-7.542015,informed,none,0.000000,-15,340.552119,488.789453,2.250000,486.539453
896,-10.181616,-12.014681,-14.014681,-10.014681,informed,none,0.000000,-15,340.552119,493.276362,2.250000,491.026362
897,-9.538092,-8.585907,-10.585907,-6.585907,noise,none,0.000000,-15,340.552119,483.623492,2.250000,481.373492
898,-8.075500,-8.204436,-10.204436,-6.204436,noise,none,0.000000,-15,340.552119,461.684623,2.250000,459.434623
899,-9.132214,-9.634558,-11.634558,-7.634558,noise,buy_from_mm,-7.634558,-16,332.917561,479.032980,2.560000,476.472980
900,-8.708019,-9.831494,-11.831494,-7.831494,noise,sell_to_mm,-11.831494,-15,344.749055,475.369335,2.250000,473.119335
901,-8.678892,-8.966250,-10.966250,-6.966250,informed,none,0.000000,-15,344.749055,474.932429,2.250000,472.682429
902,-9.212136,-9.002330,-11.002330,-7.002330,informed,none,0.000000,-15,344.749055,482.931087,2.250000,480.681087
903,-8.343508,-8.550168,-10.550168,-6.550168,noise,none,0.000000,-15,344.749055,469.901677,2.250000,467.651677
904,-6.918722,-6.995153,-8.995153,-4.995153,noise,none,0.000000,-15,344.749055,448.529886,2.250000,446.279886
905,-7.687447,-7.664411,-9.664411,-5.664411,noise,sell_to_mm,-9.664411,-14,354.413465,462.037725,1.960000,460.077725
906,-8.922246,-10.298516,-12.298516,-8.298516,noise,buy_from_mm,-8.298516,-15,346.114950,479.948633,2.250000,477.698633
907,-8.314531,-7.885920,-9.885920,-5.885920,informed,none,0.000000,-15,346.114950,470.832917,2.250000,468.582917
908,-7.071155,-5.826690,-7.826690,-3.826690,noise,none,0.000000,-15,346.114950,452.182280,2.250000,449.932280
909,-9.516519,-9.060270,-11.060270,-7.060270,noise,none,0.000000,-15,346.114950,488.862742,2.250000,486.612742
910,-9.632844,-9.402019,-11.402019,-7.402019,noise,none,0.000000,-15,346.114950,490.607606,2.250000,488.357606
911,-9.779148,-10.677088,-12.677088,-8.677088,noise,none,0.000000,-15,346.114950,492.802168,2.250000,490.552168
912,-10.272472,-11.736395,-13.736395,-9.736395,noise,none,0.000000,-15,346.114950,500.202036,2.250000,497.952036
913,-10.303588,-9.927164,-11.927164,-7.927164,informed,none,0.000000,-15,346.114950,500.668770,2.250000,498.418770
914,-10.710885,-11.550092,-13.550092,-9.550092,noise,sell_to_mm,-13.550092,-14,359.665042,509.617430,1.960000,507.657430
915,-9.306264,-9.030397,-11.030397,-7.030397,informed,none,0.000000,-14,359.665042,489.952744,1.960000,487.992744
916,-8.085407,-8.681471,-10.681471,-6.681471,informed,none,0.000000,-14,359.665042,472.860740,1.960000,470.900740
917,-8.003594,-6.309937,-8.309937,-4.309937,informed,none,0.000000,-14,359.665042,471.715363,1.960000,469.755363
918,-10.081856,-9.987913,-11.987913,-7.987913,noise,none,0.000000,-14,359.665042,500.811031,1.960000,498.851031
919,-10.128310,-9.085936,-11.085936,-7.085936,noise,none,0.000000,-14,359.665042,501.461382,1.960000,499.501382
920,-9.800227,-9.521284,-11.521284,-7.521284,noise,none,0.000000,-14,359.665042,496.868216,1.960000,494.908216
921,-10.427547,-10.223990,-12.223990,-8.223990,informed,none,0.000000,-14,359.665042,505.650704,1.960000,503.690704
922,-10.770896,-11.349482,-13.349482,-9.349482,noise,none,0.000000,-14,359.665042,510.457585,1.960000,508.497585
923,-11.847613,-11.158698,-13.158698,-9.158698,informed,none,0.000000,-14,359.665042,525.531626,1.960000,523.571626
924,-12.489503,-13.837056,-15.837056,-11.837056,noise,none,0.000000,-14,359.665042,534.518080,1.960000,532.558080
925,-12.344138,-13.808803,-15.808803,-11.808803,noise,sell_to_mm,-15.808803,-13,375.473845,535.947640,1.690000,534.257640
926,-12.678453,-13.569110,-15.569110,-11.569110,noise,sell_to_mm,-15.569110,-12,391.042955,543.184397,1.440000,541.744397
927,-13.040398,-13.246549,-15.246549,-11.246549,noise,sell_to_mm,-15.246549,-11,406.289504,549.733884,1.210000,548.523884
928,-16.062508,-16.778301,-18.778301,-14.778301,noise,none,0.000000,-11,406.289504,582.977095,1.210000,581.767095
929,-15.926182,-16.435663,-18.435663,-14.435663,informed,none,0.000000,-11,406.289504,581.477502,1.210000,580.267502
930,-18.298451,-16.712488,-18.712488,-14.712488,informed,none,0.000000,-11,406.289504,607.572465,1.210000,606.362465
931,-17.962028,-17.329700,-19.329700,-15.329700,informed,none,0.000000,-11,406.289504,603.871817,1.210000,602.661817
932,-18.609887,-21.127693,-23.127693,-19.127693,informed,buy_from_mm,-19.127693,-12,387.161812,610.480456,1.440000,609.040456
933,-18.159332,-17.778489,-19.778489,-15.778489,informed,none,0.000000,-12,387.161812,605.073798,1.440000,603.633798
934,-17.515641,-17.022783,-19.022783,-15.022783,informed,none,0.000000,-12,387.161812,597.349502,1.440000,595.909502
935,-18.360385,-17.577870,-19.577870,-15.577870,noise,none,0.000000,-12,387.161812,607.486436,1.440000,606.046436
936,-19.129953,-18.976359,-20.976359,-16.976359,informed,none,0.000000,-12,387.161812,616.721251,1.440000,615.281251
937,-17.623279,-16.239902,-18.239902,-14.239902,noise,none,0.000000,-12,387.161812,598.641154,1.440000,597.201154
938,-17.236584,-16.941084,-18.941084,-14.941084,informed,none,0.000000,-12,387.161812,594.000825,1.440000,592.560825
939,-17.244031,-16.883043,-18.883043,-14.883043,noise,sell_to_mm,-18.883043,-11,406.044854,595.729193,1.210000,594.519193
940,-16.471045,-16.129736,-18.129736,-14.129736,informed,none,0.000000,-11,406.044854,587.226353,1.210000,586.016353
941,-18.104972,-18.433694,-20.433694,-16.433694,informed,none,0.000000,-11,406.044854,605.199541,1.210000,603.989541
942,-17.550828,-16.645188,-18.645188,-14.645188,noise,none,0.000000,-11,406.044854,599.103958,1.210000,597.893958
943,-18.286510,-17.780263,-19.780263,-15.780263,noise,none,0.000000,-11,406.044854,607.196461,1.210000,605.986461
944,-17.719969,-18.327527,-20.327527,-16.327527,noise,buy_from_mm,-16.327527,-12,389.717328,602.356954,1.440000,600.916954
945,-17.357072,-16.373704,-18.373704,-14.373704,noise,none,0.000000,-12,389.717328,598.002190,1.440000,596.562190
946,-15.814034,-15.546896,-17.546896,-13.546896,informed,none,0.000000,-12,389.717328,579.485738,1.440000,578.045738
947,-15.275988,-15.237248,-17.237248,-13.237248,informed,none,0.000000,-12,389.717328,573.029180,1.440000,571.589180
948,-15.662030,-14.372522,-16.372522,-12.372522,noise,none,0.000000,-12,389.717328,577.661683,1.440000,576.221683
949,-17.984800,-18.915988,-20.915988,-16.915988,informed,none,0.000000,-12,389.717328,605.534929,1.440000,604.094929
950,-16.664352,-16.230941,-18.230941,-14.230941,informed,none,0.000000,-12,389.717328,589.689549,1.440000,588.249549
951,-16.733019,-15.956139,-17.956139,-13.956139,informed,none,0.000000,-12,389.717328,590.513557,1.440000,589.073557
952,-15.477122,-14.593538,-16.593538,-12.593538,informed,none,0.000000,-12,389.717328,575.442793,1.440000,574.002793
953,-14.346996,-14.518951,-16.518951,-12.518951,informed,none,0.000000,-12,389.717328,561.881274,1.440000,560.441274
954,-14.630038,-14.497365,-16.497365,-12.497365,informed,none,0.000000,-12,389.717328,565.277780,1.440000,563.837780
955,-13.268538,-12.869129,-14.869129,-10.869129,informed,none,0.000000,-12,389.717328,548.939786,1.440000,547.499786
956,-13.600668,-13.554982,-15.554982,-11.554982,noise,none,0.000000,-12,389.717328,552.925348,1.440000,551.485348
957,-13.261488,-14.540648,-16.540648,-12.540648,noise,none,0.000000,-12,389.717328,548.855186,1.440000,547.415186
958,-13.315931,-13.845835,-15.845835,-11.845835,informed,none,0.000000,-12,389.717328,549.508505,1.440000,548.068505
959,-13.072024,-14.029746,-16.029746,-12.029746,informed,none,0.000000,-12,389.717328,546.581618,1.440000,545.141618
960,-12.851112,-12.445499,-14.445499,-10.445499,noise,none,0.000000,-12,389.717328,543.930669,1.440000,542.490669
961,-13.932442,-13.919193,-15.919193,-11.919193,informed,none,0.000000,-12,389.717328,556.906628,1.440000,555.466628
962,-12.497457,-13.021768,-15.021768,-11.021768,noise,buy_from_mm,-11.021768,-13,378.695560,541.162497,1.690000,539.472497
963,-12.373509,-13.205827,-15.205827,-11.205827,noise,none,0.000000,-13,378.695560,539.551178,1.690000,537.861178
964,-11.276327,-11.204407,-13.204407,-9.204407,informed,none,0.000000,-13,378.695560,525.287814,1.690000,523.597814
965,-11.129169,-12.083684,-14.083684,-10.083684,noise,none,0.000000,-13,378.695560,523.374756,1.690000,521.684756
966,-10.502692,-10.198344,-12.198344,-8.198344,noise,none,0.000000,-13,378.695560,515.230557,1.690000,513.540557
967,-10.011530,-8.937007,-10.937007,-6.937007,noise,buy_from_mm,-6.937007,-14,371.758553,511.919969,1.960000,509.959969
968,-10.176252,-9.565510,-11.565510,-7.565510,noise,none,0.000000,-14,371.758553,514.226085,1.960000,512.266085
969,-11.026078,-12.874043,-14.874043,-10.874043,informed,none,0.000000,-14,371.758553,526.123651,1.960000,524.163651
970,-8.710715,-9.178060,-11.178060,-7.178060,informed,none,0.000000,-14,371.758553,493.708558,1.960000,491.748558
971,-8.321491,-7.806353,-9.806353,-5.806353,noise,buy_from_mm,-5.806353,-15,365.952200,490.774567,2.250000,488.524567
972,-7.462355,-7.585331,-9.585331,-5.585331,noise,sell_to_mm,-9.585331,-14,375.537531,480.010508,1.960000,478.050508
973,-7.271207,-6.112636,-8.112636,-4.112636,noise,none,0.000000,-14,375.537531,477.334430,1.960000,475.374430
974,-7.002067,-7.704550,-9.704550,-5.704550,noise,none,0.000000,-14,375.537531,473.566475,1.960000,471.606475
975,-7.835553,-6.514155,-8.514155,-4.514155,informed,none,0.000000,-14,375.537531,485.235275,1.960000,483.275275
976,-7.119190,-7.225583,-9.225583,-5.225583,informed,none,0.000000,-14,375.537531,475.206195,1.960000,473.246195
977,-7.413194,-6.843244,-8.843244,-4.843244,noise,none,0.000000,-14,375.537531,479.322245,1.960000,477.362245
978,-8.744245,-8.069619,-10.069619,-6.069619,noise,none,0.000000,-14,375.537531,497.956967,1.960000,495.996967
979,-7.360295,-7.428321,-9.428321,-5.428321,noise,none,0.000000,-14,375.537531,478.581657,1.960000,476.621657
980,-8.039042,-8.908831,-10.908831,-6.908831,informed,none,0.000000,-14,375.537531,488.084121,1.960000,486.124121
981,-7.226644,-7.815438,-9.815438,-5.815438,informed,none,0.000000,-14,375.537531,476.710552,1.960000,474.750552
982,-7.334263,-8.647680,-10.647680,-6.647680,noise,none,0.000000,-14,375.537531,478.217212,1.960000,476.257212
983,-5.988103,-4.123429,-6.123429,-2.123429,noise,none,0.000000,-14,375.537531,459.370970,1.960000,457.410970
984,-6.808352,-5.356301,-7.356301,-3.356301,noise,sell_to_mm,-7.356301,-13,382.893832,471.402410,1.690000,469.712410
985,-8.038369,-7.983249,-9.983249,-5.983249,noise,none,0.000000,-13,382.893832,487.392633,1.690000,485.702633
986,-9.804408,-8.674603,-10.674603,-6.674603,noise,buy_from_mm,-6.674603,-14,376.219230,513.480943,1.960000,511.520943
987,-9.172181,-10.173242,-12.173242,-8.173242,informed,none,0.000000,-14,376.219230,504.629760,1.960000,502.669760
988,-9.001211,-7.983623,-9.983623,-5.983623,informed,none,0.000000,-14,376.219230,502.236184,1.960000,500.276184
989,-10.226844,-9.851630,-11.851630,-7.851630,informed,none,0.000000,-14,376.219230,519.395049,1.960000,517.435049
990,-10.273593,-11.387006,-13.387006,-9.387006,informed,none,0.000000,-14,376.219230,520.049537,1.960000,518.089537
991,-9.355886,-7.275152,-9.275152,-5.275152,informed,sell_to_mm,-9.275152,-13,385.494382,507.120894,1.690000,505.430894
992,-7.567445,-6.891507,-8.891507,-4.891507,noise,none,0.000000,-13,385.494382,483.871168,1.690000,482.181168
993,-7.595693,-7.608738,-9.608738,-5.608738,noise,none,0.000000,-13,385.494382,484.238386,1.690000,482.548386
994,-8.108202,-6.480684,-8.480684,-4.480684,noise,none,0.000000,-13,385.494382,490.901006,1.690000,489.211006
995,-8.965733,-8.988321,-10.988321,-6.988321,noise,none,0.000000,-13,385.494382,502.048910,1.690000,500.358910
996,-8.977337,-6.557167,-8.557167,-4.557167,noise,none,0.000000,-13,385.494382,502.199760,1.690000,500.509760
997,-11.239807,-11.935952,-13.935952,-9.935952,informed,none,0.000000,-13,385.494382,531.611872,1.690000,529.921872
998,-11.876947,-12.431851,-14.431851,-10.431851,noise,none,0.000000,-13,385.494382,539.894699,1.690000,538.204699
999,-11.362750,-11.155996,-13.155996,-9.155996,informed,none,0.000000,-13,385.494382,533.210128,1.690000,531.520128
1000,-11.858611,-11.204107,-13.204107,-9.204107,noise,sell_to_mm,-13.204107,-12,398.698490,541.001825,1.440000,539.561825
1001,-12.631599,-11.967794,-13.967794,-9.967794,noise,none,0.000000,-12,398.698490,550.277676,1.440000,548.837676
1002,-11.847465,-13.208863,-15.208863,-11.208863,noise,buy_from_mm,-11.208863,-13,387.489627,541.506676,1.690000,539.816676
1003,-10.724126,-11.934531,-13.934531,-9.934531,noise,none,0.000000,-13,387.489627,526.903262,1.690000,525.213262
1004,-11.656060,-10.677930,-12.677930,-8.677930,informed,none,0.000000,-13,387.489627,539.018403,1.690000,537.328403
1005,-10.985280,-9.237974,-11.237974,-7.237974,noise,none,0.000000,-13,387.489627,530.298264,1.690000,528.608264
1006,-10.531260,-9.738293,-11.738293,-7.738293,informed,none,0.000000,-13,387.489627,524.396009,1.690000,522.706009
1007,-10.075216,-11.396486,-13.396486,-9.396486,noise,none,0.000000,-13,387.489627,518.467436,1.690000,516.777436
1008,-10.360854,-10.814127,-12.814127,-8.814127,noise,none,0.000000,-13,387.489627,522.180732,1.690000,520.490732
1009,-10.819375,-9.605724,-11.605724,-7.605724,informed,none,0.000000,-13,387.489627,528.141498,1.690000,526.451498
1010,-12.149537,-11.546521,-13.546521,-9.546521,informed,none,0.000000,-13,387.489627,545.433604,1.690000,543.743604
1011,-12.288040,-12.099925,-14.099925,-10.099925,noise,sell_to_mm,-14.099925,-12,401.589551,549.046030,1.440000,547.606030
1012,-13.128406,-13.662802,-15.662802,-11.662802,noise,sell_to_mm,-15.662802,-11,417.252353,561.664823,1.210000,560.454823
1013,-13.705892,-13.487190,-15.487190,-11.487190,informed,none,0.000000,-11,417.252353,568.017162,1.210000,566.807162
1014,-13.528608,-14.299336,-16.299336,-12.299336,noise,none,0.000000,-11,417.252353,566.067039,1.210000,564.857039
1015,-13.616421,-13.830986,-15.830986,-11.830986,noise,buy_from_mm,-11.830986,-12,405.421367,568.818419,1.440000,567.378419
1016,-13.128564,-13.936810,-15.936810,-11.936810,informed,none,0.000000,-12,405.421367,562.964137,1.440000,561.524137
1017,-13.897486,-13.174114,-15.174114,-11.174114,noise,none,0.000000,-12,405.421367,572.191197,1.440000,570.751197
1018,-14.875067,-12.697471,-14.697471,-10.697471,noise,none,0.000000,-12,405.421367,583.922175,1.440000,582.482175
1019,-14.756861,-13.888315,-15.888315,-11.888315,informed,none,0.000000,-12,405.421367,582.503699,1.440000,581.063699
1020,-12.925158,-11.729313,-13.729313,-9.729313,noise,none,0.000000,-12,405.421367,560.523265,1.440000,559.083265
1021,-12.346432,-11.004816,-13.004816,-9.004816,noise,none,0.000000,-12,405.421367,553.578555,1.440000,552.138555
1022,-11.978995,-12.185561,-14.185561,-10.185561,informed,none,0.000000,-12,405.421367,549.169311,1.440000,547.729311
1023,-11.425634,-12.652876,-14.652876,-10.652876,informed,none,0.000000,-12,405.421367,542.528972,1.440000,541.088972
1024,-11.770510,-11.448199,-13.448199,-9.448199,informed,none,0.000000,-12,405.421367,546.667491,1.440000,545.227491
1025,-11.831687,-10.231857,-12.231857,-8.231857,informed,none,0.000000,-12,405.421367,547.401611,1.440000,545.961611
1026,-11.731506,-10.776362,-12.776362,-8.776362,informed,none,0.000000,-12,405.421367,546.199440,1.440000,544.759440
1027,-12.319211,-11.299145,-13.299145,-9.299145,noise,none,0.000000,-12,405.421367,553.251898,1.440000,551.811898
1028,-12.682388,-12.718008,-14.718008,-10.718008,noise,buy_from_mm,-10.718008,-13,394.703359,559.574406,1.690000,557.884406
1029,-13.434555,-13.660883,-15.660883,-11.660883,informed,none,0.000000,-13,394.703359,569.352578,1.690000,567.662578
1030,-13.557769,-15.102717,-17.102717,-13.102717,noise,none,0.000000,-13,394.703359,570.954352,1.690000,569.264352
1031,-14.511454,-14.540613,-16.540613,-12.540613,noise,sell_to_mm,-16.540613,-12,411.243972,585.381415,1.440000,583.941415
1032,-14.754929,-13.211667,-15.211667,-11.211667,noise,sell_to_mm,-15.211667,-11,426.455639,588.759860,1.210000,587.549860
1033,-16.752622,-16.568075,-18.568075,-14.568075,informed,none,0.000000,-11,426.455639,610.734479,1.210000,609.524479
1034,-17.461306,-16.950985,-18.950985,-14.950985,informed,none,0.000000,-11,426.455639,618.530009,1.210000,617.320009
1035,-17.952787,-18.357468,-20.357468,-16.357468,informed,none,0.000000,-11,426.455639,623.936298,1.210000,622.726298
1036,-19.370097,-19.429773,-21.429773,-17.429773,noise,none,0.000000,-11,426.455639,639.526711,1.210000,638.316711
1037,-18.158735,-18.918789,-20.918789,-16.918789,informed,none,0.000000,-11,426.455639,626.201726,1.210000,624.991726
1038,-18.070372,-18.249938,-20.249938,-16.249938,noise,none,0.000000,-11,426.455639,625.229728,1.210000,624.019728
1039,-19.322344,-18.782975,-20.782975,-16.782975,informed,none,0.000000,-11,426.455639,639.001423,1.210000,637.791423
1040,-20.168296,-21.119648,-23.119648,-19.119648,informed,none,0.000000,-11,426.455639,648.306893,1.210000,647.096893
1041,-20.614300,-19.468514,-21.468514,-17.468514,noise,none,0.000000,-11,426.455639,653.212936,1.210000,652.002936
1042,-20.840046,-20.230382,-22.230382,-18.230382,noise,buy_from_mm,-18.230382,-12,408.225257,658.305811,1.440000,656.865811
1043,-20.731613,-20.640398,-22.640398,-18.640398,noise,none,0.000000,-12,408.225257,657.004611,1.440000,655.564611
1044,-21.605489,-21.268008,-23.268008,-19.268008,noise,none,0.000000,-12,408.225257,667.491122,1.440000,666.051122
1045,-21.224458,-22.260595,-24.260595,-20.260595,noise,none,0.000000,-12,408.225257,662.918756,1.440000,661.478756
1046,-21.494756,-20.235006,-22.235006,-18.235006,informed,none,0.000000,-12,408.225257,666.162331,1.440000,664.722331
1047,-21.443784,-19.827924,-21.827924,-17.827924,informed,none,0.000000,-12,408.225257,665.550667,1.440000,664.110667
1048,-20.435803,-20.133309,-22.133309,-18.133309,noise,sell_to_mm,-22.133309,-11,430.358566,655.152402,1.210000,653.942402
1049,-20.008529,-20.549866,-22.549866,-18.549866,noise,buy_from_mm,-18.549866,-12,411.808699,651.911053,1.440000,650.471053
1050,-20.994820,-20.216561,-22.216561,-18.216561,noise,none,0.000000,-12,411.808699,663.746543,1.440000,662.306543
1051,-19.739445,-18.531370,-20.531370,-16.531370,noise,none,0.000000,-12,411.808699,648.682041,1.440000,647.242041
1052,-18.367180,-17.821935,-19.821935,-15.821935,informed,none,0.000000,-12,411.808699,632.214860,1.440000,630.774860
1053,-18.291858,-17.021214,-19.021214,-15.021214,informed,none,0.000000,-12,411.808699,631.310999,1.440000,629.870999
1054,-19.615079,-19.393674,-21.393674,-17.393674,noise,none,0.000000,-12,411.808699,647.189642,1.440000,645.749642
1055,-19.488086,-20.187112,-22.187112,-18.187112,noise,none,0.000000,-12,411.808699,645.665727,1.440000,644.225727
1056,-20.003801,-18.649442,-20.649442,-16.649442,noise,none,0.000000,-12,411.808699,651.854306,1.440000,650.414306
1057,-19.180920,-18.333798,-20.333798,-16.333798,noise,sell_to_mm,-20.333798,-11,432.142497,643.132615,1.210000,641.922615
1058,-18.271021,-18.699324,-20.699324,-16.699324,informed,none,0.000000,-11,432.142497,633.123724,1.210000,631.913724
1059,-18.684249,-18.408351,-20.408351,-16.408351,informed,none,0.000000,-11,432.142497,637.669237,1.210000,636.459237
1060,-16.965168,-16.111868,-18.111868,-14.111868,noise,none,0.000000,-11,432.142497,618.759344,1.210000,617.549344
1061,-16.756023,-14.697463,-16.697463,-12.697463,noise,none,0.000000,-11,432.142497,616.458747,1.210000,615.248747
1062,-16.260013,-16.504596,-18.504596,-14.504596,noise,none,0.000000,-11,432.142497,611.002640,1.210000,609.792640
1063,-15.580007,-15.805936,-17.805936,-13.805936,informed,none,0.000000,-11,432.142497,603.522569,1.210000,602.312569
1064,-14.194643,-13.278619,-15.278619,-11.278619,noise,none,0.000000,-11,432.142497,588.283566,1.210000,587.073566
1065,-13.313125,-13.583312,-15.583312,-11.583312,noise,buy_from_mm,-11.583312,-12,420.559185,580.316682,1.440000,578.876682
1066,-14.242106,-12.927106,-14.927106,-10.927106,noise,buy_from_mm,-10.927106,-13,409.632079,594.779462,1.690000,593.089462
1067,-15.300614,-15.640464,-17.640464,-13.640464,informed,none,0.000000,-13,409.632079,608.540057,1.690000,606.850057
1068,-14.833898,-16.266307,-18.266307,-14.266307,noise,buy_from_mm,-14.266307,-14,395.365772,603.040346,1.960000,601.080346
1069,-13.950167,-12.753212,-14.753212,-10.753212,noise,none,0.000000,-14,395.365772,590.668110,1.960000,588.708110
1070,-13.102255,-12.456681,-14.456681,-10.456681,noise,none,0.000000,-14,395.365772,578.797338,1.960000,576.837338
1071,-13.619358,-13.606331,-15.606331,-11.606331,noise,sell_to_mm,-15.606331,-13,410.972103,588.023756,1.690000,586.333756
1072,-15.374601,-16.405226,-18.405226,-14.405226,noise,none,0.000000,-13,410.972103,610.841915,1.690000,609.151915
1073,-16.667738,-18.975418,-20.975418,-16.975418,noise,buy_from_mm,-16.975418,-14,393.996685,627.345011,1.960000,625.385011
1074,-15.789681,-16.432097,-18.432097,-14.432097,informed,none,0.000000,-14,393.996685,615.052221,1.960000,613.092221
1075,-15.859192,-14.486544,-16.486544,-12.486544,informed,none,0.000000,-14,393.996685,616.025370,1.960000,614.065370
1076,-16.319070,-16.256765,-18.256765,-14.256765,noise,none,0.000000,-14,393.996685,622.463660,1.960000,620.503660
1077,-14.439982,-15.133500,-17.133500,-13.133500,noise,none,0.000000,-14,393.996685,596.156431,1.960000,594.196431
1078,-14.968197,-13.575173,-15.575173,-11.575173,noise,sell_to_mm,-15.575173,-13,409.571858,604.158412,1.690000,602.468412
1079,-15.183894,-15.398834,-17.398834,-13.398834,noise,none,0.000000,-13,409.571858,606.962476,1.690000,605.272476
1080,-14.460663,-14.905924,-16.905924,-12.905924,noise,none,0.000000,-13,409.571858,597.560482,1.690000,595.870482
1081,-14.403218,-14.808474,-16.808474,-12.808474,noise,none,0.000000,-13,409.571858,596.813688,1.690000,595.123688
1082,-14.823519,-14.324505,-16.324505,-12.324505,noise,none,0.000000,-13,409.571858,602.277610,1.690000,600.587610
1083,-14.498149,-14.376801,-16.376801,-12.376801,noise,sell_to_mm,-16.376801,-12,425.948658,599.926447,1.440000,598.486447
1084,-13.837011,-14.128944,-16.128944,-12.128944,noise,none,0.000000,-12,425.948658,591.992794,1.440000,590.552794
1085,-12.524361,-13.452619,-15.452619,-11.452619,informed,none,0.000000,-12,425.948658,576.240989,1.440000,574.800989
1086,-14.472921,-14.253134,-16.253134,-12.253134,noise,buy_from_mm,-12.253134,-13,413.695524,601.843501,1.690000,600.153501
1087,-15.084909,-15.551008,-17.551008,-13.551008,noise,none,0.000000,-13,413.695524,609.799341,1.690000,608.109341
1088,-13.805625,-15.222545,-17.222545,-13.222545,noise,sell_to_mm,-17.222545,-12,430.918069,596.585564,1.440000,595.145564
1089,-11.680609,-11.734419,-13.734419,-9.734419,noise,buy_from_mm,-9.734419,-13,421.183650,573.031561,1.690000,571.341561
1090,-13.381452,-12.189286,-14.189286,-10.189286,noise,none,0.000000,-13,421.183650,595.142531,1.690000,593.452531
1091,-12.806772,-11.968866,-13.968866,-9.968866,informed,none,0.000000,-13,421.183650,587.671680,1.690000,585.981680
1092,-13.040050,-13.147935,-15.147935,-11.147935,informed,none,0.000000,-13,421.183650,590.704296,1.690000,589.014296
1093,-13.498413,-13.984382,-15.984382,-11.984382,informed,none,0.000000,-13,421.183650,596.663015,1.690000,594.973015
1094,-12.636762,-11.285977,-13.285977,-9.285977,noise,none,0.000000,-13,421.183650,585.461552,1.690000,583.771552
1095,-12.159429,-11.870517,-13.870517,-9.870517,informed,none,0.000000,-13,421.183650,579.256223,1.690000,577.566223
1096,-11.634946,-11.627896,-13.627896,-9.627896,noise,none,0.000000,-13,421.183650,572.437949,1.690000,570.747949
1097,-11.565152,-13.977380,-15.977380,-11.977380,noise,none,0.000000,-13,421.183650,571.530627,1.690000,569.840627
1098,-11.974148,-11.692740,-13.692740,-9.692740,informed,none,0.000000,-13,421.183650,576.847570,1.690000,575.157570
1099,-11.594225,-12.223773,-14.223773,-10.223773,noise,sell_to_mm,-14.223773,-12,435.407423,574.538126,1.440000,573.098126
1100,-12.051954,-11.422539,-13.422539,-9.422539,noise,none,0.000000,-12,435.407423,580.030867,1.440000,578.590867
1101,-12.364564,-14.260119,-16.260119,-12.260119,noise,buy_from_mm,-12.260119,-13,423.147304,583.886637,1.690000,582.196637
1102,-12.299351,-13.563086,-15.563086,-11.563086,informed,none,0.000000,-13,423.147304,583.038861,1.690000,581.348861
1103,-10.852002,-10.365915,-12.365915,-8.365915,noise,none,0.000000,-13,423.147304,564.223335,1.690000,562.533335
1104,-10.857649,-10.363655,-12.363655,-8.363655,noise,none,0.000000,-13,423.147304,564.296738,1.690000,562.606738
1105,-10.603333,-10.865337,-12.865337,-8.865337,noise,none,0.000000,-13,423.147304,560.990634,1.690000,559.300634
1106,-10.725455,-11.141950,-13.141950,-9.141950,noise,none,0.000000,-13,423.147304,562.578216,1.690000,560.888216
1107,-8.708821,-9.121233,-11.121233,-7.121233,informed,none,0.000000,-13,423.147304,536.361972,1.690000,534.671972
1108,-9.705217,-8.718767,-10.718767,-6.718767,noise,none,0.000000,-13,423.147304,549.315128,1.690000,547.625128
1109,-8.562266,-9.643927,-11.643927,-7.643927,noise,none,0.000000,-13,423.147304,534.456756,1.690000,532.766756
1110,-6.808738,-5.684321,-7.684321,-3.684321,informed,none,0.000000,-13,423.147304,511.660896,1.690000,509.970896
1111,-6.665098,-4.824359,-6.824359,-2.824359,informed,none,0.000000,-13,423.147304,509.793582,1.690000,508.103582
1112,-6.828017,-7.625741,-9.625741,-5.625741,noise,none,0.000000,-13,423.147304,511.911521,1.690000,510.221521
1113,-6.478073,-7.806497,-9.806497,-5.806497,noise,none,0.000000,-13,423.147304,507.362250,1.690000,505.672250
1114,-5.364154,-4.551980,-6.551980,-2.551980,noise,none,0.000000,-13,423.147304,492.881301,1.690000,491.191301
1115,-6.434140,-5.740217,-7.740217,-3.740217,noise,sell_to_mm,-7.740217,-12,430.887520,508.097205,1.440000,506.657205
1116,-7.986784,-7.502184,-9.502184,-5.502184,noise,sell_to_mm,-9.502184,-11,440.389704,528.244329,1.210000,527.034329
1117,-7.595404,-8.315503,-10.315503,-6.315503,informed,none,0.000000,-11,440.389704,523.939150,1.210000,522.729150
1118,-6.992406,-8.272992,-10.272992,-6.272992,noise,none,0.000000,-11,440.389704,517.306165,1.210000,516.096165
1119,-8.054050,-8.399784,-10.399784,-6.399784,noise,buy_from_mm,-6.399784,-12,433.989920,530.638516,1.440000,529.198516
1120,-7.911363,-8.561436,-10.561436,-6.561436,noise,none,0.000000,-12,433.989920,528.926276,1.440000,527.486276
1121,-7.817895,-10.395101,-12.395101,-8.395101,noise,none,0.000000,-12,433.989920,527.804655,1.440000,526.364655
1122,-7.481281,-7.674079,-9.674079,-5.674079,informed,none,0.000000,-12,433.989920,523.765297,1.440000,522.325297
1123,-7.168685,-7.750024,-9.750024,-5.750024,informed,none,0.000000,-12,433.989920,520.014139,1.440000,518.574139
1124,-5.559242,-5.541775,-7.541775,-3.541775,informed,none,0.000000,-12,433.989920,500.700823,1.440000,499.260823
1125,-5.061753,-5.138986,-7.138986,-3.138986,informed,none,0.000000,-12,433.989920,494.730959,1.440000,493.290959
1126,-4.140194,-2.573952,-4.573952,-0.573952,informed,none,0.000000,-12,433.989920,483.672245,1.440000,482.232245
1127,-4.500533,-4.373719,-6.373719,-2.373719,noise,buy_from_mm,-2.373719,-13,431.616201,490.123131,1.690000,488.433131
1128,-2.935451,-3.262046,-5.262046,-1.262046,informed,none,0.000000,-13,431.616201,469.777060,1.690000,468.087060
1129,-2.594392,0.836531,-1.163469,2.836531,informed,sell_to_mm,-1.163469,-12,432.779670,463.912376,1.440000,462.472376
1130,-2.337779,-2.208682,-4.208682,-0.208682,noise,none,0.000000,-12,432.779670,460.833016,1.440000,459.393016
1131,-2.671115,-1.088379,-3.088379,0.911621,informed,none,0.000000,-12,432.779670,464.833050,1.440000,463.393050
1132,-3.787784,-4.302666,-6.302666,-2.302666,informed,none,0.000000,-12,432.779670,478.233083,1.440000,476.793083
1133,-3.571470,-3.967402,-5.967402,-1.967402,noise,none,0.000000,-12,432.779670,475.637314,1.440000,474.197314
1134,-1.702880,-0.689410,-2.689410,1.310590,informed,none,0.000000,-12,432.779670,453.214232,1.440000,451.774232
1135,-0.219469,0.012331,-1.987669,2.012331,noise,buy_from_mm,2.012331,-13,434.792001,437.645102,1.690000,435.955102
1136,0.393537,0.976510,-1.023490,2.976510,informed,none,0.000000,-13,434.792001,429.676015,1.690000,427.986015
1137,0.954145,-0.279978,-2.279978,1.720022,informed,none,0.000000,-13,434.792001,422.388116,1.690000,420.698116
1138,2.029190,1.334101,-0.665899,3.334101,informed,none,0.000000,-13,434.792001,408.412534,1.690000,406.722534
1139,4.733735,5.433490,3.433490,7.433490,noise,none,0.000000,-13,434.792001,373.253443,1.690000,371.563443
1140,4.494996,5.408598,3.408598,7.408598,informed,none,0.000000,-13,434.792001,376.357055,1.690000,374.667055
1141,2.684781,2.838529,0.838529,4.838529,informed,none,0.000000,-13,434.792001,399.889851,1.690000,398.199851
1142,1.902441,2.210594,0.210594,4.210594,noise,none,0.000000,-13,434.792001,410.060263,1.690000,408.370263
1143,0.199821,2.298103,0.298103,4.298103,noise,none,0.000000,-13,434.792001,432.194323,1.690000,430.504323
1144,-0.340716,-1.328019,-3.328019,0.671981,informed,none,0.000000,-13,434.792001,439.221308,1.690000,437.531308
1145,-1.347659,-2.464450,-4.464450,-0.464450,noise,none,0.000000,-13,434.792001,452.311573,1.690000,450.621573
1146,-2.278855,-3.134822,-5.134822,-1.134822,noise,none,0.000000,-13,434.792001,464.417110,1.690000,462.727110
1147,-2.712092,-0.917764,-2.917764,1.082236,informed,none,0.000000,-13,434.792001,470.049196,1.690000,468.359196
1148,-4.169660,-5.088312,-7.088312,-3.088312,informed,none,0.000000,-13,434.792001,488.997579,1.690000,487.307579
1149,-3.338982,-2.235348,-4.235348,-0.235348,noise,buy_from_mm,-0.235348,-14,434.556654,481.302396,1.960000,479.342396
1150,-2.596001,-1.194233,-3.194233,0.805767,informed,none,0.000000,-14,434.556654,470.900667,1.960000,468.940667
1151,-0.967194,-1.241108,-3.241108,0.758892,informed,none,0.000000,-14,434.556654,448.097372,1.960000,446.137372
1152,-2.262819,-0.732425,-2.732425,1.267575,noise,none,0.000000,-14,434.556654,466.236119,1.960000,464.276119
1153,-4.020266,-4.647351,-6.647351,-2.647351,noise,none,0.000000,-14,434.556654,490.840378,1.960000,488.880378
1154,-3.669249,-3.452265,-5.452265,-1.452265,informed,none,0.000000,-14,434.556654,485.926145,1.960000,483.966145
1155,-3.815045,-4.744980,-6.744980,-2.744980,noise,none,0.000000,-14,434.556654,487.967288,1.960000,486.007288
1156,-3.653893,-5.746389,-7.746389,-3.746389,informed,buy_from_mm,-3.746389,-15,430.810265,485.618660,2.250000,483.368660
1157,-2.492592,-3.932632,-5.932632,-1.932632,noise,buy_from_mm,-1.932632,-16,428.877633,468.759104,2.560000,466.199104
1158,-2.692297,-4.442397,-6.442397,-2.442397,noise,none,0.000000,-16,428.877633,471.954390,2.560000,469.394390
1159,-2.114580,-2.501634,-4.501634,-0.501634,informed,none,0.000000,-16,428.877633,462.710918,2.560000,460.150918
1160,-3.759339,-3.653729,-5.653729,-1.653729,noise,none,0.000000,-16,428.877633,489.027051,2.560000,486.467051
1161,-2.384987,-1.937545,-3.937545,0.062455,noise,none,0.000000,-16,428.877633,467.037426,2.560000,464.477426
1162,-2.202948,-3.425608,-5.425608,-1.425608,informed,none,0.000000,-16,428.877633,464.124805,2.560000,461.564805
1163,0.414308,1.053218,-0.946782,3.053218,informed,none,0.000000,-16,428.877633,422.248710,2.560000,419.688710
1164,1.746834,4.685751,2.685751,6.685751,noise,none,0.000000,-16,428.877633,400.928287,2.560000,398.368287
1165,2.534745,3.771846,1.771846,5.771846,noise,sell_to_mm,1.771846,-15,427.105786,389.084608,2.250000,386.834608
1166,0.579482,0.065222,-1.934778,2.065222,noise,none,0.000000,-15,427.105786,418.413552,2.250000,416.163552
1167,-0.218195,0.098978,-1.901022,2.098978,informed,none,0.000000,-15,427.105786,430.378705,2.250000,428.128705
1168,0.834929,1.350265,-0.649735,3.350265,noise,none,0.000000,-15,427.105786,414.581855,2.250000,412.331855
1169,0.629419,-0.074641,-2.074641,1.925359,noise,sell_to_mm,-2.074641,-14,429.180427,420.368568,1.960000,418.408568
1170,-1.462901,-1.827464,-3.827464,0.172536,noise,none,0.000000,-14,429.180427,449.661040,1.960000,447.701040
1171,-1.836655,-3.188145,-5.188145,-1.188145,noise,none,0.000000,-14,429.180427,454.893592,1.960000,452.933592
1172,-2.221085,-1.693129,-3.693129,0.306871,noise,sell_to_mm,-3.693129,-13,432.873556,461.747661,1.690000,460.057661
1173,-0.885147,-0.582437,-2.582437,1.417563,informed,none,0.000000,-13,432.873556,444.380466,1.690000,442.690466
1174,-0.267469,1.379417,-0.620583,3.379417,informed,none,0.000000,-13,432.873556,436.350646,1.690000,434.660646
1175,-2.007246,-0.555985,-2.555985,1.444015,noise,sell_to_mm,-2.555985,-12,435.429541,459.516495,1.440000,458.076495
1176,-1.609733,-1.719705,-3.719705,0.280295,noise,none,0.000000,-12,435.429541,454.746333,1.440000,453.306333
1177,-1.968704,-2.294364,-4.294364,-0.294364,informed,none,0.000000,-12,435.429541,459.053988,1.440000,457.613988
1178,-0.356971,-0.338961,-2.338961,1.661039,noise,buy_from_mm,1.661039,-13,437.090580,441.731198,1.690000,440.041198
1179,-0.133832,0.346168,-1.653832,2.346168,noise,none,0.000000,-13,437.090580,438.830397,1.690000,437.140397
1180,2.570794,3.376315,1.376315,5.376315,noise,none,0.000000,-13,437.090580,403.670260,1.690000,401.980260
1181,3.344939,2.999728,0.999728,4.999728,noise,none,0.000000,-13,437.090580,393.606375,1.690000,391.916375
1182,2.771672,3.662006,1.662006,5.662006,noise,buy_from_mm,5.662006,-14,442.752586,403.949180,1.960000,401.989180
1183,4.602122,3.268526,1.268526,5.268526,noise,none,0.000000,-14,442.752586,378.322872,1.960000,376.362872
1184,5.499804,6.191679,4.191679,8.191679,informed,none,0.000000,-14,442.752586,365.755335,1.960000,363.795335
1185,6.523583,5.658005,3.658005,7.658005,noise,none,0.000000,-14,442.752586,351.422417,1.960000,349.462417
1186,7.161773,7.355482,5.355482,9.355482,noise,none,0.000000,-14,442.752586,342.487757,1.960000,340.527757
1187,5.686788,5.593666,3.593666,7.593666,noise,none,0.000000,-14,442.752586,363.137559,1.960000,361.177559
1188,6.810012,6.887864,4.887864,8.887864,noise,none,0.000000,-14,442.752586,347.412420,1.960000,345.452420
1189,6.921619,5.474760,3.474760,7.474760,informed,none,0.000000,-14,442.752586,345.849923,1.960000,343.889923
1190,6.820633,7.411044,5.411044,9.411044,noise,none,0.000000,-14,442.752586,347.263724,1.960000,345.303724
1191,6.983925,7.707663,5.707663,9.707663,noise,none,0.000000,-14,442.752586,344.977638,1.960000,343.017638
1192,7.324082,7.276860,5.276860,9.276860,noise,none,0.000000,-14,442.752586,340.215439,1.960000,338.255439
1193,7.329417,9.658950,7.658950,11.658950,noise,none,0.000000,-14,442.752586,340.140752,1.960000,338.180752
1194,8.452034,8.372700,6.372700,10.372700,noise,none,0.000000,-14,442.752586,324.424111,1.960000,322.464111
1195,7.732144,7.732288,5.732288,9.732288,noise,none,0.000000,-14,442.752586,334.502563,1.960000,332.542563
1196,7.081901,5.079213,3.079213,7.079213,noise,none,0.000000,-14,442.752586,343.605976,1.960000,341.645976
1197,5.426465,9.017259,7.017259,11.017259,informed,sell_to_mm,7.017259,-13,435.735327,365.191285,1.690000,363.501285
1198,3.871661,2.522730,0.522730,4.522730,informed,none,0.000000,-13,435.735327,385.403727,1.690000,383.713727
1199,3.086917,2.373272,0.373272,4.373272,informed,none,0.000000,-13,435.735327,395.605401,1.690000,393.915401
1200,2.733419,2.727150,0.727150,4.727150,noise,none,0.000000,-13,435.735327,400.200877,1.690000,398.510877
1201,2.222204,4.468241,2.468241,6.468241,noise,none,0.000000,-13,435.735327,406.846681,1.690000,405.156681
1202,3.920035,4.645896,2.645896,6.645896,informed,none,0.000000,-13,435.735327,384.774866,1.690000,383.084866
1203,3.973892,4.617148,2.617148,6.617148,noise,buy_from_mm,6.617148,-14,442.352475,386.717982,1.960000,384.757982
1204,4.104030,4.271932,2.271932,6.271932,noise,buy_from_mm,6.271932,-15,448.624407,387.063962,2.250000,384.813962
1205,3.656363,2.324330,0.324330,4.324330,informed,none,0.000000,-15,448.624407,393.778969,2.250000,391.528969
1206,2.743413,2.789900,0.789900,4.789900,noise,sell_to_mm,0.789900,-14,447.834506,409.426718,1.960000,407.466718
1207,4.578287,4.872063,2.872063,6.872063,noise,none,0.000000,-14,447.834506,383.738493,1.960000,381.778493
1208,4.823950,5.052785,3.052785,7.052785,informed,none,0.000000,-14,447.834506,380.299204,1.960000,378.339204
1209,4.601135,3.953477,1.953477,5.953477,informed,none,0.000000,-14,447.834506,383.418620,1.960000,381.458620
1210,4.472872,6.069685,4.069685,8.069685,noise,none,0.000000,-14,447.834506,385.214305,1.960000,383.254305
1211,5.114234,4.373151,2.373151,6.373151,noise,none,0.000000,-14,447.834506,376.235226,1.960000,374.275226
1212,5.294634,4.624537,2.624537,6.624537,noise,none,0.000000,-14,447.834506,373.709625,1.960000,371.749625
1213,4.571013,7.190191,5.190191,9.190191,noise,sell_to_mm,5.190191,-13,442.644316,383.221140,1.690000,381.531140
1214,4.608597,3.728577,1.728577,5.728577,informed,none,0.000000,-13,442.644316,382.732559,1.690000,381.042559
1215,3.135801,1.878087,-0.121913,3.878087,noise,buy_from_mm,3.878087,-14,446.522403,402.621187,1.960000,400.661187
1216,2.616743,4.361155,2.361155,6.361155,noise,buy_from_mm,6.361155,-15,452.883558,413.632420,2.250000,411.382420
1217,3.480645,4.311257,2.311257,6.311257,noise,sell_to_mm,2.311257,-14,450.572301,401.843267,1.960000,399.883267
1218,4.255596,4.442823,2.442823,6.442823,noise,none,0.000000,-14,450.572301,390.993956,1.960000,389.033956
1219,4.641228,4.684897,2.684897,6.684897,noise,sell_to_mm,2.684897,-13,447.887404,387.551442,1.690000,385.861442
1220,3.214288,2.143440,0.143440,4.143440,informed,none,0.000000,-13,447.887404,406.101664,1.690000,404.411664
1221,4.076480,4.271695,2.271695,6.271695,noise,sell_to_mm,2.271695,-12,445.615709,396.697953,1.440000,395.257953
1222,5.052718,6.870242,4.870242,8.870242,informed,none,0.000000,-12,445.615709,384.983098,1.440000,383.543098
1223,4.007989,4.524875,2.524875,6.524875,noise,none,0.000000,-12,445.615709,397.519845,1.440000,396.079845
1224,4.178121,4.040997,2.040997,6.040997,informed,none,0.000000,-12,445.615709,395.478260,1.440000,394.038260
1225,3.440574,2.602031,0.602031,4.602031,noise,none,0.000000,-12,445.615709,404.328822,1.440000,402.888822
1226,2.633045,1.470453,-0.529547,3.470453,informed,none,0.000000,-12,445.615709,414.019166,1.440000,412.579166
1227,0.774329,1.435476,-0.564524,3.435476,noise,none,0.000000,-12,445.615709,436.323762,1.440000,434.883762
1228,1.170653,1.726257,-0.273743,3.726257,informed,none,0.000000,-12,445.615709,431.567876,1.440000,430.127876
1229,2.341531,1.917978,-0.082022,3.917978,noise,none,0.000000,-12,445.615709,417.517331,1.440000,416.077331
1230,2.587612,3.421530,1.421530,5.421530,informed,none,0.000000,-12,445.615709,414.564370,1.440000,413.124370
1231,1.204145,2.901455,0.901455,4.901455,informed,none,0.000000,-12,445.615709,431.165965,1.440000,429.725965
1232,1.286108,0.775077,-1.224923,2.775077,informed,none,0.000000,-12,445.615709,430.182411,1.440000,428.742411
1233,1.270539,1.886240,-0.113760,3.886240,noise,none,0.000000,-12,445.615709,430.369245,1.440000,428.929245
1234,1.258659,1.515820,-0.484180,3.515820,noise,none,0.000000,-12,445.615709,430.511797,1.440000,429.071797
1235,1.436145,2.573100,0.573100,4.573100,noise,buy_from_mm,4.573100,-13,450.188809,431.518921,1.690000,429.828921
1236,0.829232,1.617731,-0.382269,3.617731,noise,none,0.000000,-13,450.188809,439.408789,1.690000,437.718789
1237,-1.519792,-2.205766,-4.205766,-0.205766,informed,none,0.000000,-13,450.188809,469.946109,1.690000,468.256109
1238,-2.413913,-1.220735,-3.220735,0.779265,informed,none,0.000000,-13,450.188809,481.569682,1.690000,479.879682
1239,-3.365588,-4.510185,-6.510185,-2.510185,noise,sell_to_mm,-6.510185,-12,456.698994,497.086049,1.440000,495.646049
1240,-2.906330,-3.856399,-5.856399,-1.856399,noise,sell_to_mm,-5.856399,-11,462.555393,494.525018,1.210000,493.315018
1241,-4.883947,-3.960446,-5.960446,-1.960446,noise,none,0.000000,-11,462.555393,516.278808,1.210000,515.068808
1242,-5.991346,-5.023196,-7.023196,-3.023196,informed,none,0.000000,-11,462.555393,528.460196,1.210000,527.250196
1243,-5.691570,-6.432299,-8.432299,-4.432299,informed,none,0.000000,-11,462.555393,525.162659,1.210000,523.952659
1244,-4.928019,-3.173646,-5.173646,-1.173646,noise,none,0.000000,-11,462.555393,516.763601,1.210000,515.553601
1245,-5.122183,-4.298135,-6.298135,-2.298135,informed,none,0.000000,-11,462.555393,518.899411,1.210000,517.689411
1246,-4.054005,-3.955425,-5.955425,-1.955425,noise,none,0.000000,-11,462.555393,507.149444,1.210000,505.939444
1247,-3.867897,-5.817331,-7.817331,-3.817331,noise,none,0.000000,-11,462.555393,505.102262,1.210000,503.892262
1248,-4.468324,-3.777607,-5.777607,-1.777607,noise,none,0.000000,-11,462.555393,511.706956,1.210000,510.496956
1249,-4.942367,-3.538609,-5.538609,-1.538609,informed,none,0.000000,-11,462.555393,516.921428,1.210000,515.711428
1250,-6.699815,-4.507190,-6.507190,-2.507190,informed,sell_to_mm,-6.507190,-10,469.062583,536.060736,1.000000,535.060736
1251,-6.401048,-6.348828,-8.348828,-4.348828,noise,none,0.000000,-10,469.062583,533.073067,1.000000,532.073067
1252,-6.326170,-4.970833,-6.970833,-2.970833,informed,none,0.000000,-10,469.062583,532.324285,1.000000,531.324285
1253,-4.564875,-3.237648,-5.237648,-1.237648,noise,buy_from_mm,-1.237648,-11,467.824935,518.038565,1.210000,516.828565
1254,-3.907772,-3.238623,-5.238623,-1.238623,informed,none,0.000000,-11,467.824935,510.810424,1.210000,509.600424
1255,-4.396849,-3.276101,-5.276101,-1.276101,informed,none,0.000000,-11,467.824935,516.190276,1.210000,514.980276
1256,-3.571843,-2.153527,-4.153527,-0.153527,noise,none,0.000000,-11,467.824935,507.115204,1.210000,505.905204
1257,-3.102369,-4.106714,-6.106714,-2.106714,noise,none,0.000000,-11,467.824935,501.950992,1.210000,500.740992
1258,-3.428631,-0.290016,-2.290016,1.709984,informed,sell_to_mm,-2.290016,-10,470.114952,504.401265,1.000000,503.401265
1259,-3.098119,-2.361714,-4.361714,-0.361714,informed,none,0.000000,-10,470.114952,501.096143,1.000000,500.096143
1260,-3.426021,-4.962629,-6.962629,-2.962629,noise,buy_from_mm,-2.962629,-11,467.152323,504.838552,1.210000,503.628552
1261,-2.283578,-2.847538,-4.847538,-0.847538,noise,none,0.000000,-11,467.152323,492.271686,1.210000,491.061686
1262,-1.995776,-2.660136,-4.660136,-0.660136,informed,none,0.000000,-11,467.152323,489.105855,1.210000,487.895855
1263,-3.161331,-2.830378,-4.830378,-0.830378,noise,buy_from_mm,-0.830378,-12,466.321945,504.257912,1.440000,502.817912
1264,-3.602230,-2.697256,-4.697256,-0.697256,noise,buy_from_mm,-0.697256,-13,465.624689,512.453680,1.690000,510.763680
1265,-2.419185,-1.471922,-3.471922,0.528078,noise,sell_to_mm,-3.471922,-12,469.096611,498.126827,1.440000,496.686827
1266,-3.449604,-0.765525,-2.765525,1.234475,noise,sell_to_mm,-2.765525,-11,471.862136,509.807780,1.210000,508.597780
1267,-4.813694,-6.011773,-8.011773,-4.011773,noise,sell_to_mm,-8.011773,-10,479.873909,528.010848,1.000000,527.010848
1268,-4.191706,-3.598322,-5.598322,-1.598322,informed,none,0.000000,-10,479.873909,521.790965,1.000000,520.790965
1269,-4.102030,-4.974726,-6.974726,-2.974726,noise,none,0.000000,-10,479.873909,520.894206,1.000000,519.894206
1270,-4.234014,-3.649164,-5.649164,-1.649164,noise,none,0.000000,-10,479.873909,522.214049,1.000000,521.214049
1271,-4.873907,-4.068300,-6.068300,-2.068300,noise,none,0.000000,-10,479.873909,528.612975,1.000000,527.612975
1272,-5.666961,-6.412445,-8.412445,-4.412445,noise,none,0.000000,-10,479.873909,536.543516,1.000000,535.543516
1273,-5.567918,-5.543066,-7.543066,-3.543066,noise,buy_from_mm,-3.543066,-11,476.330843,537.577938,1.210000,536.367938
1274,-4.538606,-4.993681,-6.993681,-2.993681,informed,none,0.000000,-11,476.330843,526.255505,1.210000,525.045505
1275,-4.299476,-3.495649,-5.495649,-1.495649,noise,none,0.000000,-11,476.330843,523.625078,1.210000,522.415078
1276,-4.506832,-4.215375,-6.215375,-2.215375,noise,none,0.000000,-11,476.330843,525.905997,1.210000,524.695997
1277,-5.144929,-5.716642,-7.716642,-3.716642,noise,none,0.000000,-11,476.330843,532.925063,1.210000,531.715063
1278,-6.929305,-6.397476,-8.397476,-4.397476,informed,none,0.000000,-11,476.330843,552.553204,1.210000,551.343204
1279,-6.472189,-7.999421,-9.999421,-5.999421,informed,none,0.000000,-11,476.330843,547.524925,1.210000,546.314925
1280,-5.569449,-5.000471,-7.000471,-3.000471,noise,none,0.000000,-11,476.330843,537.594778,1.210000,536.384778
1281,-4.480118,-4.717296,-6.717296,-2.717296,informed,none,0.000000,-11,476.330843,525.612146,1.210000,524.402146
1282,-4.732187,-3.461281,-5.461281,-1.461281,informed,none,0.000000,-11,476.330843,528.384899,1.210000,527.174899
1283,-6.393052,-7.103980,-9.103980,-5.103980,informed,none,0.000000,-11,476.330843,546.654412,1.210000,545.444412
1284,-6.392260,-4.713158,-6.713158,-2.713158,noise,buy_from_mm,-2.713158,-12,473.617685,550.324801,1.440000,548.884801
1285,-6.008615,-5.749595,-7.749595,-3.749595,noise,none,0.000000,-12,473.617685,545.721065,1.440000,544.281065
1286,-5.013879,-4.124712,-6.124712,-2.124712,noise,sell_to_mm,-6.124712,-11,479.742397,534.895068,1.210000,533.685068
1287,-5.626200,-7.497445,-9.497445,-5.497445,informed,none,0.000000,-11,479.742397,541.630599,1.210000,540.420599
1288,-6.351655,-6.575425,-8.575425,-4.575425,noise,sell_to_mm,-8.575425,-10,488.317822,551.834368,1.000000,550.834368
1289,-5.810908,-3.548299,-5.548299,-1.548299,informed,sell_to_mm,-5.548299,-9,493.866120,546.164289,0.810000,545.354289
1290,-6.129535,-5.518315,-7.518315,-3.518315,informed,none,0.000000,-9,493.866120,549.031936,0.810000,548.221936
1291,-7.316843,-8.843038,-10.843038,-6.843038,informed,none,0.000000,-9,493.866120,559.717708,0.810000,558.907708
1292,-8.468619,-8.407019,-10.407019,-6.407019,noise,buy_from_mm,-6.407019,-10,487.459101,572.145290,1.000000,571.145290
1293,-7.659036,-7.345775,-9.345775,-5.345775,informed,none,0.000000,-10,487.459101,564.049461,1.000000,563.049461
1294,-9.210408,-9.301148,-11.301148,-7.301148,noise,none,0.000000,-10,487.459101,579.563177,1.000000,578.563177
1295,-9.594914,-9.935802,-11.935802,-7.935802,informed,none,0.000000,-10,487.459101,583.408243,1.000000,582.408243
1296,-8.869964,-7.814834,-9.814834,-5.814834,noise,none,0.000000,-10,487.459101,576.158742,1.000000,575.158742
1297,-9.204368,-9.174814,-11.174814,-7.174814,informed,none,0.000000,-10,487.459101,579.502778,1.000000,578.502778
1298,-8.369202,-8.040071,-10.040071,-6.040071,informed,none,0.000000,-10,487.459101,571.151125,1.000000,570.151125
1299,-7.562598,-6.891641,-8.891641,-4.891641,noise,none,0.000000,-10,487.459101,563.085083,1.000000,562.085083
1300,-7.953827,-6.366459,-8.366459,-4.366459,informed,none,0.000000,-10,487.459101,566.997374,1.000000,565.997374
1301,-8.193858,-7.583045,-9.583045,-5.583045,informed,none,0.000000,-10,487.459101,569.397681,1.000000,568.397681
1302,-6.394831,-4.686415,-6.686415,-2.686415,noise,none,0.000000,-10,487.459101,551.407413,1.000000,550.407413
1303,-9.383656,-8.831743,-10.831743,-6.831743,informed,none,0.000000,-10,487.459101,581.295663,1.000000,580.295663
1304,-9.171138,-9.868814,-11.868814,-7.868814,noise,none,0.000000,-10,487.459101,579.170483,1.000000,578.170483
1305,-8.938614,-8.586560,-10.586560,-6.586560,noise,none,0.000000,-10,487.459101,576.845241,1.000000,575.845241
1306,-8.771645,-10.560418,-12.560418,-8.560418,informed,none,0.000000,-10,487.459101,575.175553,1.000000,574.175553
1307,-9.933848,-10.561012,-12.561012,-8.561012,noise,none,0.000000,-10,487.459101,586.797581,1.000000,585.797581
1308,-10.610392,-11.361115,-13.361115,-9.361115,noise,none,0.000000,-10,487.459101,593.563024,1.000000,592.563024
1309,-10.264028,-11.809840,-13.809840,-9.809840,noise,buy_from_mm,-9.809840,-11,477.649262,590.553571,1.210000,589.343571
1310,-9.390540,-10.544259,-12.544259,-8.544259,noise,buy_from_mm,-8.544259,-12,469.105002,581.791477,1.440000,580.351477
1311,-8.816808,-8.202486,-10.202486,-6.202486,informed,none,0.000000,-12,469.105002,574.906694,1.440000,573.466694
1312,-8.139658,-9.296515,-11.296515,-7.296515,noise,none,0.000000,-12,469.105002,566.780900,1.440000,565.340900
1313,-8.214222,-7.922289,-9.922289,-5.922289,informed,none,0.000000,-12,469.105002,567.675665,1.440000,566.235665
1314,-7.672321,-8.546152,-10.546152,-6.546152,noise,none,0.000000,-12,469.105002,561.172858,1.440000,559.732858
1315,-8.194319,-7.885255,-9.885255,-5.885255,noise,none,0.000000,-12,469.105002,567.436834,1.440000,565.996834
1316,-9.247757,-9.067085,-11.067085,-7.067085,informed,none,0.000000,-12,469.105002,580.078091,1.440000,578.638091
1317,-8.743453,-7.560934,-9.560934,-5.560934,noise,buy_from_mm,-5.560934,-13,463.544068,577.208954,1.690000,575.518954
1318,-10.199990,-10.187669,-12.187669,-8.187669,noise,none,0.000000,-13,463.544068,596.143934,1.690000,594.453934
1319,-10.087068,-9.640346,-11.640346,-7.640346,noise,none,0.000000,-13,463.544068,594.675951,1.690000,592.985951
1320,-7.828109,-9.262662,-11.262662,-7.262662,noise,none,0.000000,-13,463.544068,565.309481,1.690000,563.619481
1321,-7.409298,-9.717168,-11.717168,-7.717168,noise,none,0.000000,-13,463.544068,559.864944,1.690000,558.174944
1322,-6.827769,-7.105147,-9.105147,-5.105147,informed,none,0.000000,-13,463.544068,552.305070,1.690000,550.615070
1323,-6.075159,-6.262146,-8.262146,-4.262146,noise,none,0.000000,-13,463.544068,542.521139,1.690000,540.831139
1324,-6.982677,-5.989230,-7.989230,-3.989230,informed,none,0.000000,-13,463.544068,554.318868,1.690000,552.628868
1325,-7.487773,-5.939416,-7.939416,-3.939416,noise,none,0.000000,-13,463.544068,560.885121,1.690000,559.195121
1326,-7.650037,-9.192551,-11.192551,-7.192551,noise,none,0.000000,-13,463.544068,562.994556,1.690000,561.304556
1327,-6.992336,-7.970626,-9.970626,-5.970626,noise,none,0.000000,-13,463.544068,554.444431,1.690000,552.754431
1328,-4.175602,-1.588827,-3.588827,0.411173,informed,sell_to_mm,-3.588827,-12,467.132896,517.240126,1.440000,515.800126
1329,-4.841457,-5.153110,-7.153110,-3.153110,noise,none,0.000000,-12,467.132896,525.230383,1.440000,523.790383
1330,-3.244429,-0.842654,-2.842654,1.157346,noise,buy_from_mm,1.157346,-13,468.290242,510.467824,1.690000,508.777824
1331,-0.845172,-1.107582,-3.107582,0.892418,informed,none,0.000000,-13,468.290242,479.277482,1.690000,477.587482
1332,0.057043,-0.144090,-2.144090,1.855910,noise,none,0.000000,-13,468.290242,467.548685,1.690000,465.858685
1333,0.253692,1.300275,-0.699725,3.300275,informed,none,0.000000,-13,468.290242,464.992243,1.690000,463.302243
1334,-1.934060,-1.023653,-3.023653,0.976347,informed,none,0.000000,-13,468.290242,493.433017,1.690000,491.743017
1335,-1.710654,-0.493707,-2.493707,1.506293,informed,none,0.000000,-13,468.290242,490.528751,1.690000,488.838751
1336,-0.593274,0.283323,-1.716677,2.283323,informed,none,0.000000,-13,468.290242,476.002806,1.690000,474.312806
1337,-0.843649,-1.461992,-3.461992,0.538008,noise,buy_from_mm,0.538008,-14,468.828251,480.639333,1.960000,478.679333
1338,-1.460597,-1.153035,-3.153035,0.846965,informed,none,0.000000,-14,468.828251,489.276616,1.960000,487.316616
1339,-0.597014,1.085267,-0.914733,3.085267,noise,none,0.000000,-14,468.828251,477.186447,1.960000,475.226447
1340,-0.545898,-0.353810,-2.353810,1.646190,noise,sell_to_mm,-2.353810,-13,471.182061,478.278729,1.690000,476.588729
1341,0.013131,-0.353374,-2.353374,1.646626,informed,none,0.000000,-13,471.182061,471.011353,1.690000,469.321353
1342,0.018585,0.805789,-1.194211,2.805789,noise,buy_from_mm,2.805789,-14,473.987849,473.727660,1.960000,471.767660
1343,-0.511835,-2.378357,-4.378357,-0.378357,noise,none,0.000000,-14,473.987849,481.153546,1.960000,479.193546
1344,-0.858670,-0.989900,-2.989900,1.010100,noise,none,0.000000,-14,473.987849,486.009230,1.960000,484.049230
1345,-0.375575,0.469870,-1.530130,2.469870,informed,none,0.000000,-14,473.987849,479.245897,1.960000,477.285897
1346,-2.128071,-2.592125,-4.592125,-0.592125,noise,none,0.000000,-14,473.987849,503.780838,1.960000,501.820838
1347,-2.771781,-2.485657,-4.485657,-0.485657,informed,none,0.000000,-14,473.987849,512.792785,1.960000,510.832785
1348,-0.378558,-0.628481,-2.628481,1.371519,informed,none,0.000000,-14,473.987849,479.287664,1.960000,477.327664
1349,-0.016609,2.007199,0.007199,4.007199,informed,sell_to_mm,0.007199,-13,473.980650,474.196563,1.690000,472.506563
1350,-0.154468,-0.087130,-2.087130,1.912870,noise,sell_to_mm,-2.087130,-12,476.067780,477.921401,1.440000,476.481401
1351,0.189802,0.874222,-1.125778,2.874222,informed,none,0.000000,-12,476.067780,473.790159,1.440000,472.350159
1352,1.389443,1.088143,-0.911857,3.088143,noise,sell_to_mm,-0.911857,-11,476.979637,461.695769,1.210000,460.485769
1353,0.902334,1.264366,-0.735634,3.264366,noise,none,0.000000,-11,476.979637,467.053962,1.210000,465.843962
1354,1.408336,1.308374,-0.691626,3.308374,noise,buy_from_mm,3.308374,-12,480.288011,463.387982,1.440000,461.947982
1355,3.939312,3.235146,1.235146,5.235146,noise,sell_to_mm,1.235146,-11,479.052865,435.720433,1.210000,434.510433
1356,4.236080,3.216589,1.216589,5.216589,noise,buy_from_mm,5.216589,-12,484.269454,433.436492,1.440000,431.996492
1357,3.932935,3.135776,1.135776,5.135776,noise,none,0.000000,-12,484.269454,437.074228,1.440000,435.634228
1358,4.860172,4.373972,2.373972,6.373972,noise,none,0.000000,-12,484.269454,425.947385,1.440000,424.507385
1359,4.493651,5.384037,3.384037,7.384037,noise,buy_from_mm,7.384037,-13,491.653491,433.236028,1.690000,431.546028
1360,3.857606,4.075903,2.075903,6.075903,informed,none,0.000000,-13,491.653491,441.504620,1.690000,439.814620
1361,3.390785,3.468920,1.468920,5.468920,informed,none,0.000000,-13,491.653491,447.573292,1.690000,445.883292
1362,3.394543,1.851090,-0.148910,3.851090,informed,none,0.000000,-13,491.653491,447.524437,1.690000,445.834437
1363,3.753660,4.316713,2.316713,6.316713,noise,none,0.000000,-13,491.653491,442.855906,1.690000,441.165906
1364,5.852039,6.395887,4.395887,8.395887,informed,none,0.000000,-13,491.653491,415.576982,1.690000,413.886982
1365,6.237101,6.131361,4.131361,8.131361,informed,none,0.000000,-13,491.653491,410.571177,1.690000,408.881177
1366,6.308966,6.449988,4.449988,8.449988,informed,none,0.000000,-13,491.653491,409.636934,1.690000,407.946934
1367,8.114438,8.025982,6.025982,10.025982,informed,none,0.000000,-13,491.653491,386.165797,1.690000,384.475797
1368,7.409544,6.727737,4.727737,8.727737,informed,none,0.000000,-13,491.653491,395.329416,1.690000,393.639416
1369,5.209381,3.632193,1.632193,5.632193,noise,none,0.000000,-13,491.653491,423.931538,1.690000,422.241538
1370,4.963048,5.269372,3.269372,7.269372,noise,none,0.000000,-13,491.653491,427.133869,1.690000,425.443869
1371,4.634496,3.943493,1.943493,5.943493,noise,none,0.000000,-13,491.653491,431.405038,1.690000,429.715038
1372,4.514849,4.892877,2.892877,6.892877,informed,none,0.000000,-13,491.653491,432.960453,1.690000,431.270453
1373,5.552866,4.789313,2.789313,6.789313,noise,none,0.000000,-13,491.653491,419.466239,1.690000,417.776239
1374,7.389609,7.641504,5.641504,9.641504,noise,buy_from_mm,9.641504,-14,501.294995,397.840471,1.960000,395.880471
1375,6.582755,5.713386,3.713386,7.713386,noise,none,0.000000,-14,501.294995,409.136426,1.960000,407.176426
1376,7.331265,8.000548,6.000548,10.000548,noise,none,0.000000,-14,501.294995,398.657290,1.960000,396.697290
1377,7.752367,7.710592,5.710592,9.710592,informed,none,0.000000,-14,501.294995,392.761864,1.960000,390.801864
1378,7.880683,7.671175,5.671175,9.671175,noise,none,0.000000,-14,501.294995,390.965429,1.960000,389.005429
1379,8.171564,8.988545,6.988545,10.988545,noise,sell_to_mm,6.988545,-13,494.306451,388.076115,1.690000,386.386115
1380,8.573732,9.423978,7.423978,11.423978,informed,none,0.000000,-13,494.306451,382.847929,1.690000,381.157929
1381,9.298674,9.414009,7.414009,11.414009,informed,none,0.000000,-13,494.306451,373.423685,1.690000,371.733685
1382,9.414088,9.419766,7.419766,11.419766,noise,buy_from_mm,11.419766,-14,505.726216,373.928989,1.960000,371.968989
1383,8.581504,7.817683,5.817683,9.817683,noise,none,0.000000,-14,505.726216,385.585162,1.960000,383.625162
1384,8.536343,10.704236,8.704236,12.704236,noise,buy_from_mm,12.704236,-15,518.430453,390.385302,2.250000,388.135302
1385,9.866518,11.665206,9.665206,13.665206,informed,none,0.000000,-15,518.430453,370.432682,2.250000,368.182682
1386,8.771471,9.690788,7.690788,11.690788,informed,none,0.000000,-15,518.430453,386.858384,2.250000,384.608384
1387,8.691014,8.099738,6.099738,10.099738,informed,none,0.000000,-15,518.430453,388.065247,2.250000,385.815247
1388,9.943376,9.205794,7.205794,11.205794,informed,none,0.000000,-15,518.430453,369.279814,2.250000,367.029814
1389,10.068804,9.892200,7.892200,11.892200,informed,none,0.000000,-15,518.430453,367.398400,2.250000,365.148400
1390,8.075645,8.349329,6.349329,10.349329,noise,sell_to_mm,6.349329,-14,512.081124,399.022087,1.960000,397.062087
1391,8.276866,8.342368,6.342368,10.342368,noise,none,0.000000,-14,512.081124,396.205003,1.960000,394.245003
1392,10.301352,9.197510,7.197510,11.197510,informed,none,0.000000,-14,512.081124,367.862191,1.960000,365.902191
1393,9.454951,11.517737,9.517737,13.517737,noise,buy_from_mm,13.517737,-15,525.598861,383.774601,2.250000,381.524601
1394,8.848901,9.834797,7.834797,11.834797,noise,none,0.000000,-15,525.598861,392.865340,2.250000,390.615340
1395,9.283174,9.681188,7.681188,11.681188,noise,none,0.000000,-15,525.598861,386.351248,2.250000,384.101248
1396,8.517173,8.715705,6.715705,10.715705,informed,none,0.000000,-15,525.598861,397.841268,2.250000,395.591268
1397,10.401093,10.405315,8.405315,12.405315,informed,none,0.000000,-15,525.598861,369.582468,2.250000,367.332468
1398,10.100118,8.731757,6.731757,10.731757,noise,buy_from_mm,10.731757,-16,536.330618,374.728723,2.560000,372.168723
1399,9.527775,9.747281,7.747281,11.747281,informed,none,0.000000,-16,536.330618,383.886216,2.560000,381.326216
1400,10.351853,10.338184,8.338184,12.338184,noise,none,0.000000,-16,536.330618,370.700975,2.560000,368.140975
1401,10.744119,10.822150,8.822150,12.822150,informed,none,0.000000,-16,536.330618,364.424711,2.560000,361.864711
1402,12.250506,11.000243,9.000243,13.000243,noise,none,0.000000,-16,536.330618,340.322530,2.560000,337.762530
1403,14.306601,14.292554,12.292554,16.292554,noise,none,0.000000,-16,536.330618,307.425006,2.560000,304.865006
1404,16.631026,16.475491,14.475491,18.475491,noise,buy_from_mm,18.475491,-17,554.806109,272.078671,2.890000,269.188671
1405,14.751174,15.377485,13.377485,17.377485,informed,none,0.000000,-17,554.806109,304.036158,2.890000,301.146158
1406,15.555557,16.521302,14.521302,18.521302,informed,none,0.000000,-17,554.806109,290.361644,2.890000,287.471644
1407,16.641731,15.641143,13.641143,17.641143,noise,none,0.000000,-17,554.806109,271.896686,2.890000,269.006686
1408,16.920996,17.068990,15.068990,19.068990,noise,sell_to_mm,15.068990,-16,539.737119,269.001175,2.560000,266.441175
1409,15.692243,14.332094,12.332094,16.332094,noise,none,0.000000,-16,539.737119,288.661237,2.560000,286.101237
1410,16.276447,17.069040,15.069040,19.069040,noise,none,0.000000,-16,539.737119,279.313974,2.560000,276.753974
1411,17.434651,18.441314,16.441314,20.441314,noise,none,0.000000,-16,539.737119,260.782699,2.560000,258.222699
1412,18.146509,17.037387,15.037387,19.037387,noise,sell_to_mm,15.037387,-15,524.699732,252.502097,2.250000,250.252097
1413,18.190352,18.191959,16.191959,20.191959,informed,none,0.000000,-15,524.699732,251.844451,2.250000,249.594451
1414,19.891923,20.159550,18.159550,22.159550,noise,none,0.000000,-15,524.699732,226.320881,2.250000,224.070881
1415,19.954477,20.428856,18.428856,22.428856,noise,sell_to_mm,18.428856,-14,506.270875,226.908193,1.960000,224.948193
1416,20.453700,22.780453,20.780453,24.780453,informed,sell_to_mm,20.780453,-13,485.490422,219.592327,1.690000,217.902327
1417,20.513691,23.229597,21.229597,25.229597,noise,sell_to_mm,21.229597,-12,464.260825,218.096530,1.440000,216.656530
1418,18.233227,18.984595,16.984595,20.984595,noise,none,0.000000,-12,464.260825,245.462102,1.440000,244.022102
1419,18.351588,19.484366,17.484366,21.484366,noise,none,0.000000,-12,464.260825,244.041765,1.440000,242.601765
1420,19.359645,19.666025,17.666025,21.666025,informed,none,0.000000,-12,464.260825,231.945091,1.440000,230.505091
1421,19.201300,18.612774,16.612774,20.612774,noise,sell_to_mm,16.612774,-11,447.648051,236.433750,1.210000,235.223750
1422,19.542268,20.678275,18.678275,22.678275,informed,none,0.000000,-11,447.648051,232.683105,1.210000,231.473105
1423,20.742244,21.134321,19.134321,23.134321,informed,none,0.000000,-11,447.648051,219.483362,1.210000,218.273362
1424,20.810959,21.588975,19.588975,23.588975,noise,none,0.000000,-11,447.648051,218.727499,1.210000,217.517499
1425,23.260551,23.606213,21.606213,25.606213,informed,none,0.000000,-11,447.648051,191.781991,1.210000,190.571991
1426,23.434517,22.541404,20.541404,24.541404,noise,sell_to_mm,20.541404,-10,427.106646,192.761476,1.000000,191.761476
1427,21.566294,22.702438,20.702438,24.702438,noise,none,0.000000,-10,427.106646,211.443709,1.000000,210.443709
1428,22.390375,23.855278,21.855278,25.855278,informed,none,0.000000,-10,427.106646,203.202893,1.000000,202.202893
1429,21.933590,23.106170,21.106170,25.106170,informed,none,0.000000,-10,427.106646,207.770742,1.000000,206.770742
1430,22.183562,23.199508,21.199508,25.199508,informed,none,0.000000,-10,427.106646,205.271024,1.000000,204.271024
1431,23.814928,25.397365,23.397365,27.397365,informed,none,0.000000,-10,427.106646,188.957363,1.000000,187.957363
1432,24.613491,25.570594,23.570594,27.570594,noise,none,0.000000,-10,427.106646,180.971736,1.000000,179.971736
1433,24.688786,24.318063,22.318063,26.318063,informed,none,0.000000,-10,427.106646,180.218785,1.000000,179.218785
1434,23.954023,23.613000,21.613000,25.613000,noise,none,0.000000,-10,427.106646,187.566415,1.000000,186.566415
1435,24.350323,24.944400,22.944400,26.944400,noise,none,0.000000,-10,427.106646,183.603419,1.000000,182.603419
1436,23.678628,24.689999,22.689999,26.689999,informed,none,0.000000,-10,427.106646,190.320368,1.000000,189.320368
1437,22.536745,24.009912,22.009912,26.009912,noise,none,0.000000,-10,427.106646,201.739192,1.000000,200.739192
1438,21.041034,21.362385,19.362385,23.362385,noise,sell_to_mm,19.362385,-9,407.744262,218.374960,0.810000,217.564960
1439,20.344286,17.998897,15.998897,19.998897,informed,buy_from_mm,19.998897,-10,427.743159,224.300298,1.000000,223.300298
1440,21.244276,22.491447,20.491447,24.491447,noise,none,0.000000,-10,427.743159,215.300399,1.000000,214.300399
1441,22.431795,23.743419,21.743419,25.743419,informed,none,0.000000,-10,427.743159,203.425206,1.000000,202.425206
1442,19.678646,19.288137,17.288137,21.288137,informed,none,0.000000,-10,427.743159,230.956698,1.000000,229.956698
1443,19.879449,21.072844,19.072844,23.072844,informed,none,0.000000,-10,427.743159,228.948671,1.000000,227.948671
1444,19.420598,18.265870,16.265870,20.265870,noise,buy_from_mm,20.265870,-11,448.009029,234.382453,1.210000,233.172453
1445,20.232905,19.608054,17.608054,21.608054,informed,none,0.000000,-11,448.009029,225.447075,1.210000,224.237075
1446,21.090912,21.917961,19.917961,23.917961,informed,none,0.000000,-11,448.009029,216.008997,1.210000,214.798997
1447,21.368264,21.374705,19.374705,23.374705,noise,none,0.000000,-11,448.009029,212.958125,1.210000,211.748125
1448,21.830939,23.473083,21.473083,25.473083,noise,none,0.000000,-11,448.009029,207.868702,1.210000,206.658702
1449,20.505532,20.386115,18.386115,22.386115,noise,none,0.000000,-11,448.009029,222.448177,1.210000,221.238177
1450,19.785155,20.192603,18.192603,22.192603,noise,sell_to_mm,18.192603,-10,429.816426,231.964877,1.000000,230.964877
1451,20.979453,20.047131,18.047131,22.047131,noise,none,0.000000,-10,429.816426,220.021894,1.000000,219.021894
1452,18.498993,18.408652,16.408652,20.408652,noise,none,0.000000,-10,429.816426,244.826495,1.000000,243.826495
1453,18.693173,19.371929,17.371929,21.371929,informed,none,0.000000,-10,429.816426,242.884692,1.000000,241.884692
1454,17.460123,17.558577,15.558577,19.558577,informed,none,0.000000,-10,429.816426,255.215196,1.000000,254.215196
1455,16.822958,17.056150,15.056150,19.056150,noise,none,0.000000,-10,429.816426,261.586847,1.000000,260.586847
1456,18.646263,19.826165,17.826165,21.826165,noise,none,0.000000,-10,429.816426,243.353792,1.000000,242.353792
1457,19.898817,19.191360,17.191360,21.191360,informed,none,0.000000,-10,429.816426,230.828255,1.000000,229.828255
1458,20.365314,20.759934,18.759934,22.759934,noise,none,0.000000,-10,429.816426,226.163286,1.000000,225.163286
1459,20.932641,20.060368,18.060368,22.060368,noise,sell_to_mm,18.060368,-9,411.756058,223.362288,0.810000,222.552288
1460,20.255335,20.483814,18.483814,22.483814,informed,none,0.000000,-9,411.756058,229.458046,0.810000,228.648046
1461,20.540712,20.437679,18.437679,22.437679,noise,buy_from_mm,22.437679,-10,434.193737,228.786613,1.000000,227.786613
1462,20.090354,19.332485,17.332485,21.332485,noise,none,0.000000,-10,434.193737,233.290196,1.000000,232.290196
1463,18.973413,17.940318,15.940318,19.940318,informed,none,0.000000,-10,434.193737,244.459602,1.000000,243.459602
1464,18.853849,18.555026,16.555026,20.555026,noise,buy_from_mm,20.555026,-11,454.748763,247.356425,1.210000,246.146425
1465,19.460454,19.590618,17.590618,21.590618,noise,none,0.000000,-11,454.748763,240.683770,1.210000,239.473770
1466,19.670813,20.415661,18.415661,22.415661,noise,none,0.000000,-11,454.748763,238.369818,1.210000,237.159818
1467,20.005586,20.645369,18.645369,22.645369,informed,none,0.000000,-11,454.748763,234.687321,1.210000,233.477321
1468,19.520876,18.294003,16.294003,20.294003,noise,none,0.000000,-11,454.748763,240.019130,1.210000,238.809130
1469,20.213483,19.374519,17.374519,21.374519,noise,sell_to_mm,17.374519,-10,437.374245,235.239419,1.000000,234.239419
1470,20.638387,19.666894,17.666894,21.666894,noise,buy_from_mm,21.666894,-11,459.041138,232.018883,1.210000,230.808883
1471,20.543706,19.361468,17.361468,21.361468,informed,none,0.000000,-11,459.041138,233.060378,1.210000,231.850378
1472,18.712766,19.121725,17.121725,21.121725,noise,none,0.000000,-11,459.041138,253.200710,1.210000,251.990710
1473,18.293602,17.975908,15.975908,19.975908,noise,none,0.000000,-11,459.041138,257.811517,1.210000,256.601517
1474,17.558640,17.431447,15.431447,19.431447,noise,none,0.000000,-11,459.041138,265.896093,1.210000,264.686093
1475,19.171094,21.176467,19.176467,23.176467,informed,sell_to_mm,19.176467,-10,439.864671,248.153735,1.000000,247.153735
1476,19.201033,19.173431,17.173431,21.173431,informed,none,0.000000,-10,439.864671,247.854340,1.000000,246.854340
1477,17.729095,18.381620,16.381620,20.381620,informed,none,0.000000,-10,439.864671,262.573718,1.000000,261.573718
1478,17.227191,16.482331,14.482331,18.482331,noise,none,0.000000,-10,439.864671,267.592765,1.000000,266.592765
1479,14.975763,15.032765,13.032765,17.032765,noise,none,0.000000,-10,439.864671,290.107039,1.000000,289.107039
1480,14.518012,15.748463,13.748463,17.748463,informed,none,0.000000,-10,439.864671,294.684554,1.000000,293.684554
1481,12.253863,12.153808,10.153808,14.153808,informed,none,0.000000,-10,439.864671,317.326045,1.000000,316.326045
1482,12.581357,13.591818,11.591818,15.591818,informed,none,0.000000,-10,439.864671,314.051100,1.000000,313.051100
1483,13.177685,12.153491,10.153491,14.153491,noise,none,0.000000,-10,439.864671,308.087821,1.000000,307.087821
1484,13.236628,12.460933,10.460933,14.460933,informed,none,0.000000,-10,439.864671,307.498390,1.000000,306.498390
1485,12.270394,12.512979,10.512979,14.512979,noise,buy_from_mm,14.512979,-11,454.377650,319.403319,1.210000,318.193319
1486,11.106936,11.934162,9.934162,13.934162,noise,none,0.000000,-11,454.377650,332.201350,1.210000,330.991350
1487,11.464841,12.355441,10.355441,14.355441,noise,none,0.000000,-11,454.377650,328.264398,1.210000,327.054398
1488,12.669212,12.055444,10.055444,14.055444,noise,none,0.000000,-11,454.377650,315.016322,1.210000,313.806322
1489,11.303651,11.646144,9.646144,13.646144,noise,none,0.000000,-11,454.377650,330.037494,1.210000,328.827494
1490,12.598109,12.337925,10.337925,14.337925,noise,none,0.000000,-11,454.377650,315.798455,1.210000,314.588455
1491,12.558594,13.514048,11.514048,15.514048,noise,none,0.000000,-11,454.377650,316.233121,1.210000,315.023121
1492,14.346692,16.314247,14.314247,18.314247,noise,none,0.000000,-11,454.377650,296.564042,1.210000,295.354042
1493,15.064971,15.244077,13.244077,17.244077,noise,none,0.000000,-11,454.377650,288.662970,1.210000,287.452970
1494,14.479062,14.737649,12.737649,16.737649,informed,none,0.000000,-11,454.377650,295.107965,1.210000,293.897965
1495,14.649281,13.904075,11.904075,15.904075,noise,none,0.000000,-11,454.377650,293.235557,1.210000,292.025557
1496,14.177276,14.016667,12.016667,16.016667,noise,buy_from_mm,16.016667,-12,470.394316,300.267003,1.440000,298.827003
1497,14.617912,15.152144,13.152144,17.152144,noise,sell_to_mm,13.152144,-11,457.242172,296.445138,1.210000,295.235138
1498,13.823613,13.173058,11.173058,15.173058,noise,buy_from_mm,15.173058,-12,472.415230,306.531874,1.440000,305.091874
1499,15.489600,15.833173,13.833173,17.833173,noise,none,0.000000,-12,472.415230,286.540025,1.440000,285.100025
1500,16.574553,19.237547,17.237547,21.237547,noise,none,0.000000,-12,472.415230,273.520593,1.440000,272.080593
1501,17.253488,16.409464,14.409464,18.409464,noise,none,0.000000,-12,472.415230,265.373375,1.440000,263.933375
1502,15.209158,16.720153,14.720153,18.720153,informed,none,0.000000,-12,472.415230,289.905338,1.440000,288.465338
1503,15.169794,14.924370,12.924370,16.924370,informed,none,0.000000,-12,472.415230,290.377704,1.440000,288.937704
1504,15.350540,13.523334,11.523334,15.523334,informed,none,0.000000,-12,472.415230,288.208754,1.440000,286.768754
1505,15.487504,16.629588,14.629588,18.629588,noise,buy_from_mm,18.629588,-13,491.044818,289.707263,1.690000,288.017263
1506,15.861328,15.508848,13.508848,17.508848,noise,none,0.000000,-13,491.044818,284.847551,1.690000,283.157551
1507,15.793227,16.374014,14.374014,18.374014,noise,none,0.000000,-13,491.044818,285.732865,1.690000,284.042865
1508,15.617399,17.501127,15.501127,19.501127,informed,none,0.000000,-13,491.044818,288.018626,1.690000,286.328626
1509,15.261716,12.433028,10.433028,14.433028,noise,none,0.000000,-13,491.044818,292.642513,1.690000,290.952513
1510,16.900321,17.891781,15.891781,19.891781,informed,none,0.000000,-13,491.044818,271.340643,1.690000,269.650643
1511,16.044967,15.903597,13.903597,17.903597,noise,sell_to_mm,13.903597,-12,477.141221,284.601612,1.440000,283.161612
1512,15.063741,14.359511,12.359511,16.359511,informed,none,0.000000,-12,477.141221,296.376332,1.440000,294.936332
1513,14.355476,15.922342,13.922342,17.922342,noise,none,0.000000,-12,477.141221,304.875508,1.440000,303.435508
1514,12.146988,11.982206,9.982206,13.982206,informed,none,0.000000,-12,477.141221,331.377370,1.440000,329.937370
1515,12.213736,12.599053,10.599053,14.599053,noise,sell_to_mm,10.599053,-11,466.542168,332.191069,1.210000,330.981069
1516,12.513431,12.474004,10.474004,14.474004,noise,none,0.000000,-11,466.542168,328.894424,1.210000,327.684424
1517,13.452899,12.047559,10.047559,14.047559,informed,none,0.000000,-11,466.542168,318.560275,1.210000,317.350275
1518,14.144385,13.829185,11.829185,15.829185,informed,none,0.000000,-11,466.542168,310.953929,1.210000,309.743929
1519,14.970176,16.828680,14.828680,18.828680,informed,none,0.000000,-11,466.542168,301.870230,1.210000,300.660230
1520,14.974218,16.176539,14.176539,18.176539,informed,none,0.000000,-11,466.542168,301.825771,1.210000,300.615771
1521,15.008271,14.473239,12.473239,16.473239,informed,none,0.000000,-11,466.542168,301.451192,1.210000,300.241192
1522,14.391038,13.623858,11.623858,15.623858,informed,none,0.000000,-11,466.542168,308.240755,1.210000,307.030755
1523,14.903846,14.830489,12.830489,16.830489,informed,none,0.000000,-11,466.542168,302.599858,1.210000,301.389858
1524,15.679417,15.106324,13.106324,17.106324,noise,none,0.000000,-11,466.542168,294.068583,1.210000,292.858583
1525,16.829963,18.151656,16.151656,20.151656,noise,none,0.000000,-11,466.542168,281.412577,1.210000,280.202577
1526,17.970874,17.471599,15.471599,19.471599,informed,none,0.000000,-11,466.542168,268.862558,1.210000,267.652558
1527,18.882758,18.518605,16.518605,20.518605,noise,none,0.000000,-11,466.542168,258.831829,1.210000,257.621829
1528,19.671378,22.110801,20.110801,24.110801,informed,sell_to_mm,20.110801,-10,446.431368,249.717586,1.000000,248.717586
1529,20.897386,20.552280,18.552280,22.552280,noise,buy_from_mm,22.552280,-11,468.983648,239.112400,1.210000,237.902400
1530,21.125399,21.266825,19.266825,23.266825,noise,none,0.000000,-11,468.983648,236.604262,1.210000,235.394262
1531,20.025428,20.148451,18.148451,22.148451,informed,none,0.000000,-11,468.983648,248.703937,1.210000,247.493937
1532,19.044344,20.174342,18.174342,22.174342,noise,none,0.000000,-11,468.983648,259.495865,1.210000,258.285865
1533,17.438939,18.251376,16.251376,20.251376,noise,none,0.000000,-11,468.983648,277.155317,1.210000,275.945317
1534,18.503895,19.446357,17.446357,21.446357,noise,none,0.000000,-11,468.983648,265.440802,1.210000,264.230802
1535,18.395404,18.583090,16.583090,20.583090,noise,none,0.000000,-11,468.983648,266.634202,1.210000,265.424202
1536,18.032290,17.761669,15.761669,19.761669,informed,none,0.000000,-11,468.983648,270.628460,1.210000,269.418460
1537,16.412327,14.722875,12.722875,16.722875,noise,sell_to_mm,12.722875,-10,456.260773,292.137499,1.000000,291.137499
1538,18.074550,18.540668,16.540668,20.540668,noise,sell_to_mm,16.540668,-9,439.720105,277.049156,0.810000,276.239156
1539,18.188261,18.650733,16.650733,20.650733,noise,sell_to_mm,16.650733,-8,423.069372,277.563284,0.640000,276.923284
1540,18.666056,20.651159,18.651159,22.651159,informed,none,0.000000,-8,423.069372,273.740927,0.640000,273.100927
1541,19.286120,20.473740,18.473740,22.473740,informed,none,0.000000,-8,423.069372,268.780416,0.640000,268.140416
1542,19.701309,19.893369,17.893369,21.893369,informed,none,0.000000,-8,423.069372,265.458903,0.640000,264.818903
1543,20.489412,21.121405,19.121405,23.121405,informed,none,0.000000,-8,423.069372,259.154073,0.640000,258.514073
1544,20.095942,20.400444,18.400444,22.400444,noise,none,0.000000,-8,423.069372,262.301840,0.640000,261.661840
1545,22.586560,21.471891,19.471891,23.471891,informed,none,0.000000,-8,423.069372,242.376895,0.640000,241.736895
1546,22.795159,22.685605,20.685605,24.685605,informed,none,0.000000,-8,423.069372,240.708101,0.640000,240.068101
1547,22.031557,21.056140,19.056140,23.056140,informed,none,0.000000,-8,423.069372,246.816920,0.640000,246.176920
1548,20.731472,19.322672,17.322672,21.322672,noise,none,0.000000,-8,423.069372,257.217600,0.640000,256.577600
1549,20.340614,19.624396,17.624396,21.624396,noise,none,0.000000,-8,423.069372,260.344458,0.640000,259.704458
1550,19.911826,18.390940,16.390940,20.390940,noise,none,0.000000,-8,423.069372,263.774766,0.640000,263.134766
1551,20.621123,20.013995,18.013995,22.013995,noise,none,0.000000,-8,423.069372,258.100387,0.640000,257.460387
1552,21.008102,20.797897,18.797897,22.797897,noise,none,0.000000,-8,423.069372,255.004557,0.640000,254.364557
1553,19.766231,18.939081,16.939081,20.939081,informed,none,0.000000,-8,423.069372,264.939528,0.640000,264.299528
1554,22.124886,23.056643,21.056643,25.056643,informed,none,0.000000,-8,423.069372,246.070284,0.640000,245.430284
1555,20.924275,20.582957,18.582957,22.582957,noise,none,0.000000,-8,423.069372,255.675175,0.640000,255.035175
1556,20.010197,21.169605,19.169605,23.169605,informed,none,0.000000,-8,423.069372,262.987798,0.640000,262.347798
1557,20.453679,19.932389,17.932389,21.932389,noise,none,0.000000,-8,423.069372,259.439937,0.640000,258.799937
1558,20.908021,20.496351,18.496351,22.496351,noise,none,0.000000,-8,423.069372,255.805206,0.640000,255.165206
1559,20.125084,19.331750,17.331750,21.331750,noise,buy_from_mm,21.331750,-9,444.401123,263.275370,0.810000,262.465370
1560,21.522960,20.873231,18.873231,22.873231,noise,none,0.000000,-9,444.401123,250.694482,0.810000,249.884482
1561,21.851100,21.288626,19.288626,23.288626,noise,buy_from_mm,23.288626,-10,467.689748,249.178748,1.000000,248.178748
1562,22.062686,21.203908,19.203908,23.203908,noise,buy_from_mm,23.203908,-11,490.893656,248.204113,1.210000,246.994113
1563,21.941983,21.944796,19.944796,23.944796,noise,none,0.000000,-11,490.893656,249.531841,1.210000,248.321841
1564,21.339659,23.269605,21.269605,25.269605,noise,none,0.000000,-11,490.893656,256.157402,1.210000,254.947402
1565,20.462653,21.080557,19.080557,23.080557,noise,buy_from_mm,23.080557,-12,513.974213,268.422378,1.440000,266.982378
1566,22.434317,22.805071,20.805071,24.805071,noise,none,0.000000,-12,513.974213,244.762407,1.440000,243.322407
1567,21.892247,21.883258,19.883258,23.883258,noise,none,0.000000,-12,513.974213,251.267250,1.440000,249.827250
1568,21.919592,20.191101,18.191101,22.191101,noise,none,0.000000,-12,513.974213,250.939111,1.440000,249.499111
1569,22.295524,21.949474,19.949474,23.949474,informed,none,0.000000,-12,513.974213,246.427926,1.440000,244.987926
1570,21.204311,21.393368,19.393368,23.393368,noise,buy_from_mm,23.393368,-13,537.367581,261.711539,1.690000,260.021539
1571,20.698095,19.933064,17.933064,21.933064,noise,none,0.000000,-13,537.367581,268.292342,1.690000,266.602342
1572,20.537691,21.615617,19.615617,23.615617,noise,none,0.000000,-13,537.367581,270.377599,1.690000,268.687599
1573,21.591914,22.888863,20.888863,24.888863,informed,none,0.000000,-13,537.367581,256.672697,1.690000,254.982697
1574,21.674710,20.163291,18.163291,22.163291,informed,none,0.000000,-13,537.367581,255.596355,1.690000,253.906355
1575,21.813752,20.590284,18.590284,22.590284,noise,none,0.000000,-13,537.367581,253.788800,1.690000,252.098800
1576,21.533066,21.286172,19.286172,23.286172,noise,buy_from_mm,23.286172,-14,560.653753,259.190825,1.960000,257.230825
1577,21.603628,21.986133,19.986133,23.986133,noise,buy_from_mm,23.986133,-15,584.639886,260.585462,2.250000,258.335462
1578,23.016768,23.262727,21.262727,25.262727,informed,none,0.000000,-15,584.639886,239.388360,2.250000,237.138360
1579,23.292816,24.310477,22.310477,26.310477,noise,none,0.000000,-15,584.639886,235.247646,2.250000,232.997646
1580,23.775145,23.422837,21.422837,25.422837,noise,none,0.000000,-15,584.639886,228.012716,2.250000,225.762716
1581,23.625634,23.949403,21.949403,25.949403,informed,none,0.000000,-15,584.639886,230.255374,2.250000,228.005374
1582,22.975695,23.078978,21.078978,25.078978,noise,none,0.000000,-15,584.639886,240.004456,2.250000,237.754456
1583,23.588865,22.315140,20.315140,24.315140,noise,none,0.000000,-15,584.639886,230.806914,2.250000,228.556914
1584,24.007084,24.498523,22.498523,26.498523,noise,none,0.000000,-15,584.639886,224.533629,2.250000,222.283629
1585,24.054199,24.211997,22.211997,26.211997,informed,none,0.000000,-15,584.639886,223.826906,2.250000,221.576906
1586,24.309657,23.545513,21.545513,25.545513,noise,none,0.000000,-15,584.639886,219.995038,2.250000,217.745038
1587,22.258608,22.702475,20.702475,24.702475,noise,none,0.000000,-15,584.639886,250.760758,2.250000,248.510758
1588,21.475381,21.164490,19.164490,23.164490,informed,none,0.000000,-15,584.639886,262.509163,2.250000,260.259163
1589,22.469865,20.698906,18.698906,22.698906,noise,sell_to_mm,18.698906,-14,565.940980,251.362866,1.960000,249.402866
1590,22.087630,20.685153,18.685153,22.685153,informed,none,0.000000,-14,565.940980,256.714155,1.960000,254.754155
1591,21.355649,21.473935,19.473935,23.473935,informed,none,0.000000,-14,565.940980,266.961894,1.960000,265.001894
1592,22.121617,23.510709,21.510709,25.510709,noise,none,0.000000,-14,565.940980,256.238345,1.960000,254.278345
1593,22.621068,23.383136,21.383136,25.383136,noise,buy_from_mm,25.383136,-15,591.324115,252.008097,2.250000,249.758097
1594,22.431436,21.769634,19.769634,23.769634,noise,none,0.000000,-15,591.324115,254.852574,2.250000,252.602574
1595,23.777573,22.651376,20.651376,24.651376,noise,sell_to_mm,20.651376,-14,570.672739,237.786719,1.960000,235.826719
1596,23.581170,24.052216,22.052216,26.052216,informed,none,0.000000,-14,570.672739,240.536353,1.960000,238.576353
1597,24.504949,22.830606,20.830606,24.830606,noise,none,0.000000,-14,570.672739,227.603456,1.960000,225.643456
1598,26.047073,24.759096,22.759096,26.759096,informed,none,0.000000,-14,570.672739,206.013723,1.960000,204.053723
1599,26.953666,26.605906,24.605906,28.605906,informed,none,0.000000,-14,570.672739,193.321410,1.960000,191.361410
1600,26.554059,27.099559,25.099559,29.099559,noise,none,0.000000,-14,570.672739,198.915916,1.960000,196.955916
1601,26.835228,27.716004,25.716004,29.716004,noise,buy_from_mm,29.716004,-15,600.388744,197.860325,2.250000,195.610325
1602,28.285935,27.895278,25.895278,29.895278,informed,none,0.000000,-15,600.388744,176.099711,2.250000,173.849711
1603,27.000654,26.208515,24.208515,28.208515,informed,none,0.000000,-15,600.388744,195.378929,2.250000,193.128929
1604,26.399156,25.069359,23.069359,27.069359,informed,none,0.000000,-15,600.388744,204.401404,2.250000,202.151404
1605,25.225800,23.810462,21.810462,25.810462,noise,buy_from_mm,25.810462,-16,626.199205,222.586404,2.560000,220.026404
1606,24.485808,24.143825,22.143825,26.143825,noise,none,0.000000,-16,626.199205,234.426280,2.560000,231.866280
1607,23.306974,23.322097,21.322097,25.322097,informed,none,0.000000,-16,626.199205,253.287622,2.560000,250.727622
1608,22.185261,23.019205,21.019205,25.019205,noise,buy_from_mm,25.019205,-17,651.218410,274.068979,2.890000,271.178979
1609,20.866501,21.700556,19.700556,23.700556,informed,none,0.000000,-17,651.218410,296.487893,2.890000,293.597893
1610,22.029912,21.105385,19.105385,23.105385,informed,none,0.000000,-17,651.218410,276.709898,2.890000,273.819898
1611,20.499153,19.091618,17.091618,21.091618,informed,none,0.000000,-17,651.218410,302.732804,2.890000,299.842804
1612,20.315935,19.772606,17.772606,21.772606,noise,sell_to_mm,17.772606,-16,633.445804,308.390852,2.560000,305.830852
1613,20.291539,19.137552,17.137552,21.137552,noise,sell_to_mm,17.137552,-15,616.308253,311.935168,2.250000,309.685168
1614,20.764698,20.596461,18.596461,22.596461,noise,none,0.000000,-15,616.308253,304.837786,2.250000,302.587786
1615,21.099514,22.309251,20.309251,24.309251,noise,none,0.000000,-15,616.308253,299.815539,2.250000,297.565539
1616,20.728303,22.896193,20.896193,24.896193,informed,sell_to_mm,20.896193,-14,595.412059,305.215814,1.960000,303.255814
1617,19.833179,19.504012,17.504012,21.504012,noise,buy_from_mm,21.504012,-15,616.916071,319.418380,2.250000,317.168380
1618,18.285519,18.479913,16.479913,20.479913,informed,none,0.000000,-15,616.916071,342.633284,2.250000,340.383284
1619,17.977238,17.334590,15.334590,19.334590,noise,none,0.000000,-15,616.916071,347.257496,2.250000,345.007496
1620,18.676648,17.430075,15.430075,19.430075,informed,none,0.000000,-15,616.916071,336.766354,2.250000,334.516354
1621,18.734674,19.528663,17.528663,21.528663,noise,none,0.000000,-15,616.916071,335.895960,2.250000,333.645960
1622,18.131241,17.710966,15.710966,19.710966,noise,none,0.000000,-15,616.916071,344.947461,2.250000,342.697461
1623,19.021554,19.087086,17.087086,21.087086,informed,none,0.000000,-15,616.916071,331.592763,2.250000,329.342763
1624,18.855531,19.939411,17.939411,21.939411,informed,none,0.000000,-15,616.916071,334.083108,2.250000,331.833108
1625,20.114280,19.833989,17.833989,21.833989,noise,none,0.000000,-15,616.916071,315.201868,2.250000,312.951868
1626,19.510637,17.551085,15.551085,19.551085,noise,none,0.000000,-15,616.916071,324.256522,2.250000,322.006522
1627,19.604902,19.411623,17.411623,21.411623,noise,none,0.000000,-15,616.916071,322.842538,2.250000,320.592538
1628,18.880785,17.892611,15.892611,19.892611,noise,none,0.000000,-15,616.916071,333.704290,2.250000,331.454290
1629,19.851551,18.910923,16.910923,20.910923,noise,none,0.000000,-15,616.916071,319.142804,2.250000,316.892804
1630,17.946493,16.458094,14.458094,18.458094,informed,none,0.000000,-15,616.916071,347.718682,2.250000,345.468682
1631,18.528434,20.156925,18.156925,22.156925,noise,buy_from_mm,22.156925,-16,639.072996,342.618049,2.560000,340.058049
1632,20.852090,22.116320,20.116320,24.116320,informed,none,0.000000,-16,639.072996,305.439551,2.560000,302.879551
1633,22.915743,24.546901,22.546901,26.546901,noise,none,0.000000,-16,639.072996,272.421110,2.560000,269.861110
1634,23.526257,24.572371,22.572371,26.572371,noise,sell_to_mm,22.572371,-15,616.500625,263.606763,2.250000,261.356763
1635,24.468377,25.673121,23.673121,27.673121,noise,none,0.000000,-15,616.500625,249.474975,2.250000,247.224975
1636,26.286498,26.125694,24.125694,28.125694,informed,none,0.000000,-15,616.500625,222.203160,2.250000,219.953160
1637,26.188857,25.598262,23.598262,27.598262,noise,none,0.000000,-15,616.500625,223.667770,2.250000,221.417770
1638,25.576650,25.639121,23.639121,27.639121,informed,none,0.000000,-15,616.500625,232.850882,2.250000,230.600882
1639,26.741874,26.576735,24.576735,28.576735,noise,none,0.000000,-15,616.500625,215.372521,2.250000,213.122521
1640,27.201966,28.874178,26.874178,30.874178,noise,none,0.000000,-15,616.500625,208.471130,2.250000,206.221130
1641,27.646917,27.533494,25.533494,29.533494,informed,none,0.000000,-15,616.500625,201.796872,2.250000,199.546872
1642,30.397702,31.197104,29.197104,33.197104,informed,none,0.000000,-15,616.500625,160.535099,2.250000,158.285099
1643,31.445750,32.325033,30.325033,34.325033,noise,none,0.000000,-15,616.500625,144.814370,2.250000,142.564370
1644,33.159725,33.089149,31.089149,35.089149,noise,buy_from_mm,35.089149,-16,651.589774,121.034168,2.560000,118.474168
1645,33.054797,33.154297,31.154297,35.154297,noise,none,0.000000,-16,651.589774,122.713015,2.560000,120.153015
1646,32.224343,31.340012,29.340012,33.340012,informed,none,0.000000,-16,651.589774,136.000292,2.560000,133.440292
1647,31.095435,30.551387,28.551387,32.551387,noise,buy_from_mm,32.551387,-17,684.141161,155.518766,2.890000,152.628766
1648,31.459865,32.031120,30.031120,34.031120,informed,none,0.000000,-17,684.141161,149.323449,2.890000,146.433449
1649,31.461555,30.689165,28.689165,32.689165,noise,none,0.000000,-17,684.141161,149.294724,2.890000,146.404724
1650,32.546059,32.367876,30.367876,34.367876,noise,none,0.000000,-17,684.141161,130.858166,2.890000,127.968166
1651,32.711595,33.508490,31.508490,35.508490,noise,buy_from_mm,35.508490,-18,719.649651,130.840945,3.240000,127.600945
1652,31.617440,30.384636,28.384636,32.384636,informed,none,0.000000,-18,719.649651,150.535726,3.240000,147.295726
1653,33.191688,32.302208,30.302208,34.302208,informed,none,0.000000,-18,719.649651,122.199269,3.240000,118.959269
1654,34.520783,34.707767,32.707767,36.707767,noise,none,0.000000,-18,719.649651,98.275562,3.240000,95.035562
1655,35.310798,35.288016,33.288016,37.288016,noise,none,0.000000,-18,719.649651,84.055283,3.240000,80.815283
1656,35.541682,36.838428,34.838428,38.838428,informed,none,0.000000,-18,719.649651,79.899373,3.240000,76.659373
1657,35.135187,34.172231,32.172231,36.172231,noise,none,0.000000,-18,719.649651,87.216278,3.240000,83.976278
1658,36.553738,37.100437,35.100437,39.100437,noise,none,0.000000,-18,719.649651,61.682375,3.240000,58.442375
1659,36.292601,34.415679,32.415679,36.415679,informed,none,0.000000,-18,719.649651,66.382826,3.240000,63.142826
1660,35.486796,37.172627,35.172627,39.172627,noise,none,0.000000,-18,719.649651,80.887320,3.240000,77.647320
1661,34.954736,37.501500,35.501500,39.501500,informed,sell_to_mm,35.501500,-17,684.148150,89.917643,2.890000,87.027643
1662,33.887277,34.695191,32.695191,36.695191,noise,none,0.000000,-17,684.148150,108.064447,2.890000,105.174447
1663,33.760879,32.792801,30.792801,34.792801,noise,none,0.000000,-17,684.148150,110.213214,2.890000,107.323214
1664,32.117606,32.387467,30.387467,34.387467,noise,none,0.000000,-17,684.148150,138.148840,2.890000,135.258840
1665,32.183037,32.409564,30.409564,34.409564,noise,none,0.000000,-17,684.148150,137.036517,2.890000,134.146517
1666,33.823834,33.787113,31.787113,35.787113,informed,none,0.000000,-17,684.148150,109.142967,2.890000,106.252967
1667,32.247558,33.361933,31.361933,35.361933,noise,sell_to_mm,31.361933,-16,652.786218,136.825286,2.560000,134.265286
1668,32.282852,33.069539,31.069539,35.069539,informed,none,0.000000,-16,652.786218,136.260588,2.560000,133.700588
1669,33.407638,32.639826,30.639826,34.639826,noise,sell_to_mm,30.639826,-15,622.146391,121.031814,2.250000,118.781814
1670,32.672435,33.531535,31.531535,35.531535,noise,none,0.000000,-15,622.146391,132.059870,2.250000,129.809870
1671,33.100358,31.896032,29.896032,33.896032,noise,none,0.000000,-15,622.146391,125.641021,2.250000,123.391021
1672,33.091310,34.006271,32.006271,36.006271,informed,none,0.000000,-15,622.146391,125.776738,2.250000,123.526738
1673,34.188338,33.178916,31.178916,35.178916,informed,none,0.000000,-15,622.146391,109.321315,2.250000,107.071315
1674,35.920519,37.053141,35.053141,39.053141,informed,none,0.000000,-15,622.146391,83.338608,2.250000,81.088608
1675,36.022082,37.554492,35.554492,39.554492,noise,buy_from_mm,39.554492,-16,661.700883,85.347571,2.560000,82.787571
1676,35.033762,34.360572,32.360572,36.360572,informed,none,0.000000,-16,661.700883,101.160689,2.560000,98.600689
1677,34.809225,35.277005,33.277005,37.277005,noise,none,0.000000,-16,661.700883,104.753278,2.560000,102.193278
1678,34.113931,34.828710,32.828710,36.828710,noise,none,0.000000,-16,661.700883,115.877993,2.560000,113.317993
1679,33.120787,33.939547,31.939547,35.939547,noise,none,0.000000,-16,661.700883,131.768294,2.560000,129.208294
1680,34.200255,33.030783,31.030783,35.030783,informed,none,0.000000,-16,661.700883,114.496796,2.560000,111.936796
1681,33.649051,34.542449,32.542449,36.542449,noise,none,0.000000,-16,661.700883,123.316065,2.560000,120.756065
1682,34.528977,33.489682,31.489682,35.489682,informed,none,0.000000,-16,661.700883,109.237250,2.560000,106.677250
1683,33.804089,34.772483,32.772483,36.772483,informed,none,0.000000,-16,661.700883,120.835453,2.560000,118.275453
1684,34.494017,34.909993,32.909993,36.909993,noise,sell_to_mm,32.909993,-15,628.790890,111.380638,2.250000,109.130638
1685,33.589362,33.067320,31.067320,35.067320,noise,none,0.000000,-15,628.790890,124.950461,2.250000,122.700461
1686,32.735718,30.849597,28.849597,32.849597,noise,none,0.000000,-15,628.790890,137.755116,2.250000,135.505116
1687,32.727523,33.095416,31.095416,35.095416,informed,none,0.000000,-15,628.790890,137.878044,2.250000,135.628044
1688,33.009417,31.686348,29.686348,33.686348,informed,none,0.000000,-15,628.790890,133.649640,2.250000,131.399640
1689,34.100007,33.796467,31.796467,35.796467,noise,sell_to_mm,31.796467,-14,596.994423,119.594324,1.960000,117.634324
1690,33.596704,30.773954,28.773954,32.773954,informed,buy_from_mm,32.773954,-15,629.768377,125.817821,2.250000,123.567821
1691,34.512122,33.053801,31.053801,35.053801,informed,none,0.000000,-15,629.768377,112.086548,2.250000,109.836548
1692,34.966518,35.684385,33.684385,37.684385,informed,none,0.000000,-15,629.768377,105.270612,2.250000,103.020612
1693,35.354792,35.630172,33.630172,37.630172,noise,none,0.000000,-15,629.768377,99.446504,2.250000,97.196504
1694,36.262824,37.653171,35.653171,39.653171,noise,none,0.000000,-15,629.768377,85.826011,2.250000,83.576011
1695,36.384333,35.996768,33.996768,37.996768,noise,none,0.000000,-15,629.768377,84.003376,2.250000,81.753376
1696,36.001961,35.843425,33.843425,37.843425,noise,none,0.000000,-15,629.768377,89.738968,2.250000,87.488968
1697,36.080763,35.769546,33.769546,37.769546,noise,buy_from_mm,37.769546,-16,667.537924,90.245721,2.560000,87.685721
1698,37.684356,39.200989,37.200989,41.200989,informed,none,0.000000,-16,667.537924,64.588228,2.560000,62.028228
1699,39.087257,40.377358,38.377358,42.377358,noise,none,0.000000,-16,667.537924,42.141806,2.560000,39.581806
1700,38.436110,37.634569,35.634569,39.634569,informed,none,0.000000,-16,667.537924,52.560162,2.560000,50.000162
1701,38.691045,37.656740,35.656740,39.656740,noise,none,0.000000,-16,667.537924,48.481198,2.560000,45.921198
1702,38.759479,38.778762,36.778762,40.778762,noise,none,0.000000,-16,667.537924,47.386257,2.560000,44.826257
1703,40.111128,40.805688,38.805688,42.805688,noise,none,0.000000,-16,667.537924,25.759880,2.560000,23.199880
1704,40.044067,40.036422,38.036422,42.036422,noise,none,0.000000,-16,667.537924,26.832851,2.560000,24.272851
1705,41.475671,40.912669,38.912669,42.912669,noise,none,0.000000,-16,667.537924,3.927193,2.560000,1.367193
1706,41.415856,42.347162,40.347162,44.347162,noise,none,0.000000,-16,667.537924,4.884234,2.560000,2.324234
1707,42.347921,42.165829,40.165829,44.165829,informed,none,0.000000,-16,667.537924,-10.028806,2.560000,-12.588806
1708,41.522531,41.999426,39.999426,43.999426,informed,none,0.000000,-16,667.537924,3.177435,2.560000,0.617435
1709,40.811675,39.931290,37.931290,41.931290,noise,none,0.000000,-16,667.537924,14.551125,2.560000,11.991125
1710,42.265514,43.999307,41.999307,45.999307,noise,sell_to_mm,41.999307,-15,625.538616,-8.444098,2.250000,-10.694098
1711,41.357864,42.357126,40.357126,44.357126,informed,none,0.000000,-15,625.538616,5.170658,2.250000,2.920658
1712,40.895883,39.521718,37.521718,41.521718,noise,none,0.000000,-15,625.538616,12.100366,2.250000,9.850366
1713,42.475257,43.512889,41.512889,45.512889,informed,none,0.000000,-15,625.538616,-11.590242,2.250000,-13.840242
1714,42.546279,43.419690,41.419690,45.419690,informed,none,0.000000,-15,625.538616,-12.655565,2.250000,-14.905565
1715,42.503768,43.012798,41.012798,45.012798,noise,none,0.000000,-15,625.538616,-12.017908,2.250000,-14.267908
1716,42.212554,41.062177,39.062177,43.062177,noise,buy_from_mm,43.062177,-16,668.600793,-6.800066,2.560000,-9.360066
1717,40.137061,42.492509,40.492509,44.492509,noise,none,0.000000,-16,668.600793,26.407811,2.560000,23.847811
1718,39.246080,37.657549,35.657549,39.657549,noise,buy_from_mm,39.657549,-17,708.258342,41.074989,2.890000,38.184989
1719,38.053798,39.363839,37.363839,41.363839,noise,none,0.000000,-17,708.258342,61.343779,2.890000,58.453779
1720,37.676898,37.646571,35.646571,39.646571,noise,none,0.000000,-17,708.258342,67.751075,2.890000,64.861075
1721,38.111701,38.467705,36.467705,40.467705,noise,none,0.000000,-17,708.258342,60.359423,2.890000,57.469423
1722,39.254527,40.067570,38.067570,42.067570,noise,buy_from_mm,42.067570,-18,750.325912,43.744417,3.240000,40.504417
1723,41.304771,40.331701,38.331701,42.331701,noise,none,0.000000,-18,750.325912,6.840033,3.240000,3.600033
1724,40.231864,41.199605,39.199605,43.199605,noise,buy_from_mm,43.199605,-19,793.525517,29.120104,3.610000,25.510104
1725,39.700920,38.467380,36.467380,40.467380,noise,buy_from_mm,40.467380,-20,833.992897,39.974495,4.000000,35.974495
1726,40.555663,40.929852,38.929852,42.929852,noise,none,0.000000,-20,833.992897,22.879633,4.000000,18.879633
1727,40.158518,40.631072,38.631072,42.631072,informed,none,0.000000,-20,833.992897,30.822538,4.000000,26.822538
1728,40.771320,40.229434,38.229434,42.229434,noise,none,0.000000,-20,833.992897,18.566493,4.000000,14.566493
1729,41.266665,41.466952,39.466952,43.466952,informed,none,0.000000,-20,833.992897,8.659590,4.000000,4.659590
1730,40.340026,38.795569,36.795569,40.795569,noise,none,0.000000,-20,833.992897,27.192374,4.000000,23.192374
1731,40.009942,38.317824,36.317824,40.317824,noise,none,0.000000,-20,833.992897,33.794058,4.000000,29.794058
1732,41.195455,40.980505,38.980505,42.980505,informed,none,0.000000,-20,833.992897,10.083804,4.000000,6.083804
1733,39.237931,40.368914,38.368914,42.368914,noise,sell_to_mm,38.368914,-19,795.623983,50.103297,3.610000,46.493297
1734,39.636943,39.932010,37.932010,41.932010,informed,none,0.000000,-19,795.623983,42.522068,3.610000,38.912068
1735,38.380948,39.106951,37.106951,41.106951,informed,none,0.000000,-19,795.623983,66.385964,3.610000,62.775964
1736,38.760220,38.512680,36.512680,40.512680,noise,none,0.000000,-19,795.623983,59.179803,3.610000,55.569803
1737,37.906837,38.360132,36.360132,40.360132,informed,none,0.000000,-19,795.623983,75.394080,3.610000,71.784080
1738,37.453504,36.480200,34.480200,38.480200,noise,none,0.000000,-19,795.623983,84.007399,3.610000,80.397399
1739,39.114496,38.670605,36.670605,40.670605,noise,none,0.000000,-19,795.623983,52.448566,3.610000,48.838566
1740,40.472746,39.943166,37.943166,41.943166,informed,none,0.000000,-19,795.623983,26.641818,3.610000,23.031818
1741,39.176905,39.790008,37.790008,41.790008,informed,none,0.000000,-19,795.623983,51.262786,3.610000,47.652786
1742,39.200226,38.378270,36.378270,40.378270,informed,none,0.000000,-19,795.623983,50.819681,3.610000,47.209681
1743,39.733940,41.314413,39.314413,43.314413,noise,none,0.000000,-19,795.623983,40.679128,3.610000,37.069128
1744,39.624239,39.483013,37.483013,41.483013,informed,none,0.000000,-19,795.623983,42.763451,3.610000,39.153451
1745,38.561835,38.188672,36.188672,40.188672,noise,none,0.000000,-19,795.623983,62.949119,3.610000,59.339119
1746,39.120427,38.965369,36.965369,40.965369,noise,none,0.000000,-19,795.623983,52.335861,3.610000,48.725861
1747,37.858261,37.674831,35.674831,39.674831,noise,none,0.000000,-19,795.623983,76.317026,3.610000,72.707026
1748,37.359722,36.742769,34.742769,38.742769,informed,none,0.000000,-19,795.623983,85.789258,3.610000,82.179258
1749,39.068150,38.534768,36.534768,40.534768,informed,none,0.000000,-19,795.623983,53.329131,3.610000,49.719131
1750,38.989388,38.680824,36.680824,40.680824,noise,none,0.000000,-19,795.623983,54.825605,3.610000,51.215605
1751,38.458694,38.843425,36.843425,40.843425,informed,none,0.000000,-19,795.623983,64.908792,3.610000,61.298792
1752,37.512440,37.726658,35.726658,39.726658,noise,none,0.000000,-19,795.623983,82.887620,3.610000,79.277620
1753,37.492329,37.425525,35.425525,39.425525,informed,none,0.000000,-19,795.623983,83.269730,3.610000,79.659730
1754,38.467237,38.401942,36.401942,40.401942,informed,none,0.000000,-19,795.623983,64.746473,3.610000,61.136473
1755,39.683774,39.325391,37.325391,41.325391,noise,buy_from_mm,41.325391,-20,836.949374,43.273897,4.000000,39.273897
1756,40.753966,39.242329,37.242329,41.242329,noise,none,0.000000,-20,836.949374,21.870061,4.000000,17.870061
1757,39.865083,41.512213,39.512213,43.512213,noise,buy_from_mm,43.512213,-21,880.461587,43.294848,4.410000,38.884848
1758,41.970604,41.547897,39.547897,43.547897,noise,none,0.000000,-21,880.461587,-0.921100,4.410000,-5.331100
1759,40.185106,40.435073,38.435073,42.435073,informed,none,0.000000,-21,880.461587,36.574356,4.410000,32.164356
1760,38.682724,39.214475,37.214475,41.214475,noise,none,0.000000,-21,880.461587,68.124391,4.410000,63.714391
1761,39.669216,40.424662,38.424662,42.424662,noise,none,0.000000,-21,880.461587,47.408046,4.410000,42.998046
1762,39.194573,38.295035,36.295035,40.295035,informed,none,0.000000,-21,880.461587,57.375563,4.410000,52.965563
1763,40.376262,39.276498,37.276498,41.276498,noise,sell_to_mm,37.276498,-20,843.185089,35.659848,4.000000,31.659848
1764,41.943550,42.650936,40.650936,44.650936,noise,none,0.000000,-20,843.185089,4.314096,4.000000,0.314096
1765,40.956757,40.454707,38.454707,42.454707,noise,none,0.000000,-20,843.185089,24.049943,4.000000,20.049943
1766,40.293363,41.184389,39.184389,43.184389,noise,sell_to_mm,39.184389,-19,804.000700,38.426802,3.610000,34.816802
1767,40.834445,40.755561,38.755561,42.755561,noise,none,0.000000,-19,804.000700,28.146246,3.610000,24.536246
1768,40.678986,40.877400,38.877400,42.877400,informed,none,0.000000,-19,804.000700,31.099974,3.610000,27.489974
1769,41.968527,41.609469,39.609469,43.609469,noise,none,0.000000,-19,804.000700,6.598680,3.610000,2.988680
1770,41.025617,41.677375,39.677375,43.677375,informed,none,0.000000,-19,804.000700,24.513983,3.610000,20.903983
1771,42.099681,42.083772,40.083772,44.083772,noise,none,0.000000,-19,804.000700,4.106764,3.610000,0.496764
1772,43.140131,41.765772,39.765772,43.765772,informed,none,0.000000,-19,804.000700,-15.661793,3.610000,-19.271793
1773,42.743802,43.683216,41.683216,45.683216,noise,buy_from_mm,45.683216,-20,849.683915,-5.192124,4.000000,-9.192124
1774,44.353979,43.894904,41.894904,45.894904,informed,none,0.000000,-20,849.683915,-37.395663,4.000000,-41.395663
1775,44.408942,44.194416,42.194416,46.194416,informed,none,0.000000,-20,849.683915,-38.494916,4.000000,-42.494916
1776,46.468345,47.439531,45.439531,49.439531,noise,none,0.000000,-20,849.683915,-79.682980,4.000000,-83.682980
1777,44.853742,45.102535,43.102535,47.102535,noise,none,0.000000,-20,849.683915,-47.390926,4.000000,-51.390926
1778,45.410598,44.517510,42.517510,46.517510,informed,none,0.000000,-20,849.683915,-58.528048,4.000000,-62.528048
1779,45.390569,45.705950,43.705950,47.705950,informed,none,0.000000,-20,849.683915,-58.127464,4.000000,-62.127464
1780,45.979431,46.863155,44.863155,48.863155,informed,none,0.000000,-20,849.683915,-69.904708,4.000000,-73.904708
1781,46.119545,46.518359,44.518359,48.518359,noise,sell_to_mm,44.518359,-19,805.165557,-71.105794,3.610000,-74.715794
1782,45.152400,45.506413,43.506413,47.506413,noise,none,0.000000,-19,805.165557,-52.730043,3.610000,-56.340043
1783,44.845251,46.445251,44.445251,48.445251,noise,sell_to_mm,44.445251,-18,760.720306,-46.494215,3.240000,-49.734215
1784,43.597609,44.682353,42.682353,46.682353,informed,none,0.000000,-18,760.720306,-24.036655,3.240000,-27.276655
1785,43.176406,44.195215,42.195215,46.195215,noise,sell_to_mm,42.195215,-17,718.525091,-15.473814,2.890000,-18.363814
1786,43.080358,42.085665,40.085665,44.085665,noise,none,0.000000,-17,718.525091,-13.840994,2.890000,-16.730994
1787,41.264157,41.822696,39.822696,43.822696,noise,none,0.000000,-17,718.525091,17.034429,2.890000,14.144429
1788,40.010257,40.607983,38.607983,42.607983,noise,none,0.000000,-17,718.525091,38.350714,2.890000,35.460714
1789,38.907747,38.874900,36.874900,40.874900,noise,none,0.000000,-17,718.525091,57.093385,2.890000,54.203385
1790,37.911528,39.248016,37.248016,41.248016,informed,none,0.000000,-17,718.525091,74.029116,2.890000,71.139116
1791,37.195893,37.384979,35.384979,39.384979,informed,none,0.000000,-17,718.525091,86.194914,2.890000,83.304914
1792,37.383196,36.660331,34.660331,38.660331,informed,none,0.000000,-17,718.525091,83.010765,2.890000,80.120765
1793,37.901194,39.746330,37.746330,41.746330,noise,none,0.000000,-17,718.525091,74.204795,2.890000,71.314795
1794,37.519256,36.807318,34.807318,38.807318,informed,none,0.000000,-17,718.525091,80.697734,2.890000,77.807734
1795,37.174278,37.346538,35.346538,39.346538,noise,none,0.000000,-17,718.525091,86.562367,2.890000,83.672367
1796,36.379608,38.039302,36.039302,40.039302,informed,none,0.000000,-17,718.525091,100.071753,2.890000,97.181753
1797,37.089346,35.856044,33.856044,37.856044,noise,none,0.000000,-17,718.525091,88.006206,2.890000,85.116206
1798,37.114217,34.806915,32.806915,36.806915,informed,buy_from_mm,36.806915,-18,755.332006,87.276091,3.240000,84.036091
1799,36.430839,37.236328,35.236328,39.236328,noise,none,0.000000,-18,755.332006,99.576900,3.240000,96.336900
1800,38.054229,38.172601,36.172601,40.172601,informed,none,0.000000,-18,755.332006,70.355884,3.240000,67.115884
1801,38.387299,35.916949,33.916949,37.916949,noise,none,0.000000,-18,755.332006,64.360621,3.240000,61.120621
1802,36.645644,37.141099,35.141099,39.141099,informed,none,0.000000,-18,755.332006,95.710422,3.240000,92.470422
1803,35.994667,36.379953,34.379953,38.379953,informed,none,0.000000,-18,755.332006,107.428002,3.240000,104.188002
1804,35.439233,35.746959,33.746959,37.746959,noise,buy_from_mm,37.746959,-19,793.078965,119.733542,3.610000,116.123542
1805,36.922198,36.739629,34.739629,38.739629,noise,none,0.000000,-19,793.078965,91.557203,3.610000,87.947203
1806,36.017105,34.497523,32.497523,36.497523,noise,none,0.000000,-19,793.078965,108.753972,3.610000,105.143972
1807,35.024491,35.702009,33.702009,37.702009,informed,none,0.000000,-19,793.078965,127.613637,3.610000,124.003637
1808,34.612387,33.913266,31.913266,35.913266,noise,none,0.000000,-19,793.078965,135.443618,3.610000,131.833618
1809,34.868709,37.355922,35.355922,39.355922,informed,sell_to_mm,35.355922,-18,757.723043,130.086288,3.240000,126.846288
1810,35.771711,35.942605,33.942605,37.942605,noise,none,0.000000,-18,757.723043,113.832237,3.240000,110.592237
1811,36.479760,36.977707,34.977707,38.977707,informed,none,0.000000,-18,757.723043,101.087370,3.240000,97.847370
1812,37.557131,37.564532,35.564532,39.564532,informed,none,0.000000,-18,757.723043,81.694694,3.240000,78.454694
1813,37.303792,35.568730,33.568730,37.568730,noise,none,0.000000,-18,757.723043,86.254793,3.240000,83.014793
1814,37.754605,36.958647,34.958647,38.958647,informed,none,0.000000,-18,757.723043,78.140159,3.240000,74.900159
1815,36.912001,36.777306,34.777306,38.777306,noise,sell_to_mm,34.777306,-17,722.945737,95.441725,2.890000,92.551725
1816,38.206424,38.988967,36.988967,40.988967,informed,none,0.000000,-17,722.945737,73.436527,2.890000,70.546527
1817,37.486265,36.180822,34.180822,38.180822,informed,none,0.000000,-17,722.945737,85.679237,2.890000,82.789237
1818,36.678022,36.213410,34.213410,38.213410,noise,none,0.000000,-17,722.945737,99.419370,2.890000,96.529370
1819,36.686479,36.546528,34.546528,38.546528,noise,sell_to_mm,34.546528,-16,688.399209,101.415553,2.560000,98.855553
1820,37.496148,37.055305,35.055305,39.055305,informed,none,0.000000,-16,688.399209,88.460846,2.560000,85.900846
1821,37.961396,38.419439,36.419439,40.419439,noise,none,0.000000,-16,688.399209,81.016873,2.560000,78.456873
1822,38.025540,37.852439,35.852439,39.852439,informed,none,0.000000,-16,688.399209,79.990570,2.560000,77.430570
1823,37.111992,37.049033,35.049033,39.049033,noise,none,0.000000,-16,688.399209,94.607338,2.560000,92.047338
1824,38.294244,36.109500,34.109500,38.109500,informed,buy_from_mm,38.109500,-17,726.508709,75.506565,2.890000,72.616565
1825,38.384902,36.067683,34.067683,38.067683,noise,buy_from_mm,38.067683,-18,764.576392,73.648150,3.240000,70.408150
1826,38.920590,38.902501,36.902501,40.902501,noise,none,0.000000,-18,764.576392,64.005767,3.240000,60.765767
1827,40.047846,39.351481,37.351481,41.351481,noise,none,0.000000,-18,764.576392,43.715172,3.240000,40.475172
1828,40.432725,40.146847,38.146847,42.146847,noise,none,0.000000,-18,764.576392,36.787339,3.240000,33.547339
1829,40.321218,40.424551,38.424551,42.424551,informed,none,0.000000,-18,764.576392,38.794474,3.240000,35.554474
1830,39.763388,38.536756,36.536756,40.536756,noise,none,0.000000,-18,764.576392,48.835402,3.240000,45.595402
1831,38.192416,38.666212,36.666212,40.666212,noise,none,0.000000,-18,764.576392,77.112902,3.240000,73.872902
1832,38.295006,38.524161,36.524161,40.524161,noise,none,0.000000,-18,764.576392,75.266285,3.240000,72.026285
1833,37.792898,37.906272,35.906272,39.906272,informed,none,0.000000,-18,764.576392,84.304227,3.240000,81.064227
1834,36.861747,36.604704,34.604704,38.604704,informed,none,0.000000,-18,764.576392,101.064944,3.240000,97.824944
1835,35.284399,35.511937,33.511937,37.511937,noise,sell_to_mm,33.511937,-17,731.064455,131.229676,2.890000,128.339676
1836,33.228407,34.004229,32.004229,36.004229,noise,none,0.000000,-17,731.064455,166.181544,2.890000,163.291544
1837,32.474995,32.127925,30.127925,34.127925,informed,none,0.000000,-17,731.064455,178.989539,2.890000,176.099539
1838,30.492036,30.099009,28.099009,32.099009,noise,none,0.000000,-17,731.064455,212.699847,2.890000,209.809847
1839,26.974663,25.247891,23.247891,27.247891,noise,none,0.000000,-17,731.064455,272.495190,2.890000,269.605190
1840,25.430547,26.870271,24.870271,28.870271,informed,none,0.000000,-17,731.064455,298.745151,2.890000,295.855151
1841,25.176187,24.517880,22.517880,26.517880,informed,none,0.000000,-17,731.064455,303.069282,2.890000,300.179282
1842,27.885427,28.210739,26.210739,30.210739,noise,none,0.000000,-17,731.064455,257.012204,2.890000,254.122204
1843,29.762716,30.740880,28.740880,32.740880,noise,sell_to_mm,28.740880,-16,702.323575,226.120119,2.560000,223.560119
1844,29.094909,29.389298,27.389298,31.389298,noise,none,0.000000,-16,702.323575,236.805025,2.560000,234.245025
1845,29.343829,28.824744,26.824744,30.824744,noise,none,0.000000,-16,702.323575,232.822311,2.560000,230.262311
1846,29.588601,30.435288,28.435288,32.435288,noise,none,0.000000,-16,702.323575,228.905955,2.560000,226.345955
1847,31.248783,30.907423,28.907423,32.907423,informed,none,0.000000,-16,702.323575,202.343048,2.560000,199.783048
1848,31.579637,32.465050,30.465050,34.465050,informed,none,0.000000,-16,702.323575,197.049388,2.560000,194.489388
1849,33.006676,35.042488,33.042488,37.042488,informed,sell_to_mm,33.042488,-15,669.281087,174.180945,2.250000,171.930945
1850,33.299455,34.422478,32.422478,36.422478,noise,none,0.000000,-15,669.281087,169.789263,2.250000,167.539263
1851,30.631341,29.794154,27.794154,31.794154,noise,sell_to_mm,27.794154,-14,641.486933,212.648152,1.960000,210.688152
1852,31.899708,31.169401,29.169401,33.169401,noise,none,0.000000,-14,641.486933,194.891023,1.960000,192.931023
1853,32.756815,32.420683,30.420683,34.420683,noise,none,0.000000,-14,641.486933,182.891516,1.960000,180.931516
1854,33.045910,32.450163,30.450163,34.450163,noise,none,0.000000,-14,641.486933,178.844186,1.960000,176.884186
1855,32.318603,32.596233,30.596233,34.596233,noise,none,0.000000,-14,641.486933,189.026492,1.960000,187.066492
1856,34.085715,35.403338,33.403338,37.403338,informed,none,0.000000,-14,641.486933,164.286923,1.960000,162.326923
1857,33.717214,31.959339,29.959339,33.959339,noise,none,0.000000,-14,641.486933,169.445943,1.960000,167.485943
1858,32.629227,31.211903,29.211903,33.211903,noise,none,0.000000,-14,641.486933,184.677751,1.960000,182.717751
1859,32.850976,32.220924,30.220924,34.220924,noise,none,0.000000,-14,641.486933,181.573273,1.960000,179.613273
1860,33.472115,31.648091,29.648091,33.648091,noise,none,0.000000,-14,641.486933,172.877317,1.960000,170.917317
1861,33.167821,32.351157,30.351157,34.351157,informed,none,0.000000,-14,641.486933,177.137441,1.960000,175.177441
1862,34.595579,34.641457,32.641457,36.641457,informed,none,0.000000,-14,641.486933,157.148833,1.960000,155.188833
1863,34.206272,35.381109,33.381109,37.381109,noise,sell_to_mm,33.381109,-13,608.105824,163.424289,1.690000,161.734289
1864,34.525070,33.616179,31.616179,35.616179,informed,none,0.000000,-13,608.105824,159.279912,1.690000,157.589912
1865,35.472961,36.793070,34.793070,38.793070,noise,none,0.000000,-13,608.105824,146.957331,1.690000,145.267331
1866,36.158185,37.866729,35.866729,39.866729,informed,none,0.000000,-13,608.105824,138.049416,1.690000,136.359416
1867,36.673508,36.956183,34.956183,38.956183,informed,none,0.000000,-13,608.105824,131.350222,1.690000,129.660222
1868,36.808758,38.898413,36.898413,40.898413,noise,none,0.000000,-13,608.105824,129.591969,1.690000,127.901969
1869,38.940665,37.976308,35.976308,39.976308,informed,none,0.000000,-13,608.105824,101.877176,1.690000,100.187176
1870,38.245067,36.344209,34.344209,38.344209,noise,none,0.000000,-13,608.105824,110.919951,1.690000,109.229951
1871,37.138450,38.723386,36.723386,40.723386,noise,none,0.000000,-13,608.105824,125.305970,1.690000,123.615970
1872,37.435838,37.992020,35.992020,39.992020,noise,none,0.000000,-13,608.105824,121.439924,1.690000,119.749924
1873,37.595531,39.091421,37.091421,41.091421,noise,buy_from_mm,41.091421,-14,649.197245,122.859809,1.960000,120.899809
1874,37.004232,36.520078,34.520078,38.520078,informed,none,0.000000,-14,649.197245,131.137997,1.960000,129.177997
1875,37.423064,37.165734,35.165734,39.165734,informed,none,0.000000,-14,649.197245,125.274345,1.960000,123.314345
1876,38.619321,40.723126,38.723126,42.723126,informed,sell_to_mm,38.723126,-13,610.474119,108.422943,1.690000,106.732943
1877,38.371600,38.825735,36.825735,40.825735,noise,buy_from_mm,40.825735,-14,651.299853,114.097455,1.960000,112.137455
1878,35.619220,36.683954,34.683954,38.683954,informed,none,0.000000,-14,651.299853,152.630777,1.960000,150.670777
1879,36.412707,36.907731,34.907731,38.907731,noise,none,0.000000,-14,651.299853,141.521957,1.960000,139.561957
1880,35.046904,33.658097,31.658097,35.658097,informed,none,0.000000,-14,651.299853,160.643203,1.960000,158.683203
1881,34.302634,33.402600,31.402600,35.402600,noise,none,0.000000,-14,651.299853,171.062975,1.960000,169.102975
1882,34.589279,34.560639,32.560639,36.560639,informed,none,0.000000,-14,651.299853,167.049944,1.960000,165.089944
1883,33.868443,35.380108,33.380108,37.380108,noise,none,0.000000,-14,651.299853,177.141657,1.960000,175.181657
1884,33.905181,32.725712,30.725712,34.725712,noise,none,0.000000,-14,651.299853,176.627315,1.960000,174.667315
1885,32.776898,34.620210,32.620210,36.620210,informed,none,0.000000,-14,651.299853,192.423277,1.960000,190.463277
1886,32.945823,32.758878,30.758878,34.758878,informed,none,0.000000,-14,651.299853,190.058331,1.960000,188.098331
1887,34.189079,34.384772,32.384772,36.384772,informed,none,0.000000,-14,651.299853,172.652745,1.960000,170.692745
1888,32.798888,36.196598,34.196598,38.196598,informed,sell_to_mm,34.196598,-13,617.103255,190.717708,1.690000,189.027708
1889,32.945943,34.488138,32.488138,36.488138,noise,none,0.000000,-13,617.103255,188.805996,1.690000,187.115996
1890,33.210719,33.594979,31.594979,35.594979,informed,none,0.000000,-13,617.103255,185.363904,1.690000,183.673904
1891,35.179572,35.100599,33.100599,37.100599,noise,none,0.000000,-13,617.103255,159.768813,1.690000,158.078813
1892,36.620398,37.961066,35.961066,39.961066,noise,none,0.000000,-13,617.103255,141.038087,1.690000,139.348087
1893,35.915390,35.479783,33.479783,37.479783,noise,none,0.000000,-13,617.103255,150.203186,1.690000,148.513186
1894,36.188079,36.336088,34.336088,38.336088,noise,none,0.000000,-13,617.103255,146.658228,1.690000,144.968228
1895,37.974073,36.932853,34.932853,38.932853,noise,none,0.000000,-13,617.103255,123.440310,1.690000,121.750310
1896,39.301897,39.830588,37.830588,41.830588,informed,none,0.000000,-13,617.103255,106.178597,1.690000,104.488597
1897,38.988667,38.947054,36.947054,40.947054,informed,none,0.000000,-13,617.103255,110.250590,1.690000,108.560590
1898,38.459623,38.389280,36.389280,40.389280,informed,none,0.000000,-13,617.103255,117.128153,1.690000,115.438153
1899,38.886136,39.094511,37.094511,41.094511,noise,none,0.000000,-13,617.103255,111.583490,1.690000,109.893490
1900,38.915416,37.463683,35.463683,39.463683,noise,none,0.000000,-13,617.103255,111.202848,1.690000,109.512848
1901,38.804283,39.900227,37.900227,41.900227,informed,none,0.000000,-13,617.103255,112.647570,1.690000,110.957570
1902,39.383423,37.921816,35.921816,39.921816,noise,none,0.000000,-13,617.103255,105.118761,1.690000,103.428761
1903,38.231853,41.247125,39.247125,43.247125,noise,none,0.000000,-13,617.103255,120.089164,1.690000,118.399164
1904,37.418279,36.618631,34.618631,38.618631,informed,none,0.000000,-13,617.103255,130.665629,1.690000,128.975629
1905,37.840522,37.711941,35.711941,39.711941,informed,none,0.000000,-13,617.103255,125.176463,1.690000,123.486463
1906,37.740115,38.200999,36.200999,40.200999,noise,sell_to_mm,36.200999,-12,580.902256,128.020873,1.440000,126.580873
1907,39.553033,40.359244,38.359244,42.359244,informed,none,0.000000,-12,580.902256,106.265857,1.440000,104.825857
1908,39.769447,40.781070,38.781070,42.781070,noise,none,0.000000,-12,580.902256,103.668890,1.440000,102.228890
1909,40.269414,40.607859,38.607859,42.607859,informed,none,0.000000,-12,580.902256,97.669283,1.440000,96.229283
1910,41.461516,42.390229,40.390229,44.390229,noise,buy_from_mm,44.390229,-13,625.292485,86.292778,1.690000,84.602778
1911,41.551550,41.102558,39.102558,43.102558,informed,none,0.000000,-13,625.292485,85.122333,1.690000,83.432333
1912,42.447021,41.977420,39.977420,43.977420,informed,none,0.000000,-13,625.292485,73.481210,1.690000,71.791210
1913,43.041134,42.269751,40.269751,44.269751,noise,none,0.000000,-13,625.292485,65.757741,1.690000,64.067741
1914,44.887995,45.271408,43.271408,47.271408,informed,none,0.000000,-13,625.292485,41.748550,1.690000,40.058550
1915,43.000014,44.216088,42.216088,46.216088,noise,none,0.000000,-13,625.292485,66.292299,1.690000,64.602299
1916,41.365162,41.868560,39.868560,43.868560,informed,none,0.000000,-13,625.292485,87.545384,1.690000,85.855384
1917,39.398803,39.477038,37.477038,41.477038,noise,buy_from_mm,41.477038,-14,666.769523,115.186276,1.960000,113.226276
1918,39.443564,37.819582,35.819582,39.819582,informed,none,0.000000,-14,666.769523,114.559632,1.960000,112.599632
1919,39.811324,41.021863,39.021863,43.021863,noise,none,0.000000,-14,666.769523,109.410989,1.960000,107.450989
1920,40.079949,40.489892,38.489892,42.489892,noise,none,0.000000,-14,666.769523,105.650232,1.960000,103.690232
1921,40.048089,37.634692,35.634692,39.634692,noise,none,0.000000,-14,666.769523,106.096280,1.960000,104.136280
1922,40.919947,41.293458,39.293458,43.293458,informed,none,0.000000,-14,666.769523,93.890268,1.960000,91.930268
1923,41.394721,41.063861,39.063861,43.063861,informed,none,0.000000,-14,666.769523,87.243427,1.960000,85.283427
1924,41.866906,40.704817,38.704817,42.704817,noise,none,0.000000,-14,666.769523,80.632833,1.960000,78.672833
1925,43.606929,44.325361,42.325361,46.325361,informed,none,0.000000,-14,666.769523,56.272514,1.960000,54.312514
1926,43.134595,42.508231,40.508231,44.508231,informed,none,0.000000,-14,666.769523,62.885194,1.960000,60.925194
1927,44.216621,44.198784,42.198784,46.198784,informed,none,0.000000,-14,666.769523,47.736831,1.960000,45.776831
1928,43.710471,42.803095,40.803095,44.803095,informed,none,0.000000,-14,666.769523,54.822923,1.960000,52.862923
1929,44.029799,46.188868,44.188868,48.188868,informed,sell_to_mm,44.188868,-13,622.580655,50.193263,1.690000,48.503263
1930,44.185000,45.770616,43.770616,47.770616,noise,none,0.000000,-13,622.580655,48.175652,1.690000,46.485652
1931,43.999977,42.690875,40.690875,44.690875,noise,sell_to_mm,40.690875,-12,581.889780,53.890051,1.440000,52.450051
1932,43.295765,42.489207,40.489207,44.489207,noise,none,0.000000,-12,581.889780,62.340602,1.440000,60.900602
1933,43.040577,42.275934,40.275934,44.275934,noise,buy_from_mm,44.275934,-13,626.165714,66.638217,1.690000,64.948217
1934,42.083279,43.631951,41.631951,45.631951,noise,buy_from_mm,45.631951,-14,671.797665,82.631760,1.960000,80.671760
1935,42.321547,41.000414,39.000414,43.000414,noise,none,0.000000,-14,671.797665,79.296011,1.960000,77.336011
1936,42.099017,41.891120,39.891120,43.891120,informed,none,0.000000,-14,671.797665,82.411433,1.960000,80.451433
1937,39.981692,40.541094,38.541094,42.541094,informed,none,0.000000,-14,671.797665,112.053978,1.960000,110.093978
1938,38.848439,40.331756,38.331756,42.331756,noise,none,0.000000,-14,671.797665,127.919521,1.960000,125.959521
1939,40.626346,41.309486,39.309486,43.309486,noise,none,0.000000,-14,671.797665,103.028826,1.960000,101.068826
1940,40.802400,40.670423,38.670423,42.670423,informed,none,0.000000,-14,671.797665,100.564067,1.960000,98.604067
1941,40.163258,41.234870,39.234870,43.234870,informed,none,0.000000,-14,671.797665,109.512052,1.960000,107.552052
1942,42.050137,42.678317,40.678317,44.678317,noise,buy_from_mm,44.678317,-15,716.475981,85.723931,2.250000,83.473931
1943,42.118408,42.138089,40.138089,44.138089,noise,sell_to_mm,40.138089,-14,676.337893,86.680183,1.960000,84.720183
1944,42.722168,41.714382,39.714382,43.714382,informed,none,0.000000,-14,676.337893,78.227534,1.960000,76.267534
1945,42.815026,42.008581,40.008581,44.008581,noise,none,0.000000,-14,676.337893,76.927533,1.960000,74.967533
1946,42.223300,40.720170,38.720170,42.720170,informed,none,0.000000,-14,676.337893,85.211689,1.960000,83.251689
1947,43.767149,42.797487,40.797487,44.797487,noise,none,0.000000,-14,676.337893,63.597814,1.960000,61.637814
1948,43.746333,44.148785,42.148785,46.148785,noise,sell_to_mm,42.148785,-13,634.189108,65.486784,1.690000,63.796784
1949,42.518312,42.820569,40.820569,44.820569,noise,none,0.000000,-13,634.189108,81.451050,1.690000,79.761050
1950,44.235881,43.047813,41.047813,45.047813,noise,none,0.000000,-13,634.189108,59.122657,1.690000,57.432657
1951,43.615335,44.714937,42.714937,46.714937,noise,none,0.000000,-13,634.189108,67.189750,1.690000,65.499750
1952,42.248516,43.509239,41.509239,45.509239,informed,none,0.000000,-13,634.189108,84.958400,1.690000,83.268400
1953,41.965111,41.515205,39.515205,43.515205,noise,none,0.000000,-13,634.189108,88.642669,1.690000,86.952669
1954,41.654971,42.854807,40.854807,44.854807,noise,none,0.000000,-13,634.189108,92.674480,1.690000,90.984480
1955,42.447784,41.169052,39.169052,43.169052,noise,none,0.000000,-13,634.189108,82.367915,1.690000,80.677915
1956,42.751322,42.366247,40.366247,44.366247,noise,sell_to_mm,40.366247,-12,593.822861,80.806994,1.440000,79.366994
1957,43.271798,43.013106,41.013106,45.013106,noise,buy_from_mm,45.013106,-13,638.835967,76.302589,1.690000,74.612589
1958,42.202401,42.038424,40.038424,44.038424,noise,sell_to_mm,40.038424,-12,598.797544,92.368732,1.440000,90.928732
1959,41.600293,42.498212,40.498212,44.498212,noise,none,0.000000,-12,598.797544,99.594029,1.440000,98.154029
1960,41.599135,42.342746,40.342746,44.342746,informed,none,0.000000,-12,598.797544,99.607925,1.440000,98.167925
1961,42.665468,41.113606,39.113606,43.113606,noise,none,0.000000,-12,598.797544,86.811928,1.440000,85.371928
1962,43.886464,44.131312,42.131312,46.131312,informed,none,0.000000,-12,598.797544,72.159970,1.440000,70.719970
1963,44.306426,44.124410,42.124410,46.124410,noise,none,0.000000,-12,598.797544,67.120436,1.440000,65.680436
1964,42.842766,42.476528,40.476528,44.476528,informed,none,0.000000,-12,598.797544,84.684353,1.440000,83.244353
1965,43.544757,43.874022,41.874022,45.874022,informed,none,0.000000,-12,598.797544,76.260460,1.440000,74.820460
1966,41.767270,41.197805,39.197805,43.197805,informed,none,0.000000,-12,598.797544,97.590305,1.440000,96.150305
1967,41.089703,41.886231,39.886231,43.886231,informed,none,0.000000,-12,598.797544,105.721103,1.440000,104.281103
1968,40.690887,39.529137,37.529137,41.529137,informed,none,0.000000,-12,598.797544,110.506897,1.440000,109.066897
1969,39.903854,39.758267,37.758267,41.758267,noise,buy_from_mm,41.758267,-13,640.555810,121.805712,1.690000,120.115712
1970,40.356267,42.020930,40.020930,44.020930,noise,none,0.000000,-13,640.555810,115.924337,1.690000,114.234337
1971,41.142870,41.650754,39.650754,43.650754,noise,none,0.000000,-13,640.555810,105.698505,1.690000,104.008505
1972,42.213607,41.739681,39.739681,43.739681,noise,none,0.000000,-13,640.555810,91.778916,1.690000,90.088916
1973,41.491336,42.254143,40.254143,44.254143,informed,none,0.000000,-13,640.555810,101.168445,1.690000,99.478445
1974,40.873987,41.237328,39.237328,43.237328,noise,none,0.000000,-13,640.555810,109.193983,1.690000,107.503983
1975,41.065892,41.251407,39.251407,43.251407,informed,none,0.000000,-13,640.555810,106.699220,1.690000,105.009220
1976,41.871847,42.266925,40.266925,44.266925,noise,none,0.000000,-13,640.555810,96.221803,1.690000,94.531803
1977,42.104682,41.123016,39.123016,43.123016,noise,none,0.000000,-13,640.555810,93.194940,1.690000,91.504940
1978,41.294317,40.668839,38.668839,42.668839,noise,none,0.000000,-13,640.555810,103.729693,1.690000,102.039693
1979,43.709405,43.836470,41.836470,45.836470,noise,none,0.000000,-13,640.555810,72.333544,1.690000,70.643544
1980,42.972554,42.704593,40.704593,44.704593,informed,none,0.000000,-13,640.555810,81.912610,1.690000,80.222610
1981,42.841603,42.299293,40.299293,44.299293,informed,none,0.000000,-13,640.555810,83.614970,1.690000,81.924970
1982,42.205490,42.337000,40.337000,44.337000,informed,none,0.000000,-13,640.555810,91.884443,1.690000,90.194443
1983,43.640488,42.131539,40.131539,44.131539,informed,none,0.000000,-13,640.555810,73.229471,1.690000,71.539471
1984,45.068972,44.836710,42.836710,46.836710,noise,buy_from_mm,46.836710,-14,687.392521,56.426918,1.960000,54.466918
1985,43.150627,42.233266,40.233266,44.233266,informed,none,0.000000,-14,687.392521,83.283741,1.960000,81.323741
1986,43.367673,42.188666,40.188666,44.188666,informed,none,0.000000,-14,687.392521,80.245096,1.960000,78.285096
1987,43.708873,45.312286,43.312286,47.312286,noise,none,0.000000,-14,687.392521,75.468299,1.960000,73.508299
1988,44.081099,43.063953,41.063953,45.063953,noise,none,0.000000,-14,687.392521,70.257128,1.960000,68.297128
1989,43.018700,42.029013,40.029013,44.029013,informed,none,0.000000,-14,687.392521,85.130719,1.960000,83.170719
1990,43.620222,42.610442,40.610442,44.610442,noise,none,0.000000,-14,687.392521,76.709414,1.960000,74.749414
1991,43.695609,44.270545,42.270545,46.270545,informed,none,0.000000,-14,687.392521,75.653993,1.960000,73.693993
1992,43.246665,44.047693,42.047693,46.047693,noise,none,0.000000,-14,687.392521,81.939206,1.960000,79.979206
1993,43.683447,43.415170,41.415170,45.415170,informed,none,0.000000,-14,687.392521,75.824260,1.960000,73.864260
1994,44.235107,43.088428,41.088428,45.088428,noise,none,0.000000,-14,687.392521,68.101030,1.960000,66.141030
1995,45.043477,45.585900,43.585900,47.585900,informed,none,0.000000,-14,687.392521,56.783844,1.960000,54.823844
1996,44.547333,44.663715,42.663715,46.663715,informed,none,0.000000,-14,687.392521,63.729857,1.960000,61.769857
1997,42.633334,42.912165,40.912165,44.912165,informed,none,0.000000,-14,687.392521,90.525843,1.960000,88.565843
1998,41.862405,41.601241,39.601241,43.601241,noise,none,0.000000,-14,687.392521,101.318847,1.960000,99.358847
1999,41.749446,42.216028,40.216028,44.216028,noise,none,0.000000,-14,687.392521,102.900280,1.960000,100.940280
2000,42.373420,44.183734,42.183734,46.183734,noise,buy_from_mm,46.183734,-15,733.576255,97.974961,2.250000,95.724961
