t,true_value,signal,bid,ask,trader_type,trade_side,trade_price,inventory,cash,pnl_mark_to_true,inv_penalty,risk_adj_pnl
1,0.728525,0.297322,-1.702678,2.297322,informed,none,0.000000,0,0.000000,0.000000,0.000000,0.000000
2,-0.592165,-1.107156,-3.107156,0.892844,informed,none,0.000000,0,0.000000,0.000000,0.000000,0.000000
3,-1.803289,-0.562832,-2.562832,1.437168,informed,none,0.000000,0,0.000000,0.000000,0.000000,0.000000
4,-1.104944,-0.886957,-2.886957,1.113043,informed,none,0.000000,0,0.000000,0.000000,0.000000,0.000000
5,-1.102256,-2.523051,-4.523051,-0.523051,noise,none,0.000000,0,0.000000,0.000000,0.000000,0.000000
6,-1.411804,-2.098999,-4.098999,-0.098999,informed,none,0.000000,0,0.000000,0.000000,0.000000,0.000000
7,-1.559273,-0.015462,-2.015462,1.984538,informed,none,0.000000,0,0.000000,0.000000,0.000000,0.000000
8,-1.608532,-2.071663,-4.071663,-0.071663,informed,none,0.000000,0,0.000000,0.000000,0.000000,0.000000
9,-2.305391,-1.186967,-3.186967,0.813033,informed,none,0.000000,0,0.000000,0.000000,0.000000,0.000000
10,-2.060940,-3.528566,-5.528566,-1.528566,noise,none,0.000000,0,0.000000,0.000000,0.000000,0.000000
11,-2.296588,-1.692033,-3.692033,0.307967,informed,none,0.000000,0,0.000000,0.000000,0.000000,0.000000
12,-3.275006,-4.176661,-6.176661,-2.176661,noise,sell_to_mm,-6.176661,1,6.176661,2.901654,0.010000,2.891654
13,-1.545395,-0.529383,-2.529383,1.470617,informed,none,0.000000,1,6.176661,4.631266,0.010000,4.621266
14,-1.614380,-0.911738,-2.911738,1.088262,informed,none,0.000000,1,6.176661,4.562280,0.010000,4.552280
15,-0.195884,-0.893178,-2.893178,1.106822,noise,sell_to_mm,-2.893178,2,9.069839,8.678072,0.040000,8.638072
16,-1.406248,-1.389986,-3.389986,0.610014,noise,none,0.000000,2,9.069839,6.257342,0.040000,6.217342
17,-1.230196,-0.541211,-2.541211,1.458789,noise,none,0.000000,2,9.069839,6.609446,0.040000,6.569446
18,-2.861691,-3.488591,-5.488591,-1.488591,informed,none,0.000000,2,9.069839,3.346457,0.040000,3.306457
19,-4.620231,-5.578386,-7.578386,-3.578386,informed,none,0.000000,2,9.069839,-0.170623,0.040000,-0.210623
20,-5.024375,-4.318411,-6.318411,-2.318411,noise,none,0.000000,2,9.069839,-0.978912,0.040000,-1.018912
21,-3.371062,-4.288202,-6.288202,-2.288202,informed,none,0.000000,2,9.069839,2.327714,0.040000,2.287714
22,-4.954959,-3.815679,-5.815679,-1.815679,informed,none,0.000000,2,9.069839,-0.840080,0.040000,-0.880080
23,-6.107966,-6.322862,-8.322862,-4.322862,noise,none,0.000000,2,9.069839,-3.146093,0.040000,-3.186093
24,-6.185536,-6.786162,-8.786162,-4.786162,noise,none,0.000000,2,9.069839,-3.301233,0.040000,-3.341233
25,-7.361927,-6.003864,-8.003864,-4.003864,informed,none,0.000000,2,9.069839,-5.654015,0.040000,-5.694015
26,-7.187320,-6.149489,-8.149489,-4.149489,informed,none,0.000000,2,9.069839,-5.304800,0.040000,-5.344800
27,-5.784712,-6.407363,-8.407363,-4.407363,noise,sell_to_mm,-8.407363,3,17.477202,0.123066,0.090000,0.033066
28,-6.598023,-5.350062,-7.350062,-3.350062,informed,none,0.000000,3,17.477202,-2.316867,0.090000,-2.406867
29,-8.591802,-8.492575,-10.492575,-6.492575,noise,none,0.000000,3,17.477202,-8.298206,0.090000,-8.388206
30,-8.995410,-9.705405,-11.705405,-7.705405,noise,none,0.000000,3,17.477202,-9.509029,0.090000,-9.599029
31,-8.340128,-7.945787,-9.945787,-5.945787,noise,none,0.000000,3,17.477202,-7.543181,0.090000,-7.633181
32,-8.804401,-10.032505,-12.032505,-8.032505,noise,buy_from_mm,-8.032505,2,9.444697,-8.164105,0.040000,-8.204105
33,-8.090515,-9.093236,-11.093236,-7.093236,informed,none,0.000000,2,9.444697,-6.736333,0.040000,-6.776333
34,-8.394491,-8.860451,-10.860451,-6.860451,informed,none,0.000000,2,9.444697,-7.344285,0.040000,-7.384285
35,-9.419623,-8.498686,-10.498686,-6.498686,informed,none,0.000000,2,9.444697,-9.394549,0.040000,-9.434549
36,-9.312224,-10.900412,-12.900412,-8.900412,informed,none,0.000000,2,9.444697,-9.179751,0.040000,-9.219751
37,-8.794475,-8.865033,-10.865033,-6.865033,informed,none,0.000000,2,9.444697,-8.144254,0.040000,-8.184254
38,-8.845823,-9.569805,-11.569805,-7.569805,noise,none,0.000000,2,9.444697,-8.246949,0.040000,-8.286949
39,-7.705911,-6.969957,-8.969957,-4.969957,noise,none,0.000000,2,9.444697,-5.967125,0.040000,-6.007125
40,-7.581116,-7.440344,-9.440344,-5.440344,noise,none,0.000000,2,9.444697,-5.717534,0.040000,-5.757534
41,-8.514054,-8.312619,-10.312619,-6.312619,informed,none,0.000000,2,9.444697,-7.583411,0.040000,-7.623411
42,-6.437299,-7.662510,-9.662510,-5.662510,noise,none,0.000000,2,9.444697,-3.429902,0.040000,-3.469902
43,-5.294640,-4.474302,-6.474302,-2.474302,noise,none,0.000000,2,9.444697,-1.144583,0.040000,-1.184583
44,-6.025501,-6.856178,-8.856178,-4.856178,noise,none,0.000000,2,9.444697,-2.606306,0.040000,-2.646306
45,-5.488876,-6.067576,-8.067576,-4.067576,informed,none,0.000000,2,9.444697,-1.533054,0.040000,-1.573054
46,-6.837739,-6.987545,-8.987545,-4.987545,informed,none,0.000000,2,9.444697,-4.230781,0.040000,-4.270781
47,-5.936692,-6.146639,-8.146639,-4.146639,informed,none,0.000000,2,9.444697,-2.428688,0.040000,-2.468688
48,-5.727682,-2.916177,-4.916177,-0.916177,informed,sell_to_mm,-4.916177,3,14.360874,-2.822172,0.090000,-2.912172
49,-3.186779,-4.226140,-6.226140,-2.226140,noise,none,0.000000,3,14.360874,4.800537,0.090000,4.710537
50,-2.257049,-2.898209,-4.898209,-0.898209,informed,none,0.000000,3,14.360874,7.589727,0.090000,7.499727
51,-1.509366,-1.192615,-3.192615,0.807385,informed,none,0.000000,3,14.360874,9.832774,0.090000,9.742774
52,-1.322210,-0.907709,-2.907709,1.092291,informed,none,0.000000,3,14.360874,10.394243,0.090000,10.304243
53,0.010317,0.617345,-1.382655,2.617345,noise,buy_from_mm,2.617345,2,16.978219,16.998853,0.040000,16.958853
54,-0.917569,0.474680,-1.525320,2.474680,noise,none,0.000000,2,16.978219,15.143081,0.040000,15.103081
55,-1.514329,-2.600675,-4.600675,-0.600675,noise,buy_from_mm,-0.600675,1,16.377544,14.863215,0.010000,14.853215
56,-2.866671,-3.211164,-5.211164,-1.211164,informed,none,0.000000,1,16.377544,13.510873,0.010000,13.500873
57,-3.043096,-1.458070,-3.458070,0.541930,informed,none,0.000000,1,16.377544,13.334448,0.010000,13.324448
58,-3.708871,-3.355739,-5.355739,-1.355739,noise,none,0.000000,1,16.377544,12.668673,0.010000,12.658673
59,-3.845018,-3.790267,-5.790267,-1.790267,noise,none,0.000000,1,16.377544,12.532526,0.010000,12.522526
60,-4.716370,-4.701086,-6.701086,-2.701086,informed,none,0.000000,1,16.377544,11.661174,0.010000,11.651174
61,-4.157885,-5.966243,-7.966243,-3.966243,informed,none,0.000000,1,16.377544,12.219659,0.010000,12.209659
62,-2.825533,-4.179616,-6.179616,-2.179616,noise,sell_to_mm,-6.179616,2,22.557160,16.906095,0.040000,16.866095
63,-1.754449,-2.003974,-4.003974,-0.003974,informed,none,0.000000,2,22.557160,19.048263,0.040000,19.008263
64,-3.080817,-2.640544,-4.640544,-0.640544,informed,none,0.000000,2,22.557160,16.395526,0.040000,16.355526
65,-2.998520,-2.951177,-4.951177,-0.951177,noise,buy_from_mm,-0.951177,1,21.605984,18.607464,0.010000,18.597464
66,-4.141408,-4.922915,-6.922915,-2.922915,noise,none,0.000000,1,21.605984,17.464576,0.010000,17.454576
67,-3.405512,-2.980555,-4.980555,-0.980555,noise,none,0.000000,1,21.605984,18.200472,0.010000,18.190472
68,-3.738641,-2.883974,-4.883974,-0.883974,noise,none,0.000000,1,21.605984,17.867343,0.010000,17.857343
69,-4.507504,-4.578416,-6.578416,-2.578416,informed,none,0.000000,1,21.605984,17.098479,0.010000,17.088479
70,-4.641283,-3.151410,-5.151410,-1.151410,noise,none,0.000000,1,21.605984,16.964701,0.010000,16.954701
71,-3.494289,-2.828869,-4.828869,-0.828869,noise,none,0.000000,1,21.605984,18.111695,0.010000,18.101695
72,-3.581806,-3.823550,-5.823550,-1.823550,informed,none,0.000000,1,21.605984,18.024178,0.010000,18.014178
73,-2.750165,-2.941808,-4.941808,-0.941808,informed,none,0.000000,1,21.605984,18.855819,0.010000,18.845819
74,-2.095641,-2.285258,-4.285258,-0.285258,informed,none,0.000000,1,21.605984,19.510343,0.010000,19.500343
75,-1.574453,-0.759444,-2.759444,1.240556,noise,none,0.000000,1,21.605984,20.031531,0.010000,20.021531
76,1.347484,1.157611,-0.842389,3.157611,informed,none,0.000000,1,21.605984,22.953468,0.010000,22.943468
77,2.038799,1.601708,-0.398292,3.601708,informed,none,0.000000,1,21.605984,23.644783,0.010000,23.634783
78,3.664654,4.014819,2.014819,6.014819,noise,sell_to_mm,2.014819,2,19.591165,26.920474,0.040000,26.880474
79,2.359916,1.457197,-0.542803,3.457197,noise,none,0.000000,2,19.591165,24.310997,0.040000,24.270997
80,2.101931,1.450571,-0.549429,3.450571,noise,none,0.000000,2,19.591165,23.795027,0.040000,23.755027
81,2.024089,2.548976,0.548976,4.548976,noise,none,0.000000,2,19.591165,23.639344,0.040000,23.599344
82,2.138389,1.965794,-0.034206,3.965794,noise,none,0.000000,2,19.591165,23.867943,0.040000,23.827943
83,3.241594,2.359033,0.359033,4.359033,noise,buy_from_mm,4.359033,1,23.950198,27.191793,0.010000,27.181793
84,2.130282,1.053386,-0.946614,3.053386,noise,none,0.000000,1,23.950198,26.080480,0.010000,26.070480
85,0.103052,0.714450,-1.285550,2.714450,noise,buy_from_mm,2.714450,0,26.664648,26.664648,0.000000,26.664648
86,-0.123218,1.399163,-0.600837,3.399163,informed,none,0.000000,0,26.664648,26.664648,0.000000,26.664648
87,-0.328319,-2.030785,-4.030785,-0.030785,informed,none,0.000000,0,26.664648,26.664648,0.000000,26.664648
88,-0.033897,1.092039,-0.907961,3.092039,informed,none,0.000000,0,26.664648,26.664648,0.000000,26.664648
89,0.184745,-0.928619,-2.928619,1.071381,informed,none,0.000000,0,26.664648,26.664648,0.000000,26.664648
90,0.028092,-1.043730,-3.043730,0.956270,informed,none,0.000000,0,26.664648,26.664648,0.000000,26.664648
91,-0.944305,-1.280346,-3.280346,0.719654,noise,none,0.000000,0,26.664648,26.664648,0.000000,26.664648
92,-2.742754,-3.101540,-5.101540,-1.101540,informed,none,0.000000,0,26.664648,26.664648,0.000000,26.664648
93,-3.064934,-1.987572,-3.987572,0.012428,noise,none,0.000000,0,26.664648,26.664648,0.000000,26.664648
94,-3.640612,-2.960013,-4.960013,-0.960013,informed,none,0.000000,0,26.664648,26.664648,0.000000,26.664648
95,-5.532142,-6.718943,-8.718943,-4.718943,informed,none,0.000000,0,26.664648,26.664648,0.000000,26.664648
96,-6.226070,-6.248956,-8.248956,-4.248956,informed,none,0.000000,0,26.664648,26.664648,0.000000,26.664648
97,-8.095051,-9.491831,-11.491831,-7.491831,noise,buy_from_mm,-7.491831,-1,19.172818,27.267869,0.010000,27.257869
98,-7.160540,-8.448025,-10.448025,-6.448025,informed,none,0.000000,-1,19.172818,26.333358,0.010000,26.323358
99,-6.425028,-5.526442,-7.526442,-3.526442,noise,sell_to_mm,-7.526442,0,26.699260,26.699260,0.000000,26.699260
100,-8.272362,-6.653505,-8.653505,-4.653505,noise,none,0.000000,0,26.699260,26.699260,0.000000,26.699260
101,-8.177909,-7.308175,-9.308175,-5.308175,noise,buy_from_mm,-5.308175,-1,21.391084,29.568994,0.010000,29.558994
102,-6.593757,-6.741504,-8.741504,-4.741504,informed,none,0.000000,-1,21.391084,27.984841,0.010000,27.974841
103,-7.268609,-8.286556,-10.286556,-6.286556,noise,sell_to_mm,-10.286556,0,31.677640,31.677640,0.000000,31.677640
104,-8.271817,-7.426859,-9.426859,-5.426859,noise,none,0.000000,0,31.677640,31.677640,0.000000,31.677640
105,-9.126005,-10.110993,-12.110993,-8.110993,noise,none,0.000000,0,31.677640,31.677640,0.000000,31.677640
106,-9.764404,-9.620030,-11.620030,-7.620030,noise,none,0.000000,0,31.677640,31.677640,0.000000,31.677640
107,-10.567282,-9.130171,-11.130171,-7.130171,noise,none,0.000000,0,31.677640,31.677640,0.000000,31.677640
108,-11.528997,-10.517135,-12.517135,-8.517135,noise,buy_from_mm,-8.517135,-1,23.160506,34.689503,0.010000,34.679503
109,-12.616599,-12.627829,-14.627829,-10.627829,noise,none,0.000000,-1,23.160506,35.777104,0.010000,35.767104
110,-12.553762,-12.158787,-14.158787,-10.158787,noise,none,0.000000,-1,23.160506,35.714267,0.010000,35.704267
111,-12.304374,-13.709172,-15.709172,-11.709172,noise,none,0.000000,-1,23.160506,35.464880,0.010000,35.454880
112,-11.116718,-12.332539,-14.332539,-10.332539,informed,none,0.000000,-1,23.160506,34.277223,0.010000,34.267223
113,-11.470577,-10.163284,-12.163284,-8.163284,noise,sell_to_mm,-12.163284,0,35.323790,35.323790,0.000000,35.323790
114,-13.280115,-13.174269,-15.174269,-11.174269,noise,none,0.000000,0,35.323790,35.323790,0.000000,35.323790
115,-13.698654,-15.652934,-17.652934,-13.652934,noise,none,0.000000,0,35.323790,35.323790,0.000000,35.323790
116,-12.437134,-11.177933,-13.177933,-9.177933,informed,none,0.000000,0,35.323790,35.323790,0.000000,35.323790
117,-10.975921,-11.733277,-13.733277,-9.733277,noise,none,0.000000,0,35.323790,35.323790,0.000000,35.323790
118,-9.492531,-10.221313,-12.221313,-8.221313,noise,sell_to_mm,-12.221313,1,47.545102,38.052572,0.010000,38.042572
119,-9.800234,-9.731505,-11.731505,-7.731505,informed,none,0.000000,1,47.545102,37.744868,0.010000,37.734868
120,-8.207465,-8.424203,-10.424203,-6.424203,informed,none,0.000000,1,47.545102,39.337638,0.010000,39.327638
121,-6.738302,-5.781136,-7.781136,-3.781136,noise,none,0.000000,1,47.545102,40.806801,0.010000,40.796801
122,-8.842544,-7.423838,-9.423838,-5.423838,informed,none,0.000000,1,47.545102,38.702558,0.010000,38.692558
123,-9.697963,-9.355374,-11.355374,-7.355374,informed,none,0.000000,1,47.545102,37.847140,0.010000,37.837140
124,-8.801737,-8.648323,-10.648323,-6.648323,noise,none,0.000000,1,47.545102,38.743365,0.010000,38.733365
125,-8.327120,-8.084282,-10.084282,-6.084282,informed,none,0.000000,1,47.545102,39.217982,0.010000,39.207982
126,-8.790068,-8.411750,-10.411750,-6.411750,noise,none,0.000000,1,47.545102,38.755034,0.010000,38.745034
127,-8.043226,-6.025452,-8.025452,-4.025452,noise,none,0.000000,1,47.545102,39.501877,0.010000,39.491877
128,-6.528179,-6.369454,-8.369454,-4.369454,informed,none,0.000000,1,47.545102,41.016924,0.010000,41.006924
129,-6.167579,-4.498870,-6.498870,-2.498870,informed,none,0.000000,1,47.545102,41.377523,0.010000,41.367523
130,-6.822364,-8.581511,-10.581511,-6.581511,noise,none,0.000000,1,47.545102,40.722739,0.010000,40.712739
131,-7.846830,-6.541642,-8.541642,-4.541642,noise,none,0.000000,1,47.545102,39.698273,0.010000,39.688273
132,-7.557972,-6.747372,-8.747372,-4.747372,informed,none,0.000000,1,47.545102,39.987131,0.010000,39.977131
133,-9.089670,-7.854702,-9.854702,-5.854702,informed,none,0.000000,1,47.545102,38.455432,0.010000,38.445432
134,-10.347392,-11.230813,-13.230813,-9.230813,noise,sell_to_mm,-13.230813,2,60.775916,40.081131,0.040000,40.041131
135,-10.998933,-11.909325,-13.909325,-9.909325,informed,none,0.000000,2,60.775916,38.778049,0.040000,38.738049
136,-10.769029,-10.541777,-12.541777,-8.541777,noise,sell_to_mm,-12.541777,3,73.317693,41.010605,0.090000,40.920605
137,-10.161253,-11.252751,-13.252751,-9.252751,informed,none,0.000000,3,73.317693,42.833935,0.090000,42.743935
138,-10.710127,-11.736630,-13.736630,-9.736630,noise,none,0.000000,3,73.317693,41.187312,0.090000,41.097312
139,-11.582564,-10.345830,-12.345830,-8.345830,informed,none,0.000000,3,73.317693,38.570000,0.090000,38.480000
140,-12.150714,-12.073532,-14.073532,-10.073532,noise,buy_from_mm,-10.073532,2,63.244161,38.942733,0.040000,38.902733
141,-9.792363,-8.944609,-10.944609,-6.944609,noise,none,0.000000,2,63.244161,43.659436,0.040000,43.619436
142,-9.584772,-10.411768,-12.411768,-8.411768,noise,none,0.000000,2,63.244161,44.074617,0.040000,44.034617
143,-9.555938,-8.907387,-10.907387,-6.907387,informed,none,0.000000,2,63.244161,44.132286,0.040000,44.092286
144,-9.418784,-7.816918,-9.816918,-5.816918,noise,none,0.000000,2,63.244161,44.406593,0.040000,44.366593
145,-9.839647,-9.766010,-11.766010,-7.766010,noise,none,0.000000,2,63.244161,43.564867,0.040000,43.524867
146,-9.408091,-10.337245,-12.337245,-8.337245,noise,sell_to_mm,-12.337245,3,75.581406,47.357133,0.090000,47.267133
147,-10.380862,-11.670696,-13.670696,-9.670696,noise,sell_to_mm,-13.670696,4,89.252102,47.728653,0.160000,47.568653
148,-9.940326,-10.600948,-12.600948,-8.600948,informed,none,0.000000,4,89.252102,49.490799,0.160000,49.330799
149,-11.510348,-10.778650,-12.778650,-8.778650,informed,none,0.000000,4,89.252102,43.210711,0.160000,43.050711
150,-13.466759,-13.631293,-15.631293,-11.631293,informed,none,0.000000,4,89.252102,35.385067,0.160000,35.225067
151,-13.387044,-13.385944,-15.385944,-11.385944,noise,none,0.000000,4,89.252102,35.703926,0.160000,35.543926
152,-14.494785,-14.157221,-16.157221,-12.157221,noise,buy_from_mm,-12.157221,3,77.094881,33.610527,0.090000,33.520527
153,-13.428974,-12.704523,-14.704523,-10.704523,noise,none,0.000000,3,77.094881,36.807960,0.090000,36.717960
154,-12.624414,-12.235764,-14.235764,-10.235764,informed,none,0.000000,3,77.094881,39.221641,0.090000,39.131641
155,-13.723039,-14.225708,-16.225708,-12.225708,informed,none,0.000000,3,77.094881,35.925765,0.090000,35.835765
156,-13.144747,-12.879334,-14.879334,-10.879334,noise,none,0.000000,3,77.094881,37.660639,0.090000,37.570639
157,-13.318766,-13.316073,-15.316073,-11.316073,noise,none,0.000000,3,77.094881,37.138582,0.090000,37.048582
158,-13.632953,-13.316790,-15.316790,-11.316790,noise,buy_from_mm,-11.316790,2,65.778091,38.512185,0.040000,38.472185
159,-13.710781,-12.415566,-14.415566,-10.415566,informed,none,0.000000,2,65.778091,38.356529,0.040000,38.316529
160,-12.558119,-14.292786,-16.292786,-12.292786,noise,buy_from_mm,-12.292786,1,53.485305,40.927186,0.010000,40.917186
161,-14.180313,-12.689057,-14.689057,-10.689057,noise,none,0.000000,1,53.485305,39.304993,0.010000,39.294993
162,-14.047195,-15.885631,-17.885631,-13.885631,noise,none,0.000000,1,53.485305,39.438110,0.010000,39.428110
163,-14.417141,-14.806663,-16.806663,-12.806663,noise,none,0.000000,1,53.485305,39.068164,0.010000,39.058164
164,-13.363264,-14.292344,-16.292344,-12.292344,noise,none,0.000000,1,53.485305,40.122041,0.010000,40.112041
165,-14.223188,-14.456675,-16.456675,-12.456675,noise,none,0.000000,1,53.485305,39.262117,0.010000,39.252117
166,-13.599237,-13.153160,-15.153160,-11.153160,noise,none,0.000000,1,53.485305,39.886068,0.010000,39.876068
167,-13.351208,-14.707475,-16.707475,-12.707475,noise,none,0.000000,1,53.485305,40.134097,0.010000,40.124097
168,-12.868015,-12.835443,-14.835443,-10.835443,noise,none,0.000000,1,53.485305,40.617290,0.010000,40.607290
169,-12.592281,-10.976343,-12.976343,-8.976343,informed,none,0.000000,1,53.485305,40.893024,0.010000,40.883024
170,-12.964511,-11.734803,-13.734803,-9.734803,noise,none,0.000000,1,53.485305,40.520795,0.010000,40.510795
171,-13.491422,-14.306892,-16.306892,-12.306892,informed,none,0.000000,1,53.485305,39.993884,0.010000,39.983884
172,-12.541784,-11.799692,-13.799692,-9.799692,noise,buy_from_mm,-9.799692,0,43.685613,43.685613,0.000000,43.685613
173,-12.434086,-12.964343,-14.964343,-10.964343,noise,none,0.000000,0,43.685613,43.685613,0.000000,43.685613
174,-11.079760,-10.463192,-12.463192,-8.463192,noise,none,0.000000,0,43.685613,43.685613,0.000000,43.685613
175,-11.915690,-10.232885,-12.232885,-8.232885,noise,none,0.000000,0,43.685613,43.685613,0.000000,43.685613
176,-10.740444,-9.803447,-11.803447,-7.803447,informed,none,0.000000,0,43.685613,43.685613,0.000000,43.685613
177,-10.915892,-8.656521,-10.656521,-6.656521,informed,sell_to_mm,-10.656521,1,54.342134,43.426242,0.010000,43.416242
178,-8.841243,-10.139253,-12.139253,-8.139253,informed,none,0.000000,1,54.342134,45.500891,0.010000,45.490891
179,-9.656723,-9.476898,-11.476898,-7.476898,noise,none,0.000000,1,54.342134,44.685411,0.010000,44.675411
180,-7.731911,-7.996583,-9.996583,-5.996583,informed,none,0.000000,1,54.342134,46.610223,0.010000,46.600223
181,-8.062678,-7.199922,-9.199922,-5.199922,noise,none,0.000000,1,54.342134,46.279456,0.010000,46.269456
182,-7.430243,-8.843703,-10.843703,-6.843703,noise,buy_from_mm,-6.843703,0,47.498431,47.498431,0.000000,47.498431
183,-7.781123,-9.022165,-11.022165,-7.022165,noise,sell_to_mm,-11.022165,1,58.520596,50.739473,0.010000,50.729473
184,-6.792985,-9.083214,-11.083214,-7.083214,noise,sell_to_mm,-11.083214,2,69.603810,56.017840,0.040000,55.977840
185,-5.271565,-2.464751,-4.464751,-0.464751,noise,none,0.000000,2,69.603810,59.060681,0.040000,59.020681
186,-4.466114,-4.280326,-6.280326,-2.280326,noise,buy_from_mm,-2.280326,1,67.323484,62.857371,0.010000,62.847371
187,-5.013941,-4.926502,-6.926502,-2.926502,noise,sell_to_mm,-6.926502,2,74.249987,64.222105,0.040000,64.182105
188,-4.134707,-3.407617,-5.407617,-1.407617,noise,none,0.000000,2,74.249987,65.980573,0.040000,65.940573
189,-4.196572,-3.151869,-5.151869,-1.151869,noise,none,0.000000,2,74.249987,65.856843,0.040000,65.816843
190,-2.483063,-3.992734,-5.992734,-1.992734,informed,none,0.000000,2,74.249987,69.283860,0.040000,69.243860
191,-2.481792,-2.120705,-4.120705,-0.120705,noise,none,0.000000,2,74.249987,69.286403,0.040000,69.246403
192,-1.517250,-1.235016,-3.235016,0.764984,noise,sell_to_mm,-3.235016,3,77.485003,72.933254,0.090000,72.843254
193,-1.294602,-0.699523,-2.699523,1.300477,noise,none,0.000000,3,77.485003,73.601196,0.090000,73.511196
194,-0.111661,-0.064239,-2.064239,1.935761,noise,sell_to_mm,-2.064239,4,79.549241,79.102599,0.160000,78.942599
195,-0.825466,0.538325,-1.461675,2.538325,noise,none,0.000000,4,79.549241,76.247379,0.160000,76.087379
196,-2.092692,-1.175798,-3.175798,0.824202,noise,none,0.000000,4,79.549241,71.178475,0.160000,71.018475
197,-1.987471,-4.497518,-6.497518,-2.497518,informed,buy_from_mm,-2.497518,3,77.051723,71.089310,0.090000,70.999310
198,-2.514595,-2.848449,-4.848449,-0.848449,informed,none,0.000000,3,77.051723,69.507938,0.090000,69.417938
199,-1.686426,-0.680195,-2.680195,1.319805,noise,none,0.000000,3,77.051723,71.992445,0.090000,71.902445
200,-2.493183,-2.127588,-4.127588,-0.127588,informed,none,0.000000,3,77.051723,69.572174,0.090000,69.482174
201,-3.229101,-3.968039,-5.968039,-1.968039,informed,none,0.000000,3,77.051723,67.364420,0.090000,67.274420
202,-2.230956,-2.996901,-4.996901,-0.996901,informed,none,0.000000,3,77.051723,70.358854,0.090000,70.268854
203,-3.254746,-3.599367,-5.599367,-1.599367,noise,none,0.000000,3,77.051723,67.287486,0.090000,67.197486
204,-2.633332,-2.789648,-4.789648,-0.789648,informed,none,0.000000,3,77.051723,69.151726,0.090000,69.061726
205,-2.552505,-1.435554,-3.435554,0.564446,noise,none,0.000000,3,77.051723,69.394207,0.090000,69.304207
206,-1.577216,-1.132651,-3.132651,0.867349,noise,none,0.000000,3,77.051723,72.320075,0.090000,72.230075
207,-1.304634,-1.770492,-3.770492,0.229508,noise,none,0.000000,3,77.051723,73.137821,0.090000,73.047821
208,-1.841315,-2.948031,-4.948031,-0.948031,noise,none,0.000000,3,77.051723,71.527777,0.090000,71.437777
209,-1.817050,-0.925802,-2.925802,1.074198,noise,none,0.000000,3,77.051723,71.600572,0.090000,71.510572
210,-1.292705,-1.760541,-3.760541,0.239459,informed,none,0.000000,3,77.051723,73.173609,0.090000,73.083609
211,-3.142589,-2.377306,-4.377306,-0.377306,informed,none,0.000000,3,77.051723,67.623955,0.090000,67.533955
212,-3.879682,-3.843779,-5.843779,-1.843779,noise,none,0.000000,3,77.051723,65.412678,0.090000,65.322678
213,-3.392786,-2.230106,-4.230106,-0.230106,informed,none,0.000000,3,77.051723,66.873366,0.090000,66.783366
214,-4.029706,-3.453014,-5.453014,-1.453014,informed,none,0.000000,3,77.051723,64.962603,0.090000,64.872603
215,-4.614741,-3.599508,-5.599508,-1.599508,noise,none,0.000000,3,77.051723,63.207501,0.090000,63.117501
216,-3.968571,-6.140663,-8.140663,-4.140663,noise,none,0.000000,3,77.051723,65.146011,0.090000,65.056011
217,-2.063140,-2.068707,-4.068707,-0.068707,noise,none,0.000000,3,77.051723,70.862304,0.090000,70.772304
218,-2.230730,-2.245537,-4.245537,-0.245537,noise,none,0.000000,3,77.051723,70.359532,0.090000,70.269532
219,-2.478424,-1.774828,-3.774828,0.225172,informed,none,0.000000,3,77.051723,69.616450,0.090000,69.526450
220,-2.061744,-3.046430,-5.046430,-1.046430,noise,none,0.000000,3,77.051723,70.866491,0.090000,70.776491
221,-3.223471,-3.938258,-5.938258,-1.938258,informed,none,0.000000,3,77.051723,67.381310,0.090000,67.291310
222,-5.491779,-6.596409,-8.596409,-4.596409,noise,none,0.000000,3,77.051723,60.576387,0.090000,60.486387
223,-5.573894,-5.694422,-7.694422,-3.694422,informed,none,0.000000,3,77.051723,60.330039,0.090000,60.240039
224,-4.218774,-1.713057,-3.713057,0.286943,informed,sell_to_mm,-3.713057,4,80.764780,63.889683,0.160000,63.729683
225,-3.762956,-1.767097,-3.767097,0.232903,noise,none,0.000000,4,80.764780,65.712956,0.160000,65.552956
226,-2.606624,-2.320711,-4.320711,-0.320711,informed,none,0.000000,4,80.764780,70.338284,0.160000,70.178284
227,-2.307503,-2.158755,-4.158755,-0.158755,noise,none,0.000000,4,80.764780,71.534766,0.160000,71.374766
228,-3.250671,-3.274576,-5.274576,-1.274576,noise,sell_to_mm,-5.274576,5,86.039355,69.785999,0.250000,69.535999
229,-2.152485,-2.557925,-4.557925,-0.557925,noise,none,0.000000,5,86.039355,75.276929,0.250000,75.026929
230,-3.128408,-5.456313,-7.456313,-3.456313,noise,none,0.000000,5,86.039355,70.397315,0.250000,70.147315
231,-2.375819,-2.534625,-4.534625,-0.534625,noise,sell_to_mm,-4.534625,6,90.573980,76.319069,0.360000,75.959069
232,-2.980205,-2.693236,-4.693236,-0.693236,noise,buy_from_mm,-0.693236,5,89.880745,74.979721,0.250000,74.729721
233,-3.175470,-2.082028,-4.082028,-0.082028,noise,none,0.000000,5,89.880745,74.003396,0.250000,73.753396
234,-3.395338,-3.893700,-5.893700,-1.893700,noise,buy_from_mm,-1.893700,4,87.987045,74.405694,0.160000,74.245694
235,-3.061101,-1.241585,-3.241585,0.758415,noise,none,0.000000,4,87.987045,75.742642,0.160000,75.582642
236,-1.673961,-0.213119,-2.213119,1.786881,informed,none,0.000000,4,87.987045,81.291201,0.160000,81.131201
237,-2.735847,-1.005858,-3.005858,0.994142,noise,none,0.000000,4,87.987045,77.043655,0.160000,76.883655
238,-0.397652,-0.632443,-2.632443,1.367557,noise,buy_from_mm,1.367557,3,89.354602,88.161646,0.090000,88.071646
239,-0.383937,-0.159887,-2.159887,1.840113,informed,none,0.000000,3,89.354602,88.202792,0.090000,88.112792
240,0.865027,0.503683,-1.496317,2.503683,informed,none,0.000000,3,89.354602,91.949682,0.090000,91.859682
241,-0.309289,-0.976311,-2.976311,1.023689,informed,none,0.000000,3,89.354602,88.426734,0.090000,88.336734
242,-0.600502,0.150039,-1.849961,2.150039,noise,buy_from_mm,2.150039,2,91.504641,90.303636,0.040000,90.263636
243,-0.713525,-0.083682,-2.083682,1.916318,noise,sell_to_mm,-2.083682,3,93.588323,91.447748,0.090000,91.357748
244,0.749331,0.811000,-1.189000,2.811000,informed,none,0.000000,3,93.588323,95.836316,0.090000,95.746316
245,0.429159,-0.785507,-2.785507,1.214493,noise,sell_to_mm,-2.785507,4,96.373830,98.090465,0.160000,97.930465
246,-0.945138,-2.005584,-4.005584,-0.005584,informed,none,0.000000,4,96.373830,92.593276,0.160000,92.433276
247,-1.119866,-2.460848,-4.460848,-0.460848,noise,none,0.000000,4,96.373830,91.894364,0.160000,91.734364
248,0.131489,0.055548,-1.944452,2.055548,noise,none,0.000000,4,96.373830,96.899784,0.160000,96.739784
249,0.754711,2.100227,0.100227,4.100227,noise,none,0.000000,4,96.373830,99.392674,0.160000,99.232674
250,-0.053317,-0.815833,-2.815833,1.184167,informed,none,0.000000,4,96.373830,96.160563,0.160000,96.000563
251,1.660544,3.562451,1.562451,5.562451,noise,sell_to_mm,1.562451,5,94.811378,103.114098,0.250000,102.864098
252,-1.120440,0.153187,-1.846813,2.153187,noise,none,0.000000,5,94.811378,89.209179,0.250000,88.959179
253,-0.448244,-0.255319,-2.255319,1.744681,informed,none,0.000000,5,94.811378,92.570158,0.250000,92.320158
254,-0.262281,-0.667198,-2.667198,1.332802,noise,none,0.000000,5,94.811378,93.499974,0.250000,93.249974
255,-0.561046,-0.682430,-2.682430,1.317570,informed,none,0.000000,5,94.811378,92.006147,0.250000,91.756147
256,1.533721,0.456824,-1.543176,2.456824,informed,none,0.000000,5,94.811378,102.479984,0.250000,102.229984
257,3.086812,2.049553,0.049553,4.049553,noise,none,0.000000,5,94.811378,110.245439,0.250000,109.995439
258,1.552614,3.106168,1.106168,5.106168,noise,none,0.000000,5,94.811378,102.574448,0.250000,102.324448
259,1.199784,3.556530,1.556530,5.556530,informed,sell_to_mm,1.556530,6,93.254849,100.453553,0.360000,100.093553
260,0.602683,0.253132,-1.746868,2.253132,noise,none,0.000000,6,93.254849,96.870944,0.360000,96.510944
261,-0.728349,-2.358794,-4.358794,-0.358794,noise,sell_to_mm,-4.358794,7,97.613642,92.515199,0.490000,92.025199
262,0.766446,-1.115454,-3.115454,0.884546,informed,none,0.000000,7,97.613642,102.978765,0.490000,102.488765
263,0.982735,1.083565,-0.916435,3.083565,informed,none,0.000000,7,97.613642,104.492788,0.490000,104.002788
264,0.076092,2.181057,0.181057,4.181057,informed,sell_to_mm,0.181057,8,97.432586,98.041319,0.640000,97.401319
265,1.006966,1.478546,-0.521454,3.478546,informed,none,0.000000,8,97.432586,105.488315,0.640000,104.848315
266,0.924395,-0.302761,-2.302761,1.697239,noise,none,0.000000,8,97.432586,104.827747,0.640000,104.187747
267,1.327650,-0.107831,-2.107831,1.892169,informed,none,0.000000,8,97.432586,108.053784,0.640000,107.413784
268,0.952711,-0.192829,-2.192829,1.807171,noise,none,0.000000,8,97.432586,105.054275,0.640000,104.414275
269,0.470700,-0.413266,-2.413266,1.586734,informed,none,0.000000,8,97.432586,101.198186,0.640000,100.558186
270,-0.001052,-0.206448,-2.206448,1.793552,noise,none,0.000000,8,97.432586,97.424166,0.640000,96.784166
271,-1.190345,-0.558128,-2.558128,1.441872,noise,none,0.000000,8,97.432586,87.909822,0.640000,87.269822
272,0.763228,0.541874,-1.458126,2.541874,noise,sell_to_mm,-1.458126,9,98.890712,105.759767,0.810000,104.949767
273,-0.849752,0.465133,-1.534867,2.465133,noise,none,0.000000,9,98.890712,91.242948,0.810000,90.432948
274,-1.927517,-2.499504,-4.499504,-0.499504,noise,none,0.000000,9,98.890712,81.543061,0.810000,80.733061
275,-1.569836,-2.552287,-4.552287,-0.552287,informed,none,0.000000,9,98.890712,84.762186,0.810000,83.952186
276,-2.121292,-2.573839,-4.573839,-0.573839,noise,buy_from_mm,-0.573839,8,98.316873,81.346537,0.640000,80.706537
277,-1.767761,-2.144605,-4.144605,-0.144605,noise,none,0.000000,8,98.316873,84.174786,0.640000,83.534786
278,-1.475226,0.672107,-1.327893,2.672107,noise,none,0.000000,8,98.316873,86.515064,0.640000,85.875064
279,-1.340214,-2.519001,-4.519001,-0.519001,informed,none,0.000000,8,98.316873,87.595164,0.640000,86.955164
280,-0.754555,-0.923036,-2.923036,1.076964,noise,none,0.000000,8,98.316873,92.280429,0.640000,91.640429
281,-0.407396,0.100242,-1.899758,2.100242,informed,none,0.000000,8,98.316873,95.057704,0.640000,94.417704
282,-0.852300,-0.900513,-2.900513,1.099487,noise,none,0.000000,8,98.316873,91.498475,0.640000,90.858475
283,-1.311815,0.289271,-1.710729,2.289271,noise,none,0.000000,8,98.316873,87.822349,0.640000,87.182349
284,-1.782081,-0.186563,-2.186563,1.813437,noise,none,0.000000,8,98.316873,84.060222,0.640000,83.420222
285,-2.479677,-1.886401,-3.886401,0.113599,noise,none,0.000000,8,98.316873,78.479454,0.640000,77.839454
286,-1.803605,-0.195879,-2.195879,1.804121,informed,none,0.000000,8,98.316873,83.888029,0.640000,83.248029
287,-0.878861,-1.463523,-3.463523,0.536477,informed,none,0.000000,8,98.316873,91.285982,0.640000,90.645982
288,-1.615355,-2.278650,-4.278650,-0.278650,informed,none,0.000000,8,98.316873,85.394030,0.640000,84.754030
289,-0.738150,-1.203609,-3.203609,0.796391,informed,none,0.000000,8,98.316873,92.411671,0.640000,91.771671
290,-1.620158,-1.528994,-3.528994,0.471006,noise,none,0.000000,8,98.316873,85.355605,0.640000,84.715605
291,-1.101238,0.160603,-1.839397,2.160603,noise,none,0.000000,8,98.316873,89.506965,0.640000,88.866965
292,0.994539,1.608145,-0.391855,3.608145,noise,none,0.000000,8,98.316873,106.273188,0.640000,105.633188
293,0.813499,-0.327112,-2.327112,1.672888,noise,none,0.000000,8,98.316873,104.824862,0.640000,104.184862
294,0.417658,2.986181,0.986181,4.986181,noise,none,0.000000,8,98.316873,101.658134,0.640000,101.018134
295,0.280869,0.822962,-1.177038,2.822962,informed,none,0.000000,8,98.316873,100.563825,0.640000,99.923825
296,-1.542063,-1.693500,-3.693500,0.306500,noise,none,0.000000,8,98.316873,85.980372,0.640000,85.340372
297,-2.454234,-2.344347,-4.344347,-0.344347,noise,none,0.000000,8,98.316873,78.683004,0.640000,78.043004
298,-2.953712,-3.194962,-5.194962,-1.194962,noise,sell_to_mm,-5.194962,9,103.511834,76.928427,0.810000,76.118427
299,-2.137345,-1.218883,-3.218883,0.781117,informed,none,0.000000,9,103.511834,84.275726,0.810000,83.465726
300,-3.447683,-2.757608,-4.757608,-0.757608,noise,sell_to_mm,-4.757608,10,108.269443,73.792617,1.000000,72.792617
301,-3.937624,-5.618664,-7.618664,-3.618664,noise,none,0.000000,10,108.269443,68.893203,1.000000,67.893203
302,-2.811568,-2.381794,-4.381794,-0.381794,noise,buy_from_mm,-0.381794,9,107.887649,82.583538,0.810000,81.773538
303,-1.767759,-2.379649,-4.379649,-0.379649,noise,buy_from_mm,-0.379649,8,107.508000,93.365930,0.640000,92.725930
304,-1.507879,-3.330070,-5.330070,-1.330070,informed,none,0.000000,8,107.508000,95.444967,0.640000,94.804967
305,-0.681788,-0.218369,-2.218369,1.781631,informed,none,0.000000,8,107.508000,102.053698,0.640000,101.413698
306,-1.583185,-1.086198,-3.086198,0.913802,noise,none,0.000000,8,107.508000,94.842519,0.640000,94.202519
307,-0.983746,-2.633841,-4.633841,-0.633841,informed,none,0.000000,8,107.508000,99.638029,0.640000,98.998029
308,-0.055757,1.072819,-0.927181,3.072819,noise,none,0.000000,8,107.508000,107.061943,0.640000,106.421943
309,1.042735,0.895258,-1.104742,2.895258,noise,none,0.000000,8,107.508000,115.849882,0.640000,115.209882
310,0.576368,-0.324575,-2.324575,1.675425,informed,none,0.000000,8,107.508000,112.118940,0.640000,111.478940
311,-0.855885,-2.159170,-4.159170,-0.159170,noise,none,0.000000,8,107.508000,100.660917,0.640000,100.020917
312,-1.507318,-2.112406,-4.112406,-0.112406,noise,buy_from_mm,-0.112406,7,107.395594,96.844371,0.490000,96.354371
313,-2.073406,-2.055776,-4.055776,-0.055776,noise,none,0.000000,7,107.395594,92.881754,0.490000,92.391754
314,-2.630641,-3.057753,-5.057753,-1.057753,noise,none,0.000000,7,107.395594,88.981105,0.490000,88.491105
315,-0.756417,-0.616783,-2.616783,1.383217,informed,none,0.000000,7,107.395594,102.100672,0.490000,101.610672
316,-1.357118,-2.189154,-4.189154,-0.189154,noise,none,0.000000,7,107.395594,97.895770,0.490000,97.405770
317,-1.317482,-0.384823,-2.384823,1.615177,noise,sell_to_mm,-2.384823,8,109.780417,99.240562,0.640000,98.600562
318,-0.827942,0.143535,-1.856465,2.143535,informed,none,0.000000,8,109.780417,103.156883,0.640000,102.516883
319,-1.614248,-0.436878,-2.436878,1.563122,noise,none,0.000000,8,109.780417,96.866433,0.640000,96.226433
320,-2.002054,-1.186928,-3.186928,0.813072,noise,sell_to_mm,-3.186928,9,112.967345,94.948858,0.810000,94.138858
321,-0.790861,-0.801226,-2.801226,1.198774,informed,none,0.000000,9,112.967345,105.849593,0.810000,105.039593
322,-0.147167,-0.181599,-2.181599,1.818401,noise,none,0.000000,9,112.967345,111.642839,0.810000,110.832839
323,-1.513852,-2.013824,-4.013824,-0.013824,noise,buy_from_mm,-0.013824,8,112.953522,100.842707,0.640000,100.202707
324,-1.949247,-2.771490,-4.771490,-0.771490,informed,none,0.000000,8,112.953522,97.359548,0.640000,96.719548
325,-1.714754,-0.832215,-2.832215,1.167785,noise,sell_to_mm,-2.832215,9,115.785737,100.352954,0.810000,99.542954
326,-2.039396,-1.928794,-3.928794,0.071206,informed,none,0.000000,9,115.785737,97.431172,0.810000,96.621172
327,-2.345080,-2.860332,-4.860332,-0.860332,informed,none,0.000000,9,115.785737,94.680015,0.810000,93.870015
328,-3.313372,-3.461068,-5.461068,-1.461068,informed,none,0.000000,9,115.785737,85.965394,0.810000,85.155394
329,-4.249752,-5.075688,-7.075688,-3.075688,informed,none,0.000000,9,115.785737,77.537968,0.810000,76.727968
330,-5.712215,-4.999014,-6.999014,-2.999014,noise,sell_to_mm,-6.999014,10,122.784751,65.662604,1.000000,64.662604
331,-5.474369,-6.262423,-8.262423,-4.262423,noise,buy_from_mm,-4.262423,9,118.522327,69.253005,0.810000,68.443005
332,-5.061251,-5.502473,-7.502473,-3.502473,informed,none,0.000000,9,118.522327,72.971067,0.810000,72.161067
333,-6.006015,-5.816753,-7.816753,-3.816753,informed,none,0.000000,9,118.522327,64.468192,0.810000,63.658192
334,-5.968267,-6.215804,-8.215804,-4.215804,noise,none,0.000000,9,118.522327,64.807927,0.810000,63.997927
335,-6.150294,-4.917045,-6.917045,-2.917045,noise,none,0.000000,9,118.522327,63.169679,0.810000,62.359679
336,-6.421721,-5.302197,-7.302197,-3.302197,noise,none,0.000000,9,118.522327,60.726834,0.810000,59.916834
337,-7.066863,-5.954976,-7.954976,-3.954976,noise,sell_to_mm,-7.954976,10,126.477304,55.808671,1.000000,54.808671
338,-6.679541,-4.764878,-6.764878,-2.764878,noise,none,0.000000,10,126.477304,59.681894,1.000000,58.681894
339,-6.349400,-5.260227,-7.260227,-3.260227,noise,none,0.000000,10,126.477304,62.983304,1.000000,61.983304
340,-5.547119,-4.269571,-6.269571,-2.269571,noise,sell_to_mm,-6.269571,11,132.746875,71.728562,1.210000,70.518562
341,-5.171003,-4.349054,-6.349054,-2.349054,noise,sell_to_mm,-6.349054,12,139.095929,77.043892,1.440000,75.603892
342,-5.075679,-5.735124,-7.735124,-3.735124,informed,none,0.000000,12,139.095929,78.187783,1.440000,76.747783
343,-4.820266,-5.798717,-7.798717,-3.798717,noise,none,0.000000,12,139.095929,81.252736,1.440000,79.812736
344,-5.661186,-5.158727,-7.158727,-3.158727,noise,none,0.000000,12,139.095929,71.161701,1.440000,69.721701
345,-4.095644,-3.115691,-5.115691,-1.115691,informed,none,0.000000,12,139.095929,89.948206,1.440000,88.508206
346,-3.224768,-3.466890,-5.466890,-1.466890,noise,none,0.000000,12,139.095929,100.398709,1.440000,98.958709
347,-2.041067,-3.164378,-5.164378,-1.164378,informed,none,0.000000,12,139.095929,114.603120,1.440000,113.163120
348,-3.373756,-4.437454,-6.437454,-2.437454,informed,none,0.000000,12,139.095929,98.610860,1.440000,97.170860
349,-2.994819,-3.834844,-5.834844,-1.834844,informed,none,0.000000,12,139.095929,103.158107,1.440000,101.718107
350,-2.656103,-1.860517,-3.860517,0.139483,noise,none,0.000000,12,139.095929,107.222687,1.440000,105.782687
351,-1.384171,-0.656948,-2.656948,1.343052,noise,none,0.000000,12,139.095929,122.485877,1.440000,121.045877
352,-1.799933,-1.963206,-3.963206,0.036794,informed,none,0.000000,12,139.095929,117.496734,1.440000,116.056734
353,-1.626560,-2.423330,-4.423330,-0.423330,noise,sell_to_mm,-4.423330,13,143.519259,122.373975,1.690000,120.683975
354,-1.551389,0.043018,-1.956982,2.043018,noise,none,0.000000,13,143.519259,123.351207,1.690000,121.661207
355,-0.729000,-0.474350,-2.474350,1.525650,informed,none,0.000000,13,143.519259,134.042261,1.690000,132.352261
356,-1.639916,-1.748791,-3.748791,0.251209,informed,none,0.000000,13,143.519259,122.200354,1.690000,120.510354
357,-0.970594,-0.491251,-2.491251,1.508749,noise,buy_from_mm,1.508749,12,145.028009,133.380876,1.440000,131.940876
358,-0.369138,-0.162279,-2.162279,1.837721,noise,none,0.000000,12,145.028009,140.598353,1.440000,139.158353
359,-1.058312,-0.063216,-2.063216,1.936784,noise,none,0.000000,12,145.028009,132.328267,1.440000,130.888267
360,-2.341082,-3.050604,-5.050604,-1.050604,noise,sell_to_mm,-5.050604,13,150.078612,119.644548,1.690000,117.954548
361,-2.328078,-1.738355,-3.738355,0.261645,informed,none,0.000000,13,150.078612,119.813597,1.690000,118.123597
362,-2.305316,-0.036395,-2.036395,1.963605,informed,sell_to_mm,-2.036395,14,152.115007,119.840588,1.960000,117.880588
363,-4.159655,-4.555036,-6.555036,-2.555036,noise,none,0.000000,14,152.115007,93.879831,1.960000,91.919831
364,-4.727619,-5.165945,-7.165945,-3.165945,noise,sell_to_mm,-7.165945,15,159.280952,88.366666,2.250000,86.116666
365,-4.252942,-4.687811,-6.687811,-2.687811,noise,none,0.000000,15,159.280952,95.486823,2.250000,93.236823
366,-4.670911,-4.111905,-6.111905,-2.111905,informed,none,0.000000,15,159.280952,89.217290,2.250000,86.967290
367,-5.736751,-5.201785,-7.201785,-3.201785,noise,buy_from_mm,-3.201785,14,156.079167,75.764657,1.960000,73.804657
368,-5.873876,-5.616654,-7.616654,-3.616654,noise,none,0.000000,14,156.079167,73.844896,1.960000,71.884896
369,-5.465103,-5.114803,-7.114803,-3.114803,informed,none,0.000000,14,156.079167,79.567729,1.960000,77.607729
370,-3.542135,-2.769463,-4.769463,-0.769463,informed,none,0.000000,14,156.079167,106.489279,1.960000,104.529279
371,-3.641722,-2.276389,-4.276389,-0.276389,noise,sell_to_mm,-4.276389,15,160.355556,105.729732,2.250000,103.479732
372,-4.579883,-5.765862,-7.765862,-3.765862,noise,none,0.000000,15,160.355556,91.657311,2.250000,89.407311
373,-4.775029,-6.198116,-8.198116,-4.198116,noise,sell_to_mm,-8.198116,16,168.553671,92.153208,2.560000,89.593208
374,-6.066695,-7.120800,-9.120800,-5.120800,noise,none,0.000000,16,168.553671,71.486549,2.560000,68.926549
375,-5.330243,-3.041981,-5.041981,-1.041981,noise,buy_from_mm,-1.041981,15,167.511691,87.558041,2.250000,85.308041
376,-3.781083,-5.266229,-7.266229,-3.266229,noise,none,0.000000,15,167.511691,110.795452,2.250000,108.545452
377,-0.968144,-1.229426,-3.229426,0.770574,noise,none,0.000000,15,167.511691,152.989535,2.250000,150.739535
378,0.743890,-1.362759,-3.362759,0.637241,noise,none,0.000000,15,167.511691,178.670048,2.250000,176.420048
379,1.579520,1.176115,-0.823885,3.176115,informed,none,0.000000,15,167.511691,191.204486,2.250000,188.954486
380,2.175568,1.425533,-0.574467,3.425533,noise,none,0.000000,15,167.511691,200.145207,2.250000,197.895207
381,2.078736,1.657607,-0.342393,3.657607,informed,none,0.000000,15,167.511691,198.692737,2.250000,196.442737
382,1.331665,1.138111,-0.861889,3.138111,informed,none,0.000000,15,167.511691,187.486671,2.250000,185.236671
383,2.278744,2.735471,0.735471,4.735471,informed,none,0.000000,15,167.511691,201.692853,2.250000,199.442853
384,2.194327,-0.724211,-2.724211,1.275789,noise,none,0.000000,15,167.511691,200.426603,2.250000,198.176603
385,2.243573,1.554499,-0.445501,3.554499,noise,none,0.000000,15,167.511691,201.165293,2.250000,198.915293
386,3.334782,3.506892,1.506892,5.506892,informed,none,0.000000,15,167.511691,217.533424,2.250000,215.283424
387,2.665614,3.084279,1.084279,5.084279,informed,none,0.000000,15,167.511691,207.495902,2.250000,205.245902
388,2.710727,1.441196,-0.558804,3.441196,informed,none,0.000000,15,167.511691,208.172595,2.250000,205.922595
389,2.332192,2.163351,0.163351,4.163351,noise,none,0.000000,15,167.511691,202.494574,2.250000,200.244574
390,4.251545,5.075363,3.075363,7.075363,informed,none,0.000000,15,167.511691,231.284868,2.250000,229.034868
391,4.796972,5.952335,3.952335,7.952335,informed,none,0.000000,15,167.511691,239.466269,2.250000,237.216269
392,4.236716,4.064849,2.064849,6.064849,noise,buy_from_mm,6.064849,14,173.576540,232.890566,1.960000,230.930566
393,5.164393,6.563134,4.563134,8.563134,noise,none,0.000000,14,173.576540,245.878037,1.960000,243.918037
394,5.896451,5.513643,3.513643,7.513643,noise,buy_from_mm,7.513643,13,181.090184,257.744041,1.690000,256.054041
395,5.891890,3.989394,1.989394,5.989394,noise,buy_from_mm,5.989394,12,187.079578,257.782257,1.440000,256.342257
396,5.275732,5.918898,3.918898,7.918898,informed,none,0.000000,12,187.079578,250.388367,1.440000,248.948367
397,4.887426,3.473150,1.473150,5.473150,noise,buy_from_mm,5.473150,11,192.552727,246.314413,1.210000,245.104413
398,4.670658,4.015668,2.015668,6.015668,noise,buy_from_mm,6.015668,10,198.568396,245.274980,1.000000,244.274980
399,4.667669,6.120611,4.120611,8.120611,noise,buy_from_mm,8.120611,9,206.689007,248.698032,0.810000,247.888032
400,3.561202,4.711458,2.711458,6.711458,informed,none,0.000000,9,206.689007,238.739827,0.810000,237.929827
401,3.805728,4.397861,2.397861,6.397861,informed,none,0.000000,9,206.689007,240.940557,0.810000,240.130557
402,2.921395,2.036596,0.036596,4.036596,informed,none,0.000000,9,206.689007,232.981562,0.810000,232.171562
403,3.847977,5.005963,3.005963,7.005963,informed,none,0.000000,9,206.689007,241.320804,0.810000,240.510804
404,4.235759,2.770452,0.770452,4.770452,noise,none,0.000000,9,206.689007,244.810841,0.810000,244.000841
405,3.197192,3.549250,1.549250,5.549250,informed,none,0.000000,9,206.689007,235.463734,0.810000,234.653734
406,1.203483,2.019655,0.019655,4.019655,informed,none,0.000000,9,206.689007,217.520353,0.810000,216.710353
407,1.286295,2.858488,0.858488,4.858488,noise,none,0.000000,9,206.689007,218.265659,0.810000,217.455659
408,1.159184,2.839141,0.839141,4.839141,noise,none,0.000000,9,206.689007,217.121667,0.810000,216.311667
409,0.562775,0.423532,-1.576468,2.423532,informed,none,0.000000,9,206.689007,211.753986,0.810000,210.943986
410,2.562897,2.003637,0.003637,4.003637,noise,buy_from_mm,4.003637,8,210.692644,231.195818,0.640000,230.555818
411,2.481771,2.896575,0.896575,4.896575,informed,none,0.000000,8,210.692644,230.546814,0.640000,229.906814
412,1.338713,1.392919,-0.607081,3.392919,noise,sell_to_mm,-0.607081,9,211.299726,223.348143,0.810000,222.538143
413,2.203352,4.560123,2.560123,6.560123,noise,none,0.000000,9,211.299726,231.129896,0.810000,230.319896
414,2.620174,2.349009,0.349009,4.349009,informed,none,0.000000,9,211.299726,234.881295,0.810000,234.071295
415,1.812039,2.102722,0.102722,4.102722,noise,none,0.000000,9,211.299726,227.608081,0.810000,226.798081
416,3.870427,5.090438,3.090438,7.090438,noise,none,0.000000,9,211.299726,246.133570,0.810000,245.323570
417,3.568389,2.823187,0.823187,4.823187,informed,none,0.000000,9,211.299726,243.415228,0.810000,242.605228
418,5.348758,4.917877,2.917877,6.917877,informed,none,0.000000,9,211.299726,259.438547,0.810000,258.628547
419,4.400367,3.749616,1.749616,5.749616,noise,none,0.000000,9,211.299726,250.903032,0.810000,250.093032
420,4.340271,3.275985,1.275985,5.275985,noise,none,0.000000,9,211.299726,250.362167,0.810000,249.552167
421,2.523767,1.976278,-0.023722,3.976278,noise,none,0.000000,9,211.299726,234.013625,0.810000,233.203625
422,3.115516,5.466689,3.466689,7.466689,informed,sell_to_mm,3.466689,10,207.833036,238.988200,1.000000,237.988200
423,3.719215,4.791088,2.791088,6.791088,informed,none,0.000000,10,207.833036,245.025189,1.000000,244.025189
424,3.280374,4.053716,2.053716,6.053716,noise,none,0.000000,10,207.833036,240.636775,1.000000,239.636775
425,3.214058,3.244810,1.244810,5.244810,informed,none,0.000000,10,207.833036,239.973614,1.000000,238.973614
426,3.558753,3.796746,1.796746,5.796746,noise,none,0.000000,10,207.833036,243.420570,1.000000,242.420570
427,3.558734,2.594753,0.594753,4.594753,noise,buy_from_mm,4.594753,9,212.427789,244.456397,0.810000,243.646397
428,3.805795,2.600456,0.600456,4.600456,noise,none,0.000000,9,212.427789,246.679943,0.810000,245.869943
429,2.717115,4.108040,2.108040,6.108040,informed,none,0.000000,9,212.427789,236.881821,0.810000,236.071821
430,3.584793,4.582675,2.582675,6.582675,informed,none,0.000000,9,212.427789,244.690928,0.810000,243.880928
431,4.547362,4.397304,2.397304,6.397304,informed,none,0.000000,9,212.427789,253.354045,0.810000,252.544045
432,3.298342,2.755615,0.755615,4.755615,informed,none,0.000000,9,212.427789,242.112869,0.810000,241.302869
433,2.596429,3.691743,1.691743,5.691743,noise,none,0.000000,9,212.427789,235.795653,0.810000,234.985653
434,2.339764,3.018322,1.018322,5.018322,noise,none,0.000000,9,212.427789,233.485669,0.810000,232.675669
435,1.612695,-0.072427,-2.072427,1.927573,noise,sell_to_mm,-2.072427,10,214.500216,230.627168,1.000000,229.627168
436,1.002384,0.159870,-1.840130,2.159870,informed,none,0.000000,10,214.500216,224.524058,1.000000,223.524058
437,1.117943,1.016356,-0.983644,3.016356,informed,none,0.000000,10,214.500216,225.679644,1.000000,224.679644
438,-0.613904,-0.727777,-2.727777,1.272223,noise,none,0.000000,10,214.500216,208.361172,1.000000,207.361172
439,-1.649101,-2.081390,-4.081390,-0.081390,noise,buy_from_mm,-0.081390,9,214.418825,199.576920,0.810000,198.766920
440,-3.644891,-5.577212,-7.577212,-3.577212,informed,none,0.000000,9,214.418825,181.614807,0.810000,180.804807
441,-3.796039,-5.113536,-7.113536,-3.113536,informed,none,0.000000,9,214.418825,180.254474,0.810000,179.444474
442,-3.712491,-4.013393,-6.013393,-2.013393,noise,none,0.000000,9,214.418825,181.006410,0.810000,180.196410
443,-2.487143,-2.338452,-4.338452,-0.338452,noise,buy_from_mm,-0.338452,8,214.080374,194.183228,0.640000,193.543228
444,-4.656909,-5.166893,-7.166893,-3.166893,noise,none,0.000000,8,214.080374,176.825098,0.640000,176.185098
445,-4.728629,-3.864096,-5.864096,-1.864096,noise,buy_from_mm,-1.864096,7,212.216277,179.115872,0.490000,178.625872
446,-4.133839,-2.817812,-4.817812,-0.817812,informed,none,0.000000,7,212.216277,183.279404,0.490000,182.789404
447,-2.672595,-3.437478,-5.437478,-1.437478,informed,none,0.000000,7,212.216277,193.508112,0.490000,193.018112
448,-2.397411,-1.885612,-3.885612,0.114388,informed,none,0.000000,7,212.216277,195.434400,0.490000,194.944400
449,-3.041625,-3.815543,-5.815543,-1.815543,informed,none,0.000000,7,212.216277,190.924905,0.490000,190.434905
450,-4.546237,-4.993627,-6.993627,-2.993627,noise,none,0.000000,7,212.216277,180.392615,0.490000,179.902615
451,-4.168793,-5.055196,-7.055196,-3.055196,informed,none,0.000000,7,212.216277,183.034726,0.490000,182.544726
452,-5.051997,-2.858589,-4.858589,-0.858589,noise,none,0.000000,7,212.216277,176.852298,0.490000,176.362298
453,-5.810254,-4.789501,-6.789501,-2.789501,noise,none,0.000000,7,212.216277,171.544500,0.490000,171.054500
454,-4.966597,-4.985176,-6.985176,-2.985176,noise,none,0.000000,7,212.216277,177.450095,0.490000,176.960095
455,-5.757346,-5.485857,-7.485857,-3.485857,informed,none,0.000000,7,212.216277,171.914855,0.490000,171.424855
456,-5.312241,-5.327867,-7.327867,-3.327867,noise,none,0.000000,7,212.216277,175.030588,0.490000,174.540588
457,-5.249842,-5.847182,-7.847182,-3.847182,noise,none,0.000000,7,212.216277,175.467382,0.490000,174.977382
458,-3.944040,-3.772472,-5.772472,-1.772472,noise,sell_to_mm,-5.772472,8,217.988749,186.436429,0.640000,185.796429
459,-2.811204,-2.943372,-4.943372,-0.943372,noise,none,0.000000,8,217.988749,195.499118,0.640000,194.859118
460,-3.900572,-2.715295,-4.715295,-0.715295,informed,none,0.000000,8,217.988749,186.784173,0.640000,186.144173
461,-4.165931,-3.164064,-5.164064,-1.164064,noise,sell_to_mm,-5.164064,9,223.152813,185.659431,0.810000,184.849431
462,-4.211595,-3.276472,-5.276472,-1.276472,informed,none,0.000000,9,223.152813,185.248455,0.810000,184.438455
463,-3.041337,-2.747658,-4.747658,-0.747658,informed,none,0.000000,9,223.152813,195.780778,0.810000,194.970778
464,-1.912576,-2.543237,-4.543237,-0.543237,noise,none,0.000000,9,223.152813,205.939626,0.810000,205.129626
465,-3.537874,-2.634291,-4.634291,-0.634291,noise,sell_to_mm,-4.634291,10,227.787104,192.408364,1.000000,191.408364
466,-3.171068,-3.265320,-5.265320,-1.265320,informed,none,0.000000,10,227.787104,196.076419,1.000000,195.076419
467,-3.135931,-5.148425,-7.148425,-3.148425,noise,sell_to_mm,-7.148425,11,234.935529,200.440287,1.210000,199.230287
468,-3.286238,-1.990083,-3.990083,0.009917,noise,none,0.000000,11,234.935529,198.786915,1.210000,197.576915
469,-2.486696,-2.430740,-4.430740,-0.430740,noise,none,0.000000,11,234.935529,207.581875,1.210000,206.371875
470,-2.791309,-1.997296,-3.997296,0.002704,noise,buy_from_mm,0.002704,10,234.938233,207.025141,1.000000,206.025141
471,-2.647831,-2.283011,-4.283011,-0.283011,noise,sell_to_mm,-4.283011,11,239.221243,210.095100,1.210000,208.885100
472,-3.195188,-2.772582,-4.772582,-0.772582,noise,none,0.000000,11,239.221243,204.074176,1.210000,202.864176
473,-3.288059,-1.760984,-3.760984,0.239016,noise,none,0.000000,11,239.221243,203.052593,1.210000,201.842593
474,-2.215985,-1.395156,-3.395156,0.604844,noise,none,0.000000,11,239.221243,214.845405,1.210000,213.635405
475,-0.287749,-0.558962,-2.558962,1.441038,informed,none,0.000000,11,239.221243,236.056009,1.210000,234.846009
476,0.045930,-0.433105,-2.433105,1.566895,informed,none,0.000000,11,239.221243,239.726475,1.210000,238.516475
477,0.597192,-0.272867,-2.272867,1.727133,informed,none,0.000000,11,239.221243,245.790356,1.210000,244.580356
478,-0.145379,-1.512473,-3.512473,0.487527,noise,none,0.000000,11,239.221243,237.622071,1.210000,236.412071
479,1.023360,-0.006017,-2.006017,1.993983,noise,sell_to_mm,-2.006017,12,241.227261,253.507578,1.440000,252.067578
480,0.919613,1.444783,-0.555217,3.444783,noise,none,0.000000,12,241.227261,252.262621,1.440000,250.822621
481,1.437964,0.501101,-1.498899,2.501101,informed,none,0.000000,12,241.227261,258.482825,1.440000,257.042825
482,3.372944,5.365760,3.365760,7.365760,noise,none,0.000000,12,241.227261,281.702586,1.440000,280.262586
483,4.196661,3.250900,1.250900,5.250900,noise,none,0.000000,12,241.227261,291.587194,1.440000,290.147194
484,7.249714,6.592857,4.592857,8.592857,informed,none,0.000000,12,241.227261,328.223831,1.440000,326.783831
485,7.040960,3.894377,1.894377,5.894377,informed,buy_from_mm,5.894377,11,247.121638,324.572198,1.210000,323.362198
486,8.631644,9.986716,7.986716,11.986716,informed,none,0.000000,11,247.121638,342.069723,1.210000,340.859723
487,9.754598,9.491911,7.491911,11.491911,noise,none,0.000000,11,247.121638,354.422216,1.210000,353.212216
488,9.656871,10.837951,8.837951,12.837951,informed,none,0.000000,11,247.121638,353.347215,1.210000,352.137215
489,10.024801,12.099973,10.099973,14.099973,noise,none,0.000000,11,247.121638,357.394454,1.210000,356.184454
490,9.827082,9.879724,7.879724,11.879724,noise,none,0.000000,11,247.121638,355.219536,1.210000,354.009536
491,9.876292,7.409917,5.409917,9.409917,informed,buy_from_mm,9.409917,10,256.531556,355.294476,1.000000,354.294476
492,9.547079,8.940492,6.940492,10.940492,noise,none,0.000000,10,256.531556,352.002346,1.000000,351.002346
493,8.752497,9.675313,7.675313,11.675313,noise,none,0.000000,10,256.531556,344.056526,1.000000,343.056526
494,7.594947,7.828801,5.828801,9.828801,noise,buy_from_mm,9.828801,9,266.360356,334.714879,0.810000,333.904879
495,7.942655,6.846215,4.846215,8.846215,noise,none,0.000000,9,266.360356,337.844253,0.810000,337.034253
496,9.134813,10.958944,8.958944,12.958944,noise,none,0.000000,9,266.360356,348.573674,0.810000,347.763674
497,8.585532,9.150976,7.150976,11.150976,noise,none,0.000000,9,266.360356,343.630146,0.810000,342.820146
498,9.623086,11.130048,9.130048,13.130048,noise,none,0.000000,9,266.360356,352.968129,0.810000,352.158129
499,9.234756,8.410873,6.410873,10.410873,informed,none,0.000000,9,266.360356,349.473162,0.810000,348.663162
500,10.170223,9.579791,7.579791,11.579791,noise,none,0.000000,9,266.360356,357.892360,0.810000,357.082360
501,12.276573,12.636378,10.636378,14.636378,informed,none,0.000000,9,266.360356,376.849512,0.810000,376.039512
502,12.419727,11.562992,9.562992,13.562992,noise,none,0.000000,9,266.360356,378.137904,0.810000,377.327904
503,13.133165,12.411125,10.411125,14.411125,informed,none,0.000000,9,266.360356,384.558846,0.810000,383.748846
504,12.154423,12.894217,10.894217,14.894217,informed,none,0.000000,9,266.360356,375.750163,0.810000,374.940163
505,11.431781,12.295414,10.295414,14.295414,noise,none,0.000000,9,266.360356,369.246386,0.810000,368.436386
506,12.309221,11.904788,9.904788,13.904788,noise,buy_from_mm,13.904788,8,280.265144,378.738916,0.640000,378.098916
507,12.002159,12.789102,10.789102,14.789102,informed,none,0.000000,8,280.265144,376.282413,0.640000,375.642413
508,12.129266,12.292957,10.292957,14.292957,informed,none,0.000000,8,280.265144,377.299273,0.640000,376.659273
509,12.299266,13.585423,11.585423,15.585423,noise,buy_from_mm,15.585423,7,295.850567,381.945426,0.490000,381.455426
510,14.001023,11.905099,9.905099,13.905099,informed,buy_from_mm,13.905099,6,309.755667,393.761807,0.360000,393.401807
511,14.405591,15.357707,13.357707,17.357707,noise,none,0.000000,6,309.755667,396.189212,0.360000,395.829212
512,14.776162,14.573170,12.573170,16.573170,noise,buy_from_mm,16.573170,5,326.328836,400.209645,0.250000,399.959645
513,15.594243,15.323891,13.323891,17.323891,informed,none,0.000000,5,326.328836,404.300049,0.250000,404.050049
514,15.583867,16.481623,14.481623,18.481623,noise,none,0.000000,5,326.328836,404.248172,0.250000,403.998172
515,14.470290,15.346705,13.346705,17.346705,informed,none,0.000000,5,326.328836,398.680288,0.250000,398.430288
516,15.351591,14.485146,12.485146,16.485146,noise,none,0.000000,5,326.328836,403.086792,0.250000,402.836792
517,14.704785,15.980633,13.980633,17.980633,informed,none,0.000000,5,326.328836,399.852764,0.250000,399.602764
518,15.037481,17.602686,15.602686,19.602686,noise,none,0.000000,5,326.328836,401.516240,0.250000,401.266240
519,14.551150,15.622469,13.622469,17.622469,informed,none,0.000000,5,326.328836,399.084587,0.250000,398.834587
520,14.751710,12.752382,10.752382,14.752382,noise,none,0.000000,5,326.328836,400.087388,0.250000,399.837388
521,14.580167,14.790797,12.790797,16.790797,noise,none,0.000000,5,326.328836,399.229672,0.250000,398.979672
522,13.995745,13.677006,11.677006,15.677006,noise,sell_to_mm,11.677006,6,314.651830,398.626299,0.360000,398.266299
523,13.965743,13.484458,11.484458,15.484458,noise,none,0.000000,6,314.651830,398.446287,0.360000,398.086287
524,14.076063,12.485114,10.485114,14.485114,noise,sell_to_mm,10.485114,7,304.166717,402.699161,0.490000,402.209161
525,13.477578,13.594225,11.594225,15.594225,noise,sell_to_mm,11.594225,8,292.572491,400.393117,0.640000,399.753117
526,12.191572,12.484718,10.484718,14.484718,noise,buy_from_mm,14.484718,7,307.057209,392.398216,0.490000,391.908216
527,11.702380,12.875166,10.875166,14.875166,noise,none,0.000000,7,307.057209,388.973867,0.490000,388.483867
528,11.603449,10.598250,8.598250,12.598250,noise,buy_from_mm,12.598250,6,319.655459,389.276153,0.360000,388.916153
529,13.333911,13.450429,11.450429,15.450429,noise,buy_from_mm,15.450429,5,335.105888,401.775445,0.250000,401.525445
530,14.107269,12.560598,10.560598,14.560598,informed,none,0.000000,5,335.105888,405.642233,0.250000,405.392233
531,14.172670,13.957725,11.957725,15.957725,informed,none,0.000000,5,335.105888,405.969236,0.250000,405.719236
532,12.105403,12.964131,10.964131,14.964131,noise,none,0.000000,5,335.105888,395.632903,0.250000,395.382903
533,13.403847,11.774646,9.774646,13.774646,noise,none,0.000000,5,335.105888,402.125124,0.250000,401.875124
534,13.207731,12.592755,10.592755,14.592755,informed,none,0.000000,5,335.105888,401.144543,0.250000,400.894543
535,13.053809,13.312294,11.312294,15.312294,noise,sell_to_mm,11.312294,6,323.793594,402.116446,0.360000,401.756446
536,12.461366,12.642774,10.642774,14.642774,noise,sell_to_mm,10.642774,7,313.150820,400.380379,0.490000,399.890379
537,13.664180,15.485515,13.485515,17.485515,noise,none,0.000000,7,313.150820,408.800081,0.490000,408.310081
538,13.251518,12.953371,10.953371,14.953371,noise,sell_to_mm,10.953371,8,302.197450,408.209597,0.640000,407.569597
539,10.904799,10.748932,8.748932,12.748932,noise,none,0.000000,8,302.197450,389.435842,0.640000,388.795842
540,13.735448,13.846880,11.846880,15.846880,informed,none,0.000000,8,302.197450,412.081035,0.640000,411.441035
541,13.536921,13.686320,11.686320,15.686320,noise,none,0.000000,8,302.197450,410.492816,0.640000,409.852816
542,13.331553,13.648015,11.648015,15.648015,noise,none,0.000000,8,302.197450,408.849873,0.640000,408.209873
543,12.907586,15.646308,13.646308,17.646308,noise,sell_to_mm,13.646308,9,288.551141,404.719412,0.810000,403.909412
544,12.777513,12.547714,10.547714,14.547714,noise,none,0.000000,9,288.551141,403.548758,0.810000,402.738758
545,14.236811,14.255097,12.255097,16.255097,noise,none,0.000000,9,288.551141,416.682438,0.810000,415.872438
546,14.396904,14.350415,12.350415,16.350415,informed,none,0.000000,9,288.551141,418.123273,0.810000,417.313273
547,14.145843,16.471036,14.471036,18.471036,informed,sell_to_mm,14.471036,10,274.080105,415.538532,1.000000,414.538532
548,15.347334,14.271911,12.271911,16.271911,noise,none,0.000000,10,274.080105,427.553449,1.000000,426.553449
549,14.070145,14.225944,12.225944,16.225944,informed,none,0.000000,10,274.080105,414.781554,1.000000,413.781554
550,14.854237,15.030990,13.030990,17.030990,informed,none,0.000000,10,274.080105,422.622474,1.000000,421.622474
551,15.359359,16.353961,14.353961,18.353961,noise,none,0.000000,10,274.080105,427.673694,1.000000,426.673694
552,15.201368,13.201620,11.201620,15.201620,noise,sell_to_mm,11.201620,11,262.878484,430.093532,1.210000,428.883532
553,14.871585,13.666787,11.666787,15.666787,informed,none,0.000000,11,262.878484,426.465921,1.210000,425.255921
554,13.857203,13.350203,11.350203,15.350203,informed,none,0.000000,11,262.878484,415.307712,1.210000,414.097712
555,13.170135,13.243608,11.243608,15.243608,noise,none,0.000000,11,262.878484,407.749971,1.210000,406.539971
556,14.404685,13.967165,11.967165,15.967165,noise,none,0.000000,11,262.878484,421.330024,1.210000,420.120024
557,11.305860,12.082394,10.082394,14.082394,noise,none,0.000000,11,262.878484,387.242939,1.210000,386.032939
558,12.510753,13.189825,11.189825,15.189825,informed,none,0.000000,11,262.878484,400.496768,1.210000,399.286768
559,12.575861,11.903713,9.903713,13.903713,noise,none,0.000000,11,262.878484,401.212952,1.210000,400.002952
560,13.342357,13.483401,11.483401,15.483401,informed,none,0.000000,11,262.878484,409.644407,1.210000,408.434407
561,12.961098,13.005244,11.005244,15.005244,noise,none,0.000000,11,262.878484,405.450562,1.210000,404.240562
562,10.845326,10.530760,8.530760,12.530760,noise,none,0.000000,11,262.878484,382.177070,1.210000,380.967070
563,10.321831,10.519311,8.519311,12.519311,noise,sell_to_mm,8.519311,12,254.359173,378.221146,1.440000,376.781146
564,10.625840,10.747304,8.747304,12.747304,noise,sell_to_mm,8.747304,13,245.611870,383.747794,1.690000,382.057794
565,8.834507,10.506758,8.506758,12.506758,noise,none,0.000000,13,245.611870,360.460466,1.690000,358.770466
566,8.578908,9.637697,7.637697,11.637697,noise,sell_to_mm,7.637697,14,237.974172,358.078885,1.960000,356.118885
567,7.014985,6.629184,4.629184,8.629184,noise,none,0.000000,14,237.974172,336.183967,1.960000,334.223967
568,7.900002,7.203788,5.203788,9.203788,noise,none,0.000000,14,237.974172,348.574200,1.960000,346.614200
569,6.280608,7.948311,5.948311,9.948311,noise,buy_from_mm,9.948311,13,247.922483,329.570383,1.690000,327.880383
570,6.027715,6.414343,4.414343,8.414343,informed,none,0.000000,13,247.922483,326.282776,1.690000,324.592776
571,7.300346,6.879976,4.879976,8.879976,noise,none,0.000000,13,247.922483,342.826985,1.690000,341.136985
572,7.130473,6.781428,4.781428,8.781428,noise,buy_from_mm,8.781428,12,256.703911,342.269593,1.440000,340.829593
573,5.253330,4.541867,2.541867,6.541867,informed,none,0.000000,12,256.703911,319.743874,1.440000,318.303874
574,5.695041,4.202763,2.202763,6.202763,noise,buy_from_mm,6.202763,11,262.906674,325.552122,1.210000,324.342122
575,6.725590,7.195546,5.195546,9.195546,informed,none,0.000000,11,262.906674,336.888169,1.210000,335.678169
576,6.160639,5.781708,3.781708,7.781708,informed,none,0.000000,11,262.906674,330.673707,1.210000,329.463707
577,6.443659,6.845382,4.845382,8.845382,noise,none,0.000000,11,262.906674,333.786925,1.210000,332.576925
578,7.638740,8.722340,6.722340,10.722340,noise,none,0.000000,11,262.906674,346.932818,1.210000,345.722818
579,6.381796,6.773981,4.773981,8.773981,informed,none,0.000000,11,262.906674,333.106428,1.210000,331.896428
580,6.792214,6.121003,4.121003,8.121003,noise,none,0.000000,11,262.906674,337.621030,1.210000,336.411030
581,6.822723,7.438968,5.438968,9.438968,noise,none,0.000000,11,262.906674,337.956624,1.210000,336.746624
582,5.605539,5.608178,3.608178,7.608178,noise,none,0.000000,11,262.906674,324.567607,1.210000,323.357607
583,5.156882,3.890041,1.890041,5.890041,informed,none,0.000000,11,262.906674,319.632375,1.210000,318.422375
584,5.233718,4.474470,2.474470,6.474470,informed,none,0.000000,11,262.906674,320.477568,1.210000,319.267568
585,5.932588,7.479848,5.479848,9.479848,informed,none,0.000000,11,262.906674,328.165141,1.210000,326.955141
586,5.290320,4.008420,2.008420,6.008420,noise,none,0.000000,11,262.906674,321.100196,1.210000,319.890196
587,5.047482,5.373462,3.373462,7.373462,noise,none,0.000000,11,262.906674,318.428981,1.210000,317.218981
588,4.109565,2.814839,0.814839,4.814839,informed,none,0.000000,11,262.906674,308.111887,1.210000,306.901887
589,4.773761,2.546984,0.546984,4.546984,noise,none,0.000000,11,262.906674,315.418051,1.210000,314.208051
590,4.146922,4.956254,2.956254,6.956254,noise,none,0.000000,11,262.906674,308.522812,1.210000,307.312812
591,6.521677,5.653749,3.653749,7.653749,noise,none,0.000000,11,262.906674,334.645122,1.210000,333.435122
592,6.477523,6.100570,4.100570,8.100570,informed,none,0.000000,11,262.906674,334.159426,1.210000,332.949426
593,7.051116,7.346902,5.346902,9.346902,noise,sell_to_mm,5.346902,12,257.559772,342.173167,1.440000,340.733167
594,8.510589,7.091146,5.091146,9.091146,noise,none,0.000000,12,257.559772,359.686839,1.440000,358.246839
595,7.667102,7.255292,5.255292,9.255292,informed,none,0.000000,12,257.559772,349.564997,1.440000,348.124997
596,7.204915,5.312779,3.312779,7.312779,informed,none,0.000000,12,257.559772,344.018755,1.440000,342.578755
597,6.984603,7.526378,5.526378,9.526378,informed,none,0.000000,12,257.559772,341.375006,1.440000,339.935006
598,5.424818,4.557210,2.557210,6.557210,noise,none,0.000000,12,257.559772,322.657594,1.440000,321.217594
599,3.687297,4.620562,2.620562,6.620562,informed,none,0.000000,12,257.559772,301.807338,1.440000,300.367338
600,4.669168,3.351294,1.351294,5.351294,informed,none,0.000000,12,257.559772,313.589786,1.440000,312.149786
601,3.499224,3.328049,1.328049,5.328049,noise,buy_from_mm,5.328049,11,262.887821,301.379290,1.210000,300.169290
602,3.429347,2.830689,0.830689,4.830689,noise,sell_to_mm,0.830689,12,262.057132,303.209290,1.440000,301.769290
603,3.608586,4.079356,2.079356,6.079356,noise,buy_from_mm,6.079356,11,268.136487,307.830931,1.210000,306.620931
604,3.431257,2.775885,0.775885,4.775885,noise,none,0.000000,11,268.136487,305.880319,1.210000,304.670319
605,1.370656,0.817928,-1.182072,2.817928,informed,none,0.000000,11,268.136487,283.213706,1.210000,282.003706
606,-0.137694,1.942464,-0.057536,3.942464,noise,none,0.000000,11,268.136487,266.621850,1.210000,265.411850
607,0.785127,1.406574,-0.593426,3.406574,informed,none,0.000000,11,268.136487,276.772882,1.210000,275.562882
608,1.964319,2.245703,0.245703,4.245703,noise,none,0.000000,11,268.136487,289.743992,1.210000,288.533992
609,4.031503,2.872230,0.872230,4.872230,informed,none,0.000000,11,268.136487,312.483021,1.210000,311.273021
610,5.194847,5.290646,3.290646,7.290646,informed,none,0.000000,11,268.136487,325.279801,1.210000,324.069801
611,4.775857,4.031536,2.031536,6.031536,noise,buy_from_mm,6.031536,10,274.168024,321.926591,1.000000,320.926591
612,5.544459,5.753152,3.753152,7.753152,informed,none,0.000000,10,274.168024,329.612615,1.000000,328.612615
613,7.144285,6.346550,4.346550,8.346550,noise,none,0.000000,10,274.168024,345.610874,1.000000,344.610874
614,7.771209,7.856622,5.856622,9.856622,informed,none,0.000000,10,274.168024,351.880116,1.000000,350.880116
615,7.293305,6.921544,4.921544,8.921544,informed,none,0.000000,10,274.168024,347.101074,1.000000,346.101074
616,8.269913,7.914727,5.914727,9.914727,noise,none,0.000000,10,274.168024,356.867154,1.000000,355.867154
617,8.386100,7.943712,5.943712,9.943712,informed,none,0.000000,10,274.168024,358.029025,1.000000,357.029025
618,9.594092,10.803112,8.803112,12.803112,noise,none,0.000000,10,274.168024,370.108940,1.000000,369.108940
619,10.411272,9.691540,7.691540,11.691540,noise,none,0.000000,10,274.168024,378.280743,1.000000,377.280743
620,11.459592,11.498578,9.498578,13.498578,noise,none,0.000000,10,274.168024,388.763940,1.000000,387.763940
621,11.249249,12.402987,10.402987,14.402987,noise,none,0.000000,10,274.168024,386.660510,1.000000,385.660510
622,12.266105,11.087825,9.087825,13.087825,noise,none,0.000000,10,274.168024,396.829071,1.000000,395.829071
623,11.178493,9.448155,7.448155,11.448155,noise,none,0.000000,10,274.168024,385.952956,1.000000,384.952956
624,10.831378,13.243149,11.243149,15.243149,informed,sell_to_mm,11.243149,11,262.924875,382.070032,1.210000,380.860032
625,8.872918,8.866492,6.866492,10.866492,noise,sell_to_mm,6.866492,12,256.058383,362.533405,1.440000,361.093405
626,7.744469,6.215479,4.215479,8.215479,noise,none,0.000000,12,256.058383,348.992016,1.440000,347.552016
627,6.939900,5.530037,3.530037,7.530037,noise,buy_from_mm,7.530037,11,263.588420,339.927324,1.210000,338.717324
628,6.586486,6.628146,4.628146,8.628146,informed,none,0.000000,11,263.588420,336.039763,1.210000,334.829763
629,4.739361,4.967219,2.967219,6.967219,informed,none,0.000000,11,263.588420,315.721391,1.210000,314.511391
630,6.165240,6.426939,4.426939,8.426939,noise,none,0.000000,11,263.588420,331.406065,1.210000,330.196065
631,7.851239,9.216645,7.216645,11.216645,informed,none,0.000000,11,263.588420,349.952050,1.210000,348.742050
632,7.570580,7.354143,5.354143,9.354143,noise,none,0.000000,11,263.588420,346.864803,1.210000,345.654803
633,6.883663,5.819306,3.819306,7.819306,informed,none,0.000000,11,263.588420,339.308710,1.210000,338.098710
634,7.168435,8.203118,6.203118,10.203118,noise,sell_to_mm,6.203118,12,257.385302,343.406524,1.440000,341.966524
635,5.965419,3.993962,1.993962,5.993962,noise,none,0.000000,12,257.385302,328.970325,1.440000,327.530325
636,6.729780,6.567194,4.567194,8.567194,noise,none,0.000000,12,257.385302,338.142659,1.440000,336.702659
637,9.204413,8.051755,6.051755,10.051755,noise,none,0.000000,12,257.385302,367.838252,1.440000,366.398252
638,8.007094,7.382035,5.382035,9.382035,informed,none,0.000000,12,257.385302,353.470433,1.440000,352.030433
639,5.058250,4.594387,2.594387,6.594387,noise,none,0.000000,12,257.385302,318.084301,1.440000,316.644301
640,7.310083,6.774543,4.774543,8.774543,noise,none,0.000000,12,257.385302,345.106299,1.440000,343.666299
641,9.605016,10.510113,8.510113,12.510113,informed,none,0.000000,12,257.385302,372.645490,1.440000,371.205490
642,6.557864,7.761183,5.761183,9.761183,noise,none,0.000000,12,257.385302,336.079675,1.440000,334.639675
643,6.052715,7.519872,5.519872,9.519872,informed,none,0.000000,12,257.385302,330.017878,1.440000,328.577878
644,6.973647,7.127393,5.127393,9.127393,informed,none,0.000000,12,257.385302,341.069062,1.440000,339.629062
645,6.066886,5.673635,3.673635,7.673635,informed,none,0.000000,12,257.385302,330.187938,1.440000,328.747938
646,5.157639,6.779898,4.779898,8.779898,noise,none,0.000000,12,257.385302,319.276965,1.440000,317.836965
647,6.897651,6.737591,4.737591,8.737591,informed,none,0.000000,12,257.385302,340.157114,1.440000,338.717114
648,6.919179,5.550791,3.550791,7.550791,informed,none,0.000000,12,257.385302,340.415447,1.440000,338.975447
649,5.531676,6.769112,4.769112,8.769112,noise,none,0.000000,12,257.385302,323.765413,1.440000,322.325413
650,4.098168,4.273913,2.273913,6.273913,noise,none,0.000000,12,257.385302,306.563316,1.440000,305.123316
651,4.864503,3.876827,1.876827,5.876827,informed,none,0.000000,12,257.385302,315.759335,1.440000,314.319335
652,4.509302,7.473606,5.473606,9.473606,noise,sell_to_mm,5.473606,13,251.911695,310.532620,1.690000,308.842620
653,4.448650,4.125651,2.125651,6.125651,informed,none,0.000000,13,251.911695,309.744140,1.690000,308.054140
654,5.784968,5.608166,3.608166,7.608166,informed,none,0.000000,13,251.911695,327.116277,1.690000,325.426277
655,3.393959,1.826678,-0.173322,3.826678,informed,none,0.000000,13,251.911695,296.033157,1.690000,294.343157
656,2.594323,4.486675,2.486675,6.486675,noise,buy_from_mm,6.486675,12,258.398370,289.530244,1.440000,288.090244
657,2.180180,3.370591,1.370591,5.370591,noise,none,0.000000,12,258.398370,284.560528,1.440000,283.120528
658,3.485469,2.987224,0.987224,4.987224,informed,none,0.000000,12,258.398370,300.223992,1.440000,298.783992
659,1.453475,2.599126,0.599126,4.599126,noise,none,0.000000,12,258.398370,275.840075,1.440000,274.400075
660,2.843373,0.623209,-1.376791,2.623209,noise,none,0.000000,12,258.398370,292.518840,1.440000,291.078840
661,1.067877,0.625705,-1.374295,2.625705,informed,none,0.000000,12,258.398370,271.212889,1.440000,269.772889
662,2.374774,2.420968,0.420968,4.420968,informed,none,0.000000,12,258.398370,286.895655,1.440000,285.455655
663,3.630312,4.271093,2.271093,6.271093,noise,none,0.000000,12,258.398370,301.962109,1.440000,300.522109
664,3.667677,3.749933,1.749933,5.749933,informed,none,0.000000,12,258.398370,302.410496,1.440000,300.970496
665,2.403176,2.574286,0.574286,4.574286,noise,none,0.000000,12,258.398370,287.236479,1.440000,285.796479
666,3.478371,4.513378,2.513378,6.513378,noise,none,0.000000,12,258.398370,300.138825,1.440000,298.698825
667,4.368680,4.483582,2.483582,6.483582,informed,none,0.000000,12,258.398370,310.822531,1.440000,309.382531
668,4.710626,5.380216,3.380216,7.380216,informed,none,0.000000,12,258.398370,314.925888,1.440000,313.485888
669,6.024830,5.967376,3.967376,7.967376,noise,none,0.000000,12,258.398370,330.696329,1.440000,329.256329
670,5.511571,6.814217,4.814217,8.814217,noise,none,0.000000,12,258.398370,324.537218,1.440000,323.097218
671,4.920512,4.909105,2.909105,6.909105,noise,none,0.000000,12,258.398370,317.444509,1.440000,316.004509
672,3.447619,4.815570,2.815570,6.815570,noise,none,0.000000,12,258.398370,299.769802,1.440000,298.329802
673,4.092946,4.217235,2.217235,6.217235,informed,none,0.000000,12,258.398370,307.513718,1.440000,306.073718
674,3.766107,2.923028,0.923028,4.923028,noise,buy_from_mm,4.923028,11,263.321398,304.748576,1.210000,303.538576
675,4.388705,6.142960,4.142960,8.142960,informed,none,0.000000,11,263.321398,311.597153,1.210000,310.387153
676,4.030896,4.771189,2.771189,6.771189,noise,buy_from_mm,6.771189,10,270.092587,310.401551,1.000000,309.401551
677,3.953873,4.913104,2.913104,6.913104,noise,buy_from_mm,6.913104,9,277.005691,312.590551,0.810000,311.780551
678,3.632013,4.874907,2.874907,6.874907,noise,none,0.000000,9,277.005691,309.693807,0.810000,308.883807
679,4.743376,4.692490,2.692490,6.692490,informed,none,0.000000,9,277.005691,319.696073,0.810000,318.886073
680,4.208313,4.903938,2.903938,6.903938,noise,none,0.000000,9,277.005691,314.880505,0.810000,314.070505
681,3.617196,3.453208,1.453208,5.453208,noise,none,0.000000,9,277.005691,309.560454,0.810000,308.750454
682,3.230941,2.543431,0.543431,4.543431,informed,none,0.000000,9,277.005691,306.084162,0.810000,305.274162
683,1.282847,2.312473,0.312473,4.312473,noise,none,0.000000,9,277.005691,288.551318,0.810000,287.741318
684,2.544150,2.545450,0.545450,4.545450,noise,none,0.000000,9,277.005691,299.903043,0.810000,299.093043
685,3.112570,1.705523,-0.294477,3.705523,informed,none,0.000000,9,277.005691,305.018820,0.810000,304.208820
686,2.502849,2.882247,0.882247,4.882247,informed,none,0.000000,9,277.005691,299.531335,0.810000,298.721335
687,3.009524,1.878589,-0.121411,3.878589,noise,buy_from_mm,3.878589,8,280.884280,304.960473,0.640000,304.320473
688,2.143901,1.772784,-0.227216,3.772784,informed,none,0.000000,8,280.884280,298.035485,0.640000,297.395485
689,3.372525,1.747308,-0.252692,3.747308,informed,none,0.000000,8,280.884280,307.864483,0.640000,307.224483
690,3.144576,3.229132,1.229132,5.229132,informed,none,0.000000,8,280.884280,306.040887,0.640000,305.400887
691,3.037275,2.352813,0.352813,4.352813,informed,none,0.000000,8,280.884280,305.182480,0.640000,304.542480
692,2.476361,3.436728,1.436728,5.436728,noise,sell_to_mm,1.436728,9,279.447552,301.734805,0.810000,300.924805
693,2.527037,1.869398,-0.130602,3.869398,noise,none,0.000000,9,279.447552,302.190883,0.810000,301.380883
694,4.494617,5.517779,3.517779,7.517779,noise,buy_from_mm,7.517779,8,286.965331,322.922263,0.640000,322.282263
695,4.241326,4.234357,2.234357,6.234357,informed,none,0.000000,8,286.965331,320.895939,0.640000,320.255939
696,5.086894,4.041291,2.041291,6.041291,noise,none,0.000000,8,286.965331,327.660480,0.640000,327.020480
697,3.639674,2.180925,0.180925,4.180925,noise,buy_from_mm,4.180925,7,291.146256,316.623974,0.490000,316.133974
698,2.467728,1.197962,-0.802038,3.197962,informed,none,0.000000,7,291.146256,308.420354,0.490000,307.930354
699,2.664587,2.067016,0.067016,4.067016,noise,sell_to_mm,0.067016,8,291.079240,312.395935,0.640000,311.755935
700,2.209259,2.325012,0.325012,4.325012,noise,none,0.000000,8,291.079240,308.753316,0.640000,308.113316
701,0.926440,0.709116,-1.290884,2.709116,noise,buy_from_mm,2.709116,7,293.788356,300.273433,0.490000,299.783433
702,-0.298607,-0.513025,-2.513025,1.486975,noise,none,0.000000,7,293.788356,291.698109,0.490000,291.208109
703,0.300152,-1.238693,-3.238693,0.761307,noise,none,0.000000,7,293.788356,295.889419,0.490000,295.399419
704,-1.464340,-1.515824,-3.515824,0.484176,informed,none,0.000000,7,293.788356,283.537975,0.490000,283.047975
705,-0.349945,-0.709088,-2.709088,1.290912,informed,none,0.000000,7,293.788356,291.338741,0.490000,290.848741
706,-1.736742,-2.544935,-4.544935,-0.544935,informed,none,0.000000,7,293.788356,281.631161,0.490000,281.141161
707,-1.104770,-2.269850,-4.269850,-0.269850,noise,none,0.000000,7,293.788356,286.054968,0.490000,285.564968
708,-0.129069,-0.255977,-2.255977,1.744023,noise,none,0.000000,7,293.788356,292.884871,0.490000,292.394871
709,-1.450540,-0.665928,-2.665928,1.334072,noise,none,0.000000,7,293.788356,283.634573,0.490000,283.144573
710,-1.706473,-1.141520,-3.141520,0.858480,informed,none,0.000000,7,293.788356,281.843043,0.490000,281.353043
711,-0.427597,-2.510080,-4.510080,-0.510080,noise,buy_from_mm,-0.510080,6,293.278276,290.712693,0.360000,290.352693
712,-0.723056,-0.545966,-2.545966,1.454034,noise,none,0.000000,6,293.278276,288.939938,0.360000,288.579938
713,-2.098396,-4.056697,-6.056697,-2.056697,informed,none,0.000000,6,293.278276,280.687897,0.360000,280.327897
714,-0.697563,0.295751,-1.704249,2.295751,noise,none,0.000000,6,293.278276,289.092899,0.360000,288.732899
715,-0.941744,-0.631645,-2.631645,1.368355,informed,none,0.000000,6,293.278276,287.627814,0.360000,287.267814
716,-1.752688,-0.848747,-2.848747,1.151253,informed,none,0.000000,6,293.278276,282.762146,0.360000,282.402146
717,-0.473945,-0.552984,-2.552984,1.447016,informed,none,0.000000,6,293.278276,290.434605,0.360000,290.074605
718,0.408822,0.248038,-1.751962,2.248038,informed,none,0.000000,6,293.278276,295.731207,0.360000,295.371207
719,-0.344692,1.794626,-0.205374,3.794626,informed,sell_to_mm,-0.205374,7,293.483650,291.070805,0.490000,290.580805
720,-0.329549,-0.366791,-2.366791,1.633209,informed,none,0.000000,7,293.483650,291.176810,0.490000,290.686810
721,-1.604075,-1.850854,-3.850854,0.149146,noise,none,0.000000,7,293.483650,282.255126,0.490000,281.765126
722,-2.091701,-3.137089,-5.137089,-1.137089,noise,none,0.000000,7,293.483650,278.841745,0.490000,278.351745
723,-0.338213,-1.042597,-3.042597,0.957403,informed,none,0.000000,7,293.483650,291.116157,0.490000,290.626157
724,-0.674627,-0.942796,-2.942796,1.057204,informed,none,0.000000,7,293.483650,288.761262,0.490000,288.271262
725,-1.438823,-0.656585,-2.656585,1.343415,informed,none,0.000000,7,293.483650,283.411888,0.490000,282.921888
726,-1.731148,-0.981213,-2.981213,1.018787,noise,none,0.000000,7,293.483650,281.365611,0.490000,280.875611
727,-0.496109,0.045010,-1.954990,2.045010,noise,none,0.000000,7,293.483650,290.010884,0.490000,289.520884
728,-0.688980,-0.478632,-2.478632,1.521368,informed,none,0.000000,7,293.483650,288.660793,0.490000,288.170793
729,-1.214825,-1.666886,-3.666886,0.333114,noise,buy_from_mm,0.333114,6,293.816764,286.527811,0.360000,286.167811
730,-2.309000,-2.838359,-4.838359,-0.838359,noise,none,0.000000,6,293.816764,279.962764,0.360000,279.602764
731,-2.311565,-2.126967,-4.126967,-0.126967,informed,none,0.000000,6,293.816764,279.947373,0.360000,279.587373
732,-1.836794,-2.745713,-4.745713,-0.745713,noise,none,0.000000,6,293.816764,282.796002,0.360000,282.436002
733,-1.357193,-0.157460,-2.157460,1.842540,noise,sell_to_mm,-2.157460,7,295.974224,286.473871,0.490000,285.983871
734,-1.012636,-1.061686,-3.061686,0.938314,informed,none,0.000000,7,295.974224,288.885772,0.490000,288.395772
735,-1.474735,-0.344172,-2.344172,1.655828,noise,none,0.000000,7,295.974224,285.651077,0.490000,285.161077
736,-0.985483,-2.081464,-4.081464,-0.081464,noise,buy_from_mm,-0.081464,6,295.892759,289.979861,0.360000,289.619861
737,-1.526467,-2.312107,-4.312107,-0.312107,noise,none,0.000000,6,295.892759,286.733958,0.360000,286.373958
738,-0.166592,-1.322315,-3.322315,0.677685,informed,none,0.000000,6,295.892759,294.893205,0.360000,294.533205
739,-2.241912,-2.331993,-4.331993,-0.331993,noise,buy_from_mm,-0.331993,5,295.560766,284.351205,0.250000,284.101205
740,-2.916712,-3.592828,-5.592828,-1.592828,noise,none,0.000000,5,295.560766,280.977208,0.250000,280.727208
741,-4.192727,-2.482379,-4.482379,-0.482379,noise,none,0.000000,5,295.560766,274.597131,0.250000,274.347131
742,-5.116429,-5.247639,-7.247639,-3.247639,noise,none,0.000000,5,295.560766,269.978623,0.250000,269.728623
743,-6.198099,-7.414129,-9.414129,-5.414129,noise,sell_to_mm,-9.414129,6,304.974895,267.786301,0.360000,267.426301
744,-5.057272,-5.278271,-7.278271,-3.278271,informed,none,0.000000,6,304.974895,274.631262,0.360000,274.271262
745,-4.518989,-4.828354,-6.828354,-2.828354,noise,none,0.000000,6,304.974895,277.860961,0.360000,277.500961
746,-4.420922,-4.728936,-6.728936,-2.728936,noise,sell_to_mm,-6.728936,7,311.703831,280.757379,0.490000,280.267379
747,-3.726316,-5.614464,-7.614464,-3.614464,informed,none,0.000000,7,311.703831,285.619615,0.490000,285.129615
748,-2.424338,-2.085013,-4.085013,-0.085013,informed,none,0.000000,7,311.703831,294.733464,0.490000,294.243464
749,-2.243253,-3.233197,-5.233197,-1.233197,noise,none,0.000000,7,311.703831,296.001059,0.490000,295.511059
750,-1.147976,-0.491742,-2.491742,1.508258,informed,none,0.000000,7,311.703831,303.668002,0.490000,303.178002
751,-2.029199,-1.697071,-3.697071,0.302929,noise,sell_to_mm,-3.697071,8,315.400902,299.167307,0.640000,298.527307
752,-0.861760,-1.341139,-3.341139,0.658861,noise,sell_to_mm,-3.341139,9,318.742041,310.986201,0.810000,310.176201
753,-1.985361,-3.954530,-5.954530,-1.954530,noise,none,0.000000,9,318.742041,300.873791,0.810000,300.063791
754,-1.942492,-2.873278,-4.873278,-0.873278,informed,none,0.000000,9,318.742041,301.259617,0.810000,300.449617
755,-0.573694,1.207337,-0.792663,3.207337,informed,none,0.000000,9,318.742041,313.578793,0.810000,312.768793
756,-1.242504,-1.727445,-3.727445,0.272555,noise,none,0.000000,9,318.742041,307.559507,0.810000,306.749507
757,-3.484208,-4.052823,-6.052823,-2.052823,noise,none,0.000000,9,318.742041,287.384172,0.810000,286.574172
758,-2.375281,-1.459132,-3.459132,0.540868,noise,none,0.000000,9,318.742041,297.364513,0.810000,296.554513
759,-1.451901,-0.603115,-2.603115,1.396885,noise,none,0.000000,9,318.742041,305.674931,0.810000,304.864931
760,-0.354855,-0.842296,-2.842296,1.157704,informed,none,0.000000,9,318.742041,315.548346,0.810000,314.738346
761,-1.022640,-3.276151,-5.276151,-1.276151,informed,buy_from_mm,-1.276151,8,317.465890,309.284773,0.640000,308.644773
762,-1.114664,-0.246061,-2.246061,1.753939,noise,none,0.000000,8,317.465890,308.548574,0.640000,307.908574
763,-3.485689,-5.640434,-7.640434,-3.640434,noise,none,0.000000,8,317.465890,289.580375,0.640000,288.940375
764,-3.824876,-2.917165,-4.917165,-0.917165,informed,none,0.000000,8,317.465890,286.866882,0.640000,286.226882
765,-3.229990,-3.654380,-5.654380,-1.654380,noise,none,0.000000,8,317.465890,291.625973,0.640000,290.985973
766,-5.142012,-4.253724,-6.253724,-2.253724,informed,none,0.000000,8,317.465890,276.329791,0.640000,275.689791
767,-5.728884,-5.092875,-7.092875,-3.092875,noise,none,0.000000,8,317.465890,271.634820,0.640000,270.994820
768,-5.430544,-5.874090,-7.874090,-3.874090,noise,sell_to_mm,-7.874090,9,325.339979,276.465085,0.810000,275.655085
769,-5.601989,-6.117503,-8.117503,-4.117503,noise,none,0.000000,9,325.339979,274.922078,0.810000,274.112078
770,-6.989475,-7.701718,-9.701718,-5.701718,informed,none,0.000000,9,325.339979,262.434702,0.810000,261.624702
771,-5.786658,-5.295599,-7.295599,-3.295599,noise,none,0.000000,9,325.339979,273.260059,0.810000,272.450059
772,-6.931923,-6.736120,-8.736120,-4.736120,noise,buy_from_mm,-4.736120,8,320.603860,265.148474,0.640000,264.508474
773,-8.736907,-10.213781,-12.213781,-8.213781,noise,none,0.000000,8,320.603860,250.708600,0.640000,250.068600
774,-8.278963,-8.529928,-10.529928,-6.529928,noise,sell_to_mm,-10.529928,9,331.133787,256.623123,0.810000,255.813123
775,-7.327883,-6.459234,-8.459234,-4.459234,informed,none,0.000000,9,331.133787,265.182838,0.810000,264.372838
776,-5.942035,-6.240434,-8.240434,-4.240434,noise,none,0.000000,9,331.133787,277.655474,0.810000,276.845474
777,-5.353245,-6.009834,-8.009834,-4.009834,noise,buy_from_mm,-4.009834,8,327.123954,284.297992,0.640000,283.657992
778,-6.899921,-5.742087,-7.742087,-3.742087,noise,none,0.000000,8,327.123954,271.924590,0.640000,271.284590
779,-5.757475,-5.346143,-7.346143,-3.346143,noise,none,0.000000,8,327.123954,281.064151,0.640000,280.424151
780,-6.864897,-8.366336,-10.366336,-6.366336,informed,none,0.000000,8,327.123954,272.204780,0.640000,271.564780
781,-9.006339,-8.660855,-10.660855,-6.660855,noise,sell_to_mm,-10.660855,9,337.784809,256.727757,0.810000,255.917757
782,-10.120682,-10.280852,-12.280852,-8.280852,noise,none,0.000000,9,337.784809,246.698666,0.810000,245.888666
783,-10.150730,-9.999540,-11.999540,-7.999540,noise,none,0.000000,9,337.784809,246.428235,0.810000,245.618235
784,-9.706544,-10.848351,-12.848351,-8.848351,noise,sell_to_mm,-12.848351,10,350.633160,253.567721,1.000000,252.567721
785,-8.383610,-8.332603,-10.332603,-6.332603,noise,sell_to_mm,-10.332603,11,360.965763,268.746055,1.210000,267.536055
786,-6.530839,-7.449114,-9.449114,-5.449114,informed,none,0.000000,11,360.965763,289.126534,1.210000,287.916534
787,-6.276769,-6.890021,-8.890021,-4.890021,noise,buy_from_mm,-4.890021,10,356.075743,293.308050,1.000000,292.308050
788,-6.601313,-6.224801,-8.224801,-4.224801,noise,sell_to_mm,-8.224801,11,364.300543,291.686106,1.210000,290.476106
789,-4.989105,-7.109737,-9.109737,-5.109737,noise,none,0.000000,11,364.300543,309.420392,1.210000,308.210392
790,-6.038670,-6.688018,-8.688018,-4.688018,noise,none,0.000000,11,364.300543,297.875177,1.210000,296.665177
791,-6.594457,-6.761691,-8.761691,-4.761691,noise,none,0.000000,11,364.300543,291.761511,1.210000,290.551511
792,-6.518122,-5.825184,-7.825184,-3.825184,noise,none,0.000000,11,364.300543,292.601196,1.210000,291.391196
793,-5.166488,-7.343239,-9.343239,-5.343239,noise,none,0.000000,11,364.300543,307.469181,1.210000,306.259181
794,-6.647702,-5.726533,-7.726533,-3.726533,noise,none,0.000000,11,364.300543,291.175824,1.210000,289.965824
795,-4.824518,-7.091961,-9.091961,-5.091961,noise,none,0.000000,11,364.300543,311.230846,1.210000,310.020846
796,-5.511601,-4.472031,-6.472031,-2.472031,informed,none,0.000000,11,364.300543,303.672927,1.210000,302.462927
797,-6.809551,-8.679503,-10.679503,-6.679503,noise,none,0.000000,11,364.300543,289.395487,1.210000,288.185487
798,-8.746480,-10.020290,-12.020290,-8.020290,noise,buy_from_mm,-8.020290,10,356.280253,268.815455,1.000000,267.815455
799,-8.976182,-8.827359,-10.827359,-6.827359,informed,none,0.000000,10,356.280253,266.518434,1.000000,265.518434
800,-8.551384,-9.192539,-11.192539,-7.192539,noise,none,0.000000,10,356.280253,270.766417,1.000000,269.766417
801,-9.182374,-6.346353,-8.346353,-4.346353,noise,none,0.000000,10,356.280253,264.456515,1.000000,263.456515
802,-10.725095,-9.735007,-11.735007,-7.735007,informed,none,0.000000,10,356.280253,249.029302,1.000000,248.029302
803,-10.236869,-9.519933,-11.519933,-7.519933,noise,none,0.000000,10,356.280253,253.911566,1.000000,252.911566
804,-11.026645,-13.198038,-15.198038,-11.198038,noise,buy_from_mm,-11.198038,9,345.082215,245.842409,0.810000,245.032409
805,-11.176843,-12.462361,-14.462361,-10.462361,informed,none,0.000000,9,345.082215,244.490631,0.810000,243.680631
806,-10.521036,-10.834089,-12.834089,-8.834089,informed,none,0.000000,9,345.082215,250.392892,0.810000,249.582892
807,-9.042405,-10.578405,-12.578405,-8.578405,informed,none,0.000000,9,345.082215,263.700573,0.810000,262.890573
808,-8.631493,-8.733595,-10.733595,-6.733595,noise,none,0.000000,9,345.082215,267.398775,0.810000,266.588775
809,-9.461697,-9.493040,-11.493040,-7.493040,noise,none,0.000000,9,345.082215,259.926946,0.810000,259.116946
810,-8.701621,-7.538243,-9.538243,-5.538243,noise,sell_to_mm,-9.538243,10,354.620458,267.604249,1.000000,266.604249
811,-8.762433,-9.615663,-11.615663,-7.615663,informed,none,0.000000,10,354.620458,266.996125,1.000000,265.996125
812,-9.089704,-9.638416,-11.638416,-7.638416,noise,none,0.000000,10,354.620458,263.723421,1.000000,262.723421
813,-10.728007,-11.851792,-13.851792,-9.851792,noise,none,0.000000,10,354.620458,247.340383,1.000000,246.340383
814,-10.894861,-9.822358,-11.822358,-7.822358,noise,sell_to_mm,-11.822358,11,366.442816,246.599341,1.210000,245.389341
815,-9.718664,-9.133724,-11.133724,-7.133724,noise,none,0.000000,11,366.442816,259.537508,1.210000,258.327508
816,-9.631003,-10.681910,-12.681910,-8.681910,informed,none,0.000000,11,366.442816,260.501785,1.210000,259.291785
817,-10.908655,-11.703017,-13.703017,-9.703017,noise,none,0.000000,11,366.442816,246.447614,1.210000,245.237614
818,-11.798728,-11.954079,-13.954079,-9.954079,noise,none,0.000000,11,366.442816,236.656806,1.210000,235.446806
819,-11.712626,-10.639809,-12.639809,-8.639809,noise,sell_to_mm,-12.639809,12,379.082625,238.531118,1.440000,237.091118
820,-12.466413,-11.263566,-13.263566,-9.263566,noise,none,0.000000,12,379.082625,229.485664,1.440000,228.045664
821,-14.377087,-13.393463,-15.393463,-11.393463,noise,sell_to_mm,-15.393463,13,394.476088,207.573963,1.690000,205.883963
822,-13.041461,-13.987246,-15.987246,-11.987246,informed,none,0.000000,13,394.476088,224.937100,1.690000,223.247100
823,-12.940089,-13.750368,-15.750368,-11.750368,noise,none,0.000000,13,394.476088,226.254930,1.690000,224.564930
824,-14.381135,-14.302337,-16.302337,-12.302337,informed,none,0.000000,13,394.476088,207.521339,1.690000,205.831339
825,-13.779560,-13.606008,-15.606008,-11.606008,informed,none,0.000000,13,394.476088,215.341804,1.690000,213.651804
826,-12.972386,-10.732102,-12.732102,-8.732102,noise,none,0.000000,13,394.476088,225.835074,1.690000,224.145074
827,-12.037678,-12.832054,-14.832054,-10.832054,noise,sell_to_mm,-14.832054,14,409.308142,240.780649,1.960000,238.820649
828,-13.108704,-13.280657,-15.280657,-11.280657,informed,none,0.000000,14,409.308142,225.786289,1.960000,223.826289
829,-11.197030,-11.319135,-13.319135,-9.319135,informed,none,0.000000,14,409.308142,252.549727,1.960000,250.589727
830,-11.917436,-12.086586,-14.086586,-10.086586,informed,none,0.000000,14,409.308142,242.464041,1.960000,240.504041
831,-11.651206,-12.898152,-14.898152,-10.898152,noise,none,0.000000,14,409.308142,246.191252,1.960000,244.231252
832,-10.747419,-11.378805,-13.378805,-9.378805,noise,none,0.000000,14,409.308142,258.844279,1.960000,256.884279
833,-10.860053,-11.946790,-13.946790,-9.946790,informed,none,0.000000,14,409.308142,257.267395,1.960000,255.307395
834,-11.763459,-11.479778,-13.479778,-9.479778,informed,none,0.000000,14,409.308142,244.619714,1.960000,242.659714
835,-11.860065,-12.540460,-14.540460,-10.540460,informed,none,0.000000,14,409.308142,243.267230,1.960000,241.307230
836,-12.339012,-11.646509,-13.646509,-9.646509,noise,none,0.000000,14,409.308142,236.561974,1.960000,234.601974
837,-10.874632,-10.889531,-12.889531,-8.889531,noise,none,0.000000,14,409.308142,257.063296,1.960000,255.103296
838,-12.678319,-13.075927,-15.075927,-11.075927,informed,none,0.000000,14,409.308142,231.811677,1.960000,229.851677
839,-10.793159,-10.139224,-12.139224,-8.139224,noise,none,0.000000,14,409.308142,258.203915,1.960000,256.243915
840,-11.072348,-12.903795,-14.903795,-10.903795,noise,none,0.000000,14,409.308142,254.295263,1.960000,252.335263
841,-9.693536,-9.453174,-11.453174,-7.453174,noise,none,0.000000,14,409.308142,273.598637,1.960000,271.638637
842,-9.345291,-9.997778,-11.997778,-7.997778,noise,buy_from_mm,-7.997778,13,401.310365,279.821578,1.690000,278.131578
843,-9.394368,-8.234260,-10.234260,-6.234260,noise,none,0.000000,13,401.310365,279.183579,1.690000,277.493579
844,-7.449613,-7.856055,-9.856055,-5.856055,noise,sell_to_mm,-9.856055,14,411.166420,306.871844,1.960000,304.911844
845,-6.018719,-6.180774,-8.180774,-4.180774,informed,none,0.000000,14,411.166420,326.904349,1.960000,324.944349
846,-4.982321,-3.826175,-5.826175,-1.826175,noise,buy_from_mm,-1.826175,13,409.340244,344.570075,1.690000,342.880075
847,-4.894294,-4.728818,-6.728818,-2.728818,informed,none,0.000000,13,409.340244,345.714417,1.690000,344.024417
848,-5.956338,-5.788309,-7.788309,-3.788309,noise,buy_from_mm,-3.788309,12,405.551935,334.075874,1.440000,332.635874
849,-5.937597,-7.400454,-9.400454,-5.400454,noise,none,0.000000,12,405.551935,334.300775,1.440000,332.860775
850,-5.002777,-5.842614,-7.842614,-3.842614,informed,none,0.000000,12,405.551935,345.518605,1.440000,344.078605
851,-4.748897,-2.827547,-4.827547,-0.827547,informed,none,0.000000,12,405.551935,348.565172,1.440000,347.125172
852,-4.579166,-4.953289,-6.953289,-2.953289,informed,none,0.000000,12,405.551935,350.601943,1.440000,349.161943
853,-5.064338,-5.192438,-7.192438,-3.192438,informed,none,0.000000,12,405.551935,344.779875,1.440000,343.339875
854,-6.184311,-8.007897,-10.007897,-6.007897,noise,none,0.000000,12,405.551935,331.340198,1.440000,329.900198
855,-6.162355,-5.884688,-7.884688,-3.884688,informed,none,0.000000,12,405.551935,331.603670,1.440000,330.163670
856,-4.263824,-5.720597,-7.720597,-3.720597,noise,none,0.000000,12,405.551935,354.386048,1.440000,352.946048
857,-4.423360,-3.322877,-5.322877,-1.322877,noise,buy_from_mm,-1.322877,11,404.229059,355.572100,1.210000,354.362100
858,-4.863183,-3.652629,-5.652629,-1.652629,informed,none,0.000000,11,404.229059,350.734048,1.210000,349.524048
859,-3.439030,-5.080455,-7.080455,-3.080455,noise,none,0.000000,11,404.229059,366.399728,1.210000,365.189728
860,-1.383925,-1.907935,-3.907935,0.092065,informed,none,0.000000,11,404.229059,389.005887,1.210000,387.795887
861,-1.498799,-1.640547,-3.640547,0.359453,noise,buy_from_mm,0.359453,10,404.588511,389.600522,1.000000,388.600522
862,-0.539826,-1.761613,-3.761613,0.238387,informed,none,0.000000,10,404.588511,399.190250,1.000000,398.190250
863,-1.139728,-2.803795,-4.803795,-0.803795,noise,none,0.000000,10,404.588511,393.191236,1.000000,392.191236
864,-1.055957,-1.150396,-3.150396,0.849604,noise,sell_to_mm,-3.150396,11,407.738908,396.123386,1.210000,394.913386
865,-1.123338,-0.868940,-2.868940,1.131060,informed,none,0.000000,11,407.738908,395.382191,1.210000,394.172191
866,-0.879619,-1.967363,-3.967363,0.032637,noise,none,0.000000,11,407.738908,398.063104,1.210000,396.853104
867,-0.894298,-1.407733,-3.407733,0.592267,noise,none,0.000000,11,407.738908,397.901630,1.210000,396.691630
868,-2.141153,-3.488660,-5.488660,-1.488660,noise,sell_to_mm,-5.488660,12,413.227568,387.533728,1.440000,386.093728
869,-3.319849,-5.422791,-7.422791,-3.422791,informed,buy_from_mm,-3.422791,11,409.804777,373.286434,1.210000,372.076434
870,-3.884099,-3.375082,-5.375082,-1.375082,noise,none,0.000000,11,409.804777,367.079690,1.210000,365.869690
871,-2.956924,-2.846825,-4.846825,-0.846825,noise,sell_to_mm,-4.846825,12,414.651603,379.168513,1.440000,377.728513
872,-1.780036,-1.249893,-3.249893,0.750107,informed,none,0.000000,12,414.651603,393.291173,1.440000,391.851173
873,-0.707087,-1.119119,-3.119119,0.880881,informed,none,0.000000,12,414.651603,406.166555,1.440000,404.726555
874,-0.472379,-1.900173,-3.900173,0.099827,noise,sell_to_mm,-3.900173,13,418.551775,412.410846,1.690000,410.720846
875,-0.996991,-0.821985,-2.821985,1.178015,informed,none,0.000000,13,418.551775,405.590897,1.690000,403.900897
876,-0.446852,-1.350725,-3.350725,0.649275,noise,sell_to_mm,-3.350725,14,421.902501,415.646571,1.960000,413.686571
877,0.157209,0.167905,-1.832095,2.167905,noise,none,0.000000,14,421.902501,424.103425,1.960000,422.143425
878,-1.069159,-2.753688,-4.753688,-0.753688,noise,sell_to_mm,-4.753688,15,426.656188,410.618807,2.250000,408.368807
879,-4.505916,-4.956841,-6.956841,-2.956841,noise,none,0.000000,15,426.656188,359.067448,2.250000,356.817448
880,-4.881537,-4.808501,-6.808501,-2.808501,noise,none,0.000000,15,426.656188,353.433132,2.250000,351.183132
881,-4.037355,-4.771378,-6.771378,-2.771378,noise,none,0.000000,15,426.656188,366.095858,2.250000,363.845858
882,-5.115823,-3.910884,-5.910884,-1.910884,noise,sell_to_mm,-5.910884,16,432.567072,350.713905,2.560000,348.153905
883,-4.477024,-3.272829,-5.272829,-1.272829,informed,none,0.000000,16,432.567072,360.934684,2.560000,358.374684
884,-6.033119,-7.199682,-9.199682,-5.199682,noise,none,0.000000,16,432.567072,336.037171,2.560000,333.477171
885,-7.875379,-6.779903,-8.779903,-4.779903,noise,none,0.000000,16,432.567072,306.561002,2.560000,304.001002
886,-8.525153,-9.930878,-11.930878,-7.930878,informed,none,0.000000,16,432.567072,296.164621,2.560000,293.604621
887,-7.514935,-5.267779,-7.267779,-3.267779,informed,sell_to_mm,-7.267779,17,439.834851,312.080950,2.890000,309.190950
888,-9.331659,-9.960114,-11.960114,-7.960114,noise,buy_from_mm,-7.960114,16,431.874737,282.568185,2.560000,280.008185
889,-10.276954,-10.056198,-12.056198,-8.056198,informed,none,0.000000,16,431.874737,267.443481,2.560000,264.883481
890,-9.510346,-10.410428,-12.410428,-8.410428,informed,none,0.000000,16,431.874737,279.709199,2.560000,277.149199
891,-9.094791,-9.666183,-11.666183,-7.666183,informed,none,0.000000,16,431.874737,286.358087,2.560000,283.798087
892,-9.495100,-9.147864,-11.147864,-7.147864,noise,buy_from_mm,-7.147864,15,424.726873,282.300380,2.250000,280.050380
893,-9.025157,-6.957370,-8.957370,-4.957370,noise,none,0.000000,15,424.726873,289.349519,2.250000,287.099519
894,-8.448626,-7.001219,-9.001219,-5.001219,noise,none,0.000000,15,424.726873,297.997476,2.250000,295.747476
895,-7.112982,-6.948015,-8.948015,-4.948015,noise,none,0.000000,15,424.726873,318.032138,2.250000,315.782138
896,-7.818993,-9.411858,-11.411858,-7.411858,noise,none,0.000000,15,424.726873,307.441980,2.250000,305.191980
897,-9.508241,-8.862601,-10.862601,-6.862601,informed,none,0.000000,15,424.726873,282.103253,2.250000,279.853253
898,-10.447045,-9.547292,-11.547292,-7.547292,noise,none,0.000000,15,424.726873,268.021197,2.250000,265.771197
899,-10.672732,-9.414023,-11.414023,-7.414023,informed,none,0.000000,15,424.726873,264.635898,2.250000,262.385898
900,-9.250567,-7.517420,-9.517420,-5.517420,noise,sell_to_mm,-9.517420,16,434.244293,286.235224,2.560000,283.675224
901,-8.991056,-8.860529,-10.860529,-6.860529,informed,none,0.000000,16,434.244293,290.387399,2.560000,287.827399
902,-7.810546,-8.108011,-10.108011,-6.108011,noise,none,0.000000,16,434.244293,309.275556,2.560000,306.715556
903,-6.861938,-6.132032,-8.132032,-4.132032,noise,none,0.000000,16,434.244293,324.453284,2.560000,321.893284
904,-8.476404,-8.700215,-10.700215,-6.700215,noise,none,0.000000,16,434.244293,298.621824,2.560000,296.061824
905,-7.367295,-7.960766,-9.960766,-5.960766,informed,none,0.000000,16,434.244293,316.367575,2.560000,313.807575
906,-8.508811,-8.335749,-10.335749,-6.335749,noise,none,0.000000,16,434.244293,298.103317,2.560000,295.543317
907,-8.166422,-8.969550,-10.969550,-6.969550,noise,none,0.000000,16,434.244293,303.581547,2.560000,301.021547
908,-8.306122,-9.094221,-11.094221,-7.094221,informed,none,0.000000,16,434.244293,301.346338,2.560000,298.786338
909,-7.183850,-7.336410,-9.336410,-5.336410,noise,buy_from_mm,-5.336410,15,428.907883,321.150132,2.250000,318.900132
910,-7.839654,-7.354869,-9.354869,-5.354869,noise,sell_to_mm,-9.354869,16,438.262752,312.828283,2.560000,310.268283
911,-7.680573,-7.223395,-9.223395,-5.223395,noise,none,0.000000,16,438.262752,315.373583,2.560000,312.813583
912,-5.963696,-5.528424,-7.528424,-3.528424,informed,none,0.000000,16,438.262752,342.843610,2.560000,340.283610
913,-7.134902,-5.830068,-7.830068,-3.830068,informed,none,0.000000,16,438.262752,324.104326,2.560000,321.544326
914,-5.110236,-2.999250,-4.999250,-0.999250,noise,none,0.000000,16,438.262752,356.498975,2.560000,353.938975
915,-4.789132,-6.870193,-8.870193,-4.870193,informed,buy_from_mm,-4.870193,15,433.392559,361.555584,2.250000,359.305584
916,-5.092078,-5.793008,-7.793008,-3.793008,noise,buy_from_mm,-3.793008,14,429.599551,358.310458,1.960000,356.350458
917,-5.759155,-6.177765,-8.177765,-4.177765,noise,sell_to_mm,-8.177765,15,437.777315,351.389993,2.250000,349.139993
918,-5.983059,-6.418061,-8.418061,-4.418061,informed,none,0.000000,15,437.777315,348.031431,2.250000,345.781431
919,-5.749586,-4.482164,-6.482164,-2.482164,informed,none,0.000000,15,437.777315,351.533530,2.250000,349.283530
920,-5.390865,-6.499603,-8.499603,-4.499603,informed,none,0.000000,15,437.777315,356.914339,2.250000,354.664339
921,-6.595203,-6.434112,-8.434112,-4.434112,noise,none,0.000000,15,437.777315,338.849265,2.250000,336.599265
922,-6.137955,-6.262415,-8.262415,-4.262415,noise,none,0.000000,15,437.777315,345.707996,2.250000,343.457996
923,-7.490365,-6.574637,-8.574637,-4.574637,informed,none,0.000000,15,437.777315,325.421836,2.250000,323.171836
924,-7.614640,-7.753015,-9.753015,-5.753015,noise,none,0.000000,15,437.777315,323.557721,2.250000,321.307721
925,-7.925719,-7.565571,-9.565571,-5.565571,noise,none,0.000000,15,437.777315,318.891527,2.250000,316.641527
926,-7.582505,-6.365006,-8.365006,-4.365006,noise,buy_from_mm,-4.365006,14,433.412309,327.257246,1.960000,325.297246
927,-7.266153,-6.974805,-8.974805,-4.974805,informed,none,0.000000,14,433.412309,331.686171,1.960000,329.726171
928,-8.404040,-8.560727,-10.560727,-6.560727,noise,buy_from_mm,-6.560727,13,426.851582,317.599059,1.690000,315.909059
929,-8.799754,-7.046980,-9.046980,-5.046980,noise,none,0.000000,13,426.851582,312.454777,1.690000,310.764777
930,-7.922374,-7.661199,-9.661199,-5.661199,noise,sell_to_mm,-9.661199,14,436.512781,325.599545,1.960000,323.639545
931,-7.125861,-7.079767,-9.079767,-5.079767,noise,none,0.000000,14,436.512781,336.750724,1.960000,334.790724
932,-8.847972,-8.304902,-10.304902,-6.304902,informed,none,0.000000,14,436.512781,312.641174,1.960000,310.681174
933,-7.177889,-7.088969,-9.088969,-5.088969,informed,none,0.000000,14,436.512781,336.022339,1.960000,334.062339
934,-7.258729,-7.991216,-9.991216,-5.991216,noise,sell_to_mm,-9.991216,15,446.503997,337.623062,2.250000,335.373062
935,-6.713803,-6.812395,-8.812395,-4.812395,noise,none,0.000000,15,446.503997,345.796957,2.250000,343.546957
936,-7.102106,-7.518511,-9.518511,-5.518511,informed,none,0.000000,15,446.503997,339.972408,2.250000,337.722408
937,-6.755615,-6.354332,-8.354332,-4.354332,informed,none,0.000000,15,446.503997,345.169770,2.250000,342.919770
938,-6.336207,-5.624849,-7.624849,-3.624849,noise,sell_to_mm,-7.624849,16,454.128846,352.749534,2.560000,350.189534
939,-4.695531,-3.976254,-5.976254,-1.976254,noise,none,0.000000,16,454.128846,379.000354,2.560000,376.440354
940,-5.393079,-5.536729,-7.536729,-3.536729,noise,sell_to_mm,-7.536729,17,461.665575,369.983230,2.890000,367.093230
941,-5.870808,-5.625511,-7.625511,-3.625511,noise,none,0.000000,17,461.665575,361.861832,2.890000,358.971832
942,-5.208302,-4.760171,-6.760171,-2.760171,noise,sell_to_mm,-6.760171,18,468.425746,374.676307,3.240000,371.436307
943,-5.016939,-5.600028,-7.600028,-3.600028,informed,none,0.000000,18,468.425746,378.120841,3.240000,374.880841
944,-7.255774,-7.967510,-9.967510,-5.967510,noise,buy_from_mm,-5.967510,17,462.458236,339.110082,2.890000,336.220082
945,-6.717606,-5.853749,-7.853749,-3.853749,informed,none,0.000000,17,462.458236,348.258935,2.890000,345.368935
946,-5.503952,-5.251168,-7.251168,-3.251168,informed,none,0.000000,17,462.458236,368.891056,2.890000,366.001056
947,-4.165947,-6.373913,-8.373913,-4.373913,informed,buy_from_mm,-4.373913,16,458.084323,391.429172,2.560000,388.869172
948,-3.372787,-2.576143,-4.576143,-0.576143,noise,none,0.000000,16,458.084323,404.119735,2.560000,401.559735
949,-3.697179,-4.310847,-6.310847,-2.310847,informed,none,0.000000,16,458.084323,398.929455,2.560000,396.369455
950,-3.779009,-4.443015,-6.443015,-2.443015,informed,none,0.000000,16,458.084323,397.620178,2.560000,395.060178
951,-3.982350,-5.685792,-7.685792,-3.685792,noise,sell_to_mm,-7.685792,17,465.770116,398.070159,2.890000,395.180159
952,-3.826954,-2.278482,-4.278482,-0.278482,noise,none,0.000000,17,465.770116,400.711891,2.890000,397.821891
953,-5.036222,-6.157745,-8.157745,-4.157745,noise,none,0.000000,17,465.770116,380.154337,2.890000,377.264337
954,-5.145815,-5.108227,-7.108227,-3.108227,informed,none,0.000000,17,465.770116,378.291266,2.890000,375.401266
955,-5.262983,-5.471215,-7.471215,-3.471215,noise,none,0.000000,17,465.770116,376.299412,2.890000,373.409412
956,-6.328417,-7.990676,-9.990676,-5.990676,noise,buy_from_mm,-5.990676,16,459.779440,358.524773,2.560000,355.964773
957,-7.525982,-7.947015,-9.947015,-5.947015,noise,none,0.000000,16,459.779440,339.363721,2.560000,336.803721
958,-8.028767,-8.082274,-10.082274,-6.082274,noise,buy_from_mm,-6.082274,15,453.697166,333.265665,2.250000,331.015665
959,-8.463778,-9.613969,-11.613969,-7.613969,noise,none,0.000000,15,453.697166,326.740494,2.250000,324.490494
960,-9.254004,-9.648998,-11.648998,-7.648998,informed,none,0.000000,15,453.697166,314.887108,2.250000,312.637108
961,-7.526107,-6.405814,-8.405814,-4.405814,informed,none,0.000000,15,453.697166,340.805555,2.250000,338.555555
962,-7.193518,-6.658847,-8.658847,-4.658847,noise,none,0.000000,15,453.697166,345.794402,2.250000,343.544402
963,-7.261382,-8.461599,-10.461599,-6.461599,informed,none,0.000000,15,453.697166,344.776429,2.250000,342.526429
964,-6.903155,-5.390744,-7.390744,-3.390744,informed,none,0.000000,15,453.697166,350.149836,2.250000,347.899836
965,-7.268469,-9.281712,-11.281712,-7.281712,informed,buy_from_mm,-7.281712,14,446.415453,344.656882,1.960000,342.696882
966,-8.459747,-7.095973,-9.095973,-5.095973,noise,none,0.000000,14,446.415453,327.978995,1.960000,326.018995
967,-8.951445,-8.120438,-10.120438,-6.120438,noise,none,0.000000,14,446.415453,321.095226,1.960000,319.135226
968,-11.328269,-10.865527,-12.865527,-8.865527,informed,none,0.000000,14,446.415453,287.819681,1.960000,285.859681
969,-10.910490,-13.656480,-15.656480,-11.656480,noise,buy_from_mm,-11.656480,13,434.758973,292.922603,1.690000,291.232603
970,-11.102260,-9.134396,-11.134396,-7.134396,noise,none,0.000000,13,434.758973,290.429590,1.690000,288.739590
971,-12.518475,-13.662376,-15.662376,-11.662376,noise,none,0.000000,13,434.758973,272.018796,1.690000,270.328796
972,-12.954653,-11.715548,-13.715548,-9.715548,noise,buy_from_mm,-9.715548,12,425.043425,269.587585,1.440000,268.147585
973,-12.709177,-12.401791,-14.401791,-10.401791,informed,none,0.000000,12,425.043425,272.533295,1.440000,271.093295
974,-12.825211,-12.302649,-14.302649,-10.302649,informed,none,0.000000,12,425.043425,271.140892,1.440000,269.700892
975,-13.167292,-13.757677,-15.757677,-11.757677,noise,none,0.000000,12,425.043425,267.035927,1.440000,265.595927
976,-13.152576,-11.995946,-13.995946,-9.995946,noise,buy_from_mm,-9.995946,11,415.047479,270.369143,1.210000,269.159143
977,-13.514701,-14.636400,-16.636400,-12.636400,noise,none,0.000000,11,415.047479,266.385765,1.210000,265.175765
978,-14.387229,-13.685426,-15.685426,-11.685426,informed,none,0.000000,11,415.047479,256.787955,1.210000,255.577955
979,-14.860470,-16.621964,-18.621964,-14.621964,informed,none,0.000000,11,415.047479,251.582310,1.210000,250.372310
980,-16.216080,-16.476145,-18.476145,-14.476145,informed,none,0.000000,11,415.047479,236.670598,1.210000,235.460598
981,-15.727826,-16.885972,-18.885972,-14.885972,noise,sell_to_mm,-18.885972,12,433.933451,245.199541,1.440000,243.759541
982,-15.511839,-13.510526,-15.510526,-11.510526,noise,sell_to_mm,-15.510526,13,449.443977,247.790073,1.690000,246.100073
983,-16.073558,-15.732584,-17.732584,-13.732584,informed,none,0.000000,13,449.443977,240.487729,1.690000,238.797729
984,-16.528748,-17.901505,-19.901505,-15.901505,informed,none,0.000000,13,449.443977,234.570253,1.690000,232.880253
985,-15.949638,-15.912237,-17.912237,-13.912237,noise,none,0.000000,13,449.443977,242.098683,1.690000,240.408683
986,-14.226530,-15.190273,-17.190273,-13.190273,noise,buy_from_mm,-13.190273,12,436.253705,265.535339,1.440000,264.095339
987,-14.314507,-14.203031,-16.203031,-12.203031,informed,none,0.000000,12,436.253705,264.479627,1.440000,263.039627
988,-12.611853,-12.403466,-14.403466,-10.403466,noise,none,0.000000,12,436.253705,284.911472,1.440000,283.471472
989,-14.276048,-14.017201,-16.017201,-12.017201,informed,none,0.000000,12,436.253705,264.941126,1.440000,263.501126
990,-14.673247,-14.248989,-16.248989,-12.248989,noise,none,0.000000,12,436.253705,260.174739,1.440000,258.734739
991,-14.714263,-14.447770,-16.447770,-12.447770,informed,none,0.000000,12,436.253705,259.682545,1.440000,258.242545
992,-15.290859,-14.161138,-16.161138,-12.161138,noise,none,0.000000,12,436.253705,252.763401,1.440000,251.323401
993,-15.728430,-16.006527,-18.006527,-14.006527,informed,none,0.000000,12,436.253705,247.512539,1.440000,246.072539
994,-15.485715,-14.898500,-16.898500,-12.898500,noise,none,0.000000,12,436.253705,250.425126,1.440000,248.985126
995,-16.420918,-14.314895,-16.314895,-12.314895,informed,sell_to_mm,-16.314895,13,452.568600,239.096666,1.690000,237.406666
996,-14.236508,-14.307153,-16.307153,-12.307153,noise,none,0.000000,13,452.568600,267.493999,1.690000,265.803999
997,-12.892698,-13.693887,-15.693887,-11.693887,noise,none,0.000000,13,452.568600,284.963527,1.690000,283.273527
998,-12.085780,-12.199756,-14.199756,-10.199756,noise,sell_to_mm,-14.199756,14,466.768355,297.567433,1.960000,295.607433
999,-10.373078,-10.662749,-12.662749,-8.662749,noise,buy_from_mm,-8.662749,13,458.105606,323.255598,1.690000,321.565598
1000,-10.845748,-10.803499,-12.803499,-8.803499,noise,none,0.000000,13,458.105606,317.110882,1.690000,315.420882
1001,-11.474280,-10.702990,-12.702990,-8.702990,noise,none,0.000000,13,458.105606,308.939960,1.690000,307.249960
1002,-11.994527,-12.227296,-14.227296,-10.227296,informed,none,0.000000,13,458.105606,302.176752,1.690000,300.486752
1003,-11.964665,-13.376051,-15.376051,-11.376051,noise,none,0.000000,13,458.105606,302.564958,1.690000,300.874958
1004,-11.602881,-11.367014,-13.367014,-9.367014,noise,buy_from_mm,-9.367014,12,448.738593,309.504018,1.440000,308.064018
1005,-12.279170,-11.090411,-13.090411,-9.090411,noise,none,0.000000,12,448.738593,301.388550,1.440000,299.948550
1006,-12.148008,-12.774524,-14.774524,-10.774524,informed,none,0.000000,12,448.738593,302.962496,1.440000,301.522496
1007,-12.151738,-12.292081,-14.292081,-10.292081,informed,none,0.000000,12,448.738593,302.917732,1.440000,301.477732
1008,-13.120510,-13.162647,-15.162647,-11.162647,informed,none,0.000000,12,448.738593,291.292476,1.440000,289.852476
1009,-14.394516,-14.955364,-16.955364,-12.955364,noise,none,0.000000,12,448.738593,276.004396,1.440000,274.564396
1010,-12.488795,-13.592540,-15.592540,-11.592540,informed,none,0.000000,12,448.738593,298.873057,1.440000,297.433057
1011,-14.066291,-13.682930,-15.682930,-11.682930,informed,none,0.000000,12,448.738593,279.943103,1.440000,278.503103
1012,-13.567243,-13.229191,-15.229191,-11.229191,informed,none,0.000000,12,448.738593,285.931671,1.440000,284.491671
1013,-15.200243,-16.720357,-18.720357,-14.720357,noise,none,0.000000,12,448.738593,266.335680,1.440000,264.895680
1014,-14.440149,-15.731357,-17.731357,-13.731357,noise,buy_from_mm,-13.731357,11,435.007236,276.165597,1.210000,274.955597
1015,-15.234938,-15.771459,-17.771459,-13.771459,informed,none,0.000000,11,435.007236,267.422918,1.210000,266.212918
1016,-15.290252,-15.291038,-17.291038,-13.291038,informed,none,0.000000,11,435.007236,266.814466,1.210000,265.604466
1017,-15.447239,-14.868881,-16.868881,-12.868881,noise,none,0.000000,11,435.007236,265.087607,1.210000,263.877607
1018,-15.044352,-15.873990,-17.873990,-13.873990,noise,none,0.000000,11,435.007236,269.519368,1.210000,268.309368
1019,-13.830154,-13.554558,-15.554558,-11.554558,noise,none,0.000000,11,435.007236,282.875538,1.210000,281.665538
1020,-14.091692,-13.799841,-15.799841,-11.799841,noise,none,0.000000,11,435.007236,279.998626,1.210000,278.788626
1021,-14.443633,-15.351446,-17.351446,-13.351446,informed,none,0.000000,11,435.007236,276.127271,1.210000,274.917271
1022,-14.504153,-14.407088,-16.407088,-12.407088,informed,none,0.000000,11,435.007236,275.461549,1.210000,274.251549
1023,-14.386629,-14.129674,-16.129674,-12.129674,informed,none,0.000000,11,435.007236,276.754320,1.210000,275.544320
1024,-13.404970,-13.631348,-15.631348,-11.631348,informed,none,0.000000,11,435.007236,287.552566,1.210000,286.342566
1025,-13.199513,-12.176307,-14.176307,-10.176307,noise,none,0.000000,11,435.007236,289.812593,1.210000,288.602593
1026,-12.483382,-13.890871,-15.890871,-11.890871,noise,buy_from_mm,-11.890871,10,423.116365,298.282548,1.000000,297.282548
1027,-13.496841,-12.112866,-14.112866,-10.112866,noise,sell_to_mm,-14.112866,11,437.229231,288.763984,1.210000,287.553984
1028,-12.735178,-12.931539,-14.931539,-10.931539,informed,none,0.000000,11,437.229231,297.142269,1.210000,295.932269
1029,-13.195375,-14.788917,-16.788917,-12.788917,informed,none,0.000000,11,437.229231,292.080105,1.210000,290.870105
1030,-12.649769,-13.776575,-15.776575,-11.776575,noise,none,0.000000,11,437.229231,298.081770,1.210000,296.871770
1031,-14.327986,-16.237055,-18.237055,-14.237055,noise,none,0.000000,11,437.229231,279.621388,1.210000,278.411388
1032,-14.931217,-13.577894,-15.577894,-11.577894,informed,none,0.000000,11,437.229231,272.985844,1.210000,271.775844
1033,-14.179500,-14.029355,-16.029355,-12.029355,noise,buy_from_mm,-12.029355,10,425.199876,283.404873,1.000000,282.404873
1034,-14.579220,-17.250277,-19.250277,-15.250277,informed,buy_from_mm,-15.250277,9,409.949599,278.736620,0.810000,277.926620
1035,-15.536811,-16.989424,-18.989424,-14.989424,noise,none,0.000000,9,409.949599,270.118305,0.810000,269.308305
1036,-14.380606,-14.958196,-16.958196,-12.958196,noise,none,0.000000,9,409.949599,280.524148,0.810000,279.714148
1037,-14.813786,-13.969868,-15.969868,-11.969868,noise,buy_from_mm,-11.969868,8,397.979731,279.469441,0.640000,278.829441
1038,-15.005441,-12.331351,-14.331351,-10.331351,informed,sell_to_mm,-14.331351,9,412.311082,277.262115,0.810000,276.452115
1039,-13.550473,-14.200384,-16.200384,-12.200384,informed,none,0.000000,9,412.311082,290.356827,0.810000,289.546827
1040,-11.172626,-10.660830,-12.660830,-8.660830,informed,none,0.000000,9,412.311082,311.757451,0.810000,310.947451
1041,-9.419957,-9.382812,-11.382812,-7.382812,noise,none,0.000000,9,412.311082,327.531466,0.810000,326.721466
1042,-8.138429,-7.308720,-9.308720,-5.308720,informed,none,0.000000,9,412.311082,339.065225,0.810000,338.255225
1043,-7.328949,-7.092323,-9.092323,-5.092323,noise,none,0.000000,9,412.311082,346.350539,0.810000,345.540539
1044,-8.081317,-8.729100,-10.729100,-6.729100,informed,none,0.000000,9,412.311082,339.579226,0.810000,338.769226
1045,-8.442182,-7.951283,-9.951283,-5.951283,informed,none,0.000000,9,412.311082,336.331446,0.810000,335.521446
1046,-6.975971,-6.564555,-8.564555,-4.564555,noise,sell_to_mm,-8.564555,10,420.875637,351.115923,1.000000,350.115923
1047,-6.951090,-5.887505,-7.887505,-3.887505,noise,buy_from_mm,-3.887505,9,416.988132,354.428326,0.810000,353.618326
1048,-8.058023,-8.012850,-10.012850,-6.012850,informed,none,0.000000,9,416.988132,344.465925,0.810000,343.655925
1049,-7.754942,-9.564061,-11.564061,-7.564061,noise,buy_from_mm,-7.564061,8,409.424071,347.384533,0.640000,346.744533
1050,-9.017096,-7.154414,-9.154414,-5.154414,noise,sell_to_mm,-9.154414,9,418.578485,337.424619,0.810000,336.614619
1051,-9.935319,-9.631837,-11.631837,-7.631837,noise,none,0.000000,9,418.578485,329.160610,0.810000,328.350610
1052,-9.622445,-9.843778,-11.843778,-7.843778,informed,none,0.000000,9,418.578485,331.976482,0.810000,331.166482
1053,-9.608513,-9.945648,-11.945648,-7.945648,informed,none,0.000000,9,418.578485,332.101871,0.810000,331.291871
1054,-10.692944,-9.632797,-11.632797,-7.632797,informed,none,0.000000,9,418.578485,322.341992,0.810000,321.531992
1055,-10.253792,-10.935813,-12.935813,-8.935813,noise,sell_to_mm,-12.935813,10,431.514298,328.976376,1.000000,327.976376
1056,-9.905670,-10.370817,-12.370817,-8.370817,noise,none,0.000000,10,431.514298,332.457602,1.000000,331.457602
1057,-10.146210,-10.635734,-12.635734,-8.635734,informed,none,0.000000,10,431.514298,330.052201,1.000000,329.052201
1058,-10.495197,-9.693709,-11.693709,-7.693709,informed,none,0.000000,10,431.514298,326.562325,1.000000,325.562325
1059,-9.408987,-9.148028,-11.148028,-7.148028,informed,none,0.000000,10,431.514298,337.424433,1.000000,336.424433
1060,-9.046156,-11.418773,-13.418773,-9.418773,informed,buy_from_mm,-9.418773,9,422.095525,340.680122,0.810000,339.870122
1061,-8.287770,-7.614832,-9.614832,-5.614832,informed,none,0.000000,9,422.095525,347.505594,0.810000,346.695594
1062,-7.104820,-8.243578,-10.243578,-6.243578,noise,none,0.000000,9,422.095525,358.152141,0.810000,357.342141
1063,-6.649410,-5.716363,-7.716363,-3.716363,noise,none,0.000000,9,422.095525,362.250837,0.810000,361.440837
1064,-9.533121,-8.642403,-10.642403,-6.642403,informed,none,0.000000,9,422.095525,336.297436,0.810000,335.487436
1065,-11.147886,-10.407777,-12.407777,-8.407777,informed,none,0.000000,9,422.095525,321.764548,0.810000,320.954548
1066,-11.133421,-10.868014,-12.868014,-8.868014,noise,none,0.000000,9,422.095525,321.894738,0.810000,321.084738
1067,-11.206970,-11.897198,-13.897198,-9.897198,noise,buy_from_mm,-9.897198,8,412.198326,322.542563,0.640000,321.902563
1068,-11.308444,-10.737693,-12.737693,-8.737693,noise,none,0.000000,8,412.198326,321.730771,0.640000,321.090771
1069,-10.985865,-11.401478,-13.401478,-9.401478,informed,none,0.000000,8,412.198326,324.311405,0.640000,323.671405
1070,-9.648313,-9.802235,-11.802235,-7.802235,noise,none,0.000000,8,412.198326,335.011821,0.640000,334.371821
1071,-9.300456,-9.680550,-11.680550,-7.680550,informed,none,0.000000,8,412.198326,337.794680,0.640000,337.154680
1072,-8.450411,-9.364450,-11.364450,-7.364450,informed,none,0.000000,8,412.198326,344.595041,0.640000,343.955041
1073,-9.476067,-10.838880,-12.838880,-8.838880,noise,none,0.000000,8,412.198326,336.389790,0.640000,335.749790
1074,-7.750253,-9.082776,-11.082776,-7.082776,noise,sell_to_mm,-11.082776,9,423.281103,353.528824,0.810000,352.718824
1075,-6.440023,-6.775336,-8.775336,-4.775336,informed,none,0.000000,9,423.281103,365.320896,0.810000,364.510896
1076,-7.299048,-7.364425,-9.364425,-5.364425,informed,none,0.000000,9,423.281103,357.589666,0.810000,356.779666
1077,-8.001751,-7.001027,-9.001027,-5.001027,noise,none,0.000000,9,423.281103,351.265341,0.810000,350.455341
1078,-7.487304,-6.150144,-8.150144,-4.150144,informed,none,0.000000,9,423.281103,355.895363,0.810000,355.085363
1079,-6.863399,-7.495508,-9.495508,-5.495508,informed,none,0.000000,9,423.281103,361.510513,0.810000,360.700513
1080,-5.872110,-5.487311,-7.487311,-3.487311,informed,none,0.000000,9,423.281103,370.432115,0.810000,369.622115
1081,-5.749217,-5.603003,-7.603003,-3.603003,informed,none,0.000000,9,423.281103,371.538147,0.810000,370.728147
1082,-4.903177,-2.950446,-4.950446,-0.950446,noise,sell_to_mm,-4.950446,10,428.231549,379.199782,1.000000,378.199782
1083,-5.438532,-5.723130,-7.723130,-3.723130,informed,none,0.000000,10,428.231549,373.846234,1.000000,372.846234
1084,-7.230494,-6.906741,-8.906741,-4.906741,noise,none,0.000000,10,428.231549,355.926606,1.000000,354.926606
1085,-8.232221,-6.941417,-8.941417,-4.941417,informed,none,0.000000,10,428.231549,345.909344,1.000000,344.909344
1086,-6.980485,-8.685343,-10.685343,-6.685343,informed,none,0.000000,10,428.231549,358.426700,1.000000,357.426700
1087,-8.339282,-8.856428,-10.856428,-6.856428,informed,none,0.000000,10,428.231549,344.838727,1.000000,343.838727
1088,-7.782533,-8.751346,-10.751346,-6.751346,noise,sell_to_mm,-10.751346,11,438.982895,353.375034,1.210000,352.165034
1089,-5.785280,-5.981187,-7.981187,-3.981187,informed,none,0.000000,11,438.982895,375.344816,1.210000,374.134816
1090,-4.931778,-4.865400,-6.865400,-2.865400,noise,none,0.000000,11,438.982895,384.733339,1.210000,383.523339
1091,-4.549003,-3.177632,-5.177632,-1.177632,informed,none,0.000000,11,438.982895,388.943861,1.210000,387.733861
1092,-3.925793,-4.461543,-6.461543,-2.461543,noise,none,0.000000,11,438.982895,395.799172,1.210000,394.589172
1093,-1.986417,-0.831715,-2.831715,1.168285,noise,sell_to_mm,-2.831715,12,441.814610,417.977611,1.440000,416.537611
1094,-1.048276,-0.340050,-2.340050,1.659950,informed,none,0.000000,12,441.814610,429.235302,1.440000,427.795302
1095,-1.077149,-2.291427,-4.291427,-0.291427,noise,buy_from_mm,-0.291427,11,441.523183,429.674547,1.210000,428.464547
1096,-1.489739,0.031193,-1.968807,2.031193,noise,buy_from_mm,2.031193,10,443.554375,428.656989,1.000000,427.656989
1097,-0.096991,-1.567114,-3.567114,0.432886,informed,none,0.000000,10,443.554375,442.584465,1.000000,441.584465
1098,1.853922,1.419857,-0.580143,3.419857,noise,none,0.000000,10,443.554375,462.093598,1.000000,461.093598
1099,1.350046,0.892962,-1.107038,2.892962,noise,none,0.000000,10,443.554375,457.054834,1.000000,456.054834
1100,1.330206,1.504341,-0.495659,3.504341,noise,none,0.000000,10,443.554375,456.856433,1.000000,455.856433
1101,1.380678,-0.672138,-2.672138,1.327862,noise,none,0.000000,10,443.554375,457.361160,1.000000,456.361160
1102,-0.412320,-0.813570,-2.813570,1.186430,informed,none,0.000000,10,443.554375,439.431177,1.000000,438.431177
1103,0.325298,0.178394,-1.821606,2.178394,informed,none,0.000000,10,443.554375,446.807359,1.000000,445.807359
1104,1.033945,2.674110,0.674110,4.674110,noise,none,0.000000,10,443.554375,453.893825,1.000000,452.893825
1105,1.910533,1.972762,-0.027238,3.972762,informed,none,0.000000,10,443.554375,462.659706,1.000000,461.659706
1106,1.730143,2.319108,0.319108,4.319108,informed,none,0.000000,10,443.554375,460.855802,1.000000,459.855802
1107,3.150440,5.374399,3.374399,7.374399,noise,none,0.000000,10,443.554375,475.058777,1.000000,474.058777
1108,1.344730,0.126754,-1.873246,2.126754,noise,sell_to_mm,-1.873246,11,445.427622,460.219653,1.210000,459.009653
1109,0.666936,-0.935296,-2.935296,1.064704,noise,sell_to_mm,-2.935296,12,448.362918,456.366152,1.440000,454.926152
1110,1.087442,0.480349,-1.519651,2.480349,noise,none,0.000000,12,448.362918,461.412226,1.440000,459.972226
1111,0.514791,2.267790,0.267790,4.267790,noise,buy_from_mm,4.267790,11,452.630708,458.293404,1.210000,457.083404
1112,-0.556232,-0.690883,-2.690883,1.309117,informed,none,0.000000,11,452.630708,446.512161,1.210000,445.302161
1113,-1.939342,-2.169228,-4.169228,-0.169228,noise,sell_to_mm,-4.169228,12,456.799936,433.527835,1.440000,432.087835
1114,-1.556506,-0.124697,-2.124697,1.875303,informed,none,0.000000,12,456.799936,438.121865,1.440000,436.681865
1115,-3.332188,-2.759286,-4.759286,-0.759286,informed,none,0.000000,12,456.799936,416.813680,1.440000,415.373680
1116,-3.487627,-2.692220,-4.692220,-0.692220,noise,none,0.000000,12,456.799936,414.948413,1.440000,413.508413
1117,-2.175625,-1.594080,-3.594080,0.405920,noise,none,0.000000,12,456.799936,430.692435,1.440000,429.252435
1118,-2.404989,-2.782493,-4.782493,-0.782493,noise,none,0.000000,12,456.799936,427.940067,1.440000,426.500067
1119,-2.111108,-1.209665,-3.209665,0.790335,informed,none,0.000000,12,456.799936,431.466642,1.440000,430.026642
1120,-1.411402,0.185226,-1.814774,2.185226,informed,none,0.000000,12,456.799936,439.863107,1.440000,438.423107
1121,-2.206134,-1.232127,-3.232127,0.767873,noise,none,0.000000,12,456.799936,430.326330,1.440000,428.886330
1122,-2.808405,-1.895184,-3.895184,0.104816,noise,none,0.000000,12,456.799936,423.099076,1.440000,421.659076
1123,-1.910699,-0.824120,-2.824120,1.175880,informed,none,0.000000,12,456.799936,433.871544,1.440000,432.431544
1124,-0.497717,-1.257527,-3.257527,0.742473,noise,none,0.000000,12,456.799936,450.827334,1.440000,449.387334
1125,1.931361,1.340633,-0.659367,3.340633,informed,none,0.000000,12,456.799936,479.976267,1.440000,478.536267
1126,0.879113,-0.361861,-2.361861,1.638139,informed,none,0.000000,12,456.799936,467.349293,1.440000,465.909293
1127,1.965492,2.836057,0.836057,4.836057,noise,none,0.000000,12,456.799936,480.385839,1.440000,478.945839
1128,0.277806,2.574377,0.574377,4.574377,noise,sell_to_mm,0.574377,13,456.225558,459.837042,1.690000,458.147042
1129,1.115881,2.673753,0.673753,4.673753,noise,none,0.000000,13,456.225558,470.732010,1.690000,469.042010
1130,-0.877712,-0.778577,-2.778577,1.221423,noise,none,0.000000,13,456.225558,444.815299,1.690000,443.125299
1131,-0.616962,-0.603913,-2.603913,1.396087,informed,none,0.000000,13,456.225558,448.205049,1.690000,446.515049
1132,0.027296,0.019637,-1.980363,2.019637,informed,none,0.000000,13,456.225558,456.580411,1.690000,454.890411
1133,0.048379,1.082005,-0.917995,3.082005,informed,none,0.000000,13,456.225558,456.854490,1.690000,455.164490
1134,2.487594,3.016971,1.016971,5.016971,noise,none,0.000000,13,456.225558,488.564279,1.690000,486.874279
1135,3.462241,2.162145,0.162145,4.162145,noise,none,0.000000,13,456.225558,501.234688,1.690000,499.544688
1136,1.260207,1.214241,-0.785759,3.214241,noise,none,0.000000,13,456.225558,472.608246,1.690000,470.918246
1137,2.915157,4.166394,2.166394,6.166394,informed,none,0.000000,13,456.225558,494.122595,1.690000,492.432595
1138,3.959610,4.464633,2.464633,6.464633,noise,none,0.000000,13,456.225558,507.700490,1.690000,506.010490
1139,2.606803,2.040955,0.040955,4.040955,informed,none,0.000000,13,456.225558,490.113998,1.690000,488.423998
1140,2.854307,3.519498,1.519498,5.519498,noise,buy_from_mm,5.519498,12,461.745056,495.996743,1.440000,494.556743
1141,1.609704,1.116946,-0.883054,3.116946,informed,none,0.000000,12,461.745056,481.061503,1.440000,479.621503
1142,1.011806,0.367909,-1.632091,2.367909,noise,none,0.000000,12,461.745056,473.886728,1.440000,472.446728
1143,1.407748,0.455161,-1.544839,2.455161,informed,none,0.000000,12,461.745056,478.638031,1.440000,477.198031
1144,2.347131,3.576686,1.576686,5.576686,noise,none,0.000000,12,461.745056,489.910624,1.440000,488.470624
1145,0.244507,-0.097012,-2.097012,1.902988,noise,none,0.000000,12,461.745056,464.679135,1.440000,463.239135
1146,1.729130,-0.087340,-2.087340,1.912660,noise,none,0.000000,12,461.745056,482.494612,1.440000,481.054612
1147,2.985063,1.515530,-0.484470,3.515530,noise,none,0.000000,12,461.745056,497.565818,1.440000,496.125818
1148,2.857397,2.520158,0.520158,4.520158,noise,none,0.000000,12,461.745056,496.033825,1.440000,494.593825
1149,2.853347,2.049435,0.049435,4.049435,informed,none,0.000000,12,461.745056,495.985216,1.440000,494.545216
1150,5.289570,4.086201,2.086201,6.086201,noise,none,0.000000,12,461.745056,525.219894,1.440000,523.779894
1151,6.580566,6.421286,4.421286,8.421286,noise,buy_from_mm,8.421286,11,470.166343,542.552567,1.210000,541.342567
1152,6.738424,7.560563,5.560563,9.560563,noise,none,0.000000,11,470.166343,544.289007,1.210000,543.079007
1153,6.745259,6.492398,4.492398,8.492398,informed,none,0.000000,11,470.166343,544.364195,1.210000,543.154195
1154,7.818498,6.503743,4.503743,8.503743,informed,none,0.000000,11,470.166343,556.169819,1.210000,554.959819
1155,9.278065,9.858069,7.858069,11.858069,noise,none,0.000000,11,470.166343,572.225062,1.210000,571.015062
1156,9.164972,9.044978,7.044978,11.044978,noise,sell_to_mm,7.044978,12,463.121364,573.101034,1.440000,571.661034
1157,11.190233,11.175684,9.175684,13.175684,informed,none,0.000000,12,463.121364,597.404161,1.440000,595.964161
1158,10.887858,11.185151,9.185151,13.185151,noise,none,0.000000,12,463.121364,593.775666,1.440000,592.335666
1159,12.690634,10.796325,8.796325,12.796325,informed,none,0.000000,12,463.121364,615.408972,1.440000,613.968972
1160,12.037415,12.007289,10.007289,14.007289,noise,none,0.000000,12,463.121364,607.570343,1.440000,606.130343
1161,12.180042,12.624803,10.624803,14.624803,noise,none,0.000000,12,463.121364,609.281865,1.440000,607.841865
1162,11.441696,11.809757,9.809757,13.809757,informed,none,0.000000,12,463.121364,600.421715,1.440000,598.981715
1163,12.689022,14.536774,12.536774,16.536774,informed,none,0.000000,12,463.121364,615.389634,1.440000,613.949634
1164,11.634448,13.182916,11.182916,15.182916,noise,none,0.000000,12,463.121364,602.734742,1.440000,601.294742
1165,12.921115,13.676222,11.676222,15.676222,noise,sell_to_mm,11.676222,13,451.445142,619.419637,1.690000,617.729637
1166,12.653577,11.981935,9.981935,13.981935,informed,none,0.000000,13,451.445142,615.941642,1.690000,614.251642
1167,11.372539,13.341805,11.341805,15.341805,noise,none,0.000000,13,451.445142,599.288144,1.690000,597.598144
1168,11.436422,9.726967,7.726967,11.726967,noise,buy_from_mm,11.726967,12,463.172109,600.409170,1.440000,598.969170
1169,11.234693,11.925290,9.925290,13.925290,noise,buy_from_mm,13.925290,11,477.097400,600.679020,1.210000,599.469020
1170,11.134544,11.777142,9.777142,13.777142,noise,sell_to_mm,9.777142,12,467.320257,600.934788,1.440000,599.494788
1171,12.028166,12.560399,10.560399,14.560399,noise,sell_to_mm,10.560399,13,456.759858,613.126011,1.690000,611.436011
1172,11.359953,12.242170,10.242170,14.242170,noise,none,0.000000,13,456.759858,604.439244,1.690000,602.749244
1173,10.623212,11.839462,9.839462,13.839462,noise,none,0.000000,13,456.759858,594.861620,1.690000,593.171620
1174,12.250197,11.891580,9.891580,13.891580,informed,none,0.000000,13,456.759858,616.012423,1.690000,614.322423
1175,12.731130,12.613887,10.613887,14.613887,informed,none,0.000000,13,456.759858,622.264549,1.690000,620.574549
1176,13.681819,15.283467,13.283467,17.283467,informed,none,0.000000,13,456.759858,634.623502,1.690000,632.933502
1177,13.066999,14.949085,12.949085,16.949085,noise,sell_to_mm,12.949085,14,443.810774,626.748766,1.960000,624.788766
1178,14.889194,13.112195,11.112195,15.112195,noise,none,0.000000,14,443.810774,652.259493,1.960000,650.299493
1179,13.969482,14.790953,12.790953,16.790953,noise,none,0.000000,14,443.810774,639.383520,1.960000,637.423520
1180,13.381849,12.713695,10.713695,14.713695,noise,buy_from_mm,14.713695,13,458.524469,632.488512,1.690000,630.798512
1181,13.299659,13.598980,11.598980,15.598980,informed,none,0.000000,13,458.524469,631.420030,1.690000,629.730030
1182,13.282042,14.131251,12.131251,16.131251,informed,none,0.000000,13,458.524469,631.191020,1.690000,629.501020
1183,12.827932,11.298891,9.298891,13.298891,noise,none,0.000000,13,458.524469,625.287578,1.690000,623.597578
1184,13.721223,14.621504,12.621504,16.621504,informed,none,0.000000,13,458.524469,636.900371,1.690000,635.210371
1185,12.134231,12.151745,10.151745,14.151745,noise,sell_to_mm,10.151745,14,448.372724,618.251955,1.960000,616.291955
1186,13.476301,13.658420,11.658420,15.658420,noise,none,0.000000,14,448.372724,637.040935,1.960000,635.080935
1187,13.659986,13.464422,11.464422,15.464422,noise,none,0.000000,14,448.372724,639.612531,1.960000,637.652531
1188,13.208229,13.290837,11.290837,15.290837,noise,none,0.000000,14,448.372724,633.287930,1.960000,631.327930
1189,14.207471,14.159346,12.159346,16.159346,informed,none,0.000000,14,448.372724,647.277314,1.960000,645.317314
1190,15.017671,14.972466,12.972466,16.972466,informed,none,0.000000,14,448.372724,658.620113,1.960000,656.660113
1191,14.623934,13.586195,11.586195,15.586195,informed,none,0.000000,14,448.372724,653.107805,1.960000,651.147805
1192,13.600994,12.624684,10.624684,14.624684,informed,none,0.000000,14,448.372724,638.786636,1.960000,636.826636
1193,13.811007,12.083211,10.083211,14.083211,informed,none,0.000000,14,448.372724,641.726821,1.960000,639.766821
1194,15.253464,15.318770,13.318770,17.318770,noise,buy_from_mm,17.318770,13,465.691495,663.986532,1.690000,662.296532
1195,11.904619,11.304692,9.304692,13.304692,informed,none,0.000000,13,465.691495,620.451542,1.690000,618.761542
1196,11.381077,12.202784,10.202784,14.202784,noise,none,0.000000,13,465.691495,613.645500,1.690000,611.955500
1197,11.710597,12.015866,10.015866,14.015866,informed,none,0.000000,13,465.691495,617.929252,1.690000,616.239252
1198,11.195548,12.510697,10.510697,14.510697,noise,none,0.000000,13,465.691495,611.233623,1.690000,609.543623
1199,9.635466,9.761088,7.761088,11.761088,informed,none,0.000000,13,465.691495,590.952557,1.690000,589.262557
1200,8.873367,7.675854,5.675854,9.675854,informed,none,0.000000,13,465.691495,581.045262,1.690000,579.355262
1201,6.648660,6.288200,4.288200,8.288200,noise,none,0.000000,13,465.691495,552.124075,1.690000,550.434075
1202,7.442685,7.282418,5.282418,9.282418,noise,none,0.000000,13,465.691495,562.446401,1.690000,560.756401
1203,8.558054,8.647611,6.647611,10.647611,noise,none,0.000000,13,465.691495,576.946194,1.690000,575.256194
1204,7.675767,7.079608,5.079608,9.079608,noise,sell_to_mm,5.079608,14,460.611886,568.072623,1.960000,566.112623
1205,9.652477,8.856815,6.856815,10.856815,noise,none,0.000000,14,460.611886,595.746563,1.960000,593.786563
1206,9.472935,6.978837,4.978837,8.978837,informed,buy_from_mm,8.978837,13,469.590723,592.738882,1.690000,591.048882
1207,9.993955,8.763895,6.763895,10.763895,informed,none,0.000000,13,469.590723,599.512145,1.690000,597.822145
1208,10.969941,8.556545,6.556545,10.556545,informed,buy_from_mm,10.556545,12,480.147268,611.786566,1.440000,610.346566
1209,11.674704,12.004054,10.004054,14.004054,noise,sell_to_mm,10.004054,13,470.143214,621.914363,1.690000,620.224363
1210,11.155634,9.600404,7.600404,11.600404,noise,none,0.000000,13,470.143214,615.166460,1.690000,613.476460
1211,11.155326,10.003622,8.003622,12.003622,noise,buy_from_mm,12.003622,12,482.146835,616.010743,1.440000,614.570743
1212,10.284435,9.749095,7.749095,11.749095,noise,sell_to_mm,7.749095,13,474.397740,608.095392,1.690000,606.405392
1213,11.202015,9.910263,7.910263,11.910263,informed,none,0.000000,13,474.397740,620.023939,1.690000,618.333939
1214,11.919819,12.436271,10.436271,14.436271,noise,buy_from_mm,14.436271,12,488.834012,631.871844,1.440000,630.431844
1215,11.190748,10.574894,8.574894,12.574894,noise,none,0.000000,12,488.834012,623.122992,1.440000,621.682992
1216,11.276496,9.148346,7.148346,11.148346,informed,buy_from_mm,11.148346,11,499.982357,624.023808,1.210000,622.813808
1217,10.269898,11.743056,9.743056,13.743056,noise,none,0.000000,11,499.982357,612.951238,1.210000,611.741238
1218,11.308737,8.427310,6.427310,10.427310,informed,buy_from_mm,10.427310,10,510.409668,623.497037,1.000000,622.497037
1219,11.337121,10.833585,8.833585,12.833585,informed,none,0.000000,10,510.409668,623.780882,1.000000,622.780882
1220,12.069848,11.195550,9.195550,13.195550,informed,none,0.000000,10,510.409668,631.108152,1.000000,630.108152
1221,10.760873,10.193388,8.193388,12.193388,noise,none,0.000000,10,510.409668,618.018400,1.000000,617.018400
1222,10.644942,12.074376,10.074376,14.074376,noise,buy_from_mm,14.074376,9,524.484043,620.288519,0.810000,619.478519
1223,10.496313,11.569281,9.569281,13.569281,informed,none,0.000000,9,524.484043,618.950856,0.810000,618.140856
1224,11.753141,12.352480,10.352480,14.352480,noise,none,0.000000,9,524.484043,630.262313,0.810000,629.452313
1225,11.050090,12.145357,10.145357,14.145357,informed,none,0.000000,9,524.484043,623.934857,0.810000,623.124857
1226,12.341976,14.405830,12.405830,16.405830,noise,none,0.000000,9,524.484043,635.561828,0.810000,634.751828
1227,11.821108,11.901883,9.901883,13.901883,informed,none,0.000000,9,524.484043,630.874012,0.810000,630.064012
1228,12.992169,11.958282,9.958282,13.958282,informed,none,0.000000,9,524.484043,641.413567,0.810000,640.603567
1229,12.211107,13.235080,11.235080,15.235080,noise,none,0.000000,9,524.484043,634.384010,0.810000,633.574010
1230,11.514170,12.724031,10.724031,14.724031,informed,none,0.000000,9,524.484043,628.111570,0.810000,627.301570
1231,12.520765,12.357211,10.357211,14.357211,noise,none,0.000000,9,524.484043,637.170933,0.810000,636.360933
1232,12.121513,13.270657,11.270657,15.270657,informed,none,0.000000,9,524.484043,633.577664,0.810000,632.767664
1233,12.457224,11.933122,9.933122,13.933122,noise,none,0.000000,9,524.484043,636.599063,0.810000,635.789063
1234,12.604495,13.071435,11.071435,15.071435,noise,buy_from_mm,15.071435,8,539.555478,640.391434,0.640000,639.751434
1235,13.472771,12.423301,10.423301,14.423301,informed,none,0.000000,8,539.555478,647.337645,0.640000,646.697645
1236,13.252676,15.533613,13.533613,17.533613,informed,sell_to_mm,13.533613,9,526.021865,645.295948,0.810000,644.485948
1237,12.681644,11.908439,9.908439,13.908439,informed,none,0.000000,9,526.021865,640.156657,0.810000,639.346657
1238,13.958368,13.633183,11.633183,15.633183,informed,none,0.000000,9,526.021865,651.647179,0.810000,650.837179
1239,11.102564,12.039369,10.039369,14.039369,informed,none,0.000000,9,526.021865,625.944938,0.810000,625.134938
1240,12.744622,14.204430,12.204430,16.204430,noise,none,0.000000,9,526.021865,640.723462,0.810000,639.913462
1241,12.247395,10.697264,8.697264,12.697264,informed,none,0.000000,9,526.021865,636.248423,0.810000,635.438423
1242,11.769874,12.724473,10.724473,14.724473,noise,none,0.000000,9,526.021865,631.950732,0.810000,631.140732
1243,11.468776,13.340656,11.340656,15.340656,noise,none,0.000000,9,526.021865,629.240847,0.810000,628.430847
1244,13.513790,15.505188,13.505188,17.505188,noise,none,0.000000,9,526.021865,647.645978,0.810000,646.835978
1245,12.871912,12.073386,10.073386,14.073386,informed,none,0.000000,9,526.021865,641.869077,0.810000,641.059077
1246,10.392134,11.305095,9.305095,13.305095,noise,none,0.000000,9,526.021865,619.551068,0.810000,618.741068
1247,10.373479,9.632472,7.632472,11.632472,noise,none,0.000000,9,526.021865,619.383180,0.810000,618.573180
1248,11.517287,11.738683,9.738683,13.738683,informed,none,0.000000,9,526.021865,629.677448,0.810000,628.867448
1249,12.398339,11.105614,9.105614,13.105614,informed,none,0.000000,9,526.021865,637.606912,0.810000,636.796912
1250,11.856152,11.991228,9.991228,13.991228,informed,none,0.000000,9,526.021865,632.727236,0.810000,631.917236
1251,12.151381,10.091917,8.091917,12.091917,noise,none,0.000000,9,526.021865,635.384296,0.810000,634.574296
1252,11.476249,11.966985,9.966985,13.966985,informed,none,0.000000,9,526.021865,629.308104,0.810000,628.498104
1253,9.534361,9.388448,7.388448,11.388448,informed,none,0.000000,9,526.021865,611.831114,0.810000,611.021114
1254,8.875431,7.837876,5.837876,9.837876,informed,none,0.000000,9,526.021865,605.900746,0.810000,605.090746
1255,7.443656,6.265054,4.265054,8.265054,informed,none,0.000000,9,526.021865,593.014766,0.810000,592.204766
1256,7.786510,7.483376,5.483376,9.483376,noise,sell_to_mm,5.483376,10,520.538489,598.403586,1.000000,597.403586
1257,7.948692,7.139820,5.139820,9.139820,noise,buy_from_mm,9.139820,9,529.678310,601.216536,0.810000,600.406536
1258,8.224002,7.618133,5.618133,9.618133,noise,none,0.000000,9,529.678310,603.694332,0.810000,602.884332
1259,7.127753,6.584220,4.584220,8.584220,noise,none,0.000000,9,529.678310,593.828089,0.810000,593.018089
1260,5.323156,5.265861,3.265861,7.265861,informed,none,0.000000,9,529.678310,577.586714,0.810000,576.776714
1261,3.643617,4.533898,2.533898,6.533898,noise,none,0.000000,9,529.678310,562.470862,0.810000,561.660862
1262,3.788959,3.277380,1.277380,5.277380,informed,none,0.000000,9,529.678310,563.778941,0.810000,562.968941
1263,4.595038,5.413223,3.413223,7.413223,noise,buy_from_mm,7.413223,8,537.091533,573.851835,0.640000,573.211835
1264,5.921591,7.241989,5.241989,9.241989,noise,sell_to_mm,5.241989,9,531.849544,585.143865,0.810000,584.333865
1265,6.374363,6.588272,4.588272,8.588272,informed,none,0.000000,9,531.849544,589.218806,0.810000,588.408806
1266,4.687112,4.956775,2.956775,6.956775,noise,sell_to_mm,2.956775,10,528.892768,575.763891,1.000000,574.763891
1267,4.510596,4.019452,2.019452,6.019452,informed,none,0.000000,10,528.892768,573.998727,1.000000,572.998727
1268,3.823832,3.165169,1.165169,5.165169,noise,buy_from_mm,5.165169,9,534.057937,568.472425,0.810000,567.662425
1269,2.455104,1.961024,-0.038976,3.961024,informed,none,0.000000,9,534.057937,556.153873,0.810000,555.343873
1270,1.342816,1.284527,-0.715473,3.284527,noise,none,0.000000,9,534.057937,546.143280,0.810000,545.333280
1271,1.167544,0.684876,-1.315124,2.684876,noise,none,0.000000,9,534.057937,544.565830,0.810000,543.755830
1272,2.457447,1.882504,-0.117496,3.882504,noise,none,0.000000,9,534.057937,556.174963,0.810000,555.364963
1273,0.545728,0.241068,-1.758932,2.241068,noise,none,0.000000,9,534.057937,538.969489,0.810000,538.159489
1274,-1.352253,-1.353472,-3.353472,0.646528,noise,none,0.000000,9,534.057937,521.887661,0.810000,521.077661
1275,-0.514367,0.674274,-1.325726,2.674274,noise,sell_to_mm,-1.325726,10,535.383664,530.239992,1.000000,529.239992
1276,-2.030309,-3.053230,-5.053230,-1.053230,noise,none,0.000000,10,535.383664,515.080571,1.000000,514.080571
1277,-1.345682,-2.740570,-4.740570,-0.740570,noise,none,0.000000,10,535.383664,521.926839,1.000000,520.926839
1278,-1.311155,0.986100,-1.013900,2.986100,informed,sell_to_mm,-1.013900,11,536.397563,521.974861,1.210000,520.764861
1279,-0.700849,-0.466208,-2.466208,1.533792,noise,buy_from_mm,1.533792,10,537.931355,530.922862,1.000000,529.922862
1280,-1.938023,-1.222904,-3.222904,0.777096,noise,none,0.000000,10,537.931355,518.551124,1.000000,517.551124
1281,1.034211,0.220348,-1.779652,2.220348,informed,none,0.000000,10,537.931355,548.273465,1.000000,547.273465
1282,1.283214,1.029640,-0.970360,3.029640,noise,none,0.000000,10,537.931355,550.763499,1.000000,549.763499
1283,1.316672,2.098445,0.098445,4.098445,noise,sell_to_mm,0.098445,11,537.832910,552.316304,1.210000,551.106304
1284,0.712582,1.774834,-0.225166,3.774834,informed,none,0.000000,11,537.832910,545.671309,1.210000,544.461309
1285,1.660856,3.180121,1.180121,5.180121,noise,none,0.000000,11,537.832910,556.102328,1.210000,554.892328
1286,1.767449,1.535082,-0.464918,3.535082,informed,none,0.000000,11,537.832910,557.274845,1.210000,556.064845
1287,0.540602,-0.094213,-2.094213,1.905787,informed,none,0.000000,11,537.832910,543.779534,1.210000,542.569534
1288,0.747306,2.732830,0.732830,4.732830,noise,none,0.000000,11,537.832910,546.053271,1.210000,544.843271
1289,1.251318,0.911504,-1.088496,2.911504,noise,buy_from_mm,2.911504,10,540.744413,553.257598,1.000000,552.257598
1290,2.662752,2.750933,0.750933,4.750933,informed,none,0.000000,10,540.744413,567.371936,1.000000,566.371936
1291,1.071262,-1.137275,-3.137275,0.862725,noise,none,0.000000,10,540.744413,551.457031,1.000000,550.457031
1292,0.864000,1.156053,-0.843947,3.156053,informed,none,0.000000,10,540.744413,549.384410,1.000000,548.384410
1293,2.138971,1.744142,-0.255858,3.744142,noise,none,0.000000,10,540.744413,562.134123,1.000000,561.134123
1294,1.542644,-0.375949,-2.375949,1.624051,informed,none,0.000000,10,540.744413,556.170854,1.000000,555.170854
1295,2.126064,3.490602,1.490602,5.490602,noise,sell_to_mm,1.490602,11,539.253812,562.640516,1.210000,561.430516
1296,1.715621,0.966910,-1.033090,2.966910,informed,none,0.000000,11,539.253812,558.125638,1.210000,556.915638
1297,-0.199410,-0.311093,-2.311093,1.688907,noise,none,0.000000,11,539.253812,537.060302,1.210000,535.850302
1298,-0.863399,-1.074036,-3.074036,0.925964,informed,none,0.000000,11,539.253812,529.756418,1.210000,528.546418
1299,-0.238766,-0.271021,-2.271021,1.728979,noise,none,0.000000,11,539.253812,536.627387,1.210000,535.417387
1300,0.066090,0.911434,-1.088566,2.911434,noise,buy_from_mm,2.911434,10,542.165246,542.826148,1.000000,541.826148
1301,0.813734,-0.295480,-2.295480,1.704520,noise,none,0.000000,10,542.165246,550.302589,1.000000,549.302589
1302,0.550340,0.122922,-1.877078,2.122922,noise,sell_to_mm,-1.877078,11,544.042324,550.096066,1.210000,548.886066
1303,1.175780,0.365676,-1.634324,2.365676,informed,none,0.000000,11,544.042324,556.975903,1.210000,555.765903
1304,0.710722,-0.251727,-2.251727,1.748273,noise,none,0.000000,11,544.042324,551.860266,1.210000,550.650266
1305,2.997807,4.286088,2.286088,6.286088,noise,none,0.000000,11,544.042324,577.018206,1.210000,575.808206
1306,2.609178,0.900318,-1.099682,2.900318,noise,none,0.000000,11,544.042324,572.743285,1.210000,571.533285
1307,2.326191,4.245132,2.245132,6.245132,informed,none,0.000000,11,544.042324,569.630421,1.210000,568.420421
1308,2.114855,1.679480,-0.320520,3.679480,noise,buy_from_mm,3.679480,10,547.721804,568.870358,1.000000,567.870358
1309,2.327185,1.447625,-0.552375,3.447625,informed,none,0.000000,10,547.721804,570.993650,1.000000,569.993650
1310,2.742293,2.823373,0.823373,4.823373,informed,none,0.000000,10,547.721804,575.144738,1.000000,574.144738
1311,2.131987,3.513831,1.513831,5.513831,noise,none,0.000000,10,547.721804,569.041677,1.000000,568.041677
1312,2.299228,2.170814,0.170814,4.170814,noise,none,0.000000,10,547.721804,570.714082,1.000000,569.714082
1313,2.328076,2.503187,0.503187,4.503187,noise,none,0.000000,10,547.721804,571.002564,1.000000,570.002564
1314,4.412042,5.110644,3.110644,7.110644,noise,none,0.000000,10,547.721804,591.842222,1.000000,590.842222
1315,4.514044,3.337353,1.337353,5.337353,noise,buy_from_mm,5.337353,9,553.059157,593.685550,0.810000,592.875550
1316,6.253659,6.405081,4.405081,8.405081,noise,buy_from_mm,8.405081,8,561.464238,611.493506,0.640000,610.853506
1317,8.087441,8.475792,6.475792,10.475792,informed,none,0.000000,8,561.464238,626.163765,0.640000,625.523765
1318,9.548308,9.615163,7.615163,11.615163,noise,buy_from_mm,11.615163,7,573.079401,639.917559,0.490000,639.427559
1319,11.323106,10.825726,8.825726,12.825726,noise,none,0.000000,7,573.079401,652.341145,0.490000,651.851145
1320,11.782992,12.971820,10.971820,14.971820,noise,none,0.000000,7,573.079401,655.560345,0.490000,655.070345
1321,12.606417,13.084385,11.084385,15.084385,noise,none,0.000000,7,573.079401,661.324319,0.490000,660.834319
1322,11.249592,11.608641,9.608641,13.608641,informed,none,0.000000,7,573.079401,651.826545,0.490000,651.336545
1323,11.148462,10.246407,8.246407,12.246407,informed,none,0.000000,7,573.079401,651.118635,0.490000,650.628635
1324,9.997973,9.981361,7.981361,11.981361,informed,none,0.000000,7,573.079401,643.065210,0.490000,642.575210
1325,9.149536,9.436045,7.436045,11.436045,informed,none,0.000000,7,573.079401,637.126152,0.490000,636.636152
1326,7.976723,7.560548,5.560548,9.560548,noise,none,0.000000,7,573.079401,628.916462,0.490000,628.426462
1327,7.956374,5.030000,3.030000,7.030000,informed,buy_from_mm,7.030000,6,580.109401,627.847646,0.360000,627.487646
1328,9.065155,10.863351,8.863351,12.863351,noise,none,0.000000,6,580.109401,634.500333,0.360000,634.140333
1329,11.429507,11.551794,9.551794,13.551794,noise,none,0.000000,6,580.109401,648.686440,0.360000,648.326440
1330,11.874678,11.139112,9.139112,13.139112,noise,buy_from_mm,13.139112,5,593.248513,652.621903,0.250000,652.371903
1331,11.130135,11.647586,9.647586,13.647586,noise,sell_to_mm,9.647586,6,583.600927,650.381736,0.360000,650.021736
1332,11.452150,11.604790,9.604790,13.604790,noise,none,0.000000,6,583.600927,652.313828,0.360000,651.953828
1333,12.315268,12.789707,10.789707,14.789707,noise,none,0.000000,6,583.600927,657.492534,0.360000,657.132534
1334,13.189508,14.003638,12.003638,16.003638,informed,none,0.000000,6,583.600927,662.737975,0.360000,662.377975
1335,12.591476,12.233451,10.233451,14.233451,informed,none,0.000000,6,583.600927,659.149784,0.360000,658.789784
1336,12.120680,11.911827,9.911827,13.911827,noise,buy_from_mm,13.911827,5,597.512754,658.116156,0.250000,657.866156
1337,9.627395,8.724104,6.724104,10.724104,informed,none,0.000000,5,597.512754,645.649729,0.250000,645.399729
1338,10.354026,10.191174,8.191174,12.191174,informed,none,0.000000,5,597.512754,649.282883,0.250000,649.032883
1339,11.821369,11.047483,9.047483,13.047483,noise,sell_to_mm,9.047483,6,588.465271,659.393483,0.360000,659.033483
1340,11.802918,11.789045,9.789045,13.789045,informed,none,0.000000,6,588.465271,659.282779,0.360000,658.922779
1341,9.829109,9.387508,7.387508,11.387508,noise,none,0.000000,6,588.465271,647.439927,0.360000,647.079927
1342,9.963526,10.893772,8.893772,12.893772,noise,none,0.000000,6,588.465271,648.246426,0.360000,647.886426
1343,10.321562,10.308189,8.308189,12.308189,noise,none,0.000000,6,588.465271,650.394644,0.360000,650.034644
1344,9.975443,10.909593,8.909593,12.909593,informed,none,0.000000,6,588.465271,648.317930,0.360000,647.957930
1345,8.136115,7.701728,5.701728,9.701728,informed,none,0.000000,6,588.465271,637.281964,0.360000,636.921964
1346,7.614573,7.708912,5.708912,9.708912,noise,none,0.000000,6,588.465271,634.152707,0.360000,633.792707
1347,9.736855,7.928048,5.928048,9.928048,noise,none,0.000000,6,588.465271,646.886399,0.360000,646.526399
1348,9.523419,9.418815,7.418815,11.418815,informed,none,0.000000,6,588.465271,645.605784,0.360000,645.245784
1349,10.564924,10.493552,8.493552,12.493552,noise,none,0.000000,6,588.465271,651.854815,0.360000,651.494815
1350,9.300884,8.051402,6.051402,10.051402,informed,none,0.000000,6,588.465271,644.270577,0.360000,643.910577
1351,8.612417,10.678595,8.678595,12.678595,informed,sell_to_mm,8.678595,7,579.786676,640.073592,0.490000,639.583592
1352,8.077501,7.217447,5.217447,9.217447,noise,none,0.000000,7,579.786676,636.329183,0.490000,635.839183
1353,7.705925,6.295092,4.295092,8.295092,informed,none,0.000000,7,579.786676,633.728153,0.490000,633.238153
1354,7.448786,6.785785,4.785785,8.785785,noise,none,0.000000,7,579.786676,631.928180,0.490000,631.438180
1355,8.632643,8.017270,6.017270,10.017270,noise,none,0.000000,7,579.786676,640.215178,0.490000,639.725178
1356,8.575469,9.156945,7.156945,11.156945,informed,none,0.000000,7,579.786676,639.814957,0.490000,639.324957
1357,9.697207,9.806274,7.806274,11.806274,noise,none,0.000000,7,579.786676,647.667126,0.490000,647.177126
1358,9.391579,10.712806,8.712806,12.712806,noise,sell_to_mm,8.712806,8,571.073870,646.206500,0.640000,645.566500
1359,8.884897,10.434987,8.434987,12.434987,noise,none,0.000000,8,571.073870,642.153049,0.640000,641.513049
1360,9.924240,10.918870,8.918870,12.918870,noise,none,0.000000,8,571.073870,650.467792,0.640000,649.827792
1361,10.437500,10.017090,8.017090,12.017090,informed,none,0.000000,8,571.073870,654.573867,0.640000,653.933867
1362,10.217990,11.218090,9.218090,13.218090,noise,none,0.000000,8,571.073870,652.817791,0.640000,652.177791
1363,8.621962,9.844210,7.844210,11.844210,informed,none,0.000000,8,571.073870,640.049567,0.640000,639.409567
1364,8.758055,8.295938,6.295938,10.295938,informed,none,0.000000,8,571.073870,641.138311,0.640000,640.498311
1365,8.368568,7.303419,5.303419,9.303419,noise,sell_to_mm,5.303419,9,565.770451,641.087567,0.810000,640.277567
1366,9.106111,9.125068,7.125068,11.125068,informed,none,0.000000,9,565.770451,647.725452,0.810000,646.915452
1367,8.637847,8.441421,6.441421,10.441421,noise,none,0.000000,9,565.770451,643.511076,0.810000,642.701076
1368,6.339748,6.740564,4.740564,8.740564,informed,none,0.000000,9,565.770451,622.828185,0.810000,622.018185
1369,7.078239,7.327701,5.327701,9.327701,informed,none,0.000000,9,565.770451,629.474600,0.810000,628.664600
1370,7.362037,6.559085,4.559085,8.559085,informed,none,0.000000,9,565.770451,632.028786,0.810000,631.218786
1371,7.604998,7.081089,5.081089,9.081089,noise,none,0.000000,9,565.770451,634.215429,0.810000,633.405429
1372,7.367603,7.613034,5.613034,9.613034,noise,none,0.000000,9,565.770451,632.078880,0.810000,631.268880
1373,6.711364,8.456465,6.456465,10.456465,noise,none,0.000000,9,565.770451,626.172728,0.810000,625.362728
1374,4.780609,4.618969,2.618969,6.618969,noise,none,0.000000,9,565.770451,608.795933,0.810000,607.985933
1375,6.365365,4.727601,2.727601,6.727601,noise,buy_from_mm,6.727601,8,572.498052,623.420968,0.640000,622.780968
1376,6.045030,5.798532,3.798532,7.798532,noise,none,0.000000,8,572.498052,620.858293,0.640000,620.218293
1377,5.828100,4.885453,2.885453,6.885453,noise,none,0.000000,8,572.498052,619.122852,0.640000,618.482852
1378,4.242379,3.213779,1.213779,5.213779,noise,none,0.000000,8,572.498052,606.437084,0.640000,605.797084
1379,4.057324,4.487637,2.487637,6.487637,noise,none,0.000000,8,572.498052,604.956645,0.640000,604.316645
1380,3.798735,3.648179,1.648179,5.648179,informed,none,0.000000,8,572.498052,602.887928,0.640000,602.247928
1381,4.674416,4.924219,2.924219,6.924219,informed,none,0.000000,8,572.498052,609.893376,0.640000,609.253376
1382,2.964578,2.996725,0.996725,4.996725,noise,none,0.000000,8,572.498052,596.214672,0.640000,595.574672
1383,1.851573,0.280841,-1.719159,2.280841,noise,none,0.000000,8,572.498052,587.310637,0.640000,586.670637
1384,2.959898,2.979473,0.979473,4.979473,noise,none,0.000000,8,572.498052,596.177237,0.640000,595.537237
1385,3.305407,1.593781,-0.406219,3.593781,informed,none,0.000000,8,572.498052,598.941305,0.640000,598.301305
1386,4.244282,4.592186,2.592186,6.592186,informed,none,0.000000,8,572.498052,606.452304,0.640000,605.812304
1387,1.534979,1.708669,-0.291331,3.708669,noise,none,0.000000,8,572.498052,584.777884,0.640000,584.137884
1388,-0.348026,0.282827,-1.717173,2.282827,noise,none,0.000000,8,572.498052,569.713843,0.640000,569.073843
1389,-1.117416,-1.059793,-3.059793,0.940207,informed,none,0.000000,8,572.498052,563.558721,0.640000,562.918721
1390,-0.943445,-0.329265,-2.329265,1.670735,noise,buy_from_mm,1.670735,7,574.168787,567.564675,0.490000,567.074675
1391,-1.352286,-1.908154,-3.908154,0.091846,informed,none,0.000000,7,574.168787,564.702786,0.490000,564.212786
1392,-1.759341,0.468922,-1.531078,2.468922,noise,none,0.000000,7,574.168787,561.853397,0.490000,561.363397
1393,-1.853372,-0.926065,-2.926065,1.073935,noise,none,0.000000,7,574.168787,561.195181,0.490000,560.705181
1394,-2.768077,-3.011440,-5.011440,-1.011440,informed,none,0.000000,7,574.168787,554.792245,0.490000,554.302245
1395,-2.532554,-0.197304,-2.197304,1.802696,informed,sell_to_mm,-2.197304,8,576.366091,556.105661,0.640000,555.465661
1396,-2.111570,-0.948624,-2.948624,1.051376,informed,none,0.000000,8,576.366091,559.473533,0.640000,558.833533
1397,-3.870869,-1.310632,-3.310632,0.689368,informed,sell_to_mm,-3.310632,9,579.676723,544.838903,0.810000,544.028903
1398,-3.425946,-2.692029,-4.692029,-0.692029,informed,none,0.000000,9,579.676723,548.843208,0.810000,548.033208
1399,-3.519769,-3.394119,-5.394119,-1.394119,informed,none,0.000000,9,579.676723,547.998806,0.810000,547.188806
1400,-2.243459,-3.667159,-5.667159,-1.667159,noise,none,0.000000,9,579.676723,559.485590,0.810000,558.675590
1401,-2.011269,0.134643,-1.865357,2.134643,informed,sell_to_mm,-1.865357,10,581.542080,561.429390,1.000000,560.429390
1402,-0.520094,-1.336210,-3.336210,0.663790,noise,none,0.000000,10,581.542080,576.341142,1.000000,575.341142
1403,-0.774081,-2.333395,-4.333395,-0.333395,noise,buy_from_mm,-0.333395,9,581.208684,574.241952,0.810000,573.431952
1404,-1.258264,-1.184629,-3.184629,0.815371,informed,none,0.000000,9,581.208684,569.884304,0.810000,569.074304
1405,-2.167465,-3.914407,-5.914407,-1.914407,noise,none,0.000000,9,581.208684,561.701503,0.810000,560.891503
1406,-1.641162,-0.748715,-2.748715,1.251285,informed,none,0.000000,9,581.208684,566.438231,0.810000,565.628231
1407,-1.915282,-3.503159,-5.503159,-1.503159,informed,none,0.000000,9,581.208684,563.971147,0.810000,563.161147
1408,-2.540052,-2.677705,-4.677705,-0.677705,noise,none,0.000000,9,581.208684,558.348213,0.810000,557.538213
1409,-3.234580,-1.909241,-3.909241,0.090759,informed,none,0.000000,9,581.208684,552.097463,0.810000,551.287463
1410,-2.415740,-4.042438,-6.042438,-2.042438,noise,none,0.000000,9,581.208684,559.467024,0.810000,558.657024
1411,-2.540071,-2.512896,-4.512896,-0.512896,noise,none,0.000000,9,581.208684,558.348049,0.810000,557.538049
1412,-1.561045,-2.303760,-4.303760,-0.303760,noise,none,0.000000,9,581.208684,567.159279,0.810000,566.349279
1413,-2.659928,-3.141836,-5.141836,-1.141836,noise,buy_from_mm,-1.141836,8,580.066849,558.787424,0.640000,558.147424
1414,-1.578780,-1.202905,-3.202905,0.797095,noise,none,0.000000,8,580.066849,567.436611,0.640000,566.796611
1415,-0.733409,-0.548476,-2.548476,1.451524,noise,none,0.000000,8,580.066849,574.199573,0.640000,573.559573
1416,-1.076698,-1.160439,-3.160439,0.839561,noise,none,0.000000,8,580.066849,571.453261,0.640000,570.813261
1417,-1.278031,0.034274,-1.965726,2.034274,noise,none,0.000000,8,580.066849,569.842601,0.640000,569.202601
1418,-1.401808,-2.239736,-4.239736,-0.239736,informed,none,0.000000,8,580.066849,568.852382,0.640000,568.212382
1419,-2.248957,-2.025286,-4.025286,-0.025286,noise,none,0.000000,8,580.066849,562.075195,0.640000,561.435195
1420,-1.233406,-2.099165,-4.099165,-0.099165,noise,none,0.000000,8,580.066849,570.199601,0.640000,569.559601
1421,1.276467,1.110310,-0.889690,3.110310,informed,none,0.000000,8,580.066849,590.278581,0.640000,589.638581
1422,1.947217,1.276467,-0.723533,3.276467,informed,none,0.000000,8,580.066849,595.644581,0.640000,595.004581
1423,1.949087,1.204818,-0.795182,3.204818,noise,none,0.000000,8,580.066849,595.659548,0.640000,595.019548
1424,1.529166,0.194638,-1.805362,2.194638,informed,none,0.000000,8,580.066849,592.300176,0.640000,591.660176
1425,1.942619,1.015196,-0.984804,3.015196,noise,none,0.000000,8,580.066849,595.607801,0.640000,594.967801
1426,0.428041,1.716528,-0.283472,3.716528,informed,none,0.000000,8,580.066849,583.491176,0.640000,582.851176
1427,-0.474529,-0.289477,-2.289477,1.710523,informed,none,0.000000,8,580.066849,576.270618,0.640000,575.630618
1428,0.680148,-0.283137,-2.283137,1.716863,noise,none,0.000000,8,580.066849,585.508031,0.640000,584.868031
1429,1.241834,2.062661,0.062661,4.062661,noise,none,0.000000,8,580.066849,590.001521,0.640000,589.361521
1430,-0.002595,1.009006,-0.990994,3.009006,informed,none,0.000000,8,580.066849,580.046085,0.640000,579.406085
1431,0.437000,1.262160,-0.737840,3.262160,noise,sell_to_mm,-0.737840,9,580.804689,584.737689,0.810000,583.927689
1432,-1.557340,-2.554541,-4.554541,-0.554541,noise,none,0.000000,9,580.804689,566.788628,0.810000,565.978628
1433,-2.504217,-3.068732,-5.068732,-1.068732,noise,none,0.000000,9,580.804689,558.266738,0.810000,557.456738
1434,-4.151707,-3.030444,-5.030444,-1.030444,noise,none,0.000000,9,580.804689,543.439325,0.810000,542.629325
1435,-3.758315,-2.248477,-4.248477,-0.248477,informed,none,0.000000,9,580.804689,546.979857,0.810000,546.169857
1436,-4.427733,-5.892401,-7.892401,-3.892401,informed,none,0.000000,9,580.804689,540.955088,0.810000,540.145088
1437,-5.413596,-5.634335,-7.634335,-3.634335,informed,none,0.000000,9,580.804689,532.082321,0.810000,531.272321
1438,-4.488809,-4.929411,-6.929411,-2.929411,noise,none,0.000000,9,580.804689,540.405410,0.810000,539.595410
1439,-3.116729,-2.924937,-4.924937,-0.924937,noise,none,0.000000,9,580.804689,552.754125,0.810000,551.944125
1440,-3.588413,-4.159597,-6.159597,-2.159597,informed,none,0.000000,9,580.804689,548.508967,0.810000,547.698967
1441,-3.019316,-3.062878,-5.062878,-1.062878,informed,none,0.000000,9,580.804689,553.630847,0.810000,552.820847
1442,-3.830082,-2.225481,-4.225481,-0.225481,noise,none,0.000000,9,580.804689,546.333948,0.810000,545.523948
1443,-2.604225,-2.404775,-4.404775,-0.404775,noise,none,0.000000,9,580.804689,557.366664,0.810000,556.556664
1444,-3.464916,-4.105482,-6.105482,-2.105482,noise,none,0.000000,9,580.804689,549.620441,0.810000,548.810441
1445,-2.938329,-3.739507,-5.739507,-1.739507,informed,none,0.000000,9,580.804689,554.359727,0.810000,553.549727
1446,-4.249894,-5.313845,-7.313845,-3.313845,noise,none,0.000000,9,580.804689,542.555646,0.810000,541.745646
1447,-4.388633,-3.826614,-5.826614,-1.826614,noise,none,0.000000,9,580.804689,541.306988,0.810000,540.496988
1448,-3.892353,-4.621313,-6.621313,-2.621313,noise,none,0.000000,9,580.804689,545.773515,0.810000,544.963515
1449,-3.597875,-4.211188,-6.211188,-2.211188,informed,none,0.000000,9,580.804689,548.423815,0.810000,547.613815
1450,-3.386480,-3.050937,-5.050937,-1.050937,informed,none,0.000000,9,580.804689,550.326371,0.810000,549.516371
1451,-3.208692,-3.140421,-5.140421,-1.140421,informed,none,0.000000,9,580.804689,551.926462,0.810000,551.116462
1452,-4.161785,-5.450631,-7.450631,-3.450631,informed,none,0.000000,9,580.804689,543.348627,0.810000,542.538627
1453,-2.477340,-2.465460,-4.465460,-0.465460,noise,none,0.000000,9,580.804689,558.508630,0.810000,557.698630
1454,-2.768845,-2.253326,-4.253326,-0.253326,noise,none,0.000000,9,580.804689,555.885080,0.810000,555.075080
1455,-2.316449,-0.462993,-2.462993,1.537007,informed,none,0.000000,9,580.804689,559.956644,0.810000,559.146644
1456,-1.952859,-3.155151,-5.155151,-1.155151,informed,none,0.000000,9,580.804689,563.228954,0.810000,562.418954
1457,-3.144540,-1.846546,-3.846546,0.153454,noise,buy_from_mm,0.153454,8,580.958142,555.801821,0.640000,555.161821
1458,-3.211066,-4.359245,-6.359245,-2.359245,informed,none,0.000000,8,580.958142,555.269616,0.640000,554.629616
1459,-2.601065,-2.225739,-4.225739,-0.225739,noise,buy_from_mm,-0.225739,7,580.732403,562.524951,0.490000,562.034951
1460,-3.079681,-1.793339,-3.793339,0.206661,noise,none,0.000000,7,580.732403,559.174637,0.490000,558.684637
1461,-4.371195,-5.411034,-7.411034,-3.411034,noise,none,0.000000,7,580.732403,550.134039,0.490000,549.644039
1462,-3.254880,-3.952842,-5.952842,-1.952842,noise,buy_from_mm,-1.952842,6,578.779561,559.250280,0.360000,558.890280
1463,-3.836493,-3.990238,-5.990238,-1.990238,noise,none,0.000000,6,578.779561,555.760605,0.360000,555.400605
1464,-3.698618,-4.041967,-6.041967,-2.041967,noise,none,0.000000,6,578.779561,556.587852,0.360000,556.227852
1465,-3.940535,-2.316673,-4.316673,-0.316673,informed,none,0.000000,6,578.779561,555.136351,0.360000,554.776351
1466,-3.710327,-3.338385,-5.338385,-1.338385,noise,none,0.000000,6,578.779561,556.517602,0.360000,556.157602
1467,-4.242780,-3.814350,-5.814350,-1.814350,noise,none,0.000000,6,578.779561,553.322881,0.360000,552.962881
1468,-2.555186,-3.194754,-5.194754,-1.194754,noise,none,0.000000,6,578.779561,563.448446,0.360000,563.088446
1469,-1.870843,-2.788199,-4.788199,-0.788199,informed,none,0.000000,6,578.779561,567.554504,0.360000,567.194504
1470,-3.075573,-2.706739,-4.706739,-0.706739,informed,none,0.000000,6,578.779561,560.326124,0.360000,559.966124
1471,-1.945109,-0.920478,-2.920478,1.079522,noise,sell_to_mm,-2.920478,7,581.700039,568.084277,0.490000,567.594277
1472,-0.713519,0.478258,-1.521742,2.478258,noise,none,0.000000,7,581.700039,576.705406,0.490000,576.215406
1473,1.178942,0.437906,-1.562094,2.437906,informed,none,0.000000,7,581.700039,589.952632,0.490000,589.462632
1474,0.649108,2.062141,0.062141,4.062141,noise,none,0.000000,7,581.700039,586.243792,0.490000,585.753792
1475,0.279259,-0.600184,-2.600184,1.399816,noise,none,0.000000,7,581.700039,583.654851,0.490000,583.164851
1476,-1.215375,-1.248743,-3.248743,0.751257,informed,none,0.000000,7,581.700039,573.192412,0.490000,572.702412
1477,-0.192295,0.348045,-1.651955,2.348045,informed,none,0.000000,7,581.700039,580.353972,0.490000,579.863972
1478,-2.542169,-4.763795,-6.763795,-2.763795,noise,buy_from_mm,-2.763795,6,578.936243,563.683230,0.360000,563.323230
1479,-2.217069,-1.420890,-3.420890,0.579110,informed,none,0.000000,6,578.936243,565.633829,0.360000,565.273829
1480,-2.798791,-4.919115,-6.919115,-2.919115,informed,buy_from_mm,-2.919115,5,576.017128,562.023172,0.250000,561.773172
1481,-3.105663,-2.996458,-4.996458,-0.996458,noise,buy_from_mm,-0.996458,4,575.020671,562.598019,0.160000,562.438019
1482,-2.530761,-2.454042,-4.454042,-0.454042,informed,none,0.000000,4,575.020671,564.897627,0.160000,564.737627
1483,-1.848167,-1.941152,-3.941152,0.058848,informed,none,0.000000,4,575.020671,567.628002,0.160000,567.468002
1484,-2.326965,-4.341371,-6.341371,-2.341371,noise,buy_from_mm,-2.341371,3,572.679299,565.698404,0.090000,565.608404
1485,-2.789989,-3.347130,-5.347130,-1.347130,informed,none,0.000000,3,572.679299,564.309331,0.090000,564.219331
1486,-3.685604,-2.719967,-4.719967,-0.719967,informed,none,0.000000,3,572.679299,561.622488,0.090000,561.532488
1487,-3.841315,-4.791681,-6.791681,-2.791681,informed,none,0.000000,3,572.679299,561.155355,0.090000,561.065355
1488,-3.073570,-4.187538,-6.187538,-2.187538,noise,buy_from_mm,-2.187538,2,570.491761,564.344622,0.040000,564.304622
1489,-3.354972,-2.324302,-4.324302,-0.324302,noise,none,0.000000,2,570.491761,563.781817,0.040000,563.741817
1490,-4.303120,-4.350114,-6.350114,-2.350114,noise,none,0.000000,2,570.491761,561.885521,0.040000,561.845521
1491,-4.380176,-4.706319,-6.706319,-2.706319,noise,sell_to_mm,-6.706319,3,577.198080,564.057552,0.090000,563.967552
1492,-3.496083,-2.514062,-4.514062,-0.514062,informed,none,0.000000,3,577.198080,566.709832,0.090000,566.619832
1493,-5.497507,-6.313176,-8.313176,-4.313176,noise,none,0.000000,3,577.198080,560.705559,0.090000,560.615559
1494,-4.205232,-5.751676,-7.751676,-3.751676,noise,none,0.000000,3,577.198080,564.582385,0.090000,564.492385
1495,-4.810344,-4.269822,-6.269822,-2.269822,noise,none,0.000000,3,577.198080,562.767049,0.090000,562.677049
1496,-5.798157,-5.842132,-7.842132,-3.842132,noise,none,0.000000,3,577.198080,559.803610,0.090000,559.713610
1497,-8.233638,-8.072379,-10.072379,-6.072379,informed,none,0.000000,3,577.198080,552.497167,0.090000,552.407167
1498,-7.448712,-5.869967,-7.869967,-3.869967,informed,none,0.000000,3,577.198080,554.851945,0.090000,554.761945
1499,-6.967766,-7.093943,-9.093943,-5.093943,noise,none,0.000000,3,577.198080,556.294783,0.090000,556.204783
1500,-6.194021,-5.480868,-7.480868,-3.480868,noise,none,0.000000,3,577.198080,558.616016,0.090000,558.526016
1501,-8.230372,-7.987626,-9.987626,-5.987626,noise,none,0.000000,3,577.198080,552.506964,0.090000,552.416964
1502,-10.114608,-9.808921,-11.808921,-7.808921,informed,none,0.000000,3,577.198080,546.854257,0.090000,546.764257
1503,-11.107210,-11.037686,-13.037686,-9.037686,noise,buy_from_mm,-9.037686,2,568.160394,545.945975,0.040000,545.905975
1504,-12.396195,-12.281258,-14.281258,-10.281258,noise,none,0.000000,2,568.160394,543.368005,0.040000,543.328005
1505,-11.872954,-11.532915,-13.532915,-9.532915,noise,sell_to_mm,-13.532915,3,581.693309,546.074445,0.090000,545.984445
1506,-13.484762,-14.194232,-16.194232,-12.194232,noise,none,0.000000,3,581.693309,541.239023,0.090000,541.149023
1507,-13.145652,-13.524444,-15.524444,-11.524444,informed,none,0.000000,3,581.693309,542.256353,0.090000,542.166353
1508,-14.205699,-14.547856,-16.547856,-12.547856,noise,buy_from_mm,-12.547856,2,569.145453,540.734054,0.040000,540.694054
1509,-14.093492,-13.288866,-15.288866,-11.288866,noise,sell_to_mm,-15.288866,3,584.434318,542.153843,0.090000,542.063843
1510,-14.528371,-14.716290,-16.716290,-12.716290,noise,none,0.000000,3,584.434318,540.849205,0.090000,540.759205
1511,-14.994916,-15.495983,-17.495983,-13.495983,informed,none,0.000000,3,584.434318,539.449571,0.090000,539.359571
1512,-15.601003,-15.044674,-17.044674,-13.044674,informed,none,0.000000,3,584.434318,537.631309,0.090000,537.541309
1513,-15.683089,-15.699914,-17.699914,-13.699914,noise,buy_from_mm,-13.699914,2,570.734405,539.368227,0.040000,539.328227
1514,-16.299473,-14.286389,-16.286389,-12.286389,noise,none,0.000000,2,570.734405,538.135460,0.040000,538.095460
1515,-16.993603,-18.384499,-20.384499,-16.384499,noise,none,0.000000,2,570.734405,536.747198,0.040000,536.707198
1516,-15.345885,-14.101150,-16.101150,-12.101150,noise,none,0.000000,2,570.734405,540.042635,0.040000,540.002635
1517,-15.626808,-15.922773,-17.922773,-13.922773,informed,none,0.000000,2,570.734405,539.480788,0.040000,539.440788
1518,-15.157135,-13.956666,-15.956666,-11.956666,noise,buy_from_mm,-11.956666,1,558.777738,543.620604,0.010000,543.610604
1519,-13.722326,-12.099180,-14.099180,-10.099180,informed,none,0.000000,1,558.777738,545.055412,0.010000,545.045412
1520,-12.619804,-12.335862,-14.335862,-10.335862,noise,none,0.000000,1,558.777738,546.157935,0.010000,546.147935
1521,-11.442547,-11.344041,-13.344041,-9.344041,informed,none,0.000000,1,558.777738,547.335191,0.010000,547.325191
1522,-10.285975,-10.673124,-12.673124,-8.673124,informed,none,0.000000,1,558.777738,548.491763,0.010000,548.481763
1523,-11.488924,-11.310391,-13.310391,-9.310391,noise,none,0.000000,1,558.777738,547.288815,0.010000,547.278815
1524,-11.646363,-10.609371,-12.609371,-8.609371,noise,none,0.000000,1,558.777738,547.131375,0.010000,547.121375
1525,-12.270000,-11.608863,-13.608863,-9.608863,informed,none,0.000000,1,558.777738,546.507738,0.010000,546.497738
1526,-12.247442,-13.011109,-15.011109,-11.011109,informed,none,0.000000,1,558.777738,546.530297,0.010000,546.520297
1527,-12.678807,-11.633531,-13.633531,-9.633531,noise,none,0.000000,1,558.777738,546.098931,0.010000,546.088931
1528,-11.937484,-12.431148,-14.431148,-10.431148,noise,none,0.000000,1,558.777738,546.840254,0.010000,546.830254
1529,-9.859846,-8.242322,-10.242322,-6.242322,informed,none,0.000000,1,558.777738,548.917892,0.010000,548.907892
1530,-9.709256,-9.162807,-11.162807,-7.162807,informed,none,0.000000,1,558.777738,549.068482,0.010000,549.058482
1531,-9.731057,-8.545292,-10.545292,-6.545292,informed,none,0.000000,1,558.777738,549.046681,0.010000,549.036681
1532,-9.430479,-8.978351,-10.978351,-6.978351,informed,none,0.000000,1,558.777738,549.347260,0.010000,549.337260
1533,-10.456592,-9.131326,-11.131326,-7.131326,informed,none,0.000000,1,558.777738,548.321146,0.010000,548.311146
1534,-10.416636,-11.651777,-13.651777,-9.651777,noise,none,0.000000,1,558.777738,548.361103,0.010000,548.351103
1535,-9.394527,-9.973865,-11.973865,-7.973865,noise,none,0.000000,1,558.777738,549.383211,0.010000,549.373211
1536,-12.011904,-10.939175,-12.939175,-8.939175,noise,none,0.000000,1,558.777738,546.765834,0.010000,546.755834
1537,-9.990860,-10.419941,-12.419941,-8.419941,noise,none,0.000000,1,558.777738,548.786878,0.010000,548.776878
1538,-9.997810,-11.125408,-13.125408,-9.125408,noise,none,0.000000,1,558.777738,548.779928,0.010000,548.769928
1539,-9.735353,-10.406561,-12.406561,-8.406561,noise,none,0.000000,1,558.777738,549.042386,0.010000,549.032386
1540,-10.112463,-10.273726,-12.273726,-8.273726,informed,none,0.000000,1,558.777738,548.665275,0.010000,548.655275
1541,-9.558766,-10.083020,-12.083020,-8.083020,noise,buy_from_mm,-8.083020,0,550.694719,550.694719,0.000000,550.694719
1542,-7.710706,-10.462314,-12.462314,-8.462314,informed,buy_from_mm,-8.462314,-1,542.232404,549.943111,0.010000,549.933111
1543,-6.188209,-5.714402,-7.714402,-3.714402,informed,none,0.000000,-1,542.232404,548.420614,0.010000,548.410614
1544,-6.446198,-7.214616,-9.214616,-5.214616,noise,none,0.000000,-1,542.232404,548.678603,0.010000,548.668603
1545,-6.700011,-6.660952,-8.660952,-4.660952,informed,none,0.000000,-1,542.232404,548.932415,0.010000,548.922415
1546,-5.546283,-7.393366,-9.393366,-5.393366,noise,none,0.000000,-1,542.232404,547.778687,0.010000,547.768687
1547,-4.356412,-3.867549,-5.867549,-1.867549,noise,none,0.000000,-1,542.232404,546.588816,0.010000,546.578816
1548,-5.327031,-5.154993,-7.154993,-3.154993,noise,none,0.000000,-1,542.232404,547.559436,0.010000,547.549436
1549,-7.167570,-7.753617,-9.753617,-5.753617,noise,none,0.000000,-1,542.232404,549.399975,0.010000,549.389975
1550,-6.763282,-6.136289,-8.136289,-4.136289,informed,none,0.000000,-1,542.232404,548.995687,0.010000,548.985687
1551,-8.158623,-7.677325,-9.677325,-5.677325,noise,sell_to_mm,-9.677325,0,551.909729,551.909729,0.000000,551.909729
1552,-7.591657,-8.769740,-10.769740,-6.769740,informed,none,0.000000,0,551.909729,551.909729,0.000000,551.909729
1553,-7.519159,-6.688998,-8.688998,-4.688998,informed,none,0.000000,0,551.909729,551.909729,0.000000,551.909729
1554,-6.851521,-6.759781,-8.759781,-4.759781,informed,none,0.000000,0,551.909729,551.909729,0.000000,551.909729
1555,-7.937897,-9.136128,-11.136128,-7.136128,noise,none,0.000000,0,551.909729,551.909729,0.000000,551.909729
1556,-9.710924,-9.009544,-11.009544,-7.009544,informed,none,0.000000,0,551.909729,551.909729,0.000000,551.909729
1557,-9.018592,-8.135725,-10.135725,-6.135725,noise,sell_to_mm,-10.135725,1,562.045454,553.026862,0.010000,553.016862
1558,-8.948944,-9.287326,-11.287326,-7.287326,informed,none,0.000000,1,562.045454,553.096510,0.010000,553.086510
1559,-8.270891,-7.641071,-9.641071,-5.641071,noise,none,0.000000,1,562.045454,553.774563,0.010000,553.764563
1560,-8.545317,-8.329753,-10.329753,-6.329753,noise,none,0.000000,1,562.045454,553.500137,0.010000,553.490137
1561,-7.487466,-9.361697,-11.361697,-7.361697,informed,none,0.000000,1,562.045454,554.557988,0.010000,554.547988
1562,-7.264733,-7.035595,-9.035595,-5.035595,informed,none,0.000000,1,562.045454,554.780721,0.010000,554.770721
1563,-5.340276,-5.094500,-7.094500,-3.094500,noise,sell_to_mm,-7.094500,2,569.139954,558.459402,0.040000,558.419402
1564,-5.125775,-4.960755,-6.960755,-2.960755,informed,none,0.000000,2,569.139954,558.888403,0.040000,558.848403
1565,-4.380095,-4.996471,-6.996471,-2.996471,informed,none,0.000000,2,569.139954,560.379764,0.040000,560.339764
1566,-5.514739,-4.126311,-6.126311,-2.126311,noise,sell_to_mm,-6.126311,3,575.266265,558.722046,0.090000,558.632046
1567,-3.843661,-2.756507,-4.756507,-0.756507,noise,none,0.000000,3,575.266265,563.735281,0.090000,563.645281
1568,-4.660335,-5.348873,-7.348873,-3.348873,noise,none,0.000000,3,575.266265,561.285260,0.090000,561.195260
1569,-4.246555,-4.630700,-6.630700,-2.630700,noise,sell_to_mm,-6.630700,4,581.896965,564.910744,0.160000,564.750744
1570,-5.435545,-4.768470,-6.768470,-2.768470,noise,none,0.000000,4,581.896965,560.154784,0.160000,559.994784
1571,-4.679162,-4.877462,-6.877462,-2.877462,noise,buy_from_mm,-2.877462,3,579.019502,564.982015,0.090000,564.892015
1572,-1.866144,-0.925525,-2.925525,1.074475,noise,sell_to_mm,-2.925525,4,581.945028,574.480453,0.160000,574.320453
1573,-1.232649,-1.681127,-3.681127,0.318873,noise,sell_to_mm,-3.681127,5,585.626155,579.462910,0.250000,579.212910
1574,0.132584,0.778929,-1.221071,2.778929,noise,none,0.000000,5,585.626155,586.289074,0.250000,586.039074
1575,0.054419,-0.775335,-2.775335,1.224665,informed,none,0.000000,5,585.626155,585.898250,0.250000,585.648250
1576,0.611615,1.828514,-0.171486,3.828514,informed,none,0.000000,5,585.626155,588.684232,0.250000,588.434232
1577,0.477085,1.817934,-0.182066,3.817934,informed,none,0.000000,5,585.626155,588.011581,0.250000,587.761581
1578,0.500670,0.030749,-1.969251,2.030749,noise,sell_to_mm,-1.969251,6,587.595406,590.599427,0.360000,590.239427
1579,-0.012281,0.709533,-1.290467,2.709533,noise,none,0.000000,6,587.595406,587.521720,0.360000,587.161720
1580,0.382104,-0.582825,-2.582825,1.417175,informed,none,0.000000,6,587.595406,589.888031,0.360000,589.528031
1581,0.655160,0.177290,-1.822710,2.177290,noise,none,0.000000,6,587.595406,591.526367,0.360000,591.166367
1582,0.411540,2.056739,0.056739,4.056739,informed,none,0.000000,6,587.595406,590.064643,0.360000,589.704643
1583,0.893641,1.681300,-0.318700,3.681300,noise,none,0.000000,6,587.595406,592.957253,0.360000,592.597253
1584,0.198247,0.926926,-1.073074,2.926926,noise,none,0.000000,6,587.595406,588.784888,0.360000,588.424888
1585,-0.909265,-0.422117,-2.422117,1.577883,noise,buy_from_mm,1.577883,5,589.173288,584.626966,0.250000,584.376966
1586,-1.220836,0.097813,-1.902187,2.097813,informed,none,0.000000,5,589.173288,583.069106,0.250000,582.819106
1587,-1.121519,0.884487,-1.115513,2.884487,noise,sell_to_mm,-1.115513,6,590.288801,583.559689,0.360000,583.199689
1588,-1.486958,-2.442716,-4.442716,-0.442716,informed,none,0.000000,6,590.288801,581.367052,0.360000,581.007052
1589,-0.130951,-0.625401,-2.625401,1.374599,noise,none,0.000000,6,590.288801,589.503094,0.360000,589.143094
1590,-2.019110,-1.076976,-3.076976,0.923024,noise,buy_from_mm,0.923024,5,591.211825,581.116278,0.250000,580.866278
1591,-1.221388,-0.836157,-2.836157,1.163843,noise,sell_to_mm,-2.836157,6,594.047983,586.719656,0.360000,586.359656
1592,0.643319,-1.999030,-3.999030,0.000970,informed,buy_from_mm,0.000970,5,594.048953,597.265546,0.250000,597.015546
1593,0.198478,0.371471,-1.628529,2.371471,noise,none,0.000000,5,594.048953,595.041341,0.250000,594.791341
1594,0.059867,0.646308,-1.353692,2.646308,noise,none,0.000000,5,594.048953,594.348287,0.250000,594.098287
1595,0.308540,0.598750,-1.401250,2.598750,informed,none,0.000000,5,594.048953,595.591651,0.250000,595.341651
1596,0.241168,2.167433,0.167433,4.167433,noise,none,0.000000,5,594.048953,595.254795,0.250000,595.004795
1597,-0.513199,0.034424,-1.965576,2.034424,informed,none,0.000000,5,594.048953,591.482959,0.250000,591.232959
1598,-0.734919,-0.401640,-2.401640,1.598360,noise,sell_to_mm,-2.401640,6,596.450593,592.041078,0.360000,591.681078
1599,-2.613551,-2.419483,-4.419483,-0.419483,noise,none,0.000000,6,596.450593,580.769289,0.360000,580.409289
1600,-2.683213,-3.267241,-5.267241,-1.267241,noise,none,0.000000,6,596.450593,580.351314,0.360000,579.991314
1601,-3.675053,-2.881393,-4.881393,-0.881393,informed,none,0.000000,6,596.450593,574.400275,0.360000,574.040275
1602,-3.542526,-3.808129,-5.808129,-1.808129,noise,none,0.000000,6,596.450593,575.195435,0.360000,574.835435
1603,-3.274918,-2.739559,-4.739559,-0.739559,noise,buy_from_mm,-0.739559,5,595.711034,579.336443,0.250000,579.086443
1604,-3.730805,-4.265974,-6.265974,-2.265974,noise,sell_to_mm,-6.265974,6,601.977008,579.592178,0.360000,579.232178
1605,-3.339255,-3.314341,-5.314341,-1.314341,noise,none,0.000000,6,601.977008,581.941477,0.360000,581.581477
1606,-2.536565,-2.595780,-4.595780,-0.595780,noise,none,0.000000,6,601.977008,586.757619,0.360000,586.397619
1607,-2.781915,-1.713398,-3.713398,0.286602,noise,none,0.000000,6,601.977008,585.285519,0.360000,584.925519
1608,-3.768130,-2.643300,-4.643300,-0.643300,informed,none,0.000000,6,601.977008,579.368229,0.360000,579.008229
1609,-3.673619,-3.857307,-5.857307,-1.857307,noise,buy_from_mm,-1.857307,5,600.119701,581.751607,0.250000,581.501607
1610,-2.959708,-2.747420,-4.747420,-0.747420,noise,sell_to_mm,-4.747420,6,604.867122,587.108871,0.360000,586.748871
1611,-2.095270,-1.111787,-3.111787,0.888213,informed,none,0.000000,6,604.867122,592.295502,0.360000,591.935502
1612,-1.874492,-0.989565,-2.989565,1.010435,noise,none,0.000000,6,604.867122,593.620170,0.360000,593.260170
1613,-0.488095,-0.755056,-2.755056,1.244944,noise,sell_to_mm,-2.755056,7,607.622178,604.205511,0.490000,603.715511
1614,-1.875042,-2.500855,-4.500855,-0.500855,noise,buy_from_mm,-0.500855,6,607.121323,595.871071,0.360000,595.511071
1615,-1.732227,-1.412678,-3.412678,0.587322,informed,none,0.000000,6,607.121323,596.727960,0.360000,596.367960
1616,-2.268044,-2.422946,-4.422946,-0.422946,noise,none,0.000000,6,607.121323,593.513057,0.360000,593.153057
1617,-2.121127,-2.791996,-4.791996,-0.791996,noise,buy_from_mm,-0.791996,5,606.329327,595.723691,0.250000,595.473691
1618,-3.360184,-5.221854,-7.221854,-3.221854,noise,sell_to_mm,-7.221854,6,613.551181,593.390076,0.360000,593.030076
1619,-2.269487,-3.809986,-5.809986,-1.809986,noise,none,0.000000,6,613.551181,599.934259,0.360000,599.574259
1620,-1.066340,-1.178761,-3.178761,0.821239,noise,none,0.000000,6,613.551181,607.153144,0.360000,606.793144
1621,-0.868814,-0.907055,-2.907055,1.092945,noise,sell_to_mm,-2.907055,7,616.458237,610.376538,0.490000,609.886538
1622,0.279598,-0.868816,-2.868816,1.131184,informed,none,0.000000,7,616.458237,618.415420,0.490000,617.925420
1623,-0.070221,0.677090,-1.322910,2.677090,noise,sell_to_mm,-1.322910,8,617.781146,617.219382,0.640000,616.579382
1624,0.729873,1.847956,-0.152044,3.847956,noise,buy_from_mm,3.847956,7,621.629103,626.738212,0.490000,626.248212
1625,-0.856617,-0.292712,-2.292712,1.707288,noise,none,0.000000,7,621.629103,615.632786,0.490000,615.142786
1626,1.582989,1.109957,-0.890043,3.109957,informed,none,0.000000,7,621.629103,632.710024,0.490000,632.220024
1627,2.005287,2.157147,0.157147,4.157147,noise,none,0.000000,7,621.629103,635.666110,0.490000,635.176110
1628,1.415937,1.082611,-0.917389,3.082611,informed,none,0.000000,7,621.629103,631.540665,0.490000,631.050665
1629,1.104486,2.274762,0.274762,4.274762,informed,none,0.000000,7,621.629103,629.360507,0.490000,628.870507
1630,2.426151,3.026373,1.026373,5.026373,noise,none,0.000000,7,621.629103,638.612162,0.490000,638.122162
1631,1.268289,1.717810,-0.282190,3.717810,noise,none,0.000000,7,621.629103,630.507124,0.490000,630.017124
1632,1.006322,1.411715,-0.588285,3.411715,informed,none,0.000000,7,621.629103,628.673354,0.490000,628.183354
1633,3.003417,2.785210,0.785210,4.785210,noise,none,0.000000,7,621.629103,642.653024,0.490000,642.163024
1634,3.778637,3.371251,1.371251,5.371251,informed,none,0.000000,7,621.629103,648.079564,0.490000,647.589564
1635,3.345904,3.599044,1.599044,5.599044,informed,none,0.000000,7,621.629103,645.050433,0.490000,644.560433
1636,3.196029,2.268555,0.268555,4.268555,informed,none,0.000000,7,621.629103,644.001308,0.490000,643.511308
1637,1.942722,0.790687,-1.209313,2.790687,informed,none,0.000000,7,621.629103,635.228159,0.490000,634.738159
1638,3.646691,3.076790,1.076790,5.076790,noise,none,0.000000,7,621.629103,647.155937,0.490000,646.665937
1639,3.452115,5.703591,3.703591,7.703591,noise,sell_to_mm,3.703591,8,617.925512,645.542429,0.640000,644.902429
1640,4.973103,5.512467,3.512467,7.512467,noise,none,0.000000,8,617.925512,657.710334,0.640000,657.070334
1641,6.789104,6.807310,4.807310,8.807310,noise,none,0.000000,8,617.925512,672.238342,0.640000,671.598342
1642,6.742996,5.596580,3.596580,7.596580,informed,none,0.000000,8,617.925512,671.869483,0.640000,671.229483
1643,7.330405,5.745670,3.745670,7.745670,noise,sell_to_mm,3.745670,9,614.179841,680.153487,0.810000,679.343487
1644,6.362375,6.858275,4.858275,8.858275,informed,none,0.000000,9,614.179841,671.441216,0.810000,670.631216
1645,5.421495,5.279867,3.279867,7.279867,noise,none,0.000000,9,614.179841,662.973297,0.810000,662.163297
1646,4.655553,5.018164,3.018164,7.018164,noise,sell_to_mm,3.018164,10,611.161677,657.717208,1.000000,656.717208
1647,4.300839,3.377270,1.377270,5.377270,informed,none,0.000000,10,611.161677,654.170064,1.000000,653.170064
1648,4.370808,4.194737,2.194737,6.194737,informed,none,0.000000,10,611.161677,654.869758,1.000000,653.869758
1649,3.526376,2.474159,0.474159,4.474159,informed,none,0.000000,10,611.161677,646.425434,1.000000,645.425434
1650,4.283330,4.633783,2.633783,6.633783,noise,none,0.000000,10,611.161677,653.994975,1.000000,652.994975
1651,6.263395,6.417431,4.417431,8.417431,noise,none,0.000000,10,611.161677,673.795627,1.000000,672.795627
1652,6.800751,7.012777,5.012777,9.012777,informed,none,0.000000,10,611.161677,679.169188,1.000000,678.169188
1653,7.133688,6.616089,4.616089,8.616089,noise,none,0.000000,10,611.161677,682.498552,1.000000,681.498552
1654,6.720489,5.737784,3.737784,7.737784,informed,none,0.000000,10,611.161677,678.366562,1.000000,677.366562
1655,7.252550,8.561327,6.561327,10.561327,noise,none,0.000000,10,611.161677,683.687179,1.000000,682.687179
1656,7.774233,8.513012,6.513012,10.513012,noise,none,0.000000,10,611.161677,688.904010,1.000000,687.904010
1657,8.189371,10.099651,8.099651,12.099651,informed,none,0.000000,10,611.161677,693.055384,1.000000,692.055384
1658,8.016550,7.658032,5.658032,9.658032,noise,none,0.000000,10,611.161677,691.327172,1.000000,690.327172
1659,9.455107,7.637758,5.637758,9.637758,noise,none,0.000000,10,611.161677,705.712750,1.000000,704.712750
1660,9.278756,9.821583,7.821583,11.821583,informed,none,0.000000,10,611.161677,703.949237,1.000000,702.949237
1661,10.379611,8.962627,6.962627,10.962627,noise,buy_from_mm,10.962627,9,622.124304,715.540806,0.810000,714.730806
1662,10.919082,10.267340,8.267340,12.267340,noise,none,0.000000,9,622.124304,720.396040,0.810000,719.586040
1663,12.202741,12.418373,10.418373,14.418373,noise,buy_from_mm,14.418373,8,636.542676,734.164601,0.640000,733.524601
1664,12.644143,12.482797,10.482797,14.482797,noise,none,0.000000,8,636.542676,737.695818,0.640000,737.055818
1665,12.267387,12.130715,10.130715,14.130715,noise,sell_to_mm,10.130715,9,626.411961,736.818448,0.810000,736.008448
1666,12.511419,13.805647,11.805647,15.805647,noise,buy_from_mm,15.805647,8,642.217608,742.308957,0.640000,741.668957
1667,12.402390,13.533836,11.533836,15.533836,noise,none,0.000000,8,642.217608,741.436725,0.640000,740.796725
1668,12.160685,12.388744,10.388744,14.388744,noise,sell_to_mm,10.388744,9,631.828863,741.275030,0.810000,740.465030
1669,13.108376,13.931461,11.931461,15.931461,informed,none,0.000000,9,631.828863,749.804246,0.810000,748.994246
1670,13.305215,14.482777,12.482777,16.482777,noise,none,0.000000,9,631.828863,751.575797,0.810000,750.765797
1671,14.293778,14.980976,12.980976,16.980976,noise,buy_from_mm,16.980976,8,648.809840,763.160063,0.640000,762.520063
1672,13.016831,10.823257,8.823257,12.823257,informed,buy_from_mm,12.823257,7,661.633096,752.750912,0.490000,752.260912
1673,13.470340,11.246968,9.246968,13.246968,noise,buy_from_mm,13.246968,6,674.880065,755.702103,0.360000,755.342103
1674,13.483386,13.148781,11.148781,15.148781,noise,buy_from_mm,15.148781,5,690.028845,757.445774,0.250000,757.195774
1675,12.999598,11.686613,9.686613,13.686613,noise,sell_to_mm,9.686613,6,680.342232,758.339819,0.360000,757.979819
1676,12.943763,13.310449,11.310449,15.310449,informed,none,0.000000,6,680.342232,758.004812,0.360000,757.644812
1677,12.661866,12.248537,10.248537,14.248537,noise,none,0.000000,6,680.342232,756.313426,0.360000,755.953426
1678,12.824394,13.212970,11.212970,15.212970,informed,none,0.000000,6,680.342232,757.288596,0.360000,756.928596
1679,12.102626,10.814152,8.814152,12.814152,informed,none,0.000000,6,680.342232,752.957989,0.360000,752.597989
1680,11.878410,10.095718,8.095718,12.095718,noise,none,0.000000,6,680.342232,751.612690,0.360000,751.252690
1681,11.642450,10.403346,8.403346,12.403346,noise,none,0.000000,6,680.342232,750.196934,0.360000,749.836934
1682,11.497096,14.265314,12.265314,16.265314,informed,sell_to_mm,12.265314,7,668.076918,748.556587,0.490000,748.066587
1683,11.312667,10.914798,8.914798,12.914798,informed,none,0.000000,7,668.076918,747.265588,0.490000,746.775588
1684,12.087289,11.942020,9.942020,13.942020,noise,sell_to_mm,9.942020,8,658.134899,754.833213,0.640000,754.193213
1685,13.495857,13.945095,11.945095,15.945095,informed,none,0.000000,8,658.134899,766.101751,0.640000,765.461751
1686,14.747045,12.120064,10.120064,14.120064,noise,sell_to_mm,10.120064,9,648.014835,780.738236,0.810000,779.928236
1687,16.055010,15.215509,13.215509,17.215509,noise,none,0.000000,9,648.014835,792.509921,0.810000,791.699921
1688,17.438618,18.030066,16.030066,20.030066,informed,none,0.000000,9,648.014835,804.962399,0.810000,804.152399
1689,17.779459,16.304007,14.304007,18.304007,informed,none,0.000000,9,648.014835,808.029964,0.810000,807.219964
1690,16.867956,16.893663,14.893663,18.893663,noise,none,0.000000,9,648.014835,799.826442,0.810000,799.016442
1691,17.538496,18.939777,16.939777,20.939777,informed,none,0.000000,9,648.014835,805.861299,0.810000,805.051299
1692,18.545845,19.724400,17.724400,21.724400,noise,none,0.000000,9,648.014835,814.927439,0.810000,814.117439
1693,19.190334,20.084059,18.084059,22.084059,noise,none,0.000000,9,648.014835,820.727841,0.810000,819.917841
1694,19.826828,19.516266,17.516266,21.516266,informed,none,0.000000,9,648.014835,826.456283,0.810000,825.646283
1695,20.176208,18.347746,16.347746,20.347746,noise,none,0.000000,9,648.014835,829.600711,0.810000,828.790711
1696,21.019143,20.796986,18.796986,22.796986,noise,sell_to_mm,18.796986,10,629.217848,839.409278,1.000000,838.409278
1697,19.293390,19.159905,17.159905,21.159905,noise,none,0.000000,10,629.217848,822.151745,1.000000,821.151745
1698,20.102010,20.892586,18.892586,22.892586,noise,none,0.000000,10,629.217848,830.237947,1.000000,829.237947
1699,20.927524,21.151325,19.151325,23.151325,informed,none,0.000000,10,629.217848,838.493087,1.000000,837.493087
1700,19.356783,20.342529,18.342529,22.342529,noise,none,0.000000,10,629.217848,822.785674,1.000000,821.785674
1701,19.587768,18.982159,16.982159,20.982159,informed,none,0.000000,10,629.217848,825.095525,1.000000,824.095525
1702,20.563890,21.525850,19.525850,23.525850,noise,buy_from_mm,23.525850,9,652.743698,837.818710,0.810000,837.008710
1703,20.495184,19.864403,17.864403,21.864403,noise,none,0.000000,9,652.743698,837.200353,0.810000,836.390353
1704,20.943254,20.611706,18.611706,22.611706,noise,none,0.000000,9,652.743698,841.232986,0.810000,840.422986
1705,20.545729,20.572879,18.572879,22.572879,informed,none,0.000000,9,652.743698,837.655256,0.810000,836.845256
1706,22.798029,22.769003,20.769003,24.769003,informed,none,0.000000,9,652.743698,857.925962,0.810000,857.115962
1707,23.555510,24.812458,22.812458,26.812458,noise,none,0.000000,9,652.743698,864.743290,0.810000,863.933290
1708,21.688304,22.591238,20.591238,24.591238,noise,none,0.000000,9,652.743698,847.938437,0.810000,847.128437
1709,21.818637,21.640497,19.640497,23.640497,noise,none,0.000000,9,652.743698,849.111427,0.810000,848.301427
1710,20.591575,19.473534,17.473534,21.473534,informed,none,0.000000,9,652.743698,838.067872,0.810000,837.257872
1711,21.207373,21.118450,19.118450,23.118450,noise,none,0.000000,9,652.743698,843.610060,0.810000,842.800060
1712,19.322193,19.425055,17.425055,21.425055,informed,none,0.000000,9,652.743698,826.643439,0.810000,825.833439
1713,16.945363,18.931434,16.931434,20.931434,informed,none,0.000000,9,652.743698,805.251969,0.810000,804.441969
1714,16.880585,16.001506,14.001506,18.001506,noise,none,0.000000,9,652.743698,804.668968,0.810000,803.858968
1715,15.347526,15.968819,13.968819,17.968819,noise,none,0.000000,9,652.743698,790.871429,0.810000,790.061429
1716,16.125897,16.079525,14.079525,18.079525,informed,none,0.000000,9,652.743698,797.876775,0.810000,797.066775
1717,17.051770,16.956667,14.956667,18.956667,noise,buy_from_mm,18.956667,8,671.700366,808.114526,0.640000,807.474526
1718,16.454789,16.240054,14.240054,18.240054,noise,none,0.000000,8,671.700366,803.338674,0.640000,802.698674
1719,16.903753,17.618988,15.618988,19.618988,noise,none,0.000000,8,671.700366,806.930387,0.640000,806.290387
1720,16.743957,16.684205,14.684205,18.684205,noise,none,0.000000,8,671.700366,805.652023,0.640000,805.012023
1721,17.485672,16.988921,14.988921,18.988921,noise,none,0.000000,8,671.700366,811.585744,0.640000,810.945744
1722,16.981813,17.468031,15.468031,19.468031,informed,none,0.000000,8,671.700366,807.554867,0.640000,806.914867
1723,18.289547,18.313635,16.313635,20.313635,noise,none,0.000000,8,671.700366,818.016740,0.640000,817.376740
1724,18.133988,17.179113,15.179113,19.179113,noise,sell_to_mm,15.179113,9,656.521252,819.727144,0.810000,818.917144
1725,16.272540,16.855682,14.855682,18.855682,informed,none,0.000000,9,656.521252,802.974117,0.810000,802.164117
1726,17.334096,16.743781,14.743781,18.743781,informed,none,0.000000,9,656.521252,812.528117,0.810000,811.718117
1727,16.693216,17.299513,15.299513,19.299513,noise,buy_from_mm,19.299513,8,675.820765,809.366495,0.640000,808.726495
1728,17.104616,16.741794,14.741794,18.741794,noise,none,0.000000,8,675.820765,812.657692,0.640000,812.017692
1729,16.633653,17.054634,15.054634,19.054634,noise,none,0.000000,8,675.820765,808.889986,0.640000,808.249986
1730,16.522994,15.067272,13.067272,17.067272,noise,none,0.000000,8,675.820765,808.004721,0.640000,807.364721
1731,16.172473,14.774870,12.774870,16.774870,informed,none,0.000000,8,675.820765,805.200552,0.640000,804.560552
1732,15.760350,15.781050,13.781050,17.781050,noise,none,0.000000,8,675.820765,801.903564,0.640000,801.263564
1733,16.450430,14.650208,12.650208,16.650208,informed,none,0.000000,8,675.820765,807.424202,0.640000,806.784202
1734,15.940310,18.345312,16.345312,20.345312,informed,sell_to_mm,16.345312,9,659.475454,802.938241,0.810000,802.128241
1735,15.787206,15.639554,13.639554,17.639554,noise,none,0.000000,9,659.475454,801.560310,0.810000,800.750310
1736,14.780999,13.191231,11.191231,15.191231,informed,none,0.000000,9,659.475454,792.504444,0.810000,791.694444
1737,16.775829,17.173750,15.173750,19.173750,noise,none,0.000000,9,659.475454,810.457912,0.810000,809.647912
1738,15.664234,15.296455,13.296455,17.296455,noise,none,0.000000,9,659.475454,800.453558,0.810000,799.643558
1739,15.194950,16.080774,14.080774,18.080774,noise,none,0.000000,9,659.475454,796.230004,0.810000,795.420004
1740,16.536502,16.730621,14.730621,18.730621,noise,none,0.000000,9,659.475454,808.303972,0.810000,807.493972
1741,15.997560,16.236143,14.236143,18.236143,informed,none,0.000000,9,659.475454,803.453494,0.810000,802.643494
1742,16.282478,14.430711,12.430711,16.430711,informed,none,0.000000,9,659.475454,806.017760,0.810000,805.207760
1743,16.726885,15.931047,13.931047,17.931047,noise,none,0.000000,9,659.475454,810.017421,0.810000,809.207421
1744,16.294034,15.459163,13.459163,17.459163,noise,buy_from_mm,17.459163,8,676.934616,807.286888,0.640000,806.646888
1745,15.565434,14.592611,12.592611,16.592611,noise,none,0.000000,8,676.934616,801.458085,0.640000,800.818085
1746,13.922716,13.888550,11.888550,15.888550,informed,none,0.000000,8,676.934616,788.316344,0.640000,787.676344
1747,15.002906,15.413475,13.413475,17.413475,noise,none,0.000000,8,676.934616,796.957866,0.640000,796.317866
1748,13.983586,13.374597,11.374597,15.374597,informed,none,0.000000,8,676.934616,788.803305,0.640000,788.163305
1749,11.299346,9.997092,7.997092,11.997092,noise,none,0.000000,8,676.934616,767.329381,0.640000,766.689381
1750,12.187884,10.978098,8.978098,12.978098,noise,none,0.000000,8,676.934616,774.437691,0.640000,773.797691
1751,12.648441,11.919720,9.919720,13.919720,informed,none,0.000000,8,676.934616,778.122148,0.640000,777.482148
1752,11.564401,13.107942,11.107942,15.107942,noise,none,0.000000,8,676.934616,769.449824,0.640000,768.809824
1753,11.286585,12.494873,10.494873,14.494873,informed,none,0.000000,8,676.934616,767.227295,0.640000,766.587295
1754,12.902966,14.139897,12.139897,16.139897,noise,none,0.000000,8,676.934616,780.158344,0.640000,779.518344
1755,14.212201,14.964520,12.964520,16.964520,noise,buy_from_mm,16.964520,7,693.899136,793.384545,0.490000,792.894545
1756,12.042685,13.688755,11.688755,15.688755,informed,none,0.000000,7,693.899136,778.197930,0.490000,777.707930
1757,11.501775,11.564222,9.564222,13.564222,informed,none,0.000000,7,693.899136,774.411561,0.490000,773.921561
1758,11.583843,12.676876,10.676876,14.676876,informed,none,0.000000,7,693.899136,774.986034,0.490000,774.496034
1759,13.772807,15.915518,13.915518,17.915518,noise,none,0.000000,7,693.899136,790.308788,0.490000,789.818788
1760,13.746546,14.888128,12.888128,16.888128,noise,none,0.000000,7,693.899136,790.124961,0.490000,789.634961
1761,13.482690,13.415158,11.415158,15.415158,informed,none,0.000000,7,693.899136,788.277968,0.490000,787.787968
1762,14.680409,15.005652,13.005652,17.005652,informed,none,0.000000,7,693.899136,796.662002,0.490000,796.172002
1763,15.057147,16.112969,14.112969,18.112969,noise,buy_from_mm,18.112969,6,712.012106,802.354989,0.360000,801.994989
1764,13.844918,14.429568,12.429568,16.429568,noise,sell_to_mm,12.429568,7,699.582538,796.496965,0.490000,796.006965
1765,13.286174,11.234707,9.234707,13.234707,noise,sell_to_mm,9.234707,8,690.347830,796.637223,0.640000,795.997223
1766,14.972835,15.146810,13.146810,17.146810,noise,none,0.000000,8,690.347830,810.130514,0.640000,809.490514
1767,16.003649,15.495704,13.495704,17.495704,noise,buy_from_mm,17.495704,7,707.843534,819.869077,0.490000,819.379077
1768,14.361703,15.192315,13.192315,17.192315,noise,buy_from_mm,17.192315,6,725.035849,811.206064,0.360000,810.846064
1769,15.210373,15.326374,13.326374,17.326374,noise,none,0.000000,6,725.035849,816.298087,0.360000,815.938087
1770,14.663774,15.355785,13.355785,17.355785,noise,none,0.000000,6,725.035849,813.018493,0.360000,812.658493
1771,14.346092,14.207098,12.207098,16.207098,noise,none,0.000000,6,725.035849,811.112400,0.360000,810.752400
1772,14.706076,14.353177,12.353177,16.353177,noise,none,0.000000,6,725.035849,813.272305,0.360000,812.912305
1773,13.978088,15.417489,13.417489,17.417489,informed,none,0.000000,6,725.035849,808.904377,0.360000,808.544377
1774,14.745259,14.497181,12.497181,16.497181,informed,none,0.000000,6,725.035849,813.507403,0.360000,813.147403
1775,16.376347,16.420596,14.420596,18.420596,informed,none,0.000000,6,725.035849,823.293932,0.360000,822.933932
1776,15.455904,15.948327,13.948327,17.948327,noise,none,0.000000,6,725.035849,817.771276,0.360000,817.411276
1777,14.209679,14.585824,12.585824,16.585824,informed,none,0.000000,6,725.035849,810.293923,0.360000,809.933923
1778,14.658939,15.337340,13.337340,17.337340,noise,none,0.000000,6,725.035849,812.989486,0.360000,812.629486
1779,14.817660,13.538598,11.538598,15.538598,informed,none,0.000000,6,725.035849,813.941808,0.360000,813.581808
1780,15.317224,15.692232,13.692232,17.692232,noise,none,0.000000,6,725.035849,816.939195,0.360000,816.579195
1781,15.213875,14.606571,12.606571,16.606571,informed,none,0.000000,6,725.035849,816.319097,0.360000,815.959097
1782,15.112879,15.198131,13.198131,17.198131,noise,buy_from_mm,17.198131,5,742.233980,817.798377,0.250000,817.548377
1783,15.227713,14.441059,12.441059,16.441059,noise,none,0.000000,5,742.233980,818.372545,0.250000,818.122545
1784,15.335334,17.079225,15.079225,19.079225,informed,none,0.000000,5,742.233980,818.910650,0.250000,818.660650
1785,13.629781,13.863603,11.863603,15.863603,noise,none,0.000000,5,742.233980,810.382886,0.250000,810.132886
1786,13.791773,13.196183,11.196183,15.196183,noise,none,0.000000,5,742.233980,811.192844,0.250000,810.942844
1787,12.618055,12.574206,10.574206,14.574206,noise,none,0.000000,5,742.233980,805.324256,0.250000,805.074256
1788,14.360925,13.436065,11.436065,15.436065,noise,sell_to_mm,11.436065,6,730.797916,816.963468,0.360000,816.603468
1789,12.554028,12.454437,10.454437,14.454437,informed,none,0.000000,6,730.797916,806.122086,0.360000,805.762086
1790,12.325398,11.097092,9.097092,13.097092,noise,buy_from_mm,13.097092,5,743.895008,805.522000,0.250000,805.272000
1791,12.081415,11.783907,9.783907,13.783907,noise,buy_from_mm,13.783907,4,757.678915,806.004574,0.160000,805.844574
1792,12.818166,12.913602,10.913602,14.913602,noise,none,0.000000,4,757.678915,808.951578,0.160000,808.791578
1793,11.943091,11.340060,9.340060,13.340060,informed,none,0.000000,4,757.678915,805.451278,0.160000,805.291278
1794,12.712683,12.291322,10.291322,14.291322,noise,none,0.000000,4,757.678915,808.529645,0.160000,808.369645
1795,14.880512,15.464233,13.464233,17.464233,informed,none,0.000000,4,757.678915,817.200964,0.160000,817.040964
1796,13.944988,13.954032,11.954032,15.954032,noise,buy_from_mm,15.954032,3,773.632947,815.467911,0.090000,815.377911
1797,11.599236,11.881259,9.881259,13.881259,noise,buy_from_mm,13.881259,2,787.514206,810.712677,0.040000,810.672677
1798,9.175065,9.946036,7.946036,11.946036,informed,none,0.000000,2,787.514206,805.864335,0.040000,805.824335
1799,9.198250,9.177545,7.177545,11.177545,informed,none,0.000000,2,787.514206,805.910706,0.040000,805.870706
1800,9.117575,9.155931,7.155931,11.155931,noise,sell_to_mm,7.155931,3,780.358275,807.710999,0.090000,807.620999
1801,8.238019,7.968100,5.968100,9.968100,noise,sell_to_mm,5.968100,4,774.390175,807.342250,0.160000,807.182250
1802,8.515854,9.388122,7.388122,11.388122,informed,none,0.000000,4,774.390175,808.453593,0.160000,808.293593
1803,7.797233,6.763851,4.763851,8.763851,noise,buy_from_mm,8.763851,3,783.154026,806.545725,0.090000,806.455725
1804,8.136894,8.328748,6.328748,10.328748,informed,none,0.000000,3,783.154026,807.564708,0.090000,807.474708
1805,6.607960,7.128503,5.128503,9.128503,informed,none,0.000000,3,783.154026,802.977906,0.090000,802.887906
1806,6.090020,6.862948,4.862948,8.862948,noise,sell_to_mm,4.862948,4,778.291078,802.651159,0.160000,802.491159
1807,4.539247,4.313701,2.313701,6.313701,informed,none,0.000000,4,778.291078,796.448068,0.160000,796.288068
1808,2.769022,2.729414,0.729414,4.729414,noise,none,0.000000,4,778.291078,789.367166,0.160000,789.207166
1809,4.372518,5.438211,3.438211,7.438211,noise,none,0.000000,4,778.291078,795.781151,0.160000,795.621151
1810,4.055864,4.573990,2.573990,6.573990,informed,none,0.000000,4,778.291078,794.514535,0.160000,794.354535
1811,2.554653,4.217176,2.217176,6.217176,noise,none,0.000000,4,778.291078,788.509692,0.160000,788.349692
1812,0.737430,0.908774,-1.091226,2.908774,informed,none,0.000000,4,778.291078,781.240799,0.160000,781.080799
1813,1.553415,2.214666,0.214666,4.214666,informed,none,0.000000,4,778.291078,784.504738,0.160000,784.344738
1814,0.456988,2.820451,0.820451,4.820451,noise,buy_from_mm,4.820451,3,783.111529,784.482493,0.090000,784.392493
1815,-0.186176,-0.512218,-2.512218,1.487782,noise,none,0.000000,3,783.111529,782.553001,0.090000,782.463001
1816,-1.490419,-1.547205,-3.547205,0.452795,noise,none,0.000000,3,783.111529,778.640272,0.090000,778.550272
1817,-0.228206,-1.124544,-3.124544,0.875456,noise,sell_to_mm,-3.124544,4,786.236073,785.323251,0.160000,785.163251
1818,-0.573303,-1.226387,-3.226387,0.773613,informed,none,0.000000,4,786.236073,783.942860,0.160000,783.782860
1819,-0.297475,1.613552,-0.386448,3.613552,informed,none,0.000000,4,786.236073,785.046173,0.160000,784.886173
1820,-0.402812,-1.047366,-3.047366,0.952634,informed,none,0.000000,4,786.236073,784.624823,0.160000,784.464823
1821,-0.113394,-0.226619,-2.226619,1.773381,informed,none,0.000000,4,786.236073,785.782495,0.160000,785.622495
1822,-0.133751,-0.345730,-2.345730,1.654270,informed,none,0.000000,4,786.236073,785.701068,0.160000,785.541068
1823,-0.577224,-2.291245,-4.291245,-0.291245,noise,none,0.000000,4,786.236073,783.927179,0.160000,783.767179
1824,-1.493021,-0.863633,-2.863633,1.136367,informed,none,0.000000,4,786.236073,780.263988,0.160000,780.103988
1825,-2.044352,-1.397219,-3.397219,0.602781,noise,none,0.000000,4,786.236073,778.058665,0.160000,777.898665
1826,-2.147877,-2.264932,-4.264932,-0.264932,informed,none,0.000000,4,786.236073,777.644564,0.160000,777.484564
1827,-1.564862,-2.517814,-4.517814,-0.517814,noise,none,0.000000,4,786.236073,779.976626,0.160000,779.816626
1828,-0.543674,0.426015,-1.573985,2.426015,informed,none,0.000000,4,786.236073,784.061377,0.160000,783.901377
1829,-0.996337,-0.521945,-2.521945,1.478055,noise,none,0.000000,4,786.236073,782.250724,0.160000,782.090724
1830,0.623899,0.735974,-1.264026,2.735974,noise,none,0.000000,4,786.236073,788.731667,0.160000,788.571667
1831,0.097839,-1.010572,-3.010572,0.989428,informed,none,0.000000,4,786.236073,786.627430,0.160000,786.467430
1832,-1.052208,-1.714881,-3.714881,0.285119,informed,none,0.000000,4,786.236073,782.027241,0.160000,781.867241
1833,-1.385119,-0.763820,-2.763820,1.236180,noise,none,0.000000,4,786.236073,780.695599,0.160000,780.535599
1834,0.470073,0.024885,-1.975115,2.024885,noise,none,0.000000,4,786.236073,788.116363,0.160000,787.956363
1835,0.698857,1.462685,-0.537315,3.462685,noise,none,0.000000,4,786.236073,789.031502,0.160000,788.871502
1836,1.962610,3.490668,1.490668,5.490668,informed,none,0.000000,4,786.236073,794.086511,0.160000,793.926511
1837,-0.207846,1.767740,-0.232260,3.767740,informed,none,0.000000,4,786.236073,785.404687,0.160000,785.244687
1838,-1.706400,-0.086136,-2.086136,1.913864,noise,none,0.000000,4,786.236073,779.410474,0.160000,779.250474
1839,-1.491767,-0.757123,-2.757123,1.242877,informed,none,0.000000,4,786.236073,780.269003,0.160000,780.109003
1840,-1.577148,-0.428480,-2.428480,1.571520,informed,none,0.000000,4,786.236073,779.927481,0.160000,779.767481
1841,0.119786,-0.735734,-2.735734,1.264266,noise,none,0.000000,4,786.236073,786.715219,0.160000,786.555219
1842,0.398086,-1.225058,-3.225058,0.774942,informed,none,0.000000,4,786.236073,787.828416,0.160000,787.668416
1843,-0.605488,1.323302,-0.676698,3.323302,informed,none,0.000000,4,786.236073,783.814122,0.160000,783.654122
1844,-0.592623,-1.053088,-3.053088,0.946912,informed,none,0.000000,4,786.236073,783.865580,0.160000,783.705580
1845,1.097890,2.129686,0.129686,4.129686,noise,none,0.000000,4,786.236073,790.627635,0.160000,790.467635
1846,2.555653,4.310118,2.310118,6.310118,noise,sell_to_mm,2.310118,5,783.925955,796.704222,0.250000,796.454222
1847,3.365960,3.104925,1.104925,5.104925,noise,sell_to_mm,1.104925,6,782.821030,803.016793,0.360000,802.656793
1848,3.210055,3.906776,1.906776,5.906776,noise,none,0.000000,6,782.821030,802.081359,0.360000,801.721359
1849,3.383517,2.132607,0.132607,4.132607,informed,none,0.000000,6,782.821030,803.122130,0.360000,802.762130
1850,1.832041,1.072753,-0.927247,3.072753,noise,none,0.000000,6,782.821030,793.813276,0.360000,793.453276
1851,1.142206,0.394902,-1.605098,2.394902,informed,none,0.000000,6,782.821030,789.674269,0.360000,789.314269
1852,1.541747,-0.120661,-2.120661,1.879339,noise,none,0.000000,6,782.821030,792.071514,0.360000,791.711514
1853,0.523778,1.725110,-0.274890,3.725110,noise,none,0.000000,6,782.821030,785.963699,0.360000,785.603699
1854,-0.398089,-1.665295,-3.665295,0.334705,noise,buy_from_mm,0.334705,5,783.155735,781.165289,0.250000,780.915289
1855,-1.267534,-1.064429,-3.064429,0.935571,informed,none,0.000000,5,783.155735,776.818063,0.250000,776.568063
1856,-1.382205,-2.126297,-4.126297,-0.126297,noise,none,0.000000,5,783.155735,776.244712,0.250000,775.994712
1857,0.123382,1.032118,-0.967882,3.032118,informed,none,0.000000,5,783.155735,783.772645,0.250000,783.522645
1858,-1.337161,-1.483848,-3.483848,0.516152,noise,none,0.000000,5,783.155735,776.469928,0.250000,776.219928
1859,-0.390721,-1.616958,-3.616958,0.383042,informed,none,0.000000,5,783.155735,781.202129,0.250000,780.952129
1860,0.261698,-0.830817,-2.830817,1.169183,noise,none,0.000000,5,783.155735,784.464226,0.250000,784.214226
1861,0.550874,0.945979,-1.054021,2.945979,noise,none,0.000000,5,783.155735,785.910107,0.250000,785.660107
1862,0.673042,-0.884509,-2.884509,1.115491,noise,none,0.000000,5,783.155735,786.520947,0.250000,786.270947
1863,-0.697824,-0.840979,-2.840979,1.159021,informed,none,0.000000,5,783.155735,779.666615,0.250000,779.416615
1864,-0.939676,-1.210187,-3.210187,0.789813,noise,none,0.000000,5,783.155735,778.457355,0.250000,778.207355
1865,-1.720252,-1.386337,-3.386337,0.613663,informed,none,0.000000,5,783.155735,774.554473,0.250000,774.304473
1866,-1.659207,0.232306,-1.767694,2.232306,noise,sell_to_mm,-1.767694,6,784.923429,774.968189,0.360000,774.608189
1867,-2.742869,-2.785734,-4.785734,-0.785734,noise,none,0.000000,6,784.923429,768.466217,0.360000,768.106217
1868,-2.671853,-1.966870,-3.966870,0.033130,noise,none,0.000000,6,784.923429,768.892309,0.360000,768.532309
1869,-3.629525,-3.451170,-5.451170,-1.451170,noise,none,0.000000,6,784.923429,763.146280,0.360000,762.786280
1870,-5.020573,-5.359763,-7.359763,-3.359763,informed,none,0.000000,6,784.923429,754.799988,0.360000,754.439988
1871,-4.743813,-5.046652,-7.046652,-3.046652,noise,buy_from_mm,-3.046652,5,781.876777,758.157711,0.250000,757.907711
1872,-5.050458,-5.353989,-7.353989,-3.353989,informed,none,0.000000,5,781.876777,756.624489,0.250000,756.374489
1873,-5.087974,-5.772095,-7.772095,-3.772095,noise,none,0.000000,5,781.876777,756.436909,0.250000,756.186909
1874,-5.333058,-4.745852,-6.745852,-2.745852,noise,none,0.000000,5,781.876777,755.211486,0.250000,754.961486
1875,-3.878089,-1.050935,-3.050935,0.949065,informed,sell_to_mm,-3.050935,6,784.927713,761.659180,0.360000,761.299180
1876,-2.790452,-3.020116,-5.020116,-1.020116,informed,none,0.000000,6,784.927713,768.185003,0.360000,767.825003
1877,-4.499993,-3.852907,-5.852907,-1.852907,informed,none,0.000000,6,784.927713,757.927756,0.360000,757.567756
1878,-4.433612,-4.945640,-6.945640,-2.945640,noise,none,0.000000,6,784.927713,758.326043,0.360000,757.966043
1879,-6.081313,-6.771731,-8.771731,-4.771731,noise,sell_to_mm,-8.771731,7,793.699444,751.130250,0.490000,750.640250
1880,-6.069478,-5.535546,-7.535546,-3.535546,informed,none,0.000000,7,793.699444,751.213096,0.490000,750.723096
1881,-5.159957,-3.500139,-5.500139,-1.500139,noise,sell_to_mm,-5.500139,8,799.199583,757.919931,0.640000,757.279931
1882,-5.796756,-5.962921,-7.962921,-3.962921,informed,none,0.000000,8,799.199583,752.825536,0.640000,752.185536
1883,-6.425517,-6.836298,-8.836298,-4.836298,informed,none,0.000000,8,799.199583,747.795448,0.640000,747.155448
1884,-6.179449,-6.751519,-8.751519,-4.751519,noise,none,0.000000,8,799.199583,749.763987,0.640000,749.123987
1885,-5.491183,-5.751734,-7.751734,-3.751734,noise,none,0.000000,8,799.199583,755.270115,0.640000,754.630115
1886,-3.930647,-3.827723,-5.827723,-1.827723,informed,none,0.000000,8,799.199583,767.754408,0.640000,767.114408
1887,-3.734908,-5.217919,-7.217919,-3.217919,informed,none,0.000000,8,799.199583,769.320322,0.640000,768.680322
1888,-3.606494,-3.891123,-5.891123,-1.891123,informed,none,0.000000,8,799.199583,770.347631,0.640000,769.707631
1889,-4.609087,-4.508989,-6.508989,-2.508989,noise,none,0.000000,8,799.199583,762.326884,0.640000,761.686884
1890,-3.158130,-2.047827,-4.047827,-0.047827,informed,none,0.000000,8,799.199583,773.934541,0.640000,773.294541
1891,-2.767440,-2.167190,-4.167190,-0.167190,noise,none,0.000000,8,799.199583,777.060062,0.640000,776.420062
1892,-2.905053,-2.604083,-4.604083,-0.604083,noise,none,0.000000,8,799.199583,775.959155,0.640000,775.319155
1893,-2.736905,-2.279831,-4.279831,-0.279831,informed,none,0.000000,8,799.199583,777.304345,0.640000,776.664345
1894,-4.407695,-3.684529,-5.684529,-1.684529,noise,none,0.000000,8,799.199583,763.938021,0.640000,763.298021
1895,-3.743885,-4.302766,-6.302766,-2.302766,informed,none,0.000000,8,799.199583,769.248503,0.640000,768.608503
1896,-4.099536,-3.970058,-5.970058,-1.970058,noise,none,0.000000,8,799.199583,766.403297,0.640000,765.763297
1897,-3.476147,-3.794663,-5.794663,-1.794663,noise,none,0.000000,8,799.199583,771.390406,0.640000,770.750406
1898,-3.402474,-3.768828,-5.768828,-1.768828,noise,buy_from_mm,-1.768828,7,797.430755,773.613434,0.490000,773.123434
1899,-4.621862,-5.293067,-7.293067,-3.293067,noise,none,0.000000,7,797.430755,765.077719,0.490000,764.587719
1900,-4.927547,-4.025030,-6.025030,-2.025030,informed,none,0.000000,7,797.430755,762.937928,0.490000,762.447928
1901,-5.357728,-5.832188,-7.832188,-3.832188,informed,none,0.000000,7,797.430755,759.926662,0.490000,759.436662
1902,-4.757507,-4.923796,-6.923796,-2.923796,noise,buy_from_mm,-2.923796,6,794.506959,765.961915,0.360000,765.601915
1903,-5.201995,-4.269542,-6.269542,-2.269542,noise,sell_to_mm,-6.269542,7,800.776501,764.362536,0.490000,763.872536
1904,-6.140091,-8.151574,-10.151574,-6.151574,noise,none,0.000000,7,800.776501,757.795862,0.490000,757.305862
1905,-5.368080,-4.180120,-6.180120,-2.180120,noise,none,0.000000,7,800.776501,763.199944,0.490000,762.709944
1906,-8.344088,-10.851222,-12.851222,-8.851222,informed,buy_from_mm,-8.851222,6,791.925280,741.860750,0.360000,741.500750
1907,-7.929840,-6.439465,-8.439465,-4.439465,informed,none,0.000000,6,791.925280,744.346238,0.360000,743.986238
1908,-8.032948,-7.741200,-9.741200,-5.741200,informed,none,0.000000,6,791.925280,743.727592,0.360000,743.367592
1909,-9.092207,-9.962258,-11.962258,-7.962258,informed,none,0.000000,6,791.925280,737.372040,0.360000,737.012040
1910,-8.820574,-7.273656,-9.273656,-5.273656,noise,none,0.000000,6,791.925280,739.001836,0.360000,738.641836
1911,-7.634886,-8.614840,-10.614840,-6.614840,noise,sell_to_mm,-10.614840,7,802.540119,749.095917,0.490000,748.605917
1912,-7.691784,-8.435424,-10.435424,-6.435424,informed,none,0.000000,7,802.540119,748.697632,0.490000,748.207632
1913,-8.534064,-7.471661,-9.471661,-5.471661,noise,none,0.000000,7,802.540119,742.801675,0.490000,742.311675
1914,-7.876508,-8.300609,-10.300609,-6.300609,informed,none,0.000000,7,802.540119,747.404561,0.490000,746.914561
1915,-9.273217,-10.659351,-12.659351,-8.659351,noise,none,0.000000,7,802.540119,737.627597,0.490000,737.137597
1916,-10.317666,-9.950744,-11.950744,-7.950744,noise,none,0.000000,7,802.540119,730.316457,0.490000,729.826457
1917,-10.504178,-11.026893,-13.026893,-9.026893,informed,none,0.000000,7,802.540119,729.010877,0.490000,728.520877
1918,-9.234043,-10.613909,-12.613909,-8.613909,noise,none,0.000000,7,802.540119,737.901819,0.490000,737.411819
1919,-10.151590,-10.562165,-12.562165,-8.562165,informed,none,0.000000,7,802.540119,731.478987,0.490000,730.988987
1920,-12.566897,-12.899682,-14.899682,-10.899682,informed,none,0.000000,7,802.540119,714.571842,0.490000,714.081842
1921,-9.709166,-8.074243,-10.074243,-6.074243,noise,none,0.000000,7,802.540119,734.575961,0.490000,734.085961
1922,-8.683823,-8.734177,-10.734177,-6.734177,noise,buy_from_mm,-6.734177,6,795.805943,743.703003,0.360000,743.343003
1923,-10.951857,-12.517306,-14.517306,-10.517306,noise,buy_from_mm,-10.517306,5,785.288637,730.529352,0.250000,730.279352
1924,-10.498961,-11.633391,-13.633391,-9.633391,noise,none,0.000000,5,785.288637,732.793834,0.250000,732.543834
1925,-11.696858,-12.477271,-14.477271,-10.477271,noise,none,0.000000,5,785.288637,726.804349,0.250000,726.554349
1926,-11.486762,-10.699726,-12.699726,-8.699726,informed,none,0.000000,5,785.288637,727.854827,0.250000,727.604827
1927,-11.070145,-13.060003,-15.060003,-11.060003,informed,none,0.000000,5,785.288637,729.937914,0.250000,729.687914
1928,-10.182204,-10.424290,-12.424290,-8.424290,noise,none,0.000000,5,785.288637,734.377616,0.250000,734.127616
1929,-10.848622,-10.905446,-12.905446,-8.905446,noise,none,0.000000,5,785.288637,731.045526,0.250000,730.795526
1930,-9.242716,-9.750639,-11.750639,-7.750639,informed,none,0.000000,5,785.288637,739.075055,0.250000,738.825055
1931,-9.802773,-8.843745,-10.843745,-6.843745,noise,none,0.000000,5,785.288637,736.274771,0.250000,736.024771
1932,-10.558293,-11.759143,-13.759143,-9.759143,noise,none,0.000000,5,785.288637,732.497172,0.250000,732.247172
1933,-10.186272,-9.801581,-11.801581,-7.801581,noise,none,0.000000,5,785.288637,734.357276,0.250000,734.107276
1934,-9.221058,-9.706093,-11.706093,-7.706093,noise,sell_to_mm,-11.706093,6,796.994730,741.668381,0.360000,741.308381
1935,-8.912524,-10.439597,-12.439597,-8.439597,informed,none,0.000000,6,796.994730,743.519589,0.360000,743.159589
1936,-9.354841,-10.193212,-12.193212,-8.193212,noise,none,0.000000,6,796.994730,740.865682,0.360000,740.505682
1937,-9.459236,-8.757097,-10.757097,-6.757097,informed,none,0.000000,6,796.994730,740.239313,0.360000,739.879313
1938,-8.814027,-9.045915,-11.045915,-7.045915,informed,none,0.000000,6,796.994730,744.110568,0.360000,743.750568
1939,-9.679263,-9.681717,-11.681717,-7.681717,informed,none,0.000000,6,796.994730,738.919151,0.360000,738.559151
1940,-10.381889,-9.612991,-11.612991,-7.612991,informed,none,0.000000,6,796.994730,734.703398,0.360000,734.343398
1941,-10.133373,-10.716472,-12.716472,-8.716472,informed,none,0.000000,6,796.994730,736.194494,0.360000,735.834494
1942,-9.424493,-8.523592,-10.523592,-6.523592,noise,buy_from_mm,-6.523592,5,790.471138,743.348674,0.250000,743.098674
1943,-8.992895,-7.941756,-9.941756,-5.941756,noise,buy_from_mm,-5.941756,4,784.529381,748.557803,0.160000,748.397803
1944,-8.740604,-9.424941,-11.424941,-7.424941,noise,buy_from_mm,-7.424941,3,777.104440,750.882627,0.090000,750.792627
1945,-8.236494,-6.879494,-8.879494,-4.879494,noise,none,0.000000,3,777.104440,752.394958,0.090000,752.304958
1946,-7.671931,-6.131033,-8.131033,-4.131033,noise,none,0.000000,3,777.104440,754.088647,0.090000,753.998647
1947,-8.660563,-9.952575,-11.952575,-7.952575,informed,none,0.000000,3,777.104440,751.122750,0.090000,751.032750
1948,-8.599122,-10.623528,-12.623528,-8.623528,noise,sell_to_mm,-12.623528,4,789.727968,755.331479,0.160000,755.171479
1949,-6.962632,-7.796851,-9.796851,-5.796851,noise,buy_from_mm,-5.796851,3,783.931117,763.043222,0.090000,762.953222
1950,-7.021861,-7.652288,-9.652288,-5.652288,informed,none,0.000000,3,783.931117,762.865534,0.090000,762.775534
1951,-7.139497,-8.300261,-10.300261,-6.300261,informed,none,0.000000,3,783.931117,762.512625,0.090000,762.422625
1952,-7.174970,-8.846368,-10.846368,-6.846368,informed,none,0.000000,3,783.931117,762.406207,0.090000,762.316207
1953,-6.774289,-6.447982,-8.447982,-4.447982,noise,sell_to_mm,-8.447982,4,792.379099,765.281944,0.160000,765.121944
1954,-10.217978,-9.019433,-11.019433,-7.019433,informed,none,0.000000,4,792.379099,751.507189,0.160000,751.347189
1955,-9.894764,-11.534306,-13.534306,-9.534306,noise,none,0.000000,4,792.379099,752.800043,0.160000,752.640043
1956,-9.268774,-9.746762,-11.746762,-7.746762,informed,none,0.000000,4,792.379099,755.304004,0.160000,755.144004
1957,-9.707505,-9.831395,-11.831395,-7.831395,informed,none,0.000000,4,792.379099,753.549078,0.160000,753.389078
1958,-9.328560,-9.973351,-11.973351,-7.973351,informed,none,0.000000,4,792.379099,755.064857,0.160000,754.904857
1959,-8.149666,-7.859658,-9.859658,-5.859658,informed,none,0.000000,4,792.379099,759.780434,0.160000,759.620434
1960,-9.217116,-8.846407,-10.846407,-6.846407,informed,none,0.000000,4,792.379099,755.510634,0.160000,755.350634
1961,-10.261579,-8.024776,-10.024776,-6.024776,informed,sell_to_mm,-10.024776,5,802.403875,751.095981,0.250000,750.845981
1962,-11.235086,-12.234587,-14.234587,-10.234587,noise,none,0.000000,5,802.403875,746.228445,0.250000,745.978445
1963,-9.548682,-9.334141,-11.334141,-7.334141,noise,sell_to_mm,-11.334141,6,813.738016,756.445926,0.360000,756.085926
1964,-9.956000,-10.385845,-12.385845,-8.385845,noise,buy_from_mm,-8.385845,5,805.352172,755.572171,0.250000,755.322171
1965,-9.710233,-8.606270,-10.606270,-6.606270,informed,none,0.000000,5,805.352172,756.801008,0.250000,756.551008
1966,-9.487438,-10.216304,-12.216304,-8.216304,informed,none,0.000000,5,805.352172,757.914984,0.250000,757.664984
1967,-8.545338,-9.909808,-11.909808,-7.909808,noise,none,0.000000,5,805.352172,762.625483,0.250000,762.375483
1968,-8.256563,-8.345475,-10.345475,-6.345475,noise,none,0.000000,5,805.352172,764.069356,0.250000,763.819356
1969,-8.460617,-9.016611,-11.016611,-7.016611,informed,none,0.000000,5,805.352172,763.049086,0.250000,762.799086
1970,-8.892291,-6.969165,-8.969165,-4.969165,noise,none,0.000000,5,805.352172,760.890719,0.250000,760.640719
1971,-8.928671,-8.049699,-10.049699,-6.049699,informed,none,0.000000,5,805.352172,760.708819,0.250000,760.458819
1972,-8.209779,-7.366741,-9.366741,-5.366741,informed,none,0.000000,5,805.352172,764.303276,0.250000,764.053276
1973,-9.206894,-8.639356,-10.639356,-6.639356,informed,none,0.000000,5,805.352172,759.317704,0.250000,759.067704
1974,-9.164978,-10.435111,-12.435111,-8.435111,noise,none,0.000000,5,805.352172,759.527279,0.250000,759.277279
1975,-9.566668,-9.332218,-11.332218,-7.332218,noise,buy_from_mm,-7.332218,4,798.019954,759.753282,0.160000,759.593282
1976,-9.239604,-8.226102,-10.226102,-6.226102,informed,none,0.000000,4,798.019954,761.061540,0.160000,760.901540
1977,-7.972385,-8.418780,-10.418780,-6.418780,informed,none,0.000000,4,798.019954,766.130416,0.160000,765.970416
1978,-8.000671,-6.792395,-8.792395,-4.792395,informed,none,0.000000,4,798.019954,766.017271,0.160000,765.857271
1979,-6.796305,-5.748928,-7.748928,-3.748928,informed,none,0.000000,4,798.019954,770.834734,0.160000,770.674734
1980,-5.773968,-6.099519,-8.099519,-4.099519,noise,none,0.000000,4,798.019954,774.924083,0.160000,774.764083
1981,-6.903813,-5.726007,-7.726007,-3.726007,noise,sell_to_mm,-7.726007,5,805.745961,771.226898,0.250000,770.976898
1982,-5.450246,-5.629355,-7.629355,-3.629355,informed,none,0.000000,5,805.745961,778.494729,0.250000,778.244729
1983,-4.823414,-3.830143,-5.830143,-1.830143,informed,none,0.000000,5,805.745961,781.628889,0.250000,781.378889
1984,-5.918231,-7.399061,-9.399061,-5.399061,noise,buy_from_mm,-5.399061,4,800.346901,776.673978,0.160000,776.513978
1985,-6.577115,-7.667039,-9.667039,-5.667039,informed,none,0.000000,4,800.346901,774.038441,0.160000,773.878441
1986,-6.346405,-5.410359,-7.410359,-3.410359,noise,none,0.000000,4,800.346901,774.961280,0.160000,774.801280
1987,-7.688956,-5.791148,-7.791148,-3.791148,informed,none,0.000000,4,800.346901,769.591078,0.160000,769.431078
1988,-7.749308,-7.212409,-9.212409,-5.212409,informed,none,0.000000,4,800.346901,769.349668,0.160000,769.189668
1989,-7.678704,-7.050440,-9.050440,-5.050440,noise,none,0.000000,4,800.346901,769.632086,0.160000,769.472086
1990,-6.683135,-8.002720,-10.002720,-6.002720,noise,none,0.000000,4,800.346901,773.614359,0.160000,773.454359
1991,-5.502198,-5.045857,-7.045857,-3.045857,noise,none,0.000000,4,800.346901,778.338108,0.160000,778.178108
1992,-5.914923,-5.292932,-7.292932,-3.292932,informed,none,0.000000,4,800.346901,776.687209,0.160000,776.527209
1993,-5.494848,-5.267711,-7.267711,-3.267711,noise,none,0.000000,4,800.346901,778.367510,0.160000,778.207510
1994,-3.586414,-3.097835,-5.097835,-1.097835,noise,sell_to_mm,-5.097835,5,805.444735,787.512667,0.250000,787.262667
1995,-3.753644,-5.410986,-7.410986,-3.410986,informed,none,0.000000,5,805.444735,786.676515,0.250000,786.426515
1996,-6.026004,-5.853744,-7.853744,-3.853744,informed,none,0.000000,5,805.444735,775.314717,0.250000,775.064717
1997,-5.171646,-4.912818,-6.912818,-2.912818,noise,none,0.000000,5,805.444735,779.586503,0.250000,779.336503
1998,-4.041511,-3.560322,-5.560322,-1.560322,informed,none,0.000000,5,805.444735,785.237181,0.250000,784.987181
1999,-3.712093,-4.342344,-6.342344,-2.342344,noise,none,0.000000,5,805.444735,786.884269,0.250000,786.634269
2000,-4.703871,-4.214943,-6.214943,-2.214943,noise,none,0.000000,5,805.444735,781.925380,0.250000,781.675380
