t,true_value,signal,bid,ask,trader_type,trade_side,trade_price,inventory,cash,pnl_mark_to_true,inv_penalty,risk_adj_pnl
1,-0.604888,-0.243046,-1.743046,1.256954,price_sensitive_uninformed,none,0.000000,0,0.000000,0.000000,0.000000,0.000000
2,-1.527404,-1.054807,-2.554807,0.445193,price_sensitive_uninformed,none,0.000000,0,0.000000,0.000000,0.000000,0.000000
3,-0.538323,-1.340884,-2.840884,0.159116,informed,none,0.000000,0,0.000000,0.000000,0.000000,0.000000
4,1.703670,1.440603,-0.059397,2.940603,price_sensitive_uninformed,none,0.000000,0,0.000000,0.000000,0.000000,0.000000
5,0.728118,0.011182,-1.488818,1.511182,informed,none,0.000000,0,0.000000,0.000000,0.000000,0.000000
6,1.323685,0.500787,-0.999213,2.000787,price_sensitive_uninformed,none,0.000000,0,0.000000,0.000000,0.000000,0.000000
7,1.649026,1.790460,0.290460,3.290460,informed,none,0.000000,0,0.000000,0.000000,0.000000,0.000000
8,2.183528,1.843072,0.343072,3.343072,price_sensitive_uninformed,none,0.000000,0,0.000000,0.000000,0.000000,0.000000
9,1.518225,1.608658,0.108658,3.108658,price_sensitive_uninformed,none,0.000000,0,0.000000,0.000000,0.000000,0.000000
10,1.192509,1.031090,-0.468910,2.531090,price_sensitive_uninformed,sell_to_mm,-0.468910,1,0.468910,1.661419,0.010000,1.651419
11,0.673046,0.782952,-0.717048,2.282952,price_sensitive_uninformed,none,0.000000,1,0.468910,1.141956,0.010000,1.131956
12,1.419186,2.365164,0.865164,3.865164,informed,none,0.000000,1,0.468910,1.888096,0.010000,1.878096
13,2.138303,3.570138,2.070138,5.070138,informed,none,0.000000,1,0.468910,2.607213,0.010000,2.597213
14,2.562548,3.059080,1.559080,4.559080,price_sensitive_uninformed,none,0.000000,1,0.468910,3.031458,0.010000,3.021458
15,2.375494,1.011134,-0.488866,2.511134,price_sensitive_uninformed,none,0.000000,1,0.468910,2.844404,0.010000,2.834404
16,2.377174,0.270328,-1.229672,1.770328,price_sensitive_uninformed,none,0.000000,1,0.468910,2.846084,0.010000,2.836084
17,0.503254,0.923135,-0.576865,2.423135,price_sensitive_uninformed,none,0.000000,1,0.468910,0.972164,0.010000,0.962164
18,1.779726,1.985114,0.485114,3.485114,informed,none,0.000000,1,0.468910,2.248636,0.010000,2.238636
19,1.456413,1.789141,0.289141,3.289141,price_sensitive_uninformed,none,0.000000,1,0.468910,1.925323,0.010000,1.915323
20,3.212338,2.625576,1.125576,4.125576,informed,none,0.000000,1,0.468910,3.681249,0.010000,3.671249
21,3.188866,2.686169,1.186169,4.186169,price_sensitive_uninformed,none,0.000000,1,0.468910,3.657777,0.010000,3.647777
22,3.047966,3.778696,2.278696,5.278696,price_sensitive_uninformed,sell_to_mm,2.278696,2,-1.809786,4.286147,0.040000,4.246147
23,0.872799,0.521670,-0.978330,2.021670,informed,none,0.000000,2,-1.809786,-0.064188,0.040000,-0.104188
24,-1.449646,-1.951028,-3.451028,-0.451028,price_sensitive_uninformed,none,0.000000,2,-1.809786,-4.709077,0.040000,-4.749077
25,-1.682936,-0.201778,-1.701778,1.298222,price_sensitive_uninformed,none,0.000000,2,-1.809786,-5.175657,0.040000,-5.215657
26,-3.111995,-2.072786,-3.572786,-0.572786,price_sensitive_uninformed,none,0.000000,2,-1.809786,-8.033775,0.040000,-8.073775
27,-3.218976,-1.925884,-3.425884,-0.425884,price_sensitive_uninformed,none,0.000000,2,-1.809786,-8.247737,0.040000,-8.287737
28,-2.914869,-2.757692,-4.257692,-1.257692,informed,none,0.000000,2,-1.809786,-7.639524,0.040000,-7.679524
29,-4.098238,-4.581858,-6.081858,-3.081858,informed,none,0.000000,2,-1.809786,-10.006262,0.040000,-10.046262
30,-5.223409,-5.236500,-6.736500,-3.736500,price_sensitive_uninformed,none,0.000000,2,-1.809786,-12.256603,0.040000,-12.296603
31,-3.002643,-3.582000,-5.082000,-2.082000,informed,none,0.000000,2,-1.809786,-7.815072,0.040000,-7.855072
32,-3.653766,-4.833659,-6.333659,-3.333659,informed,none,0.000000,2,-1.809786,-9.117318,0.040000,-9.157318
33,-4.641974,-3.561329,-5.061329,-2.061329,price_sensitive_uninformed,buy_from_mm,-2.061329,1,-3.871114,-8.513089,0.010000,-8.523089
34,-6.509484,-6.788986,-8.288986,-5.288986,informed,none,0.000000,1,-3.871114,-10.380598,0.010000,-10.390598
35,-6.788936,-5.931353,-7.431353,-4.431353,price_sensitive_uninformed,none,0.000000,1,-3.871114,-10.660050,0.010000,-10.670050
36,-6.508615,-6.330744,-7.830744,-4.830744,price_sensitive_uninformed,sell_to_mm,-7.830744,2,3.959630,-9.057600,0.040000,-9.097600
37,-5.916938,-7.186978,-8.686978,-5.686978,price_sensitive_uninformed,none,0.000000,2,3.959630,-7.874245,0.040000,-7.914245
38,-8.486287,-6.976861,-8.476861,-5.476861,informed,sell_to_mm,-8.476861,3,12.436491,-13.022370,0.090000,-13.112370
39,-9.229951,-8.372518,-9.872518,-6.872518,informed,none,0.000000,3,12.436491,-15.253362,0.090000,-15.343362
40,-10.530644,-10.273244,-11.773244,-8.773244,price_sensitive_uninformed,none,0.000000,3,12.436491,-19.155442,0.090000,-19.245442
41,-10.526867,-10.399148,-11.899148,-8.899148,informed,none,0.000000,3,12.436491,-19.144111,0.090000,-19.234111
42,-13.205143,-13.296936,-14.796936,-11.796936,price_sensitive_uninformed,none,0.000000,3,12.436491,-27.178938,0.090000,-27.268938
43,-15.391977,-15.968360,-17.468360,-14.468360,informed,none,0.000000,3,12.436491,-33.739440,0.090000,-33.829440
44,-16.557359,-17.159232,-18.659232,-15.659232,informed,none,0.000000,3,12.436491,-37.235586,0.090000,-37.325586
45,-15.989548,-16.541983,-18.041983,-15.041983,price_sensitive_uninformed,none,0.000000,3,12.436491,-35.532154,0.090000,-35.622154
46,-15.932631,-15.762146,-17.262146,-14.262146,price_sensitive_uninformed,none,0.000000,3,12.436491,-35.361401,0.090000,-35.451401
47,-16.015151,-14.878163,-16.378163,-13.378163,price_sensitive_uninformed,none,0.000000,3,12.436491,-35.608961,0.090000,-35.698961
48,-15.542335,-15.466547,-16.966547,-13.966547,price_sensitive_uninformed,none,0.000000,3,12.436491,-34.190515,0.090000,-34.280515
49,-16.600093,-17.711191,-19.211191,-16.211191,price_sensitive_uninformed,buy_from_mm,-16.211191,2,-3.774700,-36.974887,0.040000,-37.014887
50,-16.276571,-15.798877,-17.298877,-14.298877,price_sensitive_uninformed,none,0.000000,2,-3.774700,-36.327842,0.040000,-36.367842
51,-16.596771,-15.286850,-16.786850,-13.786850,price_sensitive_uninformed,buy_from_mm,-13.786850,1,-17.561550,-34.158320,0.010000,-34.168320
52,-17.355846,-18.948174,-20.448174,-17.448174,price_sensitive_uninformed,none,0.000000,1,-17.561550,-34.917396,0.010000,-34.927396
53,-17.163727,-18.480173,-19.980173,-16.980173,price_sensitive_uninformed,sell_to_mm,-19.980173,2,2.418624,-31.908830,0.040000,-31.948830
54,-17.440866,-16.786724,-18.286724,-15.286724,price_sensitive_uninformed,sell_to_mm,-18.286724,3,20.705348,-31.617250,0.090000,-31.707250
55,-18.600207,-19.236747,-20.736747,-17.736747,price_sensitive_uninformed,sell_to_mm,-20.736747,4,41.442095,-32.958731,0.160000,-33.118731
56,-21.397872,-20.111031,-21.611031,-18.611031,price_sensitive_uninformed,none,0.000000,4,41.442095,-44.149393,0.160000,-44.309393
57,-21.507975,-21.571521,-23.071521,-20.071521,price_sensitive_uninformed,sell_to_mm,-23.071521,5,64.513616,-43.026258,0.250000,-43.276258
58,-22.136121,-22.497931,-23.997931,-20.997931,price_sensitive_uninformed,none,0.000000,5,64.513616,-46.166988,0.250000,-46.416988
59,-23.272300,-22.287197,-23.787197,-20.787197,price_sensitive_uninformed,sell_to_mm,-23.787197,6,88.300813,-51.332990,0.360000,-51.692990
60,-23.110766,-22.026451,-23.526451,-20.526451,price_sensitive_uninformed,none,0.000000,6,88.300813,-50.363783,0.360000,-50.723783
61,-22.704927,-23.924500,-25.424500,-22.424500,price_sensitive_uninformed,none,0.000000,6,88.300813,-47.928749,0.360000,-48.288749
62,-22.130201,-22.575624,-24.075624,-21.075624,price_sensitive_uninformed,buy_from_mm,-21.075624,5,67.225189,-43.425816,0.250000,-43.675816
63,-21.898948,-21.085658,-22.585658,-19.585658,price_sensitive_uninformed,sell_to_mm,-22.585658,6,89.810847,-41.582842,0.360000,-41.942842
64,-23.368663,-23.446920,-24.946920,-21.946920,price_sensitive_uninformed,none,0.000000,6,89.810847,-50.401134,0.360000,-50.761134
65,-25.089553,-24.983902,-26.483902,-23.483902,price_sensitive_uninformed,none,0.000000,6,89.810847,-60.726468,0.360000,-61.086468
66,-25.272460,-26.037659,-27.537659,-24.537659,informed,none,0.000000,6,89.810847,-61.823915,0.360000,-62.183915
67,-24.696274,-25.941336,-27.441336,-24.441336,informed,none,0.000000,6,89.810847,-58.366797,0.360000,-58.726797
68,-24.627339,-25.720472,-27.220472,-24.220472,price_sensitive_uninformed,buy_from_mm,-24.220472,5,65.590375,-57.546318,0.250000,-57.796318
69,-25.637348,-27.397040,-28.897040,-25.897040,informed,buy_from_mm,-25.897040,4,39.693335,-62.856058,0.160000,-63.016058
70,-25.904431,-26.579929,-28.079929,-25.079929,informed,none,0.000000,4,39.693335,-63.924388,0.160000,-64.084388
71,-25.103466,-24.932662,-26.432662,-23.432662,price_sensitive_uninformed,none,0.000000,4,39.693335,-60.720528,0.160000,-60.880528
72,-24.555741,-25.717813,-27.217813,-24.217813,price_sensitive_uninformed,none,0.000000,4,39.693335,-58.529628,0.160000,-58.689628
73,-25.458962,-26.348671,-27.848671,-24.848671,price_sensitive_uninformed,none,0.000000,4,39.693335,-62.142513,0.160000,-62.302513
74,-24.707937,-25.078790,-26.578790,-23.578790,price_sensitive_uninformed,none,0.000000,4,39.693335,-59.138413,0.160000,-59.298413
75,-24.671617,-24.044309,-25.544309,-22.544309,price_sensitive_uninformed,none,0.000000,4,39.693335,-58.993134,0.160000,-59.153134
76,-24.328559,-25.995087,-27.495087,-24.495087,price_sensitive_uninformed,none,0.000000,4,39.693335,-57.620903,0.160000,-57.780903
77,-24.010497,-24.889419,-26.389419,-23.389419,price_sensitive_uninformed,none,0.000000,4,39.693335,-56.348653,0.160000,-56.508653
78,-25.899775,-23.972018,-25.472018,-22.472018,price_sensitive_uninformed,none,0.000000,4,39.693335,-63.905766,0.160000,-64.065766
79,-25.033647,-26.228716,-27.728716,-24.728716,informed,none,0.000000,4,39.693335,-60.441251,0.160000,-60.601251
80,-25.137467,-23.762204,-25.262204,-22.262204,price_sensitive_uninformed,none,0.000000,4,39.693335,-60.856533,0.160000,-61.016533
81,-26.110454,-26.985520,-28.485520,-25.485520,informed,none,0.000000,4,39.693335,-64.748480,0.160000,-64.908480
82,-24.515616,-23.596959,-25.096959,-22.096959,price_sensitive_uninformed,none,0.000000,4,39.693335,-58.369129,0.160000,-58.529129
83,-25.446409,-25.157006,-26.657006,-23.657006,informed,none,0.000000,4,39.693335,-62.092302,0.160000,-62.252302
84,-23.460736,-23.804490,-25.304490,-22.304490,price_sensitive_uninformed,none,0.000000,4,39.693335,-54.149611,0.160000,-54.309611
85,-23.554333,-22.577237,-24.077237,-21.077237,price_sensitive_uninformed,none,0.000000,4,39.693335,-54.523998,0.160000,-54.683998
86,-23.275543,-23.745920,-25.245920,-22.245920,informed,none,0.000000,4,39.693335,-53.408836,0.160000,-53.568836
87,-21.507606,-20.591617,-22.091617,-19.091617,price_sensitive_uninformed,none,0.000000,4,39.693335,-46.337088,0.160000,-46.497088
88,-20.837368,-22.084937,-23.584937,-20.584937,informed,none,0.000000,4,39.693335,-43.656139,0.160000,-43.816139
89,-20.575884,-20.798087,-22.298087,-19.298087,informed,none,0.000000,4,39.693335,-42.610200,0.160000,-42.770200
90,-20.759035,-20.236539,-21.736539,-18.736539,price_sensitive_uninformed,none,0.000000,4,39.693335,-43.342805,0.160000,-43.502805
91,-21.943149,-22.909569,-24.409569,-21.409569,informed,none,0.000000,4,39.693335,-48.079262,0.160000,-48.239262
92,-22.651897,-21.808460,-23.308460,-20.308460,price_sensitive_uninformed,none,0.000000,4,39.693335,-50.914254,0.160000,-51.074254
93,-24.075288,-25.333783,-26.833783,-23.833783,price_sensitive_uninformed,none,0.000000,4,39.693335,-56.607816,0.160000,-56.767816
94,-22.812866,-21.746460,-23.246460,-20.246460,price_sensitive_uninformed,none,0.000000,4,39.693335,-51.558128,0.160000,-51.718128
95,-22.841105,-22.067846,-23.567846,-20.567846,informed,none,0.000000,4,39.693335,-51.671084,0.160000,-51.831084
96,-23.262612,-23.473897,-24.973897,-21.973897,price_sensitive_uninformed,none,0.000000,4,39.693335,-53.357114,0.160000,-53.517114
97,-23.926978,-22.266887,-23.766887,-20.766887,price_sensitive_uninformed,none,0.000000,4,39.693335,-56.014576,0.160000,-56.174576
98,-23.973156,-23.380704,-24.880704,-21.880704,price_sensitive_uninformed,sell_to_mm,-24.880704,5,64.574039,-55.291739,0.250000,-55.541739
99,-23.981907,-24.685205,-26.185205,-23.185205,price_sensitive_uninformed,sell_to_mm,-26.185205,6,90.759244,-53.132200,0.360000,-53.492200
100,-22.834601,-22.455099,-23.955099,-20.955099,informed,none,0.000000,6,90.759244,-46.248365,0.360000,-46.608365
101,-21.269166,-21.280063,-22.780063,-19.780063,informed,none,0.000000,6,90.759244,-36.855751,0.360000,-37.215751
102,-20.737402,-20.842326,-22.342326,-19.342326,informed,none,0.000000,6,90.759244,-33.665169,0.360000,-34.025169
103,-21.074340,-22.720435,-24.220435,-21.220435,informed,buy_from_mm,-21.220435,5,69.538809,-35.832892,0.250000,-36.082892
104,-19.610969,-19.182143,-20.682143,-17.682143,informed,none,0.000000,5,69.538809,-28.516038,0.250000,-28.766038
105,-20.279747,-19.909175,-21.409175,-18.409175,price_sensitive_uninformed,none,0.000000,5,69.538809,-31.859925,0.250000,-32.109925
106,-20.415389,-19.832119,-21.332119,-18.332119,price_sensitive_uninformed,none,0.000000,5,69.538809,-32.538137,0.250000,-32.788137
107,-19.714201,-19.911578,-21.411578,-18.411578,price_sensitive_uninformed,none,0.000000,5,69.538809,-29.032195,0.250000,-29.282195
108,-20.074957,-20.166016,-21.666016,-18.666016,informed,none,0.000000,5,69.538809,-30.835978,0.250000,-31.085978
109,-20.089312,-19.938063,-21.438063,-18.438063,informed,none,0.000000,5,69.538809,-30.907752,0.250000,-31.157752
110,-19.068606,-19.572256,-21.072256,-18.072256,informed,none,0.000000,5,69.538809,-25.804221,0.250000,-26.054221
111,-19.159090,-19.900109,-21.400109,-18.400109,price_sensitive_uninformed,none,0.000000,5,69.538809,-26.256640,0.250000,-26.506640
112,-18.849829,-16.130066,-17.630066,-14.630066,price_sensitive_uninformed,none,0.000000,5,69.538809,-24.710337,0.250000,-24.960337
113,-18.186182,-18.003373,-19.503373,-16.503373,informed,none,0.000000,5,69.538809,-21.392100,0.250000,-21.642100
114,-19.372819,-20.677739,-22.177739,-19.177739,price_sensitive_uninformed,none,0.000000,5,69.538809,-27.325283,0.250000,-27.575283
115,-19.237262,-20.146155,-21.646155,-18.646155,informed,none,0.000000,5,69.538809,-26.647503,0.250000,-26.897503
116,-20.321134,-21.860297,-23.360297,-20.360297,price_sensitive_uninformed,none,0.000000,5,69.538809,-32.066860,0.250000,-32.316860
117,-20.120822,-18.426959,-19.926959,-16.926959,price_sensitive_uninformed,none,0.000000,5,69.538809,-31.065298,0.250000,-31.315298
118,-20.425744,-19.342803,-20.842803,-17.842803,price_sensitive_uninformed,buy_from_mm,-17.842803,4,51.696006,-30.006971,0.160000,-30.166971
119,-20.590819,-19.012993,-20.512993,-17.512993,price_sensitive_uninformed,none,0.000000,4,51.696006,-30.667269,0.160000,-30.827269
120,-21.415568,-21.191927,-22.691927,-19.691927,price_sensitive_uninformed,none,0.000000,4,51.696006,-33.966268,0.160000,-34.126268
121,-21.116927,-21.126790,-22.626790,-19.626790,informed,none,0.000000,4,51.696006,-32.771703,0.160000,-32.931703
122,-21.694492,-21.920370,-23.420370,-20.420370,price_sensitive_uninformed,none,0.000000,4,51.696006,-35.081961,0.160000,-35.241961
123,-21.736865,-23.218692,-24.718692,-21.718692,price_sensitive_uninformed,none,0.000000,4,51.696006,-35.251456,0.160000,-35.411456
124,-21.960326,-21.665743,-23.165743,-20.165743,informed,none,0.000000,4,51.696006,-36.145298,0.160000,-36.305298
125,-20.399083,-20.817737,-22.317737,-19.317737,price_sensitive_uninformed,none,0.000000,4,51.696006,-29.900325,0.160000,-30.060325
126,-21.311976,-22.096673,-23.596673,-20.596673,price_sensitive_uninformed,none,0.000000,4,51.696006,-33.551899,0.160000,-33.711899
127,-21.470096,-22.762031,-24.262031,-21.262031,price_sensitive_uninformed,none,0.000000,4,51.696006,-34.184380,0.160000,-34.344380
128,-21.329956,-20.525557,-22.025557,-19.025557,informed,none,0.000000,4,51.696006,-33.623817,0.160000,-33.783817
129,-20.000019,-21.801639,-23.301639,-20.301639,price_sensitive_uninformed,none,0.000000,4,51.696006,-28.304071,0.160000,-28.464071
130,-20.964068,-22.441452,-23.941452,-20.941452,informed,none,0.000000,4,51.696006,-32.160266,0.160000,-32.320266
131,-21.592480,-21.069876,-22.569876,-19.569876,price_sensitive_uninformed,buy_from_mm,-19.569876,3,32.126130,-32.651310,0.090000,-32.741310
132,-19.906641,-20.499634,-21.999634,-18.999634,informed,none,0.000000,3,32.126130,-27.593792,0.090000,-27.683792
133,-19.503023,-20.222944,-21.722944,-18.722944,price_sensitive_uninformed,none,0.000000,3,32.126130,-26.382938,0.090000,-26.472938
134,-19.339341,-19.888368,-21.388368,-18.388368,price_sensitive_uninformed,none,0.000000,3,32.126130,-25.891894,0.090000,-25.981894
135,-18.892738,-19.003249,-20.503249,-17.503249,informed,none,0.000000,3,32.126130,-24.552084,0.090000,-24.642084
136,-19.386930,-19.561984,-21.061984,-18.061984,price_sensitive_uninformed,none,0.000000,3,32.126130,-26.034661,0.090000,-26.124661
137,-20.857854,-23.090533,-24.590533,-21.590533,price_sensitive_uninformed,none,0.000000,3,32.126130,-30.447432,0.090000,-30.537432
138,-19.864898,-18.995944,-20.495944,-17.495944,price_sensitive_uninformed,none,0.000000,3,32.126130,-27.468564,0.090000,-27.558564
139,-18.066622,-19.537571,-21.037571,-18.037571,price_sensitive_uninformed,none,0.000000,3,32.126130,-22.073735,0.090000,-22.163735
140,-17.821193,-17.427792,-18.927792,-15.927792,price_sensitive_uninformed,none,0.000000,3,32.126130,-21.337450,0.090000,-21.427450
141,-17.089072,-17.028552,-18.528552,-15.528552,price_sensitive_uninformed,none,0.000000,3,32.126130,-19.141087,0.090000,-19.231087
142,-16.935195,-18.879926,-20.379926,-17.379926,price_sensitive_uninformed,none,0.000000,3,32.126130,-18.679454,0.090000,-18.769454
143,-17.289116,-17.654480,-19.154480,-16.154480,price_sensitive_uninformed,buy_from_mm,-16.154480,2,15.971650,-18.606582,0.040000,-18.646582
144,-18.706235,-19.092838,-20.592838,-17.592838,price_sensitive_uninformed,none,0.000000,2,15.971650,-21.440820,0.040000,-21.480820
145,-19.270961,-17.148432,-18.648432,-15.648432,informed,sell_to_mm,-18.648432,3,34.620082,-23.192800,0.090000,-23.282800
146,-18.149350,-18.370550,-19.870550,-16.870550,price_sensitive_uninformed,none,0.000000,3,34.620082,-19.827967,0.090000,-19.917967
147,-18.452718,-18.476263,-19.976263,-16.976263,price_sensitive_uninformed,none,0.000000,3,34.620082,-20.738071,0.090000,-20.828071
148,-18.374912,-18.568347,-20.068347,-17.068347,price_sensitive_uninformed,none,0.000000,3,34.620082,-20.504653,0.090000,-20.594653
149,-19.419241,-19.502426,-21.002426,-18.002426,informed,none,0.000000,3,34.620082,-23.637641,0.090000,-23.727641
150,-20.751954,-20.485504,-21.985504,-18.985504,price_sensitive_uninformed,none,0.000000,3,34.620082,-27.635779,0.090000,-27.725779
151,-21.094894,-20.110524,-21.610524,-18.610524,price_sensitive_uninformed,none,0.000000,3,34.620082,-28.664599,0.090000,-28.754599
152,-20.723353,-20.602905,-22.102905,-19.102905,price_sensitive_uninformed,none,0.000000,3,34.620082,-27.549977,0.090000,-27.639977
153,-20.430970,-22.766272,-24.266272,-21.266272,price_sensitive_uninformed,none,0.000000,3,34.620082,-26.672827,0.090000,-26.762827
154,-20.657225,-21.199918,-22.699918,-19.699918,informed,none,0.000000,3,34.620082,-27.351593,0.090000,-27.441593
155,-22.135613,-21.079652,-22.579652,-19.579652,informed,none,0.000000,3,34.620082,-31.786758,0.090000,-31.876758
156,-23.943557,-25.895448,-27.395448,-24.395448,price_sensitive_uninformed,none,0.000000,3,34.620082,-37.210588,0.090000,-37.300588
157,-24.517280,-24.918519,-26.418519,-23.418519,price_sensitive_uninformed,none,0.000000,3,34.620082,-38.931758,0.090000,-39.021758
158,-24.313026,-25.458563,-26.958563,-23.958563,informed,none,0.000000,3,34.620082,-38.318996,0.090000,-38.408996
159,-24.397067,-25.662053,-27.162053,-24.162053,price_sensitive_uninformed,none,0.000000,3,34.620082,-38.571119,0.090000,-38.661119
160,-23.727966,-24.496724,-25.996724,-22.996724,price_sensitive_uninformed,buy_from_mm,-22.996724,2,11.623358,-35.832574,0.040000,-35.872574
161,-24.141326,-23.077346,-24.577346,-21.577346,price_sensitive_uninformed,none,0.000000,2,11.623358,-36.659294,0.040000,-36.699294
162,-24.770629,-24.175274,-25.675274,-22.675274,price_sensitive_uninformed,none,0.000000,2,11.623358,-37.917899,0.040000,-37.957899
163,-26.757053,-26.409360,-27.909360,-24.909360,price_sensitive_uninformed,none,0.000000,2,11.623358,-41.890748,0.040000,-41.930748
164,-24.884790,-23.702346,-25.202346,-22.202346,price_sensitive_uninformed,none,0.000000,2,11.623358,-38.146222,0.040000,-38.186222
165,-25.635417,-26.435614,-27.935614,-24.935614,price_sensitive_uninformed,none,0.000000,2,11.623358,-39.647477,0.040000,-39.687477
166,-27.612939,-26.774784,-28.274784,-25.274784,price_sensitive_uninformed,none,0.000000,2,11.623358,-43.602520,0.040000,-43.642520
167,-27.073061,-27.857369,-29.357369,-26.357369,price_sensitive_uninformed,none,0.000000,2,11.623358,-42.522764,0.040000,-42.562764
168,-27.434295,-28.769975,-30.269975,-27.269975,price_sensitive_uninformed,none,0.000000,2,11.623358,-43.245231,0.040000,-43.285231
169,-27.044774,-28.074712,-29.574712,-26.574712,informed,none,0.000000,2,11.623358,-42.466190,0.040000,-42.506190
170,-26.367679,-26.554126,-28.054126,-25.054126,informed,none,0.000000,2,11.623358,-41.112000,0.040000,-41.152000
171,-27.379125,-27.147188,-28.647188,-25.647188,price_sensitive_uninformed,none,0.000000,2,11.623358,-43.134891,0.040000,-43.174891
172,-26.205208,-26.046456,-27.546456,-24.546456,informed,none,0.000000,2,11.623358,-40.787057,0.040000,-40.827057
173,-25.792210,-26.784705,-28.284705,-25.284705,price_sensitive_uninformed,none,0.000000,2,11.623358,-39.961062,0.040000,-40.001062
174,-25.722807,-26.175144,-27.675144,-24.675144,informed,none,0.000000,2,11.623358,-39.822256,0.040000,-39.862256
175,-23.471418,-22.669539,-24.169539,-21.169539,informed,none,0.000000,2,11.623358,-35.319478,0.040000,-35.359478
176,-24.234738,-24.800883,-26.300883,-23.300883,price_sensitive_uninformed,sell_to_mm,-26.300883,3,37.924241,-34.779973,0.090000,-34.869973
177,-25.237571,-25.089669,-26.589669,-23.589669,price_sensitive_uninformed,buy_from_mm,-23.589669,2,14.334572,-36.140571,0.040000,-36.180571
178,-25.308185,-26.706058,-28.206058,-25.206058,informed,none,0.000000,2,14.334572,-36.281798,0.040000,-36.321798
179,-24.543721,-24.602259,-26.102259,-23.102259,price_sensitive_uninformed,none,0.000000,2,14.334572,-34.752871,0.040000,-34.792871
180,-24.124504,-24.006138,-25.506138,-22.506138,price_sensitive_uninformed,sell_to_mm,-25.506138,3,39.840710,-32.532802,0.090000,-32.622802
181,-25.916913,-24.006384,-25.506384,-22.506384,price_sensitive_uninformed,none,0.000000,3,39.840710,-37.910029,0.090000,-38.000029
182,-26.059334,-25.828560,-27.328560,-24.328560,informed,none,0.000000,3,39.840710,-38.337293,0.090000,-38.427293
183,-25.291220,-26.215883,-27.715883,-24.715883,price_sensitive_uninformed,sell_to_mm,-27.715883,4,67.556594,-33.608288,0.160000,-33.768288
184,-26.617638,-26.226466,-27.726466,-24.726466,price_sensitive_uninformed,none,0.000000,4,67.556594,-38.913957,0.160000,-39.073957
185,-25.866530,-25.535417,-27.035417,-24.035417,price_sensitive_uninformed,none,0.000000,4,67.556594,-35.909525,0.160000,-36.069525
186,-26.394556,-25.546912,-27.046912,-24.046912,price_sensitive_uninformed,none,0.000000,4,67.556594,-38.021630,0.160000,-38.181630
187,-26.720622,-26.535731,-28.035731,-25.035731,price_sensitive_uninformed,none,0.000000,4,67.556594,-39.325894,0.160000,-39.485894
188,-27.237099,-28.311430,-29.811430,-26.811430,informed,none,0.000000,4,67.556594,-41.391801,0.160000,-41.551801
189,-25.082865,-25.573299,-27.073299,-24.073299,price_sensitive_uninformed,none,0.000000,4,67.556594,-32.774868,0.160000,-32.934868
190,-23.281901,-22.670427,-24.170427,-21.170427,informed,none,0.000000,4,67.556594,-25.571012,0.160000,-25.731012
191,-22.955549,-23.140743,-24.640743,-21.640743,informed,none,0.000000,4,67.556594,-24.265603,0.160000,-24.425603
192,-22.816667,-21.154387,-22.654387,-19.654387,price_sensitive_uninformed,none,0.000000,4,67.556594,-23.710075,0.160000,-23.870075
193,-23.239167,-22.892797,-24.392797,-21.392797,informed,none,0.000000,4,67.556594,-25.400074,0.160000,-25.560074
194,-24.069465,-23.546632,-25.046632,-22.046632,price_sensitive_uninformed,none,0.000000,4,67.556594,-28.721267,0.160000,-28.881267
195,-24.746754,-22.685845,-24.185845,-21.185845,informed,sell_to_mm,-24.185845,5,91.742438,-31.991330,0.250000,-32.241330
196,-24.701305,-23.430362,-24.930362,-21.930362,informed,none,0.000000,5,91.742438,-31.764084,0.250000,-32.014084
197,-25.682082,-24.190262,-25.690262,-22.690262,price_sensitive_uninformed,none,0.000000,5,91.742438,-36.667974,0.250000,-36.917974
198,-25.728481,-25.806453,-27.306453,-24.306453,informed,none,0.000000,5,91.742438,-36.899967,0.250000,-37.149967
199,-25.182270,-24.857152,-26.357152,-23.357152,price_sensitive_uninformed,none,0.000000,5,91.742438,-34.168912,0.250000,-34.418912
200,-24.379112,-24.160723,-25.660723,-22.660723,price_sensitive_uninformed,sell_to_mm,-25.660723,6,117.403161,-28.871512,0.360000,-29.231512
201,-24.057080,-26.400365,-27.900365,-24.900365,informed,buy_from_mm,-24.900365,5,92.502796,-27.782602,0.250000,-28.032602
202,-24.498625,-24.665290,-26.165290,-23.165290,informed,none,0.000000,5,92.502796,-29.990331,0.250000,-30.240331
203,-26.154663,-26.448763,-27.948763,-24.948763,price_sensitive_uninformed,none,0.000000,5,92.502796,-38.270520,0.250000,-38.520520
204,-25.005671,-24.077537,-25.577537,-22.577537,price_sensitive_uninformed,none,0.000000,5,92.502796,-32.525561,0.250000,-32.775561
205,-24.497762,-23.101596,-24.601596,-21.601596,informed,none,0.000000,5,92.502796,-29.986012,0.250000,-30.236012
206,-24.887849,-25.366254,-26.866254,-23.866254,price_sensitive_uninformed,none,0.000000,5,92.502796,-31.936451,0.250000,-32.186451
207,-28.144197,-27.844303,-29.344303,-26.344303,informed,none,0.000000,5,92.502796,-48.218188,0.250000,-48.468188
208,-27.186347,-27.053231,-28.553231,-25.553231,price_sensitive_uninformed,none,0.000000,5,92.502796,-43.428939,0.250000,-43.678939
209,-26.473534,-28.801341,-30.301341,-27.301341,informed,buy_from_mm,-27.301341,4,65.201455,-40.692682,0.160000,-40.852682
210,-26.652395,-26.417053,-27.917053,-24.917053,price_sensitive_uninformed,none,0.000000,4,65.201455,-41.408125,0.160000,-41.568125
211,-27.284913,-27.037548,-28.537548,-25.537548,informed,none,0.000000,4,65.201455,-43.938198,0.160000,-44.098198
212,-25.562702,-27.378963,-28.878963,-25.878963,price_sensitive_uninformed,none,0.000000,4,65.201455,-37.049354,0.160000,-37.209354
213,-25.218759,-25.070700,-26.570700,-23.570700,price_sensitive_uninformed,none,0.000000,4,65.201455,-35.673580,0.160000,-35.833580
214,-26.441268,-27.977113,-29.477113,-26.477113,informed,buy_from_mm,-26.477113,3,38.724342,-40.599461,0.090000,-40.689461
215,-26.604914,-26.377996,-27.877996,-24.877996,informed,none,0.000000,3,38.724342,-41.090400,0.090000,-41.180400
216,-28.248173,-25.617233,-27.117233,-24.117233,informed,sell_to_mm,-27.117233,4,65.841575,-47.151118,0.160000,-47.311118
217,-27.906561,-28.377661,-29.877661,-26.877661,informed,none,0.000000,4,65.841575,-45.784669,0.160000,-45.944669
218,-27.833264,-26.392026,-27.892026,-24.892026,price_sensitive_uninformed,buy_from_mm,-24.892026,3,40.949549,-42.550243,0.090000,-42.640243
219,-27.963989,-26.767162,-28.267162,-25.267162,informed,none,0.000000,3,40.949549,-42.942419,0.090000,-43.032419
220,-26.996041,-26.495977,-27.995977,-24.995977,price_sensitive_uninformed,sell_to_mm,-27.995977,4,68.945526,-39.038640,0.160000,-39.198640
221,-26.183695,-24.891836,-26.391836,-23.391836,informed,none,0.000000,4,68.945526,-35.789254,0.160000,-35.949254
222,-25.945469,-25.241216,-26.741216,-23.741216,price_sensitive_uninformed,none,0.000000,4,68.945526,-34.836349,0.160000,-34.996349
223,-25.188028,-26.346285,-27.846285,-24.846285,price_sensitive_uninformed,none,0.000000,4,68.945526,-31.806586,0.160000,-31.966586
224,-23.166359,-24.582687,-26.082687,-23.082687,informed,none,0.000000,4,68.945526,-23.719909,0.160000,-23.879909
225,-23.614068,-23.568314,-25.068314,-22.068314,informed,none,0.000000,4,68.945526,-25.510745,0.160000,-25.670745
226,-23.773072,-23.594420,-25.094420,-22.094420,informed,none,0.000000,4,68.945526,-26.146760,0.160000,-26.306760
227,-23.196190,-22.565397,-24.065397,-21.065397,informed,none,0.000000,4,68.945526,-23.839232,0.160000,-23.999232
228,-23.705244,-24.944045,-26.444045,-23.444045,informed,none,0.000000,4,68.945526,-25.875450,0.160000,-26.035450
229,-23.127640,-23.173348,-24.673348,-21.673348,informed,none,0.000000,4,68.945526,-23.565034,0.160000,-23.725034
230,-22.705064,-20.146068,-21.646068,-18.646068,price_sensitive_uninformed,none,0.000000,4,68.945526,-21.874731,0.160000,-22.034731
231,-23.944811,-25.178688,-26.678688,-23.678688,price_sensitive_uninformed,none,0.000000,4,68.945526,-26.833718,0.160000,-26.993718
232,-25.691377,-26.179775,-27.679775,-24.679775,informed,none,0.000000,4,68.945526,-33.819983,0.160000,-33.979983
233,-26.666867,-27.061569,-28.561569,-25.561569,price_sensitive_uninformed,buy_from_mm,-25.561569,3,43.383957,-36.616644,0.090000,-36.706644
234,-25.875043,-24.674927,-26.174927,-23.174927,price_sensitive_uninformed,none,0.000000,3,43.383957,-34.241171,0.090000,-34.331171
235,-25.474436,-25.658914,-27.158914,-24.158914,informed,none,0.000000,3,43.383957,-33.039351,0.090000,-33.129351
236,-25.411478,-24.827758,-26.327758,-23.327758,price_sensitive_uninformed,none,0.000000,3,43.383957,-32.850478,0.090000,-32.940478
237,-25.234993,-27.108583,-28.608583,-25.608583,informed,buy_from_mm,-25.608583,2,17.775374,-32.694612,0.040000,-32.734612
238,-24.913814,-24.880333,-26.380333,-23.380333,informed,none,0.000000,2,17.775374,-32.052254,0.040000,-32.092254
239,-24.580765,-26.469124,-27.969124,-24.969124,price_sensitive_uninformed,none,0.000000,2,17.775374,-31.386156,0.040000,-31.426156
240,-23.747438,-23.111723,-24.611723,-21.611723,price_sensitive_uninformed,none,0.000000,2,17.775374,-29.719502,0.040000,-29.759502
241,-24.316022,-24.618130,-26.118130,-23.118130,price_sensitive_uninformed,none,0.000000,2,17.775374,-30.856671,0.040000,-30.896671
242,-23.926516,-23.740615,-25.240615,-22.240615,price_sensitive_uninformed,none,0.000000,2,17.775374,-30.077657,0.040000,-30.117657
243,-25.438079,-26.890938,-28.390938,-25.390938,price_sensitive_uninformed,none,0.000000,2,17.775374,-33.100783,0.040000,-33.140783
244,-27.612992,-27.935330,-29.435330,-26.435330,informed,none,0.000000,2,17.775374,-37.450609,0.040000,-37.490609
245,-26.501551,-26.639237,-28.139237,-25.139237,informed,none,0.000000,2,17.775374,-35.227728,0.040000,-35.267728
246,-26.141978,-25.593049,-27.093049,-24.093049,price_sensitive_uninformed,none,0.000000,2,17.775374,-34.508581,0.040000,-34.548581
247,-24.430579,-24.658307,-26.158307,-23.158307,price_sensitive_uninformed,none,0.000000,2,17.775374,-31.085784,0.040000,-31.125784
248,-25.309131,-21.673251,-23.173251,-20.173251,informed,sell_to_mm,-23.173251,3,40.948625,-34.978767,0.090000,-35.068767
249,-23.395831,-23.506080,-25.006080,-22.006080,price_sensitive_uninformed,none,0.000000,3,40.948625,-29.238867,0.090000,-29.328867
250,-22.716123,-22.762226,-24.262226,-21.262226,price_sensitive_uninformed,none,0.000000,3,40.948625,-27.199742,0.090000,-27.289742
251,-23.021087,-22.935607,-24.435607,-21.435607,price_sensitive_uninformed,none,0.000000,3,40.948625,-28.114636,0.090000,-28.204636
252,-22.886832,-23.546658,-25.046658,-22.046658,price_sensitive_uninformed,none,0.000000,3,40.948625,-27.711870,0.090000,-27.801870
253,-24.655402,-24.459230,-25.959230,-22.959230,price_sensitive_uninformed,buy_from_mm,-22.959230,2,17.989395,-31.321408,0.040000,-31.361408
254,-24.366992,-23.599608,-25.099608,-22.099608,informed,none,0.000000,2,17.989395,-30.744588,0.040000,-30.784588
255,-23.400645,-23.412179,-24.912179,-21.912179,informed,none,0.000000,2,17.989395,-28.811895,0.040000,-28.851895
256,-22.106903,-23.348262,-24.848262,-21.848262,informed,none,0.000000,2,17.989395,-26.224411,0.040000,-26.264411
257,-22.642267,-21.681449,-23.181449,-20.181449,informed,none,0.000000,2,17.989395,-27.295139,0.040000,-27.335139
258,-21.079108,-21.566631,-23.066631,-20.066631,informed,none,0.000000,2,17.989395,-24.168820,0.040000,-24.208820
259,-22.167711,-22.487152,-23.987152,-20.987152,price_sensitive_uninformed,none,0.000000,2,17.989395,-26.346028,0.040000,-26.386028
260,-21.752398,-22.596014,-24.096014,-21.096014,price_sensitive_uninformed,none,0.000000,2,17.989395,-25.515402,0.040000,-25.555402
261,-22.903485,-22.667644,-24.167644,-21.167644,informed,none,0.000000,2,17.989395,-27.817575,0.040000,-27.857575
262,-22.630512,-22.895806,-24.395806,-21.395806,informed,none,0.000000,2,17.989395,-27.271629,0.040000,-27.311629
263,-22.263086,-21.696399,-23.196399,-20.196399,price_sensitive_uninformed,buy_from_mm,-20.196399,1,-2.207004,-24.470089,0.010000,-24.480089
264,-21.816219,-21.261862,-22.761862,-19.761862,price_sensitive_uninformed,none,0.000000,1,-2.207004,-24.023223,0.010000,-24.033223
265,-19.682672,-17.904176,-19.404176,-16.404176,informed,sell_to_mm,-19.404176,2,17.197173,-22.168171,0.040000,-22.208171
266,-18.406788,-17.842381,-19.342381,-16.342381,price_sensitive_uninformed,sell_to_mm,-19.342381,3,36.539553,-18.680810,0.090000,-18.770810
267,-18.172824,-16.282757,-17.782757,-14.782757,informed,sell_to_mm,-17.782757,4,54.322310,-18.368984,0.160000,-18.528984
268,-18.797923,-18.160973,-19.660973,-16.660973,informed,none,0.000000,4,54.322310,-20.869382,0.160000,-21.029382
269,-18.398859,-16.878286,-18.378286,-15.378286,price_sensitive_uninformed,none,0.000000,4,54.322310,-19.273126,0.160000,-19.433126
270,-17.681168,-17.702098,-19.202098,-16.202098,informed,none,0.000000,4,54.322310,-16.402361,0.160000,-16.562361
271,-17.344643,-17.148082,-18.648082,-15.648082,informed,none,0.000000,4,54.322310,-15.056263,0.160000,-15.216263
272,-16.105503,-14.556138,-16.056138,-13.056138,price_sensitive_uninformed,none,0.000000,4,54.322310,-10.099703,0.160000,-10.259703
273,-14.816859,-16.041130,-17.541130,-14.541130,price_sensitive_uninformed,none,0.000000,4,54.322310,-4.945127,0.160000,-5.105127
274,-16.460131,-17.934927,-19.434927,-16.434927,price_sensitive_uninformed,none,0.000000,4,54.322310,-11.518212,0.160000,-11.678212
275,-17.166468,-16.176805,-17.676805,-14.676805,informed,none,0.000000,4,54.322310,-14.343563,0.160000,-14.503563
276,-17.007641,-17.246065,-18.746065,-15.746065,informed,none,0.000000,4,54.322310,-13.708255,0.160000,-13.868255
277,-16.978563,-17.105588,-18.605588,-15.605588,informed,none,0.000000,4,54.322310,-13.591940,0.160000,-13.751940
278,-16.135399,-14.787978,-16.287978,-13.287978,price_sensitive_uninformed,none,0.000000,4,54.322310,-10.219284,0.160000,-10.379284
279,-17.482575,-18.142259,-19.642259,-16.642259,price_sensitive_uninformed,none,0.000000,4,54.322310,-15.607990,0.160000,-15.767990
280,-16.750802,-15.870784,-17.370784,-14.370784,price_sensitive_uninformed,none,0.000000,4,54.322310,-12.680899,0.160000,-12.840899
281,-17.552738,-18.152991,-19.652991,-16.652991,price_sensitive_uninformed,none,0.000000,4,54.322310,-15.888642,0.160000,-16.048642
282,-17.690701,-18.558546,-20.058546,-17.058546,price_sensitive_uninformed,none,0.000000,4,54.322310,-16.440493,0.160000,-16.600493
283,-16.775276,-16.894437,-18.394437,-15.394437,price_sensitive_uninformed,sell_to_mm,-18.394437,5,72.716748,-11.159633,0.250000,-11.409633
284,-15.243063,-14.315324,-15.815324,-12.815324,price_sensitive_uninformed,none,0.000000,5,72.716748,-3.498565,0.250000,-3.748565
285,-16.126932,-15.522084,-17.022084,-14.022084,price_sensitive_uninformed,sell_to_mm,-17.022084,6,89.738831,-7.022762,0.360000,-7.382762
286,-17.472909,-18.251283,-19.751283,-16.751283,informed,none,0.000000,6,89.738831,-15.098621,0.360000,-15.458621
287,-17.322199,-16.996475,-18.496475,-15.496475,price_sensitive_uninformed,none,0.000000,6,89.738831,-14.194363,0.360000,-14.554363
288,-16.930576,-16.256601,-17.756601,-14.756601,informed,none,0.000000,6,89.738831,-11.844624,0.360000,-12.204624
289,-18.491371,-18.187949,-19.687949,-16.687949,price_sensitive_uninformed,none,0.000000,6,89.738831,-21.209395,0.360000,-21.569395
290,-18.157948,-19.500614,-21.000614,-18.000614,price_sensitive_uninformed,none,0.000000,6,89.738831,-19.208859,0.360000,-19.568859
291,-18.478775,-17.715904,-19.215904,-16.215904,informed,none,0.000000,6,89.738831,-21.133818,0.360000,-21.493818
292,-18.705729,-17.029398,-18.529398,-15.529398,price_sensitive_uninformed,none,0.000000,6,89.738831,-22.495542,0.360000,-22.855542
293,-18.600238,-19.530339,-21.030339,-18.030339,price_sensitive_uninformed,none,0.000000,6,89.738831,-21.862594,0.360000,-22.222594
294,-18.014949,-17.076217,-18.576217,-15.576217,price_sensitive_uninformed,none,0.000000,6,89.738831,-18.350860,0.360000,-18.710860
295,-16.756966,-15.881975,-17.381975,-14.381975,price_sensitive_uninformed,buy_from_mm,-14.381975,5,75.356857,-8.427973,0.250000,-8.677973
296,-17.018060,-15.881151,-17.381151,-14.381151,price_sensitive_uninformed,none,0.000000,5,75.356857,-9.733444,0.250000,-9.983444
297,-17.589031,-17.949268,-19.449268,-16.449268,price_sensitive_uninformed,buy_from_mm,-16.449268,4,58.907588,-11.448536,0.160000,-11.608536
298,-15.642275,-14.999574,-16.499574,-13.499574,price_sensitive_uninformed,none,0.000000,4,58.907588,-3.661512,0.160000,-3.821512
299,-16.339168,-15.530550,-17.030550,-14.030550,price_sensitive_uninformed,none,0.000000,4,58.907588,-6.449083,0.160000,-6.609083
300,-15.053171,-15.052599,-16.552599,-13.552599,price_sensitive_uninformed,none,0.000000,4,58.907588,-1.305095,0.160000,-1.465095
301,-15.130510,-15.651536,-17.151536,-14.151536,informed,none,0.000000,4,58.907588,-1.614453,0.160000,-1.774453
302,-16.579223,-15.812215,-17.312215,-14.312215,informed,none,0.000000,4,58.907588,-7.409305,0.160000,-7.569305
303,-16.828153,-17.251869,-18.751869,-15.751869,informed,none,0.000000,4,58.907588,-8.405025,0.160000,-8.565025
304,-17.193163,-18.501644,-20.001644,-17.001644,price_sensitive_uninformed,none,0.000000,4,58.907588,-9.865065,0.160000,-10.025065
305,-18.159982,-19.338149,-20.838149,-17.838149,price_sensitive_uninformed,none,0.000000,4,58.907588,-13.732339,0.160000,-13.892339
306,-18.970023,-18.716232,-20.216232,-17.216232,informed,none,0.000000,4,58.907588,-16.972504,0.160000,-17.132504
307,-18.422941,-16.398629,-17.898629,-14.898629,price_sensitive_uninformed,none,0.000000,4,58.907588,-14.784176,0.160000,-14.944176
308,-20.020991,-18.685246,-20.185246,-17.185246,informed,none,0.000000,4,58.907588,-21.176377,0.160000,-21.336377
309,-17.340870,-15.964786,-17.464786,-14.464786,informed,none,0.000000,4,58.907588,-10.455891,0.160000,-10.615891
310,-17.929965,-17.302545,-18.802545,-15.802545,informed,none,0.000000,4,58.907588,-12.812273,0.160000,-12.972273
311,-18.416181,-18.277756,-19.777756,-16.777756,informed,none,0.000000,4,58.907588,-14.757134,0.160000,-14.917134
312,-16.952056,-17.897632,-19.397632,-16.397632,price_sensitive_uninformed,none,0.000000,4,58.907588,-8.900637,0.160000,-9.060637
313,-16.210722,-15.886215,-17.386215,-14.386215,informed,none,0.000000,4,58.907588,-5.935299,0.160000,-6.095299
314,-16.927593,-16.186930,-17.686930,-14.686930,price_sensitive_uninformed,none,0.000000,4,58.907588,-8.802784,0.160000,-8.962784
315,-17.469213,-16.443397,-17.943397,-14.943397,informed,none,0.000000,4,58.907588,-10.969263,0.160000,-11.129263
316,-19.835286,-20.349478,-21.849478,-18.849478,price_sensitive_uninformed,none,0.000000,4,58.907588,-20.433554,0.160000,-20.593554
317,-19.267526,-17.594563,-19.094563,-16.094563,informed,sell_to_mm,-19.094563,5,78.002152,-18.335478,0.250000,-18.585478
318,-20.709363,-20.380839,-21.880839,-18.880839,informed,none,0.000000,5,78.002152,-25.544663,0.250000,-25.794663
319,-21.423734,-21.049705,-22.549705,-19.549705,price_sensitive_uninformed,none,0.000000,5,78.002152,-29.116520,0.250000,-29.366520
320,-22.219321,-22.324195,-23.824195,-20.824195,price_sensitive_uninformed,none,0.000000,5,78.002152,-33.094455,0.250000,-33.344455
321,-22.703903,-23.109152,-24.609152,-21.609152,price_sensitive_uninformed,none,0.000000,5,78.002152,-35.517363,0.250000,-35.767363
322,-22.350791,-21.389113,-22.889113,-19.889113,price_sensitive_uninformed,none,0.000000,5,78.002152,-33.751803,0.250000,-34.001803
323,-23.000114,-23.429574,-24.929574,-21.929574,price_sensitive_uninformed,none,0.000000,5,78.002152,-36.998420,0.250000,-37.248420
324,-22.955619,-22.199032,-23.699032,-20.699032,informed,none,0.000000,5,78.002152,-36.775943,0.250000,-37.025943
325,-23.928165,-23.706329,-25.206329,-22.206329,informed,none,0.000000,5,78.002152,-41.638673,0.250000,-41.888673
326,-23.646694,-24.774712,-26.274712,-23.274712,price_sensitive_uninformed,none,0.000000,5,78.002152,-40.231320,0.250000,-40.481320
327,-22.623833,-23.165026,-24.665026,-21.665026,price_sensitive_uninformed,none,0.000000,5,78.002152,-35.117012,0.250000,-35.367012
328,-23.466665,-22.917336,-24.417336,-21.417336,price_sensitive_uninformed,none,0.000000,5,78.002152,-39.331175,0.250000,-39.581175
329,-24.914257,-25.402612,-26.902612,-23.902612,price_sensitive_uninformed,none,0.000000,5,78.002152,-46.569131,0.250000,-46.819131
330,-24.884653,-26.406473,-27.906473,-24.906473,price_sensitive_uninformed,none,0.000000,5,78.002152,-46.421113,0.250000,-46.671113
331,-25.251542,-28.396291,-29.896291,-26.896291,informed,buy_from_mm,-26.896291,4,51.105860,-49.900308,0.160000,-50.060308
332,-24.564485,-25.479043,-26.979043,-23.979043,informed,none,0.000000,4,51.105860,-47.152082,0.160000,-47.312082
333,-24.056757,-23.085585,-24.585585,-21.585585,price_sensitive_uninformed,buy_from_mm,-21.585585,3,29.520275,-42.649997,0.090000,-42.739997
334,-25.564892,-25.604498,-27.104498,-24.104498,price_sensitive_uninformed,none,0.000000,3,29.520275,-47.174402,0.090000,-47.264402
335,-25.827743,-25.200714,-26.700714,-23.700714,informed,none,0.000000,3,29.520275,-47.962955,0.090000,-48.052955
336,-25.839571,-27.393273,-28.893273,-25.893273,price_sensitive_uninformed,none,0.000000,3,29.520275,-47.998438,0.090000,-48.088438
337,-27.044436,-28.241421,-29.741421,-26.741421,price_sensitive_uninformed,none,0.000000,3,29.520275,-51.613031,0.090000,-51.703031
338,-26.321333,-26.327921,-27.827921,-24.827921,price_sensitive_uninformed,none,0.000000,3,29.520275,-49.443725,0.090000,-49.533725
339,-24.668206,-25.351680,-26.851680,-23.851680,informed,none,0.000000,3,29.520275,-44.484344,0.090000,-44.574344
340,-24.665933,-24.531350,-26.031350,-23.031350,informed,none,0.000000,3,29.520275,-44.477524,0.090000,-44.567524
341,-25.093852,-23.850049,-25.350049,-22.350049,price_sensitive_uninformed,sell_to_mm,-25.350049,4,54.870324,-45.505083,0.160000,-45.665083
342,-26.735579,-26.849329,-28.349329,-25.349329,price_sensitive_uninformed,none,0.000000,4,54.870324,-52.071993,0.160000,-52.231993
343,-26.249087,-26.991982,-28.491982,-25.491982,price_sensitive_uninformed,none,0.000000,4,54.870324,-50.126025,0.160000,-50.286025
344,-26.323479,-25.289653,-26.789653,-23.789653,price_sensitive_uninformed,none,0.000000,4,54.870324,-50.423591,0.160000,-50.583591
345,-25.939462,-24.512924,-26.012924,-23.012924,price_sensitive_uninformed,none,0.000000,4,54.870324,-48.887523,0.160000,-49.047523
346,-25.169251,-25.877083,-27.377083,-24.377083,price_sensitive_uninformed,none,0.000000,4,54.870324,-45.806678,0.160000,-45.966678
347,-24.891089,-25.208653,-26.708653,-23.708653,informed,none,0.000000,4,54.870324,-44.694031,0.160000,-44.854031
348,-24.372734,-25.992463,-27.492463,-24.492463,informed,buy_from_mm,-24.492463,3,30.377861,-42.740342,0.090000,-42.830342
349,-26.306065,-25.332201,-26.832201,-23.832201,informed,none,0.000000,3,30.377861,-48.540333,0.090000,-48.630333
350,-27.066188,-28.565429,-30.065429,-27.065429,informed,none,0.000000,3,30.377861,-50.820701,0.090000,-50.910701
351,-27.638389,-29.064403,-30.564403,-27.564403,price_sensitive_uninformed,buy_from_mm,-27.564403,2,2.813458,-52.463319,0.040000,-52.503319
352,-28.600762,-30.012408,-31.512408,-28.512408,price_sensitive_uninformed,none,0.000000,2,2.813458,-54.388066,0.040000,-54.428066
353,-27.322224,-26.398747,-27.898747,-24.898747,price_sensitive_uninformed,none,0.000000,2,2.813458,-51.830991,0.040000,-51.870991
354,-28.634952,-29.195147,-30.695147,-27.695147,price_sensitive_uninformed,none,0.000000,2,2.813458,-54.456446,0.040000,-54.496446
355,-29.424639,-31.683349,-33.183349,-30.183349,informed,buy_from_mm,-30.183349,1,-27.369891,-56.794529,0.010000,-56.804529
356,-28.768669,-28.898508,-30.398508,-27.398508,price_sensitive_uninformed,none,0.000000,1,-27.369891,-56.138559,0.010000,-56.148559
357,-30.665109,-29.500196,-31.000196,-28.000196,price_sensitive_uninformed,none,0.000000,1,-27.369891,-58.035000,0.010000,-58.045000
358,-32.377583,-30.863855,-32.363855,-29.363855,informed,sell_to_mm,-32.363855,2,4.993964,-59.761201,0.040000,-59.801201
359,-33.344897,-32.553701,-34.053701,-31.053701,price_sensitive_uninformed,buy_from_mm,-31.053701,1,-26.059736,-59.404633,0.010000,-59.414633
360,-33.345240,-32.253427,-33.753427,-30.753427,price_sensitive_uninformed,none,0.000000,1,-26.059736,-59.404976,0.010000,-59.414976
361,-33.827357,-33.608955,-35.108955,-32.108955,informed,none,0.000000,1,-26.059736,-59.887093,0.010000,-59.897093
362,-34.006171,-35.759010,-37.259010,-34.259010,price_sensitive_uninformed,none,0.000000,1,-26.059736,-60.065907,0.010000,-60.075907
363,-32.663496,-33.035483,-34.535483,-31.535483,price_sensitive_uninformed,none,0.000000,1,-26.059736,-58.723232,0.010000,-58.733232
364,-29.421573,-30.530567,-32.030567,-29.030567,informed,none,0.000000,1,-26.059736,-55.481309,0.010000,-55.491309
365,-30.779719,-30.734205,-32.234205,-29.234205,price_sensitive_uninformed,none,0.000000,1,-26.059736,-56.839455,0.010000,-56.849455
366,-31.916221,-33.624493,-35.124493,-32.124493,price_sensitive_uninformed,none,0.000000,1,-26.059736,-57.975957,0.010000,-57.985957
367,-31.707521,-31.073721,-32.573721,-29.573721,informed,none,0.000000,1,-26.059736,-57.767257,0.010000,-57.777257
368,-31.691971,-31.184547,-32.684547,-29.684547,price_sensitive_uninformed,buy_from_mm,-29.684547,0,-55.744283,-55.744283,0.000000,-55.744283
369,-31.840152,-30.974874,-32.474874,-29.474874,price_sensitive_uninformed,none,0.000000,0,-55.744283,-55.744283,0.000000,-55.744283
370,-31.858480,-31.310499,-32.810499,-29.810499,price_sensitive_uninformed,none,0.000000,0,-55.744283,-55.744283,0.000000,-55.744283
371,-31.752997,-31.998379,-33.498379,-30.498379,informed,none,0.000000,0,-55.744283,-55.744283,0.000000,-55.744283
372,-30.102082,-29.183114,-30.683114,-27.683114,price_sensitive_uninformed,buy_from_mm,-27.683114,-1,-83.427397,-53.325315,0.010000,-53.335315
373,-31.045581,-32.514964,-34.014964,-31.014964,price_sensitive_uninformed,buy_from_mm,-31.014964,-2,-114.442361,-52.351200,0.040000,-52.391200
374,-30.274608,-31.718320,-33.218320,-30.218320,informed,none,0.000000,-2,-114.442361,-53.893145,0.040000,-53.933145
375,-29.532865,-30.591049,-32.091049,-29.091049,price_sensitive_uninformed,none,0.000000,-2,-114.442361,-55.376630,0.040000,-55.416630
376,-30.065425,-30.550318,-32.050318,-29.050318,informed,none,0.000000,-2,-114.442361,-54.311512,0.040000,-54.351512
377,-29.707581,-29.753703,-31.253703,-28.253703,informed,none,0.000000,-2,-114.442361,-55.027199,0.040000,-55.067199
378,-31.711499,-31.786273,-33.286273,-30.286273,price_sensitive_uninformed,none,0.000000,-2,-114.442361,-51.019364,0.040000,-51.059364
379,-31.702344,-30.847198,-32.347198,-29.347198,price_sensitive_uninformed,buy_from_mm,-29.347198,-3,-143.789558,-48.682528,0.090000,-48.772528
380,-32.287339,-31.827353,-33.327353,-30.327353,price_sensitive_uninformed,none,0.000000,-3,-143.789558,-46.927541,0.090000,-47.017541
381,-31.706934,-31.364452,-32.864452,-29.864452,price_sensitive_uninformed,none,0.000000,-3,-143.789558,-48.668755,0.090000,-48.758755
382,-32.472187,-32.512312,-34.012312,-31.012312,price_sensitive_uninformed,none,0.000000,-3,-143.789558,-46.372999,0.090000,-46.462999
383,-31.621055,-32.276312,-33.776312,-30.776312,informed,none,0.000000,-3,-143.789558,-48.926394,0.090000,-49.016394
384,-32.492803,-32.831949,-34.331949,-31.331949,price_sensitive_uninformed,none,0.000000,-3,-143.789558,-46.311151,0.090000,-46.401151
385,-32.771977,-32.677907,-34.177907,-31.177907,informed,none,0.000000,-3,-143.789558,-45.473629,0.090000,-45.563629
386,-32.164928,-32.941165,-34.441165,-31.441165,price_sensitive_uninformed,none,0.000000,-3,-143.789558,-47.294776,0.090000,-47.384776
387,-32.242133,-30.629717,-32.129717,-29.129717,price_sensitive_uninformed,none,0.000000,-3,-143.789558,-47.063160,0.090000,-47.153160
388,-33.789000,-33.163738,-34.663738,-31.663738,informed,none,0.000000,-3,-143.789558,-42.422559,0.090000,-42.512559
389,-34.013653,-35.388585,-36.888585,-33.888585,price_sensitive_uninformed,none,0.000000,-3,-143.789558,-41.748599,0.090000,-41.838599
390,-33.748357,-34.315434,-35.815434,-32.815434,price_sensitive_uninformed,none,0.000000,-3,-143.789558,-42.544487,0.090000,-42.634487
391,-33.274010,-34.242425,-35.742425,-32.742425,price_sensitive_uninformed,none,0.000000,-3,-143.789558,-43.967529,0.090000,-44.057529
392,-32.265422,-30.828808,-32.328808,-29.328808,informed,none,0.000000,-3,-143.789558,-46.993292,0.090000,-47.083292
393,-31.190843,-30.436115,-31.936115,-28.936115,informed,none,0.000000,-3,-143.789558,-50.217031,0.090000,-50.307031
394,-29.874671,-29.977247,-31.477247,-28.477247,price_sensitive_uninformed,none,0.000000,-3,-143.789558,-54.165544,0.090000,-54.255544
395,-30.124507,-29.926202,-31.426202,-28.426202,informed,none,0.000000,-3,-143.789558,-53.416037,0.090000,-53.506037
396,-29.558776,-29.486044,-30.986044,-27.986044,informed,none,0.000000,-3,-143.789558,-55.113231,0.090000,-55.203231
397,-29.588595,-30.596013,-32.096013,-29.096013,price_sensitive_uninformed,none,0.000000,-3,-143.789558,-55.023774,0.090000,-55.113774
398,-28.601044,-29.808544,-31.308544,-28.308544,informed,none,0.000000,-3,-143.789558,-57.986428,0.090000,-58.076428
399,-30.195600,-30.252715,-31.752715,-28.752715,informed,none,0.000000,-3,-143.789558,-53.202757,0.090000,-53.292757
400,-31.375348,-31.455416,-32.955416,-29.955416,price_sensitive_uninformed,none,0.000000,-3,-143.789558,-49.663514,0.090000,-49.753514
401,-32.130047,-32.781464,-34.281464,-31.281464,price_sensitive_uninformed,none,0.000000,-3,-143.789558,-47.399419,0.090000,-47.489419
402,-31.326922,-31.391923,-32.891923,-29.891923,informed,none,0.000000,-3,-143.789558,-49.808793,0.090000,-49.898793
403,-29.519429,-31.759927,-33.259927,-30.259927,informed,buy_from_mm,-30.259927,-4,-174.049486,-55.971772,0.160000,-56.131772
404,-30.960342,-31.770078,-33.270078,-30.270078,informed,none,0.000000,-4,-174.049486,-50.208118,0.160000,-50.368118
405,-30.487987,-31.245681,-32.745681,-29.745681,informed,none,0.000000,-4,-174.049486,-52.097539,0.160000,-52.257539
406,-30.379331,-31.763761,-33.263761,-30.263761,price_sensitive_uninformed,none,0.000000,-4,-174.049486,-52.532162,0.160000,-52.692162
407,-29.666569,-30.342528,-31.842528,-28.842528,price_sensitive_uninformed,sell_to_mm,-31.842528,-3,-142.206958,-53.207251,0.090000,-53.297251
408,-29.581701,-27.786298,-29.286298,-26.286298,informed,sell_to_mm,-29.286298,-2,-112.920660,-53.757259,0.040000,-53.797259
409,-30.484786,-29.892213,-31.392213,-28.392213,informed,none,0.000000,-2,-112.920660,-51.951088,0.040000,-51.991088
410,-30.673627,-29.924037,-31.424037,-28.424037,informed,none,0.000000,-2,-112.920660,-51.573406,0.040000,-51.613406
411,-31.779972,-31.832717,-33.332717,-30.332717,price_sensitive_uninformed,none,0.000000,-2,-112.920660,-49.360717,0.040000,-49.400717
412,-34.065976,-34.809153,-36.309153,-33.309153,price_sensitive_uninformed,none,0.000000,-2,-112.920660,-44.788708,0.040000,-44.828708
413,-34.188405,-34.688487,-36.188487,-33.188487,informed,none,0.000000,-2,-112.920660,-44.543851,0.040000,-44.583851
414,-33.383139,-33.333222,-34.833222,-31.833222,price_sensitive_uninformed,none,0.000000,-2,-112.920660,-46.154383,0.040000,-46.194383
415,-34.092688,-34.174070,-35.674070,-32.674070,price_sensitive_uninformed,none,0.000000,-2,-112.920660,-44.735285,0.040000,-44.775285
416,-34.217838,-34.710506,-36.210506,-33.210506,informed,none,0.000000,-2,-112.920660,-44.484985,0.040000,-44.524985
417,-34.850446,-34.042055,-35.542055,-32.542055,price_sensitive_uninformed,none,0.000000,-2,-112.920660,-43.219768,0.040000,-43.259768
418,-34.234748,-34.732526,-36.232526,-33.232526,informed,none,0.000000,-2,-112.920660,-44.451165,0.040000,-44.491165
419,-37.282863,-37.846079,-39.346079,-36.346079,price_sensitive_uninformed,none,0.000000,-2,-112.920660,-38.354934,0.040000,-38.394934
420,-36.977582,-36.722134,-38.222134,-35.222134,price_sensitive_uninformed,sell_to_mm,-38.222134,-1,-74.698527,-37.720945,0.010000,-37.730945
421,-36.632444,-36.882220,-38.382220,-35.382220,informed,none,0.000000,-1,-74.698527,-38.066083,0.010000,-38.076083
422,-37.814365,-38.255461,-39.755461,-36.755461,price_sensitive_uninformed,none,0.000000,-1,-74.698527,-36.884162,0.010000,-36.894162
423,-35.756100,-35.291937,-36.791937,-33.791937,price_sensitive_uninformed,none,0.000000,-1,-74.698527,-38.942427,0.010000,-38.952427
424,-38.152718,-37.480699,-38.980699,-35.980699,informed,none,0.000000,-1,-74.698527,-36.545809,0.010000,-36.555809
425,-40.338459,-39.682439,-41.182439,-38.182439,price_sensitive_uninformed,none,0.000000,-1,-74.698527,-34.360068,0.010000,-34.370068
426,-40.828480,-39.806579,-41.306579,-38.306579,price_sensitive_uninformed,buy_from_mm,-38.306579,-2,-113.005106,-31.348146,0.040000,-31.388146
427,-41.231262,-41.204259,-42.704259,-39.704259,price_sensitive_uninformed,buy_from_mm,-39.704259,-3,-152.709365,-29.015580,0.090000,-29.105580
428,-39.977217,-40.332552,-41.832552,-38.832552,price_sensitive_uninformed,none,0.000000,-3,-152.709365,-32.777714,0.090000,-32.867714
429,-40.333004,-40.449229,-41.949229,-38.949229,price_sensitive_uninformed,none,0.000000,-3,-152.709365,-31.710353,0.090000,-31.800353
430,-39.855643,-38.109227,-39.609227,-36.609227,informed,sell_to_mm,-39.609227,-2,-113.100138,-33.388852,0.040000,-33.428852
431,-39.828551,-40.013954,-41.513954,-38.513954,informed,none,0.000000,-2,-113.100138,-33.443035,0.040000,-33.483035
432,-38.501079,-37.760338,-39.260338,-36.260338,price_sensitive_uninformed,none,0.000000,-2,-113.100138,-36.097980,0.040000,-36.137980
433,-38.237687,-36.458730,-37.958730,-34.958730,informed,sell_to_mm,-37.958730,-1,-75.141408,-36.903721,0.010000,-36.913721
434,-38.426833,-37.937031,-39.437031,-36.437031,price_sensitive_uninformed,none,0.000000,-1,-75.141408,-36.714575,0.010000,-36.724575
435,-37.870665,-37.791033,-39.291033,-36.291033,informed,none,0.000000,-1,-75.141408,-37.270743,0.010000,-37.280743
436,-38.040182,-38.325680,-39.825680,-36.825680,price_sensitive_uninformed,none,0.000000,-1,-75.141408,-37.101226,0.010000,-37.111226
437,-39.727173,-40.198098,-41.698098,-38.698098,informed,none,0.000000,-1,-75.141408,-35.414234,0.010000,-35.424234
438,-39.948092,-41.092199,-42.592199,-39.592199,price_sensitive_uninformed,none,0.000000,-1,-75.141408,-35.193316,0.010000,-35.203316
439,-40.705888,-41.747814,-43.247814,-40.247814,price_sensitive_uninformed,none,0.000000,-1,-75.141408,-34.435519,0.010000,-34.445519
440,-41.563099,-39.910819,-41.410819,-38.410819,price_sensitive_uninformed,none,0.000000,-1,-75.141408,-33.578309,0.010000,-33.588309
441,-43.062749,-42.125672,-43.625672,-40.625672,informed,none,0.000000,-1,-75.141408,-32.078659,0.010000,-32.088659
442,-42.293473,-42.624698,-44.124698,-41.124698,price_sensitive_uninformed,none,0.000000,-1,-75.141408,-32.847935,0.010000,-32.857935
443,-42.630545,-42.177395,-43.677395,-40.677395,price_sensitive_uninformed,buy_from_mm,-40.677395,-2,-115.818802,-30.557713,0.040000,-30.597713
444,-43.825234,-44.001330,-45.501330,-42.501330,price_sensitive_uninformed,none,0.000000,-2,-115.818802,-28.168334,0.040000,-28.208334
445,-42.760693,-42.000259,-43.500259,-40.500259,price_sensitive_uninformed,none,0.000000,-2,-115.818802,-30.297416,0.040000,-30.337416
446,-44.125934,-45.300045,-46.800045,-43.800045,price_sensitive_uninformed,none,0.000000,-2,-115.818802,-27.566935,0.040000,-27.606935
447,-44.245150,-43.734617,-45.234617,-42.234617,price_sensitive_uninformed,sell_to_mm,-45.234617,-1,-70.584186,-26.339035,0.010000,-26.349035
448,-42.957613,-41.366315,-42.866315,-39.866315,informed,sell_to_mm,-42.866315,0,-27.717871,-27.717871,0.000000,-27.717871
449,-43.283903,-44.641625,-46.141625,-43.141625,informed,none,0.000000,0,-27.717871,-27.717871,0.000000,-27.717871
450,-42.941568,-45.185246,-46.685246,-43.685246,price_sensitive_uninformed,none,0.000000,0,-27.717871,-27.717871,0.000000,-27.717871
451,-42.766773,-43.534015,-45.034015,-42.034015,informed,none,0.000000,0,-27.717871,-27.717871,0.000000,-27.717871
452,-41.511843,-42.103242,-43.603242,-40.603242,informed,none,0.000000,0,-27.717871,-27.717871,0.000000,-27.717871
453,-41.229181,-39.640005,-41.140005,-38.140005,informed,sell_to_mm,-41.140005,1,13.422134,-27.807047,0.010000,-27.817047
454,-40.424397,-40.245562,-41.745562,-38.745562,price_sensitive_uninformed,none,0.000000,1,13.422134,-27.002263,0.010000,-27.012263
455,-40.468367,-41.022446,-42.522446,-39.522446,informed,none,0.000000,1,13.422134,-27.046233,0.010000,-27.056233
456,-39.652223,-38.734410,-40.234410,-37.234410,informed,none,0.000000,1,13.422134,-26.230088,0.010000,-26.240088
457,-39.400023,-37.630217,-39.130217,-36.130217,price_sensitive_uninformed,none,0.000000,1,13.422134,-25.977888,0.010000,-25.987888
458,-37.799597,-37.277167,-38.777167,-35.777167,informed,none,0.000000,1,13.422134,-24.377463,0.010000,-24.387463
459,-37.128698,-35.927597,-37.427597,-34.427597,price_sensitive_uninformed,none,0.000000,1,13.422134,-23.706564,0.010000,-23.716564
460,-38.537298,-38.765051,-40.265051,-37.265051,price_sensitive_uninformed,none,0.000000,1,13.422134,-25.115163,0.010000,-25.125163
461,-38.054454,-37.500399,-39.000399,-36.000399,price_sensitive_uninformed,none,0.000000,1,13.422134,-24.632319,0.010000,-24.642319
462,-38.417113,-38.036008,-39.536008,-36.536008,informed,none,0.000000,1,13.422134,-24.994978,0.010000,-25.004978
463,-36.831873,-36.015363,-37.515363,-34.515363,price_sensitive_uninformed,none,0.000000,1,13.422134,-23.409738,0.010000,-23.419738
464,-36.404390,-37.133699,-38.633699,-35.633699,price_sensitive_uninformed,none,0.000000,1,13.422134,-22.982256,0.010000,-22.992256
465,-37.173923,-37.299954,-38.799954,-35.799954,informed,none,0.000000,1,13.422134,-23.751789,0.010000,-23.761789
466,-39.116017,-39.979736,-41.479736,-38.479736,informed,none,0.000000,1,13.422134,-25.693883,0.010000,-25.703883
467,-38.223187,-37.511517,-39.011517,-36.011517,informed,none,0.000000,1,13.422134,-24.801053,0.010000,-24.811053
468,-37.228916,-34.978751,-36.478751,-33.478751,price_sensitive_uninformed,none,0.000000,1,13.422134,-23.806782,0.010000,-23.816782
469,-37.080273,-35.596556,-37.096556,-34.096556,price_sensitive_uninformed,none,0.000000,1,13.422134,-23.658139,0.010000,-23.668139
470,-37.152389,-37.190354,-38.690354,-35.690354,price_sensitive_uninformed,none,0.000000,1,13.422134,-23.730254,0.010000,-23.740254
471,-39.230310,-38.680879,-40.180879,-37.180879,price_sensitive_uninformed,none,0.000000,1,13.422134,-25.808176,0.010000,-25.818176
472,-40.212299,-38.847148,-40.347148,-37.347148,informed,none,0.000000,1,13.422134,-26.790165,0.010000,-26.800165
473,-41.394381,-41.858591,-43.358591,-40.358591,price_sensitive_uninformed,none,0.000000,1,13.422134,-27.972246,0.010000,-27.982246
474,-42.644635,-40.913254,-42.413254,-39.413254,informed,sell_to_mm,-42.413254,2,55.835388,-29.453881,0.040000,-29.493881
475,-42.334179,-42.554656,-44.054656,-41.054656,price_sensitive_uninformed,buy_from_mm,-41.054656,1,14.780733,-27.553447,0.010000,-27.563447
476,-42.676012,-42.122397,-43.622397,-40.622397,price_sensitive_uninformed,none,0.000000,1,14.780733,-27.895280,0.010000,-27.905280
477,-43.073728,-42.645085,-44.145085,-41.145085,informed,none,0.000000,1,14.780733,-28.292996,0.010000,-28.302996
478,-42.939450,-43.596291,-45.096291,-42.096291,price_sensitive_uninformed,buy_from_mm,-42.096291,0,-27.315558,-27.315558,0.000000,-27.315558
479,-41.834346,-41.023328,-42.523328,-39.523328,price_sensitive_uninformed,sell_to_mm,-42.523328,1,15.207770,-26.626576,0.010000,-26.636576
480,-42.170429,-42.161677,-43.661677,-40.661677,price_sensitive_uninformed,sell_to_mm,-43.661677,2,58.869447,-25.471411,0.040000,-25.511411
481,-41.610094,-41.435892,-42.935892,-39.935892,informed,none,0.000000,2,58.869447,-24.350742,0.040000,-24.390742
482,-41.240573,-40.767292,-42.267292,-39.267292,informed,none,0.000000,2,58.869447,-23.611699,0.040000,-23.651699
483,-42.419154,-41.970816,-43.470816,-40.470816,price_sensitive_uninformed,none,0.000000,2,58.869447,-25.968862,0.040000,-26.008862
484,-40.939244,-40.438624,-41.938624,-38.938624,price_sensitive_uninformed,none,0.000000,2,58.869447,-23.009041,0.040000,-23.049041
485,-41.064161,-41.255437,-42.755437,-39.755437,price_sensitive_uninformed,sell_to_mm,-42.755437,3,101.624883,-21.567601,0.090000,-21.657601
486,-41.664024,-40.435700,-41.935700,-38.935700,informed,none,0.000000,3,101.624883,-23.367188,0.090000,-23.457188
487,-41.884003,-40.516618,-42.016618,-39.016618,informed,none,0.000000,3,101.624883,-24.027127,0.090000,-24.117127
488,-41.853007,-40.837160,-42.337160,-39.337160,price_sensitive_uninformed,none,0.000000,3,101.624883,-23.934139,0.090000,-24.024139
489,-40.849348,-41.830965,-43.330965,-40.330965,informed,none,0.000000,3,101.624883,-20.923162,0.090000,-21.013162
490,-41.328996,-40.486482,-41.986482,-38.986482,price_sensitive_uninformed,none,0.000000,3,101.624883,-22.362104,0.090000,-22.452104
491,-38.310150,-37.200423,-38.700423,-35.700423,price_sensitive_uninformed,none,0.000000,3,101.624883,-13.305568,0.090000,-13.395568
492,-38.846359,-38.931381,-40.431381,-37.431381,price_sensitive_uninformed,none,0.000000,3,101.624883,-14.914192,0.090000,-15.004192
493,-38.098777,-37.506182,-39.006182,-36.006182,price_sensitive_uninformed,none,0.000000,3,101.624883,-12.671449,0.090000,-12.761449
494,-37.839635,-38.151968,-39.651968,-36.651968,price_sensitive_uninformed,none,0.000000,3,101.624883,-11.894022,0.090000,-11.984022
495,-37.385562,-36.897938,-38.397938,-35.397938,price_sensitive_uninformed,none,0.000000,3,101.624883,-10.531804,0.090000,-10.621804
496,-36.256539,-36.177860,-37.677860,-34.677860,informed,none,0.000000,3,101.624883,-7.144733,0.090000,-7.234733
497,-37.085565,-38.288529,-39.788529,-36.788529,price_sensitive_uninformed,none,0.000000,3,101.624883,-9.631813,0.090000,-9.721813
498,-38.308767,-39.617108,-41.117108,-38.117108,informed,none,0.000000,3,101.624883,-13.301418,0.090000,-13.391418
499,-38.856395,-38.282139,-39.782139,-36.782139,price_sensitive_uninformed,none,0.000000,3,101.624883,-14.944301,0.090000,-15.034301
500,-40.133921,-41.520347,-43.020347,-40.020347,price_sensitive_uninformed,none,0.000000,3,101.624883,-18.776880,0.090000,-18.866880
501,-41.044133,-40.165472,-41.665472,-38.665472,informed,none,0.000000,3,101.624883,-21.507516,0.090000,-21.597516
502,-41.576111,-42.561244,-44.061244,-41.061244,informed,none,0.000000,3,101.624883,-23.103449,0.090000,-23.193449
503,-41.726595,-41.825209,-43.325209,-40.325209,price_sensitive_uninformed,none,0.000000,3,101.624883,-23.554903,0.090000,-23.644903
504,-43.005314,-42.942487,-44.442487,-41.442487,price_sensitive_uninformed,none,0.000000,3,101.624883,-27.391059,0.090000,-27.481059
505,-44.079954,-44.274588,-45.774588,-42.774588,price_sensitive_uninformed,none,0.000000,3,101.624883,-30.614978,0.090000,-30.704978
506,-41.986355,-40.905040,-42.405040,-39.405040,informed,none,0.000000,3,101.624883,-24.334182,0.090000,-24.424182
507,-42.637881,-41.609813,-43.109813,-40.109813,price_sensitive_uninformed,sell_to_mm,-43.109813,4,144.734696,-25.816827,0.160000,-25.976827
508,-44.626040,-46.336620,-47.836620,-44.836620,informed,buy_from_mm,-44.836620,3,99.898077,-33.980044,0.090000,-34.070044
509,-44.751460,-45.051734,-46.551734,-43.551734,price_sensitive_uninformed,none,0.000000,3,99.898077,-34.356302,0.090000,-34.446302
510,-43.853427,-42.828859,-44.328859,-41.328859,price_sensitive_uninformed,sell_to_mm,-44.328859,4,144.226936,-31.186773,0.160000,-31.346773
511,-45.535546,-45.836333,-47.336333,-44.336333,price_sensitive_uninformed,none,0.000000,4,144.226936,-37.915247,0.160000,-38.075247
512,-44.200054,-44.000284,-45.500284,-42.500284,price_sensitive_uninformed,none,0.000000,4,144.226936,-32.573278,0.160000,-32.733278
513,-44.222132,-44.869754,-46.369754,-43.369754,informed,none,0.000000,4,144.226936,-32.661593,0.160000,-32.821593
514,-44.442437,-45.473595,-46.973595,-43.973595,price_sensitive_uninformed,buy_from_mm,-43.973595,3,100.253341,-33.073971,0.090000,-33.163971
515,-44.072818,-45.769692,-47.269692,-44.269692,price_sensitive_uninformed,none,0.000000,3,100.253341,-31.965114,0.090000,-32.055114
516,-44.571986,-44.916631,-46.416631,-43.416631,price_sensitive_uninformed,none,0.000000,3,100.253341,-33.462618,0.090000,-33.552618
517,-43.006126,-44.517456,-46.017456,-43.017456,price_sensitive_uninformed,none,0.000000,3,100.253341,-28.765037,0.090000,-28.855037
518,-42.209290,-42.359822,-43.859822,-40.859822,price_sensitive_uninformed,sell_to_mm,-43.859822,4,144.113163,-24.723997,0.160000,-24.883997
519,-42.058393,-40.563030,-42.063030,-39.063030,informed,none,0.000000,4,144.113163,-24.120408,0.160000,-24.280408
520,-41.654349,-41.041511,-42.541511,-39.541511,price_sensitive_uninformed,none,0.000000,4,144.113163,-22.504233,0.160000,-22.664233
521,-41.359068,-42.427637,-43.927637,-40.927637,informed,none,0.000000,4,144.113163,-21.323110,0.160000,-21.483110
522,-40.018139,-40.277893,-41.777893,-38.777893,informed,none,0.000000,4,144.113163,-15.959394,0.160000,-16.119394
523,-39.418615,-38.800301,-40.300301,-37.300301,informed,none,0.000000,4,144.113163,-13.561295,0.160000,-13.721295
524,-39.169083,-39.848117,-41.348117,-38.348117,informed,none,0.000000,4,144.113163,-12.563170,0.160000,-12.723170
525,-39.979652,-39.575223,-41.075223,-38.075223,price_sensitive_uninformed,none,0.000000,4,144.113163,-15.805447,0.160000,-15.965447
526,-39.857203,-39.123621,-40.623621,-37.623621,price_sensitive_uninformed,none,0.000000,4,144.113163,-15.315650,0.160000,-15.475650
527,-40.559461,-40.319401,-41.819401,-38.819401,price_sensitive_uninformed,none,0.000000,4,144.113163,-18.124683,0.160000,-18.284683
528,-39.203012,-40.001088,-41.501088,-38.501088,informed,none,0.000000,4,144.113163,-12.698884,0.160000,-12.858884
529,-39.981608,-40.895956,-42.395956,-39.395956,informed,none,0.000000,4,144.113163,-15.813269,0.160000,-15.973269
530,-40.593397,-42.272777,-43.772777,-40.772777,informed,buy_from_mm,-40.772777,3,103.340386,-18.439805,0.090000,-18.529805
531,-41.851149,-42.644764,-44.144764,-41.144764,price_sensitive_uninformed,sell_to_mm,-44.144764,4,147.485150,-19.919448,0.160000,-20.079448
532,-41.756548,-40.955013,-42.455013,-39.455013,price_sensitive_uninformed,sell_to_mm,-42.455013,5,189.940163,-18.842577,0.250000,-19.092577
533,-42.896541,-42.468532,-43.968532,-40.968532,informed,none,0.000000,5,189.940163,-24.542542,0.250000,-24.792542
534,-40.489816,-39.144046,-40.644046,-37.644046,informed,none,0.000000,5,189.940163,-12.508916,0.250000,-12.758916
535,-39.496657,-37.988877,-39.488877,-36.488877,price_sensitive_uninformed,buy_from_mm,-36.488877,4,153.451285,-4.535344,0.160000,-4.695344
536,-39.314888,-39.128545,-40.628545,-37.628545,informed,none,0.000000,4,153.451285,-3.808266,0.160000,-3.968266
537,-39.634158,-39.691316,-41.191316,-38.191316,informed,none,0.000000,4,153.451285,-5.085347,0.160000,-5.245347
538,-42.114520,-41.928579,-43.428579,-40.428579,price_sensitive_uninformed,none,0.000000,4,153.451285,-15.006793,0.160000,-15.166793
539,-38.992181,-38.945422,-40.445422,-37.445422,price_sensitive_uninformed,none,0.000000,4,153.451285,-2.517439,0.160000,-2.677439
540,-38.164054,-35.905667,-37.405667,-34.405667,price_sensitive_uninformed,none,0.000000,4,153.451285,0.795068,0.160000,0.635068
541,-38.249824,-40.437200,-41.937200,-38.937200,informed,buy_from_mm,-38.937200,3,114.514085,-0.235386,0.090000,-0.325386
542,-38.840694,-40.017546,-41.517546,-38.517546,informed,none,0.000000,3,114.514085,-2.007996,0.090000,-2.097996
543,-37.531545,-35.237100,-36.737100,-33.737100,price_sensitive_uninformed,none,0.000000,3,114.514085,1.919451,0.090000,1.829451
544,-35.612512,-36.316152,-37.816152,-34.816152,informed,none,0.000000,3,114.514085,7.676548,0.090000,7.586548
545,-35.906733,-35.785280,-37.285280,-34.285280,informed,none,0.000000,3,114.514085,6.793886,0.090000,6.703886
546,-36.077921,-37.251771,-38.751771,-35.751771,informed,none,0.000000,3,114.514085,6.280322,0.090000,6.190322
547,-36.744721,-37.740478,-39.240478,-36.240478,informed,none,0.000000,3,114.514085,4.279921,0.090000,4.189921
548,-36.258810,-37.843470,-39.343470,-36.343470,price_sensitive_uninformed,none,0.000000,3,114.514085,5.737656,0.090000,5.647656
549,-36.930639,-36.368371,-37.868371,-34.868371,price_sensitive_uninformed,none,0.000000,3,114.514085,3.722168,0.090000,3.632168
550,-37.134261,-37.009529,-38.509529,-35.509529,price_sensitive_uninformed,buy_from_mm,-35.509529,2,79.004556,4.736034,0.040000,4.696034
551,-36.497356,-34.925198,-36.425198,-33.425198,price_sensitive_uninformed,none,0.000000,2,79.004556,6.009845,0.040000,5.969845
552,-37.700956,-38.793108,-40.293108,-37.293108,price_sensitive_uninformed,none,0.000000,2,79.004556,3.602644,0.040000,3.562644
553,-37.245059,-36.904734,-38.404734,-35.404734,informed,none,0.000000,2,79.004556,4.514439,0.040000,4.474439
554,-37.733613,-37.932963,-39.432963,-36.432963,informed,none,0.000000,2,79.004556,3.537331,0.040000,3.497331
555,-37.446984,-37.487750,-38.987750,-35.987750,price_sensitive_uninformed,none,0.000000,2,79.004556,4.110588,0.040000,4.070588
556,-37.927532,-37.768061,-39.268061,-36.268061,price_sensitive_uninformed,none,0.000000,2,79.004556,3.149493,0.040000,3.109493
557,-37.452452,-39.540244,-41.040244,-38.040244,informed,buy_from_mm,-38.040244,1,40.964313,3.511861,0.010000,3.501861
558,-36.900272,-38.435554,-39.935554,-36.935554,informed,buy_from_mm,-36.935554,0,4.028759,4.028759,0.000000,4.028759
559,-36.698091,-37.658777,-39.158777,-36.158777,price_sensitive_uninformed,none,0.000000,0,4.028759,4.028759,0.000000,4.028759
560,-35.922306,-37.777060,-39.277060,-36.277060,informed,buy_from_mm,-36.277060,-1,-32.248302,3.674005,0.010000,3.664005
561,-35.939064,-36.520063,-38.020063,-35.020063,price_sensitive_uninformed,none,0.000000,-1,-32.248302,3.690762,0.010000,3.680762
562,-36.122128,-35.983491,-37.483491,-34.483491,price_sensitive_uninformed,none,0.000000,-1,-32.248302,3.873826,0.010000,3.863826
563,-35.606104,-35.155928,-36.655928,-33.655928,informed,none,0.000000,-1,-32.248302,3.357803,0.010000,3.347803
564,-35.524842,-37.252033,-38.752033,-35.752033,informed,buy_from_mm,-35.752033,-2,-68.000335,3.049350,0.040000,3.009350
565,-36.130774,-36.112873,-37.612873,-34.612873,price_sensitive_uninformed,none,0.000000,-2,-68.000335,4.261213,0.040000,4.221213
566,-34.789794,-33.491544,-34.991544,-31.991544,price_sensitive_uninformed,none,0.000000,-2,-68.000335,1.579254,0.040000,1.539254
567,-32.788721,-33.795130,-35.295130,-32.295130,price_sensitive_uninformed,none,0.000000,-2,-68.000335,-2.422892,0.040000,-2.462892
568,-33.068988,-30.882008,-32.382008,-29.382008,informed,sell_to_mm,-32.382008,-1,-35.618327,-2.549339,0.010000,-2.559339
569,-32.514104,-32.903191,-34.403191,-31.403191,price_sensitive_uninformed,buy_from_mm,-31.403191,-2,-67.021518,-1.993310,0.040000,-2.033310
570,-30.014004,-31.589356,-33.089356,-30.089356,informed,buy_from_mm,-30.089356,-3,-97.110874,-7.068861,0.090000,-7.158861
571,-30.975579,-30.887515,-32.387515,-29.387515,price_sensitive_uninformed,none,0.000000,-3,-97.110874,-4.184137,0.090000,-4.274137
572,-30.832770,-29.035009,-30.535009,-27.535009,price_sensitive_uninformed,none,0.000000,-3,-97.110874,-4.612563,0.090000,-4.702563
573,-30.142875,-30.707592,-32.207592,-29.207592,informed,none,0.000000,-3,-97.110874,-6.682250,0.090000,-6.772250
574,-29.090138,-26.605451,-28.105451,-25.105451,price_sensitive_uninformed,none,0.000000,-3,-97.110874,-9.840459,0.090000,-9.930459
575,-28.117474,-26.078734,-27.578734,-24.578734,price_sensitive_uninformed,none,0.000000,-3,-97.110874,-12.758453,0.090000,-12.848453
576,-28.129001,-28.569153,-30.069153,-27.069153,price_sensitive_uninformed,none,0.000000,-3,-97.110874,-12.723870,0.090000,-12.813870
577,-27.064721,-25.949059,-27.449059,-24.449059,price_sensitive_uninformed,buy_from_mm,-24.449059,-4,-121.559933,-13.301051,0.160000,-13.461051
578,-26.990427,-26.180950,-27.680950,-24.680950,price_sensitive_uninformed,none,0.000000,-4,-121.559933,-13.598225,0.160000,-13.758225
579,-26.908385,-26.441695,-27.941695,-24.941695,informed,none,0.000000,-4,-121.559933,-13.926392,0.160000,-14.086392
580,-25.478772,-24.102813,-25.602813,-22.602813,price_sensitive_uninformed,none,0.000000,-4,-121.559933,-19.644846,0.160000,-19.804846
581,-25.526408,-24.567383,-26.067383,-23.067383,price_sensitive_uninformed,none,0.000000,-4,-121.559933,-19.454300,0.160000,-19.614300
582,-23.825105,-24.537604,-26.037604,-23.037604,price_sensitive_uninformed,none,0.000000,-4,-121.559933,-26.259511,0.160000,-26.419511
583,-23.917621,-23.526954,-25.026954,-22.026954,price_sensitive_uninformed,none,0.000000,-4,-121.559933,-25.889450,0.160000,-26.049450
584,-24.023744,-25.300404,-26.800404,-23.800404,informed,none,0.000000,-4,-121.559933,-25.464957,0.160000,-25.624957
585,-25.390624,-24.962788,-26.462788,-23.462788,price_sensitive_uninformed,none,0.000000,-4,-121.559933,-19.997439,0.160000,-20.157439
586,-25.489426,-26.199515,-27.699515,-24.699515,price_sensitive_uninformed,none,0.000000,-4,-121.559933,-19.602230,0.160000,-19.762230
587,-24.580671,-25.009661,-26.509661,-23.509661,price_sensitive_uninformed,none,0.000000,-4,-121.559933,-23.237247,0.160000,-23.397247
588,-26.850644,-27.277662,-28.777662,-25.777662,informed,none,0.000000,-4,-121.559933,-14.157359,0.160000,-14.317359
589,-27.133979,-26.624696,-28.124696,-25.124696,informed,none,0.000000,-4,-121.559933,-13.024016,0.160000,-13.184016
590,-26.426579,-26.795727,-28.295727,-25.295727,informed,none,0.000000,-4,-121.559933,-15.853616,0.160000,-16.013616
591,-27.763801,-27.451222,-28.951222,-25.951222,price_sensitive_uninformed,none,0.000000,-4,-121.559933,-10.504731,0.160000,-10.664731
592,-26.504726,-26.729555,-28.229555,-25.229555,price_sensitive_uninformed,none,0.000000,-4,-121.559933,-15.541027,0.160000,-15.701027
593,-24.291221,-23.231653,-24.731653,-21.731653,price_sensitive_uninformed,none,0.000000,-4,-121.559933,-24.395048,0.160000,-24.555048
594,-24.615781,-25.720001,-27.220001,-24.220001,price_sensitive_uninformed,none,0.000000,-4,-121.559933,-23.096808,0.160000,-23.256808
595,-23.884408,-24.172901,-25.672901,-22.672901,price_sensitive_uninformed,none,0.000000,-4,-121.559933,-26.022300,0.160000,-26.182300
596,-24.397115,-24.101860,-25.601860,-22.601860,informed,none,0.000000,-4,-121.559933,-23.971471,0.160000,-24.131471
597,-23.436297,-22.132963,-23.632963,-20.632963,informed,none,0.000000,-4,-121.559933,-27.814746,0.160000,-27.974746
598,-22.655728,-22.339322,-23.839322,-20.839322,price_sensitive_uninformed,none,0.000000,-4,-121.559933,-30.937022,0.160000,-31.097022
599,-24.723826,-23.673425,-25.173425,-22.173425,price_sensitive_uninformed,none,0.000000,-4,-121.559933,-22.664628,0.160000,-22.824628
600,-21.771988,-21.293211,-22.793211,-19.793211,price_sensitive_uninformed,none,0.000000,-4,-121.559933,-34.471979,0.160000,-34.631979
601,-21.542980,-22.960046,-24.460046,-21.460046,price_sensitive_uninformed,none,0.000000,-4,-121.559933,-35.388013,0.160000,-35.548013
602,-21.169950,-22.267251,-23.767251,-20.767251,informed,none,0.000000,-4,-121.559933,-36.880132,0.160000,-37.040132
603,-19.970586,-19.540873,-21.040873,-18.040873,price_sensitive_uninformed,none,0.000000,-4,-121.559933,-41.677590,0.160000,-41.837590
604,-20.603621,-20.876464,-22.376464,-19.376464,informed,none,0.000000,-4,-121.559933,-39.145449,0.160000,-39.305449
605,-19.209842,-20.771592,-22.271592,-19.271592,price_sensitive_uninformed,none,0.000000,-4,-121.559933,-44.720566,0.160000,-44.880566
606,-18.423631,-18.101146,-19.601146,-16.601146,price_sensitive_uninformed,sell_to_mm,-19.601146,-3,-101.958787,-46.687895,0.090000,-46.777895
607,-17.782493,-17.092887,-18.592887,-15.592887,price_sensitive_uninformed,none,0.000000,-3,-101.958787,-48.611308,0.090000,-48.701308
608,-17.583056,-18.961447,-20.461447,-17.461447,price_sensitive_uninformed,none,0.000000,-3,-101.958787,-49.209619,0.090000,-49.299619
609,-18.376444,-16.429542,-17.929542,-14.929542,price_sensitive_uninformed,none,0.000000,-3,-101.958787,-46.829456,0.090000,-46.919456
610,-18.089035,-18.043156,-19.543156,-16.543156,informed,none,0.000000,-3,-101.958787,-47.691681,0.090000,-47.781681
611,-18.788425,-20.028183,-21.528183,-18.528183,price_sensitive_uninformed,none,0.000000,-3,-101.958787,-45.593512,0.090000,-45.683512
612,-19.194046,-18.697765,-20.197765,-17.197765,price_sensitive_uninformed,none,0.000000,-3,-101.958787,-44.376650,0.090000,-44.466650
613,-18.689994,-20.464161,-21.964161,-18.964161,informed,buy_from_mm,-18.964161,-4,-120.922949,-46.162973,0.160000,-46.322973
614,-19.210645,-18.578031,-20.078031,-17.078031,informed,none,0.000000,-4,-120.922949,-44.080368,0.160000,-44.240368
615,-19.693210,-20.790625,-22.290625,-19.290625,informed,none,0.000000,-4,-120.922949,-42.150110,0.160000,-42.310110
616,-17.386139,-16.440850,-17.940850,-14.940850,informed,none,0.000000,-4,-120.922949,-51.378392,0.160000,-51.538392
617,-17.168959,-18.951533,-20.451533,-17.451533,informed,buy_from_mm,-17.451533,-5,-138.374482,-52.529685,0.250000,-52.779685
618,-17.427719,-17.908819,-19.408819,-16.408819,informed,none,0.000000,-5,-138.374482,-51.235889,0.250000,-51.485889
619,-15.933216,-16.084575,-17.584575,-14.584575,informed,none,0.000000,-5,-138.374482,-58.708404,0.250000,-58.958404
620,-15.891254,-14.412089,-15.912089,-12.912089,informed,none,0.000000,-5,-138.374482,-58.918214,0.250000,-59.168214
621,-14.898067,-14.064136,-15.564136,-12.564136,price_sensitive_uninformed,none,0.000000,-5,-138.374482,-63.884149,0.250000,-64.134149
622,-13.911485,-13.465935,-14.965935,-11.965935,price_sensitive_uninformed,none,0.000000,-5,-138.374482,-68.817054,0.250000,-69.067054
623,-14.046859,-13.707300,-15.207300,-12.207300,informed,none,0.000000,-5,-138.374482,-68.140185,0.250000,-68.390185
624,-14.516493,-14.541249,-16.041249,-13.041249,price_sensitive_uninformed,none,0.000000,-5,-138.374482,-65.792017,0.250000,-66.042017
625,-15.494237,-15.627728,-17.127728,-14.127728,price_sensitive_uninformed,none,0.000000,-5,-138.374482,-60.903296,0.250000,-61.153296
626,-16.375417,-16.060487,-17.560487,-14.560487,informed,none,0.000000,-5,-138.374482,-56.497394,0.250000,-56.747394
627,-15.831862,-15.666165,-17.166165,-14.166165,price_sensitive_uninformed,sell_to_mm,-17.166165,-4,-121.208317,-57.880868,0.160000,-58.040868
628,-16.820577,-16.343582,-17.843582,-14.843582,informed,none,0.000000,-4,-121.208317,-53.926008,0.160000,-54.086008
629,-17.090138,-16.501311,-18.001311,-15.001311,informed,none,0.000000,-4,-121.208317,-52.847764,0.160000,-53.007764
630,-15.157965,-15.359012,-16.859012,-13.859012,price_sensitive_uninformed,none,0.000000,-4,-121.208317,-60.576456,0.160000,-60.736456
631,-15.506437,-16.490581,-17.990581,-14.990581,informed,none,0.000000,-4,-121.208317,-59.182570,0.160000,-59.342570
632,-17.881536,-19.033452,-20.533452,-17.533452,price_sensitive_uninformed,none,0.000000,-4,-121.208317,-49.682172,0.160000,-49.842172
633,-18.532203,-18.017070,-19.517070,-16.517070,informed,none,0.000000,-4,-121.208317,-47.079503,0.160000,-47.239503
634,-18.197766,-19.547733,-21.047733,-18.047733,price_sensitive_uninformed,none,0.000000,-4,-121.208317,-48.417252,0.160000,-48.577252
635,-17.611275,-16.982721,-18.482721,-15.482721,informed,none,0.000000,-4,-121.208317,-50.763218,0.160000,-50.923218
636,-16.127910,-16.979653,-18.479653,-15.479653,informed,none,0.000000,-4,-121.208317,-56.696676,0.160000,-56.856676
637,-16.112587,-17.235620,-18.735620,-15.735620,price_sensitive_uninformed,none,0.000000,-4,-121.208317,-56.757968,0.160000,-56.917968
638,-15.782988,-14.452493,-15.952493,-12.952493,informed,none,0.000000,-4,-121.208317,-58.076364,0.160000,-58.236364
639,-16.274024,-16.533325,-18.033325,-15.033325,price_sensitive_uninformed,none,0.000000,-4,-121.208317,-56.112221,0.160000,-56.272221
640,-16.608460,-15.041988,-16.541988,-13.541988,price_sensitive_uninformed,none,0.000000,-4,-121.208317,-54.774478,0.160000,-54.934478
641,-16.462496,-16.817954,-18.317954,-15.317954,informed,none,0.000000,-4,-121.208317,-55.358334,0.160000,-55.518334
642,-16.837335,-15.188030,-16.688030,-13.688030,informed,sell_to_mm,-16.688030,-3,-104.520287,-54.008282,0.090000,-54.098282
643,-17.242986,-15.294799,-16.794799,-13.794799,price_sensitive_uninformed,none,0.000000,-3,-104.520287,-52.791328,0.090000,-52.881328
644,-16.875854,-14.742667,-16.242667,-13.242667,informed,sell_to_mm,-16.242667,-2,-88.277620,-54.525911,0.040000,-54.565911
645,-16.245476,-15.423650,-16.923650,-13.923650,price_sensitive_uninformed,none,0.000000,-2,-88.277620,-55.786669,0.040000,-55.826669
646,-16.538626,-16.495363,-17.995363,-14.995363,informed,none,0.000000,-2,-88.277620,-55.200368,0.040000,-55.240368
647,-16.963806,-14.721134,-16.221134,-13.221134,price_sensitive_uninformed,buy_from_mm,-13.221134,-3,-101.498754,-50.607335,0.090000,-50.697335
648,-15.999068,-16.204201,-17.704201,-14.704201,informed,none,0.000000,-3,-101.498754,-53.501549,0.090000,-53.591549
649,-16.884283,-16.171589,-17.671589,-14.671589,price_sensitive_uninformed,none,0.000000,-3,-101.498754,-50.845904,0.090000,-50.935904
650,-19.393412,-20.589034,-22.089034,-19.089034,informed,none,0.000000,-3,-101.498754,-43.318518,0.090000,-43.408518
651,-20.384396,-18.437445,-19.937445,-16.937445,price_sensitive_uninformed,none,0.000000,-3,-101.498754,-40.345567,0.090000,-40.435567
652,-20.821741,-21.280849,-22.780849,-19.780849,informed,none,0.000000,-3,-101.498754,-39.033531,0.090000,-39.123531
653,-19.892938,-22.307770,-23.807770,-20.807770,price_sensitive_uninformed,none,0.000000,-3,-101.498754,-41.819939,0.090000,-41.909939
654,-19.116740,-18.751524,-20.251524,-17.251524,informed,none,0.000000,-3,-101.498754,-44.148535,0.090000,-44.238535
655,-19.756347,-19.655684,-21.155684,-18.155684,price_sensitive_uninformed,none,0.000000,-3,-101.498754,-42.229714,0.090000,-42.319714
656,-18.430348,-19.161941,-20.661941,-17.661941,price_sensitive_uninformed,none,0.000000,-3,-101.498754,-46.207711,0.090000,-46.297711
657,-18.755762,-18.619775,-20.119775,-17.119775,informed,none,0.000000,-3,-101.498754,-45.231468,0.090000,-45.321468
658,-17.880695,-17.510742,-19.010742,-16.010742,price_sensitive_uninformed,none,0.000000,-3,-101.498754,-47.856670,0.090000,-47.946670
659,-17.298784,-16.708774,-18.208774,-15.208774,informed,none,0.000000,-3,-101.498754,-49.602401,0.090000,-49.692401
660,-17.963671,-16.961884,-18.461884,-15.461884,informed,none,0.000000,-3,-101.498754,-47.607742,0.090000,-47.697742
661,-18.164741,-19.295981,-20.795981,-17.795981,price_sensitive_uninformed,buy_from_mm,-17.795981,-4,-119.294735,-46.635771,0.160000,-46.795771
662,-17.401606,-15.079472,-16.579472,-13.579472,informed,sell_to_mm,-16.579472,-3,-102.715262,-50.510445,0.090000,-50.600445
663,-18.683915,-18.059798,-19.559798,-16.559798,informed,none,0.000000,-3,-102.715262,-46.663517,0.090000,-46.753517
664,-18.404890,-18.664081,-20.164081,-17.164081,price_sensitive_uninformed,sell_to_mm,-20.164081,-2,-82.551181,-45.741401,0.040000,-45.781401
665,-19.284079,-19.887897,-21.387897,-18.387897,price_sensitive_uninformed,none,0.000000,-2,-82.551181,-43.983024,0.040000,-44.023024
666,-20.576144,-20.270854,-21.770854,-18.770854,informed,none,0.000000,-2,-82.551181,-41.398892,0.040000,-41.438892
667,-21.026125,-19.732246,-21.232246,-18.232246,price_sensitive_uninformed,none,0.000000,-2,-82.551181,-40.498932,0.040000,-40.538932
668,-19.797908,-20.723831,-22.223831,-19.223831,price_sensitive_uninformed,none,0.000000,-2,-82.551181,-42.955366,0.040000,-42.995366
669,-18.760354,-18.248996,-19.748996,-16.748996,informed,none,0.000000,-2,-82.551181,-45.030474,0.040000,-45.070474
670,-17.647223,-19.273834,-20.773834,-17.773834,price_sensitive_uninformed,none,0.000000,-2,-82.551181,-47.256735,0.040000,-47.296735
671,-16.945183,-15.490674,-16.990674,-13.990674,informed,none,0.000000,-2,-82.551181,-48.660814,0.040000,-48.700814
672,-19.211774,-19.794849,-21.294849,-18.294849,informed,none,0.000000,-2,-82.551181,-44.127632,0.040000,-44.167632
673,-18.100162,-18.604792,-20.104792,-17.104792,informed,none,0.000000,-2,-82.551181,-46.350857,0.040000,-46.390857
674,-18.390534,-18.682074,-20.182074,-17.182074,price_sensitive_uninformed,none,0.000000,-2,-82.551181,-45.770113,0.040000,-45.810113
675,-15.494353,-14.987364,-16.487364,-13.487364,informed,none,0.000000,-2,-82.551181,-51.562476,0.040000,-51.602476
676,-16.006302,-16.729027,-18.229027,-15.229027,informed,none,0.000000,-2,-82.551181,-50.538577,0.040000,-50.578577
677,-15.864051,-14.860061,-16.360061,-13.360061,price_sensitive_uninformed,none,0.000000,-2,-82.551181,-50.823080,0.040000,-50.863080
678,-13.148937,-14.185591,-15.685591,-12.685591,price_sensitive_uninformed,buy_from_mm,-12.685591,-3,-95.236772,-55.789961,0.090000,-55.879961
679,-14.196211,-14.352021,-15.852021,-12.852021,informed,none,0.000000,-3,-95.236772,-52.648137,0.090000,-52.738137
680,-13.841304,-12.326378,-13.826378,-10.826378,informed,sell_to_mm,-13.826378,-2,-81.410394,-53.727786,0.040000,-53.767786
681,-14.088210,-12.211831,-13.711831,-10.711831,price_sensitive_uninformed,none,0.000000,-2,-81.410394,-53.233973,0.040000,-53.273973
682,-13.199407,-12.758321,-14.258321,-11.258321,price_sensitive_uninformed,none,0.000000,-2,-81.410394,-55.011579,0.040000,-55.051579
683,-12.888577,-13.531041,-15.031041,-12.031041,price_sensitive_uninformed,none,0.000000,-2,-81.410394,-55.633240,0.040000,-55.673240
684,-14.264910,-13.525106,-15.025106,-12.025106,informed,none,0.000000,-2,-81.410394,-52.880573,0.040000,-52.920573
685,-13.544186,-14.174672,-15.674672,-12.674672,price_sensitive_uninformed,none,0.000000,-2,-81.410394,-54.322022,0.040000,-54.362022
686,-14.366949,-15.192119,-16.692119,-13.692119,informed,none,0.000000,-2,-81.410394,-52.676495,0.040000,-52.716495
687,-15.668641,-15.141971,-16.641971,-13.641971,price_sensitive_uninformed,none,0.000000,-2,-81.410394,-50.073112,0.040000,-50.113112
688,-14.813647,-15.440851,-16.940851,-13.940851,price_sensitive_uninformed,none,0.000000,-2,-81.410394,-51.783101,0.040000,-51.823101
689,-15.009901,-14.574037,-16.074037,-13.074037,price_sensitive_uninformed,none,0.000000,-2,-81.410394,-51.390592,0.040000,-51.430592
690,-17.223617,-17.821392,-19.321392,-16.321392,informed,none,0.000000,-2,-81.410394,-46.963159,0.040000,-47.003159
691,-17.286660,-18.346543,-19.846543,-16.846543,price_sensitive_uninformed,none,0.000000,-2,-81.410394,-46.837073,0.040000,-46.877073
692,-16.895471,-15.747922,-17.247922,-14.247922,informed,none,0.000000,-2,-81.410394,-47.619452,0.040000,-47.659452
693,-18.275598,-16.686218,-18.186218,-15.186218,informed,sell_to_mm,-18.186218,-1,-63.224176,-44.948578,0.010000,-44.958578
694,-18.494388,-18.603779,-20.103779,-17.103779,informed,none,0.000000,-1,-63.224176,-44.729788,0.010000,-44.739788
695,-16.477859,-17.084409,-18.584409,-15.584409,price_sensitive_uninformed,none,0.000000,-1,-63.224176,-46.746317,0.010000,-46.756317
696,-16.856605,-16.457700,-17.957700,-14.957700,price_sensitive_uninformed,none,0.000000,-1,-63.224176,-46.367571,0.010000,-46.377571
697,-17.690198,-18.144193,-19.644193,-16.644193,price_sensitive_uninformed,sell_to_mm,-19.644193,0,-43.579983,-43.579983,0.000000,-43.579983
698,-18.942139,-17.916301,-19.416301,-16.416301,price_sensitive_uninformed,none,0.000000,0,-43.579983,-43.579983,0.000000,-43.579983
699,-19.902935,-20.167177,-21.667177,-18.667177,price_sensitive_uninformed,none,0.000000,0,-43.579983,-43.579983,0.000000,-43.579983
700,-20.421020,-21.310154,-22.810154,-19.810154,informed,none,0.000000,0,-43.579983,-43.579983,0.000000,-43.579983
701,-19.691854,-20.338390,-21.838390,-18.838390,price_sensitive_uninformed,buy_from_mm,-18.838390,-1,-62.418373,-42.726520,0.010000,-42.736520
702,-19.938296,-19.731235,-21.231235,-18.231235,informed,none,0.000000,-1,-62.418373,-42.480078,0.010000,-42.490078
703,-19.953088,-20.012652,-21.512652,-18.512652,price_sensitive_uninformed,sell_to_mm,-21.512652,0,-40.905721,-40.905721,0.000000,-40.905721
704,-21.171402,-22.675808,-24.175808,-21.175808,price_sensitive_uninformed,none,0.000000,0,-40.905721,-40.905721,0.000000,-40.905721
705,-23.203988,-22.023426,-23.523426,-20.523426,informed,none,0.000000,0,-40.905721,-40.905721,0.000000,-40.905721
706,-24.025440,-24.803395,-26.303395,-23.303395,price_sensitive_uninformed,none,0.000000,0,-40.905721,-40.905721,0.000000,-40.905721
707,-25.922220,-26.754123,-28.254123,-25.254123,informed,none,0.000000,0,-40.905721,-40.905721,0.000000,-40.905721
708,-26.770887,-27.839080,-29.339080,-26.339080,price_sensitive_uninformed,buy_from_mm,-26.339080,-1,-67.244802,-40.473915,0.010000,-40.483915
709,-26.457494,-26.931537,-28.431537,-25.431537,informed,none,0.000000,-1,-67.244802,-40.787307,0.010000,-40.797307
710,-29.226353,-28.837802,-30.337802,-27.337802,price_sensitive_uninformed,none,0.000000,-1,-67.244802,-38.018448,0.010000,-38.028448
711,-28.898824,-26.955418,-28.455418,-25.455418,price_sensitive_uninformed,none,0.000000,-1,-67.244802,-38.345977,0.010000,-38.355977
712,-28.012923,-27.819274,-29.319274,-26.319274,price_sensitive_uninformed,none,0.000000,-1,-67.244802,-39.231879,0.010000,-39.241879
713,-26.111847,-25.925082,-27.425082,-24.425082,price_sensitive_uninformed,none,0.000000,-1,-67.244802,-41.132955,0.010000,-41.142955
714,-24.479572,-24.540816,-26.040816,-23.040816,informed,none,0.000000,-1,-67.244802,-42.765230,0.010000,-42.775230
715,-23.600308,-23.112065,-24.612065,-21.612065,price_sensitive_uninformed,none,0.000000,-1,-67.244802,-43.644493,0.010000,-43.654493
716,-23.999787,-24.461538,-25.961538,-22.961538,price_sensitive_uninformed,buy_from_mm,-22.961538,-2,-90.206340,-42.206767,0.040000,-42.246767
717,-24.197044,-25.468225,-26.968225,-23.968225,informed,none,0.000000,-2,-90.206340,-41.812252,0.040000,-41.852252
718,-22.963208,-22.941824,-24.441824,-21.441824,price_sensitive_uninformed,none,0.000000,-2,-90.206340,-44.279924,0.040000,-44.319924
719,-24.403301,-24.387485,-25.887485,-22.887485,informed,none,0.000000,-2,-90.206340,-41.399738,0.040000,-41.439738
720,-23.984557,-23.614811,-25.114811,-22.114811,price_sensitive_uninformed,none,0.000000,-2,-90.206340,-42.237226,0.040000,-42.277226
721,-24.117402,-23.354839,-24.854839,-21.854839,price_sensitive_uninformed,none,0.000000,-2,-90.206340,-41.971535,0.040000,-42.011535
722,-25.323497,-26.045087,-27.545087,-24.545087,price_sensitive_uninformed,none,0.000000,-2,-90.206340,-39.559346,0.040000,-39.599346
723,-23.610750,-24.405560,-25.905560,-22.905560,price_sensitive_uninformed,none,0.000000,-2,-90.206340,-42.984840,0.040000,-43.024840
724,-24.398488,-25.461837,-26.961837,-23.961837,price_sensitive_uninformed,none,0.000000,-2,-90.206340,-41.409363,0.040000,-41.449363
725,-24.263467,-24.313500,-25.813500,-22.813500,price_sensitive_uninformed,none,0.000000,-2,-90.206340,-41.679407,0.040000,-41.719407
726,-24.685770,-24.233161,-25.733161,-22.733161,price_sensitive_uninformed,none,0.000000,-2,-90.206340,-40.834801,0.040000,-40.874801
727,-25.246583,-23.898311,-25.398311,-22.398311,informed,none,0.000000,-2,-90.206340,-39.713173,0.040000,-39.753173
728,-23.563368,-24.513475,-26.013475,-23.013475,price_sensitive_uninformed,none,0.000000,-2,-90.206340,-43.079605,0.040000,-43.119605
729,-23.442641,-22.845842,-24.345842,-21.345842,price_sensitive_uninformed,none,0.000000,-2,-90.206340,-43.321058,0.040000,-43.361058
730,-22.775157,-24.657038,-26.157038,-23.157038,price_sensitive_uninformed,none,0.000000,-2,-90.206340,-44.656025,0.040000,-44.696025
731,-22.810453,-21.967804,-23.467804,-20.467804,informed,none,0.000000,-2,-90.206340,-44.585433,0.040000,-44.625433
732,-22.057272,-22.688008,-24.188008,-21.188008,price_sensitive_uninformed,none,0.000000,-2,-90.206340,-46.091795,0.040000,-46.131795
733,-20.920042,-23.824929,-25.324929,-22.324929,price_sensitive_uninformed,buy_from_mm,-22.324929,-3,-112.531269,-49.771143,0.090000,-49.861143
734,-20.510115,-20.924046,-22.424046,-19.424046,informed,none,0.000000,-3,-112.531269,-51.000925,0.090000,-51.090925
735,-19.851304,-20.888842,-22.388842,-19.388842,informed,none,0.000000,-3,-112.531269,-52.977358,0.090000,-53.067358
736,-18.951905,-16.870667,-18.370667,-15.370667,price_sensitive_uninformed,none,0.000000,-3,-112.531269,-55.675553,0.090000,-55.765553
737,-19.211340,-18.717104,-20.217104,-17.217104,informed,none,0.000000,-3,-112.531269,-54.897250,0.090000,-54.987250
738,-17.603001,-17.093237,-18.593237,-15.593237,price_sensitive_uninformed,none,0.000000,-3,-112.531269,-59.722266,0.090000,-59.812266
739,-17.659258,-18.007209,-19.507209,-16.507209,price_sensitive_uninformed,none,0.000000,-3,-112.531269,-59.553494,0.090000,-59.643494
740,-16.606609,-17.780415,-19.280415,-16.280415,price_sensitive_uninformed,none,0.000000,-3,-112.531269,-62.711441,0.090000,-62.801441
741,-18.860339,-18.820775,-20.320775,-17.320775,informed,none,0.000000,-3,-112.531269,-55.950251,0.090000,-56.040251
742,-20.094277,-20.741177,-22.241177,-19.241177,price_sensitive_uninformed,none,0.000000,-3,-112.531269,-52.248439,0.090000,-52.338439
743,-20.688111,-18.329159,-19.829159,-16.829159,price_sensitive_uninformed,none,0.000000,-3,-112.531269,-50.466937,0.090000,-50.556937
744,-19.121925,-20.031005,-21.531005,-18.531005,informed,none,0.000000,-3,-112.531269,-55.165495,0.090000,-55.255495
745,-17.661538,-17.537076,-19.037076,-16.037076,informed,none,0.000000,-3,-112.531269,-59.546655,0.090000,-59.636655
746,-16.377602,-16.412449,-17.912449,-14.912449,informed,none,0.000000,-3,-112.531269,-63.398462,0.090000,-63.488462
747,-17.194249,-16.316345,-17.816345,-14.816345,price_sensitive_uninformed,none,0.000000,-3,-112.531269,-60.948521,0.090000,-61.038521
748,-17.248357,-17.008371,-18.508371,-15.508371,informed,none,0.000000,-3,-112.531269,-60.786198,0.090000,-60.876198
749,-16.765356,-17.224692,-18.724692,-15.724692,price_sensitive_uninformed,none,0.000000,-3,-112.531269,-62.235201,0.090000,-62.325201
750,-16.002460,-16.126817,-17.626817,-14.626817,informed,none,0.000000,-3,-112.531269,-64.523890,0.090000,-64.613890
751,-16.047452,-16.120697,-17.620697,-14.620697,price_sensitive_uninformed,none,0.000000,-3,-112.531269,-64.388912,0.090000,-64.478912
752,-15.229646,-13.475394,-14.975394,-11.975394,price_sensitive_uninformed,none,0.000000,-3,-112.531269,-66.842332,0.090000,-66.932332
753,-13.242554,-14.753979,-16.253979,-13.253979,price_sensitive_uninformed,none,0.000000,-3,-112.531269,-72.803608,0.090000,-72.893608
754,-13.289437,-11.775004,-13.275004,-10.275004,price_sensitive_uninformed,none,0.000000,-3,-112.531269,-72.662957,0.090000,-72.752957
755,-12.060362,-12.687942,-14.187942,-11.187942,price_sensitive_uninformed,sell_to_mm,-14.187942,-2,-98.343327,-74.222602,0.040000,-74.262602
756,-12.680306,-12.093880,-13.593880,-10.593880,price_sensitive_uninformed,none,0.000000,-2,-98.343327,-72.982714,0.040000,-73.022714
757,-14.608256,-15.436357,-16.936357,-13.936357,price_sensitive_uninformed,buy_from_mm,-13.936357,-3,-112.279684,-68.454915,0.090000,-68.544915
758,-16.076863,-17.596183,-19.096183,-16.096183,price_sensitive_uninformed,none,0.000000,-3,-112.279684,-64.049093,0.090000,-64.139093
759,-15.133063,-15.245746,-16.745746,-13.745746,price_sensitive_uninformed,none,0.000000,-3,-112.279684,-66.880495,0.090000,-66.970495
760,-16.073763,-14.000335,-15.500335,-12.500335,price_sensitive_uninformed,none,0.000000,-3,-112.279684,-64.058394,0.090000,-64.148394
761,-15.465325,-14.160228,-15.660228,-12.660228,price_sensitive_uninformed,none,0.000000,-3,-112.279684,-65.883709,0.090000,-65.973709
762,-16.202338,-16.606731,-18.106731,-15.106731,informed,none,0.000000,-3,-112.279684,-63.672669,0.090000,-63.762669
763,-18.238923,-18.483398,-19.983398,-16.983398,informed,none,0.000000,-3,-112.279684,-57.562916,0.090000,-57.652916
764,-17.656014,-16.805342,-18.305342,-15.305342,price_sensitive_uninformed,none,0.000000,-3,-112.279684,-59.311640,0.090000,-59.401640
765,-17.539579,-17.604005,-19.104005,-16.104005,price_sensitive_uninformed,none,0.000000,-3,-112.279684,-59.660946,0.090000,-59.750946
766,-18.161445,-16.792879,-18.292879,-15.292879,price_sensitive_uninformed,sell_to_mm,-18.292879,-2,-93.986805,-57.663915,0.040000,-57.703915
767,-19.286485,-18.790143,-20.290143,-17.290143,price_sensitive_uninformed,none,0.000000,-2,-93.986805,-55.413836,0.040000,-55.453836
768,-19.444228,-21.535098,-23.035098,-20.035098,informed,buy_from_mm,-20.035098,-3,-114.021903,-55.689219,0.090000,-55.779219
769,-18.258197,-17.035292,-18.535292,-15.535292,informed,none,0.000000,-3,-114.021903,-59.247311,0.090000,-59.337311
770,-17.110148,-17.900346,-19.400346,-16.400346,price_sensitive_uninformed,none,0.000000,-3,-114.021903,-62.691461,0.090000,-62.781461
771,-17.431936,-16.841772,-18.341772,-15.341772,informed,none,0.000000,-3,-114.021903,-61.726096,0.090000,-61.816096
772,-16.530692,-16.617117,-18.117117,-15.117117,informed,none,0.000000,-3,-114.021903,-64.429828,0.090000,-64.519828
773,-15.898918,-15.903530,-17.403530,-14.403530,price_sensitive_uninformed,none,0.000000,-3,-114.021903,-66.325149,0.090000,-66.415149
774,-15.477238,-16.539499,-18.039499,-15.039499,price_sensitive_uninformed,sell_to_mm,-18.039499,-2,-95.982404,-65.027928,0.040000,-65.067928
775,-16.486779,-17.547654,-19.047654,-16.047654,price_sensitive_uninformed,buy_from_mm,-16.047654,-3,-112.030058,-62.569721,0.090000,-62.659721
776,-15.353756,-15.084913,-16.584913,-13.584913,informed,none,0.000000,-3,-112.030058,-65.968791,0.090000,-66.058791
777,-15.258466,-14.386717,-15.886717,-12.886717,price_sensitive_uninformed,none,0.000000,-3,-112.030058,-66.254658,0.090000,-66.344658
778,-13.494166,-13.833038,-15.333038,-12.333038,informed,none,0.000000,-3,-112.030058,-71.547558,0.090000,-71.637558
779,-13.053678,-13.777094,-15.277094,-12.277094,informed,none,0.000000,-3,-112.030058,-72.869025,0.090000,-72.959025
780,-12.461970,-11.964092,-13.464092,-10.464092,informed,none,0.000000,-3,-112.030058,-74.644148,0.090000,-74.734148
781,-12.172885,-12.853704,-14.353704,-11.353704,price_sensitive_uninformed,none,0.000000,-3,-112.030058,-75.511403,0.090000,-75.601403
782,-12.921272,-13.427922,-14.927922,-11.927922,price_sensitive_uninformed,none,0.000000,-3,-112.030058,-73.266241,0.090000,-73.356241
783,-13.176983,-13.001093,-14.501093,-11.501093,price_sensitive_uninformed,none,0.000000,-3,-112.030058,-72.499110,0.090000,-72.589110
784,-12.470172,-10.900691,-12.400691,-9.400691,price_sensitive_uninformed,none,0.000000,-3,-112.030058,-74.619541,0.090000,-74.709541
785,-12.075279,-9.807782,-11.307782,-8.307782,price_sensitive_uninformed,none,0.000000,-3,-112.030058,-75.804220,0.090000,-75.894220
786,-12.477421,-11.736362,-13.236362,-10.236362,informed,none,0.000000,-3,-112.030058,-74.597796,0.090000,-74.687796
787,-12.012360,-11.461176,-12.961176,-9.961176,price_sensitive_uninformed,none,0.000000,-3,-112.030058,-75.992978,0.090000,-76.082978
788,-13.222649,-14.223747,-15.723747,-12.723747,price_sensitive_uninformed,none,0.000000,-3,-112.030058,-72.362112,0.090000,-72.452112
789,-12.406158,-11.345966,-12.845966,-9.845966,price_sensitive_uninformed,none,0.000000,-3,-112.030058,-74.811582,0.090000,-74.901582
790,-10.825474,-9.747289,-11.247289,-8.247289,informed,none,0.000000,-3,-112.030058,-79.553634,0.090000,-79.643634
791,-11.338006,-10.227165,-11.727165,-8.727165,price_sensitive_uninformed,buy_from_mm,-8.727165,-4,-120.757223,-75.405200,0.160000,-75.565200
792,-11.588161,-12.713994,-14.213994,-11.213994,informed,none,0.000000,-4,-120.757223,-74.404577,0.160000,-74.564577
793,-10.561718,-10.797921,-12.297921,-9.297921,informed,none,0.000000,-4,-120.757223,-78.510352,0.160000,-78.670352
794,-10.161515,-9.887767,-11.387767,-8.387767,price_sensitive_uninformed,none,0.000000,-4,-120.757223,-80.111163,0.160000,-80.271163
795,-9.226863,-7.742330,-9.242330,-6.242330,informed,none,0.000000,-4,-120.757223,-83.849772,0.160000,-84.009772
796,-9.304065,-7.768105,-9.268105,-6.268105,informed,sell_to_mm,-9.268105,-3,-111.489118,-83.576923,0.090000,-83.666923
797,-7.988025,-6.854719,-8.354719,-5.354719,price_sensitive_uninformed,none,0.000000,-3,-111.489118,-87.525043,0.090000,-87.615043
798,-8.329044,-7.985486,-9.485486,-6.485486,informed,none,0.000000,-3,-111.489118,-86.501987,0.090000,-86.591987
799,-8.191512,-6.989490,-8.489490,-5.489490,price_sensitive_uninformed,none,0.000000,-3,-111.489118,-86.914581,0.090000,-87.004581
800,-7.477490,-9.624889,-11.124889,-8.124889,price_sensitive_uninformed,none,0.000000,-3,-111.489118,-89.056649,0.090000,-89.146649
801,-8.805389,-9.857220,-11.357220,-8.357220,informed,none,0.000000,-3,-111.489118,-85.072951,0.090000,-85.162951
802,-8.461770,-8.328963,-9.828963,-6.828963,informed,none,0.000000,-3,-111.489118,-86.103808,0.090000,-86.193808
803,-7.907745,-6.924768,-8.424768,-5.424768,price_sensitive_uninformed,none,0.000000,-3,-111.489118,-87.765882,0.090000,-87.855882
804,-9.634887,-9.339878,-10.839878,-7.839878,price_sensitive_uninformed,none,0.000000,-3,-111.489118,-82.584458,0.090000,-82.674458
805,-9.396445,-8.396017,-9.896017,-6.896017,price_sensitive_uninformed,none,0.000000,-3,-111.489118,-83.299783,0.090000,-83.389783
806,-10.372756,-9.552536,-11.052536,-8.052536,price_sensitive_uninformed,none,0.000000,-3,-111.489118,-80.370849,0.090000,-80.460849
807,-10.088831,-10.387511,-11.887511,-8.887511,price_sensitive_uninformed,none,0.000000,-3,-111.489118,-81.222624,0.090000,-81.312624
808,-11.942080,-12.906516,-14.406516,-11.406516,price_sensitive_uninformed,none,0.000000,-3,-111.489118,-75.662878,0.090000,-75.752878
809,-12.649729,-13.046773,-14.546773,-11.546773,informed,none,0.000000,-3,-111.489118,-73.539932,0.090000,-73.629932
810,-13.541226,-14.679810,-16.179810,-13.179810,price_sensitive_uninformed,none,0.000000,-3,-111.489118,-70.865439,0.090000,-70.955439
811,-12.782752,-11.700375,-13.200375,-10.200375,informed,none,0.000000,-3,-111.489118,-73.140863,0.090000,-73.230863
812,-11.655256,-12.581351,-14.081351,-11.081351,price_sensitive_uninformed,none,0.000000,-3,-111.489118,-76.523351,0.090000,-76.613351
813,-11.908257,-11.402287,-12.902287,-9.902287,informed,none,0.000000,-3,-111.489118,-75.764347,0.090000,-75.854347
814,-10.853690,-10.830174,-12.330174,-9.330174,informed,none,0.000000,-3,-111.489118,-78.928049,0.090000,-79.018049
815,-12.238226,-13.206454,-14.706454,-11.706454,price_sensitive_uninformed,none,0.000000,-3,-111.489118,-74.774440,0.090000,-74.864440
816,-12.424464,-12.023984,-13.523984,-10.523984,price_sensitive_uninformed,none,0.000000,-3,-111.489118,-74.215726,0.090000,-74.305726
817,-11.444975,-13.457495,-14.957495,-11.957495,informed,buy_from_mm,-11.957495,-4,-123.446613,-77.666711,0.160000,-77.826711
818,-11.512873,-10.647746,-12.147746,-9.147746,informed,none,0.000000,-4,-123.446613,-77.395119,0.160000,-77.555119
819,-9.221642,-8.796089,-10.296089,-7.296089,informed,none,0.000000,-4,-123.446613,-86.560046,0.160000,-86.720046
820,-8.783670,-9.762442,-11.262442,-8.262442,price_sensitive_uninformed,buy_from_mm,-8.262442,-5,-131.709055,-87.790706,0.250000,-88.040706
821,-9.837872,-8.773107,-10.273107,-7.273107,price_sensitive_uninformed,sell_to_mm,-10.273107,-4,-121.435948,-82.084461,0.160000,-82.244461
822,-9.652207,-8.024696,-9.524696,-6.524696,price_sensitive_uninformed,none,0.000000,-4,-121.435948,-82.827119,0.160000,-82.987119
823,-9.724930,-9.077432,-10.577432,-7.577432,price_sensitive_uninformed,sell_to_mm,-10.577432,-3,-110.858517,-81.683725,0.090000,-81.773725
824,-9.082623,-8.827311,-10.327311,-7.327311,informed,none,0.000000,-3,-110.858517,-83.610647,0.090000,-83.700647
825,-8.279881,-8.000027,-9.500027,-6.500027,informed,none,0.000000,-3,-110.858517,-86.018875,0.090000,-86.108875
826,-9.111830,-9.236670,-10.736670,-7.736670,price_sensitive_uninformed,none,0.000000,-3,-110.858517,-83.523028,0.090000,-83.613028
827,-8.348727,-10.136506,-11.636506,-8.636506,price_sensitive_uninformed,buy_from_mm,-8.636506,-4,-119.495022,-86.100113,0.160000,-86.260113
828,-9.152679,-9.349880,-10.849880,-7.849880,informed,none,0.000000,-4,-119.495022,-82.884305,0.160000,-83.044305
829,-7.827433,-7.771894,-9.271894,-6.271894,price_sensitive_uninformed,none,0.000000,-4,-119.495022,-88.185289,0.160000,-88.345289
830,-6.105964,-4.567399,-6.067399,-3.067399,price_sensitive_uninformed,none,0.000000,-4,-119.495022,-95.071167,0.160000,-95.231167
831,-5.075008,-4.291425,-5.791425,-2.791425,informed,none,0.000000,-4,-119.495022,-99.194991,0.160000,-99.354991
832,-7.545844,-7.387874,-8.887874,-5.887874,informed,none,0.000000,-4,-119.495022,-89.311648,0.160000,-89.471648
833,-6.327782,-4.948147,-6.448147,-3.448147,price_sensitive_uninformed,none,0.000000,-4,-119.495022,-94.183893,0.160000,-94.343893
834,-5.943549,-7.107698,-8.607698,-5.607698,informed,none,0.000000,-4,-119.495022,-95.720826,0.160000,-95.880826
835,-7.037576,-6.155093,-7.655093,-4.655093,informed,none,0.000000,-4,-119.495022,-91.344718,0.160000,-91.504718
836,-8.167392,-8.625776,-10.125776,-7.125776,informed,none,0.000000,-4,-119.495022,-86.825454,0.160000,-86.985454
837,-8.191749,-6.515146,-8.015146,-5.015146,price_sensitive_uninformed,buy_from_mm,-5.015146,-5,-124.510168,-83.551422,0.250000,-83.801422
838,-7.060813,-6.319749,-7.819749,-4.819749,price_sensitive_uninformed,none,0.000000,-5,-124.510168,-89.206102,0.250000,-89.456102
839,-6.347018,-5.870543,-7.370543,-4.370543,informed,none,0.000000,-5,-124.510168,-92.775076,0.250000,-93.025076
840,-6.863927,-6.752447,-8.252447,-5.252447,price_sensitive_uninformed,none,0.000000,-5,-124.510168,-90.190532,0.250000,-90.440532
841,-7.445881,-7.956289,-9.456289,-6.456289,price_sensitive_uninformed,none,0.000000,-5,-124.510168,-87.280762,0.250000,-87.530762
842,-7.411460,-7.400022,-8.900022,-5.900022,price_sensitive_uninformed,none,0.000000,-5,-124.510168,-87.452866,0.250000,-87.702866
843,-8.421085,-9.200832,-10.700832,-7.700832,price_sensitive_uninformed,none,0.000000,-5,-124.510168,-82.404743,0.250000,-82.654743
844,-8.540481,-8.299257,-9.799257,-6.799257,price_sensitive_uninformed,none,0.000000,-5,-124.510168,-81.807761,0.250000,-82.057761
845,-8.285170,-9.457526,-10.957526,-7.957526,price_sensitive_uninformed,buy_from_mm,-7.957526,-6,-132.467694,-82.756674,0.360000,-83.116674
846,-8.430205,-7.883885,-9.383885,-6.383885,informed,none,0.000000,-6,-132.467694,-81.886464,0.360000,-82.246464
847,-10.395352,-8.813266,-10.313266,-7.313266,informed,sell_to_mm,-10.313266,-5,-122.154428,-70.177668,0.250000,-70.427668
848,-11.808660,-11.064764,-12.564764,-9.564764,price_sensitive_uninformed,none,0.000000,-5,-122.154428,-63.111128,0.250000,-63.361128
849,-11.254184,-12.196864,-13.696864,-10.696864,informed,none,0.000000,-5,-122.154428,-65.883506,0.250000,-66.133506
850,-9.962587,-10.374991,-11.874991,-8.874991,informed,none,0.000000,-5,-122.154428,-72.341491,0.250000,-72.591491
851,-10.016003,-8.049571,-9.549571,-6.549571,price_sensitive_uninformed,none,0.000000,-5,-122.154428,-72.074415,0.250000,-72.324415
852,-9.146478,-8.890628,-10.390628,-7.390628,price_sensitive_uninformed,none,0.000000,-5,-122.154428,-76.422036,0.250000,-76.672036
853,-9.061307,-9.686451,-11.186451,-8.186451,price_sensitive_uninformed,none,0.000000,-5,-122.154428,-76.847892,0.250000,-77.097892
854,-8.872963,-8.617380,-10.117380,-7.117380,price_sensitive_uninformed,buy_from_mm,-7.117380,-6,-129.271808,-76.034032,0.360000,-76.394032
855,-8.842250,-9.627667,-11.127667,-8.127667,price_sensitive_uninformed,none,0.000000,-6,-129.271808,-76.218307,0.360000,-76.578307
856,-8.764642,-8.610538,-10.110538,-7.110538,informed,none,0.000000,-6,-129.271808,-76.683954,0.360000,-77.043954
857,-8.954813,-8.491935,-9.991935,-6.991935,price_sensitive_uninformed,none,0.000000,-6,-129.271808,-75.542933,0.360000,-75.902933
858,-7.525467,-8.349111,-9.849111,-6.849111,informed,none,0.000000,-6,-129.271808,-84.119005,0.360000,-84.479005
859,-7.743978,-8.194175,-9.694175,-6.694175,price_sensitive_uninformed,buy_from_mm,-6.694175,-7,-135.965983,-81.758135,0.490000,-82.248135
860,-6.750351,-6.654166,-8.154166,-5.154166,price_sensitive_uninformed,none,0.000000,-7,-135.965983,-88.713523,0.490000,-89.203523
861,-6.570800,-7.821499,-9.321499,-6.321499,informed,none,0.000000,-7,-135.965983,-89.970382,0.490000,-90.460382
862,-5.544836,-4.922067,-6.422067,-3.422067,price_sensitive_uninformed,none,0.000000,-7,-135.965983,-97.152130,0.490000,-97.642130
863,-6.689574,-6.407531,-7.907531,-4.907531,informed,none,0.000000,-7,-135.965983,-89.138968,0.490000,-89.628968
864,-6.092386,-6.236412,-7.736412,-4.736412,informed,none,0.000000,-7,-135.965983,-93.319281,0.490000,-93.809281
865,-5.953395,-5.961887,-7.461887,-4.461887,informed,none,0.000000,-7,-135.965983,-94.292221,0.490000,-94.782221
866,-6.733852,-7.082768,-8.582768,-5.582768,informed,none,0.000000,-7,-135.965983,-88.829016,0.490000,-89.319016
867,-5.481727,-5.522388,-7.022388,-4.022388,price_sensitive_uninformed,none,0.000000,-7,-135.965983,-97.593893,0.490000,-98.083893
868,-5.242268,-5.063464,-6.563464,-3.563464,informed,none,0.000000,-7,-135.965983,-99.270109,0.490000,-99.760109
869,-6.175563,-5.181936,-6.681936,-3.681936,price_sensitive_uninformed,none,0.000000,-7,-135.965983,-92.737040,0.490000,-93.227040
870,-5.987090,-5.357079,-6.857079,-3.857079,price_sensitive_uninformed,none,0.000000,-7,-135.965983,-94.056356,0.490000,-94.546356
871,-6.460597,-6.665407,-8.165407,-5.165407,informed,none,0.000000,-7,-135.965983,-90.741805,0.490000,-91.231805
872,-7.659290,-8.569313,-10.069313,-7.069313,informed,none,0.000000,-7,-135.965983,-82.350952,0.490000,-82.840952
873,-8.020171,-7.389196,-8.889196,-5.889196,informed,none,0.000000,-7,-135.965983,-79.824785,0.490000,-80.314785
874,-8.153211,-7.644338,-9.144338,-6.144338,price_sensitive_uninformed,none,0.000000,-7,-135.965983,-78.893507,0.490000,-79.383507
875,-7.349929,-6.795994,-8.295994,-5.295994,price_sensitive_uninformed,none,0.000000,-7,-135.965983,-84.516479,0.490000,-85.006479
876,-6.374769,-5.407029,-6.907029,-3.907029,informed,none,0.000000,-7,-135.965983,-91.342598,0.490000,-91.832598
877,-6.015098,-5.758306,-7.258306,-4.258306,price_sensitive_uninformed,none,0.000000,-7,-135.965983,-93.860294,0.490000,-94.350294
878,-6.730790,-6.887446,-8.387446,-5.387446,informed,none,0.000000,-7,-135.965983,-88.850455,0.490000,-89.340455
879,-6.743462,-6.140890,-7.640890,-4.640890,informed,none,0.000000,-7,-135.965983,-88.761749,0.490000,-89.251749
880,-7.310159,-5.948820,-7.448820,-4.448820,informed,none,0.000000,-7,-135.965983,-84.794873,0.490000,-85.284873
881,-7.623816,-8.994799,-10.494799,-7.494799,price_sensitive_uninformed,none,0.000000,-7,-135.965983,-82.599270,0.490000,-83.089270
882,-6.786678,-7.047544,-8.547544,-5.547544,price_sensitive_uninformed,none,0.000000,-7,-135.965983,-88.459238,0.490000,-88.949238
883,-7.673271,-7.151350,-8.651350,-5.651350,informed,none,0.000000,-7,-135.965983,-82.253083,0.490000,-82.743083
884,-7.237591,-8.302984,-9.802984,-6.802984,informed,none,0.000000,-7,-135.965983,-85.302848,0.490000,-85.792848
885,-6.038316,-5.632020,-7.132020,-4.132020,informed,none,0.000000,-7,-135.965983,-93.697772,0.490000,-94.187772
886,-6.507409,-5.352940,-6.852940,-3.852940,price_sensitive_uninformed,none,0.000000,-7,-135.965983,-90.414120,0.490000,-90.904120
887,-6.120740,-3.930011,-5.430011,-2.430011,informed,sell_to_mm,-5.430011,-6,-130.535971,-93.811534,0.360000,-94.171534
888,-6.093098,-6.330592,-7.830592,-4.830592,price_sensitive_uninformed,none,0.000000,-6,-130.535971,-93.977385,0.360000,-94.337385
889,-5.788465,-7.107586,-8.607586,-5.607586,informed,none,0.000000,-6,-130.535971,-95.805182,0.360000,-96.165182
890,-5.225493,-6.187514,-7.687514,-4.687514,price_sensitive_uninformed,none,0.000000,-6,-130.535971,-99.183012,0.360000,-99.543012
891,-5.697662,-6.447112,-7.947112,-4.947112,price_sensitive_uninformed,none,0.000000,-6,-130.535971,-96.349997,0.360000,-96.709997
892,-4.601728,-4.078505,-5.578505,-2.578505,price_sensitive_uninformed,none,0.000000,-6,-130.535971,-102.925603,0.360000,-103.285603
893,-2.984334,-3.319696,-4.819696,-1.819696,informed,none,0.000000,-6,-130.535971,-112.629966,0.360000,-112.989966
894,-2.142697,-0.359994,-1.859994,1.140006,informed,sell_to_mm,-1.859994,-5,-128.675978,-117.962492,0.250000,-118.212492
895,-2.302554,-3.092457,-4.592457,-1.592457,price_sensitive_uninformed,none,0.000000,-5,-128.675978,-117.163210,0.250000,-117.413210
896,-2.818482,-3.942587,-5.442587,-2.442587,price_sensitive_uninformed,none,0.000000,-5,-128.675978,-114.583567,0.250000,-114.833567
897,-3.128144,-4.115955,-5.615955,-2.615955,price_sensitive_uninformed,none,0.000000,-5,-128.675978,-113.035259,0.250000,-113.285259
898,-3.239357,-3.697525,-5.197525,-2.197525,price_sensitive_uninformed,none,0.000000,-5,-128.675978,-112.479195,0.250000,-112.729195
899,-3.393637,-5.241668,-6.741668,-3.741668,price_sensitive_uninformed,sell_to_mm,-6.741668,-4,-121.934310,-108.359764,0.160000,-108.519764
900,-2.738570,-3.702738,-5.202738,-2.202738,informed,none,0.000000,-4,-121.934310,-110.980028,0.160000,-111.140028
901,-3.441406,-2.476793,-3.976793,-0.976793,price_sensitive_uninformed,none,0.000000,-4,-121.934310,-108.168687,0.160000,-108.328687
902,-3.211462,-4.694388,-6.194388,-3.194388,price_sensitive_uninformed,none,0.000000,-4,-121.934310,-109.088463,0.160000,-109.248463
903,-6.030874,-6.610271,-8.110271,-5.110271,informed,none,0.000000,-4,-121.934310,-97.810812,0.160000,-97.970812
904,-5.361240,-4.649342,-6.149342,-3.149342,informed,none,0.000000,-4,-121.934310,-100.489350,0.160000,-100.649350
905,-5.581114,-5.902630,-7.402630,-4.402630,price_sensitive_uninformed,none,0.000000,-4,-121.934310,-99.609853,0.160000,-99.769853
906,-6.684137,-7.556173,-9.056173,-6.056173,price_sensitive_uninformed,none,0.000000,-4,-121.934310,-95.197762,0.160000,-95.357762
907,-6.607349,-7.209093,-8.709093,-5.709093,price_sensitive_uninformed,none,0.000000,-4,-121.934310,-95.504914,0.160000,-95.664914
908,-8.519756,-7.627987,-9.127987,-6.127987,informed,none,0.000000,-4,-121.934310,-87.855288,0.160000,-88.015288
909,-8.207244,-9.484374,-10.984374,-7.984374,price_sensitive_uninformed,buy_from_mm,-7.984374,-5,-129.918684,-88.882465,0.250000,-89.132465
910,-9.500025,-9.316729,-10.816729,-7.816729,informed,none,0.000000,-5,-129.918684,-82.418557,0.250000,-82.668557
911,-10.008312,-8.537857,-10.037857,-7.037857,price_sensitive_uninformed,none,0.000000,-5,-129.918684,-79.877125,0.250000,-80.127125
912,-9.704004,-7.985369,-9.485369,-6.485369,informed,sell_to_mm,-9.485369,-4,-120.433315,-81.617298,0.160000,-81.777298
913,-10.909581,-11.729657,-13.229657,-10.229657,informed,none,0.000000,-4,-120.433315,-76.794992,0.160000,-76.954992
914,-10.108221,-10.053692,-11.553692,-8.553692,price_sensitive_uninformed,none,0.000000,-4,-120.433315,-80.000431,0.160000,-80.160431
915,-8.851823,-9.577827,-11.077827,-8.077827,price_sensitive_uninformed,none,0.000000,-4,-120.433315,-85.026023,0.160000,-85.186023
916,-8.992295,-8.378139,-9.878139,-6.878139,informed,none,0.000000,-4,-120.433315,-84.464135,0.160000,-84.624135
917,-8.340135,-6.726740,-8.226740,-5.226740,informed,sell_to_mm,-8.226740,-3,-112.206575,-87.186170,0.090000,-87.276170
918,-6.678032,-5.207694,-6.707694,-3.707694,informed,none,0.000000,-3,-112.206575,-92.172478,0.090000,-92.262478
919,-7.841021,-6.729140,-8.229140,-5.229140,informed,none,0.000000,-3,-112.206575,-88.683511,0.090000,-88.773511
920,-7.871448,-7.658925,-9.158925,-6.158925,price_sensitive_uninformed,none,0.000000,-3,-112.206575,-88.592231,0.090000,-88.682231
921,-8.151488,-7.860364,-9.360364,-6.360364,informed,none,0.000000,-3,-112.206575,-87.752112,0.090000,-87.842112
922,-6.822468,-5.497251,-6.997251,-3.997251,price_sensitive_uninformed,buy_from_mm,-3.997251,-4,-116.203826,-88.913954,0.160000,-89.073954
923,-6.625331,-6.439115,-7.939115,-4.939115,informed,none,0.000000,-4,-116.203826,-89.702501,0.160000,-89.862501
924,-7.345843,-6.520490,-8.020490,-5.020490,price_sensitive_uninformed,none,0.000000,-4,-116.203826,-86.820454,0.160000,-86.980454
925,-9.262801,-8.984111,-10.484111,-7.484111,informed,none,0.000000,-4,-116.203826,-79.152623,0.160000,-79.312623
926,-7.658962,-7.286157,-8.786157,-5.786157,informed,none,0.000000,-4,-116.203826,-85.567978,0.160000,-85.727978
927,-6.924273,-6.470412,-7.970412,-4.970412,price_sensitive_uninformed,none,0.000000,-4,-116.203826,-88.506733,0.160000,-88.666733
928,-8.073956,-7.979693,-9.479693,-6.479693,price_sensitive_uninformed,none,0.000000,-4,-116.203826,-83.908001,0.160000,-84.068001
929,-7.040665,-5.819846,-7.319846,-4.319846,informed,none,0.000000,-4,-116.203826,-88.041164,0.160000,-88.201164
930,-6.752474,-7.803618,-9.303618,-6.303618,informed,none,0.000000,-4,-116.203826,-89.193931,0.160000,-89.353931
931,-6.235961,-5.769220,-7.269220,-4.269220,informed,none,0.000000,-4,-116.203826,-91.259981,0.160000,-91.419981
932,-7.626075,-7.288006,-8.788006,-5.788006,price_sensitive_uninformed,none,0.000000,-4,-116.203826,-85.699527,0.160000,-85.859527
933,-7.651630,-7.553124,-9.053124,-6.053124,informed,none,0.000000,-4,-116.203826,-85.597307,0.160000,-85.757307
934,-7.322904,-7.875069,-9.375069,-6.375069,price_sensitive_uninformed,buy_from_mm,-6.375069,-5,-122.578895,-85.964374,0.250000,-86.214374
935,-7.585798,-6.803318,-8.303318,-5.303318,price_sensitive_uninformed,buy_from_mm,-5.303318,-6,-127.882213,-82.367427,0.360000,-82.727427
936,-9.603895,-10.133128,-11.633128,-8.633128,price_sensitive_uninformed,buy_from_mm,-8.633128,-7,-136.515341,-69.288074,0.490000,-69.778074
937,-9.017938,-9.177582,-10.677582,-7.677582,price_sensitive_uninformed,none,0.000000,-7,-136.515341,-73.389778,0.490000,-73.879778
938,-10.989832,-11.612145,-13.112145,-10.112145,price_sensitive_uninformed,none,0.000000,-7,-136.515341,-59.586519,0.490000,-60.076519
939,-11.074378,-10.810286,-12.310286,-9.310286,price_sensitive_uninformed,none,0.000000,-7,-136.515341,-58.994694,0.490000,-59.484694
940,-12.650537,-13.950711,-15.450711,-12.450711,price_sensitive_uninformed,none,0.000000,-7,-136.515341,-47.961579,0.490000,-48.451579
941,-13.199941,-9.907747,-11.407747,-8.407747,price_sensitive_uninformed,none,0.000000,-7,-136.515341,-44.115758,0.490000,-44.605758
942,-14.535136,-15.079272,-16.579272,-13.579272,price_sensitive_uninformed,sell_to_mm,-16.579272,-6,-119.936070,-32.725253,0.360000,-33.085253
943,-13.857418,-13.886220,-15.386220,-12.386220,price_sensitive_uninformed,none,0.000000,-6,-119.936070,-36.791562,0.360000,-37.151562
944,-14.374907,-13.635133,-15.135133,-12.135133,price_sensitive_uninformed,none,0.000000,-6,-119.936070,-33.686630,0.360000,-34.046630
945,-14.340213,-13.814218,-15.314218,-12.314218,price_sensitive_uninformed,buy_from_mm,-12.314218,-7,-132.250287,-31.868793,0.490000,-32.358793
946,-15.001518,-15.845964,-17.345964,-14.345964,informed,none,0.000000,-7,-132.250287,-27.239662,0.490000,-27.729662
947,-15.013132,-15.059639,-16.559639,-13.559639,price_sensitive_uninformed,none,0.000000,-7,-132.250287,-27.158361,0.490000,-27.648361
948,-16.392883,-15.969569,-17.469569,-14.469569,informed,none,0.000000,-7,-132.250287,-17.500105,0.490000,-17.990105
949,-15.086971,-14.944919,-16.444919,-13.444919,price_sensitive_uninformed,none,0.000000,-7,-132.250287,-26.641492,0.490000,-27.131492
950,-15.652308,-16.276916,-17.776916,-14.776916,informed,none,0.000000,-7,-132.250287,-22.684134,0.490000,-23.174134
951,-16.964623,-16.982849,-18.482849,-15.482849,price_sensitive_uninformed,none,0.000000,-7,-132.250287,-13.497925,0.490000,-13.987925
952,-16.534452,-15.722540,-17.222540,-14.222540,price_sensitive_uninformed,sell_to_mm,-17.222540,-6,-115.027747,-15.821037,0.360000,-16.181037
953,-16.370465,-16.242611,-17.742611,-14.742611,price_sensitive_uninformed,none,0.000000,-6,-115.027747,-16.804955,0.360000,-17.164955
954,-17.363785,-16.871860,-18.371860,-15.371860,price_sensitive_uninformed,none,0.000000,-6,-115.027747,-10.845037,0.360000,-11.205037
955,-17.811470,-18.858710,-20.358710,-17.358710,informed,none,0.000000,-6,-115.027747,-8.158924,0.360000,-8.518924
956,-19.185598,-18.419012,-19.919012,-16.919012,price_sensitive_uninformed,buy_from_mm,-16.919012,-7,-131.946759,2.352429,0.490000,1.862429
957,-20.325410,-20.267170,-21.767170,-18.767170,price_sensitive_uninformed,none,0.000000,-7,-131.946759,10.331110,0.490000,9.841110
958,-21.880425,-23.721634,-25.221634,-22.221634,price_sensitive_uninformed,buy_from_mm,-22.221634,-8,-154.168393,20.875004,0.640000,20.235004
959,-21.647586,-21.964438,-23.464438,-20.464438,informed,none,0.000000,-8,-154.168393,19.012292,0.640000,18.372292
960,-20.416811,-20.833575,-22.333575,-19.333575,price_sensitive_uninformed,none,0.000000,-8,-154.168393,9.166097,0.640000,8.526097
961,-21.255640,-21.456417,-22.956417,-19.956417,price_sensitive_uninformed,none,0.000000,-8,-154.168393,15.876729,0.640000,15.236729
962,-19.681150,-20.239457,-21.739457,-18.739457,price_sensitive_uninformed,none,0.000000,-8,-154.168393,3.280810,0.640000,2.640810
963,-18.281788,-17.541481,-19.041481,-16.041481,price_sensitive_uninformed,none,0.000000,-8,-154.168393,-7.914087,0.640000,-8.554087
964,-17.945649,-17.898908,-19.398908,-16.398908,informed,none,0.000000,-8,-154.168393,-10.603197,0.640000,-11.243197
965,-17.861672,-18.382298,-19.882298,-16.882298,price_sensitive_uninformed,none,0.000000,-8,-154.168393,-11.275017,0.640000,-11.915017
966,-17.573959,-16.755255,-18.255255,-15.255255,price_sensitive_uninformed,none,0.000000,-8,-154.168393,-13.576720,0.640000,-14.216720
967,-17.366504,-17.227224,-18.727224,-15.727224,informed,none,0.000000,-8,-154.168393,-15.236358,0.640000,-15.876358
968,-17.652235,-18.718484,-20.218484,-17.218484,informed,none,0.000000,-8,-154.168393,-12.950514,0.640000,-13.590514
969,-17.372974,-16.845948,-18.345948,-15.345948,price_sensitive_uninformed,none,0.000000,-8,-154.168393,-15.184602,0.640000,-15.824602
970,-18.671556,-18.562912,-20.062912,-17.062912,price_sensitive_uninformed,none,0.000000,-8,-154.168393,-4.795943,0.640000,-5.435943
971,-18.940182,-20.421977,-21.921977,-18.921977,informed,none,0.000000,-8,-154.168393,-2.646935,0.640000,-3.286935
972,-19.876087,-18.898011,-20.398011,-17.398011,price_sensitive_uninformed,none,0.000000,-8,-154.168393,4.840302,0.640000,4.200302
973,-18.721189,-19.235440,-20.735440,-17.735440,price_sensitive_uninformed,none,0.000000,-8,-154.168393,-4.398878,0.640000,-5.038878
974,-18.749566,-17.926689,-19.426689,-16.426689,informed,none,0.000000,-8,-154.168393,-4.171861,0.640000,-4.811861
975,-19.091897,-19.978329,-21.478329,-18.478329,informed,none,0.000000,-8,-154.168393,-1.433213,0.640000,-2.073213
976,-19.011822,-18.929475,-20.429475,-17.429475,price_sensitive_uninformed,none,0.000000,-8,-154.168393,-2.073818,0.640000,-2.713818
977,-17.068200,-17.353879,-18.853879,-15.853879,price_sensitive_uninformed,none,0.000000,-8,-154.168393,-17.622789,0.640000,-18.262789
978,-15.907187,-16.764783,-18.264783,-15.264783,price_sensitive_uninformed,none,0.000000,-8,-154.168393,-26.910894,0.640000,-27.550894
979,-14.888738,-14.731180,-16.231180,-13.231180,informed,none,0.000000,-8,-154.168393,-35.058487,0.640000,-35.698487
980,-17.135523,-16.270429,-17.770429,-14.770429,informed,none,0.000000,-8,-154.168393,-17.084208,0.640000,-17.724208
981,-16.370322,-16.736120,-18.236120,-15.236120,price_sensitive_uninformed,buy_from_mm,-15.236120,-9,-169.404513,-22.071619,0.810000,-22.881619
982,-15.707851,-14.012262,-15.512262,-12.512262,price_sensitive_uninformed,none,0.000000,-9,-169.404513,-28.033851,0.810000,-28.843851
983,-15.711058,-17.449113,-18.949113,-15.949113,price_sensitive_uninformed,none,0.000000,-9,-169.404513,-28.004993,0.810000,-28.814993
984,-16.027899,-16.723145,-18.223145,-15.223145,price_sensitive_uninformed,none,0.000000,-9,-169.404513,-25.153425,0.810000,-25.963425
985,-15.033528,-15.257143,-16.757143,-13.757143,informed,none,0.000000,-9,-169.404513,-34.102757,0.810000,-34.912757
986,-14.408411,-13.185621,-14.685621,-11.685621,price_sensitive_uninformed,none,0.000000,-9,-169.404513,-39.728811,0.810000,-40.538811
987,-14.382670,-14.928747,-16.428747,-13.428747,price_sensitive_uninformed,none,0.000000,-9,-169.404513,-39.960485,0.810000,-40.770485
988,-13.415147,-14.140042,-15.640042,-12.640042,price_sensitive_uninformed,none,0.000000,-9,-169.404513,-48.668193,0.810000,-49.478193
989,-12.479694,-14.406887,-15.906887,-12.906887,price_sensitive_uninformed,none,0.000000,-9,-169.404513,-57.087265,0.810000,-57.897265
990,-12.505543,-13.599834,-15.099834,-12.099834,informed,none,0.000000,-9,-169.404513,-56.854622,0.810000,-57.664622
991,-12.607281,-16.139018,-17.639018,-14.639018,price_sensitive_uninformed,none,0.000000,-9,-169.404513,-55.938988,0.810000,-56.748988
992,-12.611297,-11.996652,-13.496652,-10.496652,informed,none,0.000000,-9,-169.404513,-55.902838,0.810000,-56.712838
993,-12.258649,-12.271174,-13.771174,-10.771174,price_sensitive_uninformed,none,0.000000,-9,-169.404513,-59.076671,0.810000,-59.886671
994,-11.355407,-11.465120,-12.965120,-9.965120,price_sensitive_uninformed,none,0.000000,-9,-169.404513,-67.205853,0.810000,-68.015853
995,-12.307017,-13.208185,-14.708185,-11.708185,price_sensitive_uninformed,buy_from_mm,-11.708185,-10,-181.112697,-58.042522,1.000000,-59.042522
996,-12.132975,-11.109526,-12.609526,-9.609526,price_sensitive_uninformed,none,0.000000,-10,-181.112697,-59.782944,1.000000,-60.782944
997,-13.584132,-14.382914,-15.882914,-12.882914,price_sensitive_uninformed,none,0.000000,-10,-181.112697,-45.271378,1.000000,-46.271378
998,-14.591943,-14.463651,-15.963651,-12.963651,price_sensitive_uninformed,none,0.000000,-10,-181.112697,-35.193265,1.000000,-36.193265
999,-15.883788,-17.942846,-19.442846,-16.442846,price_sensitive_uninformed,none,0.000000,-10,-181.112697,-22.274820,1.000000,-23.274820
1000,-16.290359,-16.308402,-17.808402,-14.808402,price_sensitive_uninformed,none,0.000000,-10,-181.112697,-18.209105,1.000000,-19.209105
1001,-15.881237,-17.056800,-18.556800,-15.556800,informed,none,0.000000,-10,-181.112697,-22.300327,1.000000,-23.300327
1002,-14.755584,-14.997413,-16.497413,-13.497413,price_sensitive_uninformed,none,0.000000,-10,-181.112697,-33.556853,1.000000,-34.556853
1003,-14.284084,-13.499017,-14.999017,-11.999017,informed,none,0.000000,-10,-181.112697,-38.271862,1.000000,-39.271862
1004,-16.451342,-16.128418,-17.628418,-14.628418,informed,none,0.000000,-10,-181.112697,-16.599277,1.000000,-17.599277
1005,-16.056910,-14.321119,-15.821119,-12.821119,informed,sell_to_mm,-15.821119,-9,-165.291579,-20.779392,0.810000,-21.589392
1006,-15.284244,-13.942481,-15.442481,-12.442481,informed,none,0.000000,-9,-165.291579,-27.733380,0.810000,-28.543380
1007,-15.130187,-13.391286,-14.891286,-11.891286,price_sensitive_uninformed,none,0.000000,-9,-165.291579,-29.119894,0.810000,-29.929894
1008,-14.874904,-15.067682,-16.567682,-13.567682,informed,none,0.000000,-9,-165.291579,-31.417445,0.810000,-32.227445
1009,-14.971048,-14.861900,-16.361900,-13.361900,informed,none,0.000000,-9,-165.291579,-30.552145,0.810000,-31.362145
1010,-14.334407,-15.328897,-16.828897,-13.828897,price_sensitive_uninformed,none,0.000000,-9,-165.291579,-36.281913,0.810000,-37.091913
1011,-15.746162,-15.771481,-17.271481,-14.271481,informed,none,0.000000,-9,-165.291579,-23.576125,0.810000,-24.386125
1012,-16.989382,-16.266757,-17.766757,-14.766757,price_sensitive_uninformed,none,0.000000,-9,-165.291579,-12.387140,0.810000,-13.197140
1013,-17.936707,-16.825868,-18.325868,-15.325868,price_sensitive_uninformed,none,0.000000,-9,-165.291579,-3.861217,0.810000,-4.671217
1014,-17.941885,-18.418550,-19.918550,-16.918550,price_sensitive_uninformed,none,0.000000,-9,-165.291579,-3.814614,0.810000,-4.624614
1015,-17.997262,-17.595895,-19.095895,-16.095895,price_sensitive_uninformed,none,0.000000,-9,-165.291579,-3.316217,0.810000,-4.126217
1016,-17.454687,-18.048253,-19.548253,-16.548253,informed,none,0.000000,-9,-165.291579,-8.199396,0.810000,-9.009396
1017,-17.746505,-16.857082,-18.357082,-15.357082,price_sensitive_uninformed,none,0.000000,-9,-165.291579,-5.573036,0.810000,-6.383036
1018,-17.119414,-17.946490,-19.446490,-16.446490,informed,none,0.000000,-9,-165.291579,-11.216857,0.810000,-12.026857
1019,-16.357358,-17.803423,-19.303423,-16.303423,informed,none,0.000000,-9,-165.291579,-18.075359,0.810000,-18.885359
1020,-16.994205,-15.817764,-17.317764,-14.317764,price_sensitive_uninformed,none,0.000000,-9,-165.291579,-12.343736,0.810000,-13.153736
1021,-18.124554,-19.725229,-21.225229,-18.225229,price_sensitive_uninformed,none,0.000000,-9,-165.291579,-2.170593,0.810000,-2.980593
1022,-19.731071,-19.903574,-21.403574,-18.403574,price_sensitive_uninformed,none,0.000000,-9,-165.291579,12.288062,0.810000,11.478062
1023,-19.479132,-18.268409,-19.768409,-16.768409,informed,none,0.000000,-9,-165.291579,10.020611,0.810000,9.210611
1024,-19.075125,-17.202868,-18.702868,-15.702868,price_sensitive_uninformed,none,0.000000,-9,-165.291579,6.384549,0.810000,5.574549
1025,-17.384093,-17.183439,-18.683439,-15.683439,price_sensitive_uninformed,none,0.000000,-9,-165.291579,-8.834746,0.810000,-9.644746
1026,-15.904695,-16.287545,-17.787545,-14.787545,informed,none,0.000000,-9,-165.291579,-22.149321,0.810000,-22.959321
1027,-15.638425,-16.100218,-17.600218,-14.600218,informed,none,0.000000,-9,-165.291579,-24.545750,0.810000,-25.355750
1028,-14.941530,-13.876395,-15.376395,-12.376395,price_sensitive_uninformed,none,0.000000,-9,-165.291579,-30.817804,0.810000,-31.627804
1029,-14.021914,-14.084389,-15.584389,-12.584389,price_sensitive_uninformed,none,0.000000,-9,-165.291579,-39.094356,0.810000,-39.904356
1030,-14.647952,-14.376347,-15.876347,-12.876347,price_sensitive_uninformed,none,0.000000,-9,-165.291579,-33.460009,0.810000,-34.270009
1031,-14.654400,-13.981092,-15.481092,-12.481092,price_sensitive_uninformed,none,0.000000,-9,-165.291579,-33.401979,0.810000,-34.211979
1032,-15.754569,-16.369873,-17.869873,-14.869873,informed,none,0.000000,-9,-165.291579,-23.500454,0.810000,-24.310454
1033,-18.350923,-16.766450,-18.266450,-15.266450,price_sensitive_uninformed,none,0.000000,-9,-165.291579,-0.133269,0.810000,-0.943269
1034,-17.841485,-17.683290,-19.183290,-16.183290,price_sensitive_uninformed,none,0.000000,-9,-165.291579,-4.718217,0.810000,-5.528217
1035,-18.683989,-19.528992,-21.028992,-18.028992,price_sensitive_uninformed,none,0.000000,-9,-165.291579,2.864323,0.810000,2.054323
1036,-19.263877,-20.946985,-22.446985,-19.446985,informed,buy_from_mm,-19.446985,-10,-184.738563,7.900207,1.000000,6.900207
1037,-18.810240,-18.998813,-20.498813,-17.498813,price_sensitive_uninformed,none,0.000000,-10,-184.738563,3.363832,1.000000,2.363832
1038,-17.601390,-17.102288,-18.602288,-15.602288,price_sensitive_uninformed,none,0.000000,-10,-184.738563,-8.724659,1.000000,-9.724659
1039,-17.539227,-18.042406,-19.542406,-16.542406,price_sensitive_uninformed,none,0.000000,-10,-184.738563,-9.346291,1.000000,-10.346291
1040,-17.673050,-18.114616,-19.614616,-16.614616,informed,none,0.000000,-10,-184.738563,-8.008062,1.000000,-9.008062
1041,-16.791175,-15.336442,-16.836442,-13.836442,informed,none,0.000000,-10,-184.738563,-16.826809,1.000000,-17.826809
1042,-17.861567,-16.451700,-17.951700,-14.951700,price_sensitive_uninformed,none,0.000000,-10,-184.738563,-6.122894,1.000000,-7.122894
1043,-18.207858,-17.716279,-19.216279,-16.216279,price_sensitive_uninformed,none,0.000000,-10,-184.738563,-2.659988,1.000000,-3.659988
1044,-17.916040,-17.420465,-18.920465,-15.920465,informed,none,0.000000,-10,-184.738563,-5.578162,1.000000,-6.578162
1045,-18.008260,-17.242960,-18.742960,-15.742960,price_sensitive_uninformed,none,0.000000,-10,-184.738563,-4.655966,1.000000,-5.655966
1046,-18.758969,-19.461577,-20.961577,-17.961577,informed,none,0.000000,-10,-184.738563,2.851129,1.000000,1.851129
1047,-20.393817,-19.258826,-20.758826,-17.758826,price_sensitive_uninformed,none,0.000000,-10,-184.738563,19.199602,1.000000,18.199602
1048,-19.521121,-21.050468,-22.550468,-19.550468,price_sensitive_uninformed,none,0.000000,-10,-184.738563,10.472650,1.000000,9.472650
1049,-21.022156,-19.937900,-21.437900,-18.437900,price_sensitive_uninformed,none,0.000000,-10,-184.738563,25.483000,1.000000,24.483000
1050,-20.170913,-20.144623,-21.644623,-18.644623,price_sensitive_uninformed,buy_from_mm,-18.644623,-11,-203.383186,18.496862,1.210000,17.286862
1051,-19.361676,-18.477687,-19.977687,-16.977687,informed,none,0.000000,-11,-203.383186,9.595249,1.210000,8.385249
1052,-18.896948,-19.758001,-21.258001,-18.258001,informed,none,0.000000,-11,-203.383186,4.483241,1.210000,3.273241
1053,-20.440795,-18.970101,-20.470101,-17.470101,informed,none,0.000000,-11,-203.383186,21.465554,1.210000,20.255554
1054,-21.786815,-23.900577,-25.400577,-22.400577,informed,buy_from_mm,-22.400577,-12,-225.783764,35.658017,1.440000,34.218017
1055,-22.992681,-22.068830,-23.568830,-20.568830,price_sensitive_uninformed,none,0.000000,-12,-225.783764,50.128413,1.440000,48.688413
1056,-23.047112,-22.604968,-24.104968,-21.104968,informed,none,0.000000,-12,-225.783764,50.781586,1.440000,49.341586
1057,-22.933689,-21.535083,-23.035083,-20.035083,price_sensitive_uninformed,none,0.000000,-12,-225.783764,49.420500,1.440000,47.980500
1058,-21.926936,-23.485916,-24.985916,-21.985916,price_sensitive_uninformed,none,0.000000,-12,-225.783764,37.339464,1.440000,35.899464
1059,-22.285496,-21.179847,-22.679847,-19.679847,price_sensitive_uninformed,none,0.000000,-12,-225.783764,41.642191,1.440000,40.202191
1060,-20.788057,-22.110455,-23.610455,-20.610455,price_sensitive_uninformed,sell_to_mm,-23.610455,-11,-202.173308,26.495320,1.210000,25.285320
1061,-20.401790,-19.230553,-20.730553,-17.730553,informed,none,0.000000,-11,-202.173308,22.246386,1.210000,21.036386
1062,-19.593716,-19.659405,-21.159405,-18.159405,informed,none,0.000000,-11,-202.173308,13.357567,1.210000,12.147567
1063,-18.475958,-18.683224,-20.183224,-17.183224,informed,none,0.000000,-11,-202.173308,1.062234,1.210000,-0.147766
1064,-19.044879,-20.173158,-21.673158,-18.673158,informed,none,0.000000,-11,-202.173308,7.320363,1.210000,6.110363
1065,-19.113946,-19.816340,-21.316340,-18.316340,informed,none,0.000000,-11,-202.173308,8.080101,1.210000,6.870101
1066,-19.597514,-19.067377,-20.567377,-17.567377,informed,none,0.000000,-11,-202.173308,13.399351,1.210000,12.189351
1067,-20.098685,-20.039167,-21.539167,-18.539167,price_sensitive_uninformed,none,0.000000,-11,-202.173308,18.912226,1.210000,17.702226
1068,-21.357534,-21.015988,-22.515988,-19.515988,price_sensitive_uninformed,none,0.000000,-11,-202.173308,32.759564,1.210000,31.549564
1069,-22.916807,-22.814874,-24.314874,-21.314874,price_sensitive_uninformed,none,0.000000,-11,-202.173308,49.911574,1.210000,48.701574
1070,-23.772917,-23.783371,-25.283371,-22.283371,price_sensitive_uninformed,none,0.000000,-11,-202.173308,59.328776,1.210000,58.118776
1071,-24.682510,-25.511668,-27.011668,-24.011668,informed,none,0.000000,-11,-202.173308,69.334302,1.210000,68.124302
1072,-24.773641,-25.165297,-26.665297,-23.665297,price_sensitive_uninformed,none,0.000000,-11,-202.173308,70.336743,1.210000,69.126743
1073,-24.183126,-24.906162,-26.406162,-23.406162,informed,none,0.000000,-11,-202.173308,63.841081,1.210000,62.631081
1074,-23.922597,-21.957396,-23.457396,-20.457396,price_sensitive_uninformed,buy_from_mm,-20.457396,-12,-222.630704,64.440461,1.440000,63.000461
1075,-23.368364,-24.010435,-25.510435,-22.510435,price_sensitive_uninformed,sell_to_mm,-25.510435,-11,-197.120270,59.931732,1.210000,58.721732
1076,-24.396311,-23.079552,-24.579552,-21.579552,informed,none,0.000000,-11,-197.120270,71.239154,1.210000,70.029154
1077,-24.772387,-23.868739,-25.368739,-22.368739,price_sensitive_uninformed,none,0.000000,-11,-197.120270,75.375985,1.210000,74.165985
1078,-24.973059,-24.056681,-25.556681,-22.556681,price_sensitive_uninformed,none,0.000000,-11,-197.120270,77.583375,1.210000,76.373375
1079,-23.531048,-22.646242,-24.146242,-21.146242,informed,none,0.000000,-11,-197.120270,61.721262,1.210000,60.511262
1080,-23.015882,-22.310609,-23.810609,-20.810609,price_sensitive_uninformed,none,0.000000,-11,-197.120270,56.054434,1.210000,54.844434
1081,-21.544090,-22.160183,-23.660183,-20.660183,price_sensitive_uninformed,sell_to_mm,-23.660183,-10,-173.460086,41.980813,1.000000,40.980813
1082,-20.717602,-19.993850,-21.493850,-18.493850,informed,none,0.000000,-10,-173.460086,33.715933,1.000000,32.715933
1083,-22.626473,-23.261780,-24.761780,-21.761780,price_sensitive_uninformed,none,0.000000,-10,-173.460086,52.804649,1.000000,51.804649
1084,-22.805122,-21.484505,-22.984505,-19.984505,price_sensitive_uninformed,none,0.000000,-10,-173.460086,54.591135,1.000000,53.591135
1085,-22.462824,-21.581765,-23.081765,-20.081765,price_sensitive_uninformed,none,0.000000,-10,-173.460086,51.168151,1.000000,50.168151
1086,-24.576096,-23.119233,-24.619233,-21.619233,price_sensitive_uninformed,buy_from_mm,-21.619233,-11,-195.079319,75.257738,1.210000,74.047738
1087,-24.322197,-26.246498,-27.746498,-24.746498,informed,buy_from_mm,-24.746498,-12,-219.825818,72.040548,1.440000,70.600548
1088,-26.049703,-27.362410,-28.862410,-25.862410,price_sensitive_uninformed,none,0.000000,-12,-219.825818,92.770624,1.440000,91.330624
1089,-24.166765,-22.654369,-24.154369,-21.154369,price_sensitive_uninformed,none,0.000000,-12,-219.825818,70.175367,1.440000,68.735367
1090,-23.998383,-25.144887,-26.644887,-23.644887,price_sensitive_uninformed,none,0.000000,-12,-219.825818,68.154781,1.440000,66.714781
1091,-23.671038,-23.580127,-25.080127,-22.080127,price_sensitive_uninformed,none,0.000000,-12,-219.825818,64.226643,1.440000,62.786643
1092,-23.921223,-23.209622,-24.709622,-21.709622,price_sensitive_uninformed,none,0.000000,-12,-219.825818,67.228855,1.440000,65.788855
1093,-26.099646,-25.067860,-26.567860,-23.567860,informed,none,0.000000,-12,-219.825818,93.369932,1.440000,91.929932
1094,-26.073917,-26.177972,-27.677972,-24.677972,price_sensitive_uninformed,none,0.000000,-12,-219.825818,93.061190,1.440000,91.621190
1095,-26.573677,-27.147134,-28.647134,-25.647134,informed,none,0.000000,-12,-219.825818,99.058308,1.440000,97.618308
1096,-25.405241,-26.874914,-28.374914,-25.374914,informed,none,0.000000,-12,-219.825818,85.037079,1.440000,83.597079
1097,-27.275362,-27.800828,-29.300828,-26.300828,price_sensitive_uninformed,sell_to_mm,-29.300828,-11,-190.524990,109.503986,1.210000,108.293986
1098,-28.377387,-29.289070,-30.789070,-27.789070,price_sensitive_uninformed,none,0.000000,-11,-190.524990,121.626262,1.210000,120.416262
1099,-28.275160,-28.750999,-30.250999,-27.250999,price_sensitive_uninformed,none,0.000000,-11,-190.524990,120.501767,1.210000,119.291767
1100,-29.168806,-28.400245,-29.900245,-26.900245,informed,none,0.000000,-11,-190.524990,130.331877,1.210000,129.121877
1101,-29.933134,-29.534980,-31.034980,-28.034980,price_sensitive_uninformed,none,0.000000,-11,-190.524990,138.739481,1.210000,137.529481
1102,-28.100391,-27.324701,-28.824701,-25.824701,price_sensitive_uninformed,none,0.000000,-11,-190.524990,118.579312,1.210000,117.369312
1103,-29.806172,-30.762383,-32.262383,-29.262383,informed,none,0.000000,-11,-190.524990,137.342903,1.210000,136.132903
1104,-29.323660,-28.649116,-30.149116,-27.149116,price_sensitive_uninformed,none,0.000000,-11,-190.524990,132.035268,1.210000,130.825268
1105,-29.998963,-30.046389,-31.546389,-28.546389,informed,none,0.000000,-11,-190.524990,139.463604,1.210000,138.253604
1106,-30.142392,-30.681419,-32.181419,-29.181419,informed,none,0.000000,-11,-190.524990,141.041320,1.210000,139.831320
1107,-31.505255,-30.985375,-32.485375,-29.485375,informed,none,0.000000,-11,-190.524990,156.032815,1.210000,154.822815
1108,-31.257534,-31.997818,-33.497818,-30.497818,price_sensitive_uninformed,none,0.000000,-11,-190.524990,153.307879,1.210000,152.097879
1109,-30.696731,-31.394802,-32.894802,-29.894802,price_sensitive_uninformed,none,0.000000,-11,-190.524990,147.139050,1.210000,145.929050
1110,-30.783581,-30.784097,-32.284097,-29.284097,price_sensitive_uninformed,none,0.000000,-11,-190.524990,148.094396,1.210000,146.884396
1111,-30.216780,-29.349728,-30.849728,-27.849728,price_sensitive_uninformed,none,0.000000,-11,-190.524990,141.859585,1.210000,140.649585
1112,-32.263178,-29.594380,-31.094380,-28.094380,informed,sell_to_mm,-31.094380,-10,-159.430611,163.201165,1.000000,162.201165
1113,-32.117942,-33.410937,-34.910937,-31.910937,price_sensitive_uninformed,buy_from_mm,-31.910937,-11,-191.341547,161.955813,1.210000,160.745813
1114,-31.146009,-30.852239,-32.352239,-29.352239,price_sensitive_uninformed,none,0.000000,-11,-191.341547,151.264554,1.210000,150.054554
1115,-32.909751,-33.114182,-34.614182,-31.614182,price_sensitive_uninformed,none,0.000000,-11,-191.341547,170.665709,1.210000,169.455709
1116,-31.999385,-30.703030,-32.203030,-29.203030,informed,none,0.000000,-11,-191.341547,160.651686,1.210000,159.441686
1117,-32.616723,-31.816278,-33.316278,-30.316278,price_sensitive_uninformed,none,0.000000,-11,-191.341547,167.442405,1.210000,166.232405
1118,-32.960555,-34.345203,-35.845203,-32.845203,informed,none,0.000000,-11,-191.341547,171.224559,1.210000,170.014559
1119,-33.097182,-32.745645,-34.245645,-31.245645,price_sensitive_uninformed,none,0.000000,-11,-191.341547,172.727456,1.210000,171.517456
1120,-30.913340,-32.089652,-33.589652,-30.589652,price_sensitive_uninformed,none,0.000000,-11,-191.341547,148.705191,1.210000,147.495191
1121,-31.377084,-31.708282,-33.208282,-30.208282,price_sensitive_uninformed,none,0.000000,-11,-191.341547,153.806380,1.210000,152.596380
1122,-31.410910,-32.383827,-33.883827,-30.883827,price_sensitive_uninformed,none,0.000000,-11,-191.341547,154.178463,1.210000,152.968463
1123,-31.801561,-30.178815,-31.678815,-28.678815,informed,sell_to_mm,-31.678815,-10,-159.662732,158.352877,1.000000,157.352877
1124,-31.023848,-32.068995,-33.568995,-30.568995,informed,none,0.000000,-10,-159.662732,150.575748,1.000000,149.575748
1125,-31.130446,-32.227158,-33.727158,-30.727158,price_sensitive_uninformed,none,0.000000,-10,-159.662732,151.641728,1.000000,150.641728
1126,-30.528287,-30.433080,-31.933080,-28.933080,price_sensitive_uninformed,none,0.000000,-10,-159.662732,145.620134,1.000000,144.620134
1127,-30.095559,-31.995925,-33.495925,-30.495925,informed,buy_from_mm,-30.495925,-11,-190.158657,140.892493,1.210000,139.682493
1128,-31.097489,-30.750858,-32.250858,-29.250858,informed,none,0.000000,-11,-190.158657,151.913723,1.210000,150.703723
1129,-30.991820,-31.270844,-32.770844,-29.770844,price_sensitive_uninformed,none,0.000000,-11,-190.158657,150.751367,1.210000,149.541367
1130,-31.481313,-30.293504,-31.793504,-28.793504,price_sensitive_uninformed,none,0.000000,-11,-190.158657,156.135790,1.210000,154.925790
1131,-31.930215,-32.895756,-34.395756,-31.395756,informed,none,0.000000,-11,-190.158657,161.073707,1.210000,159.863707
1132,-32.064370,-32.007393,-33.507393,-30.507393,informed,none,0.000000,-11,-190.158657,162.549410,1.210000,161.339410
1133,-33.469595,-35.258939,-36.758939,-33.758939,informed,buy_from_mm,-33.758939,-12,-223.917596,177.717550,1.440000,176.277550
1134,-33.818682,-33.607308,-35.107308,-32.107308,price_sensitive_uninformed,none,0.000000,-12,-223.917596,181.906590,1.440000,180.466590
1135,-36.144151,-36.044355,-37.544355,-34.544355,informed,none,0.000000,-12,-223.917596,209.812218,1.440000,208.372218
1136,-38.012857,-39.085337,-40.585337,-37.585337,price_sensitive_uninformed,buy_from_mm,-37.585337,-13,-261.502933,232.664202,1.690000,230.974202
1137,-38.962913,-38.150017,-39.650017,-36.650017,informed,none,0.000000,-13,-261.502933,245.014931,1.690000,243.324931
1138,-36.664842,-37.517405,-39.017405,-36.017405,price_sensitive_uninformed,none,0.000000,-13,-261.502933,215.140016,1.690000,213.450016
1139,-38.405556,-37.924839,-39.424839,-36.424839,informed,none,0.000000,-13,-261.502933,237.769296,1.690000,236.079296
1140,-36.677055,-38.047578,-39.547578,-36.547578,price_sensitive_uninformed,none,0.000000,-13,-261.502933,215.298782,1.690000,213.608782
1141,-37.268468,-36.926630,-38.426630,-35.426630,price_sensitive_uninformed,buy_from_mm,-35.426630,-14,-296.929563,224.828986,1.960000,222.868986
1142,-37.094251,-35.543139,-37.043139,-34.043139,price_sensitive_uninformed,none,0.000000,-14,-296.929563,222.389957,1.960000,220.429957
1143,-35.837064,-36.550933,-38.050933,-35.050933,informed,none,0.000000,-14,-296.929563,204.789339,1.960000,202.829339
1144,-37.002601,-38.472657,-39.972657,-36.972657,price_sensitive_uninformed,none,0.000000,-14,-296.929563,221.106853,1.960000,219.146853
1145,-36.646816,-36.519979,-38.019979,-35.019979,informed,none,0.000000,-14,-296.929563,216.125857,1.960000,214.165857
1146,-38.164752,-38.106904,-39.606904,-36.606904,price_sensitive_uninformed,none,0.000000,-14,-296.929563,237.376967,1.960000,235.416967
1147,-37.355629,-36.655087,-38.155087,-35.155087,price_sensitive_uninformed,none,0.000000,-14,-296.929563,226.049244,1.960000,224.089244
1148,-36.384670,-36.343934,-37.843934,-34.843934,informed,none,0.000000,-14,-296.929563,212.455813,1.960000,210.495813
1149,-36.079668,-36.426104,-37.926104,-34.926104,price_sensitive_uninformed,none,0.000000,-14,-296.929563,208.185791,1.960000,206.225791
1150,-36.551493,-36.367354,-37.867354,-34.867354,price_sensitive_uninformed,none,0.000000,-14,-296.929563,214.791336,1.960000,212.831336
1151,-36.753101,-38.689904,-40.189904,-37.189904,informed,buy_from_mm,-37.189904,-15,-334.119467,217.177047,2.250000,214.927047
1152,-37.739815,-36.912299,-38.412299,-35.412299,informed,none,0.000000,-15,-334.119467,231.977756,2.250000,229.727756
1153,-38.391805,-40.256164,-41.756164,-38.756164,informed,buy_from_mm,-38.756164,-16,-372.875631,241.393243,2.560000,238.833243
1154,-37.914791,-36.905661,-38.405661,-35.405661,price_sensitive_uninformed,none,0.000000,-16,-372.875631,233.761023,2.560000,231.201023
1155,-36.767017,-37.121751,-38.621751,-35.621751,informed,none,0.000000,-16,-372.875631,215.396649,2.560000,212.836649
1156,-36.785398,-35.863969,-37.363969,-34.363969,informed,none,0.000000,-16,-372.875631,215.690741,2.560000,213.130741
1157,-37.416300,-38.045356,-39.545356,-36.545356,informed,none,0.000000,-16,-372.875631,225.785164,2.560000,223.225164
1158,-38.591794,-37.904781,-39.404781,-36.404781,informed,none,0.000000,-16,-372.875631,244.593077,2.560000,242.033077
1159,-37.557317,-38.329079,-39.829079,-36.829079,price_sensitive_uninformed,none,0.000000,-16,-372.875631,228.041439,2.560000,225.481439
1160,-38.305702,-40.005981,-41.505981,-38.505981,price_sensitive_uninformed,none,0.000000,-16,-372.875631,240.015609,2.560000,237.455609
1161,-38.782810,-39.810462,-41.310462,-38.310462,informed,none,0.000000,-16,-372.875631,247.649326,2.560000,245.089326
1162,-38.108535,-40.773339,-42.273339,-39.273339,price_sensitive_uninformed,none,0.000000,-16,-372.875631,236.860929,2.560000,234.300929
1163,-35.427747,-32.509035,-34.009035,-31.009035,price_sensitive_uninformed,buy_from_mm,-31.009035,-17,-403.884666,198.387034,2.890000,195.497034
1164,-34.945860,-33.704994,-35.204994,-32.204994,price_sensitive_uninformed,none,0.000000,-17,-403.884666,190.194951,2.890000,187.304951
1165,-37.604447,-39.210347,-40.710347,-37.710347,price_sensitive_uninformed,none,0.000000,-17,-403.884666,235.390934,2.890000,232.500934
1166,-37.659211,-37.373335,-38.873335,-35.873335,informed,none,0.000000,-17,-403.884666,236.321927,2.890000,233.431927
1167,-40.194545,-38.451371,-39.951371,-36.951371,informed,sell_to_mm,-39.951371,-16,-363.933295,279.179426,2.560000,276.619426
1168,-39.948463,-42.918400,-44.418400,-41.418400,informed,buy_from_mm,-41.418400,-17,-405.351695,273.772169,2.890000,270.882169
1169,-40.011170,-40.320917,-41.820917,-38.820917,informed,none,0.000000,-17,-405.351695,274.838199,2.890000,271.948199
1170,-39.026006,-38.936039,-40.436039,-37.436039,informed,none,0.000000,-17,-405.351695,258.090410,2.890000,255.200410
1171,-39.810078,-39.117582,-40.617582,-37.617582,informed,none,0.000000,-17,-405.351695,271.419637,2.890000,268.529637
1172,-41.742310,-41.893836,-43.393836,-40.393836,informed,none,0.000000,-17,-405.351695,304.267581,2.890000,301.377581
1173,-41.512049,-42.380500,-43.880500,-40.880500,informed,none,0.000000,-17,-405.351695,300.353137,2.890000,297.463137
1174,-40.307569,-42.529931,-44.029931,-41.029931,informed,buy_from_mm,-41.029931,-18,-446.381626,279.154614,3.240000,275.914614
1175,-39.773169,-39.397914,-40.897914,-37.897914,price_sensitive_uninformed,none,0.000000,-18,-446.381626,269.535417,3.240000,266.295417
1176,-37.954395,-38.711623,-40.211623,-37.211623,price_sensitive_uninformed,buy_from_mm,-37.211623,-19,-483.593249,237.540259,3.610000,233.930259
1177,-38.832210,-38.990716,-40.490716,-37.490716,informed,none,0.000000,-19,-483.593249,254.218732,3.610000,250.608732
1178,-39.931281,-39.819027,-41.319027,-38.319027,price_sensitive_uninformed,none,0.000000,-19,-483.593249,275.101082,3.610000,271.491082
1179,-39.603586,-40.722726,-42.222726,-39.222726,price_sensitive_uninformed,none,0.000000,-19,-483.593249,268.874886,3.610000,265.264886
1180,-41.282250,-41.107371,-42.607371,-39.607371,price_sensitive_uninformed,none,0.000000,-19,-483.593249,300.769506,3.610000,297.159506
1181,-39.586735,-38.108788,-39.608788,-36.608788,informed,none,0.000000,-19,-483.593249,268.554712,3.610000,264.944712
1182,-38.953474,-38.445732,-39.945732,-36.945732,price_sensitive_uninformed,none,0.000000,-19,-483.593249,256.522766,3.610000,252.912766
1183,-36.902172,-36.115360,-37.615360,-34.615360,price_sensitive_uninformed,none,0.000000,-19,-483.593249,217.548022,3.610000,213.938022
1184,-37.320619,-39.577233,-41.077233,-38.077233,price_sensitive_uninformed,buy_from_mm,-38.077233,-20,-521.670482,224.741893,4.000000,220.741893
1185,-36.363299,-37.796352,-39.296352,-36.296352,price_sensitive_uninformed,none,0.000000,-20,-521.670482,205.595496,4.000000,201.595496
1186,-36.304308,-36.689144,-38.189144,-35.189144,informed,none,0.000000,-20,-521.670482,204.415687,4.000000,200.415687
1187,-37.104641,-38.411335,-39.911335,-36.911335,price_sensitive_uninformed,none,0.000000,-20,-521.670482,220.422341,4.000000,216.422341
1188,-36.281024,-36.058246,-37.558246,-34.558246,price_sensitive_uninformed,sell_to_mm,-37.558246,-19,-484.112236,205.227229,3.610000,201.617229
1189,-36.215018,-34.312799,-35.812799,-32.812799,informed,sell_to_mm,-35.812799,-18,-448.299437,203.570883,3.240000,200.330883
1190,-35.979470,-36.170948,-37.670948,-34.670948,price_sensitive_uninformed,none,0.000000,-18,-448.299437,199.331026,3.240000,196.091026
1191,-36.051558,-36.449154,-37.949154,-34.949154,price_sensitive_uninformed,none,0.000000,-18,-448.299437,200.628611,3.240000,197.388611
1192,-36.511191,-37.650062,-39.150062,-36.150062,informed,none,0.000000,-18,-448.299437,208.902005,3.240000,205.662005
1193,-36.391764,-38.311419,-39.811419,-36.811419,informed,buy_from_mm,-36.811419,-19,-485.110856,206.332664,3.610000,202.722664
1194,-37.889202,-36.208104,-37.708104,-34.708104,price_sensitive_uninformed,none,0.000000,-19,-485.110856,234.783972,3.610000,231.173972
1195,-37.523057,-36.085258,-37.585258,-34.585258,price_sensitive_uninformed,none,0.000000,-19,-485.110856,227.827224,3.610000,224.217224
1196,-37.916864,-36.983281,-38.483281,-35.483281,informed,none,0.000000,-19,-485.110856,235.309566,3.610000,231.699566
1197,-37.369175,-35.595925,-37.095925,-34.095925,price_sensitive_uninformed,none,0.000000,-19,-485.110856,224.903477,3.610000,221.293477
1198,-36.512023,-38.632687,-40.132687,-37.132687,informed,buy_from_mm,-37.132687,-20,-522.243543,207.996923,4.000000,203.996923
1199,-37.768598,-36.455207,-37.955207,-34.955207,price_sensitive_uninformed,none,0.000000,-20,-522.243543,233.128418,4.000000,229.128418
1200,-37.654603,-35.174194,-36.674194,-33.674194,price_sensitive_uninformed,none,0.000000,-20,-522.243543,230.848516,4.000000,226.848516
1201,-35.861573,-33.939727,-35.439727,-32.439727,informed,sell_to_mm,-35.439727,-19,-486.803816,194.566068,3.610000,190.956068
1202,-35.303624,-36.758361,-38.258361,-35.258361,informed,none,0.000000,-19,-486.803816,183.965040,3.610000,180.355040
1203,-33.225686,-34.985296,-36.485296,-33.485296,price_sensitive_uninformed,none,0.000000,-19,-486.803816,144.484217,3.610000,140.874217
1204,-33.739572,-34.244338,-35.744338,-32.744338,price_sensitive_uninformed,none,0.000000,-19,-486.803816,154.248056,3.610000,150.638056
1205,-32.759173,-34.778023,-36.278023,-33.278023,price_sensitive_uninformed,none,0.000000,-19,-486.803816,135.620472,3.610000,132.010472
1206,-32.398627,-30.624160,-32.124160,-29.124160,price_sensitive_uninformed,none,0.000000,-19,-486.803816,128.770098,3.610000,125.160098
1207,-33.207952,-32.041727,-33.541727,-30.541727,price_sensitive_uninformed,none,0.000000,-19,-486.803816,144.147275,3.610000,140.537275
1208,-32.129749,-30.943238,-32.443238,-29.443238,price_sensitive_uninformed,none,0.000000,-19,-486.803816,123.661417,3.610000,120.051417
1209,-32.719436,-34.259191,-35.759191,-32.759191,price_sensitive_uninformed,none,0.000000,-19,-486.803816,134.865466,3.610000,131.255466
1210,-32.833873,-31.967836,-33.467836,-30.467836,price_sensitive_uninformed,none,0.000000,-19,-486.803816,137.039774,3.610000,133.429774
1211,-33.039317,-32.982439,-34.482439,-31.482439,informed,none,0.000000,-19,-486.803816,140.943208,3.610000,137.333208
1212,-31.482748,-32.010374,-33.510374,-30.510374,informed,none,0.000000,-19,-486.803816,111.368401,3.610000,107.758401
1213,-31.138128,-30.272849,-31.772849,-28.772849,price_sensitive_uninformed,none,0.000000,-19,-486.803816,104.820617,3.610000,101.210617
1214,-31.236662,-29.839653,-31.339653,-28.339653,price_sensitive_uninformed,none,0.000000,-19,-486.803816,106.692765,3.610000,103.082765
1215,-30.466746,-32.394227,-33.894227,-30.894227,price_sensitive_uninformed,none,0.000000,-19,-486.803816,92.064352,3.610000,88.454352
1216,-30.306373,-30.265162,-31.765162,-28.765162,price_sensitive_uninformed,none,0.000000,-19,-486.803816,89.017262,3.610000,85.407262
1217,-30.513328,-29.723715,-31.223715,-28.223715,price_sensitive_uninformed,none,0.000000,-19,-486.803816,92.949420,3.610000,89.339420
1218,-29.977924,-29.075191,-30.575191,-27.575191,informed,none,0.000000,-19,-486.803816,82.776745,3.610000,79.166745
1219,-28.999313,-28.683230,-30.183230,-27.183230,price_sensitive_uninformed,sell_to_mm,-30.183230,-18,-456.620586,65.367052,3.240000,62.127052
1220,-28.216365,-27.744998,-29.244998,-26.244998,price_sensitive_uninformed,sell_to_mm,-29.244998,-17,-427.375588,52.302622,2.890000,49.412622
1221,-29.372838,-30.878569,-32.378569,-29.378569,price_sensitive_uninformed,none,0.000000,-17,-427.375588,71.962657,2.890000,69.072657
1222,-28.216448,-30.011051,-31.511051,-28.511051,informed,buy_from_mm,-28.511051,-18,-455.886639,52.009432,3.240000,48.769432
1223,-28.585065,-28.319259,-29.819259,-26.819259,informed,none,0.000000,-18,-455.886639,58.644536,3.240000,55.404536
1224,-28.639468,-26.252100,-27.752100,-24.752100,informed,sell_to_mm,-27.752100,-17,-428.134539,58.736416,2.890000,55.846416
1225,-29.134453,-28.459753,-29.959753,-26.959753,price_sensitive_uninformed,none,0.000000,-17,-428.134539,67.151163,2.890000,64.261163
1226,-29.422968,-28.333897,-29.833897,-26.833897,price_sensitive_uninformed,none,0.000000,-17,-428.134539,72.055919,2.890000,69.165919
1227,-28.978790,-29.226968,-30.726968,-27.726968,informed,none,0.000000,-17,-428.134539,64.504885,2.890000,61.614885
1228,-27.729441,-28.392226,-29.892226,-26.892226,price_sensitive_uninformed,none,0.000000,-17,-428.134539,43.265958,2.890000,40.375958
1229,-28.453281,-28.172315,-29.672315,-26.672315,price_sensitive_uninformed,none,0.000000,-17,-428.134539,55.571244,2.890000,52.681244
1230,-28.800527,-30.117383,-31.617383,-28.617383,price_sensitive_uninformed,none,0.000000,-17,-428.134539,61.474413,2.890000,58.584413
1231,-29.214988,-29.525875,-31.025875,-28.025875,price_sensitive_uninformed,none,0.000000,-17,-428.134539,68.520254,2.890000,65.630254
1232,-29.098093,-27.402259,-28.902259,-25.902259,informed,sell_to_mm,-28.902259,-16,-399.232280,66.337207,2.560000,63.777207
1233,-28.534805,-28.385003,-29.885003,-26.885003,informed,none,0.000000,-16,-399.232280,57.324594,2.560000,54.764594
1234,-31.062262,-33.802117,-35.302117,-32.302117,informed,buy_from_mm,-32.302117,-17,-431.534397,96.524056,2.890000,93.634056
1235,-31.614309,-33.323734,-34.823734,-31.823734,informed,buy_from_mm,-31.823734,-18,-463.358131,105.699434,3.240000,102.459434
1236,-32.714937,-32.052312,-33.552312,-30.552312,informed,none,0.000000,-18,-463.358131,125.510728,3.240000,122.270728
1237,-31.070710,-32.189385,-33.689385,-30.689385,informed,none,0.000000,-18,-463.358131,95.914646,3.240000,92.674646
1238,-31.340818,-30.465747,-31.965747,-28.965747,price_sensitive_uninformed,none,0.000000,-18,-463.358131,100.776588,3.240000,97.536588
1239,-32.448453,-30.331143,-31.831143,-28.831143,price_sensitive_uninformed,none,0.000000,-18,-463.358131,120.714024,3.240000,117.474024
1240,-33.378925,-32.640783,-34.140783,-31.140783,price_sensitive_uninformed,none,0.000000,-18,-463.358131,137.462521,3.240000,134.222521
1241,-34.122337,-35.382797,-36.882797,-33.882797,informed,none,0.000000,-18,-463.358131,150.843940,3.240000,147.603940
1242,-34.223412,-33.700777,-35.200777,-32.200777,price_sensitive_uninformed,none,0.000000,-18,-463.358131,152.663279,3.240000,149.423279
1243,-35.268893,-36.207235,-37.707235,-34.707235,price_sensitive_uninformed,none,0.000000,-18,-463.358131,171.481945,3.240000,168.241945
1244,-36.201350,-36.525619,-38.025619,-35.025619,informed,none,0.000000,-18,-463.358131,188.266177,3.240000,185.026177
1245,-36.522228,-33.575565,-35.075565,-32.075565,price_sensitive_uninformed,none,0.000000,-18,-463.358131,194.041977,3.240000,190.801977
1246,-36.277923,-35.284140,-36.784140,-33.784140,price_sensitive_uninformed,none,0.000000,-18,-463.358131,189.644475,3.240000,186.404475
1247,-35.827802,-35.306381,-36.806381,-33.806381,price_sensitive_uninformed,none,0.000000,-18,-463.358131,181.542303,3.240000,178.302303
1248,-36.697633,-35.729196,-37.229196,-34.229196,price_sensitive_uninformed,none,0.000000,-18,-463.358131,197.199265,3.240000,193.959265
1249,-36.716660,-35.838782,-37.338782,-34.338782,price_sensitive_uninformed,none,0.000000,-18,-463.358131,197.541755,3.240000,194.301755
1250,-37.432974,-38.423905,-39.923905,-36.923905,informed,none,0.000000,-18,-463.358131,210.435396,3.240000,207.195396
1251,-38.551727,-39.739906,-41.239906,-38.239906,price_sensitive_uninformed,none,0.000000,-18,-463.358131,230.572957,3.240000,227.332957
1252,-39.202589,-39.011804,-40.511804,-37.511804,informed,none,0.000000,-18,-463.358131,242.288477,3.240000,239.048477
1253,-39.846751,-41.863804,-43.363804,-40.363804,informed,buy_from_mm,-40.363804,-19,-503.721935,253.366338,3.610000,249.756338
1254,-39.527833,-39.227821,-40.727821,-37.727821,price_sensitive_uninformed,sell_to_mm,-40.727821,-18,-462.994114,248.506883,3.240000,245.266883
1255,-40.495539,-39.570135,-41.070135,-38.070135,price_sensitive_uninformed,sell_to_mm,-41.070135,-17,-421.923979,266.500176,2.890000,263.610176
1256,-39.807776,-38.323198,-39.823198,-36.823198,price_sensitive_uninformed,sell_to_mm,-39.823198,-16,-382.100781,254.823642,2.560000,252.263642
1257,-39.465375,-38.710510,-40.210510,-37.210510,informed,none,0.000000,-16,-382.100781,249.345214,2.560000,246.785214
1258,-39.951680,-38.768851,-40.268851,-37.268851,informed,none,0.000000,-16,-382.100781,257.126105,2.560000,254.566105
1259,-40.495297,-40.840915,-42.340915,-39.340915,informed,none,0.000000,-16,-382.100781,265.823976,2.560000,263.263976
1260,-40.965960,-40.172233,-41.672233,-38.672233,informed,none,0.000000,-16,-382.100781,273.354578,2.560000,270.794578
1261,-39.553845,-39.429168,-40.929168,-37.929168,price_sensitive_uninformed,none,0.000000,-16,-382.100781,250.760740,2.560000,248.200740
1262,-39.349084,-38.352204,-39.852204,-36.852204,informed,none,0.000000,-16,-382.100781,247.484558,2.560000,244.924558
1263,-38.674535,-38.860570,-40.360570,-37.360570,price_sensitive_uninformed,none,0.000000,-16,-382.100781,236.691781,2.560000,234.131781
1264,-39.755899,-37.503689,-39.003689,-36.003689,price_sensitive_uninformed,none,0.000000,-16,-382.100781,253.993607,2.560000,251.433607
1265,-40.528647,-39.973598,-41.473598,-38.473598,informed,none,0.000000,-16,-382.100781,266.357563,2.560000,263.797563
1266,-39.837723,-39.781220,-41.281220,-38.281220,price_sensitive_uninformed,buy_from_mm,-38.281220,-17,-420.382001,256.859286,2.890000,253.969286
1267,-38.201761,-38.445144,-39.945144,-36.945144,price_sensitive_uninformed,none,0.000000,-17,-420.382001,229.047929,2.890000,226.157929
1268,-37.416097,-37.860990,-39.360990,-36.360990,informed,none,0.000000,-17,-420.382001,215.691644,2.890000,212.801644
1269,-36.360983,-36.330249,-37.830249,-34.830249,price_sensitive_uninformed,none,0.000000,-17,-420.382001,197.754719,2.890000,194.864719
1270,-36.210308,-35.980219,-37.480219,-34.480219,informed,none,0.000000,-17,-420.382001,195.193230,2.890000,192.303230
1271,-36.634687,-38.428826,-39.928826,-36.928826,informed,buy_from_mm,-36.928826,-18,-457.310827,202.113533,3.240000,198.873533
1272,-36.230083,-36.845795,-38.345795,-35.345795,informed,none,0.000000,-18,-457.310827,194.830661,3.240000,191.590661
1273,-35.725931,-35.496585,-36.996585,-33.996585,informed,none,0.000000,-18,-457.310827,185.755924,3.240000,182.515924
1274,-35.783828,-36.638536,-38.138536,-35.138536,informed,none,0.000000,-18,-457.310827,186.798082,3.240000,183.558082
1275,-34.295001,-34.425901,-35.925901,-32.925901,price_sensitive_uninformed,none,0.000000,-18,-457.310827,159.999195,3.240000,156.759195
1276,-35.506582,-35.148092,-36.648092,-33.648092,price_sensitive_uninformed,none,0.000000,-18,-457.310827,181.807644,3.240000,178.567644
1277,-34.838196,-35.567822,-37.067822,-34.067822,informed,none,0.000000,-18,-457.310827,169.776706,3.240000,166.536706
1278,-36.317168,-36.708129,-38.208129,-35.208129,price_sensitive_uninformed,none,0.000000,-18,-457.310827,196.398197,3.240000,193.158197
1279,-36.607610,-36.779929,-38.279929,-35.279929,price_sensitive_uninformed,none,0.000000,-18,-457.310827,201.626147,3.240000,198.386147
1280,-36.288951,-36.479273,-37.979273,-34.979273,price_sensitive_uninformed,none,0.000000,-18,-457.310827,195.890290,3.240000,192.650290
1281,-37.443504,-37.896645,-39.396645,-36.396645,price_sensitive_uninformed,none,0.000000,-18,-457.310827,216.672245,3.240000,213.432245
1282,-37.136805,-38.180142,-39.680142,-36.680142,price_sensitive_uninformed,buy_from_mm,-36.680142,-19,-493.990969,211.608327,3.610000,207.998327
1283,-37.283626,-36.160141,-37.660141,-34.660141,price_sensitive_uninformed,none,0.000000,-19,-493.990969,214.397926,3.610000,210.787926
1284,-37.587329,-38.415738,-39.915738,-36.915738,price_sensitive_uninformed,none,0.000000,-19,-493.990969,220.168289,3.610000,216.558289
1285,-36.440163,-36.898732,-38.398732,-35.398732,informed,none,0.000000,-19,-493.990969,198.372134,3.610000,194.762134
1286,-37.370828,-36.826965,-38.326965,-35.326965,price_sensitive_uninformed,none,0.000000,-19,-493.990969,216.054757,3.610000,212.444757
1287,-38.491005,-38.343447,-39.843447,-36.843447,price_sensitive_uninformed,none,0.000000,-19,-493.990969,237.338125,3.610000,233.728125
1288,-38.161940,-36.713786,-38.213786,-35.213786,price_sensitive_uninformed,none,0.000000,-19,-493.990969,231.085887,3.610000,227.475887
1289,-39.126565,-38.774997,-40.274997,-37.274997,informed,none,0.000000,-19,-493.990969,249.413771,3.610000,245.803771
1290,-40.331942,-38.511702,-40.011702,-37.011702,informed,sell_to_mm,-40.011702,-18,-453.979267,271.995691,3.240000,268.755691
1291,-39.397474,-41.034835,-42.534835,-39.534835,informed,buy_from_mm,-39.534835,-19,-493.514101,255.037898,3.610000,251.427898
1292,-40.025785,-41.814434,-43.314434,-40.314434,price_sensitive_uninformed,none,0.000000,-19,-493.514101,266.975806,3.610000,263.365806
1293,-40.830789,-43.581014,-45.081014,-42.081014,price_sensitive_uninformed,buy_from_mm,-42.081014,-20,-535.595115,281.020666,4.000000,277.020666
1294,-41.442554,-41.588891,-43.088891,-40.088891,price_sensitive_uninformed,sell_to_mm,-43.088891,-19,-492.506225,294.902305,3.610000,291.292305
1295,-42.148241,-42.170904,-43.670904,-40.670904,price_sensitive_uninformed,none,0.000000,-19,-492.506225,308.310347,3.610000,304.700347
1296,-40.759585,-41.881924,-43.381924,-40.381924,price_sensitive_uninformed,none,0.000000,-19,-492.506225,281.925891,3.610000,278.315891
1297,-39.981800,-39.664242,-41.164242,-38.164242,price_sensitive_uninformed,none,0.000000,-19,-492.506225,267.147976,3.610000,263.537976
1298,-41.638580,-41.790526,-43.290526,-40.290526,price_sensitive_uninformed,none,0.000000,-19,-492.506225,298.626793,3.610000,295.016793
1299,-41.477184,-39.810518,-41.310518,-38.310518,price_sensitive_uninformed,buy_from_mm,-38.310518,-20,-530.816743,298.726942,4.000000,294.726942
1300,-41.857299,-40.887662,-42.387662,-39.387662,price_sensitive_uninformed,none,0.000000,-20,-530.816743,306.329236,4.000000,302.329236
1301,-42.350913,-42.701147,-44.201147,-41.201147,price_sensitive_uninformed,none,0.000000,-20,-530.816743,316.201515,4.000000,312.201515
1302,-42.926919,-44.213296,-45.713296,-42.713296,informed,none,0.000000,-20,-530.816743,327.721632,4.000000,323.721632
1303,-45.200902,-45.464912,-46.964912,-43.964912,informed,none,0.000000,-20,-530.816743,373.201305,4.000000,369.201305
1304,-45.376964,-45.818822,-47.318822,-44.318822,price_sensitive_uninformed,none,0.000000,-20,-530.816743,376.722545,4.000000,372.722545
1305,-44.627904,-44.639168,-46.139168,-43.139168,price_sensitive_uninformed,none,0.000000,-20,-530.816743,361.741331,4.000000,357.741331
1306,-45.228724,-47.376849,-48.876849,-45.876849,price_sensitive_uninformed,none,0.000000,-20,-530.816743,373.757732,4.000000,369.757732
1307,-44.272824,-44.791266,-46.291266,-43.291266,informed,none,0.000000,-20,-530.816743,354.639730,4.000000,350.639730
1308,-45.141956,-45.495418,-46.995418,-43.995418,price_sensitive_uninformed,none,0.000000,-20,-530.816743,372.022384,4.000000,368.022384
1309,-44.416907,-45.492495,-46.992495,-43.992495,price_sensitive_uninformed,none,0.000000,-20,-530.816743,357.521394,4.000000,353.521394
1310,-43.403772,-43.922083,-45.422083,-42.422083,price_sensitive_uninformed,none,0.000000,-20,-530.816743,337.258694,4.000000,333.258694
1311,-41.243766,-39.604785,-41.104785,-38.104785,price_sensitive_uninformed,none,0.000000,-20,-530.816743,294.058573,4.000000,290.058573
1312,-41.455090,-42.242285,-43.742285,-40.742285,informed,none,0.000000,-20,-530.816743,298.285066,4.000000,294.285066
1313,-40.699425,-40.120529,-41.620529,-38.620529,price_sensitive_uninformed,none,0.000000,-20,-530.816743,283.171762,4.000000,279.171762
1314,-40.817049,-41.659196,-43.159196,-40.159196,price_sensitive_uninformed,buy_from_mm,-40.159196,-21,-570.975939,286.182085,4.410000,281.772085
1315,-42.529501,-42.596004,-44.096004,-41.096004,price_sensitive_uninformed,none,0.000000,-21,-570.975939,322.143592,4.410000,317.733592
1316,-42.694673,-42.122064,-43.622064,-40.622064,informed,none,0.000000,-21,-570.975939,325.612193,4.410000,321.202193
1317,-42.775771,-40.904302,-42.404302,-39.404302,informed,sell_to_mm,-42.404302,-20,-528.571637,326.943774,4.000000,322.943774
1318,-41.716898,-43.456491,-44.956491,-41.956491,informed,buy_from_mm,-41.956491,-21,-570.528128,305.526731,4.410000,301.116731
1319,-41.614092,-41.622409,-43.122409,-40.122409,price_sensitive_uninformed,none,0.000000,-21,-570.528128,303.367814,4.410000,298.957814
1320,-39.467577,-41.089538,-42.589538,-39.589538,price_sensitive_uninformed,none,0.000000,-21,-570.528128,258.290989,4.410000,253.880989
1321,-38.733638,-37.304944,-38.804944,-35.804944,informed,none,0.000000,-21,-570.528128,242.878275,4.410000,238.468275
1322,-37.657798,-39.921268,-41.421268,-38.421268,informed,buy_from_mm,-38.421268,-22,-608.949396,219.522155,4.840000,214.682155
1323,-37.800135,-36.790451,-38.290451,-35.290451,price_sensitive_uninformed,none,0.000000,-22,-608.949396,222.653584,4.840000,217.813584
1324,-36.693650,-39.686704,-41.186704,-38.186704,price_sensitive_uninformed,none,0.000000,-22,-608.949396,198.310897,4.840000,193.470897
1325,-38.275591,-38.007356,-39.507356,-36.507356,price_sensitive_uninformed,none,0.000000,-22,-608.949396,233.113614,4.840000,228.273614
1326,-39.506014,-38.587223,-40.087223,-37.087223,price_sensitive_uninformed,none,0.000000,-22,-608.949396,260.182922,4.840000,255.342922
1327,-39.700229,-37.833458,-39.333458,-36.333458,informed,sell_to_mm,-39.333458,-21,-569.615938,264.088871,4.410000,259.678871
1328,-40.127145,-40.601958,-42.101958,-39.101958,price_sensitive_uninformed,none,0.000000,-21,-569.615938,273.054115,4.410000,268.644115
1329,-41.382077,-41.626720,-43.126720,-40.126720,informed,none,0.000000,-21,-569.615938,299.407683,4.410000,294.997683
1330,-42.574714,-42.641145,-44.141145,-41.141145,informed,none,0.000000,-21,-569.615938,324.453061,4.410000,320.043061
1331,-45.089327,-44.357476,-45.857476,-42.857476,price_sensitive_uninformed,none,0.000000,-21,-569.615938,377.259927,4.410000,372.849927
1332,-44.327799,-44.150650,-45.650650,-42.650650,price_sensitive_uninformed,none,0.000000,-21,-569.615938,361.267848,4.410000,356.857848
1333,-42.459179,-44.252697,-45.752697,-42.752697,informed,buy_from_mm,-42.752697,-22,-612.368635,321.733297,4.840000,316.893297
1334,-42.555133,-41.984461,-43.484461,-40.484461,informed,none,0.000000,-22,-612.368635,323.844293,4.840000,319.004293
1335,-40.976210,-40.820560,-42.320560,-39.320560,price_sensitive_uninformed,none,0.000000,-22,-612.368635,289.107983,4.840000,284.267983
1336,-38.989733,-38.676109,-40.176109,-37.176109,price_sensitive_uninformed,none,0.000000,-22,-612.368635,245.405484,4.840000,240.565484
1337,-36.986359,-35.965678,-37.465678,-34.465678,price_sensitive_uninformed,none,0.000000,-22,-612.368635,201.331257,4.840000,196.491257
1338,-37.257575,-35.966939,-37.466939,-34.466939,informed,none,0.000000,-22,-612.368635,207.298023,4.840000,202.458023
1339,-37.402425,-36.606568,-38.106568,-35.106568,price_sensitive_uninformed,buy_from_mm,-35.106568,-23,-647.475203,212.780580,5.290000,207.490580
1340,-36.814627,-36.645581,-38.145581,-35.145581,price_sensitive_uninformed,none,0.000000,-23,-647.475203,199.261211,5.290000,193.971211
1341,-36.824826,-36.283652,-37.783652,-34.783652,price_sensitive_uninformed,none,0.000000,-23,-647.475203,199.495797,5.290000,194.205797
1342,-37.328779,-37.186043,-38.686043,-35.686043,informed,none,0.000000,-23,-647.475203,211.086719,5.290000,205.796719
1343,-36.235635,-36.048700,-37.548700,-34.548700,informed,none,0.000000,-23,-647.475203,185.944409,5.290000,180.654409
1344,-37.230333,-35.893533,-37.393533,-34.393533,informed,none,0.000000,-23,-647.475203,208.822458,5.290000,203.532458
1345,-37.874788,-38.213940,-39.713940,-36.713940,price_sensitive_uninformed,sell_to_mm,-39.713940,-22,-607.761263,225.484066,4.840000,220.644066
1346,-36.809867,-38.229482,-39.729482,-36.729482,informed,none,0.000000,-22,-607.761263,202.055802,4.840000,197.215802
1347,-39.018066,-40.549795,-42.049795,-39.049795,price_sensitive_uninformed,none,0.000000,-22,-607.761263,250.636193,4.840000,245.796193
1348,-38.856222,-40.131483,-41.631483,-38.631483,price_sensitive_uninformed,none,0.000000,-22,-607.761263,247.075612,4.840000,242.235612
1349,-40.020237,-42.677365,-44.177365,-41.177365,price_sensitive_uninformed,none,0.000000,-22,-607.761263,272.683946,4.840000,267.843946
1350,-38.895451,-37.943625,-39.443625,-36.443625,price_sensitive_uninformed,none,0.000000,-22,-607.761263,247.938659,4.840000,243.098659
1351,-38.631471,-39.131931,-40.631931,-37.631931,price_sensitive_uninformed,none,0.000000,-22,-607.761263,242.131110,4.840000,237.291110
1352,-39.543938,-39.910873,-41.410873,-38.410873,price_sensitive_uninformed,none,0.000000,-22,-607.761263,262.205364,4.840000,257.365364
1353,-39.009241,-38.195679,-39.695679,-36.695679,price_sensitive_uninformed,none,0.000000,-22,-607.761263,250.442039,4.840000,245.602039
1354,-38.866742,-38.635117,-40.135117,-37.135117,price_sensitive_uninformed,none,0.000000,-22,-607.761263,247.307059,4.840000,242.467059
1355,-38.847983,-39.437969,-40.937969,-37.937969,informed,none,0.000000,-22,-607.761263,246.894358,4.840000,242.054358
1356,-39.536974,-40.996819,-42.496819,-39.496819,price_sensitive_uninformed,none,0.000000,-22,-607.761263,262.052170,4.840000,257.212170
1357,-40.605188,-40.512769,-42.012769,-39.012769,price_sensitive_uninformed,none,0.000000,-22,-607.761263,285.552878,4.840000,280.712878
1358,-40.292402,-40.011524,-41.511524,-38.511524,price_sensitive_uninformed,none,0.000000,-22,-607.761263,278.671589,4.840000,273.831589
1359,-39.587523,-39.917005,-41.417005,-38.417005,price_sensitive_uninformed,none,0.000000,-22,-607.761263,263.164254,4.840000,258.324254
1360,-40.497877,-40.147470,-41.647470,-38.647470,informed,none,0.000000,-22,-607.761263,283.192035,4.840000,278.352035
1361,-40.266115,-40.875388,-42.375388,-39.375388,price_sensitive_uninformed,none,0.000000,-22,-607.761263,278.093275,4.840000,273.253275
1362,-39.990972,-40.780827,-42.280827,-39.280827,price_sensitive_uninformed,none,0.000000,-22,-607.761263,272.040126,4.840000,267.200126
1363,-39.076109,-39.266948,-40.766948,-37.766948,informed,none,0.000000,-22,-607.761263,251.913140,4.840000,247.073140
1364,-38.419436,-37.932220,-39.432220,-36.432220,informed,none,0.000000,-22,-607.761263,237.466323,4.840000,232.626323
1365,-37.933816,-37.771729,-39.271729,-36.271729,price_sensitive_uninformed,none,0.000000,-22,-607.761263,226.782684,4.840000,221.942684
1366,-38.006139,-35.803344,-37.303344,-34.303344,informed,sell_to_mm,-37.303344,-21,-570.457919,227.670991,4.410000,223.260991
1367,-36.681247,-36.896541,-38.396541,-35.396541,informed,none,0.000000,-21,-570.457919,199.848265,4.410000,195.438265
1368,-35.825339,-36.614971,-38.114971,-35.114971,informed,none,0.000000,-21,-570.457919,181.874207,4.410000,177.464207
1369,-36.268414,-35.952377,-37.452377,-34.452377,price_sensitive_uninformed,none,0.000000,-21,-570.457919,191.178770,4.410000,186.768770
1370,-35.029843,-34.466447,-35.966447,-32.966447,price_sensitive_uninformed,none,0.000000,-21,-570.457919,165.168775,4.410000,160.758775
1371,-35.146804,-35.057613,-36.557613,-33.557613,informed,none,0.000000,-21,-570.457919,167.624959,4.410000,163.214959
1372,-34.836135,-33.395526,-34.895526,-31.895526,price_sensitive_uninformed,none,0.000000,-21,-570.457919,161.100909,4.410000,156.690909
1373,-33.301454,-31.082196,-32.582196,-29.582196,price_sensitive_uninformed,none,0.000000,-21,-570.457919,128.872607,4.410000,124.462607
1374,-34.219956,-31.705495,-33.205495,-30.205495,informed,sell_to_mm,-33.205495,-20,-537.252424,147.146693,4.000000,143.146693
1375,-32.571041,-33.258059,-34.758059,-31.758059,price_sensitive_uninformed,none,0.000000,-20,-537.252424,114.168395,4.000000,110.168395
1376,-33.335018,-32.910082,-34.410082,-31.410082,price_sensitive_uninformed,none,0.000000,-20,-537.252424,129.447943,4.000000,125.447943
1377,-33.768389,-31.908375,-33.408375,-30.408375,informed,sell_to_mm,-33.408375,-19,-503.844050,137.755334,3.610000,134.145334
1378,-35.203983,-34.184166,-35.684166,-32.684166,price_sensitive_uninformed,none,0.000000,-19,-503.844050,165.031622,3.610000,161.421622
1379,-34.978926,-35.312406,-36.812406,-33.812406,informed,none,0.000000,-19,-503.844050,160.755543,3.610000,157.145543
1380,-37.206703,-36.915832,-38.415832,-35.415832,price_sensitive_uninformed,buy_from_mm,-35.415832,-20,-539.259881,204.874178,4.000000,200.874178
1381,-37.074250,-38.422511,-39.922511,-36.922511,informed,none,0.000000,-20,-539.259881,202.225112,4.000000,198.225112
1382,-37.216625,-38.799724,-40.299724,-37.299724,informed,buy_from_mm,-37.299724,-21,-576.559605,204.989529,4.410000,200.579529
1383,-37.018440,-36.852706,-38.352706,-35.352706,price_sensitive_uninformed,none,0.000000,-21,-576.559605,200.827627,4.410000,196.417627
1384,-36.676465,-35.992255,-37.492255,-34.492255,informed,none,0.000000,-21,-576.559605,193.646168,4.410000,189.236168
1385,-37.358671,-36.402678,-37.902678,-34.902678,price_sensitive_uninformed,none,0.000000,-21,-576.559605,207.972485,4.410000,203.562485
1386,-37.376155,-37.937335,-39.437335,-36.437335,informed,none,0.000000,-21,-576.559605,208.339659,4.410000,203.929659
1387,-38.241678,-36.447183,-37.947183,-34.947183,informed,sell_to_mm,-37.947183,-20,-538.612422,226.221139,4.000000,222.221139
1388,-38.081589,-37.940104,-39.440104,-36.440104,informed,none,0.000000,-20,-538.612422,223.019353,4.000000,219.019353
1389,-36.608791,-37.291279,-38.791279,-35.791279,price_sensitive_uninformed,none,0.000000,-20,-538.612422,193.563407,4.000000,189.563407
1390,-36.432804,-36.065976,-37.565976,-34.565976,informed,none,0.000000,-20,-538.612422,190.043650,4.000000,186.043650
1391,-37.289254,-35.703277,-37.203277,-34.203277,price_sensitive_uninformed,none,0.000000,-20,-538.612422,207.172649,4.000000,203.172649
1392,-37.532358,-35.968941,-37.468941,-34.468941,informed,sell_to_mm,-37.468941,-19,-501.143481,211.971322,3.610000,208.361322
1393,-37.710399,-38.224696,-39.724696,-36.724696,price_sensitive_uninformed,sell_to_mm,-39.724696,-18,-461.418786,217.368403,3.240000,214.128403
1394,-38.232281,-40.541634,-42.041634,-39.041634,price_sensitive_uninformed,none,0.000000,-18,-461.418786,226.762265,3.240000,223.522265
1395,-37.366363,-38.078905,-39.578905,-36.578905,price_sensitive_uninformed,buy_from_mm,-36.578905,-19,-497.997691,211.963200,3.610000,208.353200
1396,-36.704839,-35.177495,-36.677495,-33.677495,informed,sell_to_mm,-36.677495,-18,-461.320195,199.366909,3.240000,196.126909
1397,-37.445916,-37.468945,-38.968945,-35.968945,price_sensitive_uninformed,sell_to_mm,-38.968945,-17,-422.351250,214.229322,2.890000,211.339322
1398,-37.892582,-37.047571,-38.547571,-35.547571,price_sensitive_uninformed,buy_from_mm,-35.547571,-18,-457.898821,224.167659,3.240000,220.927659
1399,-38.841064,-36.708704,-38.208704,-35.208704,price_sensitive_uninformed,none,0.000000,-18,-457.898821,241.240329,3.240000,238.000329
1400,-37.644133,-38.204176,-39.704176,-36.704176,informed,none,0.000000,-18,-457.898821,219.695567,3.240000,216.455567
1401,-39.179287,-37.968029,-39.468029,-36.468029,price_sensitive_uninformed,none,0.000000,-18,-457.898821,247.328348,3.240000,244.088348
1402,-39.019487,-38.974714,-40.474714,-37.474714,informed,none,0.000000,-18,-457.898821,244.451953,3.240000,241.211953
1403,-37.852063,-36.408350,-37.908350,-34.908350,informed,none,0.000000,-18,-457.898821,223.438313,3.240000,220.198313
1404,-37.009575,-37.464957,-38.964957,-35.964957,informed,none,0.000000,-18,-457.898821,208.273531,3.240000,205.033531
1405,-37.936733,-37.019624,-38.519624,-35.519624,price_sensitive_uninformed,buy_from_mm,-35.519624,-19,-493.418445,227.379486,3.610000,223.769486
1406,-38.014877,-37.139244,-38.639244,-35.639244,price_sensitive_uninformed,none,0.000000,-19,-493.418445,228.864223,3.610000,225.254223
1407,-37.414371,-37.103425,-38.603425,-35.603425,price_sensitive_uninformed,none,0.000000,-19,-493.418445,217.454596,3.610000,213.844596
1408,-35.648382,-35.648478,-37.148478,-34.148478,price_sensitive_uninformed,buy_from_mm,-34.148478,-20,-527.566924,185.400713,4.000000,181.400713
1409,-36.397551,-36.586622,-38.086622,-35.086622,price_sensitive_uninformed,none,0.000000,-20,-527.566924,200.384099,4.000000,196.384099
1410,-37.618215,-38.898160,-40.398160,-37.398160,price_sensitive_uninformed,none,0.000000,-20,-527.566924,224.797375,4.000000,220.797375
1411,-36.122697,-36.515317,-38.015317,-35.015317,price_sensitive_uninformed,none,0.000000,-20,-527.566924,194.887010,4.000000,190.887010
1412,-36.420290,-38.389042,-39.889042,-36.889042,price_sensitive_uninformed,none,0.000000,-20,-527.566924,200.838878,4.000000,196.838878
1413,-36.372609,-37.298456,-38.798456,-35.798456,informed,none,0.000000,-20,-527.566924,199.885257,4.000000,195.885257
1414,-36.831506,-37.538760,-39.038760,-36.038760,informed,none,0.000000,-20,-527.566924,209.063195,4.000000,205.063195
1415,-36.334148,-35.700497,-37.200497,-34.200497,price_sensitive_uninformed,none,0.000000,-20,-527.566924,199.116040,4.000000,195.116040
1416,-36.145752,-34.499263,-35.999263,-32.999263,informed,sell_to_mm,-35.999263,-19,-491.567661,195.201626,3.610000,191.591626
1417,-36.123540,-35.634359,-37.134359,-34.134359,informed,none,0.000000,-19,-491.567661,194.779593,3.610000,191.169593
1418,-34.784687,-35.214147,-36.714147,-33.714147,price_sensitive_uninformed,none,0.000000,-19,-491.567661,169.341384,3.610000,165.731384
1419,-34.247913,-35.541781,-37.041781,-34.041781,price_sensitive_uninformed,none,0.000000,-19,-491.567661,159.142689,3.610000,155.532689
1420,-34.495621,-34.972786,-36.472786,-33.472786,informed,none,0.000000,-19,-491.567661,163.849142,3.610000,160.239142
1421,-34.391951,-36.222662,-37.722662,-34.722662,price_sensitive_uninformed,none,0.000000,-19,-491.567661,161.879409,3.610000,158.269409
1422,-35.303356,-36.383919,-37.883919,-34.883919,informed,none,0.000000,-19,-491.567661,179.196111,3.610000,175.586111
1423,-34.876262,-36.971156,-38.471156,-35.471156,price_sensitive_uninformed,none,0.000000,-19,-491.567661,171.081319,3.610000,167.471319
1424,-33.745642,-31.463644,-32.963644,-29.963644,informed,sell_to_mm,-32.963644,-18,-458.604017,148.817544,3.240000,145.577544
1425,-34.871064,-32.777329,-34.277329,-31.277329,price_sensitive_uninformed,none,0.000000,-18,-458.604017,169.075131,3.240000,165.835131
1426,-34.300854,-33.847934,-35.347934,-32.347934,price_sensitive_uninformed,none,0.000000,-18,-458.604017,158.811351,3.240000,155.571351
1427,-33.368562,-30.967890,-32.467890,-29.467890,informed,sell_to_mm,-32.467890,-17,-426.136127,141.129419,2.890000,138.239419
1428,-32.630554,-31.611563,-33.111563,-30.111563,price_sensitive_uninformed,none,0.000000,-17,-426.136127,128.583288,2.890000,125.693288
1429,-32.677146,-33.356057,-34.856057,-31.856057,informed,none,0.000000,-17,-426.136127,129.375355,2.890000,126.485355
1430,-33.691443,-34.783652,-36.283652,-33.283652,informed,none,0.000000,-17,-426.136127,146.618397,2.890000,143.728397
1431,-34.630392,-34.344770,-35.844770,-32.844770,price_sensitive_uninformed,none,0.000000,-17,-426.136127,162.580529,2.890000,159.690529
1432,-32.367274,-33.958387,-35.458387,-32.458387,informed,buy_from_mm,-32.458387,-18,-458.594514,124.016410,3.240000,120.776410
1433,-31.938052,-31.593275,-33.093275,-30.093275,price_sensitive_uninformed,none,0.000000,-18,-458.594514,116.290420,3.240000,113.050420
1434,-32.252561,-31.737463,-33.237463,-30.237463,informed,none,0.000000,-18,-458.594514,121.951591,3.240000,118.711591
1435,-32.176578,-32.165272,-33.665272,-30.665272,informed,none,0.000000,-18,-458.594514,120.583895,3.240000,117.343895
1436,-31.033698,-30.416461,-31.916461,-28.916461,price_sensitive_uninformed,none,0.000000,-18,-458.594514,100.012042,3.240000,96.772042
1437,-29.731861,-27.839018,-29.339018,-26.339018,price_sensitive_uninformed,none,0.000000,-18,-458.594514,76.578977,3.240000,73.338977
1438,-30.001010,-29.815747,-31.315747,-28.315747,informed,none,0.000000,-18,-458.594514,81.423665,3.240000,78.183665
1439,-29.664759,-31.461420,-32.961420,-29.961420,informed,buy_from_mm,-29.961420,-19,-488.555934,75.074489,3.610000,71.464489
1440,-27.585183,-27.979782,-29.479782,-26.479782,price_sensitive_uninformed,none,0.000000,-19,-488.555934,35.562551,3.610000,31.952551
1441,-28.671189,-27.476834,-28.976834,-25.976834,price_sensitive_uninformed,none,0.000000,-19,-488.555934,56.196649,3.610000,52.586649
1442,-27.638312,-26.555897,-28.055897,-25.055897,price_sensitive_uninformed,none,0.000000,-19,-488.555934,36.572001,3.610000,32.962001
1443,-28.219729,-28.056799,-29.556799,-26.556799,informed,none,0.000000,-19,-488.555934,47.618911,3.610000,44.008911
1444,-25.901881,-25.605206,-27.105206,-24.105206,informed,none,0.000000,-19,-488.555934,3.579802,3.610000,-0.030198
1445,-26.162914,-27.397602,-28.897602,-25.897602,price_sensitive_uninformed,none,0.000000,-19,-488.555934,8.539429,3.610000,4.929429
1446,-25.455230,-24.605709,-26.105709,-23.105709,price_sensitive_uninformed,none,0.000000,-19,-488.555934,-4.906572,3.610000,-8.516572
1447,-23.046450,-23.551052,-25.051052,-22.051052,informed,none,0.000000,-19,-488.555934,-50.673377,3.610000,-54.283377
1448,-23.027779,-21.699787,-23.199787,-20.199787,informed,none,0.000000,-19,-488.555934,-51.028137,3.610000,-54.638137
1449,-21.629855,-21.513045,-23.013045,-20.013045,price_sensitive_uninformed,none,0.000000,-19,-488.555934,-77.588686,3.610000,-81.198686
1450,-21.780819,-21.922939,-23.422939,-20.422939,price_sensitive_uninformed,none,0.000000,-19,-488.555934,-74.720374,3.610000,-78.330374
1451,-21.562338,-21.405003,-22.905003,-19.905003,informed,none,0.000000,-19,-488.555934,-78.871506,3.610000,-82.481506
1452,-21.890245,-22.511620,-24.011620,-21.011620,price_sensitive_uninformed,none,0.000000,-19,-488.555934,-72.641271,3.610000,-76.251271
1453,-20.968967,-21.409542,-22.909542,-19.909542,price_sensitive_uninformed,none,0.000000,-19,-488.555934,-90.145558,3.610000,-93.755558
1454,-21.263702,-19.760855,-21.260855,-18.260855,price_sensitive_uninformed,buy_from_mm,-18.260855,-20,-506.816789,-81.542740,4.000000,-85.542740
1455,-19.845060,-19.040826,-20.540826,-17.540826,informed,none,0.000000,-20,-506.816789,-109.915592,4.000000,-113.915592
1456,-19.178267,-20.152606,-21.652606,-18.652606,price_sensitive_uninformed,none,0.000000,-20,-506.816789,-123.251453,4.000000,-127.251453
1457,-17.589572,-17.181778,-18.681778,-15.681778,informed,none,0.000000,-20,-506.816789,-155.025345,4.000000,-159.025345
1458,-18.457013,-19.381598,-20.881598,-17.881598,informed,none,0.000000,-20,-506.816789,-137.676526,4.000000,-141.676526
1459,-18.620395,-18.484050,-19.984050,-16.984050,price_sensitive_uninformed,none,0.000000,-20,-506.816789,-134.408883,4.000000,-138.408883
1460,-18.719700,-19.290955,-20.790955,-17.790955,price_sensitive_uninformed,none,0.000000,-20,-506.816789,-132.422796,4.000000,-136.422796
1461,-20.080625,-20.060793,-21.560793,-18.560793,informed,none,0.000000,-20,-506.816789,-105.204289,4.000000,-109.204289
1462,-20.412306,-20.865964,-22.365964,-19.365964,informed,none,0.000000,-20,-506.816789,-98.570674,4.000000,-102.570674
1463,-20.357153,-20.805939,-22.305939,-19.305939,price_sensitive_uninformed,buy_from_mm,-19.305939,-21,-526.122729,-98.622509,4.410000,-103.032509
1464,-21.144979,-22.838545,-24.338545,-21.338545,price_sensitive_uninformed,none,0.000000,-21,-526.122729,-82.078172,4.410000,-86.488172
1465,-22.639520,-21.960000,-23.460000,-20.460000,price_sensitive_uninformed,sell_to_mm,-23.460000,-20,-502.662728,-49.872326,4.000000,-53.872326
1466,-24.002938,-24.948198,-26.448198,-23.448198,price_sensitive_uninformed,none,0.000000,-20,-502.662728,-22.603959,4.000000,-26.603959
1467,-24.166300,-23.363542,-24.863542,-21.863542,price_sensitive_uninformed,none,0.000000,-20,-502.662728,-19.336718,4.000000,-23.336718
1468,-22.990989,-22.457199,-23.957199,-20.957199,informed,none,0.000000,-20,-502.662728,-42.842939,4.000000,-46.842939
1469,-22.315205,-22.014582,-23.514582,-20.514582,informed,none,0.000000,-20,-502.662728,-56.358637,4.000000,-60.358637
1470,-23.325709,-24.406987,-25.906987,-22.906987,price_sensitive_uninformed,none,0.000000,-20,-502.662728,-36.148554,4.000000,-40.148554
1471,-23.090627,-23.137023,-24.637023,-21.637023,price_sensitive_uninformed,none,0.000000,-20,-502.662728,-40.850188,4.000000,-44.850188
1472,-22.596423,-22.670925,-24.170925,-21.170925,price_sensitive_uninformed,none,0.000000,-20,-502.662728,-50.734266,4.000000,-54.734266
1473,-21.968805,-22.025632,-23.525632,-20.525632,informed,none,0.000000,-20,-502.662728,-63.286635,4.000000,-67.286635
1474,-21.980837,-22.855665,-24.355665,-21.355665,informed,none,0.000000,-20,-502.662728,-63.045982,4.000000,-67.045982
1475,-22.508337,-20.717628,-22.217628,-19.217628,informed,sell_to_mm,-22.217628,-19,-480.445100,-52.786690,3.610000,-56.396690
1476,-21.449891,-20.955150,-22.455150,-19.455150,price_sensitive_uninformed,none,0.000000,-19,-480.445100,-72.897163,3.610000,-76.507163
1477,-21.668724,-21.297285,-22.797285,-19.797285,price_sensitive_uninformed,none,0.000000,-19,-480.445100,-68.739344,3.610000,-72.349344
1478,-20.716946,-20.293150,-21.793150,-18.793150,price_sensitive_uninformed,none,0.000000,-19,-480.445100,-86.823120,3.610000,-90.433120
1479,-20.886502,-20.261991,-21.761991,-18.761991,price_sensitive_uninformed,none,0.000000,-19,-480.445100,-83.601569,3.610000,-87.211569
1480,-20.315885,-21.227354,-22.727354,-19.727354,price_sensitive_uninformed,sell_to_mm,-22.727354,-18,-457.717747,-92.031818,3.240000,-95.271818
1481,-20.953394,-19.682724,-21.182724,-18.182724,informed,none,0.000000,-18,-457.717747,-80.556651,3.240000,-83.796651
1482,-19.912496,-20.816053,-22.316053,-19.316053,informed,none,0.000000,-18,-457.717747,-99.292821,3.240000,-102.532821
1483,-21.692397,-22.673098,-24.173098,-21.173098,price_sensitive_uninformed,none,0.000000,-18,-457.717747,-67.254608,3.240000,-70.494608
1484,-23.128902,-22.321827,-23.821827,-20.821827,price_sensitive_uninformed,sell_to_mm,-23.821827,-17,-433.895920,-40.704587,2.890000,-43.594587
1485,-23.504384,-22.983793,-24.483793,-21.483793,price_sensitive_uninformed,none,0.000000,-17,-433.895920,-34.321388,2.890000,-37.211388
1486,-23.509525,-24.598011,-26.098011,-23.098011,price_sensitive_uninformed,none,0.000000,-17,-433.895920,-34.233995,2.890000,-37.123995
1487,-23.438821,-23.166043,-24.666043,-21.666043,price_sensitive_uninformed,none,0.000000,-17,-433.895920,-35.435956,2.890000,-38.325956
1488,-21.587134,-23.033901,-24.533901,-21.533901,informed,none,0.000000,-17,-433.895920,-66.914649,2.890000,-69.804649
1489,-21.921095,-22.134796,-23.634796,-20.634796,informed,none,0.000000,-17,-433.895920,-61.237297,2.890000,-64.127297
1490,-22.154598,-19.467186,-20.967186,-17.967186,price_sensitive_uninformed,none,0.000000,-17,-433.895920,-57.267759,2.890000,-60.157759
1491,-21.226412,-20.574448,-22.074448,-19.074448,informed,none,0.000000,-17,-433.895920,-73.046907,2.890000,-75.936907
1492,-20.876874,-20.200249,-21.700249,-18.700249,price_sensitive_uninformed,sell_to_mm,-21.700249,-16,-412.195670,-78.165690,2.560000,-80.725690
1493,-20.078813,-19.708329,-21.208329,-18.208329,price_sensitive_uninformed,none,0.000000,-16,-412.195670,-90.934660,2.560000,-93.494660
1494,-19.215145,-20.757763,-22.257763,-19.257763,price_sensitive_uninformed,none,0.000000,-16,-412.195670,-104.753342,2.560000,-107.313342
1495,-19.599030,-19.359557,-20.859557,-17.859557,price_sensitive_uninformed,none,0.000000,-16,-412.195670,-98.611183,2.560000,-101.171183
1496,-20.740780,-20.514080,-22.014080,-19.014080,price_sensitive_uninformed,none,0.000000,-16,-412.195670,-80.343197,2.560000,-82.903197
1497,-22.543356,-20.118602,-21.618602,-18.618602,price_sensitive_uninformed,none,0.000000,-16,-412.195670,-51.501977,2.560000,-54.061977
1498,-21.880272,-22.224328,-23.724328,-20.724328,informed,none,0.000000,-16,-412.195670,-62.111322,2.560000,-64.671322
1499,-21.439304,-18.494229,-19.994229,-16.994229,informed,sell_to_mm,-19.994229,-15,-392.201441,-70.611887,2.250000,-72.861887
1500,-22.187094,-20.877797,-22.377797,-19.377797,informed,none,0.000000,-15,-392.201441,-59.395024,2.250000,-61.645024
1501,-21.499565,-22.567703,-24.067703,-21.067703,price_sensitive_uninformed,none,0.000000,-15,-392.201441,-69.707972,2.250000,-71.957972
1502,-21.001364,-21.490641,-22.990641,-19.990641,price_sensitive_uninformed,none,0.000000,-15,-392.201441,-77.180985,2.250000,-79.430985
1503,-19.738958,-20.627158,-22.127158,-19.127158,informed,none,0.000000,-15,-392.201441,-96.117074,2.250000,-98.367074
1504,-18.558499,-18.999718,-20.499718,-17.499718,price_sensitive_uninformed,none,0.000000,-15,-392.201441,-113.823950,2.250000,-116.073950
1505,-16.305868,-16.302188,-17.802188,-14.802188,informed,none,0.000000,-15,-392.201441,-147.613427,2.250000,-149.863427
1506,-16.189175,-16.053017,-17.553017,-14.553017,informed,none,0.000000,-15,-392.201441,-149.363814,2.250000,-151.613814
1507,-16.213827,-17.016434,-18.516434,-15.516434,informed,none,0.000000,-15,-392.201441,-148.994034,2.250000,-151.244034
1508,-17.260537,-17.230840,-18.730840,-15.730840,informed,none,0.000000,-15,-392.201441,-133.293384,2.250000,-135.543384
1509,-16.165539,-16.103124,-17.603124,-14.603124,price_sensitive_uninformed,buy_from_mm,-14.603124,-16,-406.804565,-148.155934,2.560000,-150.715934
1510,-14.791337,-14.233386,-15.733386,-12.733386,informed,none,0.000000,-16,-406.804565,-170.143179,2.560000,-172.703179
1511,-14.989332,-15.800580,-17.300580,-14.300580,price_sensitive_uninformed,none,0.000000,-16,-406.804565,-166.975246,2.560000,-169.535246
1512,-13.950586,-12.517910,-14.017910,-11.017910,informed,none,0.000000,-16,-406.804565,-183.595191,2.560000,-186.155191
1513,-15.157515,-15.346669,-16.846669,-13.846669,price_sensitive_uninformed,none,0.000000,-16,-406.804565,-164.284330,2.560000,-166.844330
1514,-14.947702,-14.324499,-15.824499,-12.824499,price_sensitive_uninformed,none,0.000000,-16,-406.804565,-167.641332,2.560000,-170.201332
1515,-17.099350,-16.843428,-18.343428,-15.343428,informed,none,0.000000,-16,-406.804565,-133.214965,2.560000,-135.774965
1516,-19.253702,-17.453815,-18.953815,-15.953815,informed,sell_to_mm,-18.953815,-15,-387.850750,-99.045226,2.250000,-101.295226
1517,-17.811007,-19.028239,-20.528239,-17.528239,price_sensitive_uninformed,none,0.000000,-15,-387.850750,-120.685645,2.250000,-122.935645
1518,-18.806227,-19.301112,-20.801112,-17.801112,price_sensitive_uninformed,none,0.000000,-15,-387.850750,-105.757344,2.250000,-108.007344
1519,-18.197667,-18.379175,-19.879175,-16.879175,price_sensitive_uninformed,none,0.000000,-15,-387.850750,-114.885749,2.250000,-117.135749
1520,-19.255748,-18.826493,-20.326493,-17.326493,informed,none,0.000000,-15,-387.850750,-99.014528,2.250000,-101.264528
1521,-20.686686,-20.367105,-21.867105,-18.867105,price_sensitive_uninformed,sell_to_mm,-21.867105,-14,-365.983646,-76.370047,1.960000,-78.330047
1522,-21.237756,-22.950190,-24.450190,-21.450190,informed,buy_from_mm,-21.450190,-15,-387.433836,-68.867498,2.250000,-71.117498
1523,-20.281499,-20.151943,-21.651943,-18.651943,price_sensitive_uninformed,none,0.000000,-15,-387.433836,-83.211358,2.250000,-85.461358
1524,-20.359998,-19.413954,-20.913954,-17.913954,informed,none,0.000000,-15,-387.433836,-82.033864,2.250000,-84.283864
1525,-20.017182,-19.526421,-21.026421,-18.026421,price_sensitive_uninformed,none,0.000000,-15,-387.433836,-87.176112,2.250000,-89.426112
1526,-21.963228,-21.371536,-22.871536,-19.871536,informed,none,0.000000,-15,-387.433836,-57.985415,2.250000,-60.235415
1527,-22.668608,-22.018057,-23.518057,-20.518057,informed,none,0.000000,-15,-387.433836,-47.404711,2.250000,-49.654711
1528,-22.419555,-23.083013,-24.583013,-21.583013,informed,none,0.000000,-15,-387.433836,-51.140512,2.250000,-53.390512
1529,-22.277345,-21.539171,-23.039171,-20.039171,price_sensitive_uninformed,none,0.000000,-15,-387.433836,-53.273654,2.250000,-55.523654
1530,-21.842602,-21.416353,-22.916353,-19.916353,price_sensitive_uninformed,none,0.000000,-15,-387.433836,-59.794803,2.250000,-62.044803
1531,-21.517433,-21.637515,-23.137515,-20.137515,price_sensitive_uninformed,none,0.000000,-15,-387.433836,-64.672348,2.250000,-66.922348
1532,-22.805333,-24.091835,-25.591835,-22.591835,informed,none,0.000000,-15,-387.433836,-45.353839,2.250000,-47.603839
1533,-23.000930,-23.003185,-24.503185,-21.503185,price_sensitive_uninformed,buy_from_mm,-21.503185,-16,-408.937021,-40.922149,2.560000,-43.482149
1534,-24.014944,-23.277994,-24.777994,-21.777994,price_sensitive_uninformed,none,0.000000,-16,-408.937021,-24.697920,2.560000,-27.257920
1535,-23.850225,-24.453701,-25.953701,-22.953701,informed,none,0.000000,-16,-408.937021,-27.333427,2.560000,-29.893427
1536,-22.472718,-23.642531,-25.142531,-22.142531,informed,none,0.000000,-16,-408.937021,-49.373527,2.560000,-51.933527
1537,-23.808232,-22.443771,-23.943771,-20.943771,price_sensitive_uninformed,none,0.000000,-16,-408.937021,-28.005316,2.560000,-30.565316
1538,-23.331894,-22.386639,-23.886639,-20.886639,informed,none,0.000000,-16,-408.937021,-35.626716,2.560000,-38.186716
1539,-22.169516,-23.118405,-24.618405,-21.618405,price_sensitive_uninformed,none,0.000000,-16,-408.937021,-54.224758,2.560000,-56.784758
1540,-22.008880,-23.280185,-24.780185,-21.780185,price_sensitive_uninformed,none,0.000000,-16,-408.937021,-56.794939,2.560000,-59.354939
1541,-21.669422,-22.514500,-24.014500,-21.014500,price_sensitive_uninformed,none,0.000000,-16,-408.937021,-62.226268,2.560000,-64.786268
1542,-22.482903,-21.749161,-23.249161,-20.249161,informed,none,0.000000,-16,-408.937021,-49.210576,2.560000,-51.770576
1543,-22.695639,-22.010077,-23.510077,-20.510077,price_sensitive_uninformed,none,0.000000,-16,-408.937021,-45.806791,2.560000,-48.366791
1544,-21.862544,-21.992085,-23.492085,-20.492085,informed,none,0.000000,-16,-408.937021,-59.136312,2.560000,-61.696312
1545,-22.614282,-21.248042,-22.748042,-19.748042,informed,none,0.000000,-16,-408.937021,-47.108508,2.560000,-49.668508
1546,-22.603582,-21.859536,-23.359536,-20.359536,price_sensitive_uninformed,none,0.000000,-16,-408.937021,-47.279702,2.560000,-49.839702
1547,-21.768368,-21.867865,-23.367865,-20.367865,price_sensitive_uninformed,none,0.000000,-16,-408.937021,-60.643133,2.560000,-63.203133
1548,-20.728072,-21.008307,-22.508307,-19.508307,informed,none,0.000000,-16,-408.937021,-77.287865,2.560000,-79.847865
1549,-23.041441,-22.798064,-24.298064,-21.298064,informed,none,0.000000,-16,-408.937021,-40.273964,2.560000,-42.833964
1550,-24.117211,-24.657507,-26.157507,-23.157507,price_sensitive_uninformed,sell_to_mm,-26.157507,-15,-382.779514,-21.021348,2.250000,-23.271348
1551,-23.641106,-23.938410,-25.438410,-22.438410,price_sensitive_uninformed,none,0.000000,-15,-382.779514,-28.162924,2.250000,-30.412924
1552,-25.098530,-24.234756,-25.734756,-22.734756,informed,none,0.000000,-15,-382.779514,-6.301569,2.250000,-8.551569
1553,-24.246982,-24.418756,-25.918756,-22.918756,price_sensitive_uninformed,none,0.000000,-15,-382.779514,-19.074788,2.250000,-21.324788
1554,-24.281844,-24.288283,-25.788283,-22.788283,price_sensitive_uninformed,none,0.000000,-15,-382.779514,-18.551852,2.250000,-20.801852
1555,-24.937119,-24.991052,-26.491052,-23.491052,informed,none,0.000000,-15,-382.779514,-8.722734,2.250000,-10.972734
1556,-24.383854,-24.807257,-26.307257,-23.307257,price_sensitive_uninformed,sell_to_mm,-26.307257,-14,-356.472257,-15.098297,1.960000,-17.058297
1557,-24.317235,-24.303486,-25.803486,-22.803486,informed,none,0.000000,-14,-356.472257,-16.030968,1.960000,-17.990968
1558,-25.286225,-25.124906,-26.624906,-23.624906,informed,none,0.000000,-14,-356.472257,-2.465109,1.960000,-4.425109
1559,-25.617232,-24.726984,-26.226984,-23.226984,price_sensitive_uninformed,none,0.000000,-14,-356.472257,2.168985,1.960000,0.208985
1560,-25.894683,-26.263930,-27.763930,-24.763930,informed,none,0.000000,-14,-356.472257,6.053302,1.960000,4.093302
1561,-25.488247,-24.063005,-25.563005,-22.563005,informed,none,0.000000,-14,-356.472257,0.363201,1.960000,-1.596799
1562,-26.918108,-27.719859,-29.219859,-26.219859,price_sensitive_uninformed,none,0.000000,-14,-356.472257,20.381251,1.960000,18.421251
1563,-28.234792,-28.422924,-29.922924,-26.922924,price_sensitive_uninformed,buy_from_mm,-26.922924,-15,-383.395181,40.126697,2.250000,37.876697
1564,-29.402766,-29.775874,-31.275874,-28.275874,price_sensitive_uninformed,none,0.000000,-15,-383.395181,57.646315,2.250000,55.396315
1565,-28.925300,-30.227806,-31.727806,-28.727806,informed,none,0.000000,-15,-383.395181,50.484323,2.250000,48.234323
1566,-29.163249,-29.419060,-30.919060,-27.919060,informed,none,0.000000,-15,-383.395181,54.053552,2.250000,51.803552
1567,-28.948023,-27.482562,-28.982562,-25.982562,informed,none,0.000000,-15,-383.395181,50.825161,2.250000,48.575161
1568,-28.802264,-29.432412,-30.932412,-27.932412,informed,none,0.000000,-15,-383.395181,48.638773,2.250000,46.388773
1569,-29.097531,-30.485762,-31.985762,-28.985762,price_sensitive_uninformed,none,0.000000,-15,-383.395181,53.067790,2.250000,50.817790
1570,-27.827073,-28.187897,-29.687897,-26.687897,price_sensitive_uninformed,buy_from_mm,-26.687897,-16,-410.083078,35.150084,2.560000,32.590084
1571,-26.396326,-26.295461,-27.795461,-24.795461,price_sensitive_uninformed,none,0.000000,-16,-410.083078,12.258132,2.560000,9.698132
1572,-25.602491,-25.513498,-27.013498,-24.013498,price_sensitive_uninformed,none,0.000000,-16,-410.083078,-0.443225,2.560000,-3.003225
1573,-26.729068,-26.034422,-27.534422,-24.534422,price_sensitive_uninformed,none,0.000000,-16,-410.083078,17.582015,2.560000,15.022015
1574,-26.096775,-25.942522,-27.442522,-24.442522,price_sensitive_uninformed,none,0.000000,-16,-410.083078,7.465323,2.560000,4.905323
1575,-27.554703,-27.636147,-29.136147,-26.136147,price_sensitive_uninformed,none,0.000000,-16,-410.083078,30.792163,2.560000,28.232163
1576,-28.347687,-27.771284,-29.271284,-26.271284,price_sensitive_uninformed,none,0.000000,-16,-410.083078,43.479916,2.560000,40.919916
1577,-27.550404,-27.902145,-29.402145,-26.402145,price_sensitive_uninformed,none,0.000000,-16,-410.083078,30.723390,2.560000,28.163390
1578,-27.550265,-28.383266,-29.883266,-26.883266,informed,none,0.000000,-16,-410.083078,30.721165,2.560000,28.161165
1579,-27.996328,-28.543800,-30.043800,-27.043800,informed,none,0.000000,-16,-410.083078,37.858175,2.560000,35.298175
1580,-27.371690,-26.311650,-27.811650,-24.811650,informed,none,0.000000,-16,-410.083078,27.863959,2.560000,25.303959
1581,-27.913203,-28.324265,-29.824265,-26.824265,price_sensitive_uninformed,sell_to_mm,-29.824265,-15,-380.258813,38.439226,2.250000,36.189226
1582,-26.920830,-26.003384,-27.503384,-24.503384,price_sensitive_uninformed,none,0.000000,-15,-380.258813,23.553638,2.250000,21.303638
1583,-26.703161,-26.370531,-27.870531,-24.870531,price_sensitive_uninformed,none,0.000000,-15,-380.258813,20.288597,2.250000,18.038597
1584,-27.712956,-25.744981,-27.244981,-24.244981,informed,sell_to_mm,-27.244981,-14,-353.013832,34.967545,1.960000,33.007545
1585,-29.656886,-31.032257,-32.532257,-29.532257,informed,none,0.000000,-14,-353.013832,62.182576,1.960000,60.222576
1586,-29.923607,-28.799201,-30.299201,-27.299201,price_sensitive_uninformed,none,0.000000,-14,-353.013832,65.916662,1.960000,63.956662
1587,-29.612621,-28.436280,-29.936280,-26.936280,informed,none,0.000000,-14,-353.013832,61.562858,1.960000,59.602858
1588,-27.247706,-26.927300,-28.427300,-25.427300,informed,none,0.000000,-14,-353.013832,28.454056,1.960000,26.494056
1589,-26.167021,-26.792014,-28.292014,-25.292014,price_sensitive_uninformed,none,0.000000,-14,-353.013832,13.324461,1.960000,11.364461
1590,-25.764334,-24.618648,-26.118648,-23.118648,price_sensitive_uninformed,none,0.000000,-14,-353.013832,7.686841,1.960000,5.726841
1591,-24.932026,-26.117946,-27.617946,-24.617946,informed,none,0.000000,-14,-353.013832,-3.965472,1.960000,-5.925472
1592,-24.610122,-24.095721,-25.595721,-22.595721,price_sensitive_uninformed,buy_from_mm,-22.595721,-15,-375.609553,-6.457728,2.250000,-8.707728
1593,-26.411793,-25.206561,-26.706561,-23.706561,informed,none,0.000000,-15,-375.609553,20.567337,2.250000,18.317337
1594,-25.937010,-26.124922,-27.624922,-24.624922,price_sensitive_uninformed,none,0.000000,-15,-375.609553,13.445595,2.250000,11.195595
1595,-27.245032,-26.952256,-28.452256,-25.452256,price_sensitive_uninformed,sell_to_mm,-28.452256,-14,-347.157297,34.273157,1.960000,32.313157
1596,-26.712377,-25.671951,-27.171951,-24.171951,informed,none,0.000000,-14,-347.157297,26.815985,1.960000,24.855985
1597,-26.850909,-26.160847,-27.660847,-24.660847,price_sensitive_uninformed,none,0.000000,-14,-347.157297,28.755426,1.960000,26.795426
1598,-27.252102,-28.100043,-29.600043,-26.600043,price_sensitive_uninformed,none,0.000000,-14,-347.157297,34.372131,1.960000,32.412131
1599,-27.127234,-27.122318,-28.622318,-25.622318,informed,none,0.000000,-14,-347.157297,32.623981,1.960000,30.663981
1600,-26.229849,-26.384529,-27.884529,-24.884529,informed,none,0.000000,-14,-347.157297,20.060590,1.960000,18.100590
1601,-28.093779,-27.351777,-28.851777,-25.851777,price_sensitive_uninformed,sell_to_mm,-28.851777,-13,-318.305521,46.913601,1.690000,45.223601
1602,-24.921582,-25.238071,-26.738071,-23.738071,informed,none,0.000000,-13,-318.305521,5.675049,1.690000,3.985049
1603,-24.321664,-24.772817,-26.272817,-23.272817,price_sensitive_uninformed,none,0.000000,-13,-318.305521,-2.123890,1.690000,-3.813890
1604,-25.893873,-23.025786,-24.525786,-21.525786,price_sensitive_uninformed,sell_to_mm,-24.525786,-12,-293.779734,16.946736,1.440000,15.506736
1605,-26.385116,-26.498250,-27.998250,-24.998250,price_sensitive_uninformed,none,0.000000,-12,-293.779734,22.841655,1.440000,21.401655
1606,-26.153999,-26.814308,-28.314308,-25.314308,price_sensitive_uninformed,none,0.000000,-12,-293.779734,20.068253,1.440000,18.628253
1607,-25.931016,-25.059508,-26.559508,-23.559508,informed,none,0.000000,-12,-293.779734,17.392456,1.440000,15.952456
1608,-24.930229,-23.614928,-25.114928,-22.114928,informed,none,0.000000,-12,-293.779734,5.383010,1.440000,3.943010
1609,-25.132036,-26.197855,-27.697855,-24.697855,price_sensitive_uninformed,none,0.000000,-12,-293.779734,7.804702,1.440000,6.364702
1610,-24.385782,-23.949970,-25.449970,-22.449970,price_sensitive_uninformed,buy_from_mm,-22.449970,-13,-316.229704,0.785459,1.690000,-0.904541
1611,-24.823324,-23.436220,-24.936220,-21.936220,price_sensitive_uninformed,none,0.000000,-13,-316.229704,6.473504,1.690000,4.783504
1612,-25.582204,-26.399014,-27.899014,-24.899014,informed,none,0.000000,-13,-316.229704,16.338942,1.690000,14.648942
1613,-26.251168,-26.034027,-27.534027,-24.534027,price_sensitive_uninformed,buy_from_mm,-24.534027,-14,-340.763731,26.752615,1.960000,24.792615
1614,-26.525228,-24.773086,-26.273086,-23.273086,price_sensitive_uninformed,none,0.000000,-14,-340.763731,30.589466,1.960000,28.629466
1615,-27.562426,-26.152139,-27.652139,-24.652139,price_sensitive_uninformed,none,0.000000,-14,-340.763731,45.110228,1.960000,43.150228
1616,-27.867232,-25.908667,-27.408667,-24.408667,informed,sell_to_mm,-27.408667,-13,-313.355064,48.918949,1.690000,47.228949
1617,-28.728926,-27.519806,-29.019806,-26.019806,price_sensitive_uninformed,none,0.000000,-13,-313.355064,60.120979,1.690000,58.430979
1618,-28.884949,-28.379090,-29.879090,-26.879090,informed,none,0.000000,-13,-313.355064,62.149273,1.690000,60.459273
1619,-28.833185,-30.772504,-32.272504,-29.272504,price_sensitive_uninformed,none,0.000000,-13,-313.355064,61.476341,1.690000,59.786341
1620,-29.526376,-29.099017,-30.599017,-27.599017,price_sensitive_uninformed,none,0.000000,-13,-313.355064,70.487818,1.690000,68.797818
1621,-29.172811,-28.817807,-30.317807,-27.317807,price_sensitive_uninformed,none,0.000000,-13,-313.355064,65.891480,1.690000,64.201480
1622,-29.618558,-28.264890,-29.764890,-26.764890,price_sensitive_uninformed,buy_from_mm,-26.764890,-14,-340.119954,74.539858,1.960000,72.579858
1623,-29.632254,-29.635065,-31.135065,-28.135065,price_sensitive_uninformed,none,0.000000,-14,-340.119954,74.731607,1.960000,72.771607
1624,-29.264019,-30.495647,-31.995647,-28.995647,price_sensitive_uninformed,none,0.000000,-14,-340.119954,69.576313,1.960000,67.616313
1625,-30.070629,-29.249306,-30.749306,-27.749306,informed,none,0.000000,-14,-340.119954,80.868858,1.960000,78.908858
1626,-28.834284,-28.124735,-29.624735,-26.624735,informed,none,0.000000,-14,-340.119954,63.560021,1.960000,61.600021
1627,-26.630399,-27.146134,-28.646134,-25.646134,price_sensitive_uninformed,none,0.000000,-14,-340.119954,32.705625,1.960000,30.745625
1628,-24.793268,-25.268698,-26.768698,-23.768698,price_sensitive_uninformed,none,0.000000,-14,-340.119954,6.985799,1.960000,5.025799
1629,-26.051246,-25.835491,-27.335491,-24.335491,price_sensitive_uninformed,none,0.000000,-14,-340.119954,24.597485,1.960000,22.637485
1630,-26.605019,-29.041073,-30.541073,-27.541073,price_sensitive_uninformed,none,0.000000,-14,-340.119954,32.350309,1.960000,30.390309
1631,-26.976199,-27.273859,-28.773859,-25.773859,informed,none,0.000000,-14,-340.119954,37.546829,1.960000,35.586829
1632,-24.933418,-25.275111,-26.775111,-23.775111,price_sensitive_uninformed,none,0.000000,-14,-340.119954,8.947899,1.960000,6.987899
1633,-25.193341,-24.718136,-26.218136,-23.218136,informed,none,0.000000,-14,-340.119954,12.586824,1.960000,10.626824
1634,-24.701284,-24.392693,-25.892693,-22.892693,informed,none,0.000000,-14,-340.119954,5.698017,1.960000,3.738017
1635,-25.395706,-24.506864,-26.006864,-23.006864,informed,none,0.000000,-14,-340.119954,15.419928,1.960000,13.459928
1636,-25.154036,-25.814476,-27.314476,-24.314476,informed,none,0.000000,-14,-340.119954,12.036556,1.960000,10.076556
1637,-24.980068,-24.658120,-26.158120,-23.158120,informed,none,0.000000,-14,-340.119954,9.600996,1.960000,7.640996
1638,-25.201362,-23.836616,-25.336616,-22.336616,informed,none,0.000000,-14,-340.119954,12.699119,1.960000,10.739119
1639,-25.097447,-25.775167,-27.275167,-24.275167,price_sensitive_uninformed,none,0.000000,-14,-340.119954,11.244298,1.960000,9.284298
1640,-25.376093,-26.427189,-27.927189,-24.927189,informed,none,0.000000,-14,-340.119954,15.145351,1.960000,13.185351
1641,-25.518913,-26.306867,-27.806867,-24.806867,price_sensitive_uninformed,none,0.000000,-14,-340.119954,17.144829,1.960000,15.184829
1642,-26.043416,-26.765653,-28.265653,-25.265653,price_sensitive_uninformed,none,0.000000,-14,-340.119954,24.487876,1.960000,22.527876
1643,-27.860707,-30.080312,-31.580312,-28.580312,informed,buy_from_mm,-28.580312,-15,-368.700266,49.210340,2.250000,46.960340
1644,-28.494769,-28.353947,-29.853947,-26.853947,price_sensitive_uninformed,none,0.000000,-15,-368.700266,58.721274,2.250000,56.471274
1645,-28.958727,-31.039183,-32.539183,-29.539183,price_sensitive_uninformed,none,0.000000,-15,-368.700266,65.680633,2.250000,63.430633
1646,-28.575278,-27.984623,-29.484623,-26.484623,price_sensitive_uninformed,none,0.000000,-15,-368.700266,59.928906,2.250000,57.678906
1647,-30.713959,-30.796996,-32.296996,-29.296996,price_sensitive_uninformed,none,0.000000,-15,-368.700266,92.009124,2.250000,89.759124
1648,-31.112352,-29.661007,-31.161007,-28.161007,price_sensitive_uninformed,none,0.000000,-15,-368.700266,97.985019,2.250000,95.735019
1649,-29.523014,-30.760453,-32.260453,-29.260453,price_sensitive_uninformed,none,0.000000,-15,-368.700266,74.144940,2.250000,71.894940
1650,-30.045330,-29.721592,-31.221592,-28.221592,price_sensitive_uninformed,none,0.000000,-15,-368.700266,81.979682,2.250000,79.729682
1651,-30.567546,-30.781544,-32.281544,-29.281544,informed,none,0.000000,-15,-368.700266,89.812929,2.250000,87.562929
1652,-29.942407,-29.396899,-30.896899,-27.896899,price_sensitive_uninformed,none,0.000000,-15,-368.700266,80.435844,2.250000,78.185844
1653,-30.567813,-31.271980,-32.771980,-29.771980,price_sensitive_uninformed,none,0.000000,-15,-368.700266,89.816931,2.250000,87.566931
1654,-31.437885,-31.961844,-33.461844,-30.461844,price_sensitive_uninformed,none,0.000000,-15,-368.700266,102.868014,2.250000,100.618014
1655,-29.279916,-30.964278,-32.464278,-29.464278,price_sensitive_uninformed,none,0.000000,-15,-368.700266,70.498474,2.250000,68.248474
1656,-28.859475,-28.619007,-30.119007,-27.119007,price_sensitive_uninformed,buy_from_mm,-27.119007,-16,-395.819273,65.932325,2.560000,63.372325
1657,-28.415573,-28.140475,-29.640475,-26.640475,price_sensitive_uninformed,none,0.000000,-16,-395.819273,58.829891,2.560000,56.269891
1658,-29.468627,-29.727988,-31.227988,-28.227988,price_sensitive_uninformed,none,0.000000,-16,-395.819273,75.678764,2.560000,73.118764
1659,-29.730849,-28.768760,-30.268760,-27.268760,price_sensitive_uninformed,none,0.000000,-16,-395.819273,79.874314,2.560000,77.314314
1660,-28.927093,-28.630682,-30.130682,-27.130682,price_sensitive_uninformed,sell_to_mm,-30.130682,-15,-365.688591,68.217809,2.250000,65.967809
1661,-29.320604,-29.350556,-30.850556,-27.850556,informed,none,0.000000,-15,-365.688591,74.120464,2.250000,71.870464
1662,-29.463125,-29.873124,-31.373124,-28.373124,price_sensitive_uninformed,none,0.000000,-15,-365.688591,76.258289,2.250000,74.008289
1663,-28.048289,-27.744249,-29.244249,-26.244249,price_sensitive_uninformed,none,0.000000,-15,-365.688591,55.035740,2.250000,52.785740
1664,-27.277847,-26.396876,-27.896876,-24.896876,informed,none,0.000000,-15,-365.688591,43.479119,2.250000,41.229119
1665,-27.770054,-27.194928,-28.694928,-25.694928,informed,none,0.000000,-15,-365.688591,50.862214,2.250000,48.612214
1666,-27.307830,-26.659719,-28.159719,-25.159719,price_sensitive_uninformed,none,0.000000,-15,-365.688591,43.928857,2.250000,41.678857
1667,-27.078636,-27.363589,-28.863589,-25.863589,informed,none,0.000000,-15,-365.688591,40.490946,2.250000,38.240946
1668,-27.049204,-28.309064,-29.809064,-26.809064,price_sensitive_uninformed,none,0.000000,-15,-365.688591,40.049468,2.250000,37.799468
1669,-27.331195,-27.478598,-28.978598,-25.978598,price_sensitive_uninformed,none,0.000000,-15,-365.688591,44.279327,2.250000,42.029327
1670,-27.358355,-26.475173,-27.975173,-24.975173,price_sensitive_uninformed,none,0.000000,-15,-365.688591,44.686733,2.250000,42.436733
1671,-24.957714,-25.280758,-26.780758,-23.780758,price_sensitive_uninformed,none,0.000000,-15,-365.688591,8.677126,2.250000,6.427126
1672,-26.185545,-25.493938,-26.993938,-23.993938,price_sensitive_uninformed,none,0.000000,-15,-365.688591,27.094578,2.250000,24.844578
1673,-26.629304,-25.416946,-26.916946,-23.916946,informed,none,0.000000,-15,-365.688591,33.750976,2.250000,31.500976
1674,-28.057779,-27.591398,-29.091398,-26.091398,informed,none,0.000000,-15,-365.688591,55.178096,2.250000,52.928096
1675,-28.332699,-30.873399,-32.373399,-29.373399,price_sensitive_uninformed,none,0.000000,-15,-365.688591,59.301896,2.250000,57.051896
1676,-28.192537,-27.244117,-28.744117,-25.744117,informed,none,0.000000,-15,-365.688591,57.199470,2.250000,54.949470
1677,-27.549019,-27.908631,-29.408631,-26.408631,price_sensitive_uninformed,none,0.000000,-15,-365.688591,47.546698,2.250000,45.296698
1678,-26.137980,-27.049217,-28.549217,-25.549217,price_sensitive_uninformed,none,0.000000,-15,-365.688591,26.381111,2.250000,24.131111
1679,-27.370475,-27.454501,-28.954501,-25.954501,price_sensitive_uninformed,none,0.000000,-15,-365.688591,44.868529,2.250000,42.618529
1680,-25.447509,-26.030376,-27.530376,-24.530376,informed,none,0.000000,-15,-365.688591,16.024050,2.250000,13.774050
1681,-26.361076,-25.387212,-26.887212,-23.887212,informed,none,0.000000,-15,-365.688591,29.727552,2.250000,27.477552
1682,-27.033740,-28.003180,-29.503180,-26.503180,informed,none,0.000000,-15,-365.688591,39.817504,2.250000,37.567504
1683,-26.603298,-27.601600,-29.101600,-26.101600,price_sensitive_uninformed,none,0.000000,-15,-365.688591,33.360880,2.250000,31.110880
1684,-26.483573,-26.186872,-27.686872,-24.686872,informed,none,0.000000,-15,-365.688591,31.564998,2.250000,29.314998
1685,-25.416088,-24.462928,-25.962928,-22.962928,informed,none,0.000000,-15,-365.688591,15.552734,2.250000,13.302734
1686,-25.912724,-26.413208,-27.913208,-24.913208,price_sensitive_uninformed,none,0.000000,-15,-365.688591,23.002272,2.250000,20.752272
1687,-26.902404,-26.201396,-27.701396,-24.701396,price_sensitive_uninformed,sell_to_mm,-27.701396,-14,-337.987195,38.646465,1.960000,36.686465
1688,-30.100978,-32.045656,-33.545656,-30.545656,price_sensitive_uninformed,none,0.000000,-14,-337.987195,83.426497,1.960000,81.466497
1689,-31.313544,-31.143682,-32.643682,-29.643682,informed,none,0.000000,-14,-337.987195,100.402421,1.960000,98.442421
1690,-32.168339,-31.622366,-33.122366,-30.122366,informed,none,0.000000,-14,-337.987195,112.369545,1.960000,110.409545
1691,-31.312198,-31.429816,-32.929816,-29.929816,price_sensitive_uninformed,none,0.000000,-14,-337.987195,100.383571,1.960000,98.423571
1692,-30.789979,-30.937802,-32.437802,-29.437802,price_sensitive_uninformed,none,0.000000,-14,-337.987195,93.072509,1.960000,91.112509
1693,-32.029495,-31.062836,-32.562836,-29.562836,informed,none,0.000000,-14,-337.987195,110.425741,1.960000,108.465741
1694,-33.611430,-32.518745,-34.018745,-31.018745,informed,none,0.000000,-14,-337.987195,132.572826,1.960000,130.612826
1695,-33.405525,-33.123244,-34.623244,-31.623244,price_sensitive_uninformed,none,0.000000,-14,-337.987195,129.690156,1.960000,127.730156
1696,-35.215225,-37.175468,-38.675468,-35.675468,informed,buy_from_mm,-35.675468,-15,-373.662663,154.565708,2.250000,152.315708
1697,-35.974708,-35.904854,-37.404854,-34.404854,informed,none,0.000000,-15,-373.662663,165.957963,2.250000,163.707963
1698,-35.385514,-36.287956,-37.787956,-34.787956,informed,none,0.000000,-15,-373.662663,157.120049,2.250000,154.870049
1699,-34.504559,-35.128608,-36.628608,-33.628608,price_sensitive_uninformed,buy_from_mm,-33.628608,-16,-407.291271,144.781672,2.560000,142.221672
1700,-35.582684,-34.786692,-36.286692,-33.286692,informed,none,0.000000,-16,-407.291271,162.031674,2.560000,159.471674
1701,-34.730837,-33.645417,-35.145417,-32.145417,price_sensitive_uninformed,none,0.000000,-16,-407.291271,148.402124,2.560000,145.842124
1702,-34.150747,-35.659862,-37.159862,-34.159862,informed,buy_from_mm,-34.159862,-17,-441.451133,139.111568,2.890000,136.221568
1703,-33.546440,-34.078055,-35.578055,-32.578055,informed,none,0.000000,-17,-441.451133,128.838343,2.890000,125.948343
1704,-33.328998,-31.380249,-32.880249,-29.880249,price_sensitive_uninformed,none,0.000000,-17,-441.451133,125.141833,2.890000,122.251833
1705,-34.659632,-34.606304,-36.106304,-33.106304,informed,none,0.000000,-17,-441.451133,147.762603,2.890000,144.872603
1706,-35.309985,-36.072690,-37.572690,-34.572690,price_sensitive_uninformed,buy_from_mm,-34.572690,-18,-476.023823,159.555907,3.240000,156.315907
1707,-35.544442,-35.007423,-36.507423,-33.507423,informed,none,0.000000,-18,-476.023823,163.776134,3.240000,160.536134
1708,-34.558509,-34.377140,-35.877140,-32.877140,informed,none,0.000000,-18,-476.023823,146.029342,3.240000,142.789342
1709,-33.156252,-31.234351,-32.734351,-29.734351,price_sensitive_uninformed,none,0.000000,-18,-476.023823,120.788717,3.240000,117.548717
1710,-33.502395,-31.928813,-33.428813,-30.428813,informed,sell_to_mm,-33.428813,-17,-442.595010,126.945712,2.890000,124.055712
1711,-34.298423,-33.802976,-35.302976,-32.302976,price_sensitive_uninformed,sell_to_mm,-35.302976,-16,-407.292034,141.482730,2.560000,138.922730
1712,-35.527954,-34.013578,-35.513578,-32.513578,informed,sell_to_mm,-35.513578,-15,-371.778456,161.140847,2.250000,158.890847
1713,-35.831547,-35.531768,-37.031768,-34.031768,informed,none,0.000000,-15,-371.778456,165.694744,2.250000,163.444744
1714,-33.731420,-34.512459,-36.012459,-33.012459,price_sensitive_uninformed,none,0.000000,-15,-371.778456,134.192845,2.250000,131.942845
1715,-33.704424,-33.179197,-34.679197,-31.679197,informed,none,0.000000,-15,-371.778456,133.787905,2.250000,131.537905
1716,-34.219972,-32.986432,-34.486432,-31.486432,price_sensitive_uninformed,buy_from_mm,-31.486432,-16,-403.264888,144.254659,2.560000,141.694659
1717,-34.603458,-34.237648,-35.737648,-32.737648,informed,none,0.000000,-16,-403.264888,150.390439,2.560000,147.830439
1718,-35.241166,-35.907374,-37.407374,-34.407374,informed,none,0.000000,-16,-403.264888,160.593766,2.560000,158.033766
1719,-35.699424,-36.319370,-37.819370,-34.819370,price_sensitive_uninformed,none,0.000000,-16,-403.264888,167.925891,2.560000,165.365891
1720,-35.655074,-36.039461,-37.539461,-34.539461,informed,none,0.000000,-16,-403.264888,167.216304,2.560000,164.656304
1721,-35.298104,-36.761185,-38.261185,-35.261185,price_sensitive_uninformed,buy_from_mm,-35.261185,-17,-438.526073,161.541692,2.890000,158.651692
1722,-33.998892,-36.008070,-37.508070,-34.508070,price_sensitive_uninformed,none,0.000000,-17,-438.526073,139.455086,2.890000,136.565086
1723,-34.035103,-34.660463,-36.160463,-33.160463,price_sensitive_uninformed,none,0.000000,-17,-438.526073,140.070670,2.890000,137.180670
1724,-32.854149,-32.867752,-34.367752,-31.367752,price_sensitive_uninformed,none,0.000000,-17,-438.526073,119.994465,2.890000,117.104465
1725,-33.788838,-33.476537,-34.976537,-31.976537,informed,none,0.000000,-17,-438.526073,135.884182,2.890000,132.994182
1726,-35.469101,-34.576739,-36.076739,-33.076739,price_sensitive_uninformed,buy_from_mm,-33.076739,-18,-471.602811,166.841002,3.240000,163.601002
1727,-35.226431,-34.686161,-36.186161,-33.186161,informed,none,0.000000,-18,-471.602811,162.472954,3.240000,159.232954
1728,-35.248156,-34.397291,-35.897291,-32.897291,price_sensitive_uninformed,none,0.000000,-18,-471.602811,162.863995,3.240000,159.623995
1729,-35.864835,-36.444462,-37.944462,-34.944462,price_sensitive_uninformed,none,0.000000,-18,-471.602811,173.964222,3.240000,170.724222
1730,-33.885552,-33.372533,-34.872533,-31.872533,informed,none,0.000000,-18,-471.602811,138.337132,3.240000,135.097132
1731,-34.979244,-33.812889,-35.312889,-32.312889,informed,none,0.000000,-18,-471.602811,158.023583,3.240000,154.783583
1732,-33.351845,-33.604966,-35.104966,-32.104966,price_sensitive_uninformed,none,0.000000,-18,-471.602811,128.730400,3.240000,125.490400
1733,-30.554220,-29.823640,-31.323640,-28.323640,price_sensitive_uninformed,none,0.000000,-18,-471.602811,78.373146,3.240000,75.133146
1734,-30.491644,-30.376094,-31.876094,-28.876094,price_sensitive_uninformed,none,0.000000,-18,-471.602811,77.246775,3.240000,74.006775
1735,-29.660496,-28.604176,-30.104176,-27.104176,informed,none,0.000000,-18,-471.602811,62.286108,3.240000,59.046108
1736,-29.963305,-29.507131,-31.007131,-28.007131,price_sensitive_uninformed,none,0.000000,-18,-471.602811,67.736672,3.240000,64.496672
1737,-32.043993,-32.402002,-33.902002,-30.902002,price_sensitive_uninformed,none,0.000000,-18,-471.602811,105.189064,3.240000,101.949064
1738,-34.069328,-34.417175,-35.917175,-32.917175,price_sensitive_uninformed,none,0.000000,-18,-471.602811,141.645089,3.240000,138.405089
1739,-32.447359,-32.466860,-33.966860,-30.966860,informed,none,0.000000,-18,-471.602811,112.449654,3.240000,109.209654
1740,-30.972960,-31.496506,-32.996506,-29.996506,price_sensitive_uninformed,none,0.000000,-18,-471.602811,85.910478,3.240000,82.670478
1741,-31.435893,-30.123936,-31.623936,-28.623936,informed,none,0.000000,-18,-471.602811,94.243264,3.240000,91.003264
1742,-31.908137,-31.359714,-32.859714,-29.859714,price_sensitive_uninformed,none,0.000000,-18,-471.602811,102.743663,3.240000,99.503663
1743,-31.285087,-33.364403,-34.864403,-31.864403,price_sensitive_uninformed,none,0.000000,-18,-471.602811,91.528749,3.240000,88.288749
1744,-31.360904,-30.935583,-32.435583,-29.435583,informed,none,0.000000,-18,-471.602811,92.893462,3.240000,89.653462
1745,-29.778310,-31.211855,-32.711855,-29.711855,price_sensitive_uninformed,none,0.000000,-18,-471.602811,64.406775,3.240000,61.166775
1746,-29.730516,-29.610851,-31.110851,-28.110851,informed,none,0.000000,-18,-471.602811,63.546478,3.240000,60.306478
1747,-30.805020,-31.634993,-33.134993,-30.134993,price_sensitive_uninformed,none,0.000000,-18,-471.602811,82.887544,3.240000,79.647544
1748,-30.771951,-30.362454,-31.862454,-28.862454,price_sensitive_uninformed,buy_from_mm,-28.862454,-19,-500.465266,84.201796,3.610000,80.591796
1749,-31.695337,-30.846782,-32.346782,-29.346782,informed,none,0.000000,-19,-500.465266,101.746140,3.610000,98.136140
1750,-31.501420,-31.456741,-32.956741,-29.956741,price_sensitive_uninformed,none,0.000000,-19,-500.465266,98.061718,3.610000,94.451718
1751,-32.671641,-34.500496,-36.000496,-33.000496,price_sensitive_uninformed,none,0.000000,-19,-500.465266,120.295916,3.610000,116.685916
1752,-31.772780,-31.037431,-32.537431,-29.537431,informed,none,0.000000,-19,-500.465266,103.217553,3.610000,99.607553
1753,-30.251671,-29.155350,-30.655350,-27.655350,price_sensitive_uninformed,none,0.000000,-19,-500.465266,74.316475,3.610000,70.706475
1754,-31.042576,-31.520023,-33.020023,-30.020023,price_sensitive_uninformed,none,0.000000,-19,-500.465266,89.343684,3.610000,85.733684
1755,-29.334738,-27.627200,-29.127200,-26.127200,informed,sell_to_mm,-29.127200,-18,-471.338066,56.687212,3.240000,53.447212
1756,-30.869991,-31.630417,-33.130417,-30.130417,informed,none,0.000000,-18,-471.338066,84.321778,3.240000,81.081778
1757,-30.472727,-29.930267,-31.430267,-28.430267,price_sensitive_uninformed,sell_to_mm,-31.430267,-17,-439.907799,78.128553,2.890000,75.238553
1758,-31.690159,-30.955132,-32.455132,-29.455132,informed,none,0.000000,-17,-439.907799,98.824908,2.890000,95.934908
1759,-32.253295,-31.208592,-32.708592,-29.708592,price_sensitive_uninformed,none,0.000000,-17,-439.907799,108.398212,2.890000,105.508212
1760,-32.182125,-33.329879,-34.829879,-31.829879,informed,none,0.000000,-17,-439.907799,107.188321,2.890000,104.298321
1761,-30.867101,-30.491812,-31.991812,-28.991812,price_sensitive_uninformed,none,0.000000,-17,-439.907799,84.832923,2.890000,81.942923
1762,-31.542312,-31.655721,-33.155721,-30.155721,informed,none,0.000000,-17,-439.907799,96.311497,2.890000,93.421497
1763,-32.991949,-33.434960,-34.934960,-31.934960,price_sensitive_uninformed,buy_from_mm,-31.934960,-18,-471.842758,122.012325,3.240000,118.772325
1764,-32.883639,-32.701334,-34.201334,-31.201334,price_sensitive_uninformed,sell_to_mm,-34.201334,-17,-437.641424,121.380440,2.890000,118.490440
1765,-32.585027,-31.391534,-32.891534,-29.891534,informed,none,0.000000,-17,-437.641424,116.304039,2.890000,113.414039
1766,-32.066926,-30.757279,-32.257279,-29.257279,informed,none,0.000000,-17,-437.641424,107.496315,2.890000,104.606315
1767,-32.345243,-29.926822,-31.426822,-28.426822,price_sensitive_uninformed,none,0.000000,-17,-437.641424,112.227708,2.890000,109.337708
1768,-32.725419,-32.523662,-34.023662,-31.023662,informed,none,0.000000,-17,-437.641424,118.690691,2.890000,115.800691
1769,-33.506795,-33.191986,-34.691986,-31.691986,price_sensitive_uninformed,none,0.000000,-17,-437.641424,131.974089,2.890000,129.084089
1770,-33.939872,-31.339259,-32.839259,-29.839259,informed,sell_to_mm,-32.839259,-16,-404.802166,138.235782,2.560000,135.675782
1771,-35.199399,-35.012455,-36.512455,-33.512455,informed,none,0.000000,-16,-404.802166,158.388222,2.560000,155.828222
1772,-36.756102,-39.373546,-40.873546,-37.873546,price_sensitive_uninformed,none,0.000000,-16,-404.802166,183.295464,2.560000,180.735464
1773,-35.056833,-34.143798,-35.643798,-32.643798,price_sensitive_uninformed,none,0.000000,-16,-404.802166,156.107160,2.560000,153.547160
1774,-37.657814,-37.311826,-38.811826,-35.811826,price_sensitive_uninformed,none,0.000000,-16,-404.802166,197.722859,2.560000,195.162859
1775,-37.789851,-39.217304,-40.717304,-37.717304,informed,none,0.000000,-16,-404.802166,199.835443,2.560000,197.275443
1776,-38.816618,-39.608580,-41.108580,-38.108580,price_sensitive_uninformed,none,0.000000,-16,-404.802166,216.263722,2.560000,213.703722
1777,-38.602430,-38.734384,-40.234384,-37.234384,price_sensitive_uninformed,none,0.000000,-16,-404.802166,212.836707,2.560000,210.276707
1778,-38.029422,-38.400690,-39.900690,-36.900690,informed,none,0.000000,-16,-404.802166,203.668586,2.560000,201.108586
1779,-38.437763,-39.019422,-40.519422,-37.519422,informed,none,0.000000,-16,-404.802166,210.202041,2.560000,207.642041
1780,-37.977709,-38.275459,-39.775459,-36.775459,price_sensitive_uninformed,sell_to_mm,-39.775459,-15,-365.026707,204.638935,2.250000,202.388935
1781,-39.536682,-39.250609,-40.750609,-37.750609,price_sensitive_uninformed,sell_to_mm,-40.750609,-14,-324.276098,229.237455,1.960000,227.277455
1782,-38.348211,-38.159225,-39.659225,-36.659225,informed,none,0.000000,-14,-324.276098,212.598852,1.960000,210.638852
1783,-38.330221,-38.203325,-39.703325,-36.703325,informed,none,0.000000,-14,-324.276098,212.346991,1.960000,210.386991
1784,-38.050549,-37.449944,-38.949944,-35.949944,informed,none,0.000000,-14,-324.276098,208.431581,1.960000,206.471581
1785,-39.184191,-40.530624,-42.030624,-39.030624,price_sensitive_uninformed,none,0.000000,-14,-324.276098,224.302580,1.960000,222.342580
1786,-38.840252,-39.019364,-40.519364,-37.519364,price_sensitive_uninformed,none,0.000000,-14,-324.276098,219.487428,1.960000,217.527428
1787,-40.845875,-40.017559,-41.517559,-38.517559,price_sensitive_uninformed,sell_to_mm,-41.517559,-13,-282.758539,248.237842,1.690000,246.547842
1788,-41.460097,-42.491056,-43.991056,-40.991056,price_sensitive_uninformed,none,0.000000,-13,-282.758539,256.222723,1.690000,254.532723
1789,-40.949913,-41.621114,-43.121114,-40.121114,price_sensitive_uninformed,none,0.000000,-13,-282.758539,249.590334,1.690000,247.900334
1790,-41.978742,-42.671885,-44.171885,-41.171885,informed,none,0.000000,-13,-282.758539,262.965106,1.690000,261.275106
1791,-43.833876,-43.335452,-44.835452,-41.835452,informed,none,0.000000,-13,-282.758539,287.081847,1.690000,285.391847
1792,-42.584094,-41.297196,-42.797196,-39.797196,price_sensitive_uninformed,none,0.000000,-13,-282.758539,270.834683,1.690000,269.144683
1793,-42.649748,-42.332231,-43.832231,-40.832231,informed,none,0.000000,-13,-282.758539,271.688185,1.690000,269.998185
1794,-42.898426,-43.345936,-44.845936,-41.845936,price_sensitive_uninformed,none,0.000000,-13,-282.758539,274.920998,1.690000,273.230998
1795,-42.164805,-41.961812,-43.461812,-40.461812,price_sensitive_uninformed,none,0.000000,-13,-282.758539,265.383928,1.690000,263.693928
1796,-41.413184,-41.551175,-43.051175,-40.051175,price_sensitive_uninformed,none,0.000000,-13,-282.758539,255.612858,1.690000,253.922858
1797,-42.260316,-44.110846,-45.610846,-42.610846,price_sensitive_uninformed,none,0.000000,-13,-282.758539,266.625573,1.690000,264.935573
1798,-42.331523,-42.945145,-44.445145,-41.445145,informed,none,0.000000,-13,-282.758539,267.551257,1.690000,265.861257
1799,-40.622790,-39.995520,-41.495520,-38.495520,price_sensitive_uninformed,none,0.000000,-13,-282.758539,245.337729,1.690000,243.647729
1800,-42.665915,-42.145418,-43.645418,-40.645418,informed,none,0.000000,-13,-282.758539,271.898360,1.690000,270.208360
1801,-42.113716,-42.706827,-44.206827,-41.206827,informed,none,0.000000,-13,-282.758539,264.719772,1.690000,263.029772
1802,-42.884509,-43.919095,-45.419095,-42.419095,price_sensitive_uninformed,none,0.000000,-13,-282.758539,274.740081,1.690000,273.050081
1803,-42.246534,-41.098161,-42.598161,-39.598161,price_sensitive_uninformed,none,0.000000,-13,-282.758539,266.446405,1.690000,264.756405
1804,-40.625809,-40.634006,-42.134006,-39.134006,price_sensitive_uninformed,buy_from_mm,-39.134006,-14,-321.892545,246.868778,1.960000,244.908778
1805,-40.642155,-42.942502,-44.442502,-41.442502,informed,buy_from_mm,-41.442502,-15,-363.335047,246.297278,2.250000,244.047278
1806,-41.362727,-39.517912,-41.017912,-38.017912,informed,sell_to_mm,-41.017912,-14,-322.317135,256.761041,1.960000,254.801041
1807,-40.897004,-41.859733,-43.359733,-40.359733,price_sensitive_uninformed,none,0.000000,-14,-322.317135,250.240924,1.960000,248.280924
1808,-40.646411,-40.450419,-41.950419,-38.950419,price_sensitive_uninformed,none,0.000000,-14,-322.317135,246.732626,1.960000,244.772626
1809,-41.403210,-42.252884,-43.752884,-40.752884,informed,none,0.000000,-14,-322.317135,257.327808,1.960000,255.367808
1810,-42.907159,-43.766744,-45.266744,-42.266744,informed,none,0.000000,-14,-322.317135,278.383087,1.960000,276.423087
1811,-42.763453,-41.490059,-42.990059,-39.990059,price_sensitive_uninformed,buy_from_mm,-39.990059,-15,-362.307194,279.144603,2.250000,276.894603
1812,-42.461998,-43.456022,-44.956022,-41.956022,price_sensitive_uninformed,none,0.000000,-15,-362.307194,274.622770,2.250000,272.372770
1813,-40.518237,-38.684222,-40.184222,-37.184222,price_sensitive_uninformed,none,0.000000,-15,-362.307194,245.466362,2.250000,243.216362
1814,-42.544607,-41.598547,-43.098547,-40.098547,price_sensitive_uninformed,none,0.000000,-15,-362.307194,275.861908,2.250000,273.611908
1815,-42.431325,-42.425183,-43.925183,-40.925183,price_sensitive_uninformed,none,0.000000,-15,-362.307194,274.162684,2.250000,271.912684
1816,-40.805422,-41.945945,-43.445945,-40.445945,price_sensitive_uninformed,sell_to_mm,-43.445945,-14,-318.861249,252.414662,1.960000,250.454662
1817,-41.593070,-43.857287,-45.357287,-42.357287,informed,buy_from_mm,-42.357287,-15,-361.218536,262.677520,2.250000,260.427520
1818,-42.725033,-42.479746,-43.979746,-40.979746,informed,none,0.000000,-15,-361.218536,279.656964,2.250000,277.406964
1819,-43.589185,-41.453685,-42.953685,-39.953685,informed,sell_to_mm,-42.953685,-14,-318.264851,291.983733,1.960000,290.023733
1820,-42.487576,-41.633206,-43.133206,-40.133206,price_sensitive_uninformed,none,0.000000,-14,-318.264851,276.561211,1.960000,274.601211
1821,-42.060118,-43.117310,-44.617310,-41.617310,informed,none,0.000000,-14,-318.264851,270.576803,1.960000,268.616803
1822,-41.427497,-41.980221,-43.480221,-40.480221,informed,none,0.000000,-14,-318.264851,261.720113,1.960000,259.760113
1823,-41.266748,-40.714274,-42.214274,-39.214274,price_sensitive_uninformed,none,0.000000,-14,-318.264851,259.469618,1.960000,257.509618
1824,-42.235820,-42.501075,-44.001075,-41.001075,informed,none,0.000000,-14,-318.264851,273.036634,1.960000,271.076634
1825,-41.344003,-42.476588,-43.976588,-40.976588,informed,none,0.000000,-14,-318.264851,260.551189,1.960000,258.591189
1826,-40.603541,-41.497618,-42.997618,-39.997618,price_sensitive_uninformed,none,0.000000,-14,-318.264851,250.184716,1.960000,248.224716
1827,-40.149460,-40.602416,-42.102416,-39.102416,price_sensitive_uninformed,none,0.000000,-14,-318.264851,243.827594,1.960000,241.867594
1828,-40.249684,-40.668289,-42.168289,-39.168289,price_sensitive_uninformed,none,0.000000,-14,-318.264851,245.230723,1.960000,243.270723
1829,-41.074386,-41.672699,-43.172699,-40.172699,informed,none,0.000000,-14,-318.264851,256.776552,1.960000,254.816552
1830,-41.274112,-42.934416,-44.434416,-41.434416,price_sensitive_uninformed,none,0.000000,-14,-318.264851,259.572716,1.960000,257.612716
1831,-41.000108,-42.315908,-43.815908,-40.815908,informed,none,0.000000,-14,-318.264851,255.736654,1.960000,253.776654
1832,-40.754178,-40.572060,-42.072060,-39.072060,price_sensitive_uninformed,none,0.000000,-14,-318.264851,252.293644,1.960000,250.333644
1833,-40.164131,-41.019875,-42.519875,-39.519875,price_sensitive_uninformed,buy_from_mm,-39.519875,-15,-357.784726,244.677243,2.250000,242.427243
1834,-40.289006,-39.684681,-41.184681,-38.184681,price_sensitive_uninformed,none,0.000000,-15,-357.784726,246.550357,2.250000,244.300357
1835,-41.188417,-42.569813,-44.069813,-41.069813,price_sensitive_uninformed,none,0.000000,-15,-357.784726,260.041527,2.250000,257.791527
1836,-41.380055,-41.888492,-43.388492,-40.388492,price_sensitive_uninformed,none,0.000000,-15,-357.784726,262.916101,2.250000,260.666101
1837,-39.315128,-39.689099,-41.189099,-38.189099,price_sensitive_uninformed,none,0.000000,-15,-357.784726,231.942194,2.250000,229.692194
1838,-39.236525,-38.710376,-40.210376,-37.210376,price_sensitive_uninformed,none,0.000000,-15,-357.784726,230.763156,2.250000,228.513156
1839,-39.678387,-41.189467,-42.689467,-39.689467,informed,buy_from_mm,-39.689467,-16,-397.474193,237.379997,2.560000,234.819997
1840,-40.099101,-39.371513,-40.871513,-37.871513,price_sensitive_uninformed,none,0.000000,-16,-397.474193,244.111416,2.560000,241.551416
1841,-40.019787,-39.418908,-40.918908,-37.918908,price_sensitive_uninformed,sell_to_mm,-40.918908,-15,-356.555285,243.741518,2.250000,241.491518
1842,-39.114772,-39.183600,-40.683600,-37.683600,price_sensitive_uninformed,none,0.000000,-15,-356.555285,230.166289,2.250000,227.916289
1843,-39.086919,-37.776133,-39.276133,-36.276133,price_sensitive_uninformed,none,0.000000,-15,-356.555285,229.748494,2.250000,227.498494
1844,-39.072517,-39.073530,-40.573530,-37.573530,informed,none,0.000000,-15,-356.555285,229.532467,2.250000,227.282467
1845,-38.159824,-38.299664,-39.799664,-36.799664,informed,none,0.000000,-15,-356.555285,215.842078,2.250000,213.592078
1846,-37.208480,-38.218211,-39.718211,-36.718211,price_sensitive_uninformed,none,0.000000,-15,-356.555285,201.571912,2.250000,199.321912
1847,-37.533401,-37.217186,-38.717186,-35.717186,informed,none,0.000000,-15,-356.555285,206.445734,2.250000,204.195734
1848,-35.964665,-36.183068,-37.683068,-34.683068,price_sensitive_uninformed,none,0.000000,-15,-356.555285,182.914690,2.250000,180.664690
1849,-36.667441,-37.870049,-39.370049,-36.370049,price_sensitive_uninformed,sell_to_mm,-39.370049,-14,-317.185236,196.158940,1.960000,194.198940
1850,-36.792258,-36.446481,-37.946481,-34.946481,informed,none,0.000000,-14,-317.185236,197.906378,1.960000,195.946378
1851,-36.240149,-35.940651,-37.440651,-34.440651,price_sensitive_uninformed,none,0.000000,-14,-317.185236,190.176855,1.960000,188.216855
1852,-36.405107,-37.311861,-38.811861,-35.811861,price_sensitive_uninformed,none,0.000000,-14,-317.185236,192.486261,1.960000,190.526261
1853,-36.863957,-37.118756,-38.618756,-35.618756,price_sensitive_uninformed,none,0.000000,-14,-317.185236,198.910168,1.960000,196.950168
1854,-36.906723,-37.043244,-38.543244,-35.543244,informed,none,0.000000,-14,-317.185236,199.508880,1.960000,197.548880
1855,-37.718135,-37.534303,-39.034303,-36.034303,informed,none,0.000000,-14,-317.185236,210.868660,1.960000,208.908660
1856,-36.643565,-37.967490,-39.467490,-36.467490,informed,none,0.000000,-14,-317.185236,195.824670,1.960000,193.864670
1857,-36.813843,-35.607545,-37.107545,-34.107545,price_sensitive_uninformed,none,0.000000,-14,-317.185236,198.208566,1.960000,196.248566
1858,-36.598146,-36.753816,-38.253816,-35.253816,informed,none,0.000000,-14,-317.185236,195.188801,1.960000,193.228801
1859,-37.436181,-36.511453,-38.011453,-35.011453,price_sensitive_uninformed,none,0.000000,-14,-317.185236,206.921297,1.960000,204.961297
1860,-36.347270,-36.969766,-38.469766,-35.469766,price_sensitive_uninformed,buy_from_mm,-35.469766,-15,-352.655002,192.554045,2.250000,190.304045
1861,-35.956215,-37.088160,-38.588160,-35.588160,informed,none,0.000000,-15,-352.655002,186.688224,2.250000,184.438224
1862,-36.737618,-36.013797,-37.513797,-34.513797,informed,none,0.000000,-15,-352.655002,198.409262,2.250000,196.159262
1863,-37.861253,-37.577287,-39.077287,-36.077287,price_sensitive_uninformed,none,0.000000,-15,-352.655002,215.263796,2.250000,213.013796
1864,-38.244111,-38.173581,-39.673581,-36.673581,informed,none,0.000000,-15,-352.655002,221.006657,2.250000,218.756657
1865,-38.513930,-37.560383,-39.060383,-36.060383,price_sensitive_uninformed,none,0.000000,-15,-352.655002,225.053941,2.250000,222.803941
1866,-37.695976,-37.858387,-39.358387,-36.358387,price_sensitive_uninformed,none,0.000000,-15,-352.655002,212.784642,2.250000,210.534642
1867,-39.209538,-39.106785,-40.606785,-37.606785,price_sensitive_uninformed,none,0.000000,-15,-352.655002,235.488071,2.250000,233.238071
1868,-38.757630,-39.605822,-41.105822,-38.105822,price_sensitive_uninformed,none,0.000000,-15,-352.655002,228.709446,2.250000,226.459446
1869,-39.796374,-38.993535,-40.493535,-37.493535,price_sensitive_uninformed,none,0.000000,-15,-352.655002,244.290611,2.250000,242.040611
1870,-40.183545,-40.531825,-42.031825,-39.031825,price_sensitive_uninformed,none,0.000000,-15,-352.655002,250.098171,2.250000,247.848171
1871,-39.824327,-39.778180,-41.278180,-38.278180,price_sensitive_uninformed,none,0.000000,-15,-352.655002,244.709904,2.250000,242.459904
1872,-40.565601,-40.414933,-41.914933,-38.914933,price_sensitive_uninformed,none,0.000000,-15,-352.655002,255.829010,2.250000,253.579010
1873,-40.436924,-41.175595,-42.675595,-39.675595,informed,none,0.000000,-15,-352.655002,253.898856,2.250000,251.648856
1874,-40.278201,-40.265263,-41.765263,-38.765263,price_sensitive_uninformed,none,0.000000,-15,-352.655002,251.518010,2.250000,249.268010
1875,-41.817959,-42.811682,-44.311682,-41.311682,informed,none,0.000000,-15,-352.655002,274.614379,2.250000,272.364379
1876,-40.946616,-40.733101,-42.233101,-39.233101,price_sensitive_uninformed,none,0.000000,-15,-352.655002,261.544239,2.250000,259.294239
1877,-40.993093,-40.551845,-42.051845,-39.051845,informed,none,0.000000,-15,-352.655002,262.241394,2.250000,259.991394
1878,-41.537553,-41.720225,-43.220225,-40.220225,informed,none,0.000000,-15,-352.655002,270.408299,2.250000,268.158299
1879,-41.781807,-40.999331,-42.499331,-39.499331,price_sensitive_uninformed,none,0.000000,-15,-352.655002,274.072099,2.250000,271.822099
1880,-42.007002,-41.789045,-43.289045,-40.289045,price_sensitive_uninformed,none,0.000000,-15,-352.655002,277.450032,2.250000,275.200032
1881,-42.953345,-42.303809,-43.803809,-40.803809,informed,none,0.000000,-15,-352.655002,291.645173,2.250000,289.395173
1882,-44.164610,-42.993084,-44.493084,-41.493084,price_sensitive_uninformed,none,0.000000,-15,-352.655002,309.814142,2.250000,307.564142
1883,-45.139208,-44.869869,-46.369869,-43.369869,price_sensitive_uninformed,buy_from_mm,-43.369869,-16,-396.024871,326.202452,2.560000,323.642452
1884,-44.087355,-44.731746,-46.231746,-43.231746,informed,none,0.000000,-16,-396.024871,309.372811,2.560000,306.812811
1885,-45.018466,-45.062859,-46.562859,-43.562859,price_sensitive_uninformed,none,0.000000,-16,-396.024871,324.270587,2.560000,321.710587
1886,-44.165332,-45.433938,-46.933938,-43.933938,price_sensitive_uninformed,none,0.000000,-16,-396.024871,310.620434,2.560000,308.060434
1887,-43.365454,-44.372804,-45.872804,-42.872804,price_sensitive_uninformed,none,0.000000,-16,-396.024871,297.822397,2.560000,295.262397
1888,-43.026031,-44.035685,-45.535685,-42.535685,price_sensitive_uninformed,none,0.000000,-16,-396.024871,292.391618,2.560000,289.831618
1889,-42.647863,-43.196434,-44.696434,-41.696434,price_sensitive_uninformed,none,0.000000,-16,-396.024871,286.340940,2.560000,283.780940
1890,-43.729564,-43.115106,-44.615106,-41.615106,price_sensitive_uninformed,none,0.000000,-16,-396.024871,303.648156,2.560000,301.088156
1891,-43.705813,-43.114952,-44.614952,-41.614952,informed,none,0.000000,-16,-396.024871,303.268139,2.560000,300.708139
1892,-42.835350,-43.369625,-44.869625,-41.869625,price_sensitive_uninformed,none,0.000000,-16,-396.024871,289.340733,2.560000,286.780733
1893,-42.698958,-42.375894,-43.875894,-40.875894,price_sensitive_uninformed,none,0.000000,-16,-396.024871,287.158459,2.560000,284.598459
1894,-42.807940,-42.131298,-43.631298,-40.631298,informed,none,0.000000,-16,-396.024871,288.902162,2.560000,286.342162
1895,-41.771979,-41.394457,-42.894457,-39.894457,informed,none,0.000000,-16,-396.024871,272.326794,2.560000,269.766794
1896,-43.325268,-42.512167,-44.012167,-41.012167,price_sensitive_uninformed,none,0.000000,-16,-396.024871,297.179412,2.560000,294.619412
1897,-43.076896,-43.542937,-45.042937,-42.042937,price_sensitive_uninformed,none,0.000000,-16,-396.024871,293.205463,2.560000,290.645463
1898,-42.988794,-41.948710,-43.448710,-40.448710,price_sensitive_uninformed,none,0.000000,-16,-396.024871,291.795828,2.560000,289.235828
1899,-42.769124,-44.253377,-45.753377,-42.753377,informed,none,0.000000,-16,-396.024871,288.281106,2.560000,285.721106
1900,-43.868963,-43.338319,-44.838319,-41.838319,price_sensitive_uninformed,none,0.000000,-16,-396.024871,305.878544,2.560000,303.318544
1901,-44.224503,-45.070296,-46.570296,-43.570296,price_sensitive_uninformed,sell_to_mm,-46.570296,-15,-349.454575,313.912971,2.250000,311.662971
1902,-43.149121,-43.856714,-45.356714,-42.356714,price_sensitive_uninformed,none,0.000000,-15,-349.454575,297.782245,2.250000,295.532245
1903,-41.483455,-42.218291,-43.718291,-40.718291,informed,none,0.000000,-15,-349.454575,272.797244,2.250000,270.547244
1904,-42.322009,-41.072979,-42.572979,-39.572979,informed,none,0.000000,-15,-349.454575,285.375560,2.250000,283.125560
1905,-45.065843,-43.826462,-45.326462,-42.326462,informed,none,0.000000,-15,-349.454575,326.533075,2.250000,324.283075
1906,-44.247463,-45.384215,-46.884215,-43.884215,price_sensitive_uninformed,none,0.000000,-15,-349.454575,314.257364,2.250000,312.007364
1907,-45.424800,-46.012489,-47.512489,-44.512489,informed,none,0.000000,-15,-349.454575,331.917428,2.250000,329.667428
1908,-44.840707,-44.295949,-45.795949,-42.795949,price_sensitive_uninformed,none,0.000000,-15,-349.454575,323.156028,2.250000,320.906028
1909,-46.246977,-47.172593,-48.672593,-45.672593,price_sensitive_uninformed,none,0.000000,-15,-349.454575,344.250086,2.250000,342.000086
1910,-45.597752,-44.929927,-46.429927,-43.429927,informed,none,0.000000,-15,-349.454575,334.511701,2.250000,332.261701
1911,-44.001122,-43.727322,-45.227322,-42.227322,price_sensitive_uninformed,none,0.000000,-15,-349.454575,310.562257,2.250000,308.312257
1912,-44.368258,-42.971740,-44.471740,-41.471740,price_sensitive_uninformed,sell_to_mm,-44.471740,-14,-304.982835,316.172778,1.960000,314.212778
1913,-46.313046,-45.518220,-47.018220,-44.018220,price_sensitive_uninformed,none,0.000000,-14,-304.982835,343.399802,1.960000,341.439802
1914,-47.112098,-45.837548,-47.337548,-44.337548,price_sensitive_uninformed,none,0.000000,-14,-304.982835,354.586540,1.960000,352.626540
1915,-47.392624,-47.224089,-48.724089,-45.724089,informed,none,0.000000,-14,-304.982835,358.513901,1.960000,356.553901
1916,-47.034486,-45.486515,-46.986515,-43.986515,price_sensitive_uninformed,sell_to_mm,-46.986515,-13,-257.996320,353.452004,1.690000,351.762004
1917,-47.129112,-47.902372,-49.402372,-46.402372,price_sensitive_uninformed,none,0.000000,-13,-257.996320,354.682140,1.690000,352.992140
1918,-46.257663,-43.913250,-45.413250,-42.413250,price_sensitive_uninformed,buy_from_mm,-42.413250,-14,-300.409569,347.197708,1.960000,345.237708
1919,-47.681461,-45.922909,-47.422909,-44.422909,informed,sell_to_mm,-47.422909,-13,-252.986660,366.872337,1.690000,365.182337
1920,-44.702053,-44.169464,-45.669464,-42.669464,price_sensitive_uninformed,none,0.000000,-13,-252.986660,328.140031,1.690000,326.450031
1921,-45.501880,-45.773357,-47.273357,-44.273357,price_sensitive_uninformed,none,0.000000,-13,-252.986660,338.537782,1.690000,336.847782
1922,-45.159346,-43.871053,-45.371053,-42.371053,price_sensitive_uninformed,none,0.000000,-13,-252.986660,334.084835,1.690000,332.394835
1923,-45.632756,-46.119089,-47.619089,-44.619089,price_sensitive_uninformed,none,0.000000,-13,-252.986660,340.239171,1.690000,338.549171
1924,-44.761534,-45.497130,-46.997130,-43.997130,informed,none,0.000000,-13,-252.986660,328.913276,1.690000,327.223276
1925,-44.583971,-43.969686,-45.469686,-42.469686,informed,none,0.000000,-13,-252.986660,326.604962,1.690000,324.914962
1926,-44.917450,-45.223948,-46.723948,-43.723948,informed,none,0.000000,-13,-252.986660,330.940196,1.690000,329.250196
1927,-44.472252,-46.056603,-47.556603,-44.556603,informed,buy_from_mm,-44.556603,-14,-297.543263,325.068264,1.960000,323.108264
1928,-45.055646,-46.911623,-48.411623,-45.411623,informed,buy_from_mm,-45.411623,-15,-342.954886,332.879805,2.250000,330.629805
1929,-42.904025,-42.872942,-44.372942,-41.372942,informed,none,0.000000,-15,-342.954886,300.605494,2.250000,298.355494
1930,-41.636221,-40.852023,-42.352023,-39.352023,price_sensitive_uninformed,none,0.000000,-15,-342.954886,281.588423,2.250000,279.338423
1931,-42.808809,-43.490096,-44.990096,-41.990096,price_sensitive_uninformed,none,0.000000,-15,-342.954886,299.177255,2.250000,296.927255
1932,-43.441358,-43.605349,-45.105349,-42.105349,informed,none,0.000000,-15,-342.954886,308.665478,2.250000,306.415478
1933,-43.439545,-43.369158,-44.869158,-41.869158,informed,none,0.000000,-15,-342.954886,308.638286,2.250000,306.388286
1934,-42.662162,-41.882531,-43.382531,-40.382531,informed,none,0.000000,-15,-342.954886,296.977539,2.250000,294.727539
1935,-42.637192,-42.923045,-44.423045,-41.423045,price_sensitive_uninformed,buy_from_mm,-41.423045,-16,-384.377930,297.817136,2.560000,295.257136
1936,-43.313078,-43.567441,-45.067441,-42.067441,informed,none,0.000000,-16,-384.377930,308.631316,2.560000,306.071316
1937,-42.261309,-42.766328,-44.266328,-41.266328,informed,none,0.000000,-16,-384.377930,291.803016,2.560000,289.243016
1938,-42.006111,-42.481003,-43.981003,-40.981003,price_sensitive_uninformed,none,0.000000,-16,-384.377930,287.719839,2.560000,285.159839
1939,-41.300228,-39.974772,-41.474772,-38.474772,price_sensitive_uninformed,buy_from_mm,-38.474772,-17,-422.852702,279.251179,2.890000,276.361179
1940,-42.100093,-41.539455,-43.039455,-40.039455,price_sensitive_uninformed,none,0.000000,-17,-422.852702,292.848882,2.890000,289.958882
1941,-42.625441,-42.703159,-44.203159,-41.203159,informed,none,0.000000,-17,-422.852702,301.779797,2.890000,298.889797
1942,-40.940690,-41.677230,-43.177230,-40.177230,price_sensitive_uninformed,none,0.000000,-17,-422.852702,273.139030,2.890000,270.249030
1943,-40.255656,-39.718113,-41.218113,-38.218113,price_sensitive_uninformed,none,0.000000,-17,-422.852702,261.493451,2.890000,258.603451
1944,-41.337502,-40.052729,-41.552729,-38.552729,price_sensitive_uninformed,none,0.000000,-17,-422.852702,279.884838,2.890000,276.994838
1945,-40.483304,-40.842866,-42.342866,-39.342866,price_sensitive_uninformed,none,0.000000,-17,-422.852702,265.363462,2.890000,262.473462
1946,-41.790201,-42.995679,-44.495679,-41.495679,price_sensitive_uninformed,none,0.000000,-17,-422.852702,287.580711,2.890000,284.690711
1947,-41.047511,-41.446541,-42.946541,-39.946541,price_sensitive_uninformed,buy_from_mm,-39.946541,-18,-462.799243,276.055962,3.240000,272.815962
1948,-42.699125,-41.402476,-42.902476,-39.902476,price_sensitive_uninformed,sell_to_mm,-42.902476,-17,-419.896767,305.988351,2.890000,303.098351
1949,-42.158989,-43.277098,-44.777098,-41.777098,informed,none,0.000000,-17,-419.896767,296.806040,2.890000,293.916040
1950,-42.586312,-42.999651,-44.499651,-41.499651,informed,none,0.000000,-17,-419.896767,304.070540,2.890000,301.180540
1951,-42.235137,-41.581340,-43.081340,-40.081340,informed,none,0.000000,-17,-419.896767,298.100556,2.890000,295.210556
1952,-42.602616,-41.548395,-43.048395,-40.048395,price_sensitive_uninformed,none,0.000000,-17,-419.896767,304.347702,2.890000,301.457702
1953,-41.697043,-40.797734,-42.297734,-39.297734,informed,none,0.000000,-17,-419.896767,288.952961,2.890000,286.062961
1954,-43.302320,-43.328255,-44.828255,-41.828255,price_sensitive_uninformed,none,0.000000,-17,-419.896767,316.242679,2.890000,313.352679
1955,-40.122463,-40.386610,-41.886610,-38.886610,informed,none,0.000000,-17,-419.896767,262.185098,2.890000,259.295098
1956,-41.070006,-43.341411,-44.841411,-41.841411,price_sensitive_uninformed,buy_from_mm,-41.841411,-18,-461.738179,277.521929,3.240000,274.281929
1957,-41.090394,-40.992916,-42.492916,-39.492916,price_sensitive_uninformed,sell_to_mm,-42.492916,-17,-419.245262,279.291428,2.890000,276.401428
1958,-40.721975,-38.983896,-40.483896,-37.483896,informed,sell_to_mm,-40.483896,-16,-378.761366,272.790232,2.560000,270.230232
1959,-42.529772,-42.532382,-44.032382,-41.032382,informed,none,0.000000,-16,-378.761366,301.714984,2.560000,299.154984
1960,-42.958040,-44.281323,-45.781323,-42.781323,price_sensitive_uninformed,sell_to_mm,-45.781323,-15,-332.980043,311.390551,2.250000,309.140551
1961,-44.677883,-45.373776,-46.873776,-43.873776,informed,none,0.000000,-15,-332.980043,337.188208,2.250000,334.938208
1962,-45.922981,-45.532056,-47.032056,-44.032056,price_sensitive_uninformed,none,0.000000,-15,-332.980043,355.864667,2.250000,353.614667
1963,-45.702252,-44.447205,-45.947205,-42.947205,informed,none,0.000000,-15,-332.980043,352.553735,2.250000,350.303735
1964,-43.740152,-43.111564,-44.611564,-41.611564,informed,none,0.000000,-15,-332.980043,323.122232,2.250000,320.872232
1965,-43.955532,-44.257628,-45.757628,-42.757628,price_sensitive_uninformed,none,0.000000,-15,-332.980043,326.352935,2.250000,324.102935
1966,-44.938243,-43.787280,-45.287280,-42.287280,price_sensitive_uninformed,none,0.000000,-15,-332.980043,341.093606,2.250000,338.843606
1967,-45.965008,-45.472521,-46.972521,-43.972521,price_sensitive_uninformed,none,0.000000,-15,-332.980043,356.495083,2.250000,354.245083
1968,-44.918761,-45.747045,-47.247045,-44.247045,informed,none,0.000000,-15,-332.980043,340.801376,2.250000,338.551376
1969,-45.966116,-46.378836,-47.878836,-44.878836,price_sensitive_uninformed,none,0.000000,-15,-332.980043,356.511695,2.250000,354.261695
1970,-45.007568,-44.727510,-46.227510,-43.227510,price_sensitive_uninformed,none,0.000000,-15,-332.980043,342.133481,2.250000,339.883481
1971,-45.401897,-45.968444,-47.468444,-44.468444,price_sensitive_uninformed,buy_from_mm,-44.468444,-16,-377.448486,348.981863,2.560000,346.421863
1972,-44.817001,-43.221841,-44.721841,-41.721841,price_sensitive_uninformed,none,0.000000,-16,-377.448486,339.623526,2.560000,337.063526
1973,-44.018895,-43.786248,-45.286248,-42.286248,informed,none,0.000000,-16,-377.448486,326.853827,2.560000,324.293827
1974,-44.121281,-44.760741,-46.260741,-43.260741,price_sensitive_uninformed,none,0.000000,-16,-377.448486,328.492009,2.560000,325.932009
1975,-44.299946,-43.843458,-45.343458,-42.343458,informed,none,0.000000,-16,-377.448486,331.350657,2.560000,328.790657
1976,-45.221566,-46.127964,-47.627964,-44.627964,price_sensitive_uninformed,none,0.000000,-16,-377.448486,346.096563,2.560000,343.536563
1977,-45.757160,-47.813318,-49.313318,-46.313318,price_sensitive_uninformed,none,0.000000,-16,-377.448486,354.666081,2.560000,352.106081
1978,-46.025105,-45.220102,-46.720102,-43.720102,informed,none,0.000000,-16,-377.448486,358.953198,2.560000,356.393198
1979,-46.680584,-45.651382,-47.151382,-44.151382,price_sensitive_uninformed,none,0.000000,-16,-377.448486,369.440861,2.560000,366.880861
1980,-48.224800,-47.571694,-49.071694,-46.071694,price_sensitive_uninformed,none,0.000000,-16,-377.448486,394.148311,2.560000,391.588311
1981,-47.361444,-46.209242,-47.709242,-44.709242,price_sensitive_uninformed,none,0.000000,-16,-377.448486,380.334616,2.560000,377.774616
1982,-46.049814,-45.709620,-47.209620,-44.209620,price_sensitive_uninformed,none,0.000000,-16,-377.448486,359.348531,2.560000,356.788531
1983,-46.846838,-46.295529,-47.795529,-44.795529,price_sensitive_uninformed,none,0.000000,-16,-377.448486,372.100919,2.560000,369.540919
1984,-44.262083,-44.793718,-46.293718,-43.293718,price_sensitive_uninformed,none,0.000000,-16,-377.448486,330.744835,2.560000,328.184835
1985,-46.533668,-47.319116,-48.819116,-45.819116,price_sensitive_uninformed,none,0.000000,-16,-377.448486,367.090197,2.560000,364.530197
1986,-47.591066,-47.366359,-48.866359,-45.866359,price_sensitive_uninformed,none,0.000000,-16,-377.448486,384.008569,2.560000,381.448569
1987,-47.779864,-46.168306,-47.668306,-44.668306,price_sensitive_uninformed,none,0.000000,-16,-377.448486,387.029343,2.560000,384.469343
1988,-50.983401,-51.665833,-53.165833,-50.165833,price_sensitive_uninformed,none,0.000000,-16,-377.448486,438.285934,2.560000,435.725934
1989,-51.076302,-49.930705,-51.430705,-48.430705,informed,none,0.000000,-16,-377.448486,439.772348,2.560000,437.212348
1990,-50.060482,-51.166323,-52.666323,-49.666323,price_sensitive_uninformed,none,0.000000,-16,-377.448486,423.519225,2.560000,420.959225
1991,-50.541523,-52.132011,-53.632011,-50.632011,informed,buy_from_mm,-50.632011,-17,-428.080498,431.125393,2.890000,428.235393
1992,-49.988720,-49.690046,-51.190046,-48.190046,informed,none,0.000000,-17,-428.080498,421.727739,2.890000,418.837739
1993,-46.824171,-45.847493,-47.347493,-44.347493,price_sensitive_uninformed,sell_to_mm,-47.347493,-16,-380.733005,368.453728,2.560000,365.893728
1994,-48.186351,-48.136893,-49.636893,-46.636893,informed,none,0.000000,-16,-380.733005,390.248618,2.560000,387.688618
1995,-48.043388,-48.329552,-49.829552,-46.829552,price_sensitive_uninformed,none,0.000000,-16,-380.733005,387.961210,2.560000,385.401210
1996,-49.256008,-50.158537,-51.658537,-48.658537,price_sensitive_uninformed,sell_to_mm,-51.658537,-15,-329.074468,409.765647,2.250000,407.515647
1997,-49.414967,-48.710083,-50.210083,-47.210083,price_sensitive_uninformed,none,0.000000,-15,-329.074468,412.150037,2.250000,409.900037
1998,-51.820139,-52.397803,-53.897803,-50.897803,price_sensitive_uninformed,none,0.000000,-15,-329.074468,448.227614,2.250000,445.977614
1999,-54.957081,-54.267417,-55.767417,-52.767417,informed,none,0.000000,-15,-329.074468,495.281746,2.250000,493.031746
2000,-55.526431,-56.550980,-58.050980,-55.050980,informed,none,0.000000,-15,-329.074468,503.821993,2.250000,501.571993
