t,true_value,signal,bid,ask,trader_type,trade_side,trade_price,inventory,cash,pnl_mark_to_true,inv_penalty,risk_adj_pnl
1,1.196725,1.065217,0.065217,2.065217,price_sensitive_uninformed,none,0.000000,0,0.000000,0.000000,0.000000,0.000000
2,1.791822,3.073098,2.073098,4.073098,informed,sell_to_mm,2.073098,1,-2.073098,-0.281275,0.010000,-0.291275
3,1.948545,3.217932,2.217932,4.217932,price_sensitive_uninformed,sell_to_mm,2.217932,2,-4.291029,-0.393939,0.040000,-0.433939
4,3.126046,2.449356,1.449356,3.449356,price_sensitive_uninformed,none,0.000000,2,-4.291029,1.961062,0.040000,1.921062
5,2.360150,4.256448,3.256448,5.256448,price_sensitive_uninformed,none,0.000000,2,-4.291029,0.429271,0.040000,0.389271
6,3.967789,3.363239,2.363239,4.363239,price_sensitive_uninformed,none,0.000000,2,-4.291029,3.644548,0.040000,3.604548
7,4.400705,4.951768,3.951768,5.951768,informed,none,0.000000,2,-4.291029,4.510380,0.040000,4.470380
8,4.029022,4.890065,3.890065,5.890065,price_sensitive_uninformed,none,0.000000,2,-4.291029,3.767015,0.040000,3.727015
9,5.326695,4.890797,3.890797,5.890797,informed,none,0.000000,2,-4.291029,6.362360,0.040000,6.322360
10,4.382413,3.313432,2.313432,4.313432,price_sensitive_uninformed,none,0.000000,2,-4.291029,4.473797,0.040000,4.433797
11,4.424617,3.890510,2.890510,4.890510,informed,none,0.000000,2,-4.291029,4.558204,0.040000,4.518204
12,2.912235,3.128481,2.128481,4.128481,price_sensitive_uninformed,buy_from_mm,4.128481,1,-0.162549,2.749686,0.010000,2.739686
13,3.894155,3.864487,2.864487,4.864487,informed,none,0.000000,1,-0.162549,3.731607,0.010000,3.721607
14,2.012505,2.991083,1.991083,3.991083,informed,none,0.000000,1,-0.162549,1.849957,0.010000,1.839957
15,2.424935,2.320070,1.320070,3.320070,informed,none,0.000000,1,-0.162549,2.262387,0.010000,2.252387
16,1.892541,2.177541,1.177541,3.177541,price_sensitive_uninformed,buy_from_mm,3.177541,0,3.014993,3.014993,0.000000,3.014993
17,2.514840,1.768037,0.768037,2.768037,price_sensitive_uninformed,sell_to_mm,0.768037,1,2.246955,4.761795,0.010000,4.751795
18,3.168560,4.290106,3.290106,5.290106,price_sensitive_uninformed,none,0.000000,1,2.246955,5.415515,0.010000,5.405515
19,2.536849,2.725508,1.725508,3.725508,price_sensitive_uninformed,sell_to_mm,1.725508,2,0.521447,5.595145,0.040000,5.555145
20,3.581006,5.589154,4.589154,6.589154,price_sensitive_uninformed,none,0.000000,2,0.521447,7.683460,0.040000,7.643460
21,4.289406,4.201222,3.201222,5.201222,informed,none,0.000000,2,0.521447,9.100259,0.040000,9.060259
22,5.702441,4.475287,3.475287,5.475287,price_sensitive_uninformed,none,0.000000,2,0.521447,11.926330,0.040000,11.886330
23,3.230294,3.484222,2.484222,4.484222,informed,none,0.000000,2,0.521447,6.982036,0.040000,6.942036
24,2.057006,0.478073,-0.521927,1.478073,informed,buy_from_mm,1.478073,1,1.999520,4.056526,0.010000,4.046526
25,3.597073,4.070393,3.070393,5.070393,price_sensitive_uninformed,none,0.000000,1,1.999520,5.596593,0.010000,5.586593
26,1.986394,1.607513,0.607513,2.607513,price_sensitive_uninformed,none,0.000000,1,1.999520,3.985914,0.010000,3.975914
27,2.689021,2.060058,1.060058,3.060058,price_sensitive_uninformed,none,0.000000,1,1.999520,4.688541,0.010000,4.678541
28,2.782315,3.653539,2.653539,4.653539,price_sensitive_uninformed,none,0.000000,1,1.999520,4.781834,0.010000,4.771834
29,2.234170,4.065318,3.065318,5.065318,price_sensitive_uninformed,none,0.000000,1,1.999520,4.233689,0.010000,4.223689
30,2.000188,2.850752,1.850752,3.850752,informed,none,0.000000,1,1.999520,3.999708,0.010000,3.989708
31,1.999296,3.070567,2.070567,4.070567,price_sensitive_uninformed,sell_to_mm,2.070567,2,-0.071047,3.927545,0.040000,3.887545
32,1.902657,4.314617,3.314617,5.314617,informed,sell_to_mm,3.314617,3,-3.385664,2.322307,0.090000,2.232307
33,0.900800,0.301470,-0.698530,1.301470,informed,none,0.000000,3,-3.385664,-0.683264,0.090000,-0.773264
34,1.411407,1.465264,0.465264,2.465264,price_sensitive_uninformed,none,0.000000,3,-3.385664,0.848558,0.090000,0.758558
35,0.716630,-0.117923,-1.117923,0.882077,informed,none,0.000000,3,-3.385664,-1.235773,0.090000,-1.325773
36,0.857991,-0.441655,-1.441655,0.558345,informed,buy_from_mm,0.558345,2,-2.827319,-1.111338,0.040000,-1.151338
37,0.125310,0.235750,-0.764250,1.235750,informed,none,0.000000,2,-2.827319,-2.576699,0.040000,-2.616699
38,-0.398740,-0.031436,-1.031436,0.968564,price_sensitive_uninformed,none,0.000000,2,-2.827319,-3.624800,0.040000,-3.664800
39,-2.004780,-2.673907,-3.673907,-1.673907,price_sensitive_uninformed,none,0.000000,2,-2.827319,-6.836880,0.040000,-6.876880
40,-2.578556,-4.705785,-5.705785,-3.705785,informed,buy_from_mm,-3.705785,1,-6.533104,-9.111660,0.010000,-9.121660
41,-2.073331,-1.613499,-2.613499,-0.613499,price_sensitive_uninformed,none,0.000000,1,-6.533104,-8.606435,0.010000,-8.616435
42,-3.253826,-2.678924,-3.678924,-1.678924,informed,none,0.000000,1,-6.533104,-9.786930,0.010000,-9.796930
43,-3.845344,-3.764425,-4.764425,-2.764425,price_sensitive_uninformed,none,0.000000,1,-6.533104,-10.378448,0.010000,-10.388448
44,-4.088305,-4.351094,-5.351094,-3.351094,informed,none,0.000000,1,-6.533104,-10.621409,0.010000,-10.631409
45,-3.127023,-5.106979,-6.106979,-4.106979,price_sensitive_uninformed,sell_to_mm,-6.106979,2,-0.426125,-6.680172,0.040000,-6.720172
46,-3.781295,-2.794642,-3.794642,-1.794642,price_sensitive_uninformed,none,0.000000,2,-0.426125,-7.988714,0.040000,-8.028714
47,-2.758288,-1.359674,-2.359674,-0.359674,informed,sell_to_mm,-2.359674,3,1.933549,-6.341315,0.090000,-6.431315
48,-5.750113,-6.912212,-7.912212,-5.912212,informed,buy_from_mm,-5.912212,2,-3.978664,-15.478889,0.040000,-15.518889
49,-6.164202,-4.451674,-5.451674,-3.451674,informed,sell_to_mm,-5.451674,3,1.473011,-17.019596,0.090000,-17.109596
50,-4.706876,-3.667783,-4.667783,-2.667783,informed,sell_to_mm,-4.667783,4,6.140793,-12.686711,0.160000,-12.846711
51,-3.350319,-3.975011,-4.975011,-2.975011,informed,none,0.000000,4,6.140793,-7.260482,0.160000,-7.420482
52,-3.526384,-2.342313,-3.342313,-1.342313,price_sensitive_uninformed,none,0.000000,4,6.140793,-7.964742,0.160000,-8.124742
53,-3.152668,-5.157134,-6.157134,-4.157134,informed,buy_from_mm,-4.157134,3,1.983659,-7.474344,0.090000,-7.564344
54,-2.075471,-0.192070,-1.192070,0.807930,price_sensitive_uninformed,none,0.000000,3,1.983659,-4.242754,0.090000,-4.332754
55,-5.780245,-8.469445,-9.469445,-7.469445,price_sensitive_uninformed,none,0.000000,3,1.983659,-15.357075,0.090000,-15.447075
56,-5.664508,-6.339718,-7.339718,-5.339718,price_sensitive_uninformed,sell_to_mm,-7.339718,4,9.323377,-13.334657,0.160000,-13.494657
57,-4.298907,-3.861383,-4.861383,-2.861383,price_sensitive_uninformed,buy_from_mm,-2.861383,3,6.461994,-6.434728,0.090000,-6.524728
58,-1.913700,-1.137758,-2.137758,-0.137758,price_sensitive_uninformed,none,0.000000,3,6.461994,0.720895,0.090000,0.630895
59,-2.407993,-2.870657,-3.870657,-1.870657,price_sensitive_uninformed,none,0.000000,3,6.461994,-0.761984,0.090000,-0.851984
60,-2.186955,-2.997287,-3.997287,-1.997287,informed,none,0.000000,3,6.461994,-0.098872,0.090000,-0.188872
61,-0.839500,-1.703878,-2.703878,-0.703878,informed,none,0.000000,3,6.461994,3.943493,0.090000,3.853493
62,-0.003127,-1.230102,-2.230102,-0.230102,informed,buy_from_mm,-0.230102,2,6.231892,6.225638,0.040000,6.185638
63,-1.161626,-1.262758,-2.262758,-0.262758,price_sensitive_uninformed,none,0.000000,2,6.231892,3.908639,0.040000,3.868639
64,-0.698585,0.522893,-0.477107,1.522893,informed,sell_to_mm,-0.477107,3,6.708998,4.613243,0.090000,4.523243
65,-1.167774,0.937133,-0.062867,1.937133,price_sensitive_uninformed,none,0.000000,3,6.708998,3.205677,0.090000,3.115677
66,-0.815304,-0.297060,-1.297060,0.702940,price_sensitive_uninformed,none,0.000000,3,6.708998,4.263085,0.090000,4.173085
67,-1.169603,-3.025795,-4.025795,-2.025795,price_sensitive_uninformed,none,0.000000,3,6.708998,3.200190,0.090000,3.110190
68,-2.516206,-3.110256,-4.110256,-2.110256,price_sensitive_uninformed,buy_from_mm,-2.110256,2,4.598742,-0.433670,0.040000,-0.473670
69,-1.576704,-2.520928,-3.520928,-1.520928,informed,none,0.000000,2,4.598742,1.445335,0.040000,1.405335
70,-1.464231,-1.056051,-2.056051,-0.056051,price_sensitive_uninformed,none,0.000000,2,4.598742,1.670281,0.040000,1.630281
71,-2.609753,-5.049958,-6.049958,-4.049958,price_sensitive_uninformed,none,0.000000,2,4.598742,-0.620764,0.040000,-0.660764
72,-2.043963,-3.184942,-4.184942,-2.184942,price_sensitive_uninformed,none,0.000000,2,4.598742,0.510817,0.040000,0.470817
73,-1.927239,-2.598484,-3.598484,-1.598484,price_sensitive_uninformed,none,0.000000,2,4.598742,0.744265,0.040000,0.704265
74,-2.458017,-2.688304,-3.688304,-1.688304,price_sensitive_uninformed,none,0.000000,2,4.598742,-0.317292,0.040000,-0.357292
75,-3.118673,-2.372698,-3.372698,-1.372698,price_sensitive_uninformed,none,0.000000,2,4.598742,-1.638604,0.040000,-1.678604
76,-1.348750,-2.810811,-3.810811,-1.810811,price_sensitive_uninformed,none,0.000000,2,4.598742,1.901242,0.040000,1.861242
77,0.209904,-2.101547,-3.101547,-1.101547,price_sensitive_uninformed,none,0.000000,2,4.598742,5.018551,0.040000,4.978551
78,0.909633,0.290968,-0.709032,1.290968,informed,none,0.000000,2,4.598742,6.418008,0.040000,6.378008
79,0.749428,1.464441,0.464441,2.464441,informed,none,0.000000,2,4.598742,6.097599,0.040000,6.057599
80,0.087212,-0.022155,-1.022155,0.977845,informed,none,0.000000,2,4.598742,4.773165,0.040000,4.733165
81,1.385907,0.660378,-0.339622,1.660378,price_sensitive_uninformed,sell_to_mm,-0.339622,3,4.938365,9.096087,0.090000,9.006087
82,2.062758,4.053991,3.053991,5.053991,price_sensitive_uninformed,buy_from_mm,5.053991,2,9.992356,14.117873,0.040000,14.077873
83,3.303136,2.784155,1.784155,3.784155,informed,none,0.000000,2,9.992356,16.598628,0.040000,16.558628
84,4.619253,3.584218,2.584218,4.584218,price_sensitive_uninformed,sell_to_mm,2.584218,3,7.408137,21.265897,0.090000,21.175897
85,5.038845,3.034939,2.034939,4.034939,informed,buy_from_mm,4.034939,2,11.443077,21.520766,0.040000,21.480766
86,5.058930,5.047428,4.047428,6.047428,informed,none,0.000000,2,11.443077,21.560937,0.040000,21.520937
87,3.240155,3.566152,2.566152,4.566152,informed,none,0.000000,2,11.443077,17.923387,0.040000,17.883387
88,2.062833,2.827508,1.827508,3.827508,price_sensitive_uninformed,none,0.000000,2,11.443077,15.568743,0.040000,15.528743
89,2.895473,3.027917,2.027917,4.027917,price_sensitive_uninformed,buy_from_mm,4.027917,1,15.470993,18.366466,0.010000,18.356466
90,3.033629,3.796668,2.796668,4.796668,informed,none,0.000000,1,15.470993,18.504622,0.010000,18.494622
91,2.490805,2.819321,1.819321,3.819321,price_sensitive_uninformed,none,0.000000,1,15.470993,17.961798,0.010000,17.951798
92,3.117790,3.047360,2.047360,4.047360,informed,none,0.000000,1,15.470993,18.588783,0.010000,18.578783
93,4.304337,3.065595,2.065595,4.065595,informed,buy_from_mm,4.065595,0,19.536589,19.536589,0.000000,19.536589
94,4.315906,4.274224,3.274224,5.274224,price_sensitive_uninformed,none,0.000000,0,19.536589,19.536589,0.000000,19.536589
95,2.956658,3.330566,2.330566,4.330566,price_sensitive_uninformed,sell_to_mm,2.330566,1,17.206022,20.162680,0.010000,20.152680
96,3.992521,5.307814,4.307814,6.307814,informed,sell_to_mm,4.307814,2,12.898208,20.883250,0.040000,20.843250
97,3.919529,3.683556,2.683556,4.683556,price_sensitive_uninformed,none,0.000000,2,12.898208,20.737266,0.040000,20.697266
98,3.228178,3.511412,2.511412,4.511412,price_sensitive_uninformed,none,0.000000,2,12.898208,19.354563,0.040000,19.314563
99,4.339464,4.905127,3.905127,5.905127,price_sensitive_uninformed,none,0.000000,2,12.898208,21.577136,0.040000,21.537136
100,3.080350,3.805296,2.805296,4.805296,price_sensitive_uninformed,buy_from_mm,4.805296,1,17.703504,20.783854,0.010000,20.773854
101,5.096872,5.197374,4.197374,6.197374,price_sensitive_uninformed,none,0.000000,1,17.703504,22.800377,0.010000,22.790377
102,5.372953,6.299552,5.299552,7.299552,price_sensitive_uninformed,buy_from_mm,7.299552,0,25.003056,25.003056,0.000000,25.003056
103,5.461605,5.835506,4.835506,6.835506,price_sensitive_uninformed,sell_to_mm,4.835506,1,20.167550,25.629155,0.010000,25.619155
104,4.680644,5.637900,4.637900,6.637900,informed,none,0.000000,1,20.167550,24.848194,0.010000,24.838194
105,4.911806,4.266914,3.266914,5.266914,price_sensitive_uninformed,none,0.000000,1,20.167550,25.079357,0.010000,25.069357
106,5.397892,3.649489,2.649489,4.649489,price_sensitive_uninformed,none,0.000000,1,20.167550,25.565442,0.010000,25.555442
107,4.754860,5.064424,4.064424,6.064424,price_sensitive_uninformed,none,0.000000,1,20.167550,24.922411,0.010000,24.912411
108,4.732459,4.019182,3.019182,5.019182,price_sensitive_uninformed,none,0.000000,1,20.167550,24.900009,0.010000,24.890009
109,4.108058,3.832614,2.832614,4.832614,price_sensitive_uninformed,none,0.000000,1,20.167550,24.275609,0.010000,24.265609
110,4.834266,2.553191,1.553191,3.553191,price_sensitive_uninformed,none,0.000000,1,20.167550,25.001816,0.010000,24.991816
111,3.218734,3.198139,2.198139,4.198139,informed,none,0.000000,1,20.167550,23.386284,0.010000,23.376284
112,1.849004,1.397848,0.397848,2.397848,price_sensitive_uninformed,sell_to_mm,0.397848,2,19.769703,23.467711,0.040000,23.427711
113,2.510618,2.426890,1.426890,3.426890,price_sensitive_uninformed,sell_to_mm,1.426890,3,18.342813,25.874667,0.090000,25.784667
114,1.141919,0.427425,-0.572575,1.427425,price_sensitive_uninformed,none,0.000000,3,18.342813,21.768572,0.090000,21.678572
115,0.022954,0.246382,-0.753618,1.246382,informed,none,0.000000,3,18.342813,18.411676,0.090000,18.321676
116,-0.458885,-0.725525,-1.725525,0.274475,informed,none,0.000000,3,18.342813,16.966157,0.090000,16.876157
117,0.513672,0.890276,-0.109724,1.890276,price_sensitive_uninformed,sell_to_mm,-0.109724,4,18.452538,20.507226,0.160000,20.347226
118,0.414232,1.043453,0.043453,2.043453,informed,none,0.000000,4,18.452538,20.109467,0.160000,19.949467
119,0.535844,2.364079,1.364079,3.364079,price_sensitive_uninformed,none,0.000000,4,18.452538,20.595915,0.160000,20.435915
120,1.467597,3.030830,2.030830,4.030830,price_sensitive_uninformed,buy_from_mm,4.030830,3,22.483367,26.886160,0.090000,26.796160
121,1.744630,2.291483,1.291483,3.291483,price_sensitive_uninformed,none,0.000000,3,22.483367,27.717257,0.090000,27.627257
122,2.668777,4.031149,3.031149,5.031149,price_sensitive_uninformed,sell_to_mm,3.031149,4,19.452218,30.127326,0.160000,29.967326
123,0.561720,0.351381,-0.648619,1.351381,informed,none,0.000000,4,19.452218,21.699099,0.160000,21.539099
124,1.989172,1.696577,0.696577,2.696577,informed,none,0.000000,4,19.452218,27.408905,0.160000,27.248905
125,0.811314,2.151238,1.151238,3.151238,price_sensitive_uninformed,buy_from_mm,3.151238,3,22.603457,25.037398,0.090000,24.947398
126,1.529361,0.811538,-0.188462,1.811538,informed,none,0.000000,3,22.603457,27.191539,0.090000,27.101539
127,3.467062,3.592881,2.592881,4.592881,informed,none,0.000000,3,22.603457,33.004643,0.090000,32.914643
128,4.415889,3.805864,2.805864,4.805864,price_sensitive_uninformed,none,0.000000,3,22.603457,35.851122,0.090000,35.761122
129,1.886084,2.183604,1.183604,3.183604,informed,none,0.000000,3,22.603457,28.261708,0.090000,28.171708
130,2.721261,1.528841,0.528841,2.528841,informed,buy_from_mm,2.528841,2,25.132297,30.574818,0.040000,30.534818
131,4.929660,5.825163,4.825163,6.825163,informed,none,0.000000,2,25.132297,34.991618,0.040000,34.951618
132,6.156039,6.691086,5.691086,7.691086,price_sensitive_uninformed,none,0.000000,2,25.132297,37.444376,0.040000,37.404376
133,7.052632,6.684591,5.684591,7.684591,informed,none,0.000000,2,25.132297,39.237562,0.040000,39.197562
134,7.645636,8.073540,7.073540,9.073540,informed,none,0.000000,2,25.132297,40.423569,0.040000,40.383569
135,7.594965,8.431380,7.431380,9.431380,price_sensitive_uninformed,buy_from_mm,9.431380,1,34.563677,42.158642,0.010000,42.148642
136,7.873145,6.720308,5.720308,7.720308,informed,buy_from_mm,7.720308,0,42.283985,42.283985,0.000000,42.283985
137,8.822238,7.849732,6.849732,8.849732,informed,none,0.000000,0,42.283985,42.283985,0.000000,42.283985
138,10.938811,11.861960,10.861960,12.861960,price_sensitive_uninformed,none,0.000000,0,42.283985,42.283985,0.000000,42.283985
139,11.552853,11.636456,10.636456,12.636456,price_sensitive_uninformed,buy_from_mm,12.636456,-1,54.920441,43.367588,0.010000,43.357588
140,12.268866,13.444542,12.444542,14.444542,informed,sell_to_mm,12.444542,0,42.475899,42.475899,0.000000,42.475899
141,12.571185,12.546091,11.546091,13.546091,informed,none,0.000000,0,42.475899,42.475899,0.000000,42.475899
142,10.929773,10.860662,9.860662,11.860662,price_sensitive_uninformed,sell_to_mm,9.860662,1,32.615237,43.545010,0.010000,43.535010
143,10.816334,11.120589,10.120589,12.120589,price_sensitive_uninformed,none,0.000000,1,32.615237,43.431571,0.010000,43.421571
144,11.053251,10.443505,9.443505,11.443505,informed,none,0.000000,1,32.615237,43.668488,0.010000,43.658488
145,11.601196,10.718879,9.718879,11.718879,informed,none,0.000000,1,32.615237,44.216433,0.010000,44.206433
146,10.760126,11.329482,10.329482,12.329482,informed,none,0.000000,1,32.615237,43.375363,0.010000,43.365363
147,10.444584,10.879670,9.879670,11.879670,price_sensitive_uninformed,none,0.000000,1,32.615237,43.059820,0.010000,43.049820
148,11.136878,12.254639,11.254639,13.254639,informed,sell_to_mm,11.254639,2,21.360598,43.634354,0.040000,43.594354
149,10.592371,12.032414,11.032414,13.032414,price_sensitive_uninformed,none,0.000000,2,21.360598,42.545341,0.040000,42.505341
150,10.009907,9.801814,8.801814,10.801814,price_sensitive_uninformed,none,0.000000,2,21.360598,41.380412,0.040000,41.340412
151,11.760905,12.594618,11.594618,13.594618,price_sensitive_uninformed,none,0.000000,2,21.360598,44.882408,0.040000,44.842408
152,10.989601,10.863173,9.863173,11.863173,price_sensitive_uninformed,sell_to_mm,9.863173,3,11.497425,44.466229,0.090000,44.376229
153,9.586056,9.792632,8.792632,10.792632,price_sensitive_uninformed,none,0.000000,3,11.497425,40.255592,0.090000,40.165592
154,9.472756,8.881632,7.881632,9.881632,price_sensitive_uninformed,sell_to_mm,7.881632,4,3.615793,41.506819,0.160000,41.346819
155,10.578340,9.960867,8.960867,10.960867,price_sensitive_uninformed,none,0.000000,4,3.615793,45.929155,0.160000,45.769155
156,9.211166,10.180146,9.180146,11.180146,price_sensitive_uninformed,none,0.000000,4,3.615793,40.460458,0.160000,40.300458
157,8.908703,8.283052,7.283052,9.283052,price_sensitive_uninformed,buy_from_mm,9.283052,3,12.898844,39.624954,0.090000,39.534954
158,10.691122,11.293529,10.293529,12.293529,price_sensitive_uninformed,buy_from_mm,12.293529,2,25.192373,46.574617,0.040000,46.534617
159,10.260233,10.378996,9.378996,11.378996,informed,none,0.000000,2,25.192373,45.712839,0.040000,45.672839
160,9.639977,9.444479,8.444479,10.444479,price_sensitive_uninformed,none,0.000000,2,25.192373,44.472328,0.040000,44.432328
161,10.265186,11.199605,10.199605,12.199605,informed,none,0.000000,2,25.192373,45.722746,0.040000,45.682746
162,10.071814,9.383317,8.383317,10.383317,price_sensitive_uninformed,sell_to_mm,8.383317,3,16.809056,47.024499,0.090000,46.934499
163,10.015142,9.879528,8.879528,10.879528,price_sensitive_uninformed,sell_to_mm,8.879528,4,7.929528,47.990094,0.160000,47.830094
164,8.454140,10.173131,9.173131,11.173131,price_sensitive_uninformed,none,0.000000,4,7.929528,41.746088,0.160000,41.586088
165,9.622461,9.481855,8.481855,10.481855,price_sensitive_uninformed,none,0.000000,4,7.929528,46.419372,0.160000,46.259372
166,11.767264,12.176732,11.176732,13.176732,price_sensitive_uninformed,none,0.000000,4,7.929528,54.998585,0.160000,54.838585
167,13.196951,12.822775,11.822775,13.822775,informed,none,0.000000,4,7.929528,60.717331,0.160000,60.557331
168,13.112291,14.399980,13.399980,15.399980,informed,sell_to_mm,13.399980,5,-5.470452,60.091003,0.250000,59.841003
169,14.379248,12.603098,11.603098,13.603098,informed,buy_from_mm,13.603098,4,8.132646,65.649637,0.160000,65.489637
170,14.306801,15.446323,14.446323,16.446323,price_sensitive_uninformed,none,0.000000,4,8.132646,65.359851,0.160000,65.199851
171,14.698624,14.454104,13.454104,15.454104,price_sensitive_uninformed,none,0.000000,4,8.132646,66.927141,0.160000,66.767141
172,14.231555,15.713235,14.713235,16.713235,informed,sell_to_mm,14.713235,5,-6.580589,64.577185,0.250000,64.327185
173,13.775710,14.881790,13.881790,15.881790,informed,sell_to_mm,13.881790,6,-20.462379,62.191883,0.360000,61.831883
174,13.049925,12.579930,11.579930,13.579930,price_sensitive_uninformed,buy_from_mm,13.579930,5,-6.882449,58.367177,0.250000,58.117177
175,14.094112,13.414157,12.414157,14.414157,price_sensitive_uninformed,none,0.000000,5,-6.882449,63.588113,0.250000,63.338113
176,12.192191,11.924643,10.924643,12.924643,price_sensitive_uninformed,none,0.000000,5,-6.882449,54.078505,0.250000,53.828505
177,11.815008,12.504455,11.504455,13.504455,price_sensitive_uninformed,none,0.000000,5,-6.882449,52.192590,0.250000,51.942590
178,12.319182,11.414052,10.414052,12.414052,price_sensitive_uninformed,sell_to_mm,10.414052,6,-17.296501,56.618589,0.360000,56.258589
179,12.745103,12.048665,11.048665,13.048665,informed,none,0.000000,6,-17.296501,59.174117,0.360000,58.814117
180,11.796046,10.375116,9.375116,11.375116,price_sensitive_uninformed,buy_from_mm,11.375116,5,-5.921385,53.058846,0.250000,52.808846
181,11.035091,13.434548,12.434548,14.434548,price_sensitive_uninformed,sell_to_mm,12.434548,6,-18.355933,47.854611,0.360000,47.494611
182,10.671680,10.027096,9.027096,11.027096,price_sensitive_uninformed,none,0.000000,6,-18.355933,45.674147,0.360000,45.314147
183,10.247834,9.960303,8.960303,10.960303,price_sensitive_uninformed,none,0.000000,6,-18.355933,43.131069,0.360000,42.771069
184,9.635416,10.869291,9.869291,11.869291,informed,sell_to_mm,9.869291,7,-28.225224,39.222690,0.490000,38.732690
185,9.210149,9.941604,8.941604,10.941604,price_sensitive_uninformed,buy_from_mm,10.941604,6,-17.283620,37.977276,0.360000,37.617276
186,7.301433,9.047125,8.047125,10.047125,informed,sell_to_mm,8.047125,7,-25.330745,25.779287,0.490000,25.289287
187,6.844525,7.884470,6.884470,8.884470,price_sensitive_uninformed,none,0.000000,7,-25.330745,22.580929,0.490000,22.090929
188,6.066359,5.443109,4.443109,6.443109,price_sensitive_uninformed,none,0.000000,7,-25.330745,17.133767,0.490000,16.643767
189,7.072740,5.110017,4.110017,6.110017,informed,buy_from_mm,6.110017,6,-19.220728,23.215709,0.360000,22.855709
190,7.668345,8.694204,7.694204,9.694204,informed,sell_to_mm,7.694204,7,-26.914932,26.763484,0.490000,26.273484
191,6.894294,4.992972,3.992972,5.992972,informed,buy_from_mm,5.992972,6,-20.921960,20.443806,0.360000,20.083806
192,9.046158,9.063606,8.063606,10.063606,informed,none,0.000000,6,-20.921960,33.354987,0.360000,32.994987
193,9.959658,10.923739,9.923739,11.923739,informed,none,0.000000,6,-20.921960,38.835988,0.360000,38.475988
194,9.937518,9.325333,8.325333,10.325333,price_sensitive_uninformed,none,0.000000,6,-20.921960,38.703150,0.360000,38.343150
195,9.988755,10.006347,9.006347,11.006347,informed,none,0.000000,6,-20.921960,39.010568,0.360000,38.650568
196,9.552553,8.415292,7.415292,9.415292,informed,buy_from_mm,9.415292,5,-11.506667,36.256099,0.250000,36.006099
197,8.738969,9.045434,8.045434,10.045434,informed,none,0.000000,5,-11.506667,32.188179,0.250000,31.938179
198,7.451454,7.086673,6.086673,8.086673,informed,none,0.000000,5,-11.506667,25.750604,0.250000,25.500604
199,7.122578,7.425610,6.425610,8.425610,price_sensitive_uninformed,none,0.000000,5,-11.506667,24.106225,0.250000,23.856225
200,8.198838,9.350754,8.350754,10.350754,price_sensitive_uninformed,none,0.000000,5,-11.506667,29.487524,0.250000,29.237524
201,8.414706,8.943427,7.943427,9.943427,price_sensitive_uninformed,none,0.000000,5,-11.506667,30.566865,0.250000,30.316865
202,8.488014,9.561483,8.561483,10.561483,informed,sell_to_mm,8.561483,6,-20.068150,30.859932,0.360000,30.499932
203,8.234814,8.578415,7.578415,9.578415,informed,none,0.000000,6,-20.068150,29.340735,0.360000,28.980735
204,8.980907,8.470094,7.470094,9.470094,price_sensitive_uninformed,sell_to_mm,7.470094,7,-27.538244,35.328104,0.490000,34.838104
205,10.603438,8.302735,7.302735,9.302735,price_sensitive_uninformed,sell_to_mm,7.302735,8,-34.840979,49.986524,0.640000,49.346524
206,12.214935,11.334818,10.334818,12.334818,price_sensitive_uninformed,none,0.000000,8,-34.840979,62.878502,0.640000,62.238502
207,10.705631,10.751918,9.751918,11.751918,price_sensitive_uninformed,none,0.000000,8,-34.840979,50.804073,0.640000,50.164073
208,9.331781,7.775950,6.775950,8.775950,informed,buy_from_mm,8.775950,7,-26.065029,39.257435,0.490000,38.767435
209,9.811500,10.019632,9.019632,11.019632,informed,none,0.000000,7,-26.065029,42.615471,0.490000,42.125471
210,13.456630,11.770471,10.770471,12.770471,informed,buy_from_mm,12.770471,6,-13.294557,67.445221,0.360000,67.085221
211,14.712094,15.116746,14.116746,16.116746,price_sensitive_uninformed,none,0.000000,6,-13.294557,74.978006,0.360000,74.618006
212,16.427857,15.204313,14.204313,16.204313,price_sensitive_uninformed,none,0.000000,6,-13.294557,85.272586,0.360000,84.912586
213,16.873699,16.365430,15.365430,17.365430,informed,none,0.000000,6,-13.294557,87.947637,0.360000,87.587637
214,16.502402,15.387796,14.387796,16.387796,price_sensitive_uninformed,none,0.000000,6,-13.294557,85.719852,0.360000,85.359852
215,17.803707,18.753880,17.753880,19.753880,price_sensitive_uninformed,sell_to_mm,17.753880,7,-31.048437,93.577512,0.490000,93.087512
216,16.467091,16.623274,15.623274,17.623274,price_sensitive_uninformed,sell_to_mm,15.623274,8,-46.671712,85.065014,0.640000,84.425014
217,17.535966,18.520659,17.520659,19.520659,price_sensitive_uninformed,none,0.000000,8,-46.671712,93.616017,0.640000,92.976017
218,18.537674,17.925851,16.925851,18.925851,price_sensitive_uninformed,buy_from_mm,18.925851,7,-27.745861,102.017856,0.490000,101.527856
219,19.644858,20.040047,19.040047,21.040047,price_sensitive_uninformed,none,0.000000,7,-27.745861,109.768144,0.490000,109.278144
220,20.744824,19.931566,18.931566,20.931566,price_sensitive_uninformed,sell_to_mm,18.931566,8,-46.677427,119.281163,0.640000,118.641163
221,20.156067,20.274237,19.274237,21.274237,price_sensitive_uninformed,buy_from_mm,21.274237,7,-25.403190,115.689279,0.490000,115.199279
222,19.934913,17.629327,16.629327,18.629327,price_sensitive_uninformed,buy_from_mm,18.629327,6,-6.773862,112.835615,0.360000,112.475615
223,19.470334,20.766727,19.766727,21.766727,price_sensitive_uninformed,none,0.000000,6,-6.773862,110.048142,0.360000,109.688142
224,18.780465,19.322941,18.322941,20.322941,informed,none,0.000000,6,-6.773862,105.908925,0.360000,105.548925
225,19.644787,21.990800,20.990800,22.990800,price_sensitive_uninformed,none,0.000000,6,-6.773862,111.094862,0.360000,110.734862
226,18.671749,18.593476,17.593476,19.593476,price_sensitive_uninformed,sell_to_mm,17.593476,7,-24.367339,106.334904,0.490000,105.844904
227,19.297069,20.354055,19.354055,21.354055,informed,sell_to_mm,19.354055,8,-43.721394,110.655156,0.640000,110.015156
228,20.724501,21.215245,20.215245,22.215245,price_sensitive_uninformed,none,0.000000,8,-43.721394,122.074613,0.640000,121.434613
229,19.669035,20.798236,19.798236,21.798236,informed,sell_to_mm,19.798236,9,-63.519630,113.501682,0.810000,112.691682
230,20.329432,21.248466,20.248466,22.248466,price_sensitive_uninformed,buy_from_mm,22.248466,8,-41.271163,121.364297,0.640000,120.724297
231,20.323437,19.883428,18.883428,20.883428,price_sensitive_uninformed,none,0.000000,8,-41.271163,121.316332,0.640000,120.676332
232,17.871117,17.438412,16.438412,18.438412,informed,none,0.000000,8,-41.271163,101.697773,0.640000,101.057773
233,17.724616,17.476681,16.476681,18.476681,informed,none,0.000000,8,-41.271163,100.525764,0.640000,99.885764
234,19.025559,19.230858,18.230858,20.230858,price_sensitive_uninformed,sell_to_mm,18.230858,9,-59.502021,111.728008,0.810000,110.918008
235,17.852056,17.165934,16.165934,18.165934,informed,none,0.000000,9,-59.502021,101.166485,0.810000,100.356485
236,17.597592,18.044237,17.044237,19.044237,price_sensitive_uninformed,none,0.000000,9,-59.502021,98.876311,0.810000,98.066311
237,18.486913,17.959191,16.959191,18.959191,price_sensitive_uninformed,buy_from_mm,18.959191,8,-40.542830,107.352472,0.640000,106.712472
238,16.594766,15.561187,14.561187,16.561187,price_sensitive_uninformed,none,0.000000,8,-40.542830,92.215297,0.640000,91.575297
239,15.763050,15.173327,14.173327,16.173327,informed,none,0.000000,8,-40.542830,85.561574,0.640000,84.921574
240,15.807112,15.412440,14.412440,16.412440,price_sensitive_uninformed,none,0.000000,8,-40.542830,85.914066,0.640000,85.274066
241,14.481828,15.272897,14.272897,16.272897,price_sensitive_uninformed,sell_to_mm,14.272897,9,-54.815726,75.520722,0.810000,74.710722
242,14.524057,16.103538,15.103538,17.103538,price_sensitive_uninformed,none,0.000000,9,-54.815726,75.900784,0.810000,75.090784
243,13.653830,14.760708,13.760708,15.760708,informed,sell_to_mm,13.760708,10,-68.576434,67.961871,1.000000,66.961871
244,15.325581,15.616582,14.616582,16.616582,informed,none,0.000000,10,-68.576434,84.679378,1.000000,83.679378
245,16.442474,15.547244,14.547244,16.547244,price_sensitive_uninformed,sell_to_mm,14.547244,11,-83.123678,97.743538,1.210000,96.533538
246,14.727921,15.234828,14.234828,16.234828,informed,none,0.000000,11,-83.123678,78.883456,1.210000,77.673456
247,15.948901,16.104507,15.104507,17.104507,informed,none,0.000000,11,-83.123678,92.314232,1.210000,91.104232
248,17.321446,17.394822,16.394822,18.394822,price_sensitive_uninformed,none,0.000000,11,-83.123678,107.412229,1.210000,106.202229
249,14.934683,16.233449,15.233449,17.233449,price_sensitive_uninformed,none,0.000000,11,-83.123678,81.157830,1.210000,79.947830
250,13.577559,14.020205,13.020205,15.020205,informed,none,0.000000,11,-83.123678,66.229465,1.210000,65.019465
251,14.536632,14.678004,13.678004,15.678004,informed,none,0.000000,11,-83.123678,76.779274,1.210000,75.569274
252,15.615409,16.738277,15.738277,17.738277,price_sensitive_uninformed,none,0.000000,11,-83.123678,88.645817,1.210000,87.435817
253,15.642259,15.710258,14.710258,16.710258,price_sensitive_uninformed,none,0.000000,11,-83.123678,88.941175,1.210000,87.731175
254,14.639020,13.201602,12.201602,14.201602,price_sensitive_uninformed,none,0.000000,11,-83.123678,77.905537,1.210000,76.695537
255,14.097100,13.996463,12.996463,14.996463,price_sensitive_uninformed,none,0.000000,11,-83.123678,71.944417,1.210000,70.734417
256,15.181073,14.922320,13.922320,15.922320,informed,none,0.000000,11,-83.123678,83.868124,1.210000,82.658124
257,17.778239,18.731455,17.731455,19.731455,price_sensitive_uninformed,none,0.000000,11,-83.123678,112.436948,1.210000,111.226948
258,17.742287,18.215962,17.215962,19.215962,price_sensitive_uninformed,sell_to_mm,17.215962,12,-100.339640,112.567801,1.440000,111.127801
259,17.672839,18.256908,17.256908,19.256908,informed,none,0.000000,12,-100.339640,111.734431,1.440000,110.294431
260,17.941394,17.586839,16.586839,18.586839,price_sensitive_uninformed,sell_to_mm,16.586839,13,-116.926479,116.311638,1.690000,114.621638
261,18.775921,19.365224,18.365224,20.365224,price_sensitive_uninformed,sell_to_mm,18.365224,14,-135.291703,127.571187,1.960000,125.611187
262,19.115131,18.688459,17.688459,19.688459,price_sensitive_uninformed,none,0.000000,14,-135.291703,132.320132,1.960000,130.360132
263,19.534292,19.198637,18.198637,20.198637,informed,none,0.000000,14,-135.291703,138.188386,1.960000,136.228386
264,20.213932,18.554778,17.554778,19.554778,price_sensitive_uninformed,buy_from_mm,19.554778,13,-115.736925,147.044187,1.690000,145.354187
265,20.458711,21.086478,20.086478,22.086478,price_sensitive_uninformed,buy_from_mm,22.086478,12,-93.650447,151.854087,1.440000,150.414087
266,21.026938,21.320986,20.320986,22.320986,informed,none,0.000000,12,-93.650447,158.672809,1.440000,157.232809
267,20.939315,20.383707,19.383707,21.383707,informed,none,0.000000,12,-93.650447,157.621328,1.440000,156.181328
268,20.665120,20.559366,19.559366,21.559366,price_sensitive_uninformed,buy_from_mm,21.559366,11,-72.091081,155.225236,1.210000,154.015236
269,21.330131,21.265130,20.265130,22.265130,price_sensitive_uninformed,none,0.000000,11,-72.091081,162.540357,1.210000,161.330357
270,22.282764,21.166766,20.166766,22.166766,informed,buy_from_mm,22.166766,10,-49.924315,172.903324,1.000000,171.903324
271,21.557370,21.024742,20.024742,22.024742,price_sensitive_uninformed,none,0.000000,10,-49.924315,165.649385,1.000000,164.649385
272,21.378781,21.109556,20.109556,22.109556,price_sensitive_uninformed,sell_to_mm,20.109556,11,-70.033871,165.132725,1.210000,163.922725
273,22.346321,20.908875,19.908875,21.908875,informed,buy_from_mm,21.908875,10,-48.124996,175.338213,1.000000,174.338213
274,22.824526,22.927099,21.927099,23.927099,informed,none,0.000000,10,-48.124996,180.120263,1.000000,179.120263
275,23.469450,22.876374,21.876374,23.876374,price_sensitive_uninformed,none,0.000000,10,-48.124996,186.569500,1.000000,185.569500
276,24.548913,26.185994,25.185994,27.185994,informed,sell_to_mm,25.185994,11,-73.310990,196.727051,1.210000,195.517051
277,24.249890,24.171411,23.171411,25.171411,price_sensitive_uninformed,none,0.000000,11,-73.310990,193.437795,1.210000,192.227795
278,24.079561,24.273075,23.273075,25.273075,price_sensitive_uninformed,none,0.000000,11,-73.310990,191.564186,1.210000,190.354186
279,24.853910,24.131668,23.131668,25.131668,informed,none,0.000000,11,-73.310990,200.082016,1.210000,198.872016
280,23.657948,23.232288,22.232288,24.232288,price_sensitive_uninformed,buy_from_mm,24.232288,10,-49.078701,187.500781,1.000000,186.500781
281,23.670184,23.693094,22.693094,24.693094,price_sensitive_uninformed,none,0.000000,10,-49.078701,187.623138,1.000000,186.623138
282,22.480801,21.518158,20.518158,22.518158,price_sensitive_uninformed,none,0.000000,10,-49.078701,175.729308,1.000000,174.729308
283,23.179978,22.885410,21.885410,23.885410,informed,none,0.000000,10,-49.078701,182.721079,1.000000,181.721079
284,24.279068,21.408099,20.408099,22.408099,price_sensitive_uninformed,none,0.000000,10,-49.078701,193.711980,1.000000,192.711980
285,22.199103,22.451229,21.451229,23.451229,informed,none,0.000000,10,-49.078701,172.912329,1.000000,171.912329
286,22.326248,22.495947,21.495947,23.495947,informed,none,0.000000,10,-49.078701,174.183779,1.000000,173.183779
287,22.883720,22.623462,21.623462,23.623462,price_sensitive_uninformed,none,0.000000,10,-49.078701,179.758502,1.000000,178.758502
288,23.931877,24.299011,23.299011,25.299011,price_sensitive_uninformed,none,0.000000,10,-49.078701,190.240070,1.000000,189.240070
289,24.745452,24.366136,23.366136,25.366136,price_sensitive_uninformed,none,0.000000,10,-49.078701,198.375819,1.000000,197.375819
290,24.632952,23.440242,22.440242,24.440242,price_sensitive_uninformed,sell_to_mm,22.440242,11,-71.518943,199.443528,1.210000,198.233528
291,25.040640,25.499940,24.499940,26.499940,price_sensitive_uninformed,sell_to_mm,24.499940,12,-96.018883,204.468793,1.440000,203.028793
292,25.303989,24.168348,23.168348,25.168348,price_sensitive_uninformed,none,0.000000,12,-96.018883,207.628981,1.440000,206.188981
293,24.234365,25.074896,24.074896,26.074896,price_sensitive_uninformed,buy_from_mm,26.074896,11,-69.943987,196.634025,1.210000,195.424025
294,27.716362,29.288993,28.288993,30.288993,informed,sell_to_mm,28.288993,12,-98.232980,234.363368,1.440000,232.923368
295,26.204298,25.964627,24.964627,26.964627,price_sensitive_uninformed,none,0.000000,12,-98.232980,216.218597,1.440000,214.778597
296,25.439500,25.251530,24.251530,26.251530,informed,none,0.000000,12,-98.232980,207.041017,1.440000,205.601017
297,23.201785,24.670171,23.670171,25.670171,informed,sell_to_mm,23.670171,13,-121.903151,179.720057,1.690000,178.030057
298,24.232285,24.194865,23.194865,25.194865,informed,none,0.000000,13,-121.903151,193.116551,1.690000,191.426551
299,22.729329,22.913076,21.913076,23.913076,price_sensitive_uninformed,none,0.000000,13,-121.903151,173.578132,1.690000,171.888132
300,22.471620,22.541257,21.541257,23.541257,informed,none,0.000000,13,-121.903151,170.227912,1.690000,168.537912
301,21.998272,22.775907,21.775907,23.775907,price_sensitive_uninformed,none,0.000000,13,-121.903151,164.074386,1.690000,162.384386
302,23.161794,23.410687,22.410687,24.410687,price_sensitive_uninformed,buy_from_mm,24.410687,12,-97.492464,180.449060,1.440000,179.009060
303,22.800216,23.217432,22.217432,24.217432,price_sensitive_uninformed,none,0.000000,12,-97.492464,176.110131,1.440000,174.670131
304,22.069414,22.647210,21.647210,23.647210,informed,none,0.000000,12,-97.492464,167.340508,1.440000,165.900508
305,23.504336,22.240164,21.240164,23.240164,price_sensitive_uninformed,buy_from_mm,23.240164,11,-74.252301,184.295394,1.210000,183.085394
306,23.402403,23.642532,22.642532,24.642532,price_sensitive_uninformed,none,0.000000,11,-74.252301,183.174128,1.210000,181.964128
307,23.683857,23.797485,22.797485,24.797485,informed,none,0.000000,11,-74.252301,186.270123,1.210000,185.060123
308,22.878922,23.982081,22.982081,24.982081,price_sensitive_uninformed,none,0.000000,11,-74.252301,177.415843,1.210000,176.205843
309,23.408614,24.314147,23.314147,25.314147,price_sensitive_uninformed,buy_from_mm,25.314147,10,-48.938153,185.147992,1.000000,184.147992
310,21.655497,23.279992,22.279992,24.279992,informed,sell_to_mm,22.279992,11,-71.218145,166.992326,1.210000,165.782326
311,21.441620,21.272591,20.272591,22.272591,price_sensitive_uninformed,buy_from_mm,22.272591,10,-48.945554,165.470648,1.000000,164.470648
312,22.454944,22.209712,21.209712,23.209712,informed,none,0.000000,10,-48.945554,175.603882,1.000000,174.603882
313,22.030750,24.249388,23.249388,25.249388,price_sensitive_uninformed,none,0.000000,10,-48.945554,171.361951,1.000000,170.361951
314,20.922196,19.856505,18.856505,20.856505,price_sensitive_uninformed,none,0.000000,10,-48.945554,160.276404,1.000000,159.276404
315,20.852734,20.282021,19.282021,21.282021,informed,none,0.000000,10,-48.945554,159.581789,1.000000,158.581789
316,18.943550,19.516218,18.516218,20.516218,informed,none,0.000000,10,-48.945554,140.489949,1.000000,139.489949
317,18.827130,19.138773,18.138773,20.138773,price_sensitive_uninformed,none,0.000000,10,-48.945554,139.325748,1.000000,138.325748
318,17.586550,18.922760,17.922760,19.922760,price_sensitive_uninformed,none,0.000000,10,-48.945554,126.919942,1.000000,125.919942
319,17.040557,14.499669,13.499669,15.499669,price_sensitive_uninformed,buy_from_mm,15.499669,9,-33.445885,119.919127,0.810000,119.109127
320,14.198116,15.493107,14.493107,16.493107,informed,sell_to_mm,14.493107,10,-47.938991,94.042172,1.000000,93.042172
321,14.259682,14.620656,13.620656,15.620656,price_sensitive_uninformed,sell_to_mm,13.620656,11,-61.559647,95.296851,1.210000,94.086851
322,14.590399,14.133614,13.133614,15.133614,price_sensitive_uninformed,none,0.000000,11,-61.559647,98.934745,1.210000,97.724745
323,15.433864,14.474535,13.474535,15.474535,informed,none,0.000000,11,-61.559647,108.212858,1.210000,107.002858
324,15.978576,15.311066,14.311066,16.311066,price_sensitive_uninformed,none,0.000000,11,-61.559647,114.204691,1.210000,112.994691
325,15.290358,13.538891,12.538891,14.538891,price_sensitive_uninformed,none,0.000000,11,-61.559647,106.634286,1.210000,105.424286
326,14.859573,14.882279,13.882279,15.882279,informed,none,0.000000,11,-61.559647,101.895655,1.210000,100.685655
327,14.650620,14.419031,13.419031,15.419031,informed,none,0.000000,11,-61.559647,99.597171,1.210000,98.387171
328,14.581403,14.192733,13.192733,15.192733,price_sensitive_uninformed,none,0.000000,11,-61.559647,98.835790,1.210000,97.625790
329,13.155392,13.188496,12.188496,14.188496,informed,none,0.000000,11,-61.559647,83.149659,1.210000,81.939659
330,13.132729,12.353762,11.353762,13.353762,informed,none,0.000000,11,-61.559647,82.900368,1.210000,81.690368
331,11.835438,11.093314,10.093314,12.093314,price_sensitive_uninformed,none,0.000000,11,-61.559647,68.630176,1.210000,67.420176
332,13.796674,14.716166,13.716166,15.716166,informed,none,0.000000,11,-61.559647,90.203767,1.210000,88.993767
333,12.286042,12.803737,11.803737,13.803737,informed,none,0.000000,11,-61.559647,73.586815,1.210000,72.376815
334,12.464450,12.276473,11.276473,13.276473,informed,none,0.000000,11,-61.559647,75.549301,1.210000,74.339301
335,13.822380,13.672297,12.672297,14.672297,price_sensitive_uninformed,sell_to_mm,12.672297,12,-74.231944,91.636622,1.440000,90.196622
336,13.230111,11.734785,10.734785,12.734785,price_sensitive_uninformed,none,0.000000,12,-74.231944,84.529383,1.440000,83.089383
337,14.808958,15.662855,14.662855,16.662855,price_sensitive_uninformed,none,0.000000,12,-74.231944,103.475552,1.440000,102.035552
338,14.213566,14.438887,13.438887,15.438887,price_sensitive_uninformed,buy_from_mm,15.438887,11,-58.793057,97.556168,1.210000,96.346168
339,15.238300,14.663559,13.663559,15.663559,price_sensitive_uninformed,buy_from_mm,15.663559,10,-43.129498,109.253501,1.000000,108.253501
340,16.111017,15.920002,14.920002,16.920002,price_sensitive_uninformed,none,0.000000,10,-43.129498,117.980671,1.000000,116.980671
341,17.578169,17.513085,16.513085,18.513085,price_sensitive_uninformed,none,0.000000,10,-43.129498,132.652193,1.000000,131.652193
342,18.221634,18.254932,17.254932,19.254932,price_sensitive_uninformed,none,0.000000,10,-43.129498,139.086841,1.000000,138.086841
343,18.649993,19.020405,18.020405,20.020405,price_sensitive_uninformed,none,0.000000,10,-43.129498,143.370429,1.000000,142.370429
344,18.838597,19.367286,18.367286,20.367286,price_sensitive_uninformed,none,0.000000,10,-43.129498,145.256473,1.000000,144.256473
345,17.890230,17.341812,16.341812,18.341812,informed,none,0.000000,10,-43.129498,135.772798,1.000000,134.772798
346,18.498804,18.706237,17.706237,19.706237,price_sensitive_uninformed,none,0.000000,10,-43.129498,141.858546,1.000000,140.858546
347,18.152457,18.550544,17.550544,19.550544,price_sensitive_uninformed,none,0.000000,10,-43.129498,138.395076,1.000000,137.395076
348,17.708740,17.888548,16.888548,18.888548,informed,none,0.000000,10,-43.129498,133.957897,1.000000,132.957897
349,15.607422,17.202526,16.202526,18.202526,price_sensitive_uninformed,none,0.000000,10,-43.129498,112.944724,1.000000,111.944724
350,16.454751,15.565944,14.565944,16.565944,informed,none,0.000000,10,-43.129498,121.418007,1.000000,120.418007
351,15.651243,17.759459,16.759459,18.759459,informed,sell_to_mm,16.759459,11,-59.888957,112.274714,1.210000,111.064714
352,15.309829,14.682585,13.682585,15.682585,price_sensitive_uninformed,none,0.000000,11,-59.888957,108.519162,1.210000,107.309162
353,15.527738,13.813775,12.813775,14.813775,informed,buy_from_mm,14.813775,10,-45.075183,110.202201,1.000000,109.202201
354,14.308411,15.158291,14.158291,16.158291,price_sensitive_uninformed,none,0.000000,10,-45.075183,98.008923,1.000000,97.008923
355,14.860416,14.583126,13.583126,15.583126,price_sensitive_uninformed,none,0.000000,10,-45.075183,103.528974,1.000000,102.528974
356,15.332338,16.415202,15.415202,17.415202,price_sensitive_uninformed,buy_from_mm,17.415202,9,-27.659981,110.331064,0.810000,109.521064
357,15.797241,14.293711,13.293711,15.293711,informed,buy_from_mm,15.293711,8,-12.366269,114.011657,0.640000,113.371657
358,15.528044,15.267320,14.267320,16.267320,informed,none,0.000000,8,-12.366269,111.858085,0.640000,111.218085
359,16.566618,16.987035,15.987035,17.987035,price_sensitive_uninformed,none,0.000000,8,-12.366269,120.166678,0.640000,119.526678
360,16.133665,16.855258,15.855258,17.855258,informed,none,0.000000,8,-12.366269,116.703054,0.640000,116.063054
361,14.413156,12.713072,11.713072,13.713072,price_sensitive_uninformed,none,0.000000,8,-12.366269,102.938977,0.640000,102.298977
362,15.205285,15.039361,14.039361,16.039361,price_sensitive_uninformed,none,0.000000,8,-12.366269,109.276009,0.640000,108.636009
363,15.359170,16.341148,15.341148,17.341148,price_sensitive_uninformed,none,0.000000,8,-12.366269,110.507089,0.640000,109.867089
364,14.728815,15.727509,14.727509,16.727509,price_sensitive_uninformed,none,0.000000,8,-12.366269,105.464253,0.640000,104.824253
365,15.820236,14.750487,13.750487,15.750487,price_sensitive_uninformed,none,0.000000,8,-12.366269,114.195622,0.640000,113.555622
366,15.138622,16.458536,15.458536,17.458536,informed,sell_to_mm,15.458536,9,-27.824806,108.422794,0.810000,107.612794
367,14.948861,14.856519,13.856519,15.856519,informed,none,0.000000,9,-27.824806,106.714939,0.810000,105.904939
368,13.236091,13.627213,12.627213,14.627213,price_sensitive_uninformed,none,0.000000,9,-27.824806,91.300011,0.810000,90.490011
369,12.686801,13.590978,12.590978,14.590978,informed,none,0.000000,9,-27.824806,86.356403,0.810000,85.546403
370,12.899532,13.113756,12.113756,14.113756,price_sensitive_uninformed,none,0.000000,9,-27.824806,88.270980,0.810000,87.460980
371,12.119595,12.248378,11.248378,13.248378,informed,none,0.000000,9,-27.824806,81.251554,0.810000,80.441554
372,12.723163,11.892421,10.892421,12.892421,price_sensitive_uninformed,sell_to_mm,10.892421,10,-38.717227,88.514402,1.000000,87.514402
373,12.486485,12.910914,11.910914,13.910914,price_sensitive_uninformed,sell_to_mm,11.910914,11,-50.628141,86.723197,1.210000,85.513197
374,11.924952,11.276852,10.276852,12.276852,informed,none,0.000000,11,-50.628141,80.546336,1.210000,79.336336
375,13.109913,11.298790,10.298790,12.298790,price_sensitive_uninformed,none,0.000000,11,-50.628141,93.580905,1.210000,92.370905
376,10.177746,10.803882,9.803882,11.803882,price_sensitive_uninformed,buy_from_mm,11.803882,10,-38.824259,62.953206,1.000000,61.953206
377,9.039011,10.346607,9.346607,11.346607,price_sensitive_uninformed,none,0.000000,10,-38.824259,51.565855,1.000000,50.565855
378,10.308731,7.821851,6.821851,8.821851,price_sensitive_uninformed,none,0.000000,10,-38.824259,64.263047,1.000000,63.263047
379,11.854350,10.538463,9.538463,11.538463,price_sensitive_uninformed,none,0.000000,10,-38.824259,79.719239,1.000000,78.719239
380,11.470402,10.890897,9.890897,11.890897,informed,none,0.000000,10,-38.824259,75.879758,1.000000,74.879758
381,11.260592,11.195246,10.195246,12.195246,informed,none,0.000000,10,-38.824259,73.781659,1.000000,72.781659
382,11.458887,11.709619,10.709619,12.709619,informed,none,0.000000,10,-38.824259,75.764608,1.000000,74.764608
383,10.129281,9.946541,8.946541,10.946541,price_sensitive_uninformed,none,0.000000,10,-38.824259,62.468552,1.000000,61.468552
384,9.980163,11.174902,10.174902,12.174902,informed,sell_to_mm,10.174902,11,-48.999161,60.782628,1.210000,59.572628
385,9.515178,10.936531,9.936531,11.936531,informed,sell_to_mm,9.936531,12,-58.935692,55.246444,1.440000,53.806444
386,8.646058,8.589467,7.589467,9.589467,price_sensitive_uninformed,none,0.000000,12,-58.935692,44.817000,1.440000,43.377000
387,8.605762,8.071694,7.071694,9.071694,informed,none,0.000000,12,-58.935692,44.333457,1.440000,42.893457
388,7.732726,6.489299,5.489299,7.489299,informed,buy_from_mm,7.489299,11,-51.446392,33.613593,1.210000,32.403593
389,8.015146,7.760010,6.760010,8.760010,price_sensitive_uninformed,none,0.000000,11,-51.446392,36.720212,1.210000,35.510212
390,7.646919,8.313099,7.313099,9.313099,informed,none,0.000000,11,-51.446392,32.669712,1.210000,31.459712
391,7.152716,6.538584,5.538584,7.538584,price_sensitive_uninformed,buy_from_mm,7.538584,10,-43.907809,27.619355,1.000000,26.619355
392,8.146892,7.693445,6.693445,8.693445,informed,none,0.000000,10,-43.907809,37.561109,1.000000,36.561109
393,10.557225,9.968125,8.968125,10.968125,price_sensitive_uninformed,buy_from_mm,10.968125,9,-32.939684,62.075339,0.810000,61.265339
394,10.827215,12.179585,11.179585,13.179585,price_sensitive_uninformed,none,0.000000,9,-32.939684,64.505248,0.810000,63.695248
395,11.121112,12.579010,11.579010,13.579010,price_sensitive_uninformed,sell_to_mm,11.579010,10,-44.518694,66.692421,1.000000,65.692421
396,10.148780,10.802362,9.802362,11.802362,informed,none,0.000000,10,-44.518694,56.969107,1.000000,55.969107
397,10.630987,12.210857,11.210857,13.210857,price_sensitive_uninformed,none,0.000000,10,-44.518694,61.791173,1.000000,60.791173
398,10.917124,11.204804,10.204804,12.204804,informed,none,0.000000,10,-44.518694,64.652547,1.000000,63.652547
399,11.431001,11.880342,10.880342,12.880342,price_sensitive_uninformed,buy_from_mm,12.880342,9,-31.638352,71.240658,0.810000,70.430658
400,9.926308,10.912953,9.912953,11.912953,price_sensitive_uninformed,none,0.000000,9,-31.638352,57.698419,0.810000,56.888419
401,10.894999,9.407108,8.407108,10.407108,price_sensitive_uninformed,none,0.000000,9,-31.638352,66.416639,0.810000,65.606639
402,12.235744,12.653273,11.653273,13.653273,price_sensitive_uninformed,none,0.000000,9,-31.638352,78.483341,0.810000,77.673341
403,11.864447,12.185274,11.185274,13.185274,informed,none,0.000000,9,-31.638352,75.141668,0.810000,74.331668
404,12.113675,12.553119,11.553119,13.553119,price_sensitive_uninformed,buy_from_mm,13.553119,8,-18.085233,78.824168,0.640000,78.184168
405,12.307617,13.712234,12.712234,14.712234,price_sensitive_uninformed,sell_to_mm,12.712234,9,-30.797467,79.971086,0.810000,79.161086
406,11.120141,10.827739,9.827739,11.827739,price_sensitive_uninformed,none,0.000000,9,-30.797467,69.283805,0.810000,68.473805
407,11.082820,11.778571,10.778571,12.778571,price_sensitive_uninformed,none,0.000000,9,-30.797467,68.947914,0.810000,68.137914
408,10.688009,10.789038,9.789038,11.789038,price_sensitive_uninformed,none,0.000000,9,-30.797467,65.394612,0.810000,64.584612
409,9.325348,8.402084,7.402084,9.402084,informed,none,0.000000,9,-30.797467,53.130669,0.810000,52.320669
410,9.599143,10.929883,9.929883,11.929883,price_sensitive_uninformed,buy_from_mm,11.929883,8,-18.867584,57.925557,0.640000,57.285557
411,8.882824,9.386070,8.386070,10.386070,informed,none,0.000000,8,-18.867584,52.195005,0.640000,51.555005
412,11.200473,11.264934,10.264934,12.264934,informed,none,0.000000,8,-18.867584,70.736202,0.640000,70.096202
413,10.992808,10.456830,9.456830,11.456830,price_sensitive_uninformed,none,0.000000,8,-18.867584,69.074883,0.640000,68.434883
414,9.442346,9.865798,8.865798,10.865798,price_sensitive_uninformed,none,0.000000,8,-18.867584,56.671186,0.640000,56.031186
415,8.639764,10.054034,9.054034,11.054034,informed,sell_to_mm,9.054034,9,-27.921618,49.836256,0.810000,49.026256
416,8.721935,8.708555,7.708555,9.708555,price_sensitive_uninformed,none,0.000000,9,-27.921618,50.575800,0.810000,49.765800
417,8.122950,8.792879,7.792879,9.792879,price_sensitive_uninformed,none,0.000000,9,-27.921618,45.184932,0.810000,44.374932
418,9.092684,10.146860,9.146860,11.146860,price_sensitive_uninformed,none,0.000000,9,-27.921618,53.912542,0.810000,53.102542
419,8.459873,6.881924,5.881924,7.881924,price_sensitive_uninformed,sell_to_mm,5.881924,10,-33.803542,50.795183,1.000000,49.795183
420,6.391986,6.364175,5.364175,7.364175,informed,none,0.000000,10,-33.803542,30.116318,1.000000,29.116318
421,6.524551,7.157737,6.157737,8.157737,informed,none,0.000000,10,-33.803542,31.441969,1.000000,30.441969
422,6.390826,5.705411,4.705411,6.705411,informed,none,0.000000,10,-33.803542,30.104719,1.000000,29.104719
423,5.669188,6.173959,5.173959,7.173959,informed,none,0.000000,10,-33.803542,22.888336,1.000000,21.888336
424,5.594049,5.668967,4.668967,6.668967,price_sensitive_uninformed,buy_from_mm,6.668967,9,-27.134576,23.211865,0.810000,22.401865
425,5.889564,4.527670,3.527670,5.527670,informed,buy_from_mm,5.527670,8,-21.606905,25.509605,0.640000,24.869605
426,4.428896,3.865269,2.865269,4.865269,price_sensitive_uninformed,buy_from_mm,4.865269,7,-16.741636,14.260634,0.490000,13.770634
427,5.747352,4.000447,3.000447,5.000447,price_sensitive_uninformed,sell_to_mm,3.000447,8,-19.742083,26.236732,0.640000,25.596732
428,7.657681,8.325851,7.325851,9.325851,price_sensitive_uninformed,none,0.000000,8,-19.742083,41.519365,0.640000,40.879365
429,9.081036,9.439309,8.439309,10.439309,informed,none,0.000000,8,-19.742083,52.906207,0.640000,52.266207
430,9.120404,9.009062,8.009062,10.009062,informed,none,0.000000,8,-19.742083,53.221147,0.640000,52.581147
431,8.734064,8.625322,7.625322,9.625322,informed,none,0.000000,8,-19.742083,50.130429,0.640000,49.490429
432,7.978022,5.909317,4.909317,6.909317,price_sensitive_uninformed,none,0.000000,8,-19.742083,44.082093,0.640000,43.442093
433,8.192088,7.865171,6.865171,8.865171,informed,none,0.000000,8,-19.742083,45.794620,0.640000,45.154620
434,10.065571,10.043261,9.043261,11.043261,informed,none,0.000000,8,-19.742083,60.782485,0.640000,60.142485
435,10.808104,11.028758,10.028758,12.028758,price_sensitive_uninformed,none,0.000000,8,-19.742083,66.722746,0.640000,66.082746
436,11.336547,10.902498,9.902498,11.902498,price_sensitive_uninformed,sell_to_mm,9.902498,9,-29.644581,72.384342,0.810000,71.574342
437,11.635208,10.964592,9.964592,11.964592,informed,none,0.000000,9,-29.644581,75.072295,0.810000,74.262295
438,12.760035,12.309345,11.309345,13.309345,price_sensitive_uninformed,buy_from_mm,13.309345,8,-16.335235,85.745045,0.640000,85.105045
439,11.861327,12.399458,11.399458,13.399458,price_sensitive_uninformed,buy_from_mm,13.399458,7,-2.935777,80.093512,0.490000,79.603512
440,10.514312,10.427813,9.427813,11.427813,informed,none,0.000000,7,-2.935777,70.664408,0.490000,70.174408
441,8.511928,8.502066,7.502066,9.502066,informed,none,0.000000,7,-2.935777,56.647721,0.490000,56.157721
442,9.790533,10.133526,9.133526,11.133526,price_sensitive_uninformed,none,0.000000,7,-2.935777,65.597950,0.490000,65.107950
443,10.668486,10.767206,9.767206,11.767206,price_sensitive_uninformed,none,0.000000,7,-2.935777,71.743623,0.490000,71.253623
444,9.772164,10.051548,9.051548,11.051548,price_sensitive_uninformed,none,0.000000,7,-2.935777,65.469369,0.490000,64.979369
445,8.929756,10.235729,9.235729,11.235729,price_sensitive_uninformed,none,0.000000,7,-2.935777,59.572512,0.490000,59.082512
446,7.274589,8.934494,7.934494,9.934494,informed,sell_to_mm,7.934494,8,-10.870271,47.326443,0.640000,46.686443
447,8.238018,7.010875,6.010875,8.010875,informed,buy_from_mm,8.010875,7,-2.859396,54.806731,0.490000,54.316731
448,9.314914,10.628142,9.628142,11.628142,informed,sell_to_mm,9.628142,8,-12.487538,62.031773,0.640000,61.391773
449,10.610169,10.187521,9.187521,11.187521,informed,none,0.000000,8,-12.487538,72.393814,0.640000,71.753814
450,11.993697,9.667526,8.667526,10.667526,informed,buy_from_mm,10.667526,7,-1.820012,82.135865,0.490000,81.645865
451,9.998268,10.055629,9.055629,11.055629,price_sensitive_uninformed,none,0.000000,7,-1.820012,68.167862,0.490000,67.677862
452,10.700280,10.712416,9.712416,11.712416,informed,none,0.000000,7,-1.820012,73.081947,0.490000,72.591947
453,9.712068,9.420020,8.420020,10.420020,price_sensitive_uninformed,none,0.000000,7,-1.820012,66.164463,0.490000,65.674463
454,8.728175,7.568908,6.568908,8.568908,price_sensitive_uninformed,sell_to_mm,6.568908,8,-8.388921,61.436482,0.640000,60.796482
455,9.469106,10.294728,9.294728,11.294728,price_sensitive_uninformed,none,0.000000,8,-8.388921,67.363927,0.640000,66.723927
456,10.543993,9.350770,8.350770,10.350770,price_sensitive_uninformed,none,0.000000,8,-8.388921,75.963027,0.640000,75.323027
457,10.862627,10.692046,9.692046,11.692046,price_sensitive_uninformed,none,0.000000,8,-8.388921,78.512095,0.640000,77.872095
458,11.652092,12.147562,11.147562,13.147562,informed,none,0.000000,8,-8.388921,84.827815,0.640000,84.187815
459,13.588787,13.179615,12.179615,14.179615,price_sensitive_uninformed,none,0.000000,8,-8.388921,100.321374,0.640000,99.681374
460,13.093546,13.698642,12.698642,14.698642,informed,none,0.000000,8,-8.388921,96.359445,0.640000,95.719445
461,14.400972,15.777430,14.777430,16.777430,informed,sell_to_mm,14.777430,9,-23.166350,106.442401,0.810000,105.632401
462,14.906010,16.493385,15.493385,17.493385,informed,sell_to_mm,15.493385,10,-38.659735,110.400366,1.000000,109.400366
463,14.896449,14.941373,13.941373,15.941373,informed,none,0.000000,10,-38.659735,110.304754,1.000000,109.304754
464,15.071015,16.021238,15.021238,17.021238,price_sensitive_uninformed,none,0.000000,10,-38.659735,112.050412,1.000000,111.050412
465,15.374195,15.736347,14.736347,16.736347,informed,none,0.000000,10,-38.659735,115.082214,1.000000,114.082214
466,14.550447,13.769209,12.769209,14.769209,price_sensitive_uninformed,none,0.000000,10,-38.659735,106.844733,1.000000,105.844733
467,14.533512,13.959911,12.959911,14.959911,price_sensitive_uninformed,none,0.000000,10,-38.659735,106.675385,1.000000,105.675385
468,14.528892,15.426539,14.426539,16.426539,price_sensitive_uninformed,sell_to_mm,14.426539,11,-53.086274,106.731533,1.210000,105.521533
469,13.463411,14.067587,13.067587,15.067587,informed,none,0.000000,11,-53.086274,95.011251,1.210000,93.801251
470,11.419800,11.320796,10.320796,12.320796,price_sensitive_uninformed,none,0.000000,11,-53.086274,72.531527,1.210000,71.321527
471,11.720401,10.767804,9.767804,11.767804,price_sensitive_uninformed,none,0.000000,11,-53.086274,75.838137,1.210000,74.628137
472,11.368934,10.788015,9.788015,11.788015,price_sensitive_uninformed,sell_to_mm,9.788015,12,-62.874289,73.552914,1.440000,72.112914
473,10.961785,10.559518,9.559518,11.559518,price_sensitive_uninformed,none,0.000000,12,-62.874289,68.667125,1.440000,67.227125
474,11.119959,9.515216,8.515216,10.515216,price_sensitive_uninformed,none,0.000000,12,-62.874289,70.565213,1.440000,69.125213
475,12.582535,11.570664,10.570664,12.570664,price_sensitive_uninformed,none,0.000000,12,-62.874289,88.116133,1.440000,86.676133
476,11.582224,11.273385,10.273385,12.273385,price_sensitive_uninformed,sell_to_mm,10.273385,13,-73.147674,77.421237,1.690000,75.731237
477,12.337501,11.938268,10.938268,12.938268,informed,none,0.000000,13,-73.147674,87.239836,1.690000,85.549836
478,14.485356,15.731529,14.731529,16.731529,price_sensitive_uninformed,none,0.000000,13,-73.147674,115.161948,1.690000,113.471948
479,12.112578,11.577132,10.577132,12.577132,price_sensitive_uninformed,none,0.000000,13,-73.147674,84.315840,1.690000,82.625840
480,12.015142,13.097972,12.097972,14.097972,informed,sell_to_mm,12.097972,14,-85.245646,82.966346,1.960000,81.006346
481,13.040628,13.020466,12.020466,14.020466,informed,none,0.000000,14,-85.245646,97.323143,1.960000,95.363143
482,10.797947,11.850379,10.850379,12.850379,informed,sell_to_mm,10.850379,15,-96.096026,65.873176,2.250000,63.623176
483,10.519914,11.844385,10.844385,12.844385,price_sensitive_uninformed,none,0.000000,15,-96.096026,61.702687,2.250000,59.452687
484,10.380874,10.881858,9.881858,11.881858,price_sensitive_uninformed,none,0.000000,15,-96.096026,59.617086,2.250000,57.367086
485,8.247979,7.042669,6.042669,8.042669,price_sensitive_uninformed,sell_to_mm,6.042669,16,-102.138695,29.828977,2.560000,27.268977
486,7.650863,6.884241,5.884241,7.884241,informed,none,0.000000,16,-102.138695,20.275107,2.560000,17.715107
487,7.664978,9.109008,8.109008,10.109008,price_sensitive_uninformed,buy_from_mm,10.109008,15,-92.029687,22.944976,2.250000,20.694976
488,7.788306,6.491940,5.491940,7.491940,informed,buy_from_mm,7.491940,14,-84.537747,24.498535,1.960000,22.538535
489,7.394289,5.847312,4.847312,6.847312,price_sensitive_uninformed,none,0.000000,14,-84.537747,18.982298,1.960000,17.022298
490,7.894970,9.036375,8.036375,10.036375,informed,sell_to_mm,8.036375,15,-92.574122,25.850425,2.250000,23.600425
491,8.473023,8.820069,7.820069,9.820069,price_sensitive_uninformed,none,0.000000,15,-92.574122,34.521226,2.250000,32.271226
492,9.958609,10.909170,9.909170,11.909170,informed,none,0.000000,15,-92.574122,56.805008,2.250000,54.555008
493,11.116787,11.268983,10.268983,12.268983,price_sensitive_uninformed,none,0.000000,15,-92.574122,74.177682,2.250000,71.927682
494,10.153946,11.798875,10.798875,12.798875,price_sensitive_uninformed,none,0.000000,15,-92.574122,59.735066,2.250000,57.485066
495,10.918676,11.094396,10.094396,12.094396,price_sensitive_uninformed,none,0.000000,15,-92.574122,71.206015,2.250000,68.956015
496,10.158417,10.821568,9.821568,11.821568,price_sensitive_uninformed,none,0.000000,15,-92.574122,59.802134,2.250000,57.552134
497,10.480691,9.866557,8.866557,10.866557,price_sensitive_uninformed,sell_to_mm,8.866557,16,-101.440679,66.250384,2.560000,63.690384
498,11.370826,12.003808,11.003808,13.003808,informed,none,0.000000,16,-101.440679,80.492532,2.560000,77.932532
499,11.879741,11.896375,10.896375,12.896375,price_sensitive_uninformed,none,0.000000,16,-101.440679,88.635174,2.560000,86.075174
500,12.474152,14.243202,13.243202,15.243202,price_sensitive_uninformed,none,0.000000,16,-101.440679,98.145748,2.560000,95.585748
501,12.543892,13.831196,12.831196,14.831196,informed,sell_to_mm,12.831196,17,-114.271875,98.974285,2.890000,96.084285
502,12.511330,12.899429,11.899429,13.899429,price_sensitive_uninformed,none,0.000000,17,-114.271875,98.420738,2.890000,95.530738
503,13.296679,14.090264,13.090264,15.090264,price_sensitive_uninformed,none,0.000000,17,-114.271875,111.771661,2.890000,108.881661
504,14.101540,13.583845,12.583845,14.583845,price_sensitive_uninformed,none,0.000000,17,-114.271875,125.454311,2.890000,122.564311
505,15.432664,16.229260,15.229260,17.229260,price_sensitive_uninformed,none,0.000000,17,-114.271875,148.083414,2.890000,145.193414
506,14.147647,14.212182,13.212182,15.212182,price_sensitive_uninformed,none,0.000000,17,-114.271875,126.238123,2.890000,123.348123
507,15.376266,14.115925,13.115925,15.115925,informed,buy_from_mm,15.115925,16,-99.155949,146.864308,2.560000,144.304308
508,14.677620,14.400358,13.400358,15.400358,price_sensitive_uninformed,sell_to_mm,13.400358,17,-112.556307,136.963230,2.890000,134.073230
509,13.301863,12.100190,11.100190,13.100190,price_sensitive_uninformed,sell_to_mm,11.100190,18,-123.656498,115.777036,3.240000,112.537036
510,13.249380,13.078078,12.078078,14.078078,informed,none,0.000000,18,-123.656498,114.832345,3.240000,111.592345
511,13.265524,14.191035,13.191035,15.191035,price_sensitive_uninformed,buy_from_mm,15.191035,17,-108.465463,117.048450,2.890000,114.158450
512,13.387688,13.652105,12.652105,14.652105,informed,none,0.000000,17,-108.465463,119.125233,2.890000,116.235233
513,13.945140,15.824821,14.824821,16.824821,informed,sell_to_mm,14.824821,18,-123.290284,127.722228,3.240000,124.482228
514,13.257397,13.860508,12.860508,14.860508,price_sensitive_uninformed,none,0.000000,18,-123.290284,115.342856,3.240000,112.102856
515,12.534735,12.175095,11.175095,13.175095,price_sensitive_uninformed,none,0.000000,18,-123.290284,102.334946,3.240000,99.094946
516,12.001401,11.998749,10.998749,12.998749,price_sensitive_uninformed,none,0.000000,18,-123.290284,92.734942,3.240000,89.494942
517,10.593776,11.262328,10.262328,12.262328,price_sensitive_uninformed,none,0.000000,18,-123.290284,67.397686,3.240000,64.157686
518,8.901352,8.255060,7.255060,9.255060,price_sensitive_uninformed,none,0.000000,18,-123.290284,36.934045,3.240000,33.694045
519,8.834302,8.686490,7.686490,9.686490,informed,none,0.000000,18,-123.290284,35.727159,3.240000,32.487159
520,7.506707,8.391407,7.391407,9.391407,price_sensitive_uninformed,none,0.000000,18,-123.290284,11.830449,3.240000,8.590449
521,6.549876,6.951736,5.951736,7.951736,informed,none,0.000000,18,-123.290284,-5.392509,3.240000,-8.632509
522,5.740651,5.543148,4.543148,6.543148,price_sensitive_uninformed,none,0.000000,18,-123.290284,-19.958558,3.240000,-23.198558
523,6.892217,6.869253,5.869253,7.869253,price_sensitive_uninformed,none,0.000000,18,-123.290284,0.769622,3.240000,-2.470378
524,8.222643,8.686729,7.686729,9.686729,price_sensitive_uninformed,none,0.000000,18,-123.290284,24.717294,3.240000,21.477294
525,6.876070,6.228440,5.228440,7.228440,price_sensitive_uninformed,sell_to_mm,5.228440,19,-128.518724,2.126605,3.610000,-1.483395
526,7.199559,4.757052,3.757052,5.757052,informed,buy_from_mm,5.757052,18,-122.761673,6.830384,3.240000,3.590384
527,7.286325,7.381168,6.381168,8.381168,price_sensitive_uninformed,buy_from_mm,8.381168,17,-114.380505,9.487020,2.890000,6.597020
528,6.168265,6.204300,5.204300,7.204300,price_sensitive_uninformed,none,0.000000,17,-114.380505,-9.519994,2.890000,-12.409994
529,6.470701,6.078353,5.078353,7.078353,price_sensitive_uninformed,none,0.000000,17,-114.380505,-4.378584,2.890000,-7.268584
530,7.404978,8.557988,7.557988,9.557988,price_sensitive_uninformed,none,0.000000,17,-114.380505,11.504118,2.890000,8.614118
531,7.291408,8.810958,7.810958,9.810958,informed,sell_to_mm,7.810958,18,-122.191463,9.053878,3.240000,5.813878
532,8.955635,8.967201,7.967201,9.967201,price_sensitive_uninformed,buy_from_mm,9.967201,17,-112.224262,40.021528,2.890000,37.131528
533,9.130340,9.220849,8.220849,10.220849,price_sensitive_uninformed,none,0.000000,17,-112.224262,42.991519,2.890000,40.101519
534,8.809944,10.964834,9.964834,11.964834,price_sensitive_uninformed,none,0.000000,17,-112.224262,37.544780,2.890000,34.654780
535,8.175519,7.731556,6.731556,8.731556,informed,none,0.000000,17,-112.224262,26.759555,2.890000,23.869555
536,9.043485,7.671193,6.671193,8.671193,price_sensitive_uninformed,none,0.000000,17,-112.224262,41.514975,2.890000,38.624975
537,9.003511,8.727969,7.727969,9.727969,price_sensitive_uninformed,none,0.000000,17,-112.224262,40.835424,2.890000,37.945424
538,7.941747,7.648721,6.648721,8.648721,price_sensitive_uninformed,none,0.000000,17,-112.224262,22.785436,2.890000,19.895436
539,6.955825,5.976882,4.976882,6.976882,informed,none,0.000000,17,-112.224262,6.024755,2.890000,3.134755
540,6.604370,5.741091,4.741091,6.741091,price_sensitive_uninformed,none,0.000000,17,-112.224262,0.050021,2.890000,-2.839979
541,7.878130,7.475603,6.475603,8.475603,price_sensitive_uninformed,none,0.000000,17,-112.224262,21.703942,2.890000,18.813942
542,8.039661,6.891765,5.891765,7.891765,price_sensitive_uninformed,none,0.000000,17,-112.224262,24.449975,2.890000,21.559975
543,8.291835,7.854284,6.854284,8.854284,price_sensitive_uninformed,none,0.000000,17,-112.224262,28.736935,2.890000,25.846935
544,6.388248,6.069223,5.069223,7.069223,price_sensitive_uninformed,sell_to_mm,5.069223,18,-117.293485,-2.305020,3.240000,-5.545020
545,5.602872,5.767378,4.767378,6.767378,price_sensitive_uninformed,none,0.000000,18,-117.293485,-16.441794,3.240000,-19.681794
546,7.622764,6.033137,5.033137,7.033137,price_sensitive_uninformed,none,0.000000,18,-117.293485,19.916259,3.240000,16.676259
547,7.044294,6.777885,5.777885,7.777885,price_sensitive_uninformed,none,0.000000,18,-117.293485,9.503810,3.240000,6.263810
548,6.151619,5.734491,4.734491,6.734491,informed,none,0.000000,18,-117.293485,-6.564344,3.240000,-9.804344
549,5.679721,5.950245,4.950245,6.950245,informed,none,0.000000,18,-117.293485,-15.058510,3.240000,-18.298510
550,5.849235,6.371023,5.371023,7.371023,informed,none,0.000000,18,-117.293485,-12.007262,3.240000,-15.247262
551,7.524127,7.497886,6.497886,8.497886,price_sensitive_uninformed,none,0.000000,18,-117.293485,18.140803,3.240000,14.900803
552,7.071396,7.275372,6.275372,8.275372,price_sensitive_uninformed,none,0.000000,18,-117.293485,9.991647,3.240000,6.751647
553,7.042450,8.095156,7.095156,9.095156,price_sensitive_uninformed,buy_from_mm,9.095156,17,-108.198329,11.523319,2.890000,8.633319
554,5.500238,5.420410,4.420410,6.420410,informed,none,0.000000,17,-108.198329,-14.694277,2.890000,-17.584277
555,4.680247,3.614579,2.614579,4.614579,informed,buy_from_mm,4.614579,16,-103.583750,-28.699796,2.560000,-31.259796
556,4.831082,5.665241,4.665241,6.665241,price_sensitive_uninformed,none,0.000000,16,-103.583750,-26.286440,2.560000,-28.846440
557,5.480820,5.346846,4.346846,6.346846,price_sensitive_uninformed,none,0.000000,16,-103.583750,-15.890631,2.560000,-18.450631
558,6.003561,7.240382,6.240382,8.240382,informed,sell_to_mm,6.240382,17,-109.824131,-7.763595,2.890000,-10.653595
559,6.957304,5.108571,4.108571,6.108571,price_sensitive_uninformed,none,0.000000,17,-109.824131,8.450033,2.890000,5.560033
560,7.266419,6.128616,5.128616,7.128616,informed,buy_from_mm,7.128616,16,-102.695515,13.567194,2.560000,11.007194
561,6.463284,6.089196,5.089196,7.089196,price_sensitive_uninformed,none,0.000000,16,-102.695515,0.717021,2.560000,-1.842979
562,6.085915,4.348025,3.348025,5.348025,price_sensitive_uninformed,none,0.000000,16,-102.695515,-5.320876,2.560000,-7.880876
563,4.445683,5.335151,4.335151,6.335151,price_sensitive_uninformed,sell_to_mm,4.335151,17,-107.030666,-31.454050,2.890000,-34.344050
564,5.118419,3.921105,2.921105,4.921105,price_sensitive_uninformed,none,0.000000,17,-107.030666,-20.017545,2.890000,-22.907545
565,4.307219,5.104762,4.104762,6.104762,price_sensitive_uninformed,buy_from_mm,6.104762,16,-100.925903,-32.010404,2.560000,-34.570404
566,4.606936,3.816595,2.816595,4.816595,price_sensitive_uninformed,none,0.000000,16,-100.925903,-27.214927,2.560000,-29.774927
567,2.021042,3.034364,2.034364,4.034364,price_sensitive_uninformed,none,0.000000,16,-100.925903,-68.589233,2.560000,-71.149233
568,2.273481,2.691346,1.691346,3.691346,price_sensitive_uninformed,none,0.000000,16,-100.925903,-64.550209,2.560000,-67.110209
569,1.858103,2.092535,1.092535,3.092535,informed,none,0.000000,16,-100.925903,-71.196255,2.560000,-73.756255
570,0.576108,-0.746340,-1.746340,0.253660,informed,buy_from_mm,0.253660,15,-100.672243,-92.030623,2.250000,-94.280623
571,1.079707,1.956028,0.956028,2.956028,informed,none,0.000000,15,-100.672243,-84.476642,2.250000,-86.726642
572,1.225865,3.707199,2.707199,4.707199,price_sensitive_uninformed,none,0.000000,15,-100.672243,-82.284268,2.250000,-84.534268
573,1.484364,1.923077,0.923077,2.923077,informed,none,0.000000,15,-100.672243,-78.406783,2.250000,-80.656783
574,0.578228,0.585764,-0.414236,1.585764,informed,none,0.000000,15,-100.672243,-91.998831,2.250000,-94.248831
575,1.509841,5.176888,4.176888,6.176888,price_sensitive_uninformed,sell_to_mm,4.176888,16,-104.849131,-80.691672,2.560000,-83.251672
576,0.920604,-0.004208,-1.004208,0.995792,price_sensitive_uninformed,none,0.000000,16,-104.849131,-90.119472,2.560000,-92.679472
577,1.193038,1.384574,0.384574,2.384574,price_sensitive_uninformed,buy_from_mm,2.384574,15,-102.464557,-84.568985,2.250000,-86.818985
578,1.708710,2.729188,1.729188,3.729188,price_sensitive_uninformed,none,0.000000,15,-102.464557,-76.833902,2.250000,-79.083902
579,1.983064,1.257317,0.257317,2.257317,price_sensitive_uninformed,sell_to_mm,0.257317,16,-102.721874,-70.992850,2.560000,-73.552850
580,2.374633,-0.471313,-1.471313,0.528687,price_sensitive_uninformed,none,0.000000,16,-102.721874,-64.727746,2.560000,-67.287746
581,3.870675,2.969609,1.969609,3.969609,informed,none,0.000000,16,-102.721874,-40.791078,2.560000,-43.351078
582,3.679072,3.568944,2.568944,4.568944,price_sensitive_uninformed,none,0.000000,16,-102.721874,-43.856716,2.560000,-46.416716
583,1.944047,1.792647,0.792647,2.792647,price_sensitive_uninformed,none,0.000000,16,-102.721874,-71.617121,2.560000,-74.177121
584,2.917296,3.373877,2.373877,4.373877,informed,none,0.000000,16,-102.721874,-56.045132,2.560000,-58.605132
585,2.081551,2.211069,1.211069,3.211069,informed,none,0.000000,16,-102.721874,-69.417056,2.560000,-71.977056
586,2.355333,3.012065,2.012065,4.012065,informed,none,0.000000,16,-102.721874,-65.036543,2.560000,-67.596543
587,3.580826,3.465575,2.465575,4.465575,price_sensitive_uninformed,none,0.000000,16,-102.721874,-45.428665,2.560000,-47.988665
588,3.922106,3.446568,2.446568,4.446568,informed,none,0.000000,16,-102.721874,-39.968176,2.560000,-42.528176
589,4.032731,5.307856,4.307856,6.307856,price_sensitive_uninformed,none,0.000000,16,-102.721874,-38.198182,2.560000,-40.758182
590,4.043084,2.975514,1.975514,3.975514,price_sensitive_uninformed,none,0.000000,16,-102.721874,-38.032524,2.560000,-40.592524
591,5.121148,4.442356,3.442356,5.442356,informed,none,0.000000,16,-102.721874,-20.783499,2.560000,-23.343499
592,6.434884,6.014820,5.014820,7.014820,price_sensitive_uninformed,none,0.000000,16,-102.721874,0.236265,2.560000,-2.323735
593,6.594716,7.869232,6.869232,8.869232,informed,sell_to_mm,6.869232,17,-109.591106,2.519061,2.890000,-0.370939
594,8.366856,6.231479,5.231479,7.231479,price_sensitive_uninformed,none,0.000000,17,-109.591106,32.645454,2.890000,29.755454
595,8.753596,8.529462,7.529462,9.529462,price_sensitive_uninformed,none,0.000000,17,-109.591106,39.220025,2.890000,36.330025
596,8.139764,8.711726,7.711726,9.711726,price_sensitive_uninformed,none,0.000000,17,-109.591106,28.784878,2.890000,25.894878
597,8.684056,7.782774,6.782774,8.782774,price_sensitive_uninformed,none,0.000000,17,-109.591106,38.037846,2.890000,35.147846
598,8.674456,9.954624,8.954624,10.954624,price_sensitive_uninformed,none,0.000000,17,-109.591106,37.874645,2.890000,34.984645
599,6.807618,7.313239,6.313239,8.313239,price_sensitive_uninformed,none,0.000000,17,-109.591106,6.138395,2.890000,3.248395
600,6.939781,6.444771,5.444771,7.444771,price_sensitive_uninformed,none,0.000000,17,-109.591106,8.385166,2.890000,5.495166
601,6.950027,8.095684,7.095684,9.095684,informed,sell_to_mm,7.095684,18,-116.686789,8.413690,3.240000,5.173690
602,6.593559,6.746702,5.746702,7.746702,informed,none,0.000000,18,-116.686789,1.997271,3.240000,-1.242729
603,7.368146,8.838045,7.838045,9.838045,informed,sell_to_mm,7.838045,19,-124.524835,15.469942,3.610000,11.859942
604,6.638019,5.946067,4.946067,6.946067,informed,none,0.000000,19,-124.524835,1.597527,3.610000,-2.012473
605,6.049680,6.904536,5.904536,7.904536,informed,none,0.000000,19,-124.524835,-9.580918,3.610000,-13.190918
606,6.923201,7.327682,6.327682,8.327682,price_sensitive_uninformed,sell_to_mm,6.327682,20,-130.852517,7.611507,4.000000,3.611507
607,7.316619,7.831930,6.831930,8.831930,price_sensitive_uninformed,sell_to_mm,6.831930,21,-137.684447,15.964552,4.410000,11.554552
608,6.038920,5.167789,4.167789,6.167789,price_sensitive_uninformed,none,0.000000,21,-137.684447,-10.867137,4.410000,-15.277137
609,4.484691,5.869904,4.869904,6.869904,informed,sell_to_mm,4.869904,22,-142.554351,-43.891148,4.840000,-48.731148
610,4.071612,5.140236,4.140236,6.140236,price_sensitive_uninformed,none,0.000000,22,-142.554351,-52.978889,4.840000,-57.818889
611,4.500930,4.763761,3.763761,5.763761,price_sensitive_uninformed,buy_from_mm,5.763761,21,-136.790590,-42.271064,4.410000,-46.681064
612,5.051080,6.651617,5.651617,7.651617,price_sensitive_uninformed,buy_from_mm,7.651617,20,-129.138973,-28.117374,4.000000,-32.117374
613,4.258931,3.995251,2.995251,4.995251,price_sensitive_uninformed,sell_to_mm,2.995251,21,-132.134225,-42.696671,4.410000,-47.106671
614,3.386589,4.358429,3.358429,5.358429,price_sensitive_uninformed,none,0.000000,21,-132.134225,-61.015860,4.410000,-65.425860
615,3.800479,4.376479,3.376479,5.376479,price_sensitive_uninformed,none,0.000000,21,-132.134225,-52.324162,4.410000,-56.734162
616,2.122184,1.752101,0.752101,2.752101,price_sensitive_uninformed,sell_to_mm,0.752101,22,-132.886325,-86.198286,4.840000,-91.038286
617,0.649832,1.415927,0.415927,2.415927,price_sensitive_uninformed,none,0.000000,22,-132.886325,-118.590026,4.840000,-123.430026
618,0.685723,1.207349,0.207349,2.207349,price_sensitive_uninformed,none,0.000000,22,-132.886325,-117.800427,4.840000,-122.640427
619,-0.284042,-0.460777,-1.460777,0.539223,price_sensitive_uninformed,none,0.000000,22,-132.886325,-139.135249,4.840000,-143.975249
620,0.155658,-0.503332,-1.503332,0.496668,price_sensitive_uninformed,none,0.000000,22,-132.886325,-129.461856,4.840000,-134.301856
621,-0.253243,-1.771726,-2.771726,-0.771726,price_sensitive_uninformed,none,0.000000,22,-132.886325,-138.457665,4.840000,-143.297665
622,0.343526,1.831534,0.831534,2.831534,informed,sell_to_mm,0.831534,23,-133.717859,-125.816766,5.290000,-131.106766
623,-0.095126,-0.232713,-1.232713,0.767287,informed,none,0.000000,23,-133.717859,-135.905763,5.290000,-141.195763
624,0.762410,1.122922,0.122922,2.122922,price_sensitive_uninformed,sell_to_mm,0.122922,24,-133.840782,-115.542950,5.760000,-121.302950
625,0.165413,1.237364,0.237364,2.237364,informed,sell_to_mm,0.237364,25,-134.078146,-129.942817,6.250000,-136.192817
626,0.025856,1.286714,0.286714,2.286714,price_sensitive_uninformed,buy_from_mm,2.286714,24,-131.791432,-131.170886,5.760000,-136.930886
627,0.746371,0.733635,-0.266365,1.733635,informed,none,0.000000,24,-131.791432,-113.878529,5.760000,-119.638529
628,0.031219,0.836857,-0.163143,1.836857,informed,none,0.000000,24,-131.791432,-131.042175,5.760000,-136.802175
629,0.911419,0.601982,-0.398018,1.601982,informed,none,0.000000,24,-131.791432,-109.917368,5.760000,-115.677368
630,1.118994,0.367744,-0.632256,1.367744,price_sensitive_uninformed,none,0.000000,24,-131.791432,-104.935585,5.760000,-110.695585
631,1.247342,2.526831,1.526831,3.526831,price_sensitive_uninformed,none,0.000000,24,-131.791432,-101.855213,5.760000,-107.615213
632,3.177813,2.803797,1.803797,3.803797,price_sensitive_uninformed,buy_from_mm,3.803797,23,-127.987636,-54.897929,5.290000,-60.187929
633,3.519586,3.024912,2.024912,4.024912,price_sensitive_uninformed,none,0.000000,23,-127.987636,-47.037160,5.290000,-52.327160
634,3.665288,4.549353,3.549353,5.549353,price_sensitive_uninformed,none,0.000000,23,-127.987636,-43.686012,5.290000,-48.976012
635,3.674796,4.472580,3.472580,5.472580,informed,none,0.000000,23,-127.987636,-43.467318,5.290000,-48.757318
636,2.781252,3.805042,2.805042,4.805042,price_sensitive_uninformed,none,0.000000,23,-127.987636,-64.018842,5.290000,-69.308842
637,2.122613,2.166930,1.166930,3.166930,price_sensitive_uninformed,none,0.000000,23,-127.987636,-79.167532,5.290000,-84.457532
638,1.413170,1.301422,0.301422,2.301422,price_sensitive_uninformed,none,0.000000,23,-127.987636,-95.484720,5.290000,-100.774720
639,0.705741,3.606794,2.606794,4.606794,informed,sell_to_mm,2.606794,24,-130.594429,-113.656654,5.760000,-119.416654
640,1.084138,2.673456,1.673456,3.673456,price_sensitive_uninformed,sell_to_mm,1.673456,25,-132.267886,-105.164425,6.250000,-111.414425
641,0.878995,1.313329,0.313329,2.313329,price_sensitive_uninformed,none,0.000000,25,-132.267886,-110.293022,6.250000,-116.543022
642,-0.648711,-3.418993,-4.418993,-2.418993,price_sensitive_uninformed,sell_to_mm,-4.418993,26,-127.848893,-144.715375,6.760000,-151.475375
643,-2.871710,-2.783473,-3.783473,-1.783473,price_sensitive_uninformed,none,0.000000,26,-127.848893,-202.513357,6.760000,-209.273357
644,-2.912360,-3.509491,-4.509491,-2.509491,informed,none,0.000000,26,-127.848893,-203.570243,6.760000,-210.330243
645,-3.381078,-5.791373,-6.791373,-4.791373,price_sensitive_uninformed,none,0.000000,26,-127.848893,-215.756929,6.760000,-222.516929
646,-2.570726,-1.787384,-2.787384,-0.787384,price_sensitive_uninformed,none,0.000000,26,-127.848893,-194.687763,6.760000,-201.447763
647,-3.748994,-3.906911,-4.906911,-2.906911,price_sensitive_uninformed,buy_from_mm,-2.906911,25,-130.755805,-224.480659,6.250000,-230.730659
648,-2.112583,-2.981075,-3.981075,-1.981075,informed,none,0.000000,25,-130.755805,-183.570384,6.250000,-189.820384
649,-2.742667,-0.621238,-1.621238,0.378762,price_sensitive_uninformed,sell_to_mm,-1.621238,26,-129.134566,-200.443903,6.760000,-207.203903
650,-3.348255,-3.869231,-4.869231,-2.869231,price_sensitive_uninformed,none,0.000000,26,-129.134566,-216.189202,6.760000,-222.949202
651,-4.842630,-4.181578,-5.181578,-3.181578,informed,none,0.000000,26,-129.134566,-255.042936,6.760000,-261.802936
652,-5.562882,-6.228968,-7.228968,-5.228968,price_sensitive_uninformed,none,0.000000,26,-129.134566,-273.769510,6.760000,-280.529510
653,-5.950006,-5.936314,-6.936314,-4.936314,informed,none,0.000000,26,-129.134566,-283.834710,6.760000,-290.594710
654,-6.560900,-7.460688,-8.460688,-6.460688,price_sensitive_uninformed,sell_to_mm,-8.460688,27,-120.673878,-297.818180,7.290000,-305.108180
655,-6.531095,-6.820753,-7.820753,-5.820753,informed,none,0.000000,27,-120.673878,-297.013433,7.290000,-304.303433
656,-5.126540,-4.597274,-5.597274,-3.597274,informed,none,0.000000,27,-120.673878,-259.090460,7.290000,-266.380460
657,-4.795341,-3.854260,-4.854260,-2.854260,informed,none,0.000000,27,-120.673878,-250.148079,7.290000,-257.438079
658,-5.524573,-5.578372,-6.578372,-4.578372,price_sensitive_uninformed,buy_from_mm,-4.578372,26,-125.252250,-268.891140,6.760000,-275.651140
659,-6.065395,-5.210001,-6.210001,-4.210001,informed,none,0.000000,26,-125.252250,-282.952514,6.760000,-289.712514
660,-7.829836,-6.356564,-7.356564,-5.356564,price_sensitive_uninformed,sell_to_mm,-7.356564,27,-117.895687,-329.301254,7.290000,-336.591254
661,-6.887253,-6.346859,-7.346859,-5.346859,price_sensitive_uninformed,sell_to_mm,-7.346859,28,-110.548828,-303.391924,7.840000,-311.231924
662,-6.723976,-4.978175,-5.978175,-3.978175,informed,sell_to_mm,-5.978175,29,-104.570653,-299.565969,8.410000,-307.975969
663,-6.809246,-6.138979,-7.138979,-5.138979,price_sensitive_uninformed,sell_to_mm,-7.138979,30,-97.431673,-301.709054,9.000000,-310.709054
664,-6.442237,-5.128804,-6.128804,-4.128804,price_sensitive_uninformed,none,0.000000,30,-97.431673,-290.698783,9.000000,-299.698783
665,-7.337670,-6.443707,-7.443707,-5.443707,price_sensitive_uninformed,none,0.000000,30,-97.431673,-317.561788,9.000000,-326.561788
666,-9.072611,-8.983309,-9.983309,-7.983309,price_sensitive_uninformed,none,0.000000,30,-97.431673,-369.610001,9.000000,-378.610001
667,-9.525190,-9.526830,-10.526830,-8.526830,price_sensitive_uninformed,none,0.000000,30,-97.431673,-383.187375,9.000000,-392.187375
668,-9.851888,-10.037297,-11.037297,-9.037297,price_sensitive_uninformed,buy_from_mm,-9.037297,29,-106.468970,-392.173721,8.410000,-400.583721
669,-8.316233,-8.791055,-9.791055,-7.791055,price_sensitive_uninformed,sell_to_mm,-9.791055,30,-96.677916,-346.164916,9.000000,-355.164916
670,-7.920331,-9.349463,-10.349463,-8.349463,price_sensitive_uninformed,none,0.000000,30,-96.677916,-334.287845,9.000000,-343.287845
671,-9.054673,-9.155266,-10.155266,-8.155266,price_sensitive_uninformed,none,0.000000,30,-96.677916,-368.318117,9.000000,-377.318117
672,-9.353323,-10.242808,-11.242808,-9.242808,price_sensitive_uninformed,none,0.000000,30,-96.677916,-377.277604,9.000000,-386.277604
673,-9.056687,-7.527900,-8.527900,-6.527900,price_sensitive_uninformed,none,0.000000,30,-96.677916,-368.378520,9.000000,-377.378520
674,-10.001729,-9.472434,-10.472434,-8.472434,informed,none,0.000000,30,-96.677916,-396.729784,9.000000,-405.729784
675,-13.012340,-13.756227,-14.756227,-12.756227,price_sensitive_uninformed,none,0.000000,30,-96.677916,-487.048120,9.000000,-496.048120
676,-12.995026,-12.619909,-13.619909,-11.619909,informed,none,0.000000,30,-96.677916,-486.528703,9.000000,-495.528703
677,-13.195426,-13.755006,-14.755006,-12.755006,informed,none,0.000000,30,-96.677916,-492.540693,9.000000,-501.540693
678,-13.092345,-12.485494,-13.485494,-11.485494,price_sensitive_uninformed,none,0.000000,30,-96.677916,-489.448254,9.000000,-498.448254
679,-13.985213,-13.810862,-14.810862,-12.810862,informed,none,0.000000,30,-96.677916,-516.234308,9.000000,-525.234308
680,-13.907278,-14.334156,-15.334156,-13.334156,informed,none,0.000000,30,-96.677916,-513.896252,9.000000,-522.896252
681,-14.056371,-14.407661,-15.407661,-13.407661,price_sensitive_uninformed,sell_to_mm,-15.407661,31,-81.270254,-517.017767,9.610000,-526.627767
682,-12.370786,-11.477839,-12.477839,-10.477839,informed,none,0.000000,31,-81.270254,-464.764618,9.610000,-474.374618
683,-11.661539,-8.934328,-9.934328,-7.934328,price_sensitive_uninformed,sell_to_mm,-9.934328,32,-71.335926,-444.505175,10.240000,-454.745175
684,-12.730494,-12.498439,-13.498439,-11.498439,price_sensitive_uninformed,sell_to_mm,-13.498439,33,-57.837487,-477.943783,10.890000,-488.833783
685,-12.510113,-12.332188,-13.332188,-11.332188,informed,none,0.000000,33,-57.837487,-470.671221,10.890000,-481.561221
686,-13.195812,-14.436400,-15.436400,-13.436400,price_sensitive_uninformed,buy_from_mm,-13.436400,32,-71.273887,-493.539881,10.240000,-503.779881
687,-12.814947,-12.613298,-13.613298,-11.613298,price_sensitive_uninformed,none,0.000000,32,-71.273887,-481.352202,10.240000,-491.592202
688,-13.203797,-14.128254,-15.128254,-13.128254,informed,none,0.000000,32,-71.273887,-493.795382,10.240000,-504.035382
689,-13.883865,-13.554825,-14.554825,-12.554825,informed,none,0.000000,32,-71.273887,-515.557557,10.240000,-525.797557
690,-13.527099,-12.031656,-13.031656,-11.031656,price_sensitive_uninformed,none,0.000000,32,-71.273887,-504.141056,10.240000,-514.381056
691,-12.803983,-12.869577,-13.869577,-11.869577,informed,none,0.000000,32,-71.273887,-481.001339,10.240000,-491.241339
692,-14.541141,-14.090759,-15.090759,-13.090759,price_sensitive_uninformed,sell_to_mm,-15.090759,33,-56.183129,-536.040794,10.890000,-546.930794
693,-14.669446,-13.290775,-14.290775,-12.290775,informed,sell_to_mm,-14.290775,34,-41.892353,-540.653516,11.560000,-552.213516
694,-14.935371,-15.376877,-16.376877,-14.376877,price_sensitive_uninformed,sell_to_mm,-16.376877,35,-25.515476,-548.253452,12.250000,-560.503452
695,-13.928940,-14.577554,-15.577554,-13.577554,price_sensitive_uninformed,none,0.000000,35,-25.515476,-513.028360,12.250000,-525.278360
696,-13.815899,-12.027782,-13.027782,-11.027782,price_sensitive_uninformed,none,0.000000,35,-25.515476,-509.071957,12.250000,-521.321957
697,-14.640166,-14.665656,-15.665656,-13.665656,informed,none,0.000000,35,-25.515476,-537.921303,12.250000,-550.171303
698,-14.031687,-12.869245,-13.869245,-11.869245,informed,sell_to_mm,-13.869245,36,-11.646231,-516.786949,12.960000,-529.746949
699,-13.452840,-12.802754,-13.802754,-11.802754,informed,none,0.000000,36,-11.646231,-495.948464,12.960000,-508.908464
700,-14.725213,-14.532442,-15.532442,-13.532442,price_sensitive_uninformed,none,0.000000,36,-11.646231,-541.753893,12.960000,-554.713893
701,-15.362076,-14.877040,-15.877040,-13.877040,informed,none,0.000000,36,-11.646231,-564.680975,12.960000,-577.640975
702,-15.005138,-14.823965,-15.823965,-13.823965,price_sensitive_uninformed,none,0.000000,36,-11.646231,-551.831188,12.960000,-564.791188
703,-14.853988,-14.351039,-15.351039,-13.351039,price_sensitive_uninformed,none,0.000000,36,-11.646231,-546.389803,12.960000,-559.349803
704,-15.447442,-15.728655,-16.728655,-14.728655,price_sensitive_uninformed,none,0.000000,36,-11.646231,-567.754158,12.960000,-580.714158
705,-17.036365,-17.038661,-18.038661,-16.038661,informed,none,0.000000,36,-11.646231,-624.955377,12.960000,-637.915377
706,-16.523594,-16.710382,-17.710382,-15.710382,price_sensitive_uninformed,none,0.000000,36,-11.646231,-606.495602,12.960000,-619.455602
707,-14.644672,-14.271630,-15.271630,-13.271630,price_sensitive_uninformed,none,0.000000,36,-11.646231,-538.854429,12.960000,-551.814429
708,-13.654482,-13.453568,-14.453568,-12.453568,price_sensitive_uninformed,none,0.000000,36,-11.646231,-503.207579,12.960000,-516.167579
709,-12.155732,-13.054051,-14.054051,-12.054051,informed,none,0.000000,36,-11.646231,-449.252595,12.960000,-462.212595
710,-11.710077,-14.110690,-15.110690,-13.110690,informed,buy_from_mm,-13.110690,35,-24.756921,-434.609604,12.250000,-446.859604
711,-12.679528,-13.257815,-14.257815,-12.257815,price_sensitive_uninformed,none,0.000000,35,-24.756921,-468.540394,12.250000,-480.790394
712,-12.777875,-14.050155,-15.050155,-13.050155,price_sensitive_uninformed,none,0.000000,35,-24.756921,-471.982560,12.250000,-484.232560
713,-11.730148,-12.114409,-13.114409,-11.114409,price_sensitive_uninformed,none,0.000000,35,-24.756921,-435.312101,12.250000,-447.562101
714,-10.867310,-12.988699,-13.988699,-11.988699,price_sensitive_uninformed,none,0.000000,35,-24.756921,-405.112774,12.250000,-417.362774
715,-11.094694,-11.785809,-12.785809,-10.785809,informed,none,0.000000,35,-24.756921,-413.071203,12.250000,-425.321203
716,-10.500725,-10.816945,-11.816945,-9.816945,informed,none,0.000000,35,-24.756921,-392.282299,12.250000,-404.532299
717,-11.044432,-11.986855,-12.986855,-10.986855,informed,none,0.000000,35,-24.756921,-411.312029,12.250000,-423.562029
718,-10.455025,-10.713760,-11.713760,-9.713760,price_sensitive_uninformed,buy_from_mm,-9.713760,34,-34.470681,-389.941536,11.560000,-401.501536
719,-8.513561,-8.299303,-9.299303,-7.299303,informed,none,0.000000,34,-34.470681,-323.931754,11.560000,-335.491754
720,-7.675792,-7.847264,-8.847264,-6.847264,informed,none,0.000000,34,-34.470681,-295.447600,11.560000,-307.007600
721,-7.371562,-5.787985,-6.787985,-4.787985,price_sensitive_uninformed,none,0.000000,34,-34.470681,-285.103796,11.560000,-296.663796
722,-7.643465,-7.640464,-8.640464,-6.640464,informed,none,0.000000,34,-34.470681,-294.348493,11.560000,-305.908493
723,-9.038838,-8.736340,-9.736340,-7.736340,price_sensitive_uninformed,buy_from_mm,-7.736340,33,-42.207021,-340.488683,10.890000,-351.378683
724,-8.963161,-8.854878,-9.854878,-7.854878,informed,none,0.000000,33,-42.207021,-337.991331,10.890000,-348.881331
725,-9.926036,-9.792862,-10.792862,-8.792862,price_sensitive_uninformed,none,0.000000,33,-42.207021,-369.766195,10.890000,-380.656195
726,-9.012910,-7.776876,-8.776876,-6.776876,price_sensitive_uninformed,none,0.000000,33,-42.207021,-339.633062,10.890000,-350.523062
727,-8.576376,-9.031893,-10.031893,-8.031893,informed,none,0.000000,33,-42.207021,-325.227425,10.890000,-336.117425
728,-7.579295,-7.669727,-8.669727,-6.669727,informed,none,0.000000,33,-42.207021,-292.323749,10.890000,-303.213749
729,-8.693005,-7.773310,-8.773310,-6.773310,price_sensitive_uninformed,none,0.000000,33,-42.207021,-329.076184,10.890000,-339.966184
730,-7.885345,-8.359354,-9.359354,-7.359354,price_sensitive_uninformed,buy_from_mm,-7.359354,32,-49.566375,-301.897414,10.240000,-312.137414
731,-7.656616,-8.530944,-9.530944,-7.530944,informed,none,0.000000,32,-49.566375,-294.578091,10.240000,-304.818091
732,-6.324646,-6.477791,-7.477791,-5.477791,price_sensitive_uninformed,none,0.000000,32,-49.566375,-251.955055,10.240000,-262.195055
733,-6.424357,-5.791938,-6.791938,-4.791938,informed,none,0.000000,32,-49.566375,-255.145793,10.240000,-265.385793
734,-6.140896,-6.272681,-7.272681,-5.272681,price_sensitive_uninformed,sell_to_mm,-7.272681,33,-42.293694,-244.943278,10.890000,-255.833278
735,-4.270906,-5.665219,-6.665219,-4.665219,informed,buy_from_mm,-4.665219,32,-46.958913,-183.627912,10.240000,-193.867912
736,-2.653864,-3.308146,-4.308146,-2.308146,price_sensitive_uninformed,none,0.000000,32,-46.958913,-131.882550,10.240000,-142.122550
737,-1.596760,-1.702201,-2.702201,-0.702201,price_sensitive_uninformed,none,0.000000,32,-46.958913,-98.055227,10.240000,-108.295227
738,-1.960882,-3.258396,-4.258396,-2.258396,price_sensitive_uninformed,none,0.000000,32,-46.958913,-109.707143,10.240000,-119.947143
739,-2.172691,-2.430172,-3.430172,-1.430172,price_sensitive_uninformed,none,0.000000,32,-46.958913,-116.485033,10.240000,-126.725033
740,-1.578913,-2.715473,-3.715473,-1.715473,informed,buy_from_mm,-1.715473,31,-48.674387,-97.620692,9.610000,-107.230692
741,-0.540217,-0.476135,-1.476135,0.523865,informed,none,0.000000,31,-48.674387,-65.421099,9.610000,-75.031099
742,-1.355772,-1.488258,-2.488258,-0.488258,informed,none,0.000000,31,-48.674387,-90.703316,9.610000,-100.313316
743,-0.722725,-1.564705,-2.564705,-0.564705,price_sensitive_uninformed,none,0.000000,31,-48.674387,-71.078857,9.610000,-80.688857
744,-0.661084,-0.847826,-1.847826,0.152174,price_sensitive_uninformed,none,0.000000,31,-48.674387,-69.168003,9.610000,-78.778003
745,-0.057203,0.829675,-0.170325,1.829675,price_sensitive_uninformed,buy_from_mm,1.829675,30,-46.844711,-48.560807,9.000000,-57.560807
746,0.222949,-0.005258,-1.005258,0.994742,informed,none,0.000000,30,-46.844711,-40.156253,9.000000,-49.156253
747,0.871005,-1.048625,-2.048625,-0.048625,informed,buy_from_mm,-0.048625,29,-46.893336,-21.634192,8.410000,-30.044192
748,-0.130807,-0.796289,-1.796289,0.203711,price_sensitive_uninformed,sell_to_mm,-1.796289,30,-45.097048,-49.021272,9.000000,-58.021272
749,0.912979,3.491173,2.491173,4.491173,price_sensitive_uninformed,none,0.000000,30,-45.097048,-17.707673,9.000000,-26.707673
750,0.044872,1.056877,0.056877,2.056877,price_sensitive_uninformed,none,0.000000,30,-45.097048,-43.750890,9.000000,-52.750890
751,1.575829,2.531933,1.531933,3.531933,informed,none,0.000000,30,-45.097048,2.177829,9.000000,-6.822171
752,-0.618818,-1.728099,-2.728099,-0.728099,informed,buy_from_mm,-0.728099,29,-45.825147,-63.770877,8.410000,-72.180877
753,-1.989410,-1.426114,-2.426114,-0.426114,informed,none,0.000000,29,-45.825147,-103.518036,8.410000,-111.928036
754,-0.746847,-0.633295,-1.633295,0.366705,informed,none,0.000000,29,-45.825147,-67.483699,8.410000,-75.893699
755,0.830026,1.728940,0.728940,2.728940,informed,none,0.000000,29,-45.825147,-21.754392,8.410000,-30.164392
756,0.056438,-1.350549,-2.350549,-0.350549,price_sensitive_uninformed,none,0.000000,29,-45.825147,-44.188441,8.410000,-52.598441
757,1.371097,1.248503,0.248503,2.248503,informed,none,0.000000,29,-45.825147,-6.063335,8.410000,-14.473335
758,0.757624,0.210988,-0.789012,1.210988,informed,none,0.000000,29,-45.825147,-23.854062,8.410000,-32.264062
759,0.241734,1.760423,0.760423,2.760423,informed,sell_to_mm,0.760423,30,-46.585569,-39.333553,9.000000,-48.333553
760,-0.191109,-1.674346,-2.674346,-0.674346,price_sensitive_uninformed,none,0.000000,30,-46.585569,-52.318833,9.000000,-61.318833
761,0.546565,-0.407285,-1.407285,0.592715,informed,none,0.000000,30,-46.585569,-30.188619,9.000000,-39.188619
762,0.966166,2.876774,1.876774,3.876774,price_sensitive_uninformed,none,0.000000,30,-46.585569,-17.600601,9.000000,-26.600601
763,-0.324590,-1.866668,-2.866668,-0.866668,informed,buy_from_mm,-0.866668,29,-47.452237,-56.865358,8.410000,-65.275358
764,-1.170006,-0.820513,-1.820513,0.179487,price_sensitive_uninformed,none,0.000000,29,-47.452237,-81.382413,8.410000,-89.792413
765,-0.216650,-1.841037,-2.841037,-0.841037,price_sensitive_uninformed,none,0.000000,29,-47.452237,-53.735086,8.410000,-62.145086
766,-1.551300,-0.701180,-1.701180,0.298820,price_sensitive_uninformed,none,0.000000,29,-47.452237,-92.439939,8.410000,-100.849939
767,-0.732809,0.305342,-0.694658,1.305342,price_sensitive_uninformed,none,0.000000,29,-47.452237,-68.703708,8.410000,-77.113708
768,-0.089999,-0.409817,-1.409817,0.590183,informed,none,0.000000,29,-47.452237,-50.062208,8.410000,-58.472208
769,-0.073465,0.011079,-0.988921,1.011079,informed,none,0.000000,29,-47.452237,-49.582710,8.410000,-57.992710
770,-0.087512,-0.308242,-1.308242,0.691758,price_sensitive_uninformed,none,0.000000,29,-47.452237,-49.990084,8.410000,-58.400084
771,0.037708,-0.892700,-1.892700,0.107300,informed,none,0.000000,29,-47.452237,-46.358704,8.410000,-54.768704
772,2.681022,2.842381,1.842381,3.842381,price_sensitive_uninformed,none,0.000000,29,-47.452237,30.297392,8.410000,21.887392
773,3.620022,3.681592,2.681592,4.681592,informed,none,0.000000,29,-47.452237,57.528412,8.410000,49.118412
774,2.622400,1.276339,0.276339,2.276339,price_sensitive_uninformed,buy_from_mm,2.276339,28,-45.175898,28.251291,7.840000,20.411291
775,4.384035,5.986118,4.986118,6.986118,informed,sell_to_mm,4.986118,29,-50.162016,76.974997,8.410000,68.564997
776,3.727080,4.675028,3.675028,5.675028,price_sensitive_uninformed,none,0.000000,29,-50.162016,57.923314,8.410000,49.513314
777,2.492986,2.079378,1.079378,3.079378,price_sensitive_uninformed,sell_to_mm,1.079378,30,-51.241394,23.548186,9.000000,14.548186
778,3.669228,2.578051,1.578051,3.578051,informed,buy_from_mm,3.578051,29,-47.663343,58.744278,8.410000,50.334278
779,4.760035,4.719195,3.719195,5.719195,informed,none,0.000000,29,-47.663343,90.377674,8.410000,81.967674
780,3.778758,2.752079,1.752079,3.752079,price_sensitive_uninformed,none,0.000000,29,-47.663343,61.920638,8.410000,53.510638
781,4.083139,4.364335,3.364335,5.364335,price_sensitive_uninformed,sell_to_mm,3.364335,30,-51.027678,71.466500,9.000000,62.466500
782,4.050219,4.474443,3.474443,5.474443,price_sensitive_uninformed,none,0.000000,30,-51.027678,70.478882,9.000000,61.478882
783,3.081953,3.283786,2.283786,4.283786,price_sensitive_uninformed,none,0.000000,30,-51.027678,41.430917,9.000000,32.430917
784,4.687940,3.357688,2.357688,4.357688,informed,buy_from_mm,4.357688,29,-46.669991,89.280271,8.410000,80.870271
785,6.124153,7.236613,6.236613,8.236613,price_sensitive_uninformed,none,0.000000,29,-46.669991,130.930450,8.410000,122.520450
786,5.796039,7.184686,6.184686,8.184686,price_sensitive_uninformed,buy_from_mm,8.184686,28,-38.485305,123.803786,7.840000,115.963786
787,5.970492,4.656053,3.656053,5.656053,price_sensitive_uninformed,buy_from_mm,5.656053,27,-32.829252,128.374036,7.290000,121.084036
788,6.264326,5.929132,4.929132,6.929132,informed,none,0.000000,27,-32.829252,136.307559,7.290000,129.017559
789,6.278588,7.432614,6.432614,8.432614,price_sensitive_uninformed,sell_to_mm,6.432614,28,-39.261866,136.538584,7.840000,128.698584
790,7.381202,8.129464,7.129464,9.129464,informed,none,0.000000,28,-39.261866,167.411778,7.840000,159.571778
791,7.355601,6.517590,5.517590,7.517590,informed,none,0.000000,28,-39.261866,166.694950,7.840000,158.854950
792,7.318331,7.757445,6.757445,8.757445,price_sensitive_uninformed,none,0.000000,28,-39.261866,165.651398,7.840000,157.811398
793,7.727561,8.361858,7.361858,9.361858,informed,none,0.000000,28,-39.261866,177.109852,7.840000,169.269852
794,7.929669,6.324103,5.324103,7.324103,informed,buy_from_mm,7.324103,27,-31.937763,182.163293,7.290000,174.873293
795,9.159755,9.426195,8.426195,10.426195,informed,none,0.000000,27,-31.937763,215.375633,7.290000,208.085633
796,9.459218,9.616502,8.616502,10.616502,price_sensitive_uninformed,sell_to_mm,8.616502,28,-40.554266,224.303840,7.840000,216.463840
797,11.998848,12.255556,11.255556,13.255556,price_sensitive_uninformed,buy_from_mm,13.255556,27,-27.298710,296.670179,7.290000,289.380179
798,10.601907,11.261075,10.261075,12.261075,price_sensitive_uninformed,none,0.000000,27,-27.298710,258.952783,7.290000,251.662783
799,12.838288,12.300269,11.300269,13.300269,price_sensitive_uninformed,none,0.000000,27,-27.298710,319.335063,7.290000,312.045063
800,13.527341,12.685669,11.685669,13.685669,price_sensitive_uninformed,buy_from_mm,13.685669,26,-13.613041,338.097831,6.760000,331.337831
801,13.808610,14.540980,13.540980,15.540980,price_sensitive_uninformed,none,0.000000,26,-13.613041,345.410814,6.760000,338.650814
802,13.831888,12.920700,11.920700,13.920700,price_sensitive_uninformed,none,0.000000,26,-13.613041,346.016038,6.760000,339.256038
803,13.700908,15.993171,14.993171,16.993171,price_sensitive_uninformed,none,0.000000,26,-13.613041,342.610567,6.760000,335.850567
804,14.731703,13.396303,12.396303,14.396303,price_sensitive_uninformed,sell_to_mm,12.396303,27,-26.009344,371.746639,7.290000,364.456639
805,13.344801,13.466205,12.466205,14.466205,informed,none,0.000000,27,-26.009344,334.300287,7.290000,327.010287
806,13.314633,12.752516,11.752516,13.752516,informed,none,0.000000,27,-26.009344,333.485744,7.290000,326.195744
807,13.712608,13.999407,12.999407,14.999407,price_sensitive_uninformed,none,0.000000,27,-26.009344,344.231075,7.290000,336.941075
808,14.191166,14.831799,13.831799,15.831799,price_sensitive_uninformed,none,0.000000,27,-26.009344,357.152150,7.290000,349.862150
809,13.268126,13.016859,12.016859,14.016859,informed,none,0.000000,27,-26.009344,332.230049,7.290000,324.940049
810,14.684787,14.627407,13.627407,15.627407,informed,none,0.000000,27,-26.009344,370.479907,7.290000,363.189907
811,16.127253,17.858680,16.858680,18.858680,price_sensitive_uninformed,buy_from_mm,18.858680,26,-7.150663,412.157914,6.760000,405.397914
812,17.817351,18.763781,17.763781,19.763781,price_sensitive_uninformed,none,0.000000,26,-7.150663,456.100453,6.760000,449.340453
813,20.304733,19.731591,18.731591,20.731591,price_sensitive_uninformed,buy_from_mm,20.731591,25,13.580928,521.199247,6.250000,514.949247
814,20.865506,19.712739,18.712739,20.712739,price_sensitive_uninformed,buy_from_mm,20.712739,24,34.293667,535.065801,5.760000,529.305801
815,20.810200,20.312134,19.312134,21.312134,price_sensitive_uninformed,none,0.000000,24,34.293667,533.738473,5.760000,527.978473
816,22.362202,22.821009,21.821009,23.821009,informed,none,0.000000,24,34.293667,570.986512,5.760000,565.226512
817,22.546920,20.354200,19.354200,21.354200,price_sensitive_uninformed,buy_from_mm,21.354200,23,55.647866,574.227025,5.290000,568.937025
818,21.087488,21.362387,20.362387,22.362387,informed,none,0.000000,23,55.647866,540.660099,5.290000,535.370099
819,21.197783,19.995225,18.995225,20.995225,price_sensitive_uninformed,none,0.000000,23,55.647866,543.196881,5.290000,537.906881
820,21.180559,19.796645,18.796645,20.796645,price_sensitive_uninformed,none,0.000000,23,55.647866,542.800716,5.290000,537.510716
821,21.208494,23.087969,22.087969,24.087969,price_sensitive_uninformed,none,0.000000,23,55.647866,543.443224,5.290000,538.153224
822,20.040244,20.331954,19.331954,21.331954,price_sensitive_uninformed,none,0.000000,23,55.647866,516.573474,5.290000,511.283474
823,21.100579,20.663037,19.663037,21.663037,informed,none,0.000000,23,55.647866,540.961174,5.290000,535.671174
824,22.672386,24.560706,23.560706,25.560706,price_sensitive_uninformed,buy_from_mm,25.560706,22,81.208572,580.001072,4.840000,575.161072
825,21.764763,22.445150,21.445150,23.445150,informed,none,0.000000,22,81.208572,560.033351,4.840000,555.193351
826,20.079997,20.255682,19.255682,21.255682,price_sensitive_uninformed,none,0.000000,22,81.208572,522.968502,4.840000,518.128502
827,20.110094,21.006807,20.006807,22.006807,informed,none,0.000000,22,81.208572,523.630643,4.840000,518.790643
828,19.033279,18.817315,17.817315,19.817315,informed,none,0.000000,22,81.208572,499.940701,4.840000,495.100701
829,18.343742,17.944674,16.944674,18.944674,price_sensitive_uninformed,none,0.000000,22,81.208572,484.770890,4.840000,479.930890
830,17.854542,16.711259,15.711259,17.711259,informed,buy_from_mm,17.711259,21,98.919831,473.865217,4.410000,469.455217
831,19.554089,20.258065,19.258065,21.258065,informed,none,0.000000,21,98.919831,509.555695,4.410000,505.145695
832,18.615059,15.945987,14.945987,16.945987,price_sensitive_uninformed,none,0.000000,21,98.919831,489.836064,4.410000,485.426064
833,17.286655,16.758397,15.758397,17.758397,price_sensitive_uninformed,none,0.000000,21,98.919831,461.939592,4.410000,457.529592
834,17.727461,17.271655,16.271655,18.271655,informed,none,0.000000,21,98.919831,471.196522,4.410000,466.786522
835,19.948023,19.570316,18.570316,20.570316,price_sensitive_uninformed,none,0.000000,21,98.919831,517.828321,4.410000,513.418321
836,20.317950,21.052063,20.052063,22.052063,price_sensitive_uninformed,none,0.000000,21,98.919831,525.596782,4.410000,521.186782
837,21.117244,22.965718,21.965718,23.965718,price_sensitive_uninformed,none,0.000000,21,98.919831,542.381954,4.410000,537.971954
838,19.893722,21.825221,20.825221,22.825221,price_sensitive_uninformed,none,0.000000,21,98.919831,516.687994,4.410000,512.277994
839,19.711891,19.091760,18.091760,20.091760,price_sensitive_uninformed,none,0.000000,21,98.919831,512.869539,4.410000,508.459539
840,21.274004,20.991286,19.991286,21.991286,informed,none,0.000000,21,98.919831,545.673909,4.410000,541.263909
841,20.651131,18.955901,17.955901,19.955901,informed,buy_from_mm,19.955901,20,118.875732,531.898361,4.000000,527.898361
842,21.948262,21.500505,20.500505,22.500505,price_sensitive_uninformed,none,0.000000,20,118.875732,557.840976,4.000000,553.840976
843,20.870460,20.453583,19.453583,21.453583,price_sensitive_uninformed,none,0.000000,20,118.875732,536.284938,4.000000,532.284938
844,20.459467,18.851529,17.851529,19.851529,informed,buy_from_mm,19.851529,19,138.727261,527.457130,3.610000,523.847130
845,21.520102,18.333723,17.333723,19.333723,informed,buy_from_mm,19.333723,18,158.060984,545.422820,3.240000,542.182820
846,21.438681,22.198019,21.198019,23.198019,informed,none,0.000000,18,158.060984,543.957245,3.240000,540.717245
847,21.819892,21.466850,20.466850,22.466850,price_sensitive_uninformed,none,0.000000,18,158.060984,550.819034,3.240000,547.579034
848,22.859986,20.202418,19.202418,21.202418,price_sensitive_uninformed,none,0.000000,18,158.060984,569.540725,3.240000,566.300725
849,22.361475,23.186465,22.186465,24.186465,informed,none,0.000000,18,158.060984,560.567538,3.240000,557.327538
850,23.617814,24.488382,23.488382,25.488382,price_sensitive_uninformed,none,0.000000,18,158.060984,583.181644,3.240000,579.941644
851,24.079239,24.426389,23.426389,25.426389,informed,none,0.000000,18,158.060984,591.487284,3.240000,588.247284
852,24.167073,24.067986,23.067986,25.067986,price_sensitive_uninformed,none,0.000000,18,158.060984,593.068305,3.240000,589.828305
853,23.748992,24.155386,23.155386,25.155386,informed,none,0.000000,18,158.060984,585.542832,3.240000,582.302832
854,24.113119,22.376163,21.376163,23.376163,price_sensitive_uninformed,none,0.000000,18,158.060984,592.097117,3.240000,588.857117
855,23.797571,23.249581,22.249581,24.249581,price_sensitive_uninformed,sell_to_mm,22.249581,19,135.811403,587.965246,3.610000,584.355246
856,24.284580,26.093114,25.093114,27.093114,informed,sell_to_mm,25.093114,20,110.718289,596.409895,4.000000,592.409895
857,24.621091,26.199790,25.199790,27.199790,informed,sell_to_mm,25.199790,21,85.518498,602.561400,4.410000,598.151400
858,23.595687,22.414468,21.414468,23.414468,price_sensitive_uninformed,buy_from_mm,23.414468,20,108.932966,580.846699,4.000000,576.846699
859,21.973930,23.839160,22.839160,24.839160,informed,sell_to_mm,22.839160,21,86.093806,547.546337,4.410000,543.136337
860,22.353429,22.517181,21.517181,23.517181,price_sensitive_uninformed,none,0.000000,21,86.093806,555.515812,4.410000,551.105812
861,21.791358,21.864009,20.864009,22.864009,informed,none,0.000000,21,86.093806,543.712327,4.410000,539.302327
862,21.598562,22.708820,21.708820,23.708820,price_sensitive_uninformed,none,0.000000,21,86.093806,539.663610,4.410000,535.253610
863,23.095139,24.475995,23.475995,25.475995,informed,sell_to_mm,23.475995,22,62.617811,570.710875,4.840000,565.870875
864,23.546988,23.199086,22.199086,24.199086,price_sensitive_uninformed,buy_from_mm,24.199086,21,86.816897,581.303643,4.410000,576.893643
865,23.587610,23.259609,22.259609,24.259609,informed,none,0.000000,21,86.816897,582.156700,4.410000,577.746700
866,22.022589,19.688813,18.688813,20.688813,informed,buy_from_mm,20.688813,20,107.505710,547.957492,4.000000,543.957492
867,21.671704,20.727547,19.727547,21.727547,price_sensitive_uninformed,none,0.000000,20,107.505710,540.939784,4.000000,536.939784
868,20.834262,20.687071,19.687071,21.687071,price_sensitive_uninformed,none,0.000000,20,107.505710,524.190944,4.000000,520.190944
869,20.939316,22.143437,21.143437,23.143437,informed,sell_to_mm,21.143437,21,86.362273,526.087903,4.410000,521.677903
870,20.415469,19.631882,18.631882,20.631882,price_sensitive_uninformed,none,0.000000,21,86.362273,515.087122,4.410000,510.677122
871,18.921832,17.882485,16.882485,18.882485,price_sensitive_uninformed,none,0.000000,21,86.362273,483.720740,4.410000,479.310740
872,18.558958,19.833791,18.833791,20.833791,informed,sell_to_mm,18.833791,22,67.528483,475.825563,4.840000,470.985563
873,17.569160,18.766881,17.766881,19.766881,price_sensitive_uninformed,none,0.000000,22,67.528483,454.050013,4.840000,449.210013
874,17.063175,17.187627,16.187627,18.187627,price_sensitive_uninformed,none,0.000000,22,67.528483,442.918325,4.840000,438.078325
875,17.768112,17.776960,16.776960,18.776960,price_sensitive_uninformed,none,0.000000,22,67.528483,458.426946,4.840000,453.586946
876,17.104654,17.543317,16.543317,18.543317,informed,none,0.000000,22,67.528483,443.830873,4.840000,438.990873
877,16.638949,17.848213,16.848213,18.848213,informed,sell_to_mm,16.848213,23,50.680270,433.376102,5.290000,428.086102
878,16.489778,16.508757,15.508757,17.508757,price_sensitive_uninformed,none,0.000000,23,50.680270,429.945157,5.290000,424.655157
879,16.051792,16.383181,15.383181,17.383181,price_sensitive_uninformed,none,0.000000,23,50.680270,419.871484,5.290000,414.581484
880,18.195969,19.840873,18.840873,20.840873,informed,sell_to_mm,18.840873,24,31.839397,468.542660,5.760000,462.782660
881,18.256574,17.461210,16.461210,18.461210,price_sensitive_uninformed,none,0.000000,24,31.839397,469.997173,5.760000,464.237173
882,19.393868,19.601209,18.601209,20.601209,price_sensitive_uninformed,none,0.000000,24,31.839397,497.292221,5.760000,491.532221
883,20.083319,20.085595,19.085595,21.085595,price_sensitive_uninformed,sell_to_mm,19.085595,25,12.753802,514.836776,6.250000,508.586776
884,21.445024,21.179819,20.179819,22.179819,price_sensitive_uninformed,sell_to_mm,20.179819,26,-7.426018,550.144601,6.760000,543.384601
885,21.862105,20.759657,19.759657,21.759657,informed,buy_from_mm,21.759657,25,14.333639,560.886270,6.250000,554.636270
886,21.483193,21.432641,20.432641,22.432641,informed,none,0.000000,25,14.333639,551.413464,6.250000,545.163464
887,22.625107,22.972949,21.972949,23.972949,informed,none,0.000000,25,14.333639,579.961314,6.250000,573.711314
888,21.365649,21.036564,20.036564,22.036564,price_sensitive_uninformed,none,0.000000,25,14.333639,548.474863,6.250000,542.224863
889,22.213422,22.656347,21.656347,23.656347,price_sensitive_uninformed,none,0.000000,25,14.333639,569.669183,6.250000,563.419183
890,20.422058,21.057160,20.057160,22.057160,price_sensitive_uninformed,none,0.000000,25,14.333639,524.885098,6.250000,518.635098
891,20.282007,20.243196,19.243196,21.243196,price_sensitive_uninformed,sell_to_mm,19.243196,26,-4.909556,522.422626,6.760000,515.662626
892,19.902539,20.765484,19.765484,21.765484,price_sensitive_uninformed,none,0.000000,26,-4.909556,512.556458,6.760000,505.796458
893,20.231222,18.355062,17.355062,19.355062,informed,buy_from_mm,19.355062,25,14.445506,520.226052,6.250000,513.976052
894,19.087792,19.179523,18.179523,20.179523,price_sensitive_uninformed,none,0.000000,25,14.445506,491.640317,6.250000,485.390317
895,18.725908,19.310433,18.310433,20.310433,price_sensitive_uninformed,sell_to_mm,18.310433,26,-3.864928,483.008684,6.760000,476.248684
896,20.994235,18.495071,17.495071,19.495071,price_sensitive_uninformed,none,0.000000,26,-3.864928,541.985188,6.760000,535.225188
897,21.548948,19.225407,18.225407,20.225407,informed,buy_from_mm,20.225407,25,16.360480,555.084186,6.250000,548.834186
898,21.959303,21.226347,20.226347,22.226347,price_sensitive_uninformed,none,0.000000,25,16.360480,565.343047,6.250000,559.093047
899,21.211062,23.469925,22.469925,24.469925,informed,sell_to_mm,22.469925,26,-6.109445,545.378172,6.760000,538.618172
900,22.337508,21.925312,20.925312,22.925312,informed,none,0.000000,26,-6.109445,574.665771,6.760000,567.905771
901,23.984957,24.338493,23.338493,25.338493,price_sensitive_uninformed,none,0.000000,26,-6.109445,617.499440,6.760000,610.739440
902,22.899272,21.875947,20.875947,22.875947,price_sensitive_uninformed,sell_to_mm,20.875947,27,-26.985392,591.294956,7.290000,584.004956
903,22.505505,22.589958,21.589958,23.589958,informed,none,0.000000,27,-26.985392,580.663237,7.290000,573.373237
904,22.278385,22.897331,21.897331,23.897331,price_sensitive_uninformed,buy_from_mm,23.897331,26,-3.088061,576.149937,6.760000,569.389937
905,23.931852,24.552410,23.552410,25.552410,informed,none,0.000000,26,-3.088061,619.140083,6.760000,612.380083
906,23.365420,23.413198,22.413198,24.413198,informed,none,0.000000,26,-3.088061,604.412861,6.760000,597.652861
907,22.496485,18.524320,17.524320,19.524320,informed,buy_from_mm,19.524320,25,16.436260,578.848384,6.250000,572.598384
908,23.016401,24.081147,23.081147,25.081147,informed,sell_to_mm,23.081147,26,-6.644887,591.781539,6.760000,585.021539
909,23.468056,22.746870,21.746870,23.746870,price_sensitive_uninformed,sell_to_mm,21.746870,27,-28.391757,605.245758,7.290000,597.955758
910,23.759828,23.779936,22.779936,24.779936,informed,none,0.000000,27,-28.391757,613.123593,7.290000,605.833593
911,21.847311,21.617255,20.617255,22.617255,informed,none,0.000000,27,-28.391757,561.485629,7.290000,554.195629
912,22.153046,22.919370,21.919370,23.919370,informed,none,0.000000,27,-28.391757,569.740486,7.290000,562.450486
913,21.960194,21.033313,20.033313,22.033313,price_sensitive_uninformed,none,0.000000,27,-28.391757,564.533488,7.290000,557.243488
914,22.252250,23.414661,22.414661,24.414661,price_sensitive_uninformed,none,0.000000,27,-28.391757,572.418985,7.290000,565.128985
915,23.652001,25.074821,24.074821,26.074821,informed,sell_to_mm,24.074821,28,-52.466577,609.789444,7.840000,601.949444
916,23.446630,23.370193,22.370193,24.370193,informed,none,0.000000,28,-52.466577,604.039074,7.840000,596.199074
917,22.492382,22.072437,21.072437,23.072437,price_sensitive_uninformed,none,0.000000,28,-52.466577,577.320113,7.840000,569.480113
918,22.767768,23.206313,22.206313,24.206313,informed,none,0.000000,28,-52.466577,585.030930,7.840000,577.190930
919,23.311419,24.076834,23.076834,25.076834,price_sensitive_uninformed,sell_to_mm,23.076834,29,-75.543411,600.487729,8.410000,592.077729
920,24.512293,23.955451,22.955451,24.955451,price_sensitive_uninformed,none,0.000000,29,-75.543411,635.313095,8.410000,626.903095
921,25.045857,23.865442,22.865442,24.865442,informed,buy_from_mm,24.865442,28,-50.677969,650.606040,7.840000,642.766040
922,25.265378,25.654251,24.654251,26.654251,informed,none,0.000000,28,-50.677969,656.752620,7.840000,648.912620
923,24.073835,23.257674,22.257674,24.257674,price_sensitive_uninformed,none,0.000000,28,-50.677969,623.389405,7.840000,615.549405
924,24.322375,25.188080,24.188080,26.188080,informed,none,0.000000,28,-50.677969,630.348545,7.840000,622.508545
925,25.114125,26.564943,25.564943,27.564943,price_sensitive_uninformed,none,0.000000,28,-50.677969,652.517544,7.840000,644.677544
926,25.240076,26.839522,25.839522,27.839522,informed,sell_to_mm,25.839522,29,-76.517491,655.444709,8.410000,647.034709
927,24.871191,25.231116,24.231116,26.231116,price_sensitive_uninformed,none,0.000000,29,-76.517491,644.747058,8.410000,636.337058
928,24.639768,26.396343,25.396343,27.396343,informed,sell_to_mm,25.396343,30,-101.913835,637.279193,9.000000,628.279193
929,24.952124,24.704943,23.704943,25.704943,price_sensitive_uninformed,none,0.000000,30,-101.913835,646.649887,9.000000,637.649887
930,24.676026,25.703564,24.703564,26.703564,price_sensitive_uninformed,none,0.000000,30,-101.913835,638.366943,9.000000,629.366943
931,25.469809,26.798423,25.798423,27.798423,price_sensitive_uninformed,none,0.000000,30,-101.913835,662.180434,9.000000,653.180434
932,25.854222,24.458387,23.458387,25.458387,informed,buy_from_mm,25.458387,29,-76.455447,673.316997,8.410000,664.906997
933,25.233697,26.051638,25.051638,27.051638,price_sensitive_uninformed,sell_to_mm,25.051638,30,-101.507085,655.503819,9.000000,646.503819
934,26.248140,26.761253,25.761253,27.761253,informed,none,0.000000,30,-101.507085,685.937102,9.000000,676.937102
935,26.142248,27.168681,26.168681,28.168681,price_sensitive_uninformed,sell_to_mm,26.168681,31,-127.675767,682.733916,9.610000,673.123916
936,24.654042,25.523495,24.523495,26.523495,informed,none,0.000000,31,-127.675767,636.599530,9.610000,626.989530
937,24.987582,25.011713,24.011713,26.011713,informed,none,0.000000,31,-127.675767,646.939280,9.610000,637.329280
938,27.544380,27.650585,26.650585,28.650585,price_sensitive_uninformed,buy_from_mm,28.650585,30,-99.025182,727.306232,9.000000,718.306232
939,26.270284,27.997609,26.997609,28.997609,price_sensitive_uninformed,none,0.000000,30,-99.025182,689.083333,9.000000,680.083333
940,27.121599,27.510056,26.510056,28.510056,informed,none,0.000000,30,-99.025182,714.622790,9.000000,705.622790
941,27.282210,27.713034,26.713034,28.713034,price_sensitive_uninformed,none,0.000000,30,-99.025182,719.441130,9.000000,710.441130
942,26.217461,26.954993,25.954993,27.954993,price_sensitive_uninformed,sell_to_mm,25.954993,31,-124.980175,687.761109,9.610000,678.151109
943,26.050416,25.098409,24.098409,26.098409,price_sensitive_uninformed,none,0.000000,31,-124.980175,682.582715,9.610000,672.972715
944,25.794581,24.444842,23.444842,25.444842,informed,buy_from_mm,25.444842,30,-99.535334,674.302106,9.000000,665.302106
945,25.609132,25.760606,24.760606,26.760606,informed,none,0.000000,30,-99.535334,668.738623,9.000000,659.738623
946,26.580542,26.760133,25.760133,27.760133,price_sensitive_uninformed,sell_to_mm,25.760133,31,-125.295467,698.701326,9.610000,689.091326
947,25.768475,26.773681,25.773681,27.773681,price_sensitive_uninformed,none,0.000000,31,-125.295467,673.527254,9.610000,663.917254
948,26.958178,26.082553,25.082553,27.082553,informed,none,0.000000,31,-125.295467,710.408051,9.610000,700.798051
949,27.632193,27.802231,26.802231,28.802231,price_sensitive_uninformed,none,0.000000,31,-125.295467,731.302523,9.610000,721.692523
950,28.297319,28.428172,27.428172,29.428172,price_sensitive_uninformed,none,0.000000,31,-125.295467,751.921433,9.610000,742.311433
951,29.667530,29.072559,28.072559,30.072559,price_sensitive_uninformed,sell_to_mm,28.072559,32,-153.368026,795.992935,10.240000,785.752935
952,28.422522,28.767518,27.767518,29.767518,informed,none,0.000000,32,-153.368026,756.152668,10.240000,745.912668
953,28.831215,29.293753,28.293753,30.293753,price_sensitive_uninformed,none,0.000000,32,-153.368026,769.230855,10.240000,758.990855
954,30.351966,30.276744,29.276744,31.276744,informed,none,0.000000,32,-153.368026,817.894878,10.240000,807.654878
955,31.523533,31.151283,30.151283,32.151283,informed,none,0.000000,32,-153.368026,855.385023,10.240000,845.145023
956,34.103560,32.975341,31.975341,33.975341,informed,buy_from_mm,33.975341,31,-119.392685,937.817660,9.610000,928.207660
957,32.456695,34.337193,33.337193,35.337193,informed,sell_to_mm,33.337193,32,-152.729878,885.884362,10.240000,875.644362
958,33.264507,33.788367,32.788367,34.788367,informed,none,0.000000,32,-152.729878,911.734355,10.240000,901.494355
959,33.409795,33.204138,32.204138,34.204138,price_sensitive_uninformed,sell_to_mm,32.204138,33,-184.934017,917.589227,10.890000,906.699227
960,33.155684,34.025748,33.025748,35.025748,price_sensitive_uninformed,none,0.000000,33,-184.934017,909.203560,10.890000,898.313560
961,32.763563,33.096805,32.096805,34.096805,price_sensitive_uninformed,none,0.000000,33,-184.934017,896.263574,10.890000,885.373574
962,31.729345,31.013086,30.013086,32.013086,price_sensitive_uninformed,sell_to_mm,30.013086,34,-214.947103,863.850628,11.560000,852.290628
963,32.325876,30.811377,29.811377,31.811377,informed,buy_from_mm,31.811377,33,-183.135726,883.618192,10.890000,872.728192
964,32.920411,32.870371,31.870371,33.870371,price_sensitive_uninformed,buy_from_mm,33.870371,32,-149.265354,904.187797,10.240000,893.947797
965,32.529322,33.672262,32.672262,34.672262,informed,sell_to_mm,32.672262,33,-181.937617,891.530021,10.890000,880.640021
966,31.971366,33.383603,32.383603,34.383603,price_sensitive_uninformed,none,0.000000,33,-181.937617,873.117473,10.890000,862.227473
967,31.579835,30.425203,29.425203,31.425203,price_sensitive_uninformed,none,0.000000,33,-181.937617,860.196922,10.890000,849.306922
968,31.073121,31.213994,30.213994,32.213994,price_sensitive_uninformed,buy_from_mm,32.213994,32,-149.723622,844.616250,10.240000,834.376250
969,29.489076,27.684852,26.684852,28.684852,price_sensitive_uninformed,none,0.000000,32,-149.723622,793.926824,10.240000,783.686824
970,29.535107,31.370680,30.370680,32.370680,informed,sell_to_mm,30.370680,33,-180.094302,794.564216,10.890000,783.674216
971,29.527874,29.260041,28.260041,30.260041,price_sensitive_uninformed,none,0.000000,33,-180.094302,794.325541,10.890000,783.435541
972,31.303326,30.425337,29.425337,31.425337,price_sensitive_uninformed,none,0.000000,33,-180.094302,852.915458,10.890000,842.025458
973,32.982483,31.068496,30.068496,32.068496,informed,buy_from_mm,32.068496,32,-148.025806,907.413644,10.240000,897.173644
974,33.867314,32.200909,31.200909,33.200909,price_sensitive_uninformed,none,0.000000,32,-148.025806,935.728234,10.240000,925.488234
975,34.071110,34.273801,33.273801,35.273801,informed,none,0.000000,32,-148.025806,942.249729,10.240000,932.009729
976,33.467162,33.699676,32.699676,34.699676,price_sensitive_uninformed,none,0.000000,32,-148.025806,922.923384,10.240000,912.683384
977,33.629672,33.413807,32.413807,34.413807,price_sensitive_uninformed,none,0.000000,32,-148.025806,928.123690,10.240000,917.883690
978,33.855241,32.559830,31.559830,33.559830,informed,buy_from_mm,33.559830,31,-114.465976,935.046490,9.610000,925.436490
979,33.524272,34.497630,33.497630,35.497630,informed,none,0.000000,31,-114.465976,924.786459,9.610000,915.176459
980,32.229061,33.688413,32.688413,34.688413,informed,sell_to_mm,32.688413,32,-147.154389,884.175551,10.240000,873.935551
981,32.253660,34.136032,33.136032,35.136032,price_sensitive_uninformed,none,0.000000,32,-147.154389,884.962724,10.240000,874.722724
982,31.303101,29.709398,28.709398,30.709398,informed,buy_from_mm,30.709398,31,-116.444991,853.951127,9.610000,844.341127
983,31.208241,30.762856,29.762856,31.762856,price_sensitive_uninformed,none,0.000000,31,-116.444991,851.010477,9.610000,841.400477
984,29.339853,29.294164,28.294164,30.294164,price_sensitive_uninformed,sell_to_mm,28.294164,32,-144.739155,794.136133,10.240000,783.896133
985,28.970171,30.603293,29.603293,31.603293,price_sensitive_uninformed,none,0.000000,32,-144.739155,782.306323,10.240000,772.066323
986,30.226822,29.270907,28.270907,30.270907,informed,none,0.000000,32,-144.739155,822.519153,10.240000,812.279153
987,29.679105,26.805206,25.805206,27.805206,informed,buy_from_mm,27.805206,31,-116.933948,803.118299,9.610000,793.508299
988,29.140549,30.493742,29.493742,31.493742,informed,sell_to_mm,29.493742,32,-146.427690,786.069877,10.240000,775.829877
989,29.946227,30.844108,29.844108,31.844108,price_sensitive_uninformed,none,0.000000,32,-146.427690,811.851562,10.240000,801.611562
990,30.216040,28.769358,27.769358,29.769358,price_sensitive_uninformed,none,0.000000,32,-146.427690,820.485586,10.240000,810.245586
991,31.370438,32.661306,31.661306,33.661306,price_sensitive_uninformed,none,0.000000,32,-146.427690,857.426323,10.240000,847.186323
992,30.903189,31.557857,30.557857,32.557857,informed,none,0.000000,32,-146.427690,842.474364,10.240000,832.234364
993,29.941117,30.378413,29.378413,31.378413,price_sensitive_uninformed,none,0.000000,32,-146.427690,811.688039,10.240000,801.448039
994,28.009288,28.550607,27.550607,29.550607,price_sensitive_uninformed,buy_from_mm,29.550607,31,-116.877083,751.410844,9.610000,741.800844
995,29.106275,27.604641,26.604641,28.604641,price_sensitive_uninformed,none,0.000000,31,-116.877083,785.417444,9.610000,775.807444
996,28.640357,27.909237,26.909237,28.909237,informed,none,0.000000,31,-116.877083,770.973975,9.610000,761.363975
997,28.524567,27.666510,26.666510,28.666510,price_sensitive_uninformed,buy_from_mm,28.666510,30,-88.210573,767.526434,9.000000,758.526434
998,27.979135,29.964450,28.964450,30.964450,price_sensitive_uninformed,none,0.000000,30,-88.210573,751.163473,9.000000,742.163473
999,26.856914,25.885724,24.885724,26.885724,price_sensitive_uninformed,none,0.000000,30,-88.210573,717.496856,9.000000,708.496856
1000,26.876520,27.824145,26.824145,28.824145,price_sensitive_uninformed,none,0.000000,30,-88.210573,718.085030,9.000000,709.085030
1001,26.893332,27.311447,26.311447,28.311447,informed,none,0.000000,30,-88.210573,718.589395,9.000000,709.589395
1002,26.700225,26.907573,25.907573,27.907573,informed,none,0.000000,30,-88.210573,712.796191,9.000000,703.796191
1003,27.203169,27.921908,26.921908,28.921908,price_sensitive_uninformed,none,0.000000,30,-88.210573,727.884512,9.000000,718.884512
1004,26.923760,26.325505,25.325505,27.325505,price_sensitive_uninformed,none,0.000000,30,-88.210573,719.502241,9.000000,710.502241
1005,28.121090,27.119383,26.119383,28.119383,price_sensitive_uninformed,sell_to_mm,26.119383,31,-114.329956,757.423829,9.610000,747.813829
1006,27.282455,26.592149,25.592149,27.592149,price_sensitive_uninformed,none,0.000000,31,-114.329956,731.426136,9.610000,721.816136
1007,27.794096,28.703492,27.703492,29.703492,price_sensitive_uninformed,none,0.000000,31,-114.329956,747.287021,9.610000,737.677021
1008,27.814904,27.366763,26.366763,28.366763,informed,none,0.000000,31,-114.329956,747.932053,9.610000,738.322053
1009,26.996886,27.801565,26.801565,28.801565,price_sensitive_uninformed,none,0.000000,31,-114.329956,722.573512,9.610000,712.963512
1010,26.922504,26.413477,25.413477,27.413477,informed,none,0.000000,31,-114.329956,720.267656,9.610000,710.657656
1011,26.386675,26.501189,25.501189,27.501189,informed,none,0.000000,31,-114.329956,703.656973,9.610000,694.046973
1012,25.532731,26.053909,25.053909,27.053909,price_sensitive_uninformed,none,0.000000,31,-114.329956,677.184711,9.610000,667.574711
1013,25.325620,22.988361,21.988361,23.988361,informed,buy_from_mm,23.988361,30,-90.341595,669.427015,9.000000,660.427015
1014,27.422217,26.200652,25.200652,27.200652,price_sensitive_uninformed,none,0.000000,30,-90.341595,732.324923,9.000000,723.324923
1015,25.202120,24.061155,23.061155,25.061155,price_sensitive_uninformed,buy_from_mm,25.061155,29,-65.280441,665.581051,8.410000,657.171051
1016,25.320855,26.368255,25.368255,27.368255,informed,sell_to_mm,25.368255,30,-90.648696,668.976966,9.000000,659.976966
1017,25.708314,25.812659,24.812659,26.812659,price_sensitive_uninformed,buy_from_mm,26.812659,29,-63.836037,681.705083,8.410000,673.295083
1018,25.112958,26.094849,25.094849,27.094849,price_sensitive_uninformed,none,0.000000,29,-63.836037,664.439743,8.410000,656.029743
1019,24.552442,24.345333,23.345333,25.345333,informed,none,0.000000,29,-63.836037,648.184775,8.410000,639.774775
1020,25.436739,24.982867,23.982867,25.982867,informed,none,0.000000,29,-63.836037,673.829387,8.410000,665.419387
1021,25.311456,25.748594,24.748594,26.748594,price_sensitive_uninformed,none,0.000000,29,-63.836037,670.196188,8.410000,661.786188
1022,26.356958,26.008689,25.008689,27.008689,informed,none,0.000000,29,-63.836037,700.515742,8.410000,692.105742
1023,27.213031,26.792085,25.792085,27.792085,informed,none,0.000000,29,-63.836037,725.341848,8.410000,716.931848
1024,27.318931,26.765453,25.765453,27.765453,price_sensitive_uninformed,none,0.000000,29,-63.836037,728.412954,8.410000,720.002954
1025,27.673919,27.549269,26.549269,28.549269,informed,none,0.000000,29,-63.836037,738.707614,8.410000,730.297614
1026,26.843334,27.141965,26.141965,28.141965,price_sensitive_uninformed,none,0.000000,29,-63.836037,714.620655,8.410000,706.210655
1027,27.139088,28.678439,27.678439,29.678439,price_sensitive_uninformed,buy_from_mm,29.678439,28,-34.157598,725.736866,7.840000,717.896866
1028,26.902999,27.012371,26.012371,28.012371,price_sensitive_uninformed,none,0.000000,28,-34.157598,719.126377,7.840000,711.286377
1029,26.907055,25.736838,24.736838,26.736838,price_sensitive_uninformed,none,0.000000,28,-34.157598,719.239934,7.840000,711.399934
1030,27.300795,27.599941,26.599941,28.599941,price_sensitive_uninformed,none,0.000000,28,-34.157598,730.264653,7.840000,722.424653
1031,27.089606,29.236469,28.236469,30.236469,informed,sell_to_mm,28.236469,29,-62.394066,723.204513,8.410000,714.794513
1032,28.529837,27.900948,26.900948,28.900948,price_sensitive_uninformed,none,0.000000,29,-62.394066,764.971199,8.410000,756.561199
1033,28.691536,29.194468,28.194468,30.194468,price_sensitive_uninformed,none,0.000000,29,-62.394066,769.660473,8.410000,761.250473
1034,29.597342,27.650894,26.650894,28.650894,price_sensitive_uninformed,none,0.000000,29,-62.394066,795.928842,8.410000,787.518842
1035,28.401148,28.780388,27.780388,29.780388,informed,none,0.000000,29,-62.394066,761.239236,8.410000,752.829236
1036,29.288281,29.979841,28.979841,30.979841,price_sensitive_uninformed,buy_from_mm,30.979841,28,-31.414225,788.657656,7.840000,780.817656
1037,28.084524,26.868601,25.868601,27.868601,price_sensitive_uninformed,none,0.000000,28,-31.414225,754.952449,7.840000,747.112449
1038,27.388115,26.686700,25.686700,27.686700,price_sensitive_uninformed,none,0.000000,28,-31.414225,735.453001,7.840000,727.613001
1039,27.680818,28.487833,27.487833,29.487833,informed,none,0.000000,28,-31.414225,743.648690,7.840000,735.808690
1040,28.088128,29.724755,28.724755,30.724755,informed,sell_to_mm,28.724755,29,-60.138981,754.416720,8.410000,746.006720
1041,27.730498,27.696779,26.696779,28.696779,informed,none,0.000000,29,-60.138981,744.045469,8.410000,735.635469
1042,26.973726,26.300924,25.300924,27.300924,price_sensitive_uninformed,buy_from_mm,27.300924,28,-32.838056,722.426278,7.840000,714.586278
1043,27.051469,27.212767,26.212767,28.212767,price_sensitive_uninformed,buy_from_mm,28.212767,27,-4.625289,725.764382,7.290000,718.474382
1044,26.195328,24.955042,23.955042,25.955042,informed,buy_from_mm,25.955042,26,21.329753,702.408274,6.760000,695.648274
1045,24.569502,24.224380,23.224380,25.224380,informed,none,0.000000,26,21.329753,660.136804,6.760000,653.376804
1046,24.857427,25.771409,24.771409,26.771409,price_sensitive_uninformed,buy_from_mm,26.771409,25,48.101162,669.536841,6.250000,663.286841
1047,23.363094,24.368521,23.368521,25.368521,informed,sell_to_mm,23.368521,26,24.732641,632.173098,6.760000,625.413098
1048,22.655731,24.687825,23.687825,25.687825,price_sensitive_uninformed,none,0.000000,26,24.732641,613.781652,6.760000,607.021652
1049,23.411115,22.716293,21.716293,23.716293,price_sensitive_uninformed,sell_to_mm,21.716293,27,3.016348,635.116458,7.290000,627.826458
1050,24.417190,25.460253,24.460253,26.460253,price_sensitive_uninformed,none,0.000000,27,3.016348,662.280469,7.290000,654.990469
1051,24.275382,23.815604,22.815604,24.815604,informed,none,0.000000,27,3.016348,658.451664,7.290000,651.161664
1052,22.706817,22.674035,21.674035,23.674035,price_sensitive_uninformed,none,0.000000,27,3.016348,616.100420,7.290000,608.810420
1053,22.300071,21.276673,20.276673,22.276673,price_sensitive_uninformed,none,0.000000,27,3.016348,605.118264,7.290000,597.828264
1054,22.018587,21.043241,20.043241,22.043241,price_sensitive_uninformed,none,0.000000,27,3.016348,597.518192,7.290000,590.228192
1055,20.689218,19.665909,18.665909,20.665909,price_sensitive_uninformed,none,0.000000,27,3.016348,561.625228,7.290000,554.335228
1056,21.684879,22.002834,21.002834,23.002834,price_sensitive_uninformed,none,0.000000,27,3.016348,588.508088,7.290000,581.218088
1057,21.269044,21.767953,20.767953,22.767953,price_sensitive_uninformed,buy_from_mm,22.767953,26,25.784301,578.779438,6.760000,572.019438
1058,21.444716,22.059728,21.059728,23.059728,informed,none,0.000000,26,25.784301,583.346910,6.760000,576.586910
1059,20.283059,20.875464,19.875464,21.875464,price_sensitive_uninformed,none,0.000000,26,25.784301,553.143841,6.760000,546.383841
1060,21.347562,21.616486,20.616486,22.616486,price_sensitive_uninformed,none,0.000000,26,25.784301,580.820909,6.760000,574.060909
1061,20.539586,21.652772,20.652772,22.652772,price_sensitive_uninformed,none,0.000000,26,25.784301,559.813539,6.760000,553.053539
1062,20.780280,21.310878,20.310878,22.310878,price_sensitive_uninformed,sell_to_mm,20.310878,27,5.473422,566.540983,7.290000,559.250983
1063,21.411657,22.333790,21.333790,23.333790,price_sensitive_uninformed,none,0.000000,27,5.473422,583.588158,7.290000,576.298158
1064,20.029646,21.356998,20.356998,22.356998,price_sensitive_uninformed,none,0.000000,27,5.473422,546.273861,7.290000,538.983861
1065,20.528246,21.273374,20.273374,22.273374,price_sensitive_uninformed,buy_from_mm,22.273374,26,27.746796,561.481182,6.760000,554.721182
1066,21.672556,23.051918,22.051918,24.051918,price_sensitive_uninformed,none,0.000000,26,27.746796,591.233241,6.760000,584.473241
1067,22.001439,23.016082,22.016082,24.016082,price_sensitive_uninformed,none,0.000000,26,27.746796,599.784198,6.760000,593.024198
1068,23.401753,23.384874,22.384874,24.384874,price_sensitive_uninformed,sell_to_mm,22.384874,27,5.361923,637.209263,7.290000,629.919263
1069,23.656586,21.537684,20.537684,22.537684,price_sensitive_uninformed,buy_from_mm,22.537684,26,27.899607,642.970830,6.760000,636.210830
1070,24.406274,23.739324,22.739324,24.739324,price_sensitive_uninformed,none,0.000000,26,27.899607,662.462742,6.760000,655.702742
1071,23.929629,24.101559,23.101559,25.101559,price_sensitive_uninformed,none,0.000000,26,27.899607,650.069966,6.760000,643.309966
1072,23.694115,24.078975,23.078975,25.078975,informed,none,0.000000,26,27.899607,643.946598,6.760000,637.186598
1073,23.777010,21.999008,20.999008,22.999008,price_sensitive_uninformed,none,0.000000,26,27.899607,646.101865,6.760000,639.341865
1074,22.125491,21.007761,20.007761,22.007761,price_sensitive_uninformed,none,0.000000,26,27.899607,603.162385,6.760000,596.402385
1075,23.361102,22.534043,21.534043,23.534043,informed,none,0.000000,26,27.899607,635.288271,6.760000,628.528271
1076,23.352111,22.393653,21.393653,23.393653,informed,none,0.000000,26,27.899607,635.054498,6.760000,628.294498
1077,22.532922,22.729891,21.729891,23.729891,price_sensitive_uninformed,none,0.000000,26,27.899607,613.755591,6.760000,606.995591
1078,21.995905,21.538321,20.538321,22.538321,price_sensitive_uninformed,buy_from_mm,22.538321,25,50.437927,600.335543,6.250000,594.085543
1079,21.916154,21.843038,20.843038,22.843038,informed,none,0.000000,25,50.437927,598.341789,6.250000,592.091789
1080,21.986804,21.381218,20.381218,22.381218,price_sensitive_uninformed,none,0.000000,25,50.437927,600.108019,6.250000,593.858019
1081,22.420422,21.355950,20.355950,22.355950,price_sensitive_uninformed,none,0.000000,25,50.437927,610.948473,6.250000,604.698473
1082,20.910669,20.557737,19.557737,21.557737,informed,none,0.000000,25,50.437927,573.204664,6.250000,566.954664
1083,19.114222,20.563648,19.563648,21.563648,price_sensitive_uninformed,none,0.000000,25,50.437927,528.293489,6.250000,522.043489
1084,19.974279,19.268697,18.268697,20.268697,price_sensitive_uninformed,none,0.000000,25,50.437927,549.794914,6.250000,543.544914
1085,19.992693,20.337714,19.337714,21.337714,price_sensitive_uninformed,none,0.000000,25,50.437927,550.255253,6.250000,544.005253
1086,19.541385,19.772851,18.772851,20.772851,price_sensitive_uninformed,none,0.000000,25,50.437927,538.972542,6.250000,532.722542
1087,18.632330,17.947069,16.947069,18.947069,informed,none,0.000000,25,50.437927,516.246190,6.250000,509.996190
1088,19.632383,19.285699,18.285699,20.285699,price_sensitive_uninformed,none,0.000000,25,50.437927,541.247497,6.250000,534.997497
1089,19.065366,19.417103,18.417103,20.417103,price_sensitive_uninformed,sell_to_mm,18.417103,26,32.020825,527.720351,6.760000,520.960351
1090,19.698936,18.917085,17.917085,19.917085,price_sensitive_uninformed,none,0.000000,26,32.020825,544.193162,6.760000,537.433162
1091,19.235527,18.080711,17.080711,19.080711,price_sensitive_uninformed,none,0.000000,26,32.020825,532.144521,6.760000,525.384521
1092,20.470938,19.879108,18.879108,20.879108,informed,none,0.000000,26,32.020825,564.265221,6.760000,557.505221
1093,21.223023,20.823915,19.823915,21.823915,informed,none,0.000000,26,32.020825,583.819412,6.760000,577.059412
1094,22.448633,22.865790,21.865790,23.865790,informed,none,0.000000,26,32.020825,615.685280,6.760000,608.925280
1095,24.469574,25.517668,24.517668,26.517668,informed,sell_to_mm,24.517668,27,7.503156,668.181654,7.290000,660.891654
1096,23.351381,23.824858,22.824858,24.824858,price_sensitive_uninformed,none,0.000000,27,7.503156,637.990454,7.290000,630.700454
1097,23.242059,24.306817,23.306817,25.306817,informed,sell_to_mm,23.306817,28,-15.803661,634.973987,7.840000,627.133987
1098,21.590325,21.548169,20.548169,22.548169,informed,none,0.000000,28,-15.803661,588.725444,7.840000,580.885444
1099,21.195870,21.193505,20.193505,22.193505,informed,none,0.000000,28,-15.803661,577.680696,7.840000,569.840696
1100,20.762687,20.718770,19.718770,21.718770,informed,none,0.000000,28,-15.803661,565.551562,7.840000,557.711562
1101,19.410222,17.731759,16.731759,18.731759,price_sensitive_uninformed,none,0.000000,28,-15.803661,527.682542,7.840000,519.842542
1102,21.286945,20.444832,19.444832,21.444832,price_sensitive_uninformed,none,0.000000,28,-15.803661,580.230806,7.840000,572.390806
1103,21.544438,23.534699,22.534699,24.534699,price_sensitive_uninformed,none,0.000000,28,-15.803661,587.440593,7.840000,579.600593
1104,22.580006,23.794267,22.794267,24.794267,price_sensitive_uninformed,none,0.000000,28,-15.803661,616.436508,7.840000,608.596508
1105,23.161182,25.427868,24.427868,26.427868,informed,sell_to_mm,24.427868,29,-40.231529,631.442761,8.410000,623.032761
1106,22.954772,22.867696,21.867696,23.867696,price_sensitive_uninformed,none,0.000000,29,-40.231529,625.456872,8.410000,617.046872
1107,22.335378,21.397121,20.397121,22.397121,price_sensitive_uninformed,none,0.000000,29,-40.231529,607.494432,8.410000,599.084432
1108,22.962574,21.701681,20.701681,22.701681,price_sensitive_uninformed,sell_to_mm,20.701681,30,-60.933210,627.944012,9.000000,618.944012
1109,22.278468,22.009038,21.009038,23.009038,informed,none,0.000000,30,-60.933210,607.420816,9.000000,598.420816
1110,22.314168,22.830599,21.830599,23.830599,price_sensitive_uninformed,buy_from_mm,23.830599,29,-37.102611,610.008264,8.410000,601.598264
1111,21.754930,21.097604,20.097604,22.097604,informed,none,0.000000,29,-37.102611,593.790356,8.410000,585.380356
1112,21.566715,21.525035,20.525035,22.525035,informed,none,0.000000,29,-37.102611,588.332121,8.410000,579.922121
1113,21.183344,18.419025,17.419025,19.419025,price_sensitive_uninformed,buy_from_mm,19.419025,28,-17.683585,575.450047,7.840000,567.610047
1114,20.892501,21.295232,20.295232,22.295232,price_sensitive_uninformed,buy_from_mm,22.295232,27,4.611647,568.709178,7.290000,561.419178
1115,22.730521,23.977834,22.977834,24.977834,price_sensitive_uninformed,none,0.000000,27,4.611647,618.335713,7.290000,611.045713
1116,23.035606,22.359380,21.359380,23.359380,informed,none,0.000000,27,4.611647,626.573005,7.290000,619.283005
1117,23.120297,24.429145,23.429145,25.429145,price_sensitive_uninformed,none,0.000000,27,4.611647,628.859661,7.290000,621.569661
1118,22.991952,21.683695,20.683695,22.683695,informed,buy_from_mm,22.683695,26,27.295343,625.086092,6.760000,618.326092
1119,24.201961,25.207109,24.207109,26.207109,informed,sell_to_mm,24.207109,27,3.088233,656.541176,7.290000,649.251176
1120,22.175414,22.013925,21.013925,23.013925,informed,none,0.000000,27,3.088233,601.824408,7.290000,594.534408
1121,22.630001,20.803785,19.803785,21.803785,price_sensitive_uninformed,sell_to_mm,19.803785,28,-16.715551,616.924487,7.840000,609.084487
1122,21.795080,21.193870,20.193870,22.193870,price_sensitive_uninformed,none,0.000000,28,-16.715551,593.546677,7.840000,585.706677
1123,21.239466,19.230282,18.230282,20.230282,price_sensitive_uninformed,none,0.000000,28,-16.715551,577.989483,7.840000,570.149483
1124,20.080543,19.952825,18.952825,20.952825,price_sensitive_uninformed,buy_from_mm,20.952825,27,4.237273,546.411927,7.290000,539.121927
1125,20.473571,22.351768,21.351768,23.351768,informed,sell_to_mm,21.351768,28,-17.114495,556.145489,7.840000,548.305489
1126,20.691656,19.402455,18.402455,20.402455,informed,buy_from_mm,20.402455,27,3.287960,561.962679,7.290000,554.672679
1127,20.533842,20.284796,19.284796,21.284796,price_sensitive_uninformed,none,0.000000,27,3.287960,557.701688,7.290000,550.411688
1128,20.247455,18.749551,17.749551,19.749551,price_sensitive_uninformed,none,0.000000,27,3.287960,549.969240,7.290000,542.679240
1129,19.394916,18.301922,17.301922,19.301922,informed,buy_from_mm,19.301922,26,22.589882,526.857697,6.760000,520.097697
1130,19.589101,21.620359,20.620359,22.620359,informed,sell_to_mm,20.620359,27,1.969523,530.875260,7.290000,523.585260
1131,19.679799,20.806973,19.806973,21.806973,informed,sell_to_mm,19.806973,28,-17.837450,533.196926,7.840000,525.356926
1132,19.883412,18.867315,17.867315,19.867315,informed,buy_from_mm,19.867315,27,2.029864,538.881989,7.290000,531.591989
1133,22.057154,23.155192,22.155192,24.155192,price_sensitive_uninformed,none,0.000000,27,2.029864,597.573026,7.290000,590.283026
1134,23.143399,23.306776,22.306776,24.306776,informed,none,0.000000,27,2.029864,626.901637,7.290000,619.611637
1135,22.988117,23.572757,22.572757,24.572757,price_sensitive_uninformed,buy_from_mm,24.572757,26,26.602621,624.293660,6.760000,617.533660
1136,23.233939,25.570248,24.570248,26.570248,informed,sell_to_mm,24.570248,27,2.032373,629.348727,7.290000,622.058727
1137,24.705852,21.930501,20.930501,22.930501,informed,buy_from_mm,22.930501,26,24.962874,667.315014,6.760000,660.555014
1138,24.989392,26.620434,25.620434,27.620434,price_sensitive_uninformed,none,0.000000,26,24.962874,674.687061,6.760000,667.927061
1139,25.221542,26.039538,25.039538,27.039538,price_sensitive_uninformed,sell_to_mm,25.039538,27,-0.076664,680.904959,7.290000,673.614959
1140,26.002127,26.174224,25.174224,27.174224,price_sensitive_uninformed,none,0.000000,27,-0.076664,701.980774,7.290000,694.690774
1141,24.098827,24.291944,23.291944,25.291944,price_sensitive_uninformed,none,0.000000,27,-0.076664,650.591657,7.290000,643.301657
1142,23.990428,23.031461,22.031461,24.031461,informed,none,0.000000,27,-0.076664,647.664899,7.290000,640.374899
1143,25.872933,24.978904,23.978904,25.978904,informed,none,0.000000,27,-0.076664,698.492539,7.290000,691.202539
1144,25.120876,25.262909,24.262909,26.262909,price_sensitive_uninformed,none,0.000000,27,-0.076664,678.186979,7.290000,670.896979
1145,24.551272,23.329415,22.329415,24.329415,price_sensitive_uninformed,none,0.000000,27,-0.076664,662.807685,7.290000,655.517685
1146,24.918267,24.748512,23.748512,25.748512,price_sensitive_uninformed,none,0.000000,27,-0.076664,672.716556,7.290000,665.426556
1147,24.570413,25.061818,24.061818,26.061818,price_sensitive_uninformed,none,0.000000,27,-0.076664,663.324498,7.290000,656.034498
1148,23.530935,22.364763,21.364763,23.364763,price_sensitive_uninformed,none,0.000000,27,-0.076664,635.258581,7.290000,627.968581
1149,24.483983,24.394917,23.394917,25.394917,price_sensitive_uninformed,none,0.000000,27,-0.076664,660.990883,7.290000,653.700883
1150,25.608407,26.171669,25.171669,27.171669,price_sensitive_uninformed,none,0.000000,27,-0.076664,691.350333,7.290000,684.060333
1151,26.317030,25.842066,24.842066,26.842066,price_sensitive_uninformed,buy_from_mm,26.842066,26,26.765402,711.008193,6.760000,704.248193
1152,26.453729,25.655628,24.655628,26.655628,price_sensitive_uninformed,buy_from_mm,26.655628,25,53.421030,714.764244,6.250000,708.514244
1153,25.386951,25.347846,24.347846,26.347846,price_sensitive_uninformed,none,0.000000,25,53.421030,688.094804,6.250000,681.844804
1154,25.984037,27.813076,26.813076,28.813076,informed,sell_to_mm,26.813076,26,26.607954,702.192904,6.760000,695.432904
1155,25.959054,26.137974,25.137974,27.137974,informed,none,0.000000,26,26.607954,701.543352,6.760000,694.783352
1156,27.597969,28.034230,27.034230,29.034230,price_sensitive_uninformed,none,0.000000,26,26.607954,744.155154,6.760000,737.395154
1157,28.096534,28.766967,27.766967,29.766967,informed,none,0.000000,26,26.607954,757.117826,6.760000,750.357826
1158,28.097144,28.011329,27.011329,29.011329,price_sensitive_uninformed,sell_to_mm,27.011329,27,-0.403375,758.219502,7.290000,750.929502
1159,27.480644,25.792420,24.792420,26.792420,price_sensitive_uninformed,buy_from_mm,26.792420,26,26.389046,740.885779,6.760000,734.125779
1160,28.648390,28.554199,27.554199,29.554199,price_sensitive_uninformed,none,0.000000,26,26.389046,771.247178,6.760000,764.487178
1161,28.561121,28.637154,27.637154,29.637154,price_sensitive_uninformed,none,0.000000,26,26.389046,768.978201,6.760000,762.218201
1162,28.829234,29.476422,28.476422,30.476422,informed,none,0.000000,26,26.389046,775.949121,6.760000,769.189121
1163,30.426272,29.675878,28.675878,30.675878,informed,none,0.000000,26,26.389046,817.472105,6.760000,810.712105
1164,32.656597,33.234371,32.234371,34.234371,informed,none,0.000000,26,26.389046,875.460572,6.760000,868.700572
1165,32.771159,30.983736,29.983736,31.983736,informed,buy_from_mm,31.983736,25,58.372782,877.651768,6.250000,871.401768
1166,32.302203,31.100172,30.100172,32.100172,informed,buy_from_mm,32.100172,24,90.472954,865.725832,5.760000,859.965832
1167,32.900069,31.817507,30.817507,32.817507,price_sensitive_uninformed,none,0.000000,24,90.472954,880.074617,5.760000,874.314617
1168,33.698393,34.292304,33.292304,35.292304,price_sensitive_uninformed,buy_from_mm,35.292304,23,125.765258,900.828304,5.290000,895.538304
1169,34.481973,34.585602,33.585602,35.585602,price_sensitive_uninformed,none,0.000000,23,125.765258,918.850633,5.290000,913.560633
1170,34.714019,34.559979,33.559979,35.559979,price_sensitive_uninformed,none,0.000000,23,125.765258,924.187688,5.290000,918.897688
1171,33.800701,32.294884,31.294884,33.294884,price_sensitive_uninformed,none,0.000000,23,125.765258,903.181390,5.290000,897.891390
1172,33.216467,32.450606,31.450606,33.450606,price_sensitive_uninformed,none,0.000000,23,125.765258,889.743990,5.290000,884.453990
1173,32.334291,30.915124,29.915124,31.915124,price_sensitive_uninformed,none,0.000000,23,125.765258,869.453956,5.290000,864.163956
1174,31.399012,30.815568,29.815568,31.815568,informed,none,0.000000,23,125.765258,847.942544,5.290000,842.652544
1175,31.151866,30.533917,29.533917,31.533917,informed,none,0.000000,23,125.765258,842.258178,5.290000,836.968178
1176,31.920914,30.932547,29.932547,31.932547,informed,none,0.000000,23,125.765258,859.946283,5.290000,854.656283
1177,32.243616,30.309504,29.309504,31.309504,informed,buy_from_mm,31.309504,22,157.074761,866.434304,4.840000,861.594304
1178,32.595582,33.112229,32.112229,34.112229,price_sensitive_uninformed,none,0.000000,22,157.074761,874.177568,4.840000,869.337568
1179,34.022194,34.266229,33.266229,35.266229,price_sensitive_uninformed,none,0.000000,22,157.074761,905.563022,4.840000,900.723022
1180,33.673283,31.722877,30.722877,32.722877,price_sensitive_uninformed,none,0.000000,22,157.074761,897.886988,4.840000,893.046988
1181,34.600536,33.203360,32.203360,34.203360,informed,buy_from_mm,34.203360,21,191.278122,917.889372,4.410000,913.479372
1182,34.938402,32.881160,31.881160,33.881160,informed,buy_from_mm,33.881160,20,225.159281,923.927319,4.000000,919.927319
1183,35.485467,34.774872,33.774872,35.774872,price_sensitive_uninformed,none,0.000000,20,225.159281,934.868620,4.000000,930.868620
1184,34.621231,35.649365,34.649365,36.649365,informed,sell_to_mm,34.649365,21,190.509916,917.555767,4.410000,913.145767
1185,33.609553,33.775990,32.775990,34.775990,informed,none,0.000000,21,190.509916,896.310527,4.410000,891.900527
1186,32.859773,33.798890,32.798890,34.798890,price_sensitive_uninformed,buy_from_mm,34.798890,20,225.308806,882.504274,4.000000,878.504274
1187,34.376353,35.910877,34.910877,36.910877,price_sensitive_uninformed,none,0.000000,20,225.308806,912.835865,4.000000,908.835865
1188,35.105603,36.890782,35.890782,37.890782,informed,sell_to_mm,35.890782,21,189.418024,926.635683,4.410000,922.225683
1189,34.410213,35.295595,34.295595,36.295595,price_sensitive_uninformed,none,0.000000,21,189.418024,912.032495,4.410000,907.622495
1190,35.138972,34.686281,33.686281,35.686281,informed,none,0.000000,21,189.418024,927.336427,4.410000,922.926427
1191,34.318630,33.580715,32.580715,34.580715,informed,none,0.000000,21,189.418024,910.109261,4.410000,905.699261
1192,34.511723,35.080762,34.080762,36.080762,price_sensitive_uninformed,sell_to_mm,34.080762,22,155.337262,914.595165,4.840000,909.755165
1193,33.451019,33.311384,32.311384,34.311384,price_sensitive_uninformed,buy_from_mm,34.311384,21,189.648646,892.120051,4.410000,887.710051
1194,34.761777,33.448629,32.448629,34.448629,informed,buy_from_mm,34.448629,20,224.097274,919.332824,4.000000,915.332824
1195,35.219377,36.554847,35.554847,37.554847,price_sensitive_uninformed,none,0.000000,20,224.097274,928.484814,4.000000,924.484814
1196,34.877849,36.595585,35.595585,37.595585,informed,sell_to_mm,35.595585,21,188.501689,920.936526,4.410000,916.526526
1197,34.037784,33.970561,32.970561,34.970561,price_sensitive_uninformed,buy_from_mm,34.970561,20,223.472250,904.227921,4.000000,900.227921
1198,34.064396,34.842770,33.842770,35.842770,price_sensitive_uninformed,buy_from_mm,35.842770,19,259.315020,906.538546,3.610000,902.928546
1199,34.925464,37.688833,36.688833,38.688833,price_sensitive_uninformed,none,0.000000,19,259.315020,922.898832,3.610000,919.288832
1200,36.268601,36.267494,35.267494,37.267494,informed,none,0.000000,19,259.315020,948.418437,3.610000,944.808437
1201,36.742837,37.208785,36.208785,38.208785,price_sensitive_uninformed,none,0.000000,19,259.315020,957.428930,3.610000,953.818930
1202,37.905929,39.284309,38.284309,40.284309,informed,sell_to_mm,38.284309,20,221.030711,979.149283,4.000000,975.149283
1203,38.658803,38.285664,37.285664,39.285664,price_sensitive_uninformed,buy_from_mm,39.285664,19,260.316375,994.833623,3.610000,991.223623
1204,37.524426,39.572280,38.572280,40.572280,price_sensitive_uninformed,sell_to_mm,38.572280,20,221.744095,972.232618,4.000000,968.232618
1205,38.364976,39.009739,38.009739,40.009739,informed,none,0.000000,20,221.744095,989.043620,4.000000,985.043620
1206,37.652727,36.831525,35.831525,37.831525,informed,none,0.000000,20,221.744095,974.798637,4.000000,970.798637
1207,37.820433,36.666632,35.666632,37.666632,price_sensitive_uninformed,none,0.000000,20,221.744095,978.152758,4.000000,974.152758
1208,37.548695,36.396109,35.396109,37.396109,price_sensitive_uninformed,none,0.000000,20,221.744095,972.717995,4.000000,968.717995
1209,37.608176,39.002052,38.002052,40.002052,informed,sell_to_mm,38.002052,21,183.742044,973.513747,4.410000,969.103747
1210,37.371589,39.502650,38.502650,40.502650,informed,sell_to_mm,38.502650,22,145.239394,967.414361,4.840000,962.574361
1211,36.025249,35.095707,34.095707,36.095707,price_sensitive_uninformed,none,0.000000,22,145.239394,937.794875,4.840000,932.954875
1212,35.345452,33.741970,32.741970,34.741970,informed,buy_from_mm,34.741970,21,179.981363,922.235845,4.410000,917.825845
1213,33.188625,33.253210,32.253210,34.253210,informed,none,0.000000,21,179.981363,876.942494,4.410000,872.532494
1214,31.845732,31.327131,30.327131,32.327131,price_sensitive_uninformed,none,0.000000,21,179.981363,848.741741,4.410000,844.331741
1215,30.520838,30.612731,29.612731,31.612731,price_sensitive_uninformed,none,0.000000,21,179.981363,820.918963,4.410000,816.508963
1216,30.497094,31.788310,30.788310,32.788310,informed,sell_to_mm,30.788310,22,149.193054,820.129118,4.840000,815.289118
1217,28.641393,30.454057,29.454057,31.454057,price_sensitive_uninformed,none,0.000000,22,149.193054,779.303697,4.840000,774.463697
1218,29.042381,27.855604,26.855604,28.855604,price_sensitive_uninformed,none,0.000000,22,149.193054,788.125425,4.840000,783.285425
1219,31.095187,29.682555,28.682555,30.682555,price_sensitive_uninformed,buy_from_mm,30.682555,21,179.875608,832.874532,4.410000,828.464532
1220,30.223321,31.376579,30.376579,32.376579,informed,sell_to_mm,30.376579,22,149.499029,814.412099,4.840000,809.572099
1221,31.254002,30.649867,29.649867,31.649867,price_sensitive_uninformed,none,0.000000,22,149.499029,837.087064,4.840000,832.247064
1222,33.043470,34.106731,33.106731,35.106731,informed,sell_to_mm,33.106731,23,116.392299,876.392099,5.290000,871.102099
1223,34.396400,33.375400,32.375400,34.375400,price_sensitive_uninformed,none,0.000000,23,116.392299,907.509503,5.290000,902.219503
1224,33.812987,34.240882,33.240882,35.240882,informed,none,0.000000,23,116.392299,894.090992,5.290000,888.800992
1225,35.568777,35.405779,34.405779,36.405779,price_sensitive_uninformed,none,0.000000,23,116.392299,934.474173,5.290000,929.184173
1226,33.597404,33.093765,32.093765,34.093765,informed,none,0.000000,23,116.392299,889.132592,5.290000,883.842592
1227,33.222899,32.180222,31.180222,33.180222,price_sensitive_uninformed,none,0.000000,23,116.392299,880.518966,5.290000,875.228966
1228,32.892832,33.021336,32.021336,34.021336,informed,none,0.000000,23,116.392299,872.927426,5.290000,867.637426
1229,31.786012,32.067444,31.067444,33.067444,price_sensitive_uninformed,none,0.000000,23,116.392299,847.470569,5.290000,842.180569
1230,31.875588,33.972561,32.972561,34.972561,price_sensitive_uninformed,none,0.000000,23,116.392299,849.530830,5.290000,844.240830
1231,31.849998,32.555069,31.555069,33.555069,price_sensitive_uninformed,none,0.000000,23,116.392299,848.942247,5.290000,843.652247
1232,32.344144,32.012264,31.012264,33.012264,informed,none,0.000000,23,116.392299,860.307606,5.290000,855.017606
1233,31.033942,30.816347,29.816347,31.816347,informed,none,0.000000,23,116.392299,830.172958,5.290000,824.882958
1234,30.484644,30.997859,29.997859,31.997859,price_sensitive_uninformed,none,0.000000,23,116.392299,817.539109,5.290000,812.249109
1235,30.121516,29.392469,28.392469,30.392469,price_sensitive_uninformed,none,0.000000,23,116.392299,809.187160,5.290000,803.897160
1236,31.750586,31.890938,30.890938,32.890938,price_sensitive_uninformed,none,0.000000,23,116.392299,846.655775,5.290000,841.365775
1237,30.809780,30.839987,29.839987,31.839987,price_sensitive_uninformed,none,0.000000,23,116.392299,825.017247,5.290000,819.727247
1238,31.383256,31.923029,30.923029,32.923029,price_sensitive_uninformed,none,0.000000,23,116.392299,838.207193,5.290000,832.917193
1239,30.631431,31.815140,30.815140,32.815140,informed,sell_to_mm,30.815140,24,85.577159,820.731512,5.760000,814.971512
1240,30.630761,28.907229,27.907229,29.907229,informed,buy_from_mm,29.907229,23,115.484388,819.991903,5.290000,814.701903
1241,32.166127,31.861317,30.861317,32.861317,price_sensitive_uninformed,none,0.000000,23,115.484388,855.305303,5.290000,850.015303
1242,32.018445,32.069011,31.069011,33.069011,informed,none,0.000000,23,115.484388,851.908626,5.290000,846.618626
1243,31.475365,30.569972,29.569972,31.569972,price_sensitive_uninformed,none,0.000000,23,115.484388,839.417775,5.290000,834.127775
1244,30.174361,27.797721,26.797721,28.797721,price_sensitive_uninformed,none,0.000000,23,115.484388,809.494698,5.290000,804.204698
1245,31.038509,34.242791,33.242791,35.242791,informed,sell_to_mm,33.242791,24,82.241597,827.165802,5.760000,821.405802
1246,31.020762,31.610681,30.610681,32.610681,price_sensitive_uninformed,none,0.000000,24,82.241597,826.739892,5.760000,820.979892
1247,30.141977,30.370768,29.370768,31.370768,price_sensitive_uninformed,buy_from_mm,31.370768,23,113.612365,806.877827,5.290000,801.587827
1248,30.718358,32.142703,31.142703,33.142703,price_sensitive_uninformed,none,0.000000,23,113.612365,820.134594,5.290000,814.844594
1249,31.948898,30.390695,29.390695,31.390695,price_sensitive_uninformed,none,0.000000,23,113.612365,848.437018,5.290000,843.147018
1250,33.681787,33.720916,32.720916,34.720916,informed,none,0.000000,23,113.612365,888.293474,5.290000,883.003474
1251,34.603752,34.892141,33.892141,35.892141,price_sensitive_uninformed,none,0.000000,23,113.612365,909.498670,5.290000,904.208670
1252,32.347179,34.352199,33.352199,35.352199,price_sensitive_uninformed,none,0.000000,23,113.612365,857.597483,5.290000,852.307483
1253,32.192371,31.818286,30.818286,32.818286,price_sensitive_uninformed,none,0.000000,23,113.612365,854.036908,5.290000,848.746908
1254,32.110727,32.355776,31.355776,33.355776,informed,none,0.000000,23,113.612365,852.159084,5.290000,846.869084
1255,31.007244,31.638068,30.638068,32.638068,price_sensitive_uninformed,buy_from_mm,32.638068,22,146.250433,828.409795,4.840000,823.569795
1256,29.880476,29.849872,28.849872,30.849872,price_sensitive_uninformed,none,0.000000,22,146.250433,803.620912,4.840000,798.780912
1257,31.868583,30.804380,29.804380,31.804380,price_sensitive_uninformed,none,0.000000,22,146.250433,847.359266,4.840000,842.519266
1258,31.523916,31.884360,30.884360,32.884360,informed,none,0.000000,22,146.250433,839.776590,4.840000,834.936590
1259,31.751325,30.560649,29.560649,31.560649,price_sensitive_uninformed,none,0.000000,22,146.250433,844.779577,4.840000,839.939577
1260,29.911910,30.017177,29.017177,31.017177,price_sensitive_uninformed,sell_to_mm,29.017177,23,117.233256,805.207181,5.290000,799.917181
1261,30.732700,30.029840,29.029840,31.029840,price_sensitive_uninformed,none,0.000000,23,117.233256,824.085345,5.290000,818.795345
1262,30.833823,30.844988,29.844988,31.844988,informed,none,0.000000,23,117.233256,826.411190,5.290000,821.121190
1263,30.162964,29.017777,28.017777,30.017777,informed,buy_from_mm,30.017777,22,147.251033,810.836233,4.840000,805.996233
1264,29.954635,29.678641,28.678641,30.678641,price_sensitive_uninformed,none,0.000000,22,147.251033,806.253002,4.840000,801.413002
1265,29.383954,28.214223,27.214223,29.214223,price_sensitive_uninformed,none,0.000000,22,147.251033,793.698026,4.840000,788.858026
1266,29.449735,29.716117,28.716117,30.716117,price_sensitive_uninformed,none,0.000000,22,147.251033,795.145195,4.840000,790.305195
1267,31.737734,30.901252,29.901252,31.901252,informed,none,0.000000,22,147.251033,845.481184,4.840000,840.641184
1268,33.364108,33.919857,32.919857,34.919857,price_sensitive_uninformed,none,0.000000,22,147.251033,881.261404,4.840000,876.421404
1269,32.568850,32.554231,31.554231,33.554231,price_sensitive_uninformed,none,0.000000,22,147.251033,863.765731,4.840000,858.925731
1270,31.267603,32.742805,31.742805,33.742805,informed,sell_to_mm,31.742805,23,115.508228,834.663100,5.290000,829.373100
1271,32.190244,32.485375,31.485375,33.485375,price_sensitive_uninformed,sell_to_mm,31.485375,24,84.022853,856.588710,5.760000,850.828710
1272,31.410742,30.966134,29.966134,31.966134,price_sensitive_uninformed,none,0.000000,24,84.022853,837.880657,5.760000,832.120657
1273,31.525771,29.888285,28.888285,30.888285,price_sensitive_uninformed,none,0.000000,24,84.022853,840.641351,5.760000,834.881351
1274,32.393717,31.129574,30.129574,32.129574,price_sensitive_uninformed,none,0.000000,24,84.022853,861.472065,5.760000,855.712065
1275,33.501982,32.334037,31.334037,33.334037,informed,buy_from_mm,33.334037,23,117.356891,887.902467,5.290000,882.612467
1276,34.906668,34.901089,33.901089,35.901089,price_sensitive_uninformed,sell_to_mm,33.901089,24,83.455802,921.215831,5.760000,915.455831
1277,35.582383,37.230048,36.230048,38.230048,price_sensitive_uninformed,buy_from_mm,38.230048,23,121.685850,940.080652,5.290000,934.790652
1278,34.615901,36.044160,35.044160,37.044160,price_sensitive_uninformed,none,0.000000,23,121.685850,917.851570,5.290000,912.561570
1279,33.180061,34.676345,33.676345,35.676345,price_sensitive_uninformed,none,0.000000,23,121.685850,884.827262,5.290000,879.537262
1280,32.549742,32.813767,31.813767,33.813767,informed,none,0.000000,23,121.685850,870.329923,5.290000,865.039923
1281,31.745507,32.576098,31.576098,33.576098,informed,none,0.000000,23,121.685850,851.832510,5.290000,846.542510
1282,31.119046,31.113232,30.113232,32.113232,price_sensitive_uninformed,none,0.000000,23,121.685850,837.423906,5.290000,832.133906
1283,32.490103,32.927567,31.927567,33.927567,informed,none,0.000000,23,121.685850,868.958216,5.290000,863.668216
1284,33.210280,31.847518,30.847518,32.847518,informed,buy_from_mm,32.847518,22,154.533367,885.159538,4.840000,880.319538
1285,32.814916,32.647663,31.647663,33.647663,informed,none,0.000000,22,154.533367,876.461527,4.840000,871.621527
1286,32.552213,32.200754,31.200754,33.200754,price_sensitive_uninformed,sell_to_mm,31.200754,23,123.332613,872.033522,5.290000,866.743522
1287,32.642612,32.881909,31.881909,33.881909,informed,none,0.000000,23,123.332613,874.112694,5.290000,868.822694
1288,33.045780,34.269326,33.269326,35.269326,price_sensitive_uninformed,none,0.000000,23,123.332613,883.385559,5.290000,878.095559
1289,35.288565,33.083448,32.083448,34.083448,price_sensitive_uninformed,buy_from_mm,34.083448,22,157.416061,933.764490,4.840000,928.924490
1290,36.628145,37.764907,36.764907,38.764907,informed,sell_to_mm,36.764907,23,120.651154,963.098496,5.290000,957.808496
1291,37.134716,37.871485,36.871485,38.871485,price_sensitive_uninformed,none,0.000000,23,120.651154,974.749619,5.290000,969.459619
1292,35.323688,35.986758,34.986758,36.986758,price_sensitive_uninformed,sell_to_mm,34.986758,24,85.664396,933.432918,5.760000,927.672918
1293,35.975676,35.622131,34.622131,36.622131,price_sensitive_uninformed,none,0.000000,24,85.664396,949.080617,5.760000,943.320617
1294,38.177718,38.342269,37.342269,39.342269,price_sensitive_uninformed,none,0.000000,24,85.664396,1001.929617,5.760000,996.169617
1295,37.657278,39.066667,38.066667,40.066667,informed,sell_to_mm,38.066667,25,47.597729,989.029679,6.250000,982.779679
1296,36.921416,35.086109,34.086109,36.086109,informed,buy_from_mm,36.086109,24,83.683838,969.797831,5.760000,964.037831
1297,36.592242,38.272353,37.272353,39.272353,price_sensitive_uninformed,buy_from_mm,39.272353,23,122.956191,964.577757,5.290000,959.287757
1298,36.610954,36.773653,35.773653,37.773653,price_sensitive_uninformed,none,0.000000,23,122.956191,965.008127,5.290000,959.718127
1299,36.645259,36.607521,35.607521,37.607521,price_sensitive_uninformed,buy_from_mm,37.607521,22,160.563712,966.759420,4.840000,961.919420
1300,36.932447,36.309806,35.309806,37.309806,informed,none,0.000000,22,160.563712,973.077550,4.840000,968.237550
1301,37.539710,38.897299,37.897299,39.897299,price_sensitive_uninformed,none,0.000000,22,160.563712,986.437324,4.840000,981.597324
1302,37.531136,37.018237,36.018237,38.018237,price_sensitive_uninformed,buy_from_mm,38.018237,21,198.581949,986.735811,4.410000,982.325811
1303,38.132991,36.323828,35.323828,37.323828,informed,buy_from_mm,37.323828,20,235.905777,998.565603,4.000000,994.565603
1304,37.245577,37.656474,36.656474,38.656474,price_sensitive_uninformed,sell_to_mm,36.656474,21,199.249303,981.406427,4.410000,976.996427
1305,36.948854,36.180644,35.180644,37.180644,informed,none,0.000000,21,199.249303,975.175242,4.410000,970.765242
1306,37.234391,37.596017,36.596017,38.596017,informed,none,0.000000,21,199.249303,981.171522,4.410000,976.761522
1307,38.226665,37.422823,36.422823,38.422823,informed,none,0.000000,21,199.249303,1002.009274,4.410000,997.599274
1308,37.022209,35.684816,34.684816,36.684816,price_sensitive_uninformed,buy_from_mm,36.684816,20,235.934119,976.378291,4.000000,972.378291
1309,37.885676,37.376594,36.376594,38.376594,informed,none,0.000000,20,235.934119,993.647643,4.000000,989.647643
1310,37.284333,38.448955,37.448955,39.448955,informed,sell_to_mm,37.448955,21,198.485164,981.456154,4.410000,977.046154
1311,37.272299,36.266038,35.266038,37.266038,price_sensitive_uninformed,sell_to_mm,35.266038,22,163.219126,983.209694,4.840000,978.369694
1312,35.513858,35.738760,34.738760,36.738760,informed,none,0.000000,22,163.219126,944.523999,4.840000,939.683999
1313,34.441334,35.564374,34.564374,36.564374,informed,sell_to_mm,34.564374,23,128.654751,920.805443,5.290000,915.515443
1314,35.300598,37.218440,36.218440,38.218440,informed,sell_to_mm,36.218440,24,92.436311,939.650663,5.760000,933.890663
1315,36.362534,36.291929,35.291929,37.291929,informed,none,0.000000,24,92.436311,965.137128,5.760000,959.377128
1316,37.977007,36.117681,35.117681,37.117681,price_sensitive_uninformed,none,0.000000,24,92.436311,1003.884475,5.760000,998.124475
1317,38.020915,37.313182,36.313182,38.313182,informed,none,0.000000,24,92.436311,1004.938283,5.760000,999.178283
1318,41.056717,40.776727,39.776727,41.776727,price_sensitive_uninformed,none,0.000000,24,92.436311,1077.797519,5.760000,1072.037519
1319,39.951963,39.732132,38.732132,40.732132,informed,none,0.000000,24,92.436311,1051.283434,5.760000,1045.523434
1320,39.713271,38.905046,37.905046,39.905046,price_sensitive_uninformed,none,0.000000,24,92.436311,1045.554826,5.760000,1039.794826
1321,39.570822,37.433425,36.433425,38.433425,price_sensitive_uninformed,none,0.000000,24,92.436311,1042.136050,5.760000,1036.376050
1322,40.158756,37.906912,36.906912,38.906912,price_sensitive_uninformed,none,0.000000,24,92.436311,1056.246445,5.760000,1050.486445
1323,40.659253,41.048340,40.048340,42.048340,price_sensitive_uninformed,sell_to_mm,40.048340,25,52.387971,1068.869304,6.250000,1062.619304
1324,41.175038,41.916238,40.916238,42.916238,informed,none,0.000000,25,52.387971,1081.763911,6.250000,1075.513911
1325,41.453489,39.939602,38.939602,40.939602,price_sensitive_uninformed,none,0.000000,25,52.387971,1088.725194,6.250000,1082.475194
1326,40.761340,39.343368,38.343368,40.343368,price_sensitive_uninformed,none,0.000000,25,52.387971,1071.421481,6.250000,1065.171481
1327,41.060548,40.866700,39.866700,41.866700,informed,none,0.000000,25,52.387971,1078.901671,6.250000,1072.651671
1328,41.065660,42.170335,41.170335,43.170335,informed,sell_to_mm,41.170335,26,11.217636,1078.924797,6.760000,1072.164797
1329,41.206360,41.687106,40.687106,42.687106,price_sensitive_uninformed,none,0.000000,26,11.217636,1082.582996,6.760000,1075.822996
1330,41.452314,41.513840,40.513840,42.513840,informed,none,0.000000,26,11.217636,1088.977805,6.760000,1082.217805
1331,41.867427,43.707634,42.707634,44.707634,informed,sell_to_mm,42.707634,27,-31.489998,1098.930525,7.290000,1091.640525
1332,42.254310,41.373262,40.373262,42.373262,informed,none,0.000000,27,-31.489998,1109.376363,7.290000,1102.086363
1333,43.051699,43.319827,42.319827,44.319827,informed,none,0.000000,27,-31.489998,1130.905876,7.290000,1123.615876
1334,43.687543,44.147901,43.147901,45.147901,price_sensitive_uninformed,none,0.000000,27,-31.489998,1148.073675,7.290000,1140.783675
1335,43.995867,44.348207,43.348207,45.348207,price_sensitive_uninformed,buy_from_mm,45.348207,26,13.858209,1157.750741,6.760000,1150.990741
1336,44.514051,45.037847,44.037847,46.037847,price_sensitive_uninformed,none,0.000000,26,13.858209,1171.223543,6.760000,1164.463543
1337,45.475119,44.565098,43.565098,45.565098,informed,none,0.000000,26,13.858209,1196.211306,6.760000,1189.451306
1338,45.098456,44.275003,43.275003,45.275003,informed,none,0.000000,26,13.858209,1186.418075,6.760000,1179.658075
1339,44.626031,42.378513,41.378513,43.378513,informed,buy_from_mm,43.378513,25,57.236722,1172.887486,6.250000,1166.637486
1340,43.081014,45.126869,44.126869,46.126869,informed,sell_to_mm,44.126869,26,13.109853,1133.216222,6.760000,1126.456222
1341,44.071711,43.770648,42.770648,44.770648,price_sensitive_uninformed,none,0.000000,26,13.109853,1158.974338,6.760000,1152.214338
1342,44.442726,43.901072,42.901072,44.901072,informed,none,0.000000,26,13.109853,1168.620722,6.760000,1161.860722
1343,44.752612,45.759466,44.759466,46.759466,informed,sell_to_mm,44.759466,27,-31.649612,1176.670925,7.290000,1169.380925
1344,45.539125,45.209308,44.209308,46.209308,price_sensitive_uninformed,sell_to_mm,44.209308,28,-75.858921,1199.236584,7.840000,1191.396584
1345,43.598637,44.826364,43.826364,45.826364,price_sensitive_uninformed,none,0.000000,28,-75.858921,1144.902924,7.840000,1137.062924
1346,43.823691,44.762119,43.762119,45.762119,price_sensitive_uninformed,none,0.000000,28,-75.858921,1151.204422,7.840000,1143.364422
1347,43.421629,42.451808,41.451808,43.451808,informed,none,0.000000,28,-75.858921,1139.946705,7.840000,1132.106705
1348,43.295545,42.558047,41.558047,43.558047,price_sensitive_uninformed,none,0.000000,28,-75.858921,1136.416327,7.840000,1128.576327
1349,43.347750,44.619587,43.619587,45.619587,informed,sell_to_mm,43.619587,29,-119.478507,1137.606228,8.410000,1129.196228
1350,42.297238,44.626768,43.626768,45.626768,price_sensitive_uninformed,buy_from_mm,45.626768,28,-73.851740,1110.470929,7.840000,1102.630929
1351,43.303912,43.818652,42.818652,44.818652,price_sensitive_uninformed,none,0.000000,28,-73.851740,1138.657785,7.840000,1130.817785
1352,43.263727,43.429718,42.429718,44.429718,price_sensitive_uninformed,sell_to_mm,42.429718,29,-116.281457,1138.366634,8.410000,1129.956634
1353,43.380677,44.781323,43.781323,45.781323,price_sensitive_uninformed,buy_from_mm,45.781323,28,-70.500135,1144.158812,7.840000,1136.318812
1354,42.533491,42.411126,41.411126,43.411126,informed,none,0.000000,28,-70.500135,1120.437608,7.840000,1112.597608
1355,40.815983,39.767614,38.767614,40.767614,price_sensitive_uninformed,none,0.000000,28,-70.500135,1072.347397,7.840000,1064.507397
1356,40.339164,39.217331,38.217331,40.217331,informed,buy_from_mm,40.217331,27,-30.282804,1058.874637,7.290000,1051.584637
1357,38.794027,39.084980,38.084980,40.084980,price_sensitive_uninformed,none,0.000000,27,-30.282804,1017.155916,7.290000,1009.865916
1358,38.291450,37.542439,36.542439,38.542439,price_sensitive_uninformed,none,0.000000,27,-30.282804,1003.586359,7.290000,996.296359
1359,37.639316,37.603118,36.603118,38.603118,price_sensitive_uninformed,none,0.000000,27,-30.282804,985.978716,7.290000,978.688716
1360,37.498969,38.285072,37.285072,39.285072,price_sensitive_uninformed,none,0.000000,27,-30.282804,982.189353,7.290000,974.899353
1361,37.030285,37.105707,36.105707,38.105707,informed,none,0.000000,27,-30.282804,969.534893,7.290000,962.244893
1362,38.448814,39.324430,38.324430,40.324430,price_sensitive_uninformed,none,0.000000,27,-30.282804,1007.835173,7.290000,1000.545173
1363,37.385277,36.766723,35.766723,37.766723,informed,none,0.000000,27,-30.282804,979.119677,7.290000,971.829677
1364,38.825974,36.891756,35.891756,37.891756,price_sensitive_uninformed,buy_from_mm,37.891756,26,7.608952,1017.084275,6.760000,1010.324275
1365,38.660270,36.006145,35.006145,37.006145,price_sensitive_uninformed,none,0.000000,26,7.608952,1012.775983,6.760000,1006.015983
1366,40.555106,41.062906,40.062906,42.062906,price_sensitive_uninformed,none,0.000000,26,7.608952,1062.041702,6.760000,1055.281702
1367,41.071843,41.964128,40.964128,42.964128,price_sensitive_uninformed,buy_from_mm,42.964128,25,50.573080,1077.369159,6.250000,1071.119159
1368,41.444081,42.832531,41.832531,43.832531,price_sensitive_uninformed,sell_to_mm,41.832531,26,8.740549,1086.286643,6.760000,1079.526643
1369,43.824410,44.086967,43.086967,45.086967,price_sensitive_uninformed,none,0.000000,26,8.740549,1148.175210,6.760000,1141.415210
1370,42.731263,42.369191,41.369191,43.369191,informed,none,0.000000,26,8.740549,1119.753386,6.760000,1112.993386
1371,42.532667,41.739576,40.739576,42.739576,price_sensitive_uninformed,none,0.000000,26,8.740549,1114.589898,6.760000,1107.829898
1372,43.343787,42.564178,41.564178,43.564178,informed,none,0.000000,26,8.740549,1135.679002,6.760000,1128.919002
1373,44.713894,44.188432,43.188432,45.188432,price_sensitive_uninformed,buy_from_mm,45.188432,25,53.928982,1171.776328,6.250000,1165.526328
1374,43.555051,42.083270,41.083270,43.083270,informed,buy_from_mm,43.083270,24,97.012252,1142.333466,5.760000,1136.573466
1375,42.858060,44.138386,43.138386,45.138386,price_sensitive_uninformed,none,0.000000,24,97.012252,1125.605698,5.760000,1119.845698
1376,42.868569,43.754109,42.754109,44.754109,informed,none,0.000000,24,97.012252,1125.857903,5.760000,1120.097903
1377,41.493812,42.052741,41.052741,43.052741,informed,none,0.000000,24,97.012252,1092.863749,5.760000,1087.103749
1378,40.925307,41.938832,40.938832,42.938832,price_sensitive_uninformed,sell_to_mm,40.938832,25,56.073420,1079.206091,6.250000,1072.956091
1379,40.690166,40.454993,39.454993,41.454993,price_sensitive_uninformed,buy_from_mm,41.454993,24,97.528413,1074.092406,5.760000,1068.332406
1380,39.930804,42.084598,41.084598,43.084598,price_sensitive_uninformed,none,0.000000,24,97.528413,1055.867717,5.760000,1050.107717
1381,38.939193,38.666405,37.666405,39.666405,informed,none,0.000000,24,97.528413,1032.069035,5.760000,1026.309035
1382,37.322767,38.128023,37.128023,39.128023,price_sensitive_uninformed,buy_from_mm,39.128023,23,136.656436,995.080081,5.290000,989.790081
1383,38.136655,38.056477,37.056477,39.056477,informed,none,0.000000,23,136.656436,1013.799507,5.290000,1008.509507
1384,38.246936,38.735949,37.735949,39.735949,price_sensitive_uninformed,sell_to_mm,37.735949,24,98.920488,1016.846953,5.760000,1011.086953
1385,38.433671,38.284985,37.284985,39.284985,informed,none,0.000000,24,98.920488,1021.328595,5.760000,1015.568595
1386,38.799384,39.951919,38.951919,40.951919,price_sensitive_uninformed,buy_from_mm,40.951919,23,139.872406,1032.258238,5.290000,1026.968238
1387,38.768144,38.782670,37.782670,39.782670,price_sensitive_uninformed,none,0.000000,23,139.872406,1031.539714,5.290000,1026.249714
1388,39.466264,39.760366,38.760366,40.760366,price_sensitive_uninformed,none,0.000000,23,139.872406,1047.596467,5.290000,1042.306467
1389,39.549124,39.537003,38.537003,40.537003,informed,none,0.000000,23,139.872406,1049.502254,5.290000,1044.212254
1390,39.730245,41.205797,40.205797,42.205797,informed,sell_to_mm,40.205797,24,99.666609,1053.192494,5.760000,1047.432494
1391,40.728872,39.749153,38.749153,40.749153,informed,none,0.000000,24,99.666609,1077.159547,5.760000,1071.399547
1392,41.443499,44.283602,43.283602,45.283602,informed,sell_to_mm,43.283602,25,56.383007,1092.470488,6.250000,1086.220488
1393,42.291646,42.521922,41.521922,43.521922,price_sensitive_uninformed,sell_to_mm,41.521922,26,14.861085,1114.443871,6.760000,1107.683871
1394,41.272988,40.013861,39.013861,41.013861,price_sensitive_uninformed,none,0.000000,26,14.861085,1087.958761,6.760000,1081.198761
1395,42.355127,43.817181,42.817181,44.817181,informed,sell_to_mm,42.817181,27,-27.956097,1115.632338,7.290000,1108.342338
1396,41.346476,40.589540,39.589540,41.589540,price_sensitive_uninformed,none,0.000000,27,-27.956097,1088.398754,7.290000,1081.108754
1397,42.668253,43.765878,42.765878,44.765878,informed,sell_to_mm,42.765878,28,-70.721975,1123.989122,7.840000,1116.149122
1398,42.601799,40.515458,39.515458,41.515458,informed,buy_from_mm,41.515458,27,-29.206516,1121.042045,7.290000,1113.752045
1399,42.876957,42.860208,41.860208,43.860208,informed,none,0.000000,27,-29.206516,1128.471327,7.290000,1121.181327
1400,42.190323,41.655421,40.655421,42.655421,informed,none,0.000000,27,-29.206516,1109.932198,7.290000,1102.642198
1401,39.832424,39.781445,38.781445,40.781445,informed,none,0.000000,27,-29.206516,1046.268935,7.290000,1038.978935
1402,39.914198,39.334977,38.334977,40.334977,price_sensitive_uninformed,buy_from_mm,40.334977,26,11.128460,1048.897613,6.760000,1042.137613
1403,39.494374,38.530805,37.530805,39.530805,price_sensitive_uninformed,none,0.000000,26,11.128460,1037.982178,6.760000,1031.222178
1404,38.573619,38.786858,37.786858,39.786858,price_sensitive_uninformed,none,0.000000,26,11.128460,1014.042551,6.760000,1007.282551
1405,34.909271,34.852043,33.852043,35.852043,price_sensitive_uninformed,none,0.000000,26,11.128460,918.769510,6.760000,912.009510
1406,33.833127,34.108076,33.108076,35.108076,price_sensitive_uninformed,none,0.000000,26,11.128460,890.789753,6.760000,884.029753
1407,33.127991,33.757899,32.757899,34.757899,informed,none,0.000000,26,11.128460,872.456239,6.760000,865.696239
1408,32.392797,31.849494,30.849494,32.849494,price_sensitive_uninformed,none,0.000000,26,11.128460,853.341195,6.760000,846.581195
1409,32.330093,33.637494,32.637494,34.637494,price_sensitive_uninformed,none,0.000000,26,11.128460,851.710887,6.760000,844.950887
1410,32.348843,31.638137,30.638137,32.638137,informed,none,0.000000,26,11.128460,852.198384,6.760000,845.438384
1411,31.889469,30.558954,29.558954,31.558954,price_sensitive_uninformed,none,0.000000,26,11.128460,840.254651,6.760000,833.494651
1412,33.306085,32.157172,31.157172,33.157172,price_sensitive_uninformed,buy_from_mm,33.157172,25,44.285632,876.937750,6.250000,870.687750
1413,34.015114,33.324983,32.324983,34.324983,price_sensitive_uninformed,none,0.000000,25,44.285632,894.663482,6.250000,888.413482
1414,34.982723,35.364979,34.364979,36.364979,informed,none,0.000000,25,44.285632,918.853708,6.250000,912.603708
1415,32.674678,31.445394,30.445394,32.445394,informed,buy_from_mm,32.445394,24,76.731027,860.923309,5.760000,855.163309
1416,32.096525,32.029205,31.029205,33.029205,price_sensitive_uninformed,none,0.000000,24,76.731027,847.047624,5.760000,841.287624
1417,29.973536,29.015513,28.015513,30.015513,informed,none,0.000000,24,76.731027,796.095886,5.760000,790.335886
1418,31.289243,30.370697,29.370697,31.370697,informed,none,0.000000,24,76.731027,827.672857,5.760000,821.912857
1419,31.871337,30.561795,29.561795,31.561795,informed,buy_from_mm,31.561795,23,108.292822,841.333568,5.290000,836.043568
1420,30.120797,29.399047,28.399047,30.399047,price_sensitive_uninformed,none,0.000000,23,108.292822,801.071143,5.290000,795.781143
1421,28.954288,28.904728,27.904728,29.904728,informed,none,0.000000,23,108.292822,774.241446,5.290000,768.951446
1422,28.154418,27.075793,26.075793,28.075793,price_sensitive_uninformed,none,0.000000,23,108.292822,755.844430,5.290000,750.554430
1423,29.423270,31.059568,30.059568,32.059568,price_sensitive_uninformed,sell_to_mm,30.059568,24,78.233254,784.391736,5.760000,778.631736
1424,28.195276,29.831834,28.831834,30.831834,informed,sell_to_mm,28.831834,25,49.401420,754.283322,6.250000,748.033322
1425,27.867618,26.099192,25.099192,27.099192,price_sensitive_uninformed,none,0.000000,25,49.401420,746.091872,6.250000,739.841872
1426,28.147688,27.924312,26.924312,28.924312,informed,none,0.000000,25,49.401420,753.093616,6.250000,746.843616
1427,29.210932,28.955353,27.955353,29.955353,informed,none,0.000000,25,49.401420,779.674725,6.250000,773.424725
1428,30.733768,29.463263,28.463263,30.463263,informed,buy_from_mm,30.463263,24,79.864683,817.475111,5.760000,811.715111
1429,30.471895,31.649042,30.649042,32.649042,price_sensitive_uninformed,sell_to_mm,30.649042,25,49.215641,811.013011,6.250000,804.763011
1430,30.139889,30.728674,29.728674,31.728674,price_sensitive_uninformed,none,0.000000,25,49.215641,802.712875,6.250000,796.462875
1431,30.083962,31.070218,30.070218,32.070218,informed,none,0.000000,25,49.215641,801.314691,6.250000,795.064691
1432,28.506196,29.112690,28.112690,30.112690,price_sensitive_uninformed,none,0.000000,25,49.215641,761.870551,6.250000,755.620551
1433,28.894351,28.038111,27.038111,29.038111,informed,none,0.000000,25,49.215641,771.574426,6.250000,765.324426
1434,28.462759,28.507645,27.507645,29.507645,price_sensitive_uninformed,none,0.000000,25,49.215641,760.784617,6.250000,754.534617
1435,29.983237,29.844924,28.844924,30.844924,price_sensitive_uninformed,none,0.000000,25,49.215641,798.796575,6.250000,792.546575
1436,30.826514,31.316158,30.316158,32.316158,price_sensitive_uninformed,none,0.000000,25,49.215641,819.878492,6.250000,813.628492
1437,29.959868,31.282078,30.282078,32.282078,price_sensitive_uninformed,none,0.000000,25,49.215641,798.212348,6.250000,791.962348
1438,28.427171,28.432274,27.432274,29.432274,informed,none,0.000000,25,49.215641,759.894925,6.250000,753.644925
1439,28.523517,28.823626,27.823626,29.823626,price_sensitive_uninformed,sell_to_mm,27.823626,26,21.392015,763.003451,6.760000,756.243451
1440,28.683916,27.777680,26.777680,28.777680,price_sensitive_uninformed,sell_to_mm,26.777680,27,-5.385665,769.080059,7.290000,761.790059
1441,27.932140,27.092661,26.092661,28.092661,price_sensitive_uninformed,none,0.000000,27,-5.385665,748.782107,7.290000,741.492107
1442,27.441666,27.466946,26.466946,28.466946,informed,none,0.000000,27,-5.385665,735.539319,7.290000,728.249319
1443,29.303210,28.994439,27.994439,29.994439,price_sensitive_uninformed,none,0.000000,27,-5.385665,785.801001,7.290000,778.511001
1444,28.533144,29.942441,28.942441,30.942441,informed,sell_to_mm,28.942441,28,-34.328107,764.599913,7.840000,756.759913
1445,27.680183,27.990078,26.990078,28.990078,price_sensitive_uninformed,none,0.000000,28,-34.328107,740.717031,7.840000,732.877031
1446,26.576690,26.401979,25.401979,27.401979,price_sensitive_uninformed,none,0.000000,28,-34.328107,709.819211,7.840000,701.979211
1447,25.319689,24.892527,23.892527,25.892527,informed,none,0.000000,28,-34.328107,674.623191,7.840000,666.783191
1448,25.451769,25.545143,24.545143,26.545143,price_sensitive_uninformed,sell_to_mm,24.545143,29,-58.873250,679.228065,8.410000,670.818065
1449,25.873124,25.472480,24.472480,26.472480,informed,none,0.000000,29,-58.873250,691.447348,8.410000,683.037348
1450,26.262623,26.042779,25.042779,27.042779,price_sensitive_uninformed,none,0.000000,29,-58.873250,702.742826,8.410000,694.332826
1451,24.906105,24.866660,23.866660,25.866660,price_sensitive_uninformed,none,0.000000,29,-58.873250,663.403795,8.410000,654.993795
1452,23.592411,23.612531,22.612531,24.612531,informed,none,0.000000,29,-58.873250,625.306678,8.410000,616.896678
1453,20.984237,22.700694,21.700694,23.700694,informed,sell_to_mm,21.700694,30,-80.573944,548.953177,9.000000,539.953177
1454,20.710655,20.600760,19.600760,21.600760,price_sensitive_uninformed,none,0.000000,30,-80.573944,540.745709,9.000000,531.745709
1455,22.874553,22.236128,21.236128,23.236128,price_sensitive_uninformed,sell_to_mm,21.236128,31,-101.810072,607.301076,9.610000,597.691076
1456,22.295969,20.207482,19.207482,21.207482,price_sensitive_uninformed,none,0.000000,31,-101.810072,589.364963,9.610000,579.754963
1457,22.807071,23.555963,22.555963,24.555963,informed,none,0.000000,31,-101.810072,605.209139,9.610000,595.599139
1458,23.162332,23.657131,22.657131,24.657131,informed,none,0.000000,31,-101.810072,616.222233,9.610000,606.612233
1459,23.713322,25.571271,24.571271,26.571271,price_sensitive_uninformed,none,0.000000,31,-101.810072,633.302919,9.610000,623.692919
1460,25.067718,23.477858,22.477858,24.477858,price_sensitive_uninformed,sell_to_mm,22.477858,32,-124.287930,677.879040,10.240000,667.639040
1461,25.529873,25.122273,24.122273,26.122273,informed,none,0.000000,32,-124.287930,692.668003,10.240000,682.428003
1462,25.045129,24.248065,23.248065,25.248065,informed,none,0.000000,32,-124.287930,677.156201,10.240000,666.916201
1463,25.620825,24.698190,23.698190,25.698190,informed,none,0.000000,32,-124.287930,695.578479,10.240000,685.338479
1464,24.492031,23.108103,22.108103,24.108103,price_sensitive_uninformed,sell_to_mm,22.108103,33,-146.396034,661.840997,10.890000,650.950997
1465,23.946998,23.620867,22.620867,24.620867,informed,none,0.000000,33,-146.396034,643.854910,10.890000,632.964910
1466,24.590589,24.679977,23.679977,25.679977,price_sensitive_uninformed,none,0.000000,33,-146.396034,665.093413,10.890000,654.203413
1467,23.652941,23.371348,22.371348,24.371348,price_sensitive_uninformed,none,0.000000,33,-146.396034,634.151017,10.890000,623.261017
1468,22.902815,22.144338,21.144338,23.144338,price_sensitive_uninformed,sell_to_mm,21.144338,34,-167.540372,611.155325,11.560000,599.595325
1469,21.069302,20.760777,19.760777,21.760777,price_sensitive_uninformed,none,0.000000,34,-167.540372,548.815900,11.560000,537.255900
1470,18.654470,17.505196,16.505196,18.505196,price_sensitive_uninformed,buy_from_mm,18.505196,33,-149.035176,466.562341,10.890000,455.672341
1471,20.253565,19.231205,18.231205,20.231205,price_sensitive_uninformed,none,0.000000,33,-149.035176,519.332457,10.890000,508.442457
1472,20.089965,20.937643,19.937643,21.937643,informed,none,0.000000,33,-149.035176,513.933674,10.890000,503.043674
1473,20.238946,22.112596,21.112596,23.112596,price_sensitive_uninformed,none,0.000000,33,-149.035176,518.850058,10.890000,507.960058
1474,19.581365,19.066281,18.066281,20.066281,informed,none,0.000000,33,-149.035176,497.149885,10.890000,486.259885
1475,20.900447,20.018256,19.018256,21.018256,price_sensitive_uninformed,buy_from_mm,21.018256,32,-128.016920,540.797377,10.240000,530.557377
1476,21.104068,21.150779,20.150779,22.150779,price_sensitive_uninformed,none,0.000000,32,-128.016920,547.313252,10.240000,537.073252
1477,21.294140,22.195939,21.195939,23.195939,price_sensitive_uninformed,sell_to_mm,21.195939,33,-149.212859,553.493776,10.890000,542.603776
1478,21.384163,19.816120,18.816120,20.816120,informed,buy_from_mm,20.816120,32,-128.396740,555.896479,10.240000,545.656479
1479,23.026861,23.370701,22.370701,24.370701,price_sensitive_uninformed,none,0.000000,32,-128.396740,608.462804,10.240000,598.222804
1480,21.849183,21.788099,20.788099,22.788099,informed,none,0.000000,32,-128.396740,570.777115,10.240000,560.537115
1481,23.403909,24.081866,23.081866,25.081866,informed,none,0.000000,32,-128.396740,620.528363,10.240000,610.288363
1482,23.144057,22.372387,21.372387,23.372387,price_sensitive_uninformed,none,0.000000,32,-128.396740,612.213074,10.240000,601.973074
1483,22.641129,21.862002,20.862002,22.862002,informed,none,0.000000,32,-128.396740,596.119397,10.240000,585.879397
1484,21.156498,21.610716,20.610716,22.610716,price_sensitive_uninformed,buy_from_mm,22.610716,31,-105.786024,550.065411,9.610000,540.455411
1485,21.928157,21.712130,20.712130,22.712130,price_sensitive_uninformed,none,0.000000,31,-105.786024,573.986830,9.610000,564.376830
1486,22.081005,24.100957,23.100957,25.100957,price_sensitive_uninformed,buy_from_mm,25.100957,30,-80.685067,581.745077,9.000000,572.745077
1487,22.521885,21.993749,20.993749,22.993749,price_sensitive_uninformed,sell_to_mm,20.993749,31,-101.678816,596.499628,9.610000,586.889628
1488,23.816315,23.484931,22.484931,24.484931,price_sensitive_uninformed,none,0.000000,31,-101.678816,636.626935,9.610000,627.016935
1489,23.901548,24.470621,23.470621,25.470621,price_sensitive_uninformed,sell_to_mm,23.470621,32,-125.149438,639.700109,10.240000,629.460109
1490,24.069280,23.680086,22.680086,24.680086,informed,none,0.000000,32,-125.149438,645.067509,10.240000,634.827509
1491,25.395157,25.661176,24.661176,26.661176,price_sensitive_uninformed,sell_to_mm,24.661176,33,-149.810613,688.229576,10.890000,677.339576
1492,26.942267,26.192294,25.192294,27.192294,price_sensitive_uninformed,none,0.000000,33,-149.810613,739.284192,10.890000,728.394192
1493,25.989615,26.735627,25.735627,27.735627,price_sensitive_uninformed,sell_to_mm,25.735627,34,-175.546240,708.100653,11.560000,696.540653
1494,23.937340,23.763786,22.763786,24.763786,informed,none,0.000000,34,-175.546240,638.323315,11.560000,626.763315
1495,24.776340,22.739348,21.739348,23.739348,price_sensitive_uninformed,sell_to_mm,21.739348,35,-197.285588,669.886306,12.250000,657.636306
1496,23.136184,22.286873,21.286873,23.286873,price_sensitive_uninformed,none,0.000000,35,-197.285588,612.480866,12.250000,600.230866
1497,25.131689,25.164005,24.164005,26.164005,price_sensitive_uninformed,none,0.000000,35,-197.285588,682.323510,12.250000,670.073510
1498,24.558479,24.570197,23.570197,25.570197,price_sensitive_uninformed,none,0.000000,35,-197.285588,662.261167,12.250000,650.011167
1499,24.784538,25.964262,24.964262,26.964262,informed,sell_to_mm,24.964262,36,-222.249850,669.993513,12.960000,657.033513
1500,24.452827,23.990131,22.990131,24.990131,informed,none,0.000000,36,-222.249850,658.051938,12.960000,645.091938
1501,26.156783,26.671941,25.671941,27.671941,price_sensitive_uninformed,none,0.000000,36,-222.249850,719.394353,12.960000,706.434353
1502,28.014633,27.880918,26.880918,28.880918,price_sensitive_uninformed,buy_from_mm,28.880918,35,-193.368932,787.143218,12.250000,774.893218
1503,27.704425,28.021103,27.021103,29.021103,informed,none,0.000000,35,-193.368932,776.285933,12.250000,764.035933
1504,26.916987,27.098973,26.098973,28.098973,price_sensitive_uninformed,buy_from_mm,28.098973,34,-165.269959,749.907597,11.560000,738.347597
1505,27.488215,26.843120,25.843120,27.843120,price_sensitive_uninformed,sell_to_mm,25.843120,35,-191.113079,770.974440,12.250000,758.724440
1506,25.674605,25.742741,24.742741,26.742741,price_sensitive_uninformed,sell_to_mm,24.742741,36,-215.855820,708.429957,12.960000,695.469957
1507,24.994711,25.585017,24.585017,26.585017,informed,none,0.000000,36,-215.855820,683.953761,12.960000,670.993761
1508,23.080953,23.268532,22.268532,24.268532,price_sensitive_uninformed,none,0.000000,36,-215.855820,615.058489,12.960000,602.098489
1509,21.473921,21.458163,20.458163,22.458163,price_sensitive_uninformed,buy_from_mm,22.458163,35,-193.397657,558.189581,12.250000,545.939581
1510,21.191313,21.034310,20.034310,22.034310,price_sensitive_uninformed,buy_from_mm,22.034310,34,-171.363347,549.141298,11.560000,537.581298
1511,21.388794,20.645198,19.645198,21.645198,price_sensitive_uninformed,none,0.000000,34,-171.363347,555.855663,11.560000,544.295663
1512,20.256532,19.585413,18.585413,20.585413,informed,none,0.000000,34,-171.363347,517.358728,11.560000,505.798728
1513,20.016497,19.869888,18.869888,20.869888,informed,none,0.000000,34,-171.363347,509.197536,11.560000,497.637536
1514,20.551247,21.346343,20.346343,22.346343,informed,none,0.000000,34,-171.363347,527.379041,11.560000,515.819041
1515,18.982291,18.252545,17.252545,19.252545,price_sensitive_uninformed,none,0.000000,34,-171.363347,474.034531,11.560000,462.474531
1516,16.700677,14.799858,13.799858,15.799858,price_sensitive_uninformed,none,0.000000,34,-171.363347,396.459682,11.560000,384.899682
1517,17.217001,17.184042,16.184042,18.184042,price_sensitive_uninformed,none,0.000000,34,-171.363347,414.014678,11.560000,402.454678
1518,15.726812,16.172498,15.172498,17.172498,informed,none,0.000000,34,-171.363347,363.348258,11.560000,351.788258
1519,17.262857,16.082740,15.082740,17.082740,price_sensitive_uninformed,none,0.000000,34,-171.363347,415.573802,11.560000,404.013802
1520,17.683712,19.671550,18.671550,20.671550,price_sensitive_uninformed,none,0.000000,34,-171.363347,429.882875,11.560000,418.322875
1521,17.172583,17.919703,16.919703,18.919703,informed,none,0.000000,34,-171.363347,412.504488,11.560000,400.944488
1522,16.385682,15.006221,14.006221,16.006221,price_sensitive_uninformed,buy_from_mm,16.006221,33,-155.357126,385.370384,10.890000,374.480384
1523,16.669341,16.761987,15.761987,17.761987,price_sensitive_uninformed,none,0.000000,33,-155.357126,394.731127,10.890000,383.841127
1524,16.731411,16.825477,15.825477,17.825477,price_sensitive_uninformed,none,0.000000,33,-155.357126,396.779438,10.890000,385.889438
1525,16.406935,17.194211,16.194211,18.194211,informed,none,0.000000,33,-155.357126,386.071745,10.890000,375.181745
1526,14.742337,15.546866,14.546866,16.546866,price_sensitive_uninformed,none,0.000000,33,-155.357126,331.140003,10.890000,320.250003
1527,13.345452,11.885867,10.885867,12.885867,informed,buy_from_mm,12.885867,32,-142.471259,284.583214,10.240000,274.343214
1528,14.512374,14.671692,13.671692,15.671692,price_sensitive_uninformed,none,0.000000,32,-142.471259,321.924708,10.240000,311.684708
1529,13.614535,13.688551,12.688551,14.688551,price_sensitive_uninformed,none,0.000000,32,-142.471259,293.193859,10.240000,282.953859
1530,12.992977,13.691740,12.691740,14.691740,informed,none,0.000000,32,-142.471259,273.304008,10.240000,263.064008
1531,13.084069,11.420721,10.420721,12.420721,informed,buy_from_mm,12.420721,31,-130.050539,275.555609,9.610000,265.945609
1532,12.246048,11.922548,10.922548,12.922548,price_sensitive_uninformed,none,0.000000,31,-130.050539,249.576959,9.610000,239.966959
1533,13.212100,13.836950,12.836950,14.836950,informed,none,0.000000,31,-130.050539,279.524563,9.610000,269.914563
1534,11.868237,11.631919,10.631919,12.631919,price_sensitive_uninformed,none,0.000000,31,-130.050539,237.864794,9.610000,228.254794
1535,11.187127,11.500913,10.500913,12.500913,price_sensitive_uninformed,buy_from_mm,12.500913,30,-117.549626,218.064169,9.000000,209.064169
1536,11.445839,14.107995,13.107995,15.107995,informed,sell_to_mm,13.107995,31,-130.657621,224.163402,9.610000,214.553402
1537,12.525619,13.858002,12.858002,14.858002,informed,sell_to_mm,12.858002,32,-143.515623,257.304182,10.240000,247.064182
1538,11.897102,10.570369,9.570369,11.570369,informed,buy_from_mm,11.570369,31,-131.945254,236.864916,9.610000,227.254916
1539,11.129008,10.302222,9.302222,11.302222,price_sensitive_uninformed,sell_to_mm,9.302222,32,-141.247476,214.880772,10.240000,204.640772
1540,10.824872,9.976115,8.976115,10.976115,price_sensitive_uninformed,none,0.000000,32,-141.247476,205.148437,10.240000,194.908437
1541,9.466352,12.320047,11.320047,13.320047,price_sensitive_uninformed,sell_to_mm,11.320047,33,-152.567523,159.822107,10.890000,148.932107
1542,8.887306,9.007059,8.007059,10.007059,informed,none,0.000000,33,-152.567523,140.713580,10.890000,129.823580
1543,8.066622,6.362484,5.362484,7.362484,price_sensitive_uninformed,none,0.000000,33,-152.567523,113.631003,10.890000,102.741003
1544,9.067782,9.784844,8.784844,10.784844,informed,none,0.000000,33,-152.567523,146.669292,10.890000,135.779292
1545,8.919654,8.994092,7.994092,9.994092,informed,none,0.000000,33,-152.567523,141.781073,10.890000,130.891073
1546,8.266130,9.267178,8.267178,10.267178,price_sensitive_uninformed,sell_to_mm,8.267178,34,-160.834701,120.213710,11.560000,108.653710
1547,6.514320,6.876506,5.876506,7.876506,informed,none,0.000000,34,-160.834701,60.652171,11.560000,49.092171
1548,7.571082,8.099462,7.099462,9.099462,price_sensitive_uninformed,none,0.000000,34,-160.834701,96.582081,11.560000,85.022081
1549,8.763047,9.908414,8.908414,10.908414,price_sensitive_uninformed,none,0.000000,34,-160.834701,137.108901,11.560000,125.548901
1550,7.207151,7.250355,6.250355,8.250355,price_sensitive_uninformed,buy_from_mm,8.250355,33,-152.584346,85.251628,10.890000,74.361628
1551,6.747084,6.536561,5.536561,7.536561,price_sensitive_uninformed,none,0.000000,33,-152.584346,70.069433,10.890000,59.179433
1552,6.296790,6.614011,5.614011,7.614011,informed,none,0.000000,33,-152.584346,55.209730,10.890000,44.319730
1553,6.866957,6.949686,5.949686,7.949686,price_sensitive_uninformed,none,0.000000,33,-152.584346,74.025220,10.890000,63.135220
1554,6.997565,6.037995,5.037995,7.037995,informed,none,0.000000,33,-152.584346,78.335314,10.890000,67.445314
1555,6.054948,6.283290,5.283290,7.283290,price_sensitive_uninformed,none,0.000000,33,-152.584346,47.228921,10.890000,36.338921
1556,7.236763,7.845847,6.845847,8.845847,informed,none,0.000000,33,-152.584346,86.228822,10.890000,75.338822
1557,5.271351,7.253149,6.253149,8.253149,price_sensitive_uninformed,none,0.000000,33,-152.584346,21.370251,10.890000,10.480251
1558,6.303252,7.159247,6.159247,8.159247,price_sensitive_uninformed,sell_to_mm,6.159247,34,-158.743593,55.566986,11.560000,44.006986
1559,6.009621,6.216105,5.216105,7.216105,informed,none,0.000000,34,-158.743593,45.583532,11.560000,34.023532
1560,5.780458,5.375841,4.375841,6.375841,price_sensitive_uninformed,buy_from_mm,6.375841,33,-152.367752,38.387364,10.890000,27.497364
1561,5.016560,6.384786,5.384786,7.384786,price_sensitive_uninformed,none,0.000000,33,-152.367752,13.178722,10.890000,2.288722
1562,6.458903,5.670597,4.670597,6.670597,informed,none,0.000000,33,-152.367752,60.776034,10.890000,49.886034
1563,7.188491,8.402010,7.402010,9.402010,price_sensitive_uninformed,none,0.000000,33,-152.367752,84.852464,10.890000,73.962464
1564,9.591054,10.044878,9.044878,11.044878,price_sensitive_uninformed,none,0.000000,33,-152.367752,164.137039,10.890000,153.247039
1565,9.712412,9.370954,8.370954,10.370954,price_sensitive_uninformed,sell_to_mm,8.370954,34,-160.738706,169.483287,11.560000,157.923287
1566,7.835161,6.064523,5.064523,7.064523,price_sensitive_uninformed,none,0.000000,34,-160.738706,105.656757,11.560000,94.096757
1567,8.393609,8.420172,7.420172,9.420172,price_sensitive_uninformed,none,0.000000,34,-160.738706,124.643986,11.560000,113.083986
1568,7.664586,8.660214,7.660214,9.660214,informed,none,0.000000,34,-160.738706,99.857208,11.560000,88.297208
1569,7.921450,8.349064,7.349064,9.349064,price_sensitive_uninformed,none,0.000000,34,-160.738706,108.590598,11.560000,97.030598
1570,8.311686,8.942073,7.942073,9.942073,price_sensitive_uninformed,none,0.000000,34,-160.738706,121.858623,11.560000,110.298623
1571,8.328606,8.492097,7.492097,9.492097,informed,none,0.000000,34,-160.738706,122.433898,11.560000,110.873898
1572,10.590972,11.345340,10.345340,12.345340,price_sensitive_uninformed,none,0.000000,34,-160.738706,199.354326,11.560000,187.794326
1573,11.538138,11.973561,10.973561,12.973561,informed,none,0.000000,34,-160.738706,231.557995,11.560000,219.997995
1574,11.905833,12.926311,11.926311,13.926311,informed,sell_to_mm,11.926311,35,-172.665017,244.039137,12.250000,231.789137
1575,11.719822,10.902188,9.902188,11.902188,informed,none,0.000000,35,-172.665017,237.528765,12.250000,225.278765
1576,10.807957,9.943459,8.943459,10.943459,price_sensitive_uninformed,none,0.000000,35,-172.665017,205.613479,12.250000,193.363479
1577,10.946419,12.555664,11.555664,13.555664,price_sensitive_uninformed,buy_from_mm,13.555664,34,-159.109353,213.068893,11.560000,201.508893
1578,11.864682,10.852737,9.852737,11.852737,price_sensitive_uninformed,none,0.000000,34,-159.109353,244.289827,11.560000,232.729827
1579,12.265392,12.430109,11.430109,13.430109,informed,none,0.000000,34,-159.109353,257.913958,11.560000,246.353958
1580,14.375685,14.386185,13.386185,15.386185,price_sensitive_uninformed,none,0.000000,34,-159.109353,329.663933,11.560000,318.103933
1581,13.413248,12.592015,11.592015,13.592015,informed,none,0.000000,34,-159.109353,296.941086,11.560000,285.381086
1582,14.810019,14.376080,13.376080,15.376080,price_sensitive_uninformed,none,0.000000,34,-159.109353,344.431284,11.560000,332.871284
1583,13.077492,14.216950,13.216950,15.216950,informed,sell_to_mm,13.216950,35,-172.326303,285.385912,12.250000,273.135912
1584,13.229541,15.426554,14.426554,16.426554,price_sensitive_uninformed,none,0.000000,35,-172.326303,290.707629,12.250000,278.457629
1585,15.497077,14.303599,13.303599,15.303599,price_sensitive_uninformed,none,0.000000,35,-172.326303,370.071394,12.250000,357.821394
1586,14.787470,14.919584,13.919584,15.919584,informed,none,0.000000,35,-172.326303,345.235143,12.250000,332.985143
1587,14.081535,13.089919,12.089919,14.089919,price_sensitive_uninformed,sell_to_mm,12.089919,36,-184.416222,322.519041,12.960000,309.559041
1588,15.666499,15.214738,14.214738,16.214738,price_sensitive_uninformed,none,0.000000,36,-184.416222,379.577729,12.960000,366.617729
1589,15.407182,15.368459,14.368459,16.368459,informed,none,0.000000,36,-184.416222,370.242316,12.960000,357.282316
1590,14.874641,14.244577,13.244577,15.244577,price_sensitive_uninformed,sell_to_mm,13.244577,37,-197.660799,352.700905,13.690000,339.010905
1591,15.424758,13.959733,12.959733,14.959733,informed,buy_from_mm,14.959733,36,-182.701066,372.590221,12.960000,359.630221
1592,17.172984,18.420598,17.420598,19.420598,price_sensitive_uninformed,none,0.000000,36,-182.701066,435.526368,12.960000,422.566368
1593,14.635912,15.842468,14.842468,16.842468,price_sensitive_uninformed,none,0.000000,36,-182.701066,344.191772,12.960000,331.231772
1594,12.854272,12.522624,11.522624,13.522624,price_sensitive_uninformed,none,0.000000,36,-182.701066,280.052723,12.960000,267.092723
1595,13.759226,14.129624,13.129624,15.129624,price_sensitive_uninformed,none,0.000000,36,-182.701066,312.631064,12.960000,299.671064
1596,13.398210,13.029715,12.029715,14.029715,informed,none,0.000000,36,-182.701066,299.634496,12.960000,286.674496
1597,13.408521,13.537601,12.537601,14.537601,informed,none,0.000000,36,-182.701066,300.005701,12.960000,287.045701
1598,13.336912,13.785435,12.785435,14.785435,price_sensitive_uninformed,buy_from_mm,14.785435,35,-167.915631,298.876275,12.250000,286.626275
1599,13.831818,13.710823,12.710823,14.710823,price_sensitive_uninformed,buy_from_mm,14.710823,34,-153.204808,317.077006,11.560000,305.517006
1600,13.248667,12.753180,11.753180,13.753180,price_sensitive_uninformed,none,0.000000,34,-153.204808,297.249859,11.560000,285.689859
1601,12.813235,11.853986,10.853986,12.853986,price_sensitive_uninformed,sell_to_mm,10.853986,35,-164.058794,284.404443,12.250000,272.154443
1602,12.911125,12.050998,11.050998,13.050998,informed,none,0.000000,35,-164.058794,287.830591,12.250000,275.580591
1603,14.541797,14.829034,13.829034,15.829034,price_sensitive_uninformed,none,0.000000,35,-164.058794,344.904109,12.250000,332.654109
1604,14.313701,13.789951,12.789951,14.789951,price_sensitive_uninformed,none,0.000000,35,-164.058794,336.920737,12.250000,324.670737
1605,14.960798,15.173630,14.173630,16.173630,price_sensitive_uninformed,none,0.000000,35,-164.058794,359.569121,12.250000,347.319121
1606,14.920285,14.213692,13.213692,15.213692,price_sensitive_uninformed,none,0.000000,35,-164.058794,358.151183,12.250000,345.901183
1607,15.063062,14.267102,13.267102,15.267102,price_sensitive_uninformed,none,0.000000,35,-164.058794,363.148371,12.250000,350.898371
1608,15.965496,15.344745,14.344745,16.344745,price_sensitive_uninformed,buy_from_mm,16.344745,34,-147.714050,395.112805,11.560000,383.552805
1609,14.641323,13.370514,12.370514,14.370514,informed,buy_from_mm,14.370514,33,-133.343536,349.820128,10.890000,338.930128
1610,15.919468,16.314412,15.314412,17.314412,price_sensitive_uninformed,none,0.000000,33,-133.343536,391.998906,10.890000,381.108906
1611,16.588250,16.395082,15.395082,17.395082,price_sensitive_uninformed,none,0.000000,33,-133.343536,414.068730,10.890000,403.178730
1612,17.058683,18.819928,17.819928,19.819928,informed,sell_to_mm,17.819928,34,-151.163464,428.831772,11.560000,417.271772
1613,18.041584,18.641501,17.641501,19.641501,informed,none,0.000000,34,-151.163464,462.250382,11.560000,450.690382
1614,16.467636,15.623441,14.623441,16.623441,informed,none,0.000000,34,-151.163464,408.736159,11.560000,397.176159
1615,17.481869,16.730969,15.730969,17.730969,informed,none,0.000000,34,-151.163464,443.220090,11.560000,431.660090
1616,16.394658,17.417236,16.417236,18.417236,price_sensitive_uninformed,none,0.000000,34,-151.163464,406.254915,11.560000,394.694915
1617,17.129524,16.381687,15.381687,17.381687,price_sensitive_uninformed,none,0.000000,34,-151.163464,431.240339,11.560000,419.680339
1618,17.119987,16.947727,15.947727,17.947727,price_sensitive_uninformed,sell_to_mm,15.947727,35,-167.111191,432.088368,12.250000,419.838368
1619,17.306871,16.218807,15.218807,17.218807,informed,buy_from_mm,17.218807,34,-149.892384,438.541227,11.560000,426.981227
1620,16.244570,15.948889,14.948889,16.948889,price_sensitive_uninformed,none,0.000000,34,-149.892384,402.423010,11.560000,390.863010
1621,18.482013,17.969064,16.969064,18.969064,informed,none,0.000000,34,-149.892384,478.496044,11.560000,466.936044
1622,18.780726,20.084445,19.084445,21.084445,informed,sell_to_mm,19.084445,35,-168.976828,488.348595,12.250000,476.098595
1623,20.129030,20.409487,19.409487,21.409487,informed,none,0.000000,35,-168.976828,535.539208,12.250000,523.289208
1624,19.171706,19.898548,18.898548,20.898548,informed,none,0.000000,35,-168.976828,502.032876,12.250000,489.782876
1625,19.230242,18.516986,17.516986,19.516986,price_sensitive_uninformed,none,0.000000,35,-168.976828,504.081632,12.250000,491.831632
1626,19.091235,17.791781,16.791781,18.791781,price_sensitive_uninformed,none,0.000000,35,-168.976828,499.216410,12.250000,486.966410
1627,19.752451,20.035647,19.035647,21.035647,informed,none,0.000000,35,-168.976828,522.358941,12.250000,510.108941
1628,21.481019,22.905954,21.905954,23.905954,price_sensitive_uninformed,none,0.000000,35,-168.976828,582.858853,12.250000,570.608853
1629,23.187549,21.989449,20.989449,22.989449,price_sensitive_uninformed,none,0.000000,35,-168.976828,642.587378,12.250000,630.337378
1630,23.512785,23.838565,22.838565,24.838565,informed,none,0.000000,35,-168.976828,653.970663,12.250000,641.720663
1631,21.618330,22.806229,21.806229,23.806229,informed,sell_to_mm,21.806229,36,-190.783057,587.476826,12.960000,574.516826
1632,21.134127,21.490075,20.490075,22.490075,price_sensitive_uninformed,none,0.000000,36,-190.783057,570.045501,12.960000,557.085501
1633,21.124261,20.859418,19.859418,21.859418,price_sensitive_uninformed,none,0.000000,36,-190.783057,569.690331,12.960000,556.730331
1634,21.660082,21.106905,20.106905,22.106905,price_sensitive_uninformed,none,0.000000,36,-190.783057,588.979889,12.960000,576.019889
1635,20.928897,19.536176,18.536176,20.536176,informed,buy_from_mm,20.536176,35,-170.246881,562.264527,12.250000,550.014527
1636,20.424145,20.434769,19.434769,21.434769,informed,none,0.000000,35,-170.246881,544.598179,12.250000,532.348179
1637,20.345064,20.773602,19.773602,21.773602,price_sensitive_uninformed,sell_to_mm,19.773602,36,-190.020483,542.401817,12.960000,529.441817
1638,20.846058,20.279785,19.279785,21.279785,informed,none,0.000000,36,-190.020483,560.437608,12.960000,547.477608
1639,20.105202,18.807771,17.807771,19.807771,informed,buy_from_mm,19.807771,35,-170.212712,533.469349,12.250000,521.219349
1640,18.746976,19.059470,18.059470,20.059470,price_sensitive_uninformed,none,0.000000,35,-170.212712,485.931456,12.250000,473.681456
1641,20.158594,20.153346,19.153346,21.153346,informed,none,0.000000,35,-170.212712,535.338079,12.250000,523.088079
1642,19.147172,18.048628,17.048628,19.048628,informed,buy_from_mm,19.048628,34,-151.164084,499.839748,11.560000,488.279748
1643,18.617331,18.442273,17.442273,19.442273,price_sensitive_uninformed,none,0.000000,34,-151.164084,481.825169,11.560000,470.265169
1644,18.455104,19.809983,18.809983,20.809983,price_sensitive_uninformed,sell_to_mm,18.809983,35,-169.974068,475.954587,12.250000,463.704587
1645,17.647401,17.200471,16.200471,18.200471,informed,none,0.000000,35,-169.974068,447.684980,12.250000,435.434980
1646,18.211829,17.336422,16.336422,18.336422,price_sensitive_uninformed,none,0.000000,35,-169.974068,467.439947,12.250000,455.189947
1647,19.073087,19.541904,18.541904,20.541904,price_sensitive_uninformed,none,0.000000,35,-169.974068,497.583993,12.250000,485.333993
1648,18.958993,18.163604,17.163604,19.163604,price_sensitive_uninformed,none,0.000000,35,-169.974068,493.590702,12.250000,481.340702
1649,18.426247,18.779451,17.779451,19.779451,informed,none,0.000000,35,-169.974068,474.944595,12.250000,462.694595
1650,17.756714,18.639551,17.639551,19.639551,informed,none,0.000000,35,-169.974068,451.510918,12.250000,439.260918
1651,16.237719,15.886583,14.886583,16.886583,price_sensitive_uninformed,buy_from_mm,16.886583,34,-153.087485,398.994960,11.560000,387.434960
1652,15.416607,15.378350,14.378350,16.378350,informed,none,0.000000,34,-153.087485,371.077143,11.560000,359.517143
1653,15.076850,14.402412,13.402412,15.402412,price_sensitive_uninformed,none,0.000000,34,-153.087485,359.525404,11.560000,347.965404
1654,14.206480,12.702355,11.702355,13.702355,informed,buy_from_mm,13.702355,33,-139.385130,329.428708,10.890000,318.538708
1655,14.829316,18.480122,17.480122,19.480122,informed,sell_to_mm,17.480122,34,-156.865252,347.331492,11.560000,335.771492
1656,15.276869,14.502192,13.502192,15.502192,informed,none,0.000000,34,-156.865252,362.548304,11.560000,350.988304
1657,17.775809,19.804360,18.804360,20.804360,informed,sell_to_mm,18.804360,35,-175.669612,446.483711,12.250000,434.233711
1658,18.415388,15.777382,14.777382,16.777382,price_sensitive_uninformed,none,0.000000,35,-175.669612,468.868970,12.250000,456.618970
1659,19.501145,19.273411,18.273411,20.273411,informed,none,0.000000,35,-175.669612,506.870475,12.250000,494.620475
1660,17.688238,19.726619,18.726619,20.726619,price_sensitive_uninformed,sell_to_mm,18.726619,36,-194.396231,442.380340,12.960000,429.420340
1661,15.377294,15.426038,14.426038,16.426038,price_sensitive_uninformed,none,0.000000,36,-194.396231,359.186353,12.960000,346.226353
1662,15.229442,17.315609,16.315609,18.315609,informed,sell_to_mm,16.315609,37,-210.711839,352.777509,13.690000,339.087509
1663,16.834024,16.706001,15.706001,17.706001,price_sensitive_uninformed,none,0.000000,37,-210.711839,412.147042,13.690000,398.457042
1664,16.268626,16.273518,15.273518,17.273518,informed,none,0.000000,37,-210.711839,391.227317,13.690000,377.537317
1665,17.382013,16.428984,15.428984,17.428984,price_sensitive_uninformed,buy_from_mm,17.428984,36,-193.282856,432.469600,12.960000,419.509600
1666,17.058069,16.643584,15.643584,17.643584,price_sensitive_uninformed,none,0.000000,36,-193.282856,420.807639,12.960000,407.847639
1667,17.815945,18.127820,17.127820,19.127820,price_sensitive_uninformed,buy_from_mm,19.127820,35,-174.155036,449.403050,12.250000,437.153050
1668,16.192375,17.302255,16.302255,18.302255,price_sensitive_uninformed,none,0.000000,35,-174.155036,392.578074,12.250000,380.328074
1669,14.950933,15.558432,14.558432,16.558432,price_sensitive_uninformed,none,0.000000,35,-174.155036,349.127616,12.250000,336.877616
1670,15.108268,16.166699,15.166699,17.166699,price_sensitive_uninformed,none,0.000000,35,-174.155036,354.634336,12.250000,342.384336
1671,13.540094,13.226250,12.226250,14.226250,price_sensitive_uninformed,none,0.000000,35,-174.155036,299.748251,12.250000,287.498251
1672,14.474483,14.617103,13.617103,15.617103,price_sensitive_uninformed,buy_from_mm,15.617103,34,-158.537933,333.594489,11.560000,322.034489
1673,13.619571,13.136879,12.136879,14.136879,price_sensitive_uninformed,none,0.000000,34,-158.537933,304.527489,11.560000,292.967489
1674,12.352145,10.137270,9.137270,11.137270,informed,buy_from_mm,11.137270,33,-147.400663,260.220138,10.890000,249.330138
1675,14.075293,13.997161,12.997161,14.997161,price_sensitive_uninformed,none,0.000000,33,-147.400663,317.084021,10.890000,306.194021
1676,12.222870,12.319934,11.319934,13.319934,price_sensitive_uninformed,none,0.000000,33,-147.400663,255.954057,10.890000,245.064057
1677,13.212246,13.987961,12.987961,14.987961,informed,none,0.000000,33,-147.400663,288.603466,10.890000,277.713466
1678,11.349696,12.725075,11.725075,13.725075,informed,sell_to_mm,11.725075,34,-159.125738,226.763932,11.560000,215.203932
1679,12.518468,12.215222,11.215222,13.215222,informed,none,0.000000,34,-159.125738,266.502190,11.560000,254.942190
1680,10.783450,10.305157,9.305157,11.305157,price_sensitive_uninformed,sell_to_mm,9.305157,35,-168.430895,208.989870,12.250000,196.739870
1681,12.195634,12.551764,11.551764,13.551764,price_sensitive_uninformed,buy_from_mm,13.551764,34,-154.879131,259.772419,11.560000,248.212419
1682,13.035059,13.488559,12.488559,14.488559,informed,none,0.000000,34,-154.879131,288.312887,11.560000,276.752887
1683,13.408342,13.465497,12.465497,14.465497,price_sensitive_uninformed,none,0.000000,34,-154.879131,301.004506,11.560000,289.444506
1684,14.199388,15.640329,14.640329,16.640329,price_sensitive_uninformed,none,0.000000,34,-154.879131,327.900064,11.560000,316.340064
1685,14.996993,15.822974,14.822974,16.822974,price_sensitive_uninformed,sell_to_mm,14.822974,35,-169.702106,355.192665,12.250000,342.942665
1686,14.222047,12.071888,11.071888,13.071888,informed,buy_from_mm,13.071888,34,-156.630218,326.919363,11.560000,315.359363
1687,14.749037,14.225912,13.225912,15.225912,price_sensitive_uninformed,none,0.000000,34,-156.630218,344.837024,11.560000,333.277024
1688,14.544238,15.588421,14.588421,16.588421,informed,sell_to_mm,14.588421,35,-171.218639,337.829683,12.250000,325.579683
1689,13.824157,15.149493,14.149493,16.149493,price_sensitive_uninformed,none,0.000000,35,-171.218639,312.626854,12.250000,300.376854
1690,11.841926,11.130945,10.130945,12.130945,informed,none,0.000000,35,-171.218639,243.248767,12.250000,230.998767
1691,12.024074,10.590326,9.590326,11.590326,price_sensitive_uninformed,none,0.000000,35,-171.218639,249.623942,12.250000,237.373942
1692,12.206698,12.063821,11.063821,13.063821,informed,none,0.000000,35,-171.218639,256.015800,12.250000,243.765800
1693,12.538424,13.075933,12.075933,14.075933,price_sensitive_uninformed,none,0.000000,35,-171.218639,267.626188,12.250000,255.376188
1694,12.545293,12.088507,11.088507,13.088507,price_sensitive_uninformed,none,0.000000,35,-171.218639,267.866624,12.250000,255.616624
1695,11.772537,11.398399,10.398399,12.398399,informed,none,0.000000,35,-171.218639,240.820159,12.250000,228.570159
1696,10.889842,10.249163,9.249163,11.249163,informed,none,0.000000,35,-171.218639,209.925836,12.250000,197.675836
1697,10.073393,9.024331,8.024331,10.024331,price_sensitive_uninformed,none,0.000000,35,-171.218639,181.350101,12.250000,169.100101
1698,8.877561,9.352240,8.352240,10.352240,informed,none,0.000000,35,-171.218639,139.495982,12.250000,127.245982
1699,10.080569,11.606244,10.606244,12.606244,informed,sell_to_mm,10.606244,36,-181.824883,181.075589,12.960000,168.115589
1700,9.615804,9.195633,8.195633,10.195633,price_sensitive_uninformed,buy_from_mm,10.195633,35,-171.629250,164.923902,12.250000,152.673902
1701,9.483925,9.740237,8.740237,10.740237,informed,none,0.000000,35,-171.629250,160.308120,12.250000,148.058120
1702,9.316878,9.561251,8.561251,10.561251,price_sensitive_uninformed,sell_to_mm,8.561251,36,-180.190501,155.217121,12.960000,142.257121
1703,8.042428,7.375042,6.375042,8.375042,price_sensitive_uninformed,buy_from_mm,8.375042,35,-171.815459,109.669509,12.250000,97.419509
1704,8.959482,8.567417,7.567417,9.567417,price_sensitive_uninformed,sell_to_mm,7.567417,36,-179.382876,143.158483,12.960000,130.198483
1705,8.768837,8.761911,7.761911,9.761911,price_sensitive_uninformed,none,0.000000,36,-179.382876,136.295258,12.960000,123.335258
1706,9.163229,7.707407,6.707407,8.707407,informed,buy_from_mm,8.707407,35,-170.675469,150.037562,12.250000,137.787562
1707,8.512740,8.387045,7.387045,9.387045,price_sensitive_uninformed,none,0.000000,35,-170.675469,127.270419,12.250000,115.020419
1708,7.670387,7.953246,6.953246,8.953246,informed,none,0.000000,35,-170.675469,97.788069,12.250000,85.538069
1709,9.176033,9.660349,8.660349,10.660349,informed,none,0.000000,35,-170.675469,150.485674,12.250000,138.235674
1710,9.719697,9.882317,8.882317,10.882317,informed,none,0.000000,35,-170.675469,169.513937,12.250000,157.263937
1711,9.575963,9.604198,8.604198,10.604198,price_sensitive_uninformed,none,0.000000,35,-170.675469,164.483239,12.250000,152.233239
1712,9.812127,9.597282,8.597282,10.597282,price_sensitive_uninformed,sell_to_mm,8.597282,36,-179.272751,173.963824,12.960000,161.003824
1713,9.357505,9.040527,8.040527,10.040527,informed,none,0.000000,36,-179.272751,157.597416,12.960000,144.637416
1714,7.276065,7.257686,6.257686,8.257686,price_sensitive_uninformed,none,0.000000,36,-179.272751,82.665604,12.960000,69.705604
1715,7.509267,7.314524,6.314524,8.314524,informed,none,0.000000,36,-179.272751,91.060858,12.960000,78.100858
1716,6.572391,6.801453,5.801453,7.801453,informed,none,0.000000,36,-179.272751,57.333326,12.960000,44.373326
1717,6.898972,7.284988,6.284988,8.284988,price_sensitive_uninformed,none,0.000000,36,-179.272751,69.090226,12.960000,56.130226
1718,5.119447,5.114218,4.114218,6.114218,informed,none,0.000000,36,-179.272751,5.027326,12.960000,-7.932674
1719,5.710056,6.485593,5.485593,7.485593,price_sensitive_uninformed,none,0.000000,36,-179.272751,26.289273,12.960000,13.329273
1720,5.761595,4.710454,3.710454,5.710454,informed,buy_from_mm,5.710454,35,-173.562297,28.093517,12.250000,15.843517
1721,5.262603,7.246807,6.246807,8.246807,informed,sell_to_mm,6.246807,36,-179.809104,9.644607,12.960000,-3.315393
1722,6.420736,5.117241,4.117241,6.117241,price_sensitive_uninformed,none,0.000000,36,-179.809104,51.337402,12.960000,38.377402
1723,7.955931,8.283469,7.283469,9.283469,informed,none,0.000000,36,-179.809104,106.604419,12.960000,93.644419
1724,6.295475,7.215552,6.215552,8.215552,price_sensitive_uninformed,none,0.000000,36,-179.809104,46.828013,12.960000,33.868013
1725,5.483163,5.246132,4.246132,6.246132,informed,none,0.000000,36,-179.809104,17.584779,12.960000,4.624779
1726,5.447493,5.744659,4.744659,6.744659,price_sensitive_uninformed,none,0.000000,36,-179.809104,16.300629,12.960000,3.340629
1727,4.927666,6.689244,5.689244,7.689244,informed,sell_to_mm,5.689244,37,-185.498348,-3.174709,13.690000,-16.864709
1728,4.354082,5.262982,4.262982,6.262982,informed,none,0.000000,37,-185.498348,-24.397312,13.690000,-38.087312
1729,5.844647,3.739103,2.739103,4.739103,price_sensitive_uninformed,sell_to_mm,2.739103,38,-188.237451,33.859130,14.440000,19.419130
1730,5.377508,4.455514,3.455514,5.455514,price_sensitive_uninformed,none,0.000000,38,-188.237451,16.107846,14.440000,1.667846
1731,5.292758,5.026070,4.026070,6.026070,price_sensitive_uninformed,none,0.000000,38,-188.237451,12.887348,14.440000,-1.552652
1732,5.363251,6.432284,5.432284,7.432284,price_sensitive_uninformed,buy_from_mm,7.432284,37,-180.805167,17.635134,13.690000,3.945134
1733,5.418387,5.708836,4.708836,6.708836,price_sensitive_uninformed,none,0.000000,37,-180.805167,19.675156,13.690000,5.985156
1734,5.638573,5.716381,4.716381,6.716381,informed,none,0.000000,37,-180.805167,27.822025,13.690000,14.132025
1735,6.662613,7.931533,6.931533,8.931533,price_sensitive_uninformed,sell_to_mm,6.931533,38,-187.736700,65.442580,14.440000,51.002580
1736,6.318703,5.956841,4.956841,6.956841,price_sensitive_uninformed,none,0.000000,38,-187.736700,52.374000,14.440000,37.934000
1737,4.876827,5.484105,4.484105,6.484105,informed,none,0.000000,38,-187.736700,-2.417268,14.440000,-16.857268
1738,4.517058,4.737983,3.737983,5.737983,informed,none,0.000000,38,-187.736700,-16.088479,14.440000,-30.528479
1739,3.001866,5.111073,4.111073,6.111073,price_sensitive_uninformed,none,0.000000,38,-187.736700,-73.665798,14.440000,-88.105798
1740,3.540364,2.247616,1.247616,3.247616,informed,buy_from_mm,3.247616,37,-184.489084,-53.495599,13.690000,-67.185599
1741,5.333516,4.991693,3.991693,5.991693,price_sensitive_uninformed,none,0.000000,37,-184.489084,12.851022,13.690000,-0.838978
1742,3.630920,2.264786,1.264786,3.264786,price_sensitive_uninformed,none,0.000000,37,-184.489084,-50.145042,13.690000,-63.835042
1743,3.555148,5.087136,4.087136,6.087136,informed,sell_to_mm,4.087136,38,-188.576220,-53.480602,14.440000,-67.920602
1744,5.787318,7.355769,6.355769,8.355769,price_sensitive_uninformed,sell_to_mm,6.355769,39,-194.931988,30.773395,15.210000,15.563395
1745,4.924698,5.245829,4.245829,6.245829,price_sensitive_uninformed,buy_from_mm,6.245829,38,-188.686159,-1.547624,14.440000,-15.987624
1746,4.867780,6.084143,5.084143,7.084143,price_sensitive_uninformed,sell_to_mm,5.084143,39,-193.770302,-3.926878,15.210000,-19.136878
1747,5.113954,4.437711,3.437711,5.437711,price_sensitive_uninformed,sell_to_mm,3.437711,40,-197.208013,7.350146,16.000000,-8.649854
1748,4.649014,4.833884,3.833884,5.833884,price_sensitive_uninformed,buy_from_mm,5.833884,39,-191.374129,-10.062567,15.210000,-25.272567
1749,4.174293,3.977900,2.977900,4.977900,price_sensitive_uninformed,none,0.000000,39,-191.374129,-28.576683,15.210000,-43.786683
1750,5.334297,6.079803,5.079803,7.079803,informed,none,0.000000,39,-191.374129,16.663445,15.210000,1.453445
1751,3.782522,4.238084,3.238084,5.238084,price_sensitive_uninformed,buy_from_mm,5.238084,38,-186.136045,-42.400217,14.440000,-56.840217
1752,2.882827,2.132070,1.132070,3.132070,informed,none,0.000000,38,-186.136045,-76.588638,14.440000,-91.028638
1753,4.976183,5.748578,4.748578,6.748578,price_sensitive_uninformed,none,0.000000,38,-186.136045,2.958927,14.440000,-11.481073
1754,5.663403,4.642707,3.642707,5.642707,informed,buy_from_mm,5.642707,37,-180.493338,29.052581,13.690000,15.362581
1755,5.396167,5.790617,4.790617,6.790617,price_sensitive_uninformed,none,0.000000,37,-180.493338,19.164850,13.690000,5.474850
1756,5.010430,6.361871,5.361871,7.361871,price_sensitive_uninformed,none,0.000000,37,-180.493338,4.892561,13.690000,-8.797439
1757,6.351800,8.212866,7.212866,9.212866,price_sensitive_uninformed,none,0.000000,37,-180.493338,54.523252,13.690000,40.833252
1758,6.071302,5.680131,4.680131,6.680131,price_sensitive_uninformed,none,0.000000,37,-180.493338,44.144827,13.690000,30.454827
1759,5.773940,6.209745,5.209745,7.209745,price_sensitive_uninformed,none,0.000000,37,-180.493338,33.142450,13.690000,19.452450
1760,6.975753,8.259859,7.259859,9.259859,price_sensitive_uninformed,none,0.000000,37,-180.493338,77.609533,13.690000,63.919533
1761,7.732054,8.090914,7.090914,9.090914,price_sensitive_uninformed,none,0.000000,37,-180.493338,105.592642,13.690000,91.902642
1762,8.676879,8.620621,7.620621,9.620621,informed,none,0.000000,37,-180.493338,140.551189,13.690000,126.861189
1763,9.348901,7.768025,6.768025,8.768025,price_sensitive_uninformed,sell_to_mm,6.768025,38,-187.261363,167.996881,14.440000,153.556881
1764,8.632593,10.931132,9.931132,11.931132,informed,sell_to_mm,9.931132,39,-197.192495,139.478622,15.210000,124.268622
1765,8.837282,9.603294,8.603294,10.603294,price_sensitive_uninformed,none,0.000000,39,-197.192495,147.461514,15.210000,132.251514
1766,7.303304,7.906654,6.906654,8.906654,price_sensitive_uninformed,none,0.000000,39,-197.192495,87.636366,15.210000,72.426366
1767,7.232522,6.099178,5.099178,7.099178,price_sensitive_uninformed,none,0.000000,39,-197.192495,84.875870,15.210000,69.665870
1768,6.960561,7.446556,6.446556,8.446556,price_sensitive_uninformed,sell_to_mm,6.446556,40,-203.639051,74.783372,16.000000,58.783372
1769,7.442842,6.309402,5.309402,7.309402,price_sensitive_uninformed,buy_from_mm,7.309402,39,-196.329649,93.941178,15.210000,78.731178
1770,9.202063,9.957807,8.957807,10.957807,informed,none,0.000000,39,-196.329649,162.550817,15.210000,147.340817
1771,9.990050,9.743369,8.743369,10.743369,informed,none,0.000000,39,-196.329649,193.282297,15.210000,178.072297
1772,11.729320,10.230540,9.230540,11.230540,price_sensitive_uninformed,none,0.000000,39,-196.329649,261.113839,15.210000,245.903839
1773,11.343198,10.421577,9.421577,11.421577,informed,none,0.000000,39,-196.329649,246.055062,15.210000,230.845062
1774,11.716357,13.484745,12.484745,14.484745,price_sensitive_uninformed,buy_from_mm,14.484745,38,-181.844904,263.376644,14.440000,248.936644
1775,12.561797,12.991890,11.991890,13.991890,price_sensitive_uninformed,buy_from_mm,13.991890,37,-167.853014,296.933463,13.690000,283.243463
1776,11.098583,12.084041,11.084041,13.084041,price_sensitive_uninformed,none,0.000000,37,-167.853014,242.794574,13.690000,229.104574
1777,12.205378,12.379835,11.379835,13.379835,informed,none,0.000000,37,-167.853014,283.745991,13.690000,270.055991
1778,12.124397,11.459337,10.459337,12.459337,informed,none,0.000000,37,-167.853014,280.749669,13.690000,267.059669
1779,11.478747,13.008230,12.008230,14.008230,price_sensitive_uninformed,none,0.000000,37,-167.853014,256.860622,13.690000,243.170622
1780,11.428959,10.727313,9.727313,11.727313,informed,none,0.000000,37,-167.853014,255.018483,13.690000,241.328483
1781,9.970350,9.825394,8.825394,10.825394,informed,none,0.000000,37,-167.853014,201.049926,13.690000,187.359926
1782,8.782965,10.038094,9.038094,11.038094,price_sensitive_uninformed,none,0.000000,37,-167.853014,157.116685,13.690000,143.426685
1783,9.751460,10.615164,9.615164,11.615164,informed,none,0.000000,37,-167.853014,192.951022,13.690000,179.261022
1784,9.920564,9.166622,8.166622,10.166622,price_sensitive_uninformed,none,0.000000,37,-167.853014,199.207859,13.690000,185.517859
1785,10.454384,13.028415,12.028415,14.028415,price_sensitive_uninformed,none,0.000000,37,-167.853014,218.959212,13.690000,205.269212
1786,8.311305,9.006578,8.006578,10.006578,price_sensitive_uninformed,buy_from_mm,10.006578,36,-157.846435,141.360558,12.960000,128.400558
1787,7.810532,7.769071,6.769071,8.769071,price_sensitive_uninformed,sell_to_mm,6.769071,37,-164.615507,124.374181,13.690000,110.684181
1788,10.011797,10.788072,9.788072,11.788072,informed,none,0.000000,37,-164.615507,205.820976,13.690000,192.130976
1789,9.643633,9.900931,8.900931,10.900931,informed,none,0.000000,37,-164.615507,192.198904,13.690000,178.508904
1790,9.514958,8.842228,7.842228,9.842228,price_sensitive_uninformed,none,0.000000,37,-164.615507,187.437944,13.690000,173.747944
1791,9.175412,9.277972,8.277972,10.277972,informed,none,0.000000,37,-164.615507,174.874719,13.690000,161.184719
1792,8.199635,8.311527,7.311527,9.311527,price_sensitive_uninformed,none,0.000000,37,-164.615507,138.770998,13.690000,125.080998
1793,7.159183,6.697575,5.697575,7.697575,informed,none,0.000000,37,-164.615507,100.274256,13.690000,86.584256
1794,5.842604,5.946012,4.946012,6.946012,price_sensitive_uninformed,none,0.000000,37,-164.615507,51.560826,13.690000,37.870826
1795,6.178031,6.415913,5.415913,7.415913,price_sensitive_uninformed,sell_to_mm,5.415913,38,-170.031420,64.733776,14.440000,50.293776
1796,6.298467,6.065604,5.065604,7.065604,price_sensitive_uninformed,none,0.000000,38,-170.031420,69.310314,14.440000,54.870314
1797,8.551046,9.228506,8.228506,10.228506,informed,none,0.000000,38,-170.031420,154.908343,14.440000,140.468343
1798,9.465502,9.507884,8.507884,10.507884,price_sensitive_uninformed,buy_from_mm,10.507884,37,-159.523536,190.700024,13.690000,177.010024
1799,9.240206,9.491006,8.491006,10.491006,price_sensitive_uninformed,sell_to_mm,8.491006,38,-168.014542,183.113272,14.440000,168.673272
1800,10.132566,10.302225,9.302225,11.302225,price_sensitive_uninformed,buy_from_mm,11.302225,37,-156.712317,218.192609,13.690000,204.502609
1801,8.675227,8.523541,7.523541,9.523541,price_sensitive_uninformed,none,0.000000,37,-156.712317,164.271081,13.690000,150.581081
1802,10.090825,9.911210,8.911210,10.911210,informed,none,0.000000,37,-156.712317,216.648209,13.690000,202.958209
1803,10.665810,9.367420,8.367420,10.367420,price_sensitive_uninformed,buy_from_mm,10.367420,36,-146.344896,237.624252,12.960000,224.664252
1804,11.599461,11.262658,10.262658,12.262658,price_sensitive_uninformed,none,0.000000,36,-146.344896,271.235715,12.960000,258.275715
1805,10.377626,9.320917,8.320917,10.320917,price_sensitive_uninformed,sell_to_mm,8.320917,37,-154.665813,229.306331,13.690000,215.616331
1806,10.179530,10.652321,9.652321,11.652321,price_sensitive_uninformed,none,0.000000,37,-154.665813,221.976786,13.690000,208.286786
1807,12.355446,11.187712,10.187712,12.187712,informed,buy_from_mm,12.187712,36,-142.478102,302.317953,12.960000,289.357953
1808,13.419912,13.511412,12.511412,14.511412,price_sensitive_uninformed,buy_from_mm,14.511412,35,-127.966690,341.730238,12.250000,329.480238
1809,11.734728,12.335806,11.335806,13.335806,price_sensitive_uninformed,none,0.000000,35,-127.966690,282.748785,12.250000,270.498785
1810,11.662108,10.776716,9.776716,11.776716,price_sensitive_uninformed,none,0.000000,35,-127.966690,280.207086,12.250000,267.957086
1811,12.448328,13.249200,12.249200,14.249200,price_sensitive_uninformed,sell_to_mm,12.249200,36,-140.215890,307.923905,12.960000,294.963905
1812,12.483797,11.566553,10.566553,12.566553,informed,none,0.000000,36,-140.215890,309.200799,12.960000,296.240799
1813,11.771799,11.765790,10.765790,12.765790,price_sensitive_uninformed,none,0.000000,36,-140.215890,283.568889,12.960000,270.608889
1814,10.942242,9.169148,8.169148,10.169148,informed,buy_from_mm,10.169148,35,-130.046741,252.931733,12.250000,240.681733
1815,12.057861,13.199286,12.199286,14.199286,informed,sell_to_mm,12.199286,36,-142.246028,291.836966,12.960000,278.876966
1816,11.380148,11.161623,10.161623,12.161623,price_sensitive_uninformed,none,0.000000,36,-142.246028,267.439283,12.960000,254.479283
1817,11.585921,12.041554,11.041554,13.041554,informed,none,0.000000,36,-142.246028,274.847126,12.960000,261.887126
1818,11.672618,12.303211,11.303211,13.303211,price_sensitive_uninformed,none,0.000000,36,-142.246028,277.968212,12.960000,265.008212
1819,11.534737,12.805408,11.805408,13.805408,informed,sell_to_mm,11.805408,37,-154.051436,272.733845,13.690000,259.043845
1820,10.369465,10.108614,9.108614,11.108614,price_sensitive_uninformed,none,0.000000,37,-154.051436,229.618780,13.690000,215.928780
1821,9.502885,9.031438,8.031438,10.031438,price_sensitive_uninformed,sell_to_mm,8.031438,38,-162.082874,199.026743,14.440000,184.586743
1822,9.143035,8.508991,7.508991,9.508991,price_sensitive_uninformed,buy_from_mm,9.508991,37,-152.573883,185.718395,13.690000,172.028395
1823,8.867325,9.065373,8.065373,10.065373,price_sensitive_uninformed,none,0.000000,37,-152.573883,175.517154,13.690000,161.827154
1824,10.298601,10.238265,9.238265,11.238265,price_sensitive_uninformed,none,0.000000,37,-152.573883,228.474342,13.690000,214.784342
1825,8.612078,8.867638,7.867638,9.867638,informed,none,0.000000,37,-152.573883,166.072999,13.690000,152.382999
1826,8.500888,8.387204,7.387204,9.387204,price_sensitive_uninformed,sell_to_mm,7.387204,38,-159.961087,163.072662,14.440000,148.632662
1827,7.288042,8.342131,7.342131,9.342131,price_sensitive_uninformed,buy_from_mm,9.342131,37,-150.618956,119.038602,13.690000,105.348602
1828,7.513407,7.648341,6.648341,8.648341,price_sensitive_uninformed,none,0.000000,37,-150.618956,127.377120,13.690000,113.687120
1829,7.454987,5.894810,4.894810,6.894810,price_sensitive_uninformed,none,0.000000,37,-150.618956,125.215563,13.690000,111.525563
1830,6.558562,7.299577,6.299577,8.299577,price_sensitive_uninformed,none,0.000000,37,-150.618956,92.047830,13.690000,78.357830
1831,7.286646,7.837148,6.837148,8.837148,informed,none,0.000000,37,-150.618956,118.986929,13.690000,105.296929
1832,8.007666,5.642611,4.642611,6.642611,price_sensitive_uninformed,buy_from_mm,6.642611,36,-143.976346,144.299648,12.960000,131.339648
1833,6.106737,4.504952,3.504952,5.504952,price_sensitive_uninformed,none,0.000000,36,-143.976346,75.866202,12.960000,62.906202
1834,5.899864,6.048710,5.048710,7.048710,informed,none,0.000000,36,-143.976346,68.418754,12.960000,55.458754
1835,5.053756,3.884676,2.884676,4.884676,informed,buy_from_mm,4.884676,35,-139.091670,37.789788,12.250000,25.539788
1836,6.437143,6.530769,5.530769,7.530769,informed,none,0.000000,35,-139.091670,86.208320,12.250000,73.958320
1837,6.266365,7.403965,6.403965,8.403965,informed,sell_to_mm,6.403965,36,-145.495635,80.093504,12.960000,67.133504
1838,5.714941,7.549051,6.549051,8.549051,price_sensitive_uninformed,none,0.000000,36,-145.495635,60.242227,12.960000,47.282227
1839,8.234889,8.133592,7.133592,9.133592,price_sensitive_uninformed,none,0.000000,36,-145.495635,150.960359,12.960000,138.000359
1840,7.624210,7.221995,6.221995,8.221995,price_sensitive_uninformed,sell_to_mm,6.221995,37,-151.717630,130.378144,13.690000,116.688144
1841,8.239453,8.634216,7.634216,9.634216,price_sensitive_uninformed,none,0.000000,37,-151.717630,153.142146,13.690000,139.452146
1842,8.282914,8.438428,7.438428,9.438428,price_sensitive_uninformed,sell_to_mm,7.438428,38,-159.156058,155.594682,14.440000,141.154682
1843,8.125944,7.954381,6.954381,8.954381,price_sensitive_uninformed,none,0.000000,38,-159.156058,149.629827,14.440000,135.189827
1844,8.910586,9.189557,8.189557,10.189557,informed,none,0.000000,38,-159.156058,179.446226,14.440000,165.006226
1845,9.762598,9.942716,8.942716,10.942716,price_sensitive_uninformed,none,0.000000,38,-159.156058,211.822680,14.440000,197.382680
1846,10.469346,9.573858,8.573858,10.573858,informed,none,0.000000,38,-159.156058,238.679079,14.440000,224.239079
1847,10.250788,9.854520,8.854520,10.854520,price_sensitive_uninformed,sell_to_mm,8.854520,39,-168.010578,231.770153,15.210000,216.560153
1848,10.350067,10.209048,9.209048,11.209048,price_sensitive_uninformed,none,0.000000,39,-168.010578,235.642019,15.210000,220.432019
1849,11.367449,11.658182,10.658182,12.658182,price_sensitive_uninformed,none,0.000000,39,-168.010578,275.319942,15.210000,260.109942
1850,11.667576,9.954763,8.954763,10.954763,price_sensitive_uninformed,none,0.000000,39,-168.010578,287.024871,15.210000,271.814871
1851,12.510354,11.071971,10.071971,12.071971,price_sensitive_uninformed,none,0.000000,39,-168.010578,319.893235,15.210000,304.683235
1852,12.868196,13.522809,12.522809,14.522809,price_sensitive_uninformed,sell_to_mm,12.522809,40,-180.533387,334.194455,16.000000,318.194455
1853,12.340894,11.159806,10.159806,12.159806,informed,buy_from_mm,12.159806,39,-168.373581,312.921272,15.210000,297.711272
1854,13.979506,15.186749,14.186749,16.186749,informed,sell_to_mm,14.186749,40,-182.560330,376.619910,16.000000,360.619910
1855,13.412054,13.200329,12.200329,14.200329,informed,none,0.000000,40,-182.560330,353.921841,16.000000,337.921841
1856,13.411823,13.086781,12.086781,14.086781,price_sensitive_uninformed,none,0.000000,40,-182.560330,353.912587,16.000000,337.912587
1857,13.849962,14.539221,13.539221,15.539221,informed,none,0.000000,40,-182.560330,371.438143,16.000000,355.438143
1858,13.233232,13.408085,12.408085,14.408085,price_sensitive_uninformed,none,0.000000,40,-182.560330,346.768932,16.000000,330.768932
1859,13.082056,13.813187,12.813187,14.813187,price_sensitive_uninformed,none,0.000000,40,-182.560330,340.721895,16.000000,324.721895
1860,13.310558,12.464948,11.464948,13.464948,price_sensitive_uninformed,none,0.000000,40,-182.560330,349.862005,16.000000,333.862005
1861,11.832029,11.729544,10.729544,12.729544,informed,none,0.000000,40,-182.560330,290.720810,16.000000,274.720810
1862,13.468253,14.810967,13.810967,15.810967,price_sensitive_uninformed,buy_from_mm,15.810967,39,-166.749363,358.512505,15.210000,343.302505
1863,12.968640,12.355333,11.355333,13.355333,price_sensitive_uninformed,none,0.000000,39,-166.749363,339.027597,15.210000,323.817597
1864,12.988399,13.500448,12.500448,14.500448,price_sensitive_uninformed,sell_to_mm,12.500448,40,-179.249811,340.286130,16.000000,324.286130
1865,13.981069,15.503831,14.503831,16.503831,price_sensitive_uninformed,none,0.000000,40,-179.249811,379.992969,16.000000,363.992969
1866,13.836146,15.408341,14.408341,16.408341,informed,sell_to_mm,14.408341,41,-193.658152,373.623854,16.810000,356.813854
1867,12.760407,12.965589,11.965589,13.965589,informed,none,0.000000,41,-193.658152,329.518548,16.810000,312.708548
1868,11.476698,12.500392,11.500392,13.500392,informed,sell_to_mm,11.500392,42,-205.158544,276.862777,17.640000,259.222777
1869,11.842190,10.964463,9.964463,11.964463,price_sensitive_uninformed,buy_from_mm,11.964463,41,-193.194081,292.335703,16.810000,275.525703
1870,13.039889,13.296041,12.296041,14.296041,informed,none,0.000000,41,-193.194081,341.441349,16.810000,324.631349
1871,12.824389,13.840630,12.840630,14.840630,price_sensitive_uninformed,none,0.000000,41,-193.194081,332.605880,16.810000,315.795880
1872,13.140143,11.421400,10.421400,12.421400,price_sensitive_uninformed,sell_to_mm,10.421400,42,-203.615481,348.270534,17.640000,330.630534
1873,13.027812,14.568640,13.568640,15.568640,price_sensitive_uninformed,none,0.000000,42,-203.615481,343.552608,17.640000,325.912608
1874,11.636508,10.975574,9.975574,11.975574,price_sensitive_uninformed,none,0.000000,42,-203.615481,285.117875,17.640000,267.477875
1875,11.587138,8.661356,7.661356,9.661356,informed,buy_from_mm,9.661356,41,-193.954125,281.118545,16.810000,264.308545
1876,10.956625,12.168382,11.168382,13.168382,price_sensitive_uninformed,buy_from_mm,13.168382,40,-180.785742,257.479250,16.000000,241.479250
1877,11.116396,9.197673,8.197673,10.197673,price_sensitive_uninformed,none,0.000000,40,-180.785742,263.870110,16.000000,247.870110
1878,10.374200,12.296959,11.296959,13.296959,price_sensitive_uninformed,none,0.000000,40,-180.785742,234.182240,16.000000,218.182240
1879,9.725891,11.138549,10.138549,12.138549,price_sensitive_uninformed,none,0.000000,40,-180.785742,208.249887,16.000000,192.249887
1880,9.010567,9.154172,8.154172,10.154172,price_sensitive_uninformed,buy_from_mm,10.154172,39,-170.631571,180.780555,15.210000,165.570555
1881,8.599413,9.504442,8.504442,10.504442,informed,none,0.000000,39,-170.631571,164.745543,15.210000,149.535543
1882,9.490367,9.633486,8.633486,10.633486,price_sensitive_uninformed,buy_from_mm,10.633486,38,-159.998085,200.635876,14.440000,186.195876
1883,8.922366,7.830519,6.830519,8.830519,price_sensitive_uninformed,none,0.000000,38,-159.998085,179.051839,14.440000,164.611839
1884,8.854527,8.852988,7.852988,9.852988,informed,none,0.000000,38,-159.998085,176.473949,14.440000,162.033949
1885,8.742126,7.451583,6.451583,8.451583,informed,buy_from_mm,8.451583,37,-151.546502,171.912164,13.690000,158.222164
1886,8.813096,8.820304,7.820304,9.820304,price_sensitive_uninformed,none,0.000000,37,-151.546502,174.538067,13.690000,160.848067
1887,8.156060,7.941902,6.941902,8.941902,price_sensitive_uninformed,sell_to_mm,6.941902,38,-158.488404,151.441860,14.440000,137.001860
1888,7.958482,7.979070,6.979070,8.979070,informed,none,0.000000,38,-158.488404,143.933910,14.440000,129.493910
1889,6.694452,6.016377,5.016377,7.016377,price_sensitive_uninformed,none,0.000000,38,-158.488404,95.900770,14.440000,81.460770
1890,6.781388,7.187124,6.187124,8.187124,price_sensitive_uninformed,none,0.000000,38,-158.488404,99.204326,14.440000,84.764326
1891,7.546663,6.518403,5.518403,7.518403,price_sensitive_uninformed,none,0.000000,38,-158.488404,128.284790,14.440000,113.844790
1892,7.135042,6.458324,5.458324,7.458324,informed,none,0.000000,38,-158.488404,112.643211,14.440000,98.203211
1893,7.582575,7.352886,6.352886,8.352886,price_sensitive_uninformed,none,0.000000,38,-158.488404,129.649436,14.440000,115.209436
1894,8.344942,5.487789,4.487789,6.487789,price_sensitive_uninformed,none,0.000000,38,-158.488404,158.619383,14.440000,144.179383
1895,7.111976,6.037932,5.037932,7.037932,informed,buy_from_mm,7.037932,37,-151.450472,111.692629,13.690000,98.002629
1896,6.910231,6.899401,5.899401,7.899401,informed,none,0.000000,37,-151.450472,104.228062,13.690000,90.538062
1897,4.929973,3.669075,2.669075,4.669075,informed,buy_from_mm,4.669075,36,-146.781397,30.697622,12.960000,17.737622
1898,4.362603,4.225805,3.225805,5.225805,informed,none,0.000000,36,-146.781397,10.272295,12.960000,-2.687705
1899,5.159231,3.890964,2.890964,4.890964,price_sensitive_uninformed,none,0.000000,36,-146.781397,38.950923,12.960000,25.990923
1900,3.479377,3.831759,2.831759,4.831759,informed,none,0.000000,36,-146.781397,-21.523820,12.960000,-34.483820
1901,3.415517,4.664756,3.664756,5.664756,informed,sell_to_mm,3.664756,37,-150.446153,-24.072013,13.690000,-37.762013
1902,1.106152,1.795982,0.795982,2.795982,price_sensitive_uninformed,none,0.000000,37,-150.446153,-109.518533,13.690000,-123.208533
1903,-0.094652,-1.093265,-2.093265,-0.093265,price_sensitive_uninformed,sell_to_mm,-2.093265,38,-148.352887,-151.949679,14.440000,-166.389679
1904,1.118477,0.459829,-0.540171,1.459829,price_sensitive_uninformed,none,0.000000,38,-148.352887,-105.850771,14.440000,-120.290771
1905,0.618631,0.910506,-0.089494,1.910506,price_sensitive_uninformed,sell_to_mm,-0.089494,39,-148.263393,-124.136777,15.210000,-139.346777
1906,0.482168,1.503899,0.503899,2.503899,informed,sell_to_mm,0.503899,40,-148.767292,-129.480561,16.000000,-145.480561
1907,0.538561,0.965834,-0.034166,1.965834,price_sensitive_uninformed,buy_from_mm,1.965834,39,-146.801458,-125.797578,15.210000,-141.007578
1908,2.304063,3.445254,2.445254,4.445254,informed,sell_to_mm,2.445254,40,-149.246712,-57.084189,16.000000,-73.084189
1909,2.030330,2.464537,1.464537,3.464537,price_sensitive_uninformed,buy_from_mm,3.464537,39,-145.782175,-66.599292,15.210000,-81.809292
1910,3.107955,2.295399,1.295399,3.295399,informed,none,0.000000,39,-145.782175,-24.571918,15.210000,-39.781918
1911,4.009804,2.705046,1.705046,3.705046,price_sensitive_uninformed,none,0.000000,39,-145.782175,10.600177,15.210000,-4.609823
1912,4.447029,3.844733,2.844733,4.844733,price_sensitive_uninformed,none,0.000000,39,-145.782175,27.651966,15.210000,12.441966
1913,3.305968,1.896519,0.896519,2.896519,price_sensitive_uninformed,none,0.000000,39,-145.782175,-16.849430,15.210000,-32.059430
1914,3.744818,2.442169,1.442169,3.442169,price_sensitive_uninformed,none,0.000000,39,-145.782175,0.265733,15.210000,-14.944267
1915,3.763301,6.418675,5.418675,7.418675,price_sensitive_uninformed,buy_from_mm,7.418675,38,-138.363499,4.641921,14.440000,-9.798079
1916,4.602973,4.185817,3.185817,5.185817,price_sensitive_uninformed,none,0.000000,38,-138.363499,36.549489,14.440000,22.109489
1917,6.336073,7.377313,6.377313,8.377313,price_sensitive_uninformed,sell_to_mm,6.377313,39,-144.740813,102.366028,15.210000,87.156028
1918,5.200608,7.138043,6.138043,8.138043,price_sensitive_uninformed,none,0.000000,39,-144.740813,58.082899,15.210000,42.872899
1919,4.717169,5.425060,4.425060,6.425060,price_sensitive_uninformed,sell_to_mm,4.425060,40,-149.165873,39.520904,16.000000,23.520904
1920,3.274897,3.417817,2.417817,4.417817,price_sensitive_uninformed,sell_to_mm,2.417817,41,-151.583690,-17.312918,16.810000,-34.122918
1921,2.681049,1.757076,0.757076,2.757076,price_sensitive_uninformed,sell_to_mm,0.757076,42,-152.340766,-39.736698,17.640000,-57.376698
1922,3.336489,4.059908,3.059908,5.059908,informed,none,0.000000,42,-152.340766,-12.208238,17.640000,-29.848238
1923,2.058633,2.961481,1.961481,3.961481,informed,none,0.000000,42,-152.340766,-65.878180,17.640000,-83.518180
1924,2.565204,3.698316,2.698316,4.698316,informed,sell_to_mm,2.698316,43,-155.039082,-44.735315,18.490000,-63.225315
1925,3.369951,4.362122,3.362122,5.362122,price_sensitive_uninformed,sell_to_mm,3.362122,44,-158.401203,-10.123355,19.360000,-29.483355
1926,3.190912,2.986374,1.986374,3.986374,price_sensitive_uninformed,sell_to_mm,1.986374,45,-160.387577,-16.796541,20.250000,-37.046541
1927,1.610489,1.259870,0.259870,2.259870,price_sensitive_uninformed,none,0.000000,45,-160.387577,-87.915565,20.250000,-108.165565
1928,-0.711487,-1.331105,-2.331105,-0.331105,informed,none,0.000000,45,-160.387577,-192.404497,20.250000,-212.654497
1929,0.006326,-0.644623,-1.644623,0.355377,informed,none,0.000000,45,-160.387577,-160.102928,20.250000,-180.352928
1930,-0.941129,-2.565244,-3.565244,-1.565244,price_sensitive_uninformed,none,0.000000,45,-160.387577,-202.738371,20.250000,-222.988371
1931,-0.924340,-0.189664,-1.189664,0.810336,informed,none,0.000000,45,-160.387577,-201.982864,20.250000,-222.232864
1932,-2.314975,-2.256819,-3.256819,-1.256819,informed,none,0.000000,45,-160.387577,-264.561446,20.250000,-284.811446
1933,-1.695639,-0.912826,-1.912826,0.087174,informed,none,0.000000,45,-160.387577,-236.691319,20.250000,-256.941319
1934,-2.776243,-2.839202,-3.839202,-1.839202,informed,none,0.000000,45,-160.387577,-285.318519,20.250000,-305.568519
1935,-1.794199,-1.402071,-2.402071,-0.402071,price_sensitive_uninformed,buy_from_mm,-0.402071,44,-160.789648,-239.734405,19.360000,-259.094405
1936,-2.077432,-2.388168,-3.388168,-1.388168,price_sensitive_uninformed,none,0.000000,44,-160.789648,-252.196671,19.360000,-271.556671
1937,-0.631232,-2.220806,-3.220806,-1.220806,price_sensitive_uninformed,none,0.000000,44,-160.789648,-188.563845,19.360000,-207.923845
1938,0.700339,1.344362,0.344362,2.344362,informed,none,0.000000,44,-160.789648,-129.974727,19.360000,-149.334727
1939,-0.336112,-0.291283,-1.291283,0.708717,price_sensitive_uninformed,none,0.000000,44,-160.789648,-175.578567,19.360000,-194.938567
1940,-1.726732,-0.411170,-1.411170,0.588830,informed,sell_to_mm,-1.411170,45,-159.378478,-237.081415,20.250000,-257.331415
1941,-1.884818,-2.991388,-3.991388,-1.991388,price_sensitive_uninformed,none,0.000000,45,-159.378478,-244.195296,20.250000,-264.445296
1942,-2.347427,-2.960185,-3.960185,-1.960185,price_sensitive_uninformed,none,0.000000,45,-159.378478,-265.012680,20.250000,-285.262680
1943,-2.153658,-2.575792,-3.575792,-1.575792,price_sensitive_uninformed,none,0.000000,45,-159.378478,-256.293067,20.250000,-276.543067
1944,-2.001688,-0.740701,-1.740701,0.259299,price_sensitive_uninformed,none,0.000000,45,-159.378478,-249.454453,20.250000,-269.704453
1945,-3.091145,-4.758094,-5.758094,-3.758094,informed,buy_from_mm,-3.758094,44,-163.136573,-299.146937,19.360000,-318.506937
1946,-1.905138,-1.494116,-2.494116,-0.494116,price_sensitive_uninformed,sell_to_mm,-2.494116,45,-160.642457,-246.373679,20.250000,-266.623679
1947,-2.710640,-1.509780,-2.509780,-0.509780,informed,sell_to_mm,-2.509780,46,-158.132677,-282.822109,21.160000,-303.982109
1948,-1.525628,-1.963948,-2.963948,-0.963948,price_sensitive_uninformed,none,0.000000,46,-158.132677,-228.311550,21.160000,-249.471550
1949,-0.950106,-1.036586,-2.036586,-0.036586,price_sensitive_uninformed,sell_to_mm,-2.036586,47,-156.096090,-200.751052,22.090000,-222.841052
1950,-1.280955,-1.460601,-2.460601,-0.460601,price_sensitive_uninformed,none,0.000000,47,-156.096090,-216.300972,22.090000,-238.390972
1951,-1.499985,-1.994339,-2.994339,-0.994339,price_sensitive_uninformed,none,0.000000,47,-156.096090,-226.595383,22.090000,-248.685383
1952,-0.673091,-1.381958,-2.381958,-0.381958,informed,none,0.000000,47,-156.096090,-187.731385,22.090000,-209.821385
1953,-0.195621,1.034837,0.034837,2.034837,informed,sell_to_mm,0.034837,48,-156.130928,-165.520735,23.040000,-188.560735
1954,0.115299,-1.561339,-2.561339,-0.561339,price_sensitive_uninformed,none,0.000000,48,-156.130928,-150.596592,23.040000,-173.636592
1955,-1.010246,-0.424871,-1.424871,0.575129,price_sensitive_uninformed,none,0.000000,48,-156.130928,-204.622716,23.040000,-227.662716
1956,-2.053414,-0.508881,-1.508881,0.491119,price_sensitive_uninformed,none,0.000000,48,-156.130928,-254.694823,23.040000,-277.734823
1957,-0.777294,-0.443830,-1.443830,0.556170,price_sensitive_uninformed,none,0.000000,48,-156.130928,-193.441032,23.040000,-216.481032
1958,-1.044765,-0.231813,-1.231813,0.768187,informed,none,0.000000,48,-156.130928,-206.279630,23.040000,-229.319630
1959,-1.905989,0.433524,-0.566476,1.433524,price_sensitive_uninformed,none,0.000000,48,-156.130928,-247.618418,23.040000,-270.658418
1960,-0.785938,0.044619,-0.955381,1.044619,informed,none,0.000000,48,-156.130928,-193.855942,23.040000,-216.895942
1961,-0.628186,1.014867,0.014867,2.014867,informed,sell_to_mm,0.014867,49,-156.145795,-186.926919,24.010000,-210.936919
1962,-1.313169,-0.656981,-1.656981,0.343019,price_sensitive_uninformed,none,0.000000,49,-156.145795,-220.491068,24.010000,-244.501068
1963,-1.566072,-1.475793,-2.475793,-0.475793,price_sensitive_uninformed,sell_to_mm,-2.475793,50,-153.670002,-231.973602,25.000000,-256.973602
1964,-0.898645,-1.126953,-2.126953,-0.126953,informed,none,0.000000,50,-153.670002,-198.602274,25.000000,-223.602274
1965,-1.458913,-1.023719,-2.023719,-0.023719,price_sensitive_uninformed,none,0.000000,50,-153.670002,-226.615654,25.000000,-251.615654
1966,-2.938564,-2.923348,-3.923348,-1.923348,price_sensitive_uninformed,buy_from_mm,-1.923348,49,-155.593350,-299.583009,24.010000,-323.593009
1967,-3.685692,-4.682864,-5.682864,-3.682864,price_sensitive_uninformed,none,0.000000,49,-155.593350,-336.192263,24.010000,-360.202263
1968,-4.420083,-5.211107,-6.211107,-4.211107,price_sensitive_uninformed,buy_from_mm,-4.211107,48,-159.804457,-371.968440,23.040000,-395.008440
1969,-3.775524,-3.807986,-4.807986,-2.807986,informed,none,0.000000,48,-159.804457,-341.029601,23.040000,-364.069601
1970,-4.355214,-2.866657,-3.866657,-1.866657,informed,sell_to_mm,-3.866657,49,-155.937799,-369.343272,24.010000,-393.353272
1971,-4.166990,-4.225235,-5.225235,-3.225235,price_sensitive_uninformed,buy_from_mm,-3.225235,48,-159.163035,-359.178551,23.040000,-382.218551
1972,-4.554810,-6.182132,-7.182132,-5.182132,informed,buy_from_mm,-5.182132,47,-164.345166,-378.421218,22.090000,-400.511218
1973,-2.692535,-3.615735,-4.615735,-2.615735,informed,none,0.000000,47,-164.345166,-290.894313,22.090000,-312.984313
1974,-4.564001,-4.179843,-5.179843,-3.179843,price_sensitive_uninformed,buy_from_mm,-3.179843,46,-167.525010,-377.469063,21.160000,-398.629063
1975,-6.158308,-5.183535,-6.183535,-4.183535,informed,none,0.000000,46,-167.525010,-450.807157,21.160000,-471.967157
1976,-4.079866,-3.559734,-4.559734,-2.559734,price_sensitive_uninformed,buy_from_mm,-2.559734,45,-170.084743,-353.678725,20.250000,-373.928725
1977,-4.112241,-4.413005,-5.413005,-3.413005,informed,none,0.000000,45,-170.084743,-355.135600,20.250000,-375.385600
1978,-4.132460,-4.536468,-5.536468,-3.536468,price_sensitive_uninformed,none,0.000000,45,-170.084743,-356.045439,20.250000,-376.295439
1979,-4.364151,-3.683371,-4.683371,-2.683371,price_sensitive_uninformed,none,0.000000,45,-170.084743,-366.471559,20.250000,-386.721559
1980,-5.490724,-3.565435,-4.565435,-2.565435,informed,sell_to_mm,-4.565435,46,-165.519309,-418.092632,21.160000,-439.252632
1981,-4.114317,-5.521839,-6.521839,-4.521839,price_sensitive_uninformed,none,0.000000,46,-165.519309,-354.777901,21.160000,-375.937901
1982,-2.887781,-3.748060,-4.748060,-2.748060,price_sensitive_uninformed,none,0.000000,46,-165.519309,-298.357218,21.160000,-319.517218
1983,-4.133263,-3.413048,-4.413048,-2.413048,price_sensitive_uninformed,none,0.000000,46,-165.519309,-355.649384,21.160000,-376.809384
1984,-2.535677,-3.660744,-4.660744,-2.660744,informed,buy_from_mm,-2.660744,45,-168.180053,-282.285515,20.250000,-302.535515
1985,-3.814508,-3.830625,-4.830625,-2.830625,informed,none,0.000000,45,-168.180053,-339.832932,20.250000,-360.082932
1986,-2.944205,-2.948572,-3.948572,-1.948572,price_sensitive_uninformed,none,0.000000,45,-168.180053,-300.669286,20.250000,-320.919286
1987,-2.782455,-3.990287,-4.990287,-2.990287,price_sensitive_uninformed,none,0.000000,45,-168.180053,-293.390517,20.250000,-313.640517
1988,-1.755017,-3.946876,-4.946876,-2.946876,informed,buy_from_mm,-2.946876,44,-171.126929,-248.347683,19.360000,-267.707683
1989,-1.797947,-2.092226,-3.092226,-1.092226,price_sensitive_uninformed,none,0.000000,44,-171.126929,-250.236616,19.360000,-269.596616
1990,-1.409753,-2.952354,-3.952354,-1.952354,informed,buy_from_mm,-1.952354,43,-173.079283,-233.698683,18.490000,-252.188683
1991,-0.575854,0.397364,-0.602636,1.397364,informed,none,0.000000,43,-173.079283,-197.841023,18.490000,-216.331023
1992,0.122149,0.395053,-0.604947,1.395053,price_sensitive_uninformed,none,0.000000,43,-173.079283,-167.826872,18.490000,-186.316872
1993,-0.105719,-1.236263,-2.236263,-0.236263,informed,buy_from_mm,-0.236263,42,-173.315547,-177.755734,17.640000,-195.395734
1994,1.033287,1.433821,0.433821,2.433821,price_sensitive_uninformed,none,0.000000,42,-173.315547,-129.917506,17.640000,-147.557506
1995,3.151712,2.053185,1.053185,3.053185,price_sensitive_uninformed,none,0.000000,42,-173.315547,-40.943662,17.640000,-58.583662
1996,3.601211,2.490974,1.490974,3.490974,informed,buy_from_mm,3.490974,41,-169.824572,-22.174906,16.810000,-38.984906
1997,3.738213,4.765953,3.765953,5.765953,price_sensitive_uninformed,buy_from_mm,5.765953,40,-164.058619,-14.530098,16.000000,-30.530098
1998,2.741245,2.519295,1.519295,3.519295,price_sensitive_uninformed,buy_from_mm,3.519295,39,-160.539325,-53.630752,15.210000,-68.840752
1999,3.007722,2.526418,1.526418,3.526418,informed,none,0.000000,39,-160.539325,-43.238165,15.210000,-58.448165
2000,1.933793,2.047786,1.047786,3.047786,price_sensitive_uninformed,none,0.000000,39,-160.539325,-85.121389,15.210000,-100.331389
