t,true_value,signal,bid,ask,trader_type,trade_side,trade_price,inventory,cash,pnl_mark_to_true,inv_penalty,risk_adj_pnl
1,-0.795112,0.094259,-2.905741,3.094259,price_sensitive_uninformed,none,0.000000,0,0.000000,0.000000,0.000000,0.000000
2,-1.242434,-0.125071,-3.125071,2.874929,price_sensitive_uninformed,none,0.000000,0,0.000000,0.000000,0.000000,0.000000
3,-2.936806,-5.518742,-8.518742,-2.518742,informed,none,0.000000,0,0.000000,0.000000,0.000000,0.000000
4,-2.337223,-1.850800,-4.850800,1.149200,price_sensitive_uninformed,none,0.000000,0,0.000000,0.000000,0.000000,0.000000
5,-1.451961,-0.732804,-3.732804,2.267196,informed,none,0.000000,0,0.000000,0.000000,0.000000,0.000000
6,-0.107356,-0.460679,-3.460679,2.539321,informed,none,0.000000,0,0.000000,0.000000,0.000000,0.000000
7,-0.518875,-0.391267,-3.391267,2.608733,price_sensitive_uninformed,none,0.000000,0,0.000000,0.000000,0.000000,0.000000
8,-1.331740,-1.027066,-4.027066,1.972934,informed,none,0.000000,0,0.000000,0.000000,0.000000,0.000000
9,-2.362129,-2.394280,-5.394280,0.605720,price_sensitive_uninformed,none,0.000000,0,0.000000,0.000000,0.000000,0.000000
10,-3.533011,-4.029130,-7.029130,-1.029130,informed,none,0.000000,0,0.000000,0.000000,0.000000,0.000000
11,-4.751160,-4.752909,-7.752909,-1.752909,price_sensitive_uninformed,none,0.000000,0,0.000000,0.000000,0.000000,0.000000
12,-7.633720,-7.561695,-10.561695,-4.561695,price_sensitive_uninformed,none,0.000000,0,0.000000,0.000000,0.000000,0.000000
13,-8.113542,-8.069134,-11.069134,-5.069134,informed,none,0.000000,0,0.000000,0.000000,0.000000,0.000000
14,-8.135436,-8.784159,-11.784159,-5.784159,informed,none,0.000000,0,0.000000,0.000000,0.000000,0.000000
15,-9.711430,-10.281974,-13.281974,-7.281974,price_sensitive_uninformed,none,0.000000,0,0.000000,0.000000,0.000000,0.000000
16,-8.770684,-9.623579,-12.623579,-6.623579,price_sensitive_uninformed,none,0.000000,0,0.000000,0.000000,0.000000,0.000000
17,-8.465701,-8.856061,-11.856061,-5.856061,informed,none,0.000000,0,0.000000,0.000000,0.000000,0.000000
18,-8.650070,-8.597055,-11.597055,-5.597055,informed,none,0.000000,0,0.000000,0.000000,0.000000,0.000000
19,-7.712395,-6.582657,-9.582657,-3.582657,price_sensitive_uninformed,none,0.000000,0,0.000000,0.000000,0.000000,0.000000
20,-7.111668,-8.270109,-11.270109,-5.270109,price_sensitive_uninformed,none,0.000000,0,0.000000,0.000000,0.000000,0.000000
21,-7.008175,-6.769657,-9.769657,-3.769657,price_sensitive_uninformed,none,0.000000,0,0.000000,0.000000,0.000000,0.000000
22,-6.533505,-6.095479,-9.095479,-3.095479,informed,none,0.000000,0,0.000000,0.000000,0.000000,0.000000
23,-5.434426,-6.568396,-9.568396,-3.568396,price_sensitive_uninformed,none,0.000000,0,0.000000,0.000000,0.000000,0.000000
24,-5.519342,-5.376889,-8.376889,-2.376889,price_sensitive_uninformed,none,0.000000,0,0.000000,0.000000,0.000000,0.000000
25,-5.864388,-6.113343,-9.113343,-3.113343,price_sensitive_uninformed,none,0.000000,0,0.000000,0.000000,0.000000,0.000000
26,-7.865481,-8.457420,-11.457420,-5.457420,informed,none,0.000000,0,0.000000,0.000000,0.000000,0.000000
27,-8.586435,-7.135840,-10.135840,-4.135840,informed,none,0.000000,0,0.000000,0.000000,0.000000,0.000000
28,-8.192139,-7.779675,-10.779675,-4.779675,price_sensitive_uninformed,none,0.000000,0,0.000000,0.000000,0.000000,0.000000
29,-9.112853,-10.640331,-13.640331,-7.640331,informed,none,0.000000,0,0.000000,0.000000,0.000000,0.000000
30,-9.012230,-9.398011,-12.398011,-6.398011,price_sensitive_uninformed,none,0.000000,0,0.000000,0.000000,0.000000,0.000000
31,-7.999679,-7.574385,-10.574385,-4.574385,informed,none,0.000000,0,0.000000,0.000000,0.000000,0.000000
32,-8.093432,-9.197553,-12.197553,-6.197553,price_sensitive_uninformed,none,0.000000,0,0.000000,0.000000,0.000000,0.000000
33,-7.274486,-10.228585,-13.228585,-7.228585,price_sensitive_uninformed,none,0.000000,0,0.000000,0.000000,0.000000,0.000000
34,-8.099545,-8.410447,-11.410447,-5.410447,informed,none,0.000000,0,0.000000,0.000000,0.000000,0.000000
35,-8.504579,-7.403647,-10.403647,-4.403647,price_sensitive_uninformed,none,0.000000,0,0.000000,0.000000,0.000000,0.000000
36,-8.069673,-8.706362,-11.706362,-5.706362,informed,none,0.000000,0,0.000000,0.000000,0.000000,0.000000
37,-8.745021,-9.741748,-12.741748,-6.741748,price_sensitive_uninformed,none,0.000000,0,0.000000,0.000000,0.000000,0.000000
38,-7.599519,-7.766449,-10.766449,-4.766449,informed,none,0.000000,0,0.000000,0.000000,0.000000,0.000000
39,-6.371636,-7.378343,-10.378343,-4.378343,price_sensitive_uninformed,none,0.000000,0,0.000000,0.000000,0.000000,0.000000
40,-6.275019,-5.677189,-8.677189,-2.677189,price_sensitive_uninformed,none,0.000000,0,0.000000,0.000000,0.000000,0.000000
41,-6.200161,-5.599006,-8.599006,-2.599006,informed,none,0.000000,0,0.000000,0.000000,0.000000,0.000000
42,-4.642632,-5.472060,-8.472060,-2.472060,informed,none,0.000000,0,0.000000,0.000000,0.000000,0.000000
43,-5.169039,-4.962829,-7.962829,-1.962829,informed,none,0.000000,0,0.000000,0.000000,0.000000,0.000000
44,-6.316027,-8.483821,-11.483821,-5.483821,price_sensitive_uninformed,none,0.000000,0,0.000000,0.000000,0.000000,0.000000
45,-7.293062,-6.265749,-9.265749,-3.265749,price_sensitive_uninformed,none,0.000000,0,0.000000,0.000000,0.000000,0.000000
46,-6.541484,-6.405538,-9.405538,-3.405538,price_sensitive_uninformed,none,0.000000,0,0.000000,0.000000,0.000000,0.000000
47,-6.824994,-8.008914,-11.008914,-5.008914,price_sensitive_uninformed,none,0.000000,0,0.000000,0.000000,0.000000,0.000000
48,-6.265987,-6.322350,-9.322350,-3.322350,informed,none,0.000000,0,0.000000,0.000000,0.000000,0.000000
49,-6.680696,-6.205338,-9.205338,-3.205338,informed,none,0.000000,0,0.000000,0.000000,0.000000,0.000000
50,-7.258361,-6.563827,-9.563827,-3.563827,informed,none,0.000000,0,0.000000,0.000000,0.000000,0.000000
51,-4.328268,-4.917802,-7.917802,-1.917802,price_sensitive_uninformed,none,0.000000,0,0.000000,0.000000,0.000000,0.000000
52,-4.881452,-5.283271,-8.283271,-2.283271,price_sensitive_uninformed,none,0.000000,0,0.000000,0.000000,0.000000,0.000000
53,-5.830058,-4.211255,-7.211255,-1.211255,informed,none,0.000000,0,0.000000,0.000000,0.000000,0.000000
54,-5.590031,-5.924332,-8.924332,-2.924332,informed,none,0.000000,0,0.000000,0.000000,0.000000,0.000000
55,-7.249359,-6.482825,-9.482825,-3.482825,price_sensitive_uninformed,none,0.000000,0,0.000000,0.000000,0.000000,0.000000
56,-7.273351,-9.132017,-12.132017,-6.132017,price_sensitive_uninformed,none,0.000000,0,0.000000,0.000000,0.000000,0.000000
57,-8.390103,-8.592417,-11.592417,-5.592417,price_sensitive_uninformed,none,0.000000,0,0.000000,0.000000,0.000000,0.000000
58,-6.926549,-6.921183,-9.921183,-3.921183,price_sensitive_uninformed,none,0.000000,0,0.000000,0.000000,0.000000,0.000000
59,-6.883855,-8.256101,-11.256101,-5.256101,informed,none,0.000000,0,0.000000,0.000000,0.000000,0.000000
60,-9.168452,-9.028618,-12.028618,-6.028618,informed,none,0.000000,0,0.000000,0.000000,0.000000,0.000000
61,-7.197934,-6.690258,-9.690258,-3.690258,price_sensitive_uninformed,none,0.000000,0,0.000000,0.000000,0.000000,0.000000
62,-6.228572,-5.858436,-8.858436,-2.858436,informed,none,0.000000,0,0.000000,0.000000,0.000000,0.000000
63,-7.588055,-7.027627,-10.027627,-4.027627,informed,none,0.000000,0,0.000000,0.000000,0.000000,0.000000
64,-6.574897,-9.425085,-12.425085,-6.425085,price_sensitive_uninformed,none,0.000000,0,0.000000,0.000000,0.000000,0.000000
65,-8.839437,-8.350895,-11.350895,-5.350895,informed,none,0.000000,0,0.000000,0.000000,0.000000,0.000000
66,-8.596980,-8.918731,-11.918731,-5.918731,price_sensitive_uninformed,none,0.000000,0,0.000000,0.000000,0.000000,0.000000
67,-7.906298,-7.888494,-10.888494,-4.888494,informed,none,0.000000,0,0.000000,0.000000,0.000000,0.000000
68,-9.680498,-9.905867,-12.905867,-6.905867,price_sensitive_uninformed,none,0.000000,0,0.000000,0.000000,0.000000,0.000000
69,-9.909248,-8.907383,-11.907383,-5.907383,price_sensitive_uninformed,buy_from_mm,-5.907383,-1,-5.907383,4.001865,0.010000,3.991865
70,-9.187478,-11.327692,-14.327692,-8.327692,price_sensitive_uninformed,none,0.000000,-1,-5.907383,3.280095,0.010000,3.270095
71,-8.920707,-9.044364,-12.044364,-6.044364,price_sensitive_uninformed,none,0.000000,-1,-5.907383,3.013324,0.010000,3.003324
72,-8.061762,-8.044890,-11.044890,-5.044890,informed,none,0.000000,-1,-5.907383,2.154378,0.010000,2.144378
73,-8.381105,-7.434695,-10.434695,-4.434695,informed,none,0.000000,-1,-5.907383,2.473721,0.010000,2.463721
74,-9.574768,-11.233227,-14.233227,-8.233227,price_sensitive_uninformed,none,0.000000,-1,-5.907383,3.667385,0.010000,3.657385
75,-10.649703,-12.874085,-15.874085,-9.874085,informed,none,0.000000,-1,-5.907383,4.742319,0.010000,4.732319
76,-12.030076,-12.998611,-15.998611,-9.998611,informed,none,0.000000,-1,-5.907383,6.122692,0.010000,6.112692
77,-13.951340,-16.042043,-19.042043,-13.042043,informed,none,0.000000,-1,-5.907383,8.043957,0.010000,8.033957
78,-14.153964,-14.239175,-17.239175,-11.239175,price_sensitive_uninformed,none,0.000000,-1,-5.907383,8.246581,0.010000,8.236581
79,-14.562758,-13.639401,-16.639401,-10.639401,price_sensitive_uninformed,none,0.000000,-1,-5.907383,8.655375,0.010000,8.645375
80,-13.415784,-11.374991,-14.374991,-8.374991,informed,none,0.000000,-1,-5.907383,7.508401,0.010000,7.498401
81,-14.824229,-13.492289,-16.492289,-10.492289,price_sensitive_uninformed,none,0.000000,-1,-5.907383,8.916845,0.010000,8.906845
82,-14.473490,-14.524950,-17.524950,-11.524950,price_sensitive_uninformed,none,0.000000,-1,-5.907383,8.566107,0.010000,8.556107
83,-12.469169,-13.114307,-16.114307,-10.114307,price_sensitive_uninformed,none,0.000000,-1,-5.907383,6.561786,0.010000,6.551786
84,-12.119772,-13.372232,-16.372232,-10.372232,informed,none,0.000000,-1,-5.907383,6.212389,0.010000,6.202389
85,-11.801571,-11.300450,-14.300450,-8.300450,price_sensitive_uninformed,none,0.000000,-1,-5.907383,5.894188,0.010000,5.884188
86,-11.124809,-10.983756,-13.983756,-7.983756,price_sensitive_uninformed,none,0.000000,-1,-5.907383,5.217426,0.010000,5.207426
87,-9.637735,-8.467808,-11.467808,-5.467808,price_sensitive_uninformed,none,0.000000,-1,-5.907383,3.730351,0.010000,3.720351
88,-8.566789,-8.564988,-11.564988,-5.564988,price_sensitive_uninformed,none,0.000000,-1,-5.907383,2.659406,0.010000,2.649406
89,-7.314225,-4.741228,-7.741228,-1.741228,informed,none,0.000000,-1,-5.907383,1.406841,0.010000,1.396841
90,-6.656296,-6.939549,-9.939549,-3.939549,price_sensitive_uninformed,none,0.000000,-1,-5.907383,0.748912,0.010000,0.738912
91,-4.998650,-4.779366,-7.779366,-1.779366,informed,none,0.000000,-1,-5.907383,-0.908734,0.010000,-0.918734
92,-3.192969,-2.020275,-5.020275,0.979725,informed,none,0.000000,-1,-5.907383,-2.714414,0.010000,-2.724414
93,-4.519898,-4.449389,-7.449389,-1.449389,price_sensitive_uninformed,none,0.000000,-1,-5.907383,-1.387486,0.010000,-1.397486
94,-4.475440,-2.943138,-5.943138,0.056862,informed,none,0.000000,-1,-5.907383,-1.431944,0.010000,-1.441944
95,-5.205966,-4.319324,-7.319324,-1.319324,price_sensitive_uninformed,none,0.000000,-1,-5.907383,-0.701418,0.010000,-0.711418
96,-4.498734,-3.159850,-6.159850,-0.159850,informed,none,0.000000,-1,-5.907383,-1.408649,0.010000,-1.418649
97,-6.372333,-6.887389,-9.887389,-3.887389,price_sensitive_uninformed,none,0.000000,-1,-5.907383,0.464950,0.010000,0.454950
98,-6.245336,-7.968082,-10.968082,-4.968082,price_sensitive_uninformed,none,0.000000,-1,-5.907383,0.337952,0.010000,0.327952
99,-6.771370,-6.508442,-9.508442,-3.508442,price_sensitive_uninformed,sell_to_mm,-9.508442,0,3.601058,3.601058,0.000000,3.601058
100,-4.996761,-4.707962,-7.707962,-1.707962,informed,none,0.000000,0,3.601058,3.601058,0.000000,3.601058
101,-6.478514,-6.186742,-9.186742,-3.186742,price_sensitive_uninformed,none,0.000000,0,3.601058,3.601058,0.000000,3.601058
102,-5.988836,-5.411244,-8.411244,-2.411244,informed,none,0.000000,0,3.601058,3.601058,0.000000,3.601058
103,-6.485204,-5.864116,-8.864116,-2.864116,informed,none,0.000000,0,3.601058,3.601058,0.000000,3.601058
104,-7.197928,-6.240350,-9.240350,-3.240350,informed,none,0.000000,0,3.601058,3.601058,0.000000,3.601058
105,-7.210602,-5.693385,-8.693385,-2.693385,informed,none,0.000000,0,3.601058,3.601058,0.000000,3.601058
106,-9.087806,-8.841911,-11.841911,-5.841911,price_sensitive_uninformed,none,0.000000,0,3.601058,3.601058,0.000000,3.601058
107,-9.098396,-9.055176,-12.055176,-6.055176,informed,none,0.000000,0,3.601058,3.601058,0.000000,3.601058
108,-8.585777,-7.715117,-10.715117,-4.715117,informed,none,0.000000,0,3.601058,3.601058,0.000000,3.601058
109,-9.281047,-9.771245,-12.771245,-6.771245,price_sensitive_uninformed,none,0.000000,0,3.601058,3.601058,0.000000,3.601058
110,-10.111017,-10.611892,-13.611892,-7.611892,informed,none,0.000000,0,3.601058,3.601058,0.000000,3.601058
111,-9.409041,-11.182997,-14.182997,-8.182997,price_sensitive_uninformed,none,0.000000,0,3.601058,3.601058,0.000000,3.601058
112,-11.026328,-10.870138,-13.870138,-7.870138,informed,none,0.000000,0,3.601058,3.601058,0.000000,3.601058
113,-9.794673,-8.348723,-11.348723,-5.348723,price_sensitive_uninformed,none,0.000000,0,3.601058,3.601058,0.000000,3.601058
114,-10.146555,-9.469137,-12.469137,-6.469137,price_sensitive_uninformed,none,0.000000,0,3.601058,3.601058,0.000000,3.601058
115,-11.250352,-12.754665,-15.754665,-9.754665,price_sensitive_uninformed,none,0.000000,0,3.601058,3.601058,0.000000,3.601058
116,-10.808390,-10.757515,-13.757515,-7.757515,price_sensitive_uninformed,none,0.000000,0,3.601058,3.601058,0.000000,3.601058
117,-10.853219,-11.158470,-14.158470,-8.158470,price_sensitive_uninformed,none,0.000000,0,3.601058,3.601058,0.000000,3.601058
118,-12.085071,-11.308366,-14.308366,-8.308366,price_sensitive_uninformed,none,0.000000,0,3.601058,3.601058,0.000000,3.601058
119,-11.664938,-9.594022,-12.594022,-6.594022,price_sensitive_uninformed,none,0.000000,0,3.601058,3.601058,0.000000,3.601058
120,-11.913400,-11.716949,-14.716949,-8.716949,informed,none,0.000000,0,3.601058,3.601058,0.000000,3.601058
121,-10.724448,-10.650758,-13.650758,-7.650758,price_sensitive_uninformed,none,0.000000,0,3.601058,3.601058,0.000000,3.601058
122,-11.130791,-13.274895,-16.274895,-10.274895,price_sensitive_uninformed,none,0.000000,0,3.601058,3.601058,0.000000,3.601058
123,-10.466115,-11.298858,-14.298858,-8.298858,informed,none,0.000000,0,3.601058,3.601058,0.000000,3.601058
124,-10.668930,-10.486422,-13.486422,-7.486422,price_sensitive_uninformed,none,0.000000,0,3.601058,3.601058,0.000000,3.601058
125,-10.495380,-9.599614,-12.599614,-6.599614,price_sensitive_uninformed,none,0.000000,0,3.601058,3.601058,0.000000,3.601058
126,-10.537938,-8.721497,-11.721497,-5.721497,price_sensitive_uninformed,none,0.000000,0,3.601058,3.601058,0.000000,3.601058
127,-11.437973,-10.692030,-13.692030,-7.692030,informed,none,0.000000,0,3.601058,3.601058,0.000000,3.601058
128,-10.391904,-8.690055,-11.690055,-5.690055,informed,none,0.000000,0,3.601058,3.601058,0.000000,3.601058
129,-9.616129,-11.085681,-14.085681,-8.085681,informed,none,0.000000,0,3.601058,3.601058,0.000000,3.601058
130,-8.451794,-9.057421,-12.057421,-6.057421,price_sensitive_uninformed,none,0.000000,0,3.601058,3.601058,0.000000,3.601058
131,-5.533083,-4.462645,-7.462645,-1.462645,informed,none,0.000000,0,3.601058,3.601058,0.000000,3.601058
132,-5.418228,-5.883078,-8.883078,-2.883078,informed,none,0.000000,0,3.601058,3.601058,0.000000,3.601058
133,-5.385641,-7.117894,-10.117894,-4.117894,informed,none,0.000000,0,3.601058,3.601058,0.000000,3.601058
134,-5.685991,-8.604384,-11.604384,-5.604384,informed,none,0.000000,0,3.601058,3.601058,0.000000,3.601058
135,-6.206462,-5.762751,-8.762751,-2.762751,price_sensitive_uninformed,none,0.000000,0,3.601058,3.601058,0.000000,3.601058
136,-6.698344,-6.087788,-9.087788,-3.087788,price_sensitive_uninformed,none,0.000000,0,3.601058,3.601058,0.000000,3.601058
137,-7.509266,-8.317802,-11.317802,-5.317802,price_sensitive_uninformed,none,0.000000,0,3.601058,3.601058,0.000000,3.601058
138,-6.986795,-7.781223,-10.781223,-4.781223,price_sensitive_uninformed,sell_to_mm,-10.781223,1,14.382281,7.395486,0.010000,7.385486
139,-6.959072,-7.942489,-10.942489,-4.942489,price_sensitive_uninformed,none,0.000000,1,14.382281,7.423209,0.010000,7.413209
140,-8.186961,-6.999866,-9.999866,-3.999866,price_sensitive_uninformed,none,0.000000,1,14.382281,6.195321,0.010000,6.185321
141,-7.661819,-6.347437,-9.347437,-3.347437,price_sensitive_uninformed,none,0.000000,1,14.382281,6.720462,0.010000,6.710462
142,-5.945186,-6.080036,-9.080036,-3.080036,informed,none,0.000000,1,14.382281,8.437095,0.010000,8.427095
143,-5.152125,-5.181193,-8.181193,-2.181193,price_sensitive_uninformed,none,0.000000,1,14.382281,9.230156,0.010000,9.220156
144,-5.915407,-5.744309,-8.744309,-2.744309,informed,none,0.000000,1,14.382281,8.466874,0.010000,8.456874
145,-5.826574,-7.045565,-10.045565,-4.045565,informed,none,0.000000,1,14.382281,8.555707,0.010000,8.545707
146,-7.772611,-6.958132,-9.958132,-3.958132,price_sensitive_uninformed,none,0.000000,1,14.382281,6.609670,0.010000,6.599670
147,-7.698644,-6.764903,-9.764903,-3.764903,informed,none,0.000000,1,14.382281,6.683638,0.010000,6.673638
148,-8.165428,-6.468137,-9.468137,-3.468137,price_sensitive_uninformed,none,0.000000,1,14.382281,6.216853,0.010000,6.206853
149,-7.351040,-7.197830,-10.197830,-4.197830,price_sensitive_uninformed,none,0.000000,1,14.382281,7.031241,0.010000,7.021241
150,-6.293570,-5.215884,-8.215884,-2.215884,informed,none,0.000000,1,14.382281,8.088711,0.010000,8.078711
151,-6.667560,-5.339623,-8.339623,-2.339623,informed,none,0.000000,1,14.382281,7.714721,0.010000,7.704721
152,-6.952352,-7.773752,-10.773752,-4.773752,informed,none,0.000000,1,14.382281,7.429929,0.010000,7.419929
153,-6.951344,-7.722017,-10.722017,-4.722017,informed,none,0.000000,1,14.382281,7.430937,0.010000,7.420937
154,-6.751679,-6.908011,-9.908011,-3.908011,informed,none,0.000000,1,14.382281,7.630602,0.010000,7.620602
155,-7.622152,-7.853489,-10.853489,-4.853489,informed,none,0.000000,1,14.382281,6.760129,0.010000,6.750129
156,-8.185244,-8.202995,-11.202995,-5.202995,price_sensitive_uninformed,none,0.000000,1,14.382281,6.197037,0.010000,6.187037
157,-10.196203,-10.413582,-13.413582,-7.413582,price_sensitive_uninformed,none,0.000000,1,14.382281,4.186079,0.010000,4.176079
158,-7.897600,-7.080834,-10.080834,-4.080834,price_sensitive_uninformed,none,0.000000,1,14.382281,6.484681,0.010000,6.474681
159,-7.045236,-8.228477,-11.228477,-5.228477,price_sensitive_uninformed,none,0.000000,1,14.382281,7.337045,0.010000,7.327045
160,-7.082419,-8.754553,-11.754553,-5.754553,price_sensitive_uninformed,none,0.000000,1,14.382281,7.299862,0.010000,7.289862
161,-7.622809,-8.387960,-11.387960,-5.387960,price_sensitive_uninformed,buy_from_mm,-5.387960,0,8.994322,8.994322,0.000000,8.994322
162,-8.850203,-8.635255,-11.635255,-5.635255,price_sensitive_uninformed,none,0.000000,0,8.994322,8.994322,0.000000,8.994322
163,-10.397569,-11.317054,-14.317054,-8.317054,informed,none,0.000000,0,8.994322,8.994322,0.000000,8.994322
164,-11.788325,-11.616470,-14.616470,-8.616470,informed,none,0.000000,0,8.994322,8.994322,0.000000,8.994322
165,-11.446274,-12.474880,-15.474880,-9.474880,price_sensitive_uninformed,none,0.000000,0,8.994322,8.994322,0.000000,8.994322
166,-11.698966,-10.272655,-13.272655,-7.272655,price_sensitive_uninformed,none,0.000000,0,8.994322,8.994322,0.000000,8.994322
167,-12.466664,-13.985510,-16.985510,-10.985510,price_sensitive_uninformed,none,0.000000,0,8.994322,8.994322,0.000000,8.994322
168,-12.743965,-11.577985,-14.577985,-8.577985,price_sensitive_uninformed,none,0.000000,0,8.994322,8.994322,0.000000,8.994322
169,-13.446306,-14.103063,-17.103063,-11.103063,price_sensitive_uninformed,none,0.000000,0,8.994322,8.994322,0.000000,8.994322
170,-12.690502,-13.776604,-16.776604,-10.776604,price_sensitive_uninformed,none,0.000000,0,8.994322,8.994322,0.000000,8.994322
171,-12.882428,-12.844471,-15.844471,-9.844471,price_sensitive_uninformed,none,0.000000,0,8.994322,8.994322,0.000000,8.994322
172,-12.999354,-12.663465,-15.663465,-9.663465,price_sensitive_uninformed,none,0.000000,0,8.994322,8.994322,0.000000,8.994322
173,-12.653018,-13.848256,-16.848256,-10.848256,price_sensitive_uninformed,none,0.000000,0,8.994322,8.994322,0.000000,8.994322
174,-12.931703,-12.555278,-15.555278,-9.555278,price_sensitive_uninformed,none,0.000000,0,8.994322,8.994322,0.000000,8.994322
175,-13.820795,-14.210609,-17.210609,-11.210609,informed,none,0.000000,0,8.994322,8.994322,0.000000,8.994322
176,-15.242382,-17.901156,-20.901156,-14.901156,informed,none,0.000000,0,8.994322,8.994322,0.000000,8.994322
177,-16.586896,-16.055107,-19.055107,-13.055107,informed,none,0.000000,0,8.994322,8.994322,0.000000,8.994322
178,-15.789308,-15.318333,-18.318333,-12.318333,price_sensitive_uninformed,none,0.000000,0,8.994322,8.994322,0.000000,8.994322
179,-14.688510,-14.176199,-17.176199,-11.176199,price_sensitive_uninformed,none,0.000000,0,8.994322,8.994322,0.000000,8.994322
180,-14.081784,-16.199805,-19.199805,-13.199805,price_sensitive_uninformed,none,0.000000,0,8.994322,8.994322,0.000000,8.994322
181,-12.987838,-13.513396,-16.513396,-10.513396,price_sensitive_uninformed,none,0.000000,0,8.994322,8.994322,0.000000,8.994322
182,-12.667731,-11.999167,-14.999167,-8.999167,price_sensitive_uninformed,none,0.000000,0,8.994322,8.994322,0.000000,8.994322
183,-14.120032,-14.413746,-17.413746,-11.413746,price_sensitive_uninformed,none,0.000000,0,8.994322,8.994322,0.000000,8.994322
184,-13.913668,-15.973337,-18.973337,-12.973337,informed,none,0.000000,0,8.994322,8.994322,0.000000,8.994322
185,-14.396201,-15.455526,-18.455526,-12.455526,informed,none,0.000000,0,8.994322,8.994322,0.000000,8.994322
186,-14.738699,-14.561813,-17.561813,-11.561813,informed,none,0.000000,0,8.994322,8.994322,0.000000,8.994322
187,-13.419796,-13.796320,-16.796320,-10.796320,informed,none,0.000000,0,8.994322,8.994322,0.000000,8.994322
188,-12.368766,-11.622095,-14.622095,-8.622095,informed,none,0.000000,0,8.994322,8.994322,0.000000,8.994322
189,-12.630799,-11.060010,-14.060010,-8.060010,price_sensitive_uninformed,none,0.000000,0,8.994322,8.994322,0.000000,8.994322
190,-10.762998,-11.437509,-14.437509,-8.437509,price_sensitive_uninformed,none,0.000000,0,8.994322,8.994322,0.000000,8.994322
191,-11.019958,-10.380864,-13.380864,-7.380864,price_sensitive_uninformed,none,0.000000,0,8.994322,8.994322,0.000000,8.994322
192,-10.299336,-11.541994,-14.541994,-8.541994,informed,none,0.000000,0,8.994322,8.994322,0.000000,8.994322
193,-8.808500,-8.684186,-11.684186,-5.684186,price_sensitive_uninformed,none,0.000000,0,8.994322,8.994322,0.000000,8.994322
194,-9.571402,-10.548477,-13.548477,-7.548477,informed,none,0.000000,0,8.994322,8.994322,0.000000,8.994322
195,-9.401101,-7.816267,-10.816267,-4.816267,price_sensitive_uninformed,none,0.000000,0,8.994322,8.994322,0.000000,8.994322
196,-11.717632,-9.999659,-12.999659,-6.999659,informed,none,0.000000,0,8.994322,8.994322,0.000000,8.994322
197,-11.925464,-12.216746,-15.216746,-9.216746,informed,none,0.000000,0,8.994322,8.994322,0.000000,8.994322
198,-12.279077,-12.569794,-15.569794,-9.569794,informed,none,0.000000,0,8.994322,8.994322,0.000000,8.994322
199,-11.478066,-11.516661,-14.516661,-8.516661,price_sensitive_uninformed,none,0.000000,0,8.994322,8.994322,0.000000,8.994322
200,-12.181998,-12.919812,-15.919812,-9.919812,informed,none,0.000000,0,8.994322,8.994322,0.000000,8.994322
201,-11.754889,-13.465455,-16.465455,-10.465455,informed,none,0.000000,0,8.994322,8.994322,0.000000,8.994322
202,-12.314747,-13.727757,-16.727757,-10.727757,price_sensitive_uninformed,none,0.000000,0,8.994322,8.994322,0.000000,8.994322
203,-12.127013,-13.059941,-16.059941,-10.059941,price_sensitive_uninformed,none,0.000000,0,8.994322,8.994322,0.000000,8.994322
204,-11.550612,-10.228103,-13.228103,-7.228103,informed,none,0.000000,0,8.994322,8.994322,0.000000,8.994322
205,-11.250213,-10.794818,-13.794818,-7.794818,price_sensitive_uninformed,none,0.000000,0,8.994322,8.994322,0.000000,8.994322
206,-9.564294,-9.343953,-12.343953,-6.343953,price_sensitive_uninformed,none,0.000000,0,8.994322,8.994322,0.000000,8.994322
207,-9.694879,-10.176485,-13.176485,-7.176485,price_sensitive_uninformed,none,0.000000,0,8.994322,8.994322,0.000000,8.994322
208,-10.944469,-10.352315,-13.352315,-7.352315,informed,none,0.000000,0,8.994322,8.994322,0.000000,8.994322
209,-10.807293,-12.654311,-15.654311,-9.654311,price_sensitive_uninformed,none,0.000000,0,8.994322,8.994322,0.000000,8.994322
210,-10.907673,-13.377967,-16.377967,-10.377967,price_sensitive_uninformed,none,0.000000,0,8.994322,8.994322,0.000000,8.994322
211,-9.375584,-8.825127,-11.825127,-5.825127,price_sensitive_uninformed,none,0.000000,0,8.994322,8.994322,0.000000,8.994322
212,-11.621688,-12.085283,-15.085283,-9.085283,price_sensitive_uninformed,none,0.000000,0,8.994322,8.994322,0.000000,8.994322
213,-11.731073,-14.188911,-17.188911,-11.188911,informed,none,0.000000,0,8.994322,8.994322,0.000000,8.994322
214,-12.059297,-11.764733,-14.764733,-8.764733,price_sensitive_uninformed,none,0.000000,0,8.994322,8.994322,0.000000,8.994322
215,-12.668552,-12.967210,-15.967210,-9.967210,price_sensitive_uninformed,none,0.000000,0,8.994322,8.994322,0.000000,8.994322
216,-12.025129,-11.993365,-14.993365,-8.993365,informed,none,0.000000,0,8.994322,8.994322,0.000000,8.994322
217,-10.994035,-9.491410,-12.491410,-6.491410,informed,none,0.000000,0,8.994322,8.994322,0.000000,8.994322
218,-12.188584,-14.053499,-17.053499,-11.053499,price_sensitive_uninformed,none,0.000000,0,8.994322,8.994322,0.000000,8.994322
219,-12.383957,-10.997862,-13.997862,-7.997862,informed,none,0.000000,0,8.994322,8.994322,0.000000,8.994322
220,-10.241379,-8.388222,-11.388222,-5.388222,informed,none,0.000000,0,8.994322,8.994322,0.000000,8.994322
221,-10.122419,-8.797933,-11.797933,-5.797933,informed,none,0.000000,0,8.994322,8.994322,0.000000,8.994322
222,-11.219853,-12.420447,-15.420447,-9.420447,price_sensitive_uninformed,none,0.000000,0,8.994322,8.994322,0.000000,8.994322
223,-10.329487,-9.876087,-12.876087,-6.876087,informed,none,0.000000,0,8.994322,8.994322,0.000000,8.994322
224,-10.759157,-9.436148,-12.436148,-6.436148,price_sensitive_uninformed,none,0.000000,0,8.994322,8.994322,0.000000,8.994322
225,-11.674610,-10.649543,-13.649543,-7.649543,price_sensitive_uninformed,none,0.000000,0,8.994322,8.994322,0.000000,8.994322
226,-9.769668,-9.812754,-12.812754,-6.812754,price_sensitive_uninformed,none,0.000000,0,8.994322,8.994322,0.000000,8.994322
227,-10.324787,-9.706788,-12.706788,-6.706788,informed,none,0.000000,0,8.994322,8.994322,0.000000,8.994322
228,-10.435940,-11.319000,-14.319000,-8.319000,price_sensitive_uninformed,none,0.000000,0,8.994322,8.994322,0.000000,8.994322
229,-9.194302,-10.145932,-13.145932,-7.145932,informed,none,0.000000,0,8.994322,8.994322,0.000000,8.994322
230,-9.177438,-9.743820,-12.743820,-6.743820,informed,none,0.000000,0,8.994322,8.994322,0.000000,8.994322
231,-9.972837,-10.570901,-13.570901,-7.570901,informed,none,0.000000,0,8.994322,8.994322,0.000000,8.994322
232,-9.683249,-10.732365,-13.732365,-7.732365,informed,none,0.000000,0,8.994322,8.994322,0.000000,8.994322
233,-8.896611,-8.801854,-11.801854,-5.801854,informed,none,0.000000,0,8.994322,8.994322,0.000000,8.994322
234,-8.974621,-9.699215,-12.699215,-6.699215,price_sensitive_uninformed,none,0.000000,0,8.994322,8.994322,0.000000,8.994322
235,-7.322741,-6.891963,-9.891963,-3.891963,price_sensitive_uninformed,none,0.000000,0,8.994322,8.994322,0.000000,8.994322
236,-6.402034,-5.373182,-8.373182,-2.373182,price_sensitive_uninformed,none,0.000000,0,8.994322,8.994322,0.000000,8.994322
237,-7.229205,-6.211973,-9.211973,-3.211973,informed,none,0.000000,0,8.994322,8.994322,0.000000,8.994322
238,-6.890843,-5.793411,-8.793411,-2.793411,informed,none,0.000000,0,8.994322,8.994322,0.000000,8.994322
239,-6.813896,-7.384237,-10.384237,-4.384237,price_sensitive_uninformed,none,0.000000,0,8.994322,8.994322,0.000000,8.994322
240,-7.880251,-7.068166,-10.068166,-4.068166,price_sensitive_uninformed,none,0.000000,0,8.994322,8.994322,0.000000,8.994322
241,-8.149680,-9.266281,-12.266281,-6.266281,informed,none,0.000000,0,8.994322,8.994322,0.000000,8.994322
242,-8.344170,-8.515429,-11.515429,-5.515429,price_sensitive_uninformed,none,0.000000,0,8.994322,8.994322,0.000000,8.994322
243,-9.444192,-9.005699,-12.005699,-6.005699,price_sensitive_uninformed,none,0.000000,0,8.994322,8.994322,0.000000,8.994322
244,-9.791176,-11.416705,-14.416705,-8.416705,informed,none,0.000000,0,8.994322,8.994322,0.000000,8.994322
245,-7.650996,-7.118794,-10.118794,-4.118794,price_sensitive_uninformed,none,0.000000,0,8.994322,8.994322,0.000000,8.994322
246,-7.331408,-8.041436,-11.041436,-5.041436,informed,none,0.000000,0,8.994322,8.994322,0.000000,8.994322
247,-7.271129,-8.468607,-11.468607,-5.468607,informed,none,0.000000,0,8.994322,8.994322,0.000000,8.994322
248,-6.657220,-6.241921,-9.241921,-3.241921,price_sensitive_uninformed,none,0.000000,0,8.994322,8.994322,0.000000,8.994322
249,-5.025103,-5.060721,-8.060721,-2.060721,informed,none,0.000000,0,8.994322,8.994322,0.000000,8.994322
250,-4.221020,-4.991176,-7.991176,-1.991176,price_sensitive_uninformed,none,0.000000,0,8.994322,8.994322,0.000000,8.994322
251,-3.308186,-2.298461,-5.298461,0.701539,informed,none,0.000000,0,8.994322,8.994322,0.000000,8.994322
252,-3.787667,-5.524426,-8.524426,-2.524426,price_sensitive_uninformed,none,0.000000,0,8.994322,8.994322,0.000000,8.994322
253,-4.348820,-3.004107,-6.004107,-0.004107,price_sensitive_uninformed,none,0.000000,0,8.994322,8.994322,0.000000,8.994322
254,-4.763000,-3.645054,-6.645054,-0.645054,price_sensitive_uninformed,none,0.000000,0,8.994322,8.994322,0.000000,8.994322
255,-2.338215,-3.309155,-6.309155,-0.309155,informed,none,0.000000,0,8.994322,8.994322,0.000000,8.994322
256,-2.822122,-2.458527,-5.458527,0.541473,price_sensitive_uninformed,none,0.000000,0,8.994322,8.994322,0.000000,8.994322
257,-2.826532,-4.861006,-7.861006,-1.861006,price_sensitive_uninformed,none,0.000000,0,8.994322,8.994322,0.000000,8.994322
258,-3.812909,-4.122494,-7.122494,-1.122494,informed,none,0.000000,0,8.994322,8.994322,0.000000,8.994322
259,-3.467340,-1.501260,-4.501260,1.498740,price_sensitive_uninformed,none,0.000000,0,8.994322,8.994322,0.000000,8.994322
260,-2.722477,-1.738169,-4.738169,1.261831,price_sensitive_uninformed,none,0.000000,0,8.994322,8.994322,0.000000,8.994322
261,-2.492520,-3.975880,-6.975880,-0.975880,price_sensitive_uninformed,none,0.000000,0,8.994322,8.994322,0.000000,8.994322
262,-1.395457,-0.645748,-3.645748,2.354252,informed,none,0.000000,0,8.994322,8.994322,0.000000,8.994322
263,-1.103766,-0.358125,-3.358125,2.641875,informed,none,0.000000,0,8.994322,8.994322,0.000000,8.994322
264,-0.709273,-1.175550,-4.175550,1.824450,price_sensitive_uninformed,none,0.000000,0,8.994322,8.994322,0.000000,8.994322
265,0.461431,-0.248112,-3.248112,2.751888,price_sensitive_uninformed,none,0.000000,0,8.994322,8.994322,0.000000,8.994322
266,-2.014717,-1.595681,-4.595681,1.404319,price_sensitive_uninformed,none,0.000000,0,8.994322,8.994322,0.000000,8.994322
267,-1.199339,-0.532696,-3.532696,2.467304,price_sensitive_uninformed,none,0.000000,0,8.994322,8.994322,0.000000,8.994322
268,-0.993810,0.122666,-2.877334,3.122666,informed,none,0.000000,0,8.994322,8.994322,0.000000,8.994322
269,0.189482,0.919553,-2.080447,3.919553,informed,none,0.000000,0,8.994322,8.994322,0.000000,8.994322
270,-0.093277,0.209407,-2.790593,3.209407,price_sensitive_uninformed,none,0.000000,0,8.994322,8.994322,0.000000,8.994322
271,0.424402,0.429803,-2.570197,3.429803,price_sensitive_uninformed,none,0.000000,0,8.994322,8.994322,0.000000,8.994322
272,-0.023812,-0.228041,-3.228041,2.771959,informed,none,0.000000,0,8.994322,8.994322,0.000000,8.994322
273,0.439561,2.361026,-0.638974,5.361026,informed,none,0.000000,0,8.994322,8.994322,0.000000,8.994322
274,0.344874,-1.412669,-4.412669,1.587331,price_sensitive_uninformed,none,0.000000,0,8.994322,8.994322,0.000000,8.994322
275,0.827490,-0.602509,-3.602509,2.397491,informed,none,0.000000,0,8.994322,8.994322,0.000000,8.994322
276,2.143479,2.063344,-0.936656,5.063344,informed,none,0.000000,0,8.994322,8.994322,0.000000,8.994322
277,2.087078,1.071854,-1.928146,4.071854,informed,none,0.000000,0,8.994322,8.994322,0.000000,8.994322
278,1.181591,0.535571,-2.464429,3.535571,price_sensitive_uninformed,none,0.000000,0,8.994322,8.994322,0.000000,8.994322
279,0.667848,1.187829,-1.812171,4.187829,informed,none,0.000000,0,8.994322,8.994322,0.000000,8.994322
280,0.373826,0.875981,-2.124019,3.875981,price_sensitive_uninformed,none,0.000000,0,8.994322,8.994322,0.000000,8.994322
281,1.427890,1.682958,-1.317042,4.682958,price_sensitive_uninformed,none,0.000000,0,8.994322,8.994322,0.000000,8.994322
282,3.781113,3.750692,0.750692,6.750692,price_sensitive_uninformed,none,0.000000,0,8.994322,8.994322,0.000000,8.994322
283,3.914197,2.205509,-0.794491,5.205509,price_sensitive_uninformed,none,0.000000,0,8.994322,8.994322,0.000000,8.994322
284,4.700775,5.854537,2.854537,8.854537,price_sensitive_uninformed,none,0.000000,0,8.994322,8.994322,0.000000,8.994322
285,4.683370,4.436112,1.436112,7.436112,price_sensitive_uninformed,none,0.000000,0,8.994322,8.994322,0.000000,8.994322
286,6.263707,5.324180,2.324180,8.324180,price_sensitive_uninformed,none,0.000000,0,8.994322,8.994322,0.000000,8.994322
287,5.880046,4.853622,1.853622,7.853622,informed,none,0.000000,0,8.994322,8.994322,0.000000,8.994322
288,6.421267,7.314949,4.314949,10.314949,price_sensitive_uninformed,none,0.000000,0,8.994322,8.994322,0.000000,8.994322
289,6.684731,7.737079,4.737079,10.737079,informed,none,0.000000,0,8.994322,8.994322,0.000000,8.994322
290,8.377536,9.494560,6.494560,12.494560,price_sensitive_uninformed,none,0.000000,0,8.994322,8.994322,0.000000,8.994322
291,7.279086,8.610822,5.610822,11.610822,price_sensitive_uninformed,none,0.000000,0,8.994322,8.994322,0.000000,8.994322
292,8.324105,8.919824,5.919824,11.919824,informed,none,0.000000,0,8.994322,8.994322,0.000000,8.994322
293,5.967166,6.142760,3.142760,9.142760,price_sensitive_uninformed,none,0.000000,0,8.994322,8.994322,0.000000,8.994322
294,5.111712,4.790464,1.790464,7.790464,price_sensitive_uninformed,buy_from_mm,7.790464,-1,16.784786,11.673073,0.010000,11.663073
295,6.341363,6.251920,3.251920,9.251920,price_sensitive_uninformed,none,0.000000,-1,16.784786,10.443422,0.010000,10.433422
296,8.836252,9.063231,6.063231,12.063231,price_sensitive_uninformed,none,0.000000,-1,16.784786,7.948534,0.010000,7.938534
297,7.126519,6.045771,3.045771,9.045771,informed,none,0.000000,-1,16.784786,9.658267,0.010000,9.648267
298,7.607345,6.197699,3.197699,9.197699,price_sensitive_uninformed,none,0.000000,-1,16.784786,9.177441,0.010000,9.167441
299,8.030858,8.600551,5.600551,11.600551,price_sensitive_uninformed,none,0.000000,-1,16.784786,8.753928,0.010000,8.743928
300,8.204434,7.494472,4.494472,10.494472,informed,none,0.000000,-1,16.784786,8.580352,0.010000,8.570352
301,7.992848,7.748410,4.748410,10.748410,price_sensitive_uninformed,none,0.000000,-1,16.784786,8.791938,0.010000,8.781938
302,8.870624,8.840878,5.840878,11.840878,informed,none,0.000000,-1,16.784786,7.914161,0.010000,7.904161
303,10.413597,9.819943,6.819943,12.819943,informed,none,0.000000,-1,16.784786,6.371189,0.010000,6.361189
304,10.038399,11.578856,8.578856,14.578856,price_sensitive_uninformed,none,0.000000,-1,16.784786,6.746387,0.010000,6.736387
305,8.888025,7.555181,4.555181,10.555181,informed,none,0.000000,-1,16.784786,7.896761,0.010000,7.886761
306,8.774597,9.737979,6.737979,12.737979,informed,none,0.000000,-1,16.784786,8.010189,0.010000,8.000189
307,10.549238,12.369164,9.369164,15.369164,price_sensitive_uninformed,none,0.000000,-1,16.784786,6.235548,0.010000,6.225548
308,11.986910,11.543395,8.543395,14.543395,informed,none,0.000000,-1,16.784786,4.797875,0.010000,4.787875
309,11.108707,8.316090,5.316090,11.316090,informed,none,0.000000,-1,16.784786,5.676079,0.010000,5.666079
310,11.334537,11.821384,8.821384,14.821384,informed,none,0.000000,-1,16.784786,5.450249,0.010000,5.440249
311,12.113661,11.584082,8.584082,14.584082,informed,none,0.000000,-1,16.784786,4.671124,0.010000,4.661124
312,10.928403,14.180480,11.180480,17.180480,informed,sell_to_mm,11.180480,0,5.604306,5.604306,0.000000,5.604306
313,10.725725,11.457961,8.457961,14.457961,informed,none,0.000000,0,5.604306,5.604306,0.000000,5.604306
314,10.702694,10.399134,7.399134,13.399134,price_sensitive_uninformed,none,0.000000,0,5.604306,5.604306,0.000000,5.604306
315,11.525083,12.447155,9.447155,15.447155,price_sensitive_uninformed,none,0.000000,0,5.604306,5.604306,0.000000,5.604306
316,10.559164,10.616669,7.616669,13.616669,price_sensitive_uninformed,none,0.000000,0,5.604306,5.604306,0.000000,5.604306
317,8.697701,10.721585,7.721585,13.721585,informed,none,0.000000,0,5.604306,5.604306,0.000000,5.604306
318,7.941814,8.299741,5.299741,11.299741,informed,none,0.000000,0,5.604306,5.604306,0.000000,5.604306
319,8.348641,8.223257,5.223257,11.223257,price_sensitive_uninformed,none,0.000000,0,5.604306,5.604306,0.000000,5.604306
320,9.166328,10.182999,7.182999,13.182999,price_sensitive_uninformed,none,0.000000,0,5.604306,5.604306,0.000000,5.604306
321,9.647941,9.619004,6.619004,12.619004,price_sensitive_uninformed,none,0.000000,0,5.604306,5.604306,0.000000,5.604306
322,8.843777,7.192151,4.192151,10.192151,price_sensitive_uninformed,none,0.000000,0,5.604306,5.604306,0.000000,5.604306
323,8.725328,8.683605,5.683605,11.683605,price_sensitive_uninformed,none,0.000000,0,5.604306,5.604306,0.000000,5.604306
324,8.774380,10.233461,7.233461,13.233461,price_sensitive_uninformed,none,0.000000,0,5.604306,5.604306,0.000000,5.604306
325,10.463657,10.381087,7.381087,13.381087,price_sensitive_uninformed,none,0.000000,0,5.604306,5.604306,0.000000,5.604306
326,9.568455,10.624216,7.624216,13.624216,informed,none,0.000000,0,5.604306,5.604306,0.000000,5.604306
327,10.286137,10.549629,7.549629,13.549629,price_sensitive_uninformed,none,0.000000,0,5.604306,5.604306,0.000000,5.604306
328,10.427473,10.847909,7.847909,13.847909,price_sensitive_uninformed,none,0.000000,0,5.604306,5.604306,0.000000,5.604306
329,10.959709,9.857788,6.857788,12.857788,informed,none,0.000000,0,5.604306,5.604306,0.000000,5.604306
330,10.301695,9.465326,6.465326,12.465326,informed,none,0.000000,0,5.604306,5.604306,0.000000,5.604306
331,9.821688,10.980508,7.980508,13.980508,informed,none,0.000000,0,5.604306,5.604306,0.000000,5.604306
332,9.387792,10.271652,7.271652,13.271652,informed,none,0.000000,0,5.604306,5.604306,0.000000,5.604306
333,10.189313,10.449685,7.449685,13.449685,informed,none,0.000000,0,5.604306,5.604306,0.000000,5.604306
334,12.682157,11.659774,8.659774,14.659774,informed,none,0.000000,0,5.604306,5.604306,0.000000,5.604306
335,14.831790,14.409135,11.409135,17.409135,informed,none,0.000000,0,5.604306,5.604306,0.000000,5.604306
336,14.718143,15.749364,12.749364,18.749364,informed,none,0.000000,0,5.604306,5.604306,0.000000,5.604306
337,14.227632,14.922195,11.922195,17.922195,price_sensitive_uninformed,none,0.000000,0,5.604306,5.604306,0.000000,5.604306
338,16.067884,15.370877,12.370877,18.370877,informed,none,0.000000,0,5.604306,5.604306,0.000000,5.604306
339,16.872504,17.273189,14.273189,20.273189,price_sensitive_uninformed,none,0.000000,0,5.604306,5.604306,0.000000,5.604306
340,17.831121,15.568225,12.568225,18.568225,informed,none,0.000000,0,5.604306,5.604306,0.000000,5.604306
341,17.949610,17.232343,14.232343,20.232343,price_sensitive_uninformed,none,0.000000,0,5.604306,5.604306,0.000000,5.604306
342,16.605402,15.734400,12.734400,18.734400,price_sensitive_uninformed,buy_from_mm,18.734400,-1,24.338706,7.733304,0.010000,7.723304
343,15.891317,17.902430,14.902430,20.902430,price_sensitive_uninformed,none,0.000000,-1,24.338706,8.447389,0.010000,8.437389
344,14.649391,15.626374,12.626374,18.626374,price_sensitive_uninformed,none,0.000000,-1,24.338706,9.689315,0.010000,9.679315
345,14.450338,14.004720,11.004720,17.004720,price_sensitive_uninformed,none,0.000000,-1,24.338706,9.888368,0.010000,9.878368
346,12.968930,10.878985,7.878985,13.878985,informed,none,0.000000,-1,24.338706,11.369776,0.010000,11.359776
347,14.737881,13.122674,10.122674,16.122674,informed,none,0.000000,-1,24.338706,9.600825,0.010000,9.590825
348,15.367411,15.741948,12.741948,18.741948,informed,none,0.000000,-1,24.338706,8.971294,0.010000,8.961294
349,15.629822,17.486288,14.486288,20.486288,price_sensitive_uninformed,none,0.000000,-1,24.338706,8.708884,0.010000,8.698884
350,14.839596,15.102443,12.102443,18.102443,price_sensitive_uninformed,none,0.000000,-1,24.338706,9.499110,0.010000,9.489110
351,15.221318,16.788770,13.788770,19.788770,informed,none,0.000000,-1,24.338706,9.117388,0.010000,9.107388
352,14.622212,16.743860,13.743860,19.743860,informed,none,0.000000,-1,24.338706,9.716494,0.010000,9.706494
353,15.042846,13.491234,10.491234,16.491234,informed,none,0.000000,-1,24.338706,9.295860,0.010000,9.285860
354,15.994932,15.923264,12.923264,18.923264,price_sensitive_uninformed,none,0.000000,-1,24.338706,8.343774,0.010000,8.333774
355,16.445838,16.301598,13.301598,19.301598,informed,none,0.000000,-1,24.338706,7.892868,0.010000,7.882868
356,16.738172,17.912418,14.912418,20.912418,price_sensitive_uninformed,none,0.000000,-1,24.338706,7.600534,0.010000,7.590534
357,15.596508,15.846902,12.846902,18.846902,price_sensitive_uninformed,none,0.000000,-1,24.338706,8.742198,0.010000,8.732198
358,14.518191,13.724417,10.724417,16.724417,price_sensitive_uninformed,none,0.000000,-1,24.338706,9.820515,0.010000,9.810515
359,15.407869,16.233556,13.233556,19.233556,informed,none,0.000000,-1,24.338706,8.930837,0.010000,8.920837
360,14.832730,14.408385,11.408385,17.408385,informed,none,0.000000,-1,24.338706,9.505976,0.010000,9.495976
361,12.995197,11.598645,8.598645,14.598645,price_sensitive_uninformed,none,0.000000,-1,24.338706,11.343509,0.010000,11.333509
362,13.924287,13.568724,10.568724,16.568724,informed,none,0.000000,-1,24.338706,10.414419,0.010000,10.404419
363,15.303803,15.005005,12.005005,18.005005,informed,none,0.000000,-1,24.338706,9.034903,0.010000,9.024903
364,14.224275,14.537159,11.537159,17.537159,price_sensitive_uninformed,none,0.000000,-1,24.338706,10.114431,0.010000,10.104431
365,14.284323,15.390259,12.390259,18.390259,price_sensitive_uninformed,none,0.000000,-1,24.338706,10.054382,0.010000,10.044382
366,13.359023,12.817006,9.817006,15.817006,price_sensitive_uninformed,none,0.000000,-1,24.338706,10.979683,0.010000,10.969683
367,12.892715,13.483466,10.483466,16.483466,informed,none,0.000000,-1,24.338706,11.445991,0.010000,11.435991
368,12.331727,12.222309,9.222309,15.222309,price_sensitive_uninformed,none,0.000000,-1,24.338706,12.006979,0.010000,11.996979
369,10.779462,10.154695,7.154695,13.154695,informed,none,0.000000,-1,24.338706,13.559244,0.010000,13.549244
370,11.106566,11.516505,8.516505,14.516505,price_sensitive_uninformed,none,0.000000,-1,24.338706,13.232140,0.010000,13.222140
371,10.458586,11.288343,8.288343,14.288343,price_sensitive_uninformed,none,0.000000,-1,24.338706,13.880120,0.010000,13.870120
372,9.301263,10.920201,7.920201,13.920201,price_sensitive_uninformed,none,0.000000,-1,24.338706,15.037443,0.010000,15.027443
373,9.213295,7.333205,4.333205,10.333205,informed,none,0.000000,-1,24.338706,15.125411,0.010000,15.115411
374,9.748476,8.930928,5.930928,11.930928,informed,none,0.000000,-1,24.338706,14.590230,0.010000,14.580230
375,10.720437,10.134717,7.134717,13.134717,informed,none,0.000000,-1,24.338706,13.618269,0.010000,13.608269
376,11.244358,11.084466,8.084466,14.084466,informed,none,0.000000,-1,24.338706,13.094348,0.010000,13.084348
377,10.413362,11.839103,8.839103,14.839103,informed,none,0.000000,-1,24.338706,13.925344,0.010000,13.915344
378,10.942490,9.680267,6.680267,12.680267,price_sensitive_uninformed,none,0.000000,-1,24.338706,13.396216,0.010000,13.386216
379,10.599788,11.270574,8.270574,14.270574,informed,none,0.000000,-1,24.338706,13.738917,0.010000,13.728917
380,10.526790,12.665985,9.665985,15.665985,informed,none,0.000000,-1,24.338706,13.811915,0.010000,13.801915
381,9.973912,9.895796,6.895796,12.895796,price_sensitive_uninformed,none,0.000000,-1,24.338706,14.364793,0.010000,14.354793
382,9.455841,9.944320,6.944320,12.944320,price_sensitive_uninformed,sell_to_mm,6.944320,0,17.394386,17.394386,0.000000,17.394386
383,8.069758,7.817392,4.817392,10.817392,price_sensitive_uninformed,none,0.000000,0,17.394386,17.394386,0.000000,17.394386
384,7.567003,7.502131,4.502131,10.502131,informed,none,0.000000,0,17.394386,17.394386,0.000000,17.394386
385,7.415604,7.013076,4.013076,10.013076,informed,none,0.000000,0,17.394386,17.394386,0.000000,17.394386
386,6.936827,6.183303,3.183303,9.183303,price_sensitive_uninformed,none,0.000000,0,17.394386,17.394386,0.000000,17.394386
387,7.140879,7.150506,4.150506,10.150506,price_sensitive_uninformed,none,0.000000,0,17.394386,17.394386,0.000000,17.394386
388,6.871594,6.259191,3.259191,9.259191,informed,none,0.000000,0,17.394386,17.394386,0.000000,17.394386
389,6.694018,5.834101,2.834101,8.834101,price_sensitive_uninformed,none,0.000000,0,17.394386,17.394386,0.000000,17.394386
390,7.125695,9.242034,6.242034,12.242034,price_sensitive_uninformed,none,0.000000,0,17.394386,17.394386,0.000000,17.394386
391,7.797760,10.791391,7.791391,13.791391,price_sensitive_uninformed,none,0.000000,0,17.394386,17.394386,0.000000,17.394386
392,8.675603,5.355599,2.355599,8.355599,price_sensitive_uninformed,none,0.000000,0,17.394386,17.394386,0.000000,17.394386
393,7.783696,9.600671,6.600671,12.600671,price_sensitive_uninformed,none,0.000000,0,17.394386,17.394386,0.000000,17.394386
394,7.127061,8.236588,5.236588,11.236588,price_sensitive_uninformed,none,0.000000,0,17.394386,17.394386,0.000000,17.394386
395,6.213535,7.191737,4.191737,10.191737,informed,none,0.000000,0,17.394386,17.394386,0.000000,17.394386
396,6.370932,7.935679,4.935679,10.935679,price_sensitive_uninformed,none,0.000000,0,17.394386,17.394386,0.000000,17.394386
397,6.140694,6.914534,3.914534,9.914534,informed,none,0.000000,0,17.394386,17.394386,0.000000,17.394386
398,6.112771,4.869341,1.869341,7.869341,price_sensitive_uninformed,none,0.000000,0,17.394386,17.394386,0.000000,17.394386
399,7.743537,5.561584,2.561584,8.561584,informed,none,0.000000,0,17.394386,17.394386,0.000000,17.394386
400,7.128909,7.402753,4.402753,10.402753,price_sensitive_uninformed,none,0.000000,0,17.394386,17.394386,0.000000,17.394386
401,6.287823,5.270093,2.270093,8.270093,price_sensitive_uninformed,none,0.000000,0,17.394386,17.394386,0.000000,17.394386
402,5.689012,4.720909,1.720909,7.720909,price_sensitive_uninformed,none,0.000000,0,17.394386,17.394386,0.000000,17.394386
403,7.859319,8.173123,5.173123,11.173123,informed,none,0.000000,0,17.394386,17.394386,0.000000,17.394386
404,6.814231,5.496010,2.496010,8.496010,price_sensitive_uninformed,none,0.000000,0,17.394386,17.394386,0.000000,17.394386
405,8.232766,8.208092,5.208092,11.208092,price_sensitive_uninformed,none,0.000000,0,17.394386,17.394386,0.000000,17.394386
406,7.736154,7.300104,4.300104,10.300104,price_sensitive_uninformed,none,0.000000,0,17.394386,17.394386,0.000000,17.394386
407,7.781616,8.072734,5.072734,11.072734,price_sensitive_uninformed,none,0.000000,0,17.394386,17.394386,0.000000,17.394386
408,7.610821,6.398195,3.398195,9.398195,price_sensitive_uninformed,none,0.000000,0,17.394386,17.394386,0.000000,17.394386
409,6.941935,7.093351,4.093351,10.093351,informed,none,0.000000,0,17.394386,17.394386,0.000000,17.394386
410,6.323263,5.477193,2.477193,8.477193,price_sensitive_uninformed,none,0.000000,0,17.394386,17.394386,0.000000,17.394386
411,5.798924,6.363274,3.363274,9.363274,price_sensitive_uninformed,none,0.000000,0,17.394386,17.394386,0.000000,17.394386
412,4.784653,4.551897,1.551897,7.551897,informed,none,0.000000,0,17.394386,17.394386,0.000000,17.394386
413,4.882074,5.179690,2.179690,8.179690,informed,none,0.000000,0,17.394386,17.394386,0.000000,17.394386
414,3.315851,3.796607,0.796607,6.796607,informed,none,0.000000,0,17.394386,17.394386,0.000000,17.394386
415,2.506432,3.608180,0.608180,6.608180,price_sensitive_uninformed,none,0.000000,0,17.394386,17.394386,0.000000,17.394386
416,4.137685,2.847536,-0.152464,5.847536,price_sensitive_uninformed,none,0.000000,0,17.394386,17.394386,0.000000,17.394386
417,5.110650,4.467730,1.467730,7.467730,price_sensitive_uninformed,none,0.000000,0,17.394386,17.394386,0.000000,17.394386
418,5.103009,6.164929,3.164929,9.164929,price_sensitive_uninformed,none,0.000000,0,17.394386,17.394386,0.000000,17.394386
419,4.862108,4.930775,1.930775,7.930775,price_sensitive_uninformed,none,0.000000,0,17.394386,17.394386,0.000000,17.394386
420,4.794613,5.362508,2.362508,8.362508,informed,none,0.000000,0,17.394386,17.394386,0.000000,17.394386
421,5.614365,6.041433,3.041433,9.041433,informed,none,0.000000,0,17.394386,17.394386,0.000000,17.394386
422,4.804347,4.409939,1.409939,7.409939,informed,none,0.000000,0,17.394386,17.394386,0.000000,17.394386
423,5.761466,5.703308,2.703308,8.703308,informed,none,0.000000,0,17.394386,17.394386,0.000000,17.394386
424,5.575110,5.332852,2.332852,8.332852,price_sensitive_uninformed,none,0.000000,0,17.394386,17.394386,0.000000,17.394386
425,4.713304,5.328017,2.328017,8.328017,informed,none,0.000000,0,17.394386,17.394386,0.000000,17.394386
426,5.520982,5.445141,2.445141,8.445141,informed,none,0.000000,0,17.394386,17.394386,0.000000,17.394386
427,6.411229,5.888355,2.888355,8.888355,informed,none,0.000000,0,17.394386,17.394386,0.000000,17.394386
428,6.399228,6.817994,3.817994,9.817994,informed,none,0.000000,0,17.394386,17.394386,0.000000,17.394386
429,7.168485,7.146070,4.146070,10.146070,price_sensitive_uninformed,none,0.000000,0,17.394386,17.394386,0.000000,17.394386
430,8.684437,8.876704,5.876704,11.876704,informed,none,0.000000,0,17.394386,17.394386,0.000000,17.394386
431,8.171457,7.916427,4.916427,10.916427,informed,none,0.000000,0,17.394386,17.394386,0.000000,17.394386
432,7.387121,7.968020,4.968020,10.968020,price_sensitive_uninformed,none,0.000000,0,17.394386,17.394386,0.000000,17.394386
433,7.142371,8.845496,5.845496,11.845496,informed,none,0.000000,0,17.394386,17.394386,0.000000,17.394386
434,9.314666,9.888746,6.888746,12.888746,price_sensitive_uninformed,none,0.000000,0,17.394386,17.394386,0.000000,17.394386
435,8.951742,10.022172,7.022172,13.022172,price_sensitive_uninformed,none,0.000000,0,17.394386,17.394386,0.000000,17.394386
436,10.021406,8.966176,5.966176,11.966176,price_sensitive_uninformed,none,0.000000,0,17.394386,17.394386,0.000000,17.394386
437,10.500317,10.308877,7.308877,13.308877,price_sensitive_uninformed,none,0.000000,0,17.394386,17.394386,0.000000,17.394386
438,9.310432,10.266682,7.266682,13.266682,price_sensitive_uninformed,none,0.000000,0,17.394386,17.394386,0.000000,17.394386
439,9.803193,9.998374,6.998374,12.998374,price_sensitive_uninformed,none,0.000000,0,17.394386,17.394386,0.000000,17.394386
440,9.545908,10.977749,7.977749,13.977749,price_sensitive_uninformed,none,0.000000,0,17.394386,17.394386,0.000000,17.394386
441,10.037289,9.610731,6.610731,12.610731,price_sensitive_uninformed,none,0.000000,0,17.394386,17.394386,0.000000,17.394386
442,10.817346,11.103738,8.103738,14.103738,price_sensitive_uninformed,none,0.000000,0,17.394386,17.394386,0.000000,17.394386
443,11.641281,9.859408,6.859408,12.859408,informed,none,0.000000,0,17.394386,17.394386,0.000000,17.394386
444,11.119766,10.505550,7.505550,13.505550,price_sensitive_uninformed,none,0.000000,0,17.394386,17.394386,0.000000,17.394386
445,10.765627,11.835012,8.835012,14.835012,informed,none,0.000000,0,17.394386,17.394386,0.000000,17.394386
446,11.021879,10.808719,7.808719,13.808719,price_sensitive_uninformed,none,0.000000,0,17.394386,17.394386,0.000000,17.394386
447,10.619198,9.849449,6.849449,12.849449,price_sensitive_uninformed,none,0.000000,0,17.394386,17.394386,0.000000,17.394386
448,12.048476,13.223045,10.223045,16.223045,price_sensitive_uninformed,none,0.000000,0,17.394386,17.394386,0.000000,17.394386
449,12.494656,10.302838,7.302838,13.302838,price_sensitive_uninformed,none,0.000000,0,17.394386,17.394386,0.000000,17.394386
450,11.080671,10.426217,7.426217,13.426217,informed,none,0.000000,0,17.394386,17.394386,0.000000,17.394386
451,10.400660,10.337483,7.337483,13.337483,price_sensitive_uninformed,none,0.000000,0,17.394386,17.394386,0.000000,17.394386
452,9.396299,9.382047,6.382047,12.382047,informed,none,0.000000,0,17.394386,17.394386,0.000000,17.394386
453,11.147337,9.522963,6.522963,12.522963,price_sensitive_uninformed,none,0.000000,0,17.394386,17.394386,0.000000,17.394386
454,9.869263,9.216916,6.216916,12.216916,informed,none,0.000000,0,17.394386,17.394386,0.000000,17.394386
455,8.572829,8.362778,5.362778,11.362778,price_sensitive_uninformed,none,0.000000,0,17.394386,17.394386,0.000000,17.394386
456,8.326547,7.181292,4.181292,10.181292,informed,none,0.000000,0,17.394386,17.394386,0.000000,17.394386
457,5.914297,6.227167,3.227167,9.227167,price_sensitive_uninformed,none,0.000000,0,17.394386,17.394386,0.000000,17.394386
458,6.357535,8.202445,5.202445,11.202445,price_sensitive_uninformed,none,0.000000,0,17.394386,17.394386,0.000000,17.394386
459,6.797624,6.508319,3.508319,9.508319,informed,none,0.000000,0,17.394386,17.394386,0.000000,17.394386
460,5.893238,5.293933,2.293933,8.293933,informed,none,0.000000,0,17.394386,17.394386,0.000000,17.394386
461,5.404873,6.216067,3.216067,9.216067,informed,none,0.000000,0,17.394386,17.394386,0.000000,17.394386
462,8.258237,6.775278,3.775278,9.775278,price_sensitive_uninformed,none,0.000000,0,17.394386,17.394386,0.000000,17.394386
463,8.129855,7.452234,4.452234,10.452234,price_sensitive_uninformed,none,0.000000,0,17.394386,17.394386,0.000000,17.394386
464,8.284043,9.552393,6.552393,12.552393,price_sensitive_uninformed,none,0.000000,0,17.394386,17.394386,0.000000,17.394386
465,9.090225,8.757009,5.757009,11.757009,price_sensitive_uninformed,none,0.000000,0,17.394386,17.394386,0.000000,17.394386
466,8.954313,8.823977,5.823977,11.823977,informed,none,0.000000,0,17.394386,17.394386,0.000000,17.394386
467,8.657237,9.498708,6.498708,12.498708,informed,none,0.000000,0,17.394386,17.394386,0.000000,17.394386
468,10.025969,10.390468,7.390468,13.390468,price_sensitive_uninformed,none,0.000000,0,17.394386,17.394386,0.000000,17.394386
469,11.057992,13.623417,10.623417,16.623417,price_sensitive_uninformed,none,0.000000,0,17.394386,17.394386,0.000000,17.394386
470,12.736092,11.787034,8.787034,14.787034,informed,none,0.000000,0,17.394386,17.394386,0.000000,17.394386
471,12.130669,12.277829,9.277829,15.277829,price_sensitive_uninformed,none,0.000000,0,17.394386,17.394386,0.000000,17.394386
472,12.783392,12.431299,9.431299,15.431299,price_sensitive_uninformed,none,0.000000,0,17.394386,17.394386,0.000000,17.394386
473,12.630783,11.492204,8.492204,14.492204,informed,none,0.000000,0,17.394386,17.394386,0.000000,17.394386
474,11.646587,10.483532,7.483532,13.483532,price_sensitive_uninformed,none,0.000000,0,17.394386,17.394386,0.000000,17.394386
475,11.644709,9.882154,6.882154,12.882154,price_sensitive_uninformed,none,0.000000,0,17.394386,17.394386,0.000000,17.394386
476,10.502660,10.861103,7.861103,13.861103,price_sensitive_uninformed,none,0.000000,0,17.394386,17.394386,0.000000,17.394386
477,11.211047,9.781365,6.781365,12.781365,price_sensitive_uninformed,none,0.000000,0,17.394386,17.394386,0.000000,17.394386
478,11.891619,12.701121,9.701121,15.701121,price_sensitive_uninformed,none,0.000000,0,17.394386,17.394386,0.000000,17.394386
479,11.511456,13.724751,10.724751,16.724751,informed,none,0.000000,0,17.394386,17.394386,0.000000,17.394386
480,11.039343,7.897659,4.897659,10.897659,price_sensitive_uninformed,none,0.000000,0,17.394386,17.394386,0.000000,17.394386
481,12.210153,12.126505,9.126505,15.126505,price_sensitive_uninformed,none,0.000000,0,17.394386,17.394386,0.000000,17.394386
482,13.570721,15.067429,12.067429,18.067429,price_sensitive_uninformed,none,0.000000,0,17.394386,17.394386,0.000000,17.394386
483,14.136181,13.078764,10.078764,16.078764,informed,none,0.000000,0,17.394386,17.394386,0.000000,17.394386
484,15.700099,15.711849,12.711849,18.711849,informed,none,0.000000,0,17.394386,17.394386,0.000000,17.394386
485,15.429869,15.188117,12.188117,18.188117,informed,none,0.000000,0,17.394386,17.394386,0.000000,17.394386
486,16.323830,16.462984,13.462984,19.462984,informed,none,0.000000,0,17.394386,17.394386,0.000000,17.394386
487,16.236292,16.285032,13.285032,19.285032,price_sensitive_uninformed,none,0.000000,0,17.394386,17.394386,0.000000,17.394386
488,17.621179,18.476959,15.476959,21.476959,price_sensitive_uninformed,none,0.000000,0,17.394386,17.394386,0.000000,17.394386
489,17.835750,17.496487,14.496487,20.496487,informed,none,0.000000,0,17.394386,17.394386,0.000000,17.394386
490,18.961417,17.777583,14.777583,20.777583,price_sensitive_uninformed,none,0.000000,0,17.394386,17.394386,0.000000,17.394386
491,17.976512,18.240591,15.240591,21.240591,informed,none,0.000000,0,17.394386,17.394386,0.000000,17.394386
492,17.611860,17.652841,14.652841,20.652841,informed,none,0.000000,0,17.394386,17.394386,0.000000,17.394386
493,15.407930,14.869195,11.869195,17.869195,informed,none,0.000000,0,17.394386,17.394386,0.000000,17.394386
494,15.533252,15.313710,12.313710,18.313710,informed,none,0.000000,0,17.394386,17.394386,0.000000,17.394386
495,15.882597,15.879401,12.879401,18.879401,price_sensitive_uninformed,none,0.000000,0,17.394386,17.394386,0.000000,17.394386
496,14.673217,15.804029,12.804029,18.804029,informed,none,0.000000,0,17.394386,17.394386,0.000000,17.394386
497,16.280191,16.809290,13.809290,19.809290,informed,none,0.000000,0,17.394386,17.394386,0.000000,17.394386
498,15.643046,16.841000,13.841000,19.841000,informed,none,0.000000,0,17.394386,17.394386,0.000000,17.394386
499,16.090975,14.606103,11.606103,17.606103,price_sensitive_uninformed,none,0.000000,0,17.394386,17.394386,0.000000,17.394386
500,14.775628,13.680538,10.680538,16.680538,informed,none,0.000000,0,17.394386,17.394386,0.000000,17.394386
501,14.970906,15.613199,12.613199,18.613199,price_sensitive_uninformed,none,0.000000,0,17.394386,17.394386,0.000000,17.394386
502,15.988882,15.909163,12.909163,18.909163,informed,none,0.000000,0,17.394386,17.394386,0.000000,17.394386
503,18.002278,18.380897,15.380897,21.380897,price_sensitive_uninformed,none,0.000000,0,17.394386,17.394386,0.000000,17.394386
504,18.822633,18.478201,15.478201,21.478201,price_sensitive_uninformed,none,0.000000,0,17.394386,17.394386,0.000000,17.394386
505,18.466257,18.784706,15.784706,21.784706,price_sensitive_uninformed,none,0.000000,0,17.394386,17.394386,0.000000,17.394386
506,18.888677,16.900369,13.900369,19.900369,price_sensitive_uninformed,none,0.000000,0,17.394386,17.394386,0.000000,17.394386
507,20.595095,19.976239,16.976239,22.976239,price_sensitive_uninformed,none,0.000000,0,17.394386,17.394386,0.000000,17.394386
508,18.764946,19.550021,16.550021,22.550021,informed,none,0.000000,0,17.394386,17.394386,0.000000,17.394386
509,19.006865,20.022794,17.022794,23.022794,price_sensitive_uninformed,none,0.000000,0,17.394386,17.394386,0.000000,17.394386
510,19.441417,19.614478,16.614478,22.614478,informed,none,0.000000,0,17.394386,17.394386,0.000000,17.394386
511,19.620202,20.039183,17.039183,23.039183,informed,none,0.000000,0,17.394386,17.394386,0.000000,17.394386
512,19.959600,21.585520,18.585520,24.585520,informed,none,0.000000,0,17.394386,17.394386,0.000000,17.394386
513,19.358724,19.117114,16.117114,22.117114,informed,none,0.000000,0,17.394386,17.394386,0.000000,17.394386
514,19.745812,18.595168,15.595168,21.595168,informed,none,0.000000,0,17.394386,17.394386,0.000000,17.394386
515,19.619845,19.483213,16.483213,22.483213,price_sensitive_uninformed,none,0.000000,0,17.394386,17.394386,0.000000,17.394386
516,19.815802,20.247012,17.247012,23.247012,price_sensitive_uninformed,none,0.000000,0,17.394386,17.394386,0.000000,17.394386
517,19.698223,19.748258,16.748258,22.748258,price_sensitive_uninformed,none,0.000000,0,17.394386,17.394386,0.000000,17.394386
518,19.777862,18.783019,15.783019,21.783019,price_sensitive_uninformed,none,0.000000,0,17.394386,17.394386,0.000000,17.394386
519,19.026098,18.443203,15.443203,21.443203,price_sensitive_uninformed,none,0.000000,0,17.394386,17.394386,0.000000,17.394386
520,19.300051,20.917999,17.917999,23.917999,price_sensitive_uninformed,none,0.000000,0,17.394386,17.394386,0.000000,17.394386
521,18.326261,19.225227,16.225227,22.225227,informed,none,0.000000,0,17.394386,17.394386,0.000000,17.394386
522,18.848201,18.972531,15.972531,21.972531,informed,none,0.000000,0,17.394386,17.394386,0.000000,17.394386
523,18.224282,18.811682,15.811682,21.811682,informed,none,0.000000,0,17.394386,17.394386,0.000000,17.394386
524,17.382746,19.206674,16.206674,22.206674,informed,none,0.000000,0,17.394386,17.394386,0.000000,17.394386
525,16.771097,15.837511,12.837511,18.837511,price_sensitive_uninformed,none,0.000000,0,17.394386,17.394386,0.000000,17.394386
526,16.680604,15.315898,12.315898,18.315898,price_sensitive_uninformed,none,0.000000,0,17.394386,17.394386,0.000000,17.394386
527,15.722228,15.577359,12.577359,18.577359,informed,none,0.000000,0,17.394386,17.394386,0.000000,17.394386
528,16.613253,15.806440,12.806440,18.806440,price_sensitive_uninformed,none,0.000000,0,17.394386,17.394386,0.000000,17.394386
529,16.106294,16.726582,13.726582,19.726582,informed,none,0.000000,0,17.394386,17.394386,0.000000,17.394386
530,18.416765,18.574268,15.574268,21.574268,informed,none,0.000000,0,17.394386,17.394386,0.000000,17.394386
531,18.448393,19.302792,16.302792,22.302792,price_sensitive_uninformed,none,0.000000,0,17.394386,17.394386,0.000000,17.394386
532,18.114941,16.317045,13.317045,19.317045,price_sensitive_uninformed,none,0.000000,0,17.394386,17.394386,0.000000,17.394386
533,17.406657,18.065927,15.065927,21.065927,price_sensitive_uninformed,none,0.000000,0,17.394386,17.394386,0.000000,17.394386
534,16.011615,15.618503,12.618503,18.618503,informed,none,0.000000,0,17.394386,17.394386,0.000000,17.394386
535,16.535688,16.975942,13.975942,19.975942,price_sensitive_uninformed,none,0.000000,0,17.394386,17.394386,0.000000,17.394386
536,16.157835,15.454432,12.454432,18.454432,informed,none,0.000000,0,17.394386,17.394386,0.000000,17.394386
537,17.227737,17.486270,14.486270,20.486270,price_sensitive_uninformed,none,0.000000,0,17.394386,17.394386,0.000000,17.394386
538,17.455153,15.415275,12.415275,18.415275,price_sensitive_uninformed,none,0.000000,0,17.394386,17.394386,0.000000,17.394386
539,17.981122,16.443344,13.443344,19.443344,price_sensitive_uninformed,none,0.000000,0,17.394386,17.394386,0.000000,17.394386
540,17.572331,19.997327,16.997327,22.997327,informed,none,0.000000,0,17.394386,17.394386,0.000000,17.394386
541,20.677481,22.258331,19.258331,25.258331,informed,none,0.000000,0,17.394386,17.394386,0.000000,17.394386
542,19.565485,20.016655,17.016655,23.016655,price_sensitive_uninformed,none,0.000000,0,17.394386,17.394386,0.000000,17.394386
543,20.945917,20.497580,17.497580,23.497580,price_sensitive_uninformed,none,0.000000,0,17.394386,17.394386,0.000000,17.394386
544,23.124456,22.921204,19.921204,25.921204,price_sensitive_uninformed,none,0.000000,0,17.394386,17.394386,0.000000,17.394386
545,24.368794,23.402736,20.402736,26.402736,price_sensitive_uninformed,none,0.000000,0,17.394386,17.394386,0.000000,17.394386
546,23.806541,25.527815,22.527815,28.527815,price_sensitive_uninformed,none,0.000000,0,17.394386,17.394386,0.000000,17.394386
547,22.452794,23.066406,20.066406,26.066406,informed,none,0.000000,0,17.394386,17.394386,0.000000,17.394386
548,23.052683,23.276089,20.276089,26.276089,price_sensitive_uninformed,none,0.000000,0,17.394386,17.394386,0.000000,17.394386
549,25.110498,24.907916,21.907916,27.907916,informed,none,0.000000,0,17.394386,17.394386,0.000000,17.394386
550,23.577023,22.005179,19.005179,25.005179,informed,none,0.000000,0,17.394386,17.394386,0.000000,17.394386
551,24.471470,23.212738,20.212738,26.212738,price_sensitive_uninformed,none,0.000000,0,17.394386,17.394386,0.000000,17.394386
552,24.441980,24.382944,21.382944,27.382944,price_sensitive_uninformed,none,0.000000,0,17.394386,17.394386,0.000000,17.394386
553,24.115889,22.889385,19.889385,25.889385,informed,none,0.000000,0,17.394386,17.394386,0.000000,17.394386
554,26.112564,27.085195,24.085195,30.085195,price_sensitive_uninformed,none,0.000000,0,17.394386,17.394386,0.000000,17.394386
555,26.612074,27.852010,24.852010,30.852010,price_sensitive_uninformed,none,0.000000,0,17.394386,17.394386,0.000000,17.394386
556,26.195914,26.486404,23.486404,29.486404,informed,none,0.000000,0,17.394386,17.394386,0.000000,17.394386
557,27.195208,27.562906,24.562906,30.562906,informed,none,0.000000,0,17.394386,17.394386,0.000000,17.394386
558,28.594587,28.859045,25.859045,31.859045,price_sensitive_uninformed,none,0.000000,0,17.394386,17.394386,0.000000,17.394386
559,28.709887,28.202901,25.202901,31.202901,price_sensitive_uninformed,none,0.000000,0,17.394386,17.394386,0.000000,17.394386
560,28.916814,30.279490,27.279490,33.279490,price_sensitive_uninformed,none,0.000000,0,17.394386,17.394386,0.000000,17.394386
561,28.939930,27.435279,24.435279,30.435279,price_sensitive_uninformed,none,0.000000,0,17.394386,17.394386,0.000000,17.394386
562,30.411786,30.200723,27.200723,33.200723,informed,none,0.000000,0,17.394386,17.394386,0.000000,17.394386
563,29.644592,28.805061,25.805061,31.805061,price_sensitive_uninformed,none,0.000000,0,17.394386,17.394386,0.000000,17.394386
564,28.891384,28.913148,25.913148,31.913148,price_sensitive_uninformed,none,0.000000,0,17.394386,17.394386,0.000000,17.394386
565,29.146821,29.108858,26.108858,32.108858,informed,none,0.000000,0,17.394386,17.394386,0.000000,17.394386
566,29.238786,28.414431,25.414431,31.414431,price_sensitive_uninformed,none,0.000000,0,17.394386,17.394386,0.000000,17.394386
567,31.303631,30.120404,27.120404,33.120404,price_sensitive_uninformed,none,0.000000,0,17.394386,17.394386,0.000000,17.394386
568,30.678440,30.682203,27.682203,33.682203,price_sensitive_uninformed,none,0.000000,0,17.394386,17.394386,0.000000,17.394386
569,32.186416,31.447562,28.447562,34.447562,price_sensitive_uninformed,none,0.000000,0,17.394386,17.394386,0.000000,17.394386
570,30.479867,30.346686,27.346686,33.346686,informed,none,0.000000,0,17.394386,17.394386,0.000000,17.394386
571,32.165007,32.208460,29.208460,35.208460,price_sensitive_uninformed,none,0.000000,0,17.394386,17.394386,0.000000,17.394386
572,30.602924,30.218591,27.218591,33.218591,price_sensitive_uninformed,none,0.000000,0,17.394386,17.394386,0.000000,17.394386
573,30.346492,28.368571,25.368571,31.368571,price_sensitive_uninformed,none,0.000000,0,17.394386,17.394386,0.000000,17.394386
574,30.231679,30.153105,27.153105,33.153105,informed,none,0.000000,0,17.394386,17.394386,0.000000,17.394386
575,30.825589,30.672400,27.672400,33.672400,price_sensitive_uninformed,none,0.000000,0,17.394386,17.394386,0.000000,17.394386
576,29.299221,29.856431,26.856431,32.856431,informed,none,0.000000,0,17.394386,17.394386,0.000000,17.394386
577,29.576149,28.201620,25.201620,31.201620,price_sensitive_uninformed,none,0.000000,0,17.394386,17.394386,0.000000,17.394386
578,29.192343,27.809412,24.809412,30.809412,price_sensitive_uninformed,none,0.000000,0,17.394386,17.394386,0.000000,17.394386
579,28.343619,29.971630,26.971630,32.971630,informed,none,0.000000,0,17.394386,17.394386,0.000000,17.394386
580,29.070375,28.542208,25.542208,31.542208,informed,none,0.000000,0,17.394386,17.394386,0.000000,17.394386
581,29.961216,30.000577,27.000577,33.000577,informed,none,0.000000,0,17.394386,17.394386,0.000000,17.394386
582,30.186166,28.566110,25.566110,31.566110,price_sensitive_uninformed,none,0.000000,0,17.394386,17.394386,0.000000,17.394386
583,30.037606,30.834786,27.834786,33.834786,price_sensitive_uninformed,none,0.000000,0,17.394386,17.394386,0.000000,17.394386
584,28.798773,29.723059,26.723059,32.723059,informed,none,0.000000,0,17.394386,17.394386,0.000000,17.394386
585,28.841037,27.934765,24.934765,30.934765,price_sensitive_uninformed,none,0.000000,0,17.394386,17.394386,0.000000,17.394386
586,29.136742,28.812866,25.812866,31.812866,price_sensitive_uninformed,none,0.000000,0,17.394386,17.394386,0.000000,17.394386
587,29.324711,28.927791,25.927791,31.927791,informed,none,0.000000,0,17.394386,17.394386,0.000000,17.394386
588,30.111943,29.705045,26.705045,32.705045,informed,none,0.000000,0,17.394386,17.394386,0.000000,17.394386
589,29.438637,30.155701,27.155701,33.155701,price_sensitive_uninformed,none,0.000000,0,17.394386,17.394386,0.000000,17.394386
590,31.429522,32.177291,29.177291,35.177291,informed,none,0.000000,0,17.394386,17.394386,0.000000,17.394386
591,31.772165,30.125385,27.125385,33.125385,price_sensitive_uninformed,none,0.000000,0,17.394386,17.394386,0.000000,17.394386
592,34.030689,35.252117,32.252117,38.252117,price_sensitive_uninformed,none,0.000000,0,17.394386,17.394386,0.000000,17.394386
593,32.269450,31.097984,28.097984,34.097984,price_sensitive_uninformed,none,0.000000,0,17.394386,17.394386,0.000000,17.394386
594,34.257699,34.733153,31.733153,37.733153,price_sensitive_uninformed,none,0.000000,0,17.394386,17.394386,0.000000,17.394386
595,33.778964,34.810739,31.810739,37.810739,price_sensitive_uninformed,none,0.000000,0,17.394386,17.394386,0.000000,17.394386
596,33.309293,34.819446,31.819446,37.819446,price_sensitive_uninformed,none,0.000000,0,17.394386,17.394386,0.000000,17.394386
597,32.082763,31.141354,28.141354,34.141354,informed,none,0.000000,0,17.394386,17.394386,0.000000,17.394386
598,31.973703,30.103847,27.103847,33.103847,price_sensitive_uninformed,none,0.000000,0,17.394386,17.394386,0.000000,17.394386
599,32.346218,32.173133,29.173133,35.173133,price_sensitive_uninformed,none,0.000000,0,17.394386,17.394386,0.000000,17.394386
600,32.948697,32.438909,29.438909,35.438909,price_sensitive_uninformed,none,0.000000,0,17.394386,17.394386,0.000000,17.394386
601,33.166252,33.742095,30.742095,36.742095,informed,none,0.000000,0,17.394386,17.394386,0.000000,17.394386
602,32.010451,33.469103,30.469103,36.469103,price_sensitive_uninformed,none,0.000000,0,17.394386,17.394386,0.000000,17.394386
603,33.946552,33.316635,30.316635,36.316635,price_sensitive_uninformed,none,0.000000,0,17.394386,17.394386,0.000000,17.394386
604,32.659701,32.494064,29.494064,35.494064,informed,none,0.000000,0,17.394386,17.394386,0.000000,17.394386
605,33.187900,33.081045,30.081045,36.081045,price_sensitive_uninformed,none,0.000000,0,17.394386,17.394386,0.000000,17.394386
606,33.186901,33.151693,30.151693,36.151693,price_sensitive_uninformed,none,0.000000,0,17.394386,17.394386,0.000000,17.394386
607,34.216384,35.246282,32.246282,38.246282,informed,none,0.000000,0,17.394386,17.394386,0.000000,17.394386
608,34.389686,33.962822,30.962822,36.962822,price_sensitive_uninformed,none,0.000000,0,17.394386,17.394386,0.000000,17.394386
609,34.185192,34.510164,31.510164,37.510164,informed,none,0.000000,0,17.394386,17.394386,0.000000,17.394386
610,34.440635,34.047282,31.047282,37.047282,informed,none,0.000000,0,17.394386,17.394386,0.000000,17.394386
611,34.190069,33.059077,30.059077,36.059077,informed,none,0.000000,0,17.394386,17.394386,0.000000,17.394386
612,34.356434,35.336318,32.336318,38.336318,price_sensitive_uninformed,none,0.000000,0,17.394386,17.394386,0.000000,17.394386
613,34.813858,34.057586,31.057586,37.057586,informed,none,0.000000,0,17.394386,17.394386,0.000000,17.394386
614,34.460360,32.210327,29.210327,35.210327,informed,none,0.000000,0,17.394386,17.394386,0.000000,17.394386
615,33.515058,32.224261,29.224261,35.224261,informed,none,0.000000,0,17.394386,17.394386,0.000000,17.394386
616,32.532083,31.159208,28.159208,34.159208,price_sensitive_uninformed,none,0.000000,0,17.394386,17.394386,0.000000,17.394386
617,33.303773,32.944954,29.944954,35.944954,price_sensitive_uninformed,none,0.000000,0,17.394386,17.394386,0.000000,17.394386
618,33.079655,34.532894,31.532894,37.532894,informed,none,0.000000,0,17.394386,17.394386,0.000000,17.394386
619,29.579218,30.273875,27.273875,33.273875,price_sensitive_uninformed,none,0.000000,0,17.394386,17.394386,0.000000,17.394386
620,28.858586,28.508882,25.508882,31.508882,informed,none,0.000000,0,17.394386,17.394386,0.000000,17.394386
621,29.631990,30.282174,27.282174,33.282174,price_sensitive_uninformed,none,0.000000,0,17.394386,17.394386,0.000000,17.394386
622,29.442136,30.285389,27.285389,33.285389,informed,none,0.000000,0,17.394386,17.394386,0.000000,17.394386
623,30.418518,30.195436,27.195436,33.195436,price_sensitive_uninformed,none,0.000000,0,17.394386,17.394386,0.000000,17.394386
624,29.223614,29.154588,26.154588,32.154588,price_sensitive_uninformed,none,0.000000,0,17.394386,17.394386,0.000000,17.394386
625,29.893671,29.210796,26.210796,32.210796,price_sensitive_uninformed,none,0.000000,0,17.394386,17.394386,0.000000,17.394386
626,29.374865,29.109363,26.109363,32.109363,price_sensitive_uninformed,none,0.000000,0,17.394386,17.394386,0.000000,17.394386
627,30.841635,30.695752,27.695752,33.695752,informed,none,0.000000,0,17.394386,17.394386,0.000000,17.394386
628,30.550359,30.489001,27.489001,33.489001,informed,none,0.000000,0,17.394386,17.394386,0.000000,17.394386
629,29.623566,28.372685,25.372685,31.372685,price_sensitive_uninformed,none,0.000000,0,17.394386,17.394386,0.000000,17.394386
630,30.145183,29.687414,26.687414,32.687414,informed,none,0.000000,0,17.394386,17.394386,0.000000,17.394386
631,31.660783,31.473612,28.473612,34.473612,price_sensitive_uninformed,none,0.000000,0,17.394386,17.394386,0.000000,17.394386
632,31.936752,34.323506,31.323506,37.323506,price_sensitive_uninformed,none,0.000000,0,17.394386,17.394386,0.000000,17.394386
633,32.651857,31.409973,28.409973,34.409973,informed,none,0.000000,0,17.394386,17.394386,0.000000,17.394386
634,32.146227,31.670487,28.670487,34.670487,price_sensitive_uninformed,buy_from_mm,34.670487,-1,52.064873,19.918646,0.010000,19.908646
635,31.930831,32.510460,29.510460,35.510460,price_sensitive_uninformed,none,0.000000,-1,52.064873,20.134042,0.010000,20.124042
636,31.118738,31.876648,28.876648,34.876648,price_sensitive_uninformed,none,0.000000,-1,52.064873,20.946135,0.010000,20.936135
637,30.666490,29.812612,26.812612,32.812612,price_sensitive_uninformed,none,0.000000,-1,52.064873,21.398383,0.010000,21.388383
638,32.814708,32.007325,29.007325,35.007325,price_sensitive_uninformed,none,0.000000,-1,52.064873,19.250165,0.010000,19.240165
639,31.163811,28.731361,25.731361,31.731361,price_sensitive_uninformed,none,0.000000,-1,52.064873,20.901062,0.010000,20.891062
640,31.263213,31.905787,28.905787,34.905787,informed,none,0.000000,-1,52.064873,20.801660,0.010000,20.791660
641,30.731724,30.163889,27.163889,33.163889,informed,none,0.000000,-1,52.064873,21.333149,0.010000,21.323149
642,31.090543,30.985144,27.985144,33.985144,price_sensitive_uninformed,none,0.000000,-1,52.064873,20.974330,0.010000,20.964330
643,33.191072,33.673895,30.673895,36.673895,price_sensitive_uninformed,none,0.000000,-1,52.064873,18.873801,0.010000,18.863801
644,33.840117,32.629245,29.629245,35.629245,informed,none,0.000000,-1,52.064873,18.224756,0.010000,18.214756
645,33.412875,33.828051,30.828051,36.828051,price_sensitive_uninformed,none,0.000000,-1,52.064873,18.651998,0.010000,18.641998
646,34.314306,35.206766,32.206766,38.206766,informed,none,0.000000,-1,52.064873,17.750567,0.010000,17.740567
647,34.074456,33.743039,30.743039,36.743039,price_sensitive_uninformed,none,0.000000,-1,52.064873,17.990417,0.010000,17.980417
648,33.803726,33.033289,30.033289,36.033289,price_sensitive_uninformed,none,0.000000,-1,52.064873,18.261147,0.010000,18.251147
649,33.519690,33.435085,30.435085,36.435085,informed,none,0.000000,-1,52.064873,18.545183,0.010000,18.535183
650,31.601553,30.426326,27.426326,33.426326,price_sensitive_uninformed,none,0.000000,-1,52.064873,20.463320,0.010000,20.453320
651,32.400440,31.230692,28.230692,34.230692,informed,none,0.000000,-1,52.064873,19.664433,0.010000,19.654433
652,32.400834,31.503581,28.503581,34.503581,price_sensitive_uninformed,none,0.000000,-1,52.064873,19.664039,0.010000,19.654039
653,31.841531,30.581988,27.581988,33.581988,price_sensitive_uninformed,none,0.000000,-1,52.064873,20.223342,0.010000,20.213342
654,31.684841,32.609733,29.609733,35.609733,informed,none,0.000000,-1,52.064873,20.380032,0.010000,20.370032
655,32.787440,31.752537,28.752537,34.752537,informed,none,0.000000,-1,52.064873,19.277433,0.010000,19.267433
656,33.624506,34.429358,31.429358,37.429358,price_sensitive_uninformed,none,0.000000,-1,52.064873,18.440367,0.010000,18.430367
657,34.836712,33.549241,30.549241,36.549241,price_sensitive_uninformed,none,0.000000,-1,52.064873,17.228161,0.010000,17.218161
658,33.322171,33.334245,30.334245,36.334245,price_sensitive_uninformed,none,0.000000,-1,52.064873,18.742702,0.010000,18.732702
659,33.592143,32.412798,29.412798,35.412798,price_sensitive_uninformed,none,0.000000,-1,52.064873,18.472730,0.010000,18.462730
660,34.980482,35.232868,32.232868,38.232868,price_sensitive_uninformed,none,0.000000,-1,52.064873,17.084391,0.010000,17.074391
661,34.752339,35.141537,32.141537,38.141537,price_sensitive_uninformed,none,0.000000,-1,52.064873,17.312534,0.010000,17.302534
662,35.442761,36.763567,33.763567,39.763567,price_sensitive_uninformed,none,0.000000,-1,52.064873,16.622112,0.010000,16.612112
663,35.927586,36.439833,33.439833,39.439833,informed,none,0.000000,-1,52.064873,16.137287,0.010000,16.127287
664,35.040985,34.260856,31.260856,37.260856,informed,none,0.000000,-1,52.064873,17.023888,0.010000,17.013888
665,34.449904,33.167552,30.167552,36.167552,price_sensitive_uninformed,none,0.000000,-1,52.064873,17.614969,0.010000,17.604969
666,33.571890,33.220078,30.220078,36.220078,price_sensitive_uninformed,none,0.000000,-1,52.064873,18.492983,0.010000,18.482983
667,32.844316,33.365000,30.365000,36.365000,price_sensitive_uninformed,none,0.000000,-1,52.064873,19.220558,0.010000,19.210558
668,32.979260,35.235538,32.235538,38.235538,informed,none,0.000000,-1,52.064873,19.085613,0.010000,19.075613
669,33.210416,34.821342,31.821342,37.821342,price_sensitive_uninformed,none,0.000000,-1,52.064873,18.854457,0.010000,18.844457
670,33.212670,35.369182,32.369182,38.369182,informed,none,0.000000,-1,52.064873,18.852203,0.010000,18.842203
671,33.490673,31.600397,28.600397,34.600397,price_sensitive_uninformed,none,0.000000,-1,52.064873,18.574200,0.010000,18.564200
672,33.485724,35.773791,32.773791,38.773791,informed,none,0.000000,-1,52.064873,18.579149,0.010000,18.569149
673,33.543896,35.082479,32.082479,38.082479,price_sensitive_uninformed,none,0.000000,-1,52.064873,18.520977,0.010000,18.510977
674,33.874483,33.785802,30.785802,36.785802,price_sensitive_uninformed,none,0.000000,-1,52.064873,18.190390,0.010000,18.180390
675,35.159066,34.739734,31.739734,37.739734,informed,none,0.000000,-1,52.064873,16.905807,0.010000,16.895807
676,35.661630,36.650996,33.650996,39.650996,informed,none,0.000000,-1,52.064873,16.403243,0.010000,16.393243
677,37.205840,37.780615,34.780615,40.780615,price_sensitive_uninformed,none,0.000000,-1,52.064873,14.859033,0.010000,14.849033
678,36.714781,34.965512,31.965512,37.965512,price_sensitive_uninformed,none,0.000000,-1,52.064873,15.350092,0.010000,15.340092
679,36.659813,36.819891,33.819891,39.819891,price_sensitive_uninformed,none,0.000000,-1,52.064873,15.405060,0.010000,15.395060
680,36.730163,35.531378,32.531378,38.531378,informed,none,0.000000,-1,52.064873,15.334710,0.010000,15.324710
681,36.322959,36.769372,33.769372,39.769372,informed,none,0.000000,-1,52.064873,15.741914,0.010000,15.731914
682,36.394991,35.971741,32.971741,38.971741,price_sensitive_uninformed,none,0.000000,-1,52.064873,15.669882,0.010000,15.659882
683,36.378175,37.773904,34.773904,40.773904,informed,none,0.000000,-1,52.064873,15.686698,0.010000,15.676698
684,36.724917,37.859886,34.859886,40.859886,price_sensitive_uninformed,none,0.000000,-1,52.064873,15.339956,0.010000,15.329956
685,34.926343,33.370462,30.370462,36.370462,informed,none,0.000000,-1,52.064873,17.138530,0.010000,17.128530
686,35.394392,37.149904,34.149904,40.149904,price_sensitive_uninformed,none,0.000000,-1,52.064873,16.670481,0.010000,16.660481
687,36.089768,35.340611,32.340611,38.340611,price_sensitive_uninformed,none,0.000000,-1,52.064873,15.975105,0.010000,15.965105
688,36.877248,35.659804,32.659804,38.659804,price_sensitive_uninformed,none,0.000000,-1,52.064873,15.187625,0.010000,15.177625
689,35.402597,34.651964,31.651964,37.651964,price_sensitive_uninformed,none,0.000000,-1,52.064873,16.662276,0.010000,16.652276
690,36.207298,36.580596,33.580596,39.580596,price_sensitive_uninformed,none,0.000000,-1,52.064873,15.857575,0.010000,15.847575
691,36.339335,36.288991,33.288991,39.288991,price_sensitive_uninformed,none,0.000000,-1,52.064873,15.725538,0.010000,15.715538
692,36.541800,36.996313,33.996313,39.996313,price_sensitive_uninformed,buy_from_mm,39.996313,-2,92.061186,18.977586,0.040000,18.937586
693,37.955830,37.759151,34.759151,40.759151,informed,none,0.000000,-2,92.061186,16.149527,0.040000,16.109527
694,37.495744,36.620704,33.620704,39.620704,price_sensitive_uninformed,none,0.000000,-2,92.061186,17.069698,0.040000,17.029698
695,36.175133,36.747518,33.747518,39.747518,price_sensitive_uninformed,none,0.000000,-2,92.061186,19.710920,0.040000,19.670920
696,36.568116,36.277163,33.277163,39.277163,informed,none,0.000000,-2,92.061186,18.924955,0.040000,18.884955
697,36.485587,36.842142,33.842142,39.842142,price_sensitive_uninformed,none,0.000000,-2,92.061186,19.090013,0.040000,19.050013
698,35.433669,36.315459,33.315459,39.315459,price_sensitive_uninformed,none,0.000000,-2,92.061186,21.193848,0.040000,21.153848
699,32.761948,33.082846,30.082846,36.082846,informed,none,0.000000,-2,92.061186,26.537291,0.040000,26.497291
700,32.408770,31.992288,28.992288,34.992288,price_sensitive_uninformed,none,0.000000,-2,92.061186,27.243647,0.040000,27.203647
701,31.374929,32.194002,29.194002,35.194002,informed,none,0.000000,-2,92.061186,29.311328,0.040000,29.271328
702,33.092629,31.371281,28.371281,34.371281,price_sensitive_uninformed,none,0.000000,-2,92.061186,25.875929,0.040000,25.835929
703,33.308429,32.093035,29.093035,35.093035,informed,none,0.000000,-2,92.061186,25.444328,0.040000,25.404328
704,34.602647,35.997598,32.997598,38.997598,informed,none,0.000000,-2,92.061186,22.855892,0.040000,22.815892
705,34.369711,33.350206,30.350206,36.350206,price_sensitive_uninformed,none,0.000000,-2,92.061186,23.321764,0.040000,23.281764
706,34.289985,33.730498,30.730498,36.730498,price_sensitive_uninformed,none,0.000000,-2,92.061186,23.481217,0.040000,23.441217
707,33.386174,32.230697,29.230697,35.230697,price_sensitive_uninformed,none,0.000000,-2,92.061186,25.288838,0.040000,25.248838
708,32.812062,33.298041,30.298041,36.298041,price_sensitive_uninformed,none,0.000000,-2,92.061186,26.437063,0.040000,26.397063
709,32.373214,31.112374,28.112374,34.112374,price_sensitive_uninformed,none,0.000000,-2,92.061186,27.314758,0.040000,27.274758
710,30.579196,29.997734,26.997734,32.997734,informed,none,0.000000,-2,92.061186,30.902795,0.040000,30.862795
711,28.797504,31.076733,28.076733,34.076733,price_sensitive_uninformed,none,0.000000,-2,92.061186,34.466178,0.040000,34.426178
712,29.090220,30.560554,27.560554,33.560554,informed,none,0.000000,-2,92.061186,33.880747,0.040000,33.840747
713,29.357100,29.170673,26.170673,32.170673,price_sensitive_uninformed,none,0.000000,-2,92.061186,33.346985,0.040000,33.306985
714,29.467079,30.071322,27.071322,33.071322,informed,none,0.000000,-2,92.061186,33.127029,0.040000,33.087029
715,30.283288,31.200457,28.200457,34.200457,price_sensitive_uninformed,none,0.000000,-2,92.061186,31.494610,0.040000,31.454610
716,30.810723,29.745026,26.745026,32.745026,price_sensitive_uninformed,none,0.000000,-2,92.061186,30.439740,0.040000,30.399740
717,30.333468,30.791784,27.791784,33.791784,informed,none,0.000000,-2,92.061186,31.394249,0.040000,31.354249
718,29.615905,28.764164,25.764164,31.764164,price_sensitive_uninformed,none,0.000000,-2,92.061186,32.829376,0.040000,32.789376
719,30.988322,29.081873,26.081873,32.081873,price_sensitive_uninformed,none,0.000000,-2,92.061186,30.084541,0.040000,30.044541
720,31.296185,30.629322,27.629322,33.629322,informed,none,0.000000,-2,92.061186,29.468816,0.040000,29.428816
721,30.086048,30.721598,27.721598,33.721598,price_sensitive_uninformed,none,0.000000,-2,92.061186,31.889091,0.040000,31.849091
722,28.627413,29.262185,26.262185,32.262185,informed,none,0.000000,-2,92.061186,34.806360,0.040000,34.766360
723,29.124725,28.824037,25.824037,31.824037,informed,none,0.000000,-2,92.061186,33.811736,0.040000,33.771736
724,28.747718,29.596134,26.596134,32.596134,price_sensitive_uninformed,none,0.000000,-2,92.061186,34.565751,0.040000,34.525751
725,28.796380,28.685351,25.685351,31.685351,price_sensitive_uninformed,none,0.000000,-2,92.061186,34.468426,0.040000,34.428426
726,29.673683,28.565370,25.565370,31.565370,price_sensitive_uninformed,none,0.000000,-2,92.061186,32.713821,0.040000,32.673821
727,30.870310,31.807573,28.807573,34.807573,price_sensitive_uninformed,none,0.000000,-2,92.061186,30.320567,0.040000,30.280567
728,28.836595,28.383828,25.383828,31.383828,price_sensitive_uninformed,none,0.000000,-2,92.061186,34.387997,0.040000,34.347997
729,30.255770,29.394693,26.394693,32.394693,price_sensitive_uninformed,none,0.000000,-2,92.061186,31.549646,0.040000,31.509646
730,30.694714,33.079059,30.079059,36.079059,price_sensitive_uninformed,none,0.000000,-2,92.061186,30.671758,0.040000,30.631758
731,32.296139,31.918159,28.918159,34.918159,informed,none,0.000000,-2,92.061186,27.468908,0.040000,27.428908
732,33.187902,32.936998,29.936998,35.936998,price_sensitive_uninformed,none,0.000000,-2,92.061186,25.685382,0.040000,25.645382
733,33.778610,34.393861,31.393861,37.393861,price_sensitive_uninformed,none,0.000000,-2,92.061186,24.503966,0.040000,24.463966
734,34.011675,34.327602,31.327602,37.327602,informed,none,0.000000,-2,92.061186,24.037836,0.040000,23.997836
735,33.522509,32.992899,29.992899,35.992899,price_sensitive_uninformed,none,0.000000,-2,92.061186,25.016169,0.040000,24.976169
736,33.715316,34.839233,31.839233,37.839233,informed,none,0.000000,-2,92.061186,24.630554,0.040000,24.590554
737,31.899758,32.975811,29.975811,35.975811,informed,none,0.000000,-2,92.061186,28.261671,0.040000,28.221671
738,32.972896,32.635368,29.635368,35.635368,informed,none,0.000000,-2,92.061186,26.115394,0.040000,26.075394
739,32.400067,32.477612,29.477612,35.477612,informed,none,0.000000,-2,92.061186,27.261053,0.040000,27.221053
740,33.702552,32.918146,29.918146,35.918146,informed,none,0.000000,-2,92.061186,24.656082,0.040000,24.616082
741,34.251994,35.542149,32.542149,38.542149,price_sensitive_uninformed,none,0.000000,-2,92.061186,23.557199,0.040000,23.517199
742,33.664865,34.925267,31.925267,37.925267,informed,none,0.000000,-2,92.061186,24.731456,0.040000,24.691456
743,31.829293,32.121268,29.121268,35.121268,informed,none,0.000000,-2,92.061186,28.402601,0.040000,28.362601
744,32.007143,32.440927,29.440927,35.440927,informed,none,0.000000,-2,92.061186,28.046900,0.040000,28.006900
745,34.355344,34.177780,31.177780,37.177780,informed,none,0.000000,-2,92.061186,23.350499,0.040000,23.310499
746,33.498129,33.376951,30.376951,36.376951,informed,none,0.000000,-2,92.061186,25.064928,0.040000,25.024928
747,33.855315,34.884009,31.884009,37.884009,informed,none,0.000000,-2,92.061186,24.350557,0.040000,24.310557
748,33.691352,33.795682,30.795682,36.795682,informed,none,0.000000,-2,92.061186,24.678482,0.040000,24.638482
749,33.704075,32.117466,29.117466,35.117466,price_sensitive_uninformed,none,0.000000,-2,92.061186,24.653036,0.040000,24.613036
750,33.560739,34.312441,31.312441,37.312441,price_sensitive_uninformed,none,0.000000,-2,92.061186,24.939709,0.040000,24.899709
751,32.573635,33.962390,30.962390,36.962390,price_sensitive_uninformed,none,0.000000,-2,92.061186,26.913916,0.040000,26.873916
752,30.937177,30.953834,27.953834,33.953834,price_sensitive_uninformed,none,0.000000,-2,92.061186,30.186833,0.040000,30.146833
753,30.830723,32.037615,29.037615,35.037615,informed,none,0.000000,-2,92.061186,30.399741,0.040000,30.359741
754,30.768465,30.207616,27.207616,33.207616,price_sensitive_uninformed,none,0.000000,-2,92.061186,30.524256,0.040000,30.484256
755,30.227601,30.805386,27.805386,33.805386,informed,none,0.000000,-2,92.061186,31.605985,0.040000,31.565985
756,30.933036,31.836790,28.836790,34.836790,price_sensitive_uninformed,none,0.000000,-2,92.061186,30.195115,0.040000,30.155115
757,30.962568,32.558546,29.558546,35.558546,informed,none,0.000000,-2,92.061186,30.136051,0.040000,30.096051
758,31.427529,30.514582,27.514582,33.514582,price_sensitive_uninformed,none,0.000000,-2,92.061186,29.206129,0.040000,29.166129
759,28.372307,28.835305,25.835305,31.835305,price_sensitive_uninformed,none,0.000000,-2,92.061186,35.316572,0.040000,35.276572
760,28.846199,30.418754,27.418754,33.418754,price_sensitive_uninformed,none,0.000000,-2,92.061186,34.368788,0.040000,34.328788
761,30.758663,31.600966,28.600966,34.600966,informed,none,0.000000,-2,92.061186,30.543861,0.040000,30.503861
762,29.787015,29.435894,26.435894,32.435894,informed,none,0.000000,-2,92.061186,32.487156,0.040000,32.447156
763,28.936358,28.440622,25.440622,31.440622,price_sensitive_uninformed,none,0.000000,-2,92.061186,34.188471,0.040000,34.148471
764,28.771038,27.476603,24.476603,30.476603,price_sensitive_uninformed,none,0.000000,-2,92.061186,34.519109,0.040000,34.479109
765,27.737834,27.785685,24.785685,30.785685,informed,none,0.000000,-2,92.061186,36.585519,0.040000,36.545519
766,26.664855,26.721831,23.721831,29.721831,price_sensitive_uninformed,none,0.000000,-2,92.061186,38.731477,0.040000,38.691477
767,27.174575,27.469343,24.469343,30.469343,price_sensitive_uninformed,none,0.000000,-2,92.061186,37.712036,0.040000,37.672036
768,27.534836,25.805611,22.805611,28.805611,price_sensitive_uninformed,none,0.000000,-2,92.061186,36.991515,0.040000,36.951515
769,27.950703,28.556318,25.556318,31.556318,informed,none,0.000000,-2,92.061186,36.159781,0.040000,36.119781
770,27.502565,27.792788,24.792788,30.792788,price_sensitive_uninformed,none,0.000000,-2,92.061186,37.056057,0.040000,37.016057
771,26.949751,26.308786,23.308786,29.308786,informed,none,0.000000,-2,92.061186,38.161684,0.040000,38.121684
772,27.887604,28.853046,25.853046,31.853046,informed,none,0.000000,-2,92.061186,36.285979,0.040000,36.245979
773,27.625732,27.273444,24.273444,30.273444,informed,none,0.000000,-2,92.061186,36.809723,0.040000,36.769723
774,27.815417,27.243880,24.243880,30.243880,price_sensitive_uninformed,none,0.000000,-2,92.061186,36.430352,0.040000,36.390352
775,26.596021,24.999162,21.999162,27.999162,price_sensitive_uninformed,none,0.000000,-2,92.061186,38.869144,0.040000,38.829144
776,27.108381,28.191682,25.191682,31.191682,price_sensitive_uninformed,none,0.000000,-2,92.061186,37.844425,0.040000,37.804425
777,28.369857,29.425018,26.425018,32.425018,price_sensitive_uninformed,buy_from_mm,32.425018,-3,124.486204,39.376632,0.090000,39.286632
778,29.558635,30.967319,27.967319,33.967319,price_sensitive_uninformed,none,0.000000,-3,124.486204,35.810299,0.090000,35.720299
779,30.895166,30.725830,27.725830,33.725830,informed,none,0.000000,-3,124.486204,31.800706,0.090000,31.710706
780,29.835698,29.094393,26.094393,32.094393,informed,none,0.000000,-3,124.486204,34.979112,0.090000,34.889112
781,29.921018,29.984379,26.984379,32.984379,informed,none,0.000000,-3,124.486204,34.723149,0.090000,34.633149
782,29.572562,31.099520,28.099520,34.099520,informed,none,0.000000,-3,124.486204,35.768518,0.090000,35.678518
783,31.305691,31.215921,28.215921,34.215921,price_sensitive_uninformed,none,0.000000,-3,124.486204,30.569132,0.090000,30.479132
784,31.486679,31.498905,28.498905,34.498905,price_sensitive_uninformed,none,0.000000,-3,124.486204,30.026166,0.090000,29.936166
785,30.062850,29.084251,26.084251,32.084251,informed,none,0.000000,-3,124.486204,34.297653,0.090000,34.207653
786,30.030972,30.852690,27.852690,33.852690,price_sensitive_uninformed,none,0.000000,-3,124.486204,34.393287,0.090000,34.303287
787,29.596897,29.613282,26.613282,32.613282,price_sensitive_uninformed,none,0.000000,-3,124.486204,35.695512,0.090000,35.605512
788,29.381968,28.919912,25.919912,31.919912,informed,none,0.000000,-3,124.486204,36.340301,0.090000,36.250301
789,30.058283,27.898583,24.898583,30.898583,price_sensitive_uninformed,none,0.000000,-3,124.486204,34.311355,0.090000,34.221355
790,30.303361,29.522572,26.522572,32.522572,informed,none,0.000000,-3,124.486204,33.576120,0.090000,33.486120
791,29.023330,27.402239,24.402239,30.402239,informed,none,0.000000,-3,124.486204,37.416214,0.090000,37.326214
792,29.255704,28.809605,25.809605,31.809605,price_sensitive_uninformed,none,0.000000,-3,124.486204,36.719092,0.090000,36.629092
793,29.134943,26.468028,23.468028,29.468028,price_sensitive_uninformed,none,0.000000,-3,124.486204,37.081376,0.090000,36.991376
794,27.329734,26.816903,23.816903,29.816903,informed,none,0.000000,-3,124.486204,42.497001,0.090000,42.407001
795,27.611214,28.026619,25.026619,31.026619,price_sensitive_uninformed,none,0.000000,-3,124.486204,41.652563,0.090000,41.562563
796,27.531371,27.745676,24.745676,30.745676,informed,none,0.000000,-3,124.486204,41.892091,0.090000,41.802091
797,26.269743,26.335775,23.335775,29.335775,informed,none,0.000000,-3,124.486204,45.676974,0.090000,45.586974
798,25.643565,24.818599,21.818599,27.818599,informed,none,0.000000,-3,124.486204,47.555508,0.090000,47.465508
799,25.477903,24.306917,21.306917,27.306917,informed,none,0.000000,-3,124.486204,48.052496,0.090000,47.962496
800,26.976311,24.996862,21.996862,27.996862,price_sensitive_uninformed,none,0.000000,-3,124.486204,43.557271,0.090000,43.467271
801,27.743728,28.553386,25.553386,31.553386,informed,none,0.000000,-3,124.486204,41.255019,0.090000,41.165019
802,26.939549,26.465780,23.465780,29.465780,price_sensitive_uninformed,none,0.000000,-3,124.486204,43.667558,0.090000,43.577558
803,27.837162,26.705986,23.705986,29.705986,price_sensitive_uninformed,none,0.000000,-3,124.486204,40.974719,0.090000,40.884719
804,26.604949,25.145031,22.145031,28.145031,price_sensitive_uninformed,none,0.000000,-3,124.486204,44.671357,0.090000,44.581357
805,25.780820,24.029202,21.029202,27.029202,price_sensitive_uninformed,none,0.000000,-3,124.486204,47.143743,0.090000,47.053743
806,26.293664,27.248655,24.248655,30.248655,price_sensitive_uninformed,none,0.000000,-3,124.486204,45.605212,0.090000,45.515212
807,27.284798,27.231116,24.231116,30.231116,price_sensitive_uninformed,none,0.000000,-3,124.486204,42.631811,0.090000,42.541811
808,26.360124,26.450330,23.450330,29.450330,informed,none,0.000000,-3,124.486204,45.405832,0.090000,45.315832
809,24.751438,27.278583,24.278583,30.278583,price_sensitive_uninformed,none,0.000000,-3,124.486204,50.231891,0.090000,50.141891
810,25.762698,26.507779,23.507779,29.507779,price_sensitive_uninformed,none,0.000000,-3,124.486204,47.198110,0.090000,47.108110
811,23.918694,25.549017,22.549017,28.549017,price_sensitive_uninformed,none,0.000000,-3,124.486204,52.730122,0.090000,52.640122
812,24.822041,23.606375,20.606375,26.606375,price_sensitive_uninformed,none,0.000000,-3,124.486204,50.020080,0.090000,49.930080
813,24.924817,24.781211,21.781211,27.781211,informed,none,0.000000,-3,124.486204,49.711753,0.090000,49.621753
814,25.766670,24.769698,21.769698,27.769698,informed,none,0.000000,-3,124.486204,47.186193,0.090000,47.096193
815,25.784773,25.447845,22.447845,28.447845,price_sensitive_uninformed,none,0.000000,-3,124.486204,47.131884,0.090000,47.041884
816,25.808864,23.643916,20.643916,26.643916,price_sensitive_uninformed,none,0.000000,-3,124.486204,47.059611,0.090000,46.969611
817,26.741150,27.589663,24.589663,30.589663,informed,none,0.000000,-3,124.486204,44.262754,0.090000,44.172754
818,25.844616,27.032576,24.032576,30.032576,price_sensitive_uninformed,sell_to_mm,24.032576,-2,100.453628,48.764395,0.040000,48.724395
819,26.605836,27.619587,24.619587,30.619587,informed,none,0.000000,-2,100.453628,47.241955,0.040000,47.201955
820,26.344121,25.632018,22.632018,28.632018,price_sensitive_uninformed,none,0.000000,-2,100.453628,47.765387,0.040000,47.725387
821,25.750542,24.727976,21.727976,27.727976,informed,none,0.000000,-2,100.453628,48.952545,0.040000,48.912545
822,26.619556,25.261659,22.261659,28.261659,informed,none,0.000000,-2,100.453628,47.214517,0.040000,47.174517
823,26.918231,26.212577,23.212577,29.212577,informed,none,0.000000,-2,100.453628,46.617166,0.040000,46.577166
824,26.537920,26.067772,23.067772,29.067772,informed,none,0.000000,-2,100.453628,47.377788,0.040000,47.337788
825,26.511606,24.529071,21.529071,27.529071,price_sensitive_uninformed,none,0.000000,-2,100.453628,47.430417,0.040000,47.390417
826,27.574627,27.935980,24.935980,30.935980,informed,none,0.000000,-2,100.453628,45.304375,0.040000,45.264375
827,26.097931,26.692915,23.692915,29.692915,informed,none,0.000000,-2,100.453628,48.257767,0.040000,48.217767
828,24.602216,25.773393,22.773393,28.773393,price_sensitive_uninformed,none,0.000000,-2,100.453628,51.249197,0.040000,51.209197
829,24.845293,26.075357,23.075357,29.075357,price_sensitive_uninformed,none,0.000000,-2,100.453628,50.763042,0.040000,50.723042
830,24.700601,23.786557,20.786557,26.786557,informed,none,0.000000,-2,100.453628,51.052425,0.040000,51.012425
831,25.664688,26.231222,23.231222,29.231222,price_sensitive_uninformed,none,0.000000,-2,100.453628,49.124253,0.040000,49.084253
832,24.484030,25.430623,22.430623,28.430623,price_sensitive_uninformed,none,0.000000,-2,100.453628,51.485568,0.040000,51.445568
833,24.169722,23.924777,20.924777,26.924777,informed,none,0.000000,-2,100.453628,52.114183,0.040000,52.074183
834,25.604162,23.929318,20.929318,26.929318,price_sensitive_uninformed,none,0.000000,-2,100.453628,49.245304,0.040000,49.205304
835,23.974615,23.904466,20.904466,26.904466,informed,none,0.000000,-2,100.453628,52.504398,0.040000,52.464398
836,23.568570,22.374893,19.374893,25.374893,price_sensitive_uninformed,none,0.000000,-2,100.453628,53.316489,0.040000,53.276489
837,24.762458,27.240378,24.240378,30.240378,informed,none,0.000000,-2,100.453628,50.928713,0.040000,50.888713
838,24.038131,23.709942,20.709942,26.709942,price_sensitive_uninformed,none,0.000000,-2,100.453628,52.377367,0.040000,52.337367
839,23.424067,23.751820,20.751820,26.751820,informed,none,0.000000,-2,100.453628,53.605494,0.040000,53.565494
840,22.728934,22.565720,19.565720,25.565720,informed,none,0.000000,-2,100.453628,54.995761,0.040000,54.955761
841,21.797573,20.966137,17.966137,23.966137,price_sensitive_uninformed,none,0.000000,-2,100.453628,56.858483,0.040000,56.818483
842,22.861254,21.693775,18.693775,24.693775,price_sensitive_uninformed,none,0.000000,-2,100.453628,54.731121,0.040000,54.691121
843,22.471189,21.132129,18.132129,24.132129,price_sensitive_uninformed,none,0.000000,-2,100.453628,55.511250,0.040000,55.471250
844,22.105841,21.595208,18.595208,24.595208,price_sensitive_uninformed,none,0.000000,-2,100.453628,56.241946,0.040000,56.201946
845,20.646734,20.649318,17.649318,23.649318,price_sensitive_uninformed,none,0.000000,-2,100.453628,59.160161,0.040000,59.120161
846,21.894110,22.112151,19.112151,25.112151,informed,none,0.000000,-2,100.453628,56.665409,0.040000,56.625409
847,21.795613,23.233809,20.233809,26.233809,price_sensitive_uninformed,none,0.000000,-2,100.453628,56.862402,0.040000,56.822402
848,22.071775,22.718616,19.718616,25.718616,price_sensitive_uninformed,none,0.000000,-2,100.453628,56.310079,0.040000,56.270079
849,22.309557,21.074604,18.074604,24.074604,informed,none,0.000000,-2,100.453628,55.834513,0.040000,55.794513
850,20.705038,20.269607,17.269607,23.269607,price_sensitive_uninformed,none,0.000000,-2,100.453628,59.043552,0.040000,59.003552
851,20.993150,20.828326,17.828326,23.828326,price_sensitive_uninformed,none,0.000000,-2,100.453628,58.467327,0.040000,58.427327
852,21.976802,20.175274,17.175274,23.175274,informed,none,0.000000,-2,100.453628,56.500024,0.040000,56.460024
853,22.180552,22.024041,19.024041,25.024041,price_sensitive_uninformed,none,0.000000,-2,100.453628,56.092524,0.040000,56.052524
854,21.799875,20.547044,17.547044,23.547044,informed,none,0.000000,-2,100.453628,56.853879,0.040000,56.813879
855,21.741218,23.314679,20.314679,26.314679,informed,none,0.000000,-2,100.453628,56.971192,0.040000,56.931192
856,23.322368,21.909962,18.909962,24.909962,price_sensitive_uninformed,none,0.000000,-2,100.453628,53.808892,0.040000,53.768892
857,23.461971,23.360282,20.360282,26.360282,informed,none,0.000000,-2,100.453628,53.529685,0.040000,53.489685
858,23.059791,22.093240,19.093240,25.093240,price_sensitive_uninformed,none,0.000000,-2,100.453628,54.334047,0.040000,54.294047
859,23.062517,23.643634,20.643634,26.643634,price_sensitive_uninformed,none,0.000000,-2,100.453628,54.328594,0.040000,54.288594
860,24.677115,25.684404,22.684404,28.684404,price_sensitive_uninformed,none,0.000000,-2,100.453628,51.099398,0.040000,51.059398
861,24.625222,22.326237,19.326237,25.326237,informed,none,0.000000,-2,100.453628,51.203184,0.040000,51.163184
862,25.713050,26.888957,23.888957,29.888957,informed,none,0.000000,-2,100.453628,49.027527,0.040000,48.987527
863,26.603385,26.813174,23.813174,29.813174,price_sensitive_uninformed,none,0.000000,-2,100.453628,47.246859,0.040000,47.206859
864,24.873790,26.398300,23.398300,29.398300,informed,none,0.000000,-2,100.453628,50.706049,0.040000,50.666049
865,24.116264,23.889224,20.889224,26.889224,price_sensitive_uninformed,none,0.000000,-2,100.453628,52.221101,0.040000,52.181101
866,24.169209,23.372805,20.372805,26.372805,price_sensitive_uninformed,none,0.000000,-2,100.453628,52.115209,0.040000,52.075209
867,23.981974,23.546046,20.546046,26.546046,informed,none,0.000000,-2,100.453628,52.489681,0.040000,52.449681
868,24.898607,25.418912,22.418912,28.418912,price_sensitive_uninformed,none,0.000000,-2,100.453628,50.656414,0.040000,50.616414
869,27.224550,28.869314,25.869314,31.869314,price_sensitive_uninformed,buy_from_mm,31.869314,-3,132.322943,50.649292,0.090000,50.559292
870,25.740609,25.246578,22.246578,28.246578,price_sensitive_uninformed,none,0.000000,-3,132.322943,55.101116,0.090000,55.011116
871,25.473920,25.217868,22.217868,28.217868,informed,none,0.000000,-3,132.322943,55.901183,0.090000,55.811183
872,25.416536,24.298647,21.298647,27.298647,price_sensitive_uninformed,none,0.000000,-3,132.322943,56.073336,0.090000,55.983336
873,26.393434,27.255041,24.255041,30.255041,informed,none,0.000000,-3,132.322943,53.142641,0.090000,53.052641
874,28.028751,29.535751,26.535751,32.535751,informed,none,0.000000,-3,132.322943,48.236689,0.090000,48.146689
875,28.047579,26.785718,23.785718,29.785718,informed,none,0.000000,-3,132.322943,48.180205,0.090000,48.090205
876,28.484958,28.327261,25.327261,31.327261,price_sensitive_uninformed,none,0.000000,-3,132.322943,46.868068,0.090000,46.778068
877,26.830692,27.525395,24.525395,30.525395,informed,none,0.000000,-3,132.322943,51.830867,0.090000,51.740867
878,26.367270,25.281167,22.281167,28.281167,price_sensitive_uninformed,none,0.000000,-3,132.322943,53.221134,0.090000,53.131134
879,26.252731,27.928357,24.928357,30.928357,price_sensitive_uninformed,none,0.000000,-3,132.322943,53.564750,0.090000,53.474750
880,27.519045,27.180813,24.180813,30.180813,price_sensitive_uninformed,none,0.000000,-3,132.322943,49.765806,0.090000,49.675806
881,25.647238,24.218301,21.218301,27.218301,price_sensitive_uninformed,buy_from_mm,27.218301,-4,159.541244,56.952292,0.160000,56.792292
882,25.341001,25.713814,22.713814,28.713814,price_sensitive_uninformed,none,0.000000,-4,159.541244,58.177241,0.160000,58.017241
883,26.950644,24.405249,21.405249,27.405249,price_sensitive_uninformed,none,0.000000,-4,159.541244,51.738667,0.160000,51.578667
884,28.310624,28.378603,25.378603,31.378603,price_sensitive_uninformed,none,0.000000,-4,159.541244,46.298747,0.160000,46.138747
885,25.647106,25.785044,22.785044,28.785044,price_sensitive_uninformed,none,0.000000,-4,159.541244,56.952819,0.160000,56.792819
886,25.898641,25.966776,22.966776,28.966776,informed,none,0.000000,-4,159.541244,55.946679,0.160000,55.786679
887,25.039841,27.669613,24.669613,30.669613,informed,none,0.000000,-4,159.541244,59.381882,0.160000,59.221882
888,25.005183,24.574123,21.574123,27.574123,informed,none,0.000000,-4,159.541244,59.520514,0.160000,59.360514
889,24.360540,23.396679,20.396679,26.396679,informed,none,0.000000,-4,159.541244,62.099086,0.160000,61.939086
890,24.578743,25.064273,22.064273,28.064273,informed,none,0.000000,-4,159.541244,61.226274,0.160000,61.066274
891,27.042898,26.984330,23.984330,29.984330,price_sensitive_uninformed,none,0.000000,-4,159.541244,51.369652,0.160000,51.209652
892,27.970414,29.198761,26.198761,32.198761,informed,none,0.000000,-4,159.541244,47.659587,0.160000,47.499587
893,28.262606,25.675179,22.675179,28.675179,informed,none,0.000000,-4,159.541244,46.490820,0.160000,46.330820
894,30.362601,29.680892,26.680892,32.680892,informed,none,0.000000,-4,159.541244,38.090840,0.160000,37.930840
895,29.769983,30.674422,27.674422,33.674422,informed,none,0.000000,-4,159.541244,40.461312,0.160000,40.301312
896,30.212052,29.919495,26.919495,32.919495,price_sensitive_uninformed,none,0.000000,-4,159.541244,38.693037,0.160000,38.533037
897,30.571912,31.553793,28.553793,34.553793,informed,none,0.000000,-4,159.541244,37.253596,0.160000,37.093596
898,30.265003,31.031814,28.031814,34.031814,price_sensitive_uninformed,none,0.000000,-4,159.541244,38.481234,0.160000,38.321234
899,28.862221,29.020648,26.020648,32.020648,price_sensitive_uninformed,none,0.000000,-4,159.541244,44.092360,0.160000,43.932360
900,27.918707,27.624981,24.624981,30.624981,informed,none,0.000000,-4,159.541244,47.866417,0.160000,47.706417
901,26.817128,27.062060,24.062060,30.062060,informed,none,0.000000,-4,159.541244,52.272732,0.160000,52.112732
902,27.836365,26.193677,23.193677,29.193677,price_sensitive_uninformed,none,0.000000,-4,159.541244,48.195785,0.160000,48.035785
903,27.499340,28.693796,25.693796,31.693796,price_sensitive_uninformed,none,0.000000,-4,159.541244,49.543885,0.160000,49.383885
904,27.344166,26.165840,23.165840,29.165840,informed,none,0.000000,-4,159.541244,50.164582,0.160000,50.004582
905,27.540622,29.517919,26.517919,32.517919,informed,none,0.000000,-4,159.541244,49.378756,0.160000,49.218756
906,27.288421,27.210069,24.210069,30.210069,price_sensitive_uninformed,none,0.000000,-4,159.541244,50.387560,0.160000,50.227560
907,28.153148,28.902969,25.902969,31.902969,price_sensitive_uninformed,none,0.000000,-4,159.541244,46.928651,0.160000,46.768651
908,29.645642,30.624607,27.624607,33.624607,informed,none,0.000000,-4,159.541244,40.958678,0.160000,40.798678
909,28.535557,28.688122,25.688122,31.688122,price_sensitive_uninformed,none,0.000000,-4,159.541244,45.399018,0.160000,45.239018
910,25.919579,25.874377,22.874377,28.874377,informed,none,0.000000,-4,159.541244,55.862928,0.160000,55.702928
911,28.343845,29.085800,26.085800,32.085800,informed,none,0.000000,-4,159.541244,46.165864,0.160000,46.005864
912,29.912375,27.761076,24.761076,30.761076,price_sensitive_uninformed,none,0.000000,-4,159.541244,39.891744,0.160000,39.731744
913,30.384388,31.119694,28.119694,34.119694,price_sensitive_uninformed,none,0.000000,-4,159.541244,38.003690,0.160000,37.843690
914,30.236771,29.817720,26.817720,32.817720,price_sensitive_uninformed,none,0.000000,-4,159.541244,38.594162,0.160000,38.434162
915,29.578070,28.455516,25.455516,31.455516,price_sensitive_uninformed,none,0.000000,-4,159.541244,41.228963,0.160000,41.068963
916,30.583020,30.754424,27.754424,33.754424,price_sensitive_uninformed,none,0.000000,-4,159.541244,37.209163,0.160000,37.049163
917,30.605265,29.367353,26.367353,32.367353,informed,none,0.000000,-4,159.541244,37.120186,0.160000,36.960186
918,29.797447,28.932371,25.932371,31.932371,informed,none,0.000000,-4,159.541244,40.351458,0.160000,40.191458
919,29.444912,29.233223,26.233223,32.233223,informed,none,0.000000,-4,159.541244,41.761597,0.160000,41.601597
920,29.753524,28.414014,25.414014,31.414014,informed,none,0.000000,-4,159.541244,40.527149,0.160000,40.367149
921,29.789576,29.293375,26.293375,32.293375,price_sensitive_uninformed,none,0.000000,-4,159.541244,40.382940,0.160000,40.222940
922,29.903538,29.158024,26.158024,32.158024,price_sensitive_uninformed,none,0.000000,-4,159.541244,39.927090,0.160000,39.767090
923,31.003387,30.687759,27.687759,33.687759,informed,none,0.000000,-4,159.541244,35.527694,0.160000,35.367694
924,30.479673,31.942619,28.942619,34.942619,price_sensitive_uninformed,none,0.000000,-4,159.541244,37.622551,0.160000,37.462551
925,29.117818,28.402578,25.402578,31.402578,informed,none,0.000000,-4,159.541244,43.069973,0.160000,42.909973
926,29.178212,30.248866,27.248866,33.248866,informed,none,0.000000,-4,159.541244,42.828396,0.160000,42.668396
927,29.049057,28.294696,25.294696,31.294696,price_sensitive_uninformed,none,0.000000,-4,159.541244,43.345018,0.160000,43.185018
928,28.617727,29.521010,26.521010,32.521010,informed,none,0.000000,-4,159.541244,45.070335,0.160000,44.910335
929,28.531568,28.847046,25.847046,31.847046,price_sensitive_uninformed,none,0.000000,-4,159.541244,45.414970,0.160000,45.254970
930,30.104186,30.244003,27.244003,33.244003,informed,none,0.000000,-4,159.541244,39.124501,0.160000,38.964501
931,30.182335,30.980839,27.980839,33.980839,price_sensitive_uninformed,none,0.000000,-4,159.541244,38.811904,0.160000,38.651904
932,28.753114,28.344335,25.344335,31.344335,price_sensitive_uninformed,none,0.000000,-4,159.541244,44.528787,0.160000,44.368787
933,28.008450,27.625259,24.625259,30.625259,informed,none,0.000000,-4,159.541244,47.507444,0.160000,47.347444
934,29.089136,29.332598,26.332598,32.332598,informed,none,0.000000,-4,159.541244,43.184700,0.160000,43.024700
935,28.787658,27.360664,24.360664,30.360664,price_sensitive_uninformed,none,0.000000,-4,159.541244,44.390614,0.160000,44.230614
936,29.040322,28.867996,25.867996,31.867996,informed,none,0.000000,-4,159.541244,43.379954,0.160000,43.219954
937,28.523137,27.952918,24.952918,30.952918,informed,none,0.000000,-4,159.541244,45.448698,0.160000,45.288698
938,28.714079,28.812061,25.812061,31.812061,informed,none,0.000000,-4,159.541244,44.684928,0.160000,44.524928
939,27.300720,28.513171,25.513171,31.513171,price_sensitive_uninformed,none,0.000000,-4,159.541244,50.338364,0.160000,50.178364
940,27.362699,28.280703,25.280703,31.280703,informed,none,0.000000,-4,159.541244,50.090450,0.160000,49.930450
941,28.317352,29.474108,26.474108,32.474108,price_sensitive_uninformed,none,0.000000,-4,159.541244,46.271837,0.160000,46.111837
942,29.613095,31.026137,28.026137,34.026137,price_sensitive_uninformed,none,0.000000,-4,159.541244,41.088864,0.160000,40.928864
943,28.920460,27.185419,24.185419,30.185419,informed,none,0.000000,-4,159.541244,43.859406,0.160000,43.699406
944,27.623960,28.920181,25.920181,31.920181,price_sensitive_uninformed,none,0.000000,-4,159.541244,49.045406,0.160000,48.885406
945,28.634349,27.908790,24.908790,30.908790,informed,none,0.000000,-4,159.541244,45.003850,0.160000,44.843850
946,28.365539,26.350692,23.350692,29.350692,informed,none,0.000000,-4,159.541244,46.079087,0.160000,45.919087
947,28.489572,28.242707,25.242707,31.242707,informed,none,0.000000,-4,159.541244,45.582954,0.160000,45.422954
948,29.326047,30.692112,27.692112,33.692112,price_sensitive_uninformed,none,0.000000,-4,159.541244,42.237056,0.160000,42.077056
949,29.429530,31.202659,28.202659,34.202659,price_sensitive_uninformed,none,0.000000,-4,159.541244,41.823125,0.160000,41.663125
950,29.348377,30.140713,27.140713,33.140713,informed,none,0.000000,-4,159.541244,42.147738,0.160000,41.987738
951,29.841365,30.608549,27.608549,33.608549,informed,none,0.000000,-4,159.541244,40.175784,0.160000,40.015784
952,28.402389,25.846401,22.846401,28.846401,price_sensitive_uninformed,none,0.000000,-4,159.541244,45.931688,0.160000,45.771688
953,28.208737,28.577338,25.577338,31.577338,informed,none,0.000000,-4,159.541244,46.706296,0.160000,46.546296
954,28.315036,28.637928,25.637928,31.637928,price_sensitive_uninformed,none,0.000000,-4,159.541244,46.281099,0.160000,46.121099
955,28.022003,27.939696,24.939696,30.939696,informed,none,0.000000,-4,159.541244,47.453231,0.160000,47.293231
956,28.185391,29.858741,26.858741,32.858741,price_sensitive_uninformed,none,0.000000,-4,159.541244,46.799680,0.160000,46.639680
957,29.054934,28.524530,25.524530,31.524530,price_sensitive_uninformed,none,0.000000,-4,159.541244,43.321510,0.160000,43.161510
958,27.564694,27.225461,24.225461,30.225461,price_sensitive_uninformed,none,0.000000,-4,159.541244,49.282470,0.160000,49.122470
959,27.795686,27.997846,24.997846,30.997846,informed,none,0.000000,-4,159.541244,48.358499,0.160000,48.198499
960,28.977843,30.458354,27.458354,33.458354,informed,none,0.000000,-4,159.541244,43.629871,0.160000,43.469871
961,30.117063,28.623884,25.623884,31.623884,informed,none,0.000000,-4,159.541244,39.072993,0.160000,38.912993
962,29.036771,29.087122,26.087122,32.087122,price_sensitive_uninformed,none,0.000000,-4,159.541244,43.394159,0.160000,43.234159
963,28.339196,27.909073,24.909073,30.909073,price_sensitive_uninformed,none,0.000000,-4,159.541244,46.184461,0.160000,46.024461
964,28.304021,27.683270,24.683270,30.683270,informed,none,0.000000,-4,159.541244,46.325159,0.160000,46.165159
965,29.507613,29.313797,26.313797,32.313797,price_sensitive_uninformed,none,0.000000,-4,159.541244,41.510793,0.160000,41.350793
966,31.239611,31.686301,28.686301,34.686301,informed,none,0.000000,-4,159.541244,34.582801,0.160000,34.422801
967,31.357588,33.202880,30.202880,36.202880,price_sensitive_uninformed,none,0.000000,-4,159.541244,34.110893,0.160000,33.950893
968,30.426212,30.409147,27.409147,33.409147,informed,none,0.000000,-4,159.541244,37.836397,0.160000,37.676397
969,30.816410,30.466709,27.466709,33.466709,price_sensitive_uninformed,none,0.000000,-4,159.541244,36.275605,0.160000,36.115605
970,29.918069,30.018117,27.018117,33.018117,price_sensitive_uninformed,none,0.000000,-4,159.541244,39.868968,0.160000,39.708968
971,29.657688,28.214006,25.214006,31.214006,informed,none,0.000000,-4,159.541244,40.910494,0.160000,40.750494
972,30.278068,30.330629,27.330629,33.330629,informed,none,0.000000,-4,159.541244,38.428972,0.160000,38.268972
973,28.755238,29.390018,26.390018,32.390018,informed,none,0.000000,-4,159.541244,44.520291,0.160000,44.360291
974,27.865391,29.020661,26.020661,32.020661,informed,none,0.000000,-4,159.541244,48.079681,0.160000,47.919681
975,27.347729,25.925793,22.925793,28.925793,price_sensitive_uninformed,none,0.000000,-4,159.541244,50.150329,0.160000,49.990329
976,27.018988,27.030856,24.030856,30.030856,informed,none,0.000000,-4,159.541244,51.465292,0.160000,51.305292
977,26.970132,27.591163,24.591163,30.591163,price_sensitive_uninformed,none,0.000000,-4,159.541244,51.660717,0.160000,51.500717
978,24.084213,24.284882,21.284882,27.284882,price_sensitive_uninformed,none,0.000000,-4,159.541244,63.204391,0.160000,63.044391
979,24.520844,25.011488,22.011488,28.011488,price_sensitive_uninformed,none,0.000000,-4,159.541244,61.457866,0.160000,61.297866
980,22.986984,20.606416,17.606416,23.606416,price_sensitive_uninformed,none,0.000000,-4,159.541244,67.593308,0.160000,67.433308
981,22.095079,21.425235,18.425235,24.425235,price_sensitive_uninformed,none,0.000000,-4,159.541244,71.160928,0.160000,71.000928
982,21.664079,21.196678,18.196678,24.196678,informed,none,0.000000,-4,159.541244,72.884928,0.160000,72.724928
983,20.078067,21.280434,18.280434,24.280434,informed,none,0.000000,-4,159.541244,79.228977,0.160000,79.068977
984,18.389970,18.347276,15.347276,21.347276,price_sensitive_uninformed,none,0.000000,-4,159.541244,85.981363,0.160000,85.821363
985,18.275934,16.256796,13.256796,19.256796,informed,none,0.000000,-4,159.541244,86.437509,0.160000,86.277509
986,18.830768,19.903085,16.903085,22.903085,price_sensitive_uninformed,none,0.000000,-4,159.541244,84.218172,0.160000,84.058172
987,17.739074,18.264490,15.264490,21.264490,price_sensitive_uninformed,none,0.000000,-4,159.541244,88.584949,0.160000,88.424949
988,17.958227,16.731728,13.731728,19.731728,price_sensitive_uninformed,none,0.000000,-4,159.541244,87.708336,0.160000,87.548336
989,18.007032,17.362022,14.362022,20.362022,price_sensitive_uninformed,none,0.000000,-4,159.541244,87.513117,0.160000,87.353117
990,18.091666,17.169549,14.169549,20.169549,informed,none,0.000000,-4,159.541244,87.174582,0.160000,87.014582
991,16.147133,15.750078,12.750078,18.750078,price_sensitive_uninformed,none,0.000000,-4,159.541244,94.952714,0.160000,94.792714
992,16.095235,18.014298,15.014298,21.014298,price_sensitive_uninformed,none,0.000000,-4,159.541244,95.160305,0.160000,95.000305
993,16.410759,15.942756,12.942756,18.942756,price_sensitive_uninformed,none,0.000000,-4,159.541244,93.898207,0.160000,93.738207
994,15.326321,15.263743,12.263743,18.263743,price_sensitive_uninformed,none,0.000000,-4,159.541244,98.235961,0.160000,98.075961
995,15.095754,14.954723,11.954723,17.954723,informed,none,0.000000,-4,159.541244,99.158228,0.160000,98.998228
996,12.948686,13.910919,10.910919,16.910919,informed,none,0.000000,-4,159.541244,107.746501,0.160000,107.586501
997,10.921974,11.439264,8.439264,14.439264,price_sensitive_uninformed,none,0.000000,-4,159.541244,115.853349,0.160000,115.693349
998,10.887780,10.360738,7.360738,13.360738,informed,none,0.000000,-4,159.541244,115.990123,0.160000,115.830123
999,10.742040,11.352908,8.352908,14.352908,price_sensitive_uninformed,none,0.000000,-4,159.541244,116.573083,0.160000,116.413083
1000,12.042616,12.996569,9.996569,15.996569,informed,none,0.000000,-4,159.541244,111.370780,0.160000,111.210780
1001,11.289140,11.431193,8.431193,14.431193,price_sensitive_uninformed,none,0.000000,-4,159.541244,114.384685,0.160000,114.224685
1002,10.688369,8.879792,5.879792,11.879792,price_sensitive_uninformed,none,0.000000,-4,159.541244,116.787767,0.160000,116.627767
1003,11.379287,11.425697,8.425697,14.425697,informed,none,0.000000,-4,159.541244,114.024098,0.160000,113.864098
1004,11.564430,10.665440,7.665440,13.665440,price_sensitive_uninformed,none,0.000000,-4,159.541244,113.283526,0.160000,113.123526
1005,11.167640,9.678570,6.678570,12.678570,price_sensitive_uninformed,none,0.000000,-4,159.541244,114.870684,0.160000,114.710684
1006,12.576981,12.797694,9.797694,15.797694,informed,none,0.000000,-4,159.541244,109.233322,0.160000,109.073322
1007,11.346666,11.540804,8.540804,14.540804,informed,none,0.000000,-4,159.541244,114.154582,0.160000,113.994582
1008,11.475352,12.237141,9.237141,15.237141,price_sensitive_uninformed,none,0.000000,-4,159.541244,113.639837,0.160000,113.479837
1009,12.134575,11.553704,8.553704,14.553704,price_sensitive_uninformed,none,0.000000,-4,159.541244,111.002945,0.160000,110.842945
1010,11.467130,12.531167,9.531167,15.531167,price_sensitive_uninformed,none,0.000000,-4,159.541244,113.672725,0.160000,113.512725
1011,10.744160,11.294685,8.294685,14.294685,informed,none,0.000000,-4,159.541244,116.564602,0.160000,116.404602
1012,10.759494,10.295377,7.295377,13.295377,informed,none,0.000000,-4,159.541244,116.503270,0.160000,116.343270
1013,11.255723,8.670638,5.670638,11.670638,informed,none,0.000000,-4,159.541244,114.518350,0.160000,114.358350
1014,10.111277,9.211919,6.211919,12.211919,price_sensitive_uninformed,none,0.000000,-4,159.541244,119.096135,0.160000,118.936135
1015,9.920863,9.565104,6.565104,12.565104,informed,none,0.000000,-4,159.541244,119.857793,0.160000,119.697793
1016,9.925514,10.374550,7.374550,13.374550,price_sensitive_uninformed,none,0.000000,-4,159.541244,119.839186,0.160000,119.679186
1017,10.189436,11.032765,8.032765,14.032765,price_sensitive_uninformed,none,0.000000,-4,159.541244,118.783499,0.160000,118.623499
1018,8.485704,8.248253,5.248253,11.248253,price_sensitive_uninformed,none,0.000000,-4,159.541244,125.598428,0.160000,125.438428
1019,11.069379,10.372599,7.372599,13.372599,price_sensitive_uninformed,none,0.000000,-4,159.541244,115.263729,0.160000,115.103729
1020,11.104231,10.110342,7.110342,13.110342,price_sensitive_uninformed,none,0.000000,-4,159.541244,115.124320,0.160000,114.964320
1021,10.498191,8.619212,5.619212,11.619212,price_sensitive_uninformed,none,0.000000,-4,159.541244,117.548481,0.160000,117.388481
1022,13.431054,12.055355,9.055355,15.055355,informed,none,0.000000,-4,159.541244,105.817030,0.160000,105.657030
1023,14.557709,14.852755,11.852755,17.852755,informed,none,0.000000,-4,159.541244,101.310410,0.160000,101.150410
1024,12.328363,13.012207,10.012207,16.012207,price_sensitive_uninformed,none,0.000000,-4,159.541244,110.227793,0.160000,110.067793
1025,12.014671,11.936186,8.936186,14.936186,price_sensitive_uninformed,none,0.000000,-4,159.541244,111.482561,0.160000,111.322561
1026,12.846972,11.341778,8.341778,14.341778,informed,none,0.000000,-4,159.541244,108.153355,0.160000,107.993355
1027,13.377003,13.679933,10.679933,16.679933,price_sensitive_uninformed,none,0.000000,-4,159.541244,106.033232,0.160000,105.873232
1028,11.403055,11.741350,8.741350,14.741350,informed,none,0.000000,-4,159.541244,113.929026,0.160000,113.769026
1029,12.863070,13.483956,10.483956,16.483956,price_sensitive_uninformed,none,0.000000,-4,159.541244,108.088963,0.160000,107.928963
1030,14.544877,14.810650,11.810650,17.810650,price_sensitive_uninformed,none,0.000000,-4,159.541244,101.361736,0.160000,101.201736
1031,13.892031,14.295709,11.295709,17.295709,price_sensitive_uninformed,none,0.000000,-4,159.541244,103.973120,0.160000,103.813120
1032,15.156314,14.202046,11.202046,17.202046,price_sensitive_uninformed,none,0.000000,-4,159.541244,98.915990,0.160000,98.755990
1033,15.028823,16.886485,13.886485,19.886485,price_sensitive_uninformed,none,0.000000,-4,159.541244,99.425954,0.160000,99.265954
1034,16.077664,16.589304,13.589304,19.589304,price_sensitive_uninformed,none,0.000000,-4,159.541244,95.230589,0.160000,95.070589
1035,15.232845,14.248069,11.248069,17.248069,informed,none,0.000000,-4,159.541244,98.609865,0.160000,98.449865
1036,16.013055,17.370974,14.370974,20.370974,price_sensitive_uninformed,none,0.000000,-4,159.541244,95.489026,0.160000,95.329026
1037,16.300043,13.938683,10.938683,16.938683,price_sensitive_uninformed,sell_to_mm,10.938683,-3,148.602561,99.702433,0.090000,99.612433
1038,15.584146,16.632823,13.632823,19.632823,informed,none,0.000000,-3,148.602561,101.850123,0.090000,101.760123
1039,16.299539,16.611115,13.611115,19.611115,price_sensitive_uninformed,none,0.000000,-3,148.602561,99.703942,0.090000,99.613942
1040,17.862426,18.660137,15.660137,21.660137,informed,none,0.000000,-3,148.602561,95.015282,0.090000,94.925282
1041,18.236631,18.123525,15.123525,21.123525,informed,none,0.000000,-3,148.602561,93.892669,0.090000,93.802669
1042,17.557574,18.330590,15.330590,21.330590,price_sensitive_uninformed,none,0.000000,-3,148.602561,95.929840,0.090000,95.839840
1043,16.572057,16.042625,13.042625,19.042625,informed,none,0.000000,-3,148.602561,98.886391,0.090000,98.796391
1044,17.238766,17.549356,14.549356,20.549356,price_sensitive_uninformed,none,0.000000,-3,148.602561,96.886261,0.090000,96.796261
1045,16.499181,16.958185,13.958185,19.958185,price_sensitive_uninformed,none,0.000000,-3,148.602561,99.105017,0.090000,99.015017
1046,16.343691,17.709098,14.709098,20.709098,price_sensitive_uninformed,none,0.000000,-3,148.602561,99.571489,0.090000,99.481489
1047,17.154069,16.791747,13.791747,19.791747,price_sensitive_uninformed,none,0.000000,-3,148.602561,97.140354,0.090000,97.050354
1048,17.223104,17.257286,14.257286,20.257286,price_sensitive_uninformed,none,0.000000,-3,148.602561,96.933248,0.090000,96.843248
1049,17.340630,16.745621,13.745621,19.745621,price_sensitive_uninformed,none,0.000000,-3,148.602561,96.580672,0.090000,96.490672
1050,17.288065,18.036173,15.036173,21.036173,informed,none,0.000000,-3,148.602561,96.738365,0.090000,96.648365
1051,16.668086,16.862345,13.862345,19.862345,informed,none,0.000000,-3,148.602561,98.598303,0.090000,98.508303
1052,17.041514,17.505206,14.505206,20.505206,price_sensitive_uninformed,none,0.000000,-3,148.602561,97.478020,0.090000,97.388020
1053,18.142146,21.027998,18.027998,24.027998,informed,none,0.000000,-3,148.602561,94.176123,0.090000,94.086123
1054,18.439693,17.710611,14.710611,20.710611,informed,none,0.000000,-3,148.602561,93.283480,0.090000,93.193480
1055,18.267141,18.657275,15.657275,21.657275,price_sensitive_uninformed,sell_to_mm,15.657275,-2,132.945285,96.411004,0.040000,96.371004
1056,17.505720,18.796433,15.796433,21.796433,price_sensitive_uninformed,none,0.000000,-2,132.945285,97.933846,0.040000,97.893846
1057,15.986117,15.772640,12.772640,18.772640,informed,none,0.000000,-2,132.945285,100.973051,0.040000,100.933051
1058,15.085803,14.058964,11.058964,17.058964,price_sensitive_uninformed,none,0.000000,-2,132.945285,102.773679,0.040000,102.733679
1059,13.665023,12.562754,9.562754,15.562754,price_sensitive_uninformed,none,0.000000,-2,132.945285,105.615240,0.040000,105.575240
1060,14.841719,14.240843,11.240843,17.240843,informed,none,0.000000,-2,132.945285,103.261848,0.040000,103.221848
1061,16.787129,15.379680,12.379680,18.379680,price_sensitive_uninformed,none,0.000000,-2,132.945285,99.371027,0.040000,99.331027
1062,17.424753,18.827956,15.827956,21.827956,price_sensitive_uninformed,none,0.000000,-2,132.945285,98.095780,0.040000,98.055780
1063,17.531341,17.454105,14.454105,20.454105,price_sensitive_uninformed,none,0.000000,-2,132.945285,97.882603,0.040000,97.842603
1064,18.034614,17.731218,14.731218,20.731218,price_sensitive_uninformed,none,0.000000,-2,132.945285,96.876058,0.040000,96.836058
1065,19.121404,18.526404,15.526404,21.526404,informed,none,0.000000,-2,132.945285,94.702477,0.040000,94.662477
1066,18.593620,20.212587,17.212587,23.212587,informed,none,0.000000,-2,132.945285,95.758046,0.040000,95.718046
1067,17.583293,18.504452,15.504452,21.504452,informed,none,0.000000,-2,132.945285,97.778699,0.040000,97.738699
1068,19.272361,19.718989,16.718989,22.718989,price_sensitive_uninformed,none,0.000000,-2,132.945285,94.400563,0.040000,94.360563
1069,20.122313,19.059564,16.059564,22.059564,informed,none,0.000000,-2,132.945285,92.700659,0.040000,92.660659
1070,20.854388,20.802626,17.802626,23.802626,price_sensitive_uninformed,none,0.000000,-2,132.945285,91.236510,0.040000,91.196510
1071,20.655165,19.275228,16.275228,22.275228,price_sensitive_uninformed,none,0.000000,-2,132.945285,91.634955,0.040000,91.594955
1072,20.083130,19.395957,16.395957,22.395957,informed,none,0.000000,-2,132.945285,92.779026,0.040000,92.739026
1073,20.064375,20.502349,17.502349,23.502349,price_sensitive_uninformed,none,0.000000,-2,132.945285,92.816536,0.040000,92.776536
1074,19.850558,21.480891,18.480891,24.480891,informed,none,0.000000,-2,132.945285,93.244170,0.040000,93.204170
1075,19.274052,19.629055,16.629055,22.629055,informed,none,0.000000,-2,132.945285,94.397182,0.040000,94.357182
1076,20.773044,20.544822,17.544822,23.544822,price_sensitive_uninformed,none,0.000000,-2,132.945285,91.399197,0.040000,91.359197
1077,20.059784,17.731848,14.731848,20.731848,price_sensitive_uninformed,none,0.000000,-2,132.945285,92.825717,0.040000,92.785717
1078,18.394842,18.185870,15.185870,21.185870,informed,none,0.000000,-2,132.945285,96.155602,0.040000,96.115602
1079,17.928659,18.722012,15.722012,21.722012,price_sensitive_uninformed,none,0.000000,-2,132.945285,97.087967,0.040000,97.047967
1080,19.676980,21.255179,18.255179,24.255179,price_sensitive_uninformed,none,0.000000,-2,132.945285,93.591326,0.040000,93.551326
1081,19.965518,21.069911,18.069911,24.069911,informed,none,0.000000,-2,132.945285,93.014250,0.040000,92.974250
1082,19.397920,20.064514,17.064514,23.064514,price_sensitive_uninformed,none,0.000000,-2,132.945285,94.149446,0.040000,94.109446
1083,20.381067,21.021734,18.021734,24.021734,price_sensitive_uninformed,none,0.000000,-2,132.945285,92.183152,0.040000,92.143152
1084,19.649315,18.280586,15.280586,21.280586,price_sensitive_uninformed,none,0.000000,-2,132.945285,93.646656,0.040000,93.606656
1085,19.397676,18.594630,15.594630,21.594630,informed,none,0.000000,-2,132.945285,94.149932,0.040000,94.109932
1086,22.105592,21.937741,18.937741,24.937741,price_sensitive_uninformed,none,0.000000,-2,132.945285,88.734102,0.040000,88.694102
1087,21.502096,21.376084,18.376084,24.376084,price_sensitive_uninformed,none,0.000000,-2,132.945285,89.941093,0.040000,89.901093
1088,20.078733,20.192929,17.192929,23.192929,price_sensitive_uninformed,none,0.000000,-2,132.945285,92.787820,0.040000,92.747820
1089,19.822990,17.653525,14.653525,20.653525,informed,none,0.000000,-2,132.945285,93.299306,0.040000,93.259306
1090,18.930439,17.697602,14.697602,20.697602,informed,none,0.000000,-2,132.945285,95.084408,0.040000,95.044408
1091,19.220991,17.230662,14.230662,20.230662,informed,none,0.000000,-2,132.945285,94.503303,0.040000,94.463303
1092,19.771576,19.254506,16.254506,22.254506,informed,none,0.000000,-2,132.945285,93.402134,0.040000,93.362134
1093,19.217800,19.860390,16.860390,22.860390,price_sensitive_uninformed,none,0.000000,-2,132.945285,94.509685,0.040000,94.469685
1094,20.389465,20.638505,17.638505,23.638505,price_sensitive_uninformed,none,0.000000,-2,132.945285,92.166356,0.040000,92.126356
1095,20.576054,18.343787,15.343787,21.343787,price_sensitive_uninformed,buy_from_mm,21.343787,-3,154.289073,92.560909,0.090000,92.470909
1096,20.029816,19.111107,16.111107,22.111107,informed,none,0.000000,-3,154.289073,94.199625,0.090000,94.109625
1097,20.199698,20.635613,17.635613,23.635613,price_sensitive_uninformed,none,0.000000,-3,154.289073,93.689980,0.090000,93.599980
1098,19.611926,21.762780,18.762780,24.762780,informed,none,0.000000,-3,154.289073,95.453295,0.090000,95.363295
1099,18.337088,19.381877,16.381877,22.381877,price_sensitive_uninformed,none,0.000000,-3,154.289073,99.277808,0.090000,99.187808
1100,18.569157,19.177590,16.177590,22.177590,informed,none,0.000000,-3,154.289073,98.581602,0.090000,98.491602
1101,17.662124,18.984737,15.984737,21.984737,informed,none,0.000000,-3,154.289073,101.302702,0.090000,101.212702
1102,18.065919,17.123233,14.123233,20.123233,price_sensitive_uninformed,none,0.000000,-3,154.289073,100.091315,0.090000,100.001315
1103,18.828600,18.822932,15.822932,21.822932,informed,none,0.000000,-3,154.289073,97.803274,0.090000,97.713274
1104,18.622965,18.916307,15.916307,21.916307,informed,none,0.000000,-3,154.289073,98.420179,0.090000,98.330179
1105,17.397604,18.376927,15.376927,21.376927,informed,none,0.000000,-3,154.289073,102.096261,0.090000,102.006261
1106,18.004705,20.225842,17.225842,23.225842,price_sensitive_uninformed,none,0.000000,-3,154.289073,100.274957,0.090000,100.184957
1107,17.303315,18.262485,15.262485,21.262485,price_sensitive_uninformed,none,0.000000,-3,154.289073,102.379128,0.090000,102.289128
1108,17.844413,17.839930,14.839930,20.839930,price_sensitive_uninformed,sell_to_mm,14.839930,-2,139.449143,103.760317,0.040000,103.720317
1109,18.643439,18.249367,15.249367,21.249367,price_sensitive_uninformed,none,0.000000,-2,139.449143,102.162264,0.040000,102.122264
1110,18.132851,18.248864,15.248864,21.248864,price_sensitive_uninformed,none,0.000000,-2,139.449143,103.183441,0.040000,103.143441
1111,19.503941,20.246719,17.246719,23.246719,price_sensitive_uninformed,none,0.000000,-2,139.449143,100.441261,0.040000,100.401261
1112,19.522744,18.886252,15.886252,21.886252,price_sensitive_uninformed,none,0.000000,-2,139.449143,100.403656,0.040000,100.363656
1113,20.069269,19.723567,16.723567,22.723567,informed,none,0.000000,-2,139.449143,99.310605,0.040000,99.270605
1114,20.737285,19.961662,16.961662,22.961662,price_sensitive_uninformed,none,0.000000,-2,139.449143,97.974574,0.040000,97.934574
1115,20.914310,22.031245,19.031245,25.031245,price_sensitive_uninformed,none,0.000000,-2,139.449143,97.620523,0.040000,97.580523
1116,21.485432,20.044254,17.044254,23.044254,price_sensitive_uninformed,none,0.000000,-2,139.449143,96.478279,0.040000,96.438279
1117,20.149488,18.549756,15.549756,21.549756,price_sensitive_uninformed,buy_from_mm,21.549756,-3,160.998899,100.550435,0.090000,100.460435
1118,20.233720,20.208585,17.208585,23.208585,price_sensitive_uninformed,none,0.000000,-3,160.998899,100.297738,0.090000,100.207738
1119,20.461436,20.685340,17.685340,23.685340,price_sensitive_uninformed,none,0.000000,-3,160.998899,99.614592,0.090000,99.524592
1120,20.710164,20.527069,17.527069,23.527069,price_sensitive_uninformed,none,0.000000,-3,160.998899,98.868406,0.090000,98.778406
1121,20.952823,20.515851,17.515851,23.515851,price_sensitive_uninformed,none,0.000000,-3,160.998899,98.140431,0.090000,98.050431
1122,23.111663,24.086526,21.086526,27.086526,informed,none,0.000000,-3,160.998899,91.663908,0.090000,91.573908
1123,22.267841,21.997871,18.997871,24.997871,price_sensitive_uninformed,none,0.000000,-3,160.998899,94.195375,0.090000,94.105375
1124,23.250480,24.158823,21.158823,27.158823,informed,none,0.000000,-3,160.998899,91.247460,0.090000,91.157460
1125,23.493988,21.104768,18.104768,24.104768,informed,none,0.000000,-3,160.998899,90.516936,0.090000,90.426936
1126,22.077156,21.345337,18.345337,24.345337,informed,none,0.000000,-3,160.998899,94.767429,0.090000,94.677429
1127,23.073746,25.457103,22.457103,28.457103,informed,none,0.000000,-3,160.998899,91.777660,0.090000,91.687660
1128,23.809084,24.054591,21.054591,27.054591,price_sensitive_uninformed,none,0.000000,-3,160.998899,89.571646,0.090000,89.481646
1129,22.487033,21.563564,18.563564,24.563564,informed,none,0.000000,-3,160.998899,93.537799,0.090000,93.447799
1130,23.639456,23.458089,20.458089,26.458089,price_sensitive_uninformed,none,0.000000,-3,160.998899,90.080530,0.090000,89.990530
1131,24.135826,23.845759,20.845759,26.845759,informed,none,0.000000,-3,160.998899,88.591420,0.090000,88.501420
1132,23.312629,23.161756,20.161756,26.161756,informed,none,0.000000,-3,160.998899,91.061010,0.090000,90.971010
1133,23.520167,23.181804,20.181804,26.181804,informed,none,0.000000,-3,160.998899,90.438398,0.090000,90.348398
1134,23.760050,23.983179,20.983179,26.983179,informed,none,0.000000,-3,160.998899,89.718748,0.090000,89.628748
1135,20.081850,21.234341,18.234341,24.234341,price_sensitive_uninformed,none,0.000000,-3,160.998899,100.753348,0.090000,100.663348
1136,20.793471,21.865491,18.865491,24.865491,price_sensitive_uninformed,none,0.000000,-3,160.998899,98.618485,0.090000,98.528485
1137,19.084062,19.191032,16.191032,22.191032,price_sensitive_uninformed,none,0.000000,-3,160.998899,103.746713,0.090000,103.656713
1138,18.876862,20.184795,17.184795,23.184795,informed,none,0.000000,-3,160.998899,104.368311,0.090000,104.278311
1139,19.564244,19.300285,16.300285,22.300285,price_sensitive_uninformed,none,0.000000,-3,160.998899,102.306167,0.090000,102.216167
1140,20.477030,20.225335,17.225335,23.225335,price_sensitive_uninformed,none,0.000000,-3,160.998899,99.567809,0.090000,99.477809
1141,19.208644,19.343573,16.343573,22.343573,informed,none,0.000000,-3,160.998899,103.372967,0.090000,103.282967
1142,19.823877,19.053665,16.053665,22.053665,price_sensitive_uninformed,none,0.000000,-3,160.998899,101.527269,0.090000,101.437269
1143,19.022918,17.644794,14.644794,20.644794,informed,none,0.000000,-3,160.998899,103.930144,0.090000,103.840144
1144,19.140224,18.402520,15.402520,21.402520,informed,none,0.000000,-3,160.998899,103.578226,0.090000,103.488226
1145,19.210007,19.541554,16.541554,22.541554,informed,none,0.000000,-3,160.998899,103.368877,0.090000,103.278877
1146,18.764128,18.323957,15.323957,21.323957,informed,none,0.000000,-3,160.998899,104.706516,0.090000,104.616516
1147,20.341846,19.585567,16.585567,22.585567,price_sensitive_uninformed,none,0.000000,-3,160.998899,99.973360,0.090000,99.883360
1148,18.660996,17.612332,14.612332,20.612332,informed,none,0.000000,-3,160.998899,105.015911,0.090000,104.925911
1149,19.728871,20.471245,17.471245,23.471245,informed,none,0.000000,-3,160.998899,101.812285,0.090000,101.722285
1150,18.991535,18.848692,15.848692,21.848692,price_sensitive_uninformed,none,0.000000,-3,160.998899,104.024293,0.090000,103.934293
1151,19.806715,20.270819,17.270819,23.270819,price_sensitive_uninformed,none,0.000000,-3,160.998899,101.578754,0.090000,101.488754
1152,20.150767,19.855382,16.855382,22.855382,price_sensitive_uninformed,none,0.000000,-3,160.998899,100.546597,0.090000,100.456597
1153,19.832251,19.739271,16.739271,22.739271,price_sensitive_uninformed,none,0.000000,-3,160.998899,101.502145,0.090000,101.412145
1154,22.068529,22.803100,19.803100,25.803100,price_sensitive_uninformed,none,0.000000,-3,160.998899,94.793311,0.090000,94.703311
1155,20.677597,20.853814,17.853814,23.853814,informed,none,0.000000,-3,160.998899,98.966109,0.090000,98.876109
1156,21.032328,19.959316,16.959316,22.959316,informed,none,0.000000,-3,160.998899,97.901915,0.090000,97.811915
1157,20.058810,21.329285,18.329285,24.329285,informed,none,0.000000,-3,160.998899,100.822468,0.090000,100.732468
1158,21.290542,20.745083,17.745083,23.745083,price_sensitive_uninformed,none,0.000000,-3,160.998899,97.127272,0.090000,97.037272
1159,20.942267,20.463168,17.463168,23.463168,price_sensitive_uninformed,none,0.000000,-3,160.998899,98.172097,0.090000,98.082097
1160,21.109367,21.939198,18.939198,24.939198,informed,none,0.000000,-3,160.998899,97.670797,0.090000,97.580797
1161,20.716700,20.202756,17.202756,23.202756,price_sensitive_uninformed,none,0.000000,-3,160.998899,98.848800,0.090000,98.758800
1162,21.033264,21.887300,18.887300,24.887300,informed,none,0.000000,-3,160.998899,97.899108,0.090000,97.809108
1163,21.409387,21.126723,18.126723,24.126723,price_sensitive_uninformed,none,0.000000,-3,160.998899,96.770737,0.090000,96.680737
1164,19.662454,19.115976,16.115976,22.115976,informed,none,0.000000,-3,160.998899,102.011537,0.090000,101.921537
1165,20.038648,19.074824,16.074824,22.074824,price_sensitive_uninformed,none,0.000000,-3,160.998899,100.882956,0.090000,100.792956
1166,20.746744,21.080195,18.080195,24.080195,price_sensitive_uninformed,none,0.000000,-3,160.998899,98.758668,0.090000,98.668668
1167,20.768221,21.885698,18.885698,24.885698,price_sensitive_uninformed,none,0.000000,-3,160.998899,98.694237,0.090000,98.604237
1168,20.638199,20.998225,17.998225,23.998225,price_sensitive_uninformed,none,0.000000,-3,160.998899,99.084300,0.090000,98.994300
1169,20.132006,19.581446,16.581446,22.581446,price_sensitive_uninformed,none,0.000000,-3,160.998899,100.602882,0.090000,100.512882
1170,20.637638,21.976442,18.976442,24.976442,price_sensitive_uninformed,none,0.000000,-3,160.998899,99.085983,0.090000,98.995983
1171,18.927763,18.762510,15.762510,21.762510,price_sensitive_uninformed,none,0.000000,-3,160.998899,104.215609,0.090000,104.125609
1172,20.209314,21.142973,18.142973,24.142973,informed,none,0.000000,-3,160.998899,100.370957,0.090000,100.280957
1173,21.685852,21.991529,18.991529,24.991529,price_sensitive_uninformed,none,0.000000,-3,160.998899,95.941343,0.090000,95.851343
1174,20.881888,19.685826,16.685826,22.685826,informed,none,0.000000,-3,160.998899,98.353235,0.090000,98.263235
1175,21.315615,20.675292,17.675292,23.675292,price_sensitive_uninformed,none,0.000000,-3,160.998899,97.052053,0.090000,96.962053
1176,18.819627,19.095366,16.095366,22.095366,informed,none,0.000000,-3,160.998899,104.540018,0.090000,104.450018
1177,17.990202,17.577129,14.577129,20.577129,price_sensitive_uninformed,none,0.000000,-3,160.998899,107.028293,0.090000,106.938293
1178,20.836095,22.159434,19.159434,25.159434,informed,none,0.000000,-3,160.998899,98.490614,0.090000,98.400614
1179,20.690795,18.776021,15.776021,21.776021,price_sensitive_uninformed,none,0.000000,-3,160.998899,98.926512,0.090000,98.836512
1180,21.471922,21.483034,18.483034,24.483034,price_sensitive_uninformed,none,0.000000,-3,160.998899,96.583133,0.090000,96.493133
1181,21.046377,20.403874,17.403874,23.403874,price_sensitive_uninformed,none,0.000000,-3,160.998899,97.859769,0.090000,97.769769
1182,22.930351,22.898799,19.898799,25.898799,informed,none,0.000000,-3,160.998899,92.207846,0.090000,92.117846
1183,23.905776,23.606639,20.606639,26.606639,price_sensitive_uninformed,none,0.000000,-3,160.998899,89.281571,0.090000,89.191571
1184,23.973956,23.395490,20.395490,26.395490,informed,none,0.000000,-3,160.998899,89.077029,0.090000,88.987029
1185,23.807631,23.073351,20.073351,26.073351,price_sensitive_uninformed,none,0.000000,-3,160.998899,89.576007,0.090000,89.486007
1186,23.278006,25.177303,22.177303,28.177303,price_sensitive_uninformed,none,0.000000,-3,160.998899,91.164879,0.090000,91.074879
1187,23.971369,24.119798,21.119798,27.119798,price_sensitive_uninformed,none,0.000000,-3,160.998899,89.084792,0.090000,88.994792
1188,25.722966,25.745847,22.745847,28.745847,price_sensitive_uninformed,none,0.000000,-3,160.998899,83.830002,0.090000,83.740002
1189,24.470020,24.136180,21.136180,27.136180,informed,none,0.000000,-3,160.998899,87.588838,0.090000,87.498838
1190,25.338194,25.714362,22.714362,28.714362,price_sensitive_uninformed,none,0.000000,-3,160.998899,84.984316,0.090000,84.894316
1191,25.068813,24.491075,21.491075,27.491075,price_sensitive_uninformed,none,0.000000,-3,160.998899,85.792460,0.090000,85.702460
1192,24.790469,24.601736,21.601736,27.601736,informed,none,0.000000,-3,160.998899,86.627490,0.090000,86.537490
1193,24.892195,24.176649,21.176649,27.176649,price_sensitive_uninformed,none,0.000000,-3,160.998899,86.322314,0.090000,86.232314
1194,23.891176,26.256471,23.256471,29.256471,informed,none,0.000000,-3,160.998899,89.325372,0.090000,89.235372
1195,25.110585,24.514095,21.514095,27.514095,price_sensitive_uninformed,none,0.000000,-3,160.998899,85.667143,0.090000,85.577143
1196,24.195147,24.031097,21.031097,27.031097,price_sensitive_uninformed,none,0.000000,-3,160.998899,88.413457,0.090000,88.323457
1197,24.809588,24.387406,21.387406,27.387406,price_sensitive_uninformed,none,0.000000,-3,160.998899,86.570135,0.090000,86.480135
1198,23.713657,22.881529,19.881529,25.881529,price_sensitive_uninformed,none,0.000000,-3,160.998899,89.857927,0.090000,89.767927
1199,22.915977,24.035330,21.035330,27.035330,price_sensitive_uninformed,none,0.000000,-3,160.998899,92.250968,0.090000,92.160968
1200,21.693450,23.452152,20.452152,26.452152,price_sensitive_uninformed,none,0.000000,-3,160.998899,95.918549,0.090000,95.828549
1201,22.013681,22.438656,19.438656,25.438656,informed,none,0.000000,-3,160.998899,94.957857,0.090000,94.867857
1202,23.143024,23.465716,20.465716,26.465716,informed,none,0.000000,-3,160.998899,91.569826,0.090000,91.479826
1203,23.697476,23.355316,20.355316,26.355316,price_sensitive_uninformed,none,0.000000,-3,160.998899,89.906471,0.090000,89.816471
1204,24.124278,25.422555,22.422555,28.422555,price_sensitive_uninformed,none,0.000000,-3,160.998899,88.626064,0.090000,88.536064
1205,24.716994,24.212829,21.212829,27.212829,price_sensitive_uninformed,none,0.000000,-3,160.998899,86.847916,0.090000,86.757916
1206,26.471101,26.066165,23.066165,29.066165,price_sensitive_uninformed,none,0.000000,-3,160.998899,81.585597,0.090000,81.495597
1207,26.590787,26.096384,23.096384,29.096384,price_sensitive_uninformed,none,0.000000,-3,160.998899,81.226536,0.090000,81.136536
1208,27.116096,27.634288,24.634288,30.634288,informed,none,0.000000,-3,160.998899,79.650611,0.090000,79.560611
1209,27.656592,27.543169,24.543169,30.543169,price_sensitive_uninformed,none,0.000000,-3,160.998899,78.029121,0.090000,77.939121
1210,27.103613,25.534079,22.534079,28.534079,price_sensitive_uninformed,none,0.000000,-3,160.998899,79.688059,0.090000,79.598059
1211,29.991421,29.398903,26.398903,32.398903,price_sensitive_uninformed,none,0.000000,-3,160.998899,71.024636,0.090000,70.934636
1212,30.612791,29.685535,26.685535,32.685535,price_sensitive_uninformed,none,0.000000,-3,160.998899,69.160525,0.090000,69.070525
1213,30.340957,30.583238,27.583238,33.583238,informed,none,0.000000,-3,160.998899,69.976027,0.090000,69.886027
1214,30.304279,29.206329,26.206329,32.206329,price_sensitive_uninformed,none,0.000000,-3,160.998899,70.086061,0.090000,69.996061
1215,30.056787,28.729983,25.729983,31.729983,price_sensitive_uninformed,none,0.000000,-3,160.998899,70.828539,0.090000,70.738539
1216,30.390475,28.756778,25.756778,31.756778,price_sensitive_uninformed,none,0.000000,-3,160.998899,69.827474,0.090000,69.737474
1217,31.574302,31.594270,28.594270,34.594270,informed,none,0.000000,-3,160.998899,66.275992,0.090000,66.185992
1218,31.687834,29.766137,26.766137,32.766137,informed,none,0.000000,-3,160.998899,65.935396,0.090000,65.845396
1219,32.548074,32.491106,29.491106,35.491106,informed,none,0.000000,-3,160.998899,63.354676,0.090000,63.264676
1220,31.815453,32.229349,29.229349,35.229349,price_sensitive_uninformed,none,0.000000,-3,160.998899,65.552538,0.090000,65.462538
1221,33.265509,31.915023,28.915023,34.915023,informed,none,0.000000,-3,160.998899,61.202370,0.090000,61.112370
1222,34.982777,33.568462,30.568462,36.568462,informed,none,0.000000,-3,160.998899,56.050567,0.090000,55.960567
1223,34.656547,35.009434,32.009434,38.009434,informed,none,0.000000,-3,160.998899,57.029258,0.090000,56.939258
1224,33.573506,33.968980,30.968980,36.968980,price_sensitive_uninformed,none,0.000000,-3,160.998899,60.278380,0.090000,60.188380
1225,33.902981,33.741118,30.741118,36.741118,price_sensitive_uninformed,none,0.000000,-3,160.998899,59.289955,0.090000,59.199955
1226,34.475582,33.764021,30.764021,36.764021,price_sensitive_uninformed,none,0.000000,-3,160.998899,57.572152,0.090000,57.482152
1227,34.188119,33.399888,30.399888,36.399888,informed,none,0.000000,-3,160.998899,58.434541,0.090000,58.344541
1228,35.449494,35.709960,32.709960,38.709960,price_sensitive_uninformed,none,0.000000,-3,160.998899,54.650418,0.090000,54.560418
1229,34.997725,34.203642,31.203642,37.203642,price_sensitive_uninformed,none,0.000000,-3,160.998899,56.005724,0.090000,55.915724
1230,35.089723,36.151402,33.151402,39.151402,price_sensitive_uninformed,none,0.000000,-3,160.998899,55.729731,0.090000,55.639731
1231,34.857877,34.593170,31.593170,37.593170,price_sensitive_uninformed,none,0.000000,-3,160.998899,56.425269,0.090000,56.335269
1232,33.893683,33.214122,30.214122,36.214122,price_sensitive_uninformed,none,0.000000,-3,160.998899,59.317849,0.090000,59.227849
1233,34.934963,34.227276,31.227276,37.227276,price_sensitive_uninformed,none,0.000000,-3,160.998899,56.194010,0.090000,56.104010
1234,35.992150,37.784928,34.784928,40.784928,informed,none,0.000000,-3,160.998899,53.022448,0.090000,52.932448
1235,35.023113,33.559754,30.559754,36.559754,price_sensitive_uninformed,none,0.000000,-3,160.998899,55.929561,0.090000,55.839561
1236,35.179832,34.099505,31.099505,37.099505,price_sensitive_uninformed,none,0.000000,-3,160.998899,55.459403,0.090000,55.369403
1237,35.875097,33.192522,30.192522,36.192522,informed,none,0.000000,-3,160.998899,53.373609,0.090000,53.283609
1238,36.715298,35.756016,32.756016,38.756016,price_sensitive_uninformed,none,0.000000,-3,160.998899,50.853006,0.090000,50.763006
1239,36.388475,35.704415,32.704415,38.704415,informed,none,0.000000,-3,160.998899,51.833472,0.090000,51.743472
1240,35.919615,36.327979,33.327979,39.327979,price_sensitive_uninformed,none,0.000000,-3,160.998899,53.240054,0.090000,53.150054
1241,35.890275,36.294896,33.294896,39.294896,price_sensitive_uninformed,none,0.000000,-3,160.998899,53.328075,0.090000,53.238075
1242,36.237664,35.590064,32.590064,38.590064,informed,none,0.000000,-3,160.998899,52.285907,0.090000,52.195907
1243,35.181706,33.864505,30.864505,36.864505,informed,none,0.000000,-3,160.998899,55.453781,0.090000,55.363781
1244,35.721220,36.456875,33.456875,39.456875,price_sensitive_uninformed,none,0.000000,-3,160.998899,53.835239,0.090000,53.745239
1245,36.205072,34.981130,31.981130,37.981130,price_sensitive_uninformed,none,0.000000,-3,160.998899,52.383682,0.090000,52.293682
1246,37.669812,37.031344,34.031344,40.031344,informed,none,0.000000,-3,160.998899,47.989463,0.090000,47.899463
1247,37.356366,37.778429,34.778429,40.778429,informed,none,0.000000,-3,160.998899,48.929801,0.090000,48.839801
1248,35.663549,35.043487,32.043487,38.043487,price_sensitive_uninformed,none,0.000000,-3,160.998899,54.008251,0.090000,53.918251
1249,37.013293,38.498021,35.498021,41.498021,price_sensitive_uninformed,buy_from_mm,41.498021,-4,202.496920,54.443746,0.160000,54.283746
1250,37.993120,38.404221,35.404221,41.404221,price_sensitive_uninformed,none,0.000000,-4,202.496920,50.524440,0.160000,50.364440
1251,38.468983,38.838240,35.838240,41.838240,price_sensitive_uninformed,none,0.000000,-4,202.496920,48.620986,0.160000,48.460986
1252,39.182458,39.354768,36.354768,42.354768,price_sensitive_uninformed,none,0.000000,-4,202.496920,45.767089,0.160000,45.607089
1253,38.482242,39.343354,36.343354,42.343354,price_sensitive_uninformed,none,0.000000,-4,202.496920,48.567952,0.160000,48.407952
1254,38.263929,38.805390,35.805390,41.805390,informed,none,0.000000,-4,202.496920,49.441203,0.160000,49.281203
1255,37.311953,37.257283,34.257283,40.257283,informed,none,0.000000,-4,202.496920,53.249106,0.160000,53.089106
1256,39.094669,41.381552,38.381552,44.381552,price_sensitive_uninformed,none,0.000000,-4,202.496920,46.118244,0.160000,45.958244
1257,40.732452,40.875468,37.875468,43.875468,informed,none,0.000000,-4,202.496920,39.567111,0.160000,39.407111
1258,41.443758,40.967513,37.967513,43.967513,informed,none,0.000000,-4,202.496920,36.721887,0.160000,36.561887
1259,43.510074,44.064170,41.064170,47.064170,informed,none,0.000000,-4,202.496920,28.456625,0.160000,28.296625
1260,43.324785,43.023120,40.023120,46.023120,price_sensitive_uninformed,none,0.000000,-4,202.496920,29.197778,0.160000,29.037778
1261,42.401618,42.228474,39.228474,45.228474,informed,none,0.000000,-4,202.496920,32.890447,0.160000,32.730447
1262,41.362576,41.955893,38.955893,44.955893,price_sensitive_uninformed,none,0.000000,-4,202.496920,37.046615,0.160000,36.886615
1263,43.624182,42.041924,39.041924,45.041924,price_sensitive_uninformed,buy_from_mm,45.041924,-5,247.538843,29.417931,0.250000,29.167931
1264,44.921485,44.662874,41.662874,47.662874,informed,none,0.000000,-5,247.538843,22.931421,0.250000,22.681421
1265,43.468503,42.604683,39.604683,45.604683,price_sensitive_uninformed,none,0.000000,-5,247.538843,30.196326,0.250000,29.946326
1266,44.115290,42.019803,39.019803,45.019803,price_sensitive_uninformed,none,0.000000,-5,247.538843,26.962391,0.250000,26.712391
1267,44.179797,42.471712,39.471712,45.471712,price_sensitive_uninformed,none,0.000000,-5,247.538843,26.639856,0.250000,26.389856
1268,45.204327,45.199384,42.199384,48.199384,price_sensitive_uninformed,none,0.000000,-5,247.538843,21.517208,0.250000,21.267208
1269,45.997496,44.377237,41.377237,47.377237,price_sensitive_uninformed,none,0.000000,-5,247.538843,17.551365,0.250000,17.301365
1270,46.137101,46.757125,43.757125,49.757125,price_sensitive_uninformed,none,0.000000,-5,247.538843,16.853338,0.250000,16.603338
1271,45.651476,43.236288,40.236288,46.236288,price_sensitive_uninformed,none,0.000000,-5,247.538843,19.281462,0.250000,19.031462
1272,43.856886,44.097592,41.097592,47.097592,price_sensitive_uninformed,none,0.000000,-5,247.538843,28.254414,0.250000,28.004414
1273,44.662896,44.731704,41.731704,47.731704,informed,none,0.000000,-5,247.538843,24.224365,0.250000,23.974365
1274,43.546547,43.573533,40.573533,46.573533,informed,none,0.000000,-5,247.538843,29.806110,0.250000,29.556110
1275,43.141538,44.461620,41.461620,47.461620,price_sensitive_uninformed,none,0.000000,-5,247.538843,31.831154,0.250000,31.581154
1276,42.898135,43.491183,40.491183,46.491183,price_sensitive_uninformed,none,0.000000,-5,247.538843,33.048166,0.250000,32.798166
1277,43.603269,45.155442,42.155442,48.155442,informed,none,0.000000,-5,247.538843,29.522499,0.250000,29.272499
1278,43.146772,41.228055,38.228055,44.228055,price_sensitive_uninformed,none,0.000000,-5,247.538843,31.804982,0.250000,31.554982
1279,42.155430,40.622666,37.622666,43.622666,informed,none,0.000000,-5,247.538843,36.761694,0.250000,36.511694
1280,41.944352,42.021858,39.021858,45.021858,price_sensitive_uninformed,none,0.000000,-5,247.538843,37.817086,0.250000,37.567086
1281,41.633996,40.100254,37.100254,43.100254,price_sensitive_uninformed,none,0.000000,-5,247.538843,39.368863,0.250000,39.118863
1282,42.519262,43.228011,40.228011,46.228011,price_sensitive_uninformed,none,0.000000,-5,247.538843,34.942533,0.250000,34.692533
1283,42.221313,42.438452,39.438452,45.438452,price_sensitive_uninformed,none,0.000000,-5,247.538843,36.432276,0.250000,36.182276
1284,42.558388,43.011795,40.011795,46.011795,price_sensitive_uninformed,none,0.000000,-5,247.538843,34.746904,0.250000,34.496904
1285,42.725433,43.114825,40.114825,46.114825,informed,none,0.000000,-5,247.538843,33.911677,0.250000,33.661677
1286,44.175033,42.239331,39.239331,45.239331,price_sensitive_uninformed,none,0.000000,-5,247.538843,26.663677,0.250000,26.413677
1287,43.784464,44.682114,41.682114,47.682114,informed,none,0.000000,-5,247.538843,28.616522,0.250000,28.366522
1288,44.779964,44.666140,41.666140,47.666140,price_sensitive_uninformed,none,0.000000,-5,247.538843,23.639022,0.250000,23.389022
1289,44.262878,44.871582,41.871582,47.871582,price_sensitive_uninformed,none,0.000000,-5,247.538843,26.224452,0.250000,25.974452
1290,42.590217,42.192261,39.192261,45.192261,price_sensitive_uninformed,none,0.000000,-5,247.538843,34.587760,0.250000,34.337760
1291,42.612102,42.618173,39.618173,45.618173,informed,none,0.000000,-5,247.538843,34.478334,0.250000,34.228334
1292,42.314163,42.195559,39.195559,45.195559,informed,none,0.000000,-5,247.538843,35.968029,0.250000,35.718029
1293,42.482899,44.059751,41.059751,47.059751,price_sensitive_uninformed,none,0.000000,-5,247.538843,35.124348,0.250000,34.874348
1294,43.242724,44.453884,41.453884,47.453884,price_sensitive_uninformed,none,0.000000,-5,247.538843,31.325224,0.250000,31.075224
1295,41.837875,41.557733,38.557733,44.557733,informed,none,0.000000,-5,247.538843,38.349468,0.250000,38.099468
1296,41.912238,41.713360,38.713360,44.713360,informed,none,0.000000,-5,247.538843,37.977656,0.250000,37.727656
1297,42.470704,42.697922,39.697922,45.697922,price_sensitive_uninformed,none,0.000000,-5,247.538843,35.185325,0.250000,34.935325
1298,42.427057,41.692776,38.692776,44.692776,informed,none,0.000000,-5,247.538843,35.403556,0.250000,35.153556
1299,41.903409,43.884251,40.884251,46.884251,informed,none,0.000000,-5,247.538843,38.021796,0.250000,37.771796
1300,41.296287,41.777481,38.777481,44.777481,price_sensitive_uninformed,none,0.000000,-5,247.538843,41.057407,0.250000,40.807407
1301,40.964318,41.339496,38.339496,44.339496,informed,none,0.000000,-5,247.538843,42.717252,0.250000,42.467252
1302,43.361045,43.641392,40.641392,46.641392,price_sensitive_uninformed,none,0.000000,-5,247.538843,30.733616,0.250000,30.483616
1303,41.251562,39.842698,36.842698,42.842698,informed,none,0.000000,-5,247.538843,41.281033,0.250000,41.031033
1304,41.301688,40.176297,37.176297,43.176297,informed,none,0.000000,-5,247.538843,41.030405,0.250000,40.780405
1305,41.981559,39.786190,36.786190,42.786190,price_sensitive_uninformed,none,0.000000,-5,247.538843,37.631048,0.250000,37.381048
1306,40.930804,40.385494,37.385494,43.385494,informed,none,0.000000,-5,247.538843,42.884824,0.250000,42.634824
1307,42.708239,42.751314,39.751314,45.751314,informed,none,0.000000,-5,247.538843,33.997649,0.250000,33.747649
1308,43.792771,45.518951,42.518951,48.518951,price_sensitive_uninformed,none,0.000000,-5,247.538843,28.574988,0.250000,28.324988
1309,43.398788,44.479092,41.479092,47.479092,price_sensitive_uninformed,none,0.000000,-5,247.538843,30.544905,0.250000,30.294905
1310,42.746051,41.797120,38.797120,44.797120,informed,none,0.000000,-5,247.538843,33.808589,0.250000,33.558589
1311,42.351973,42.991819,39.991819,45.991819,informed,none,0.000000,-5,247.538843,35.778976,0.250000,35.528976
1312,40.826796,39.781670,36.781670,42.781670,price_sensitive_uninformed,none,0.000000,-5,247.538843,43.404864,0.250000,43.154864
1313,42.365799,42.742421,39.742421,45.742421,price_sensitive_uninformed,none,0.000000,-5,247.538843,35.709848,0.250000,35.459848
1314,42.097074,41.300620,38.300620,44.300620,price_sensitive_uninformed,none,0.000000,-5,247.538843,37.053471,0.250000,36.803471
1315,40.865879,40.655568,37.655568,43.655568,informed,none,0.000000,-5,247.538843,43.209450,0.250000,42.959450
1316,39.870173,40.842464,37.842464,43.842464,informed,none,0.000000,-5,247.538843,48.187977,0.250000,47.937977
1317,39.420062,40.197418,37.197418,43.197418,price_sensitive_uninformed,none,0.000000,-5,247.538843,50.438536,0.250000,50.188536
1318,39.877519,40.655663,37.655663,43.655663,price_sensitive_uninformed,none,0.000000,-5,247.538843,48.151251,0.250000,47.901251
1319,39.071016,39.278005,36.278005,42.278005,informed,none,0.000000,-5,247.538843,52.183765,0.250000,51.933765
1320,38.915092,39.619689,36.619689,42.619689,price_sensitive_uninformed,none,0.000000,-5,247.538843,52.963385,0.250000,52.713385
1321,37.946826,37.823783,34.823783,40.823783,price_sensitive_uninformed,none,0.000000,-5,247.538843,57.804712,0.250000,57.554712
1322,38.673938,39.450837,36.450837,42.450837,informed,none,0.000000,-5,247.538843,54.169151,0.250000,53.919151
1323,36.395664,36.069831,33.069831,39.069831,price_sensitive_uninformed,none,0.000000,-5,247.538843,65.560524,0.250000,65.310524
1324,35.271124,34.574990,31.574990,37.574990,informed,none,0.000000,-5,247.538843,71.183224,0.250000,70.933224
1325,35.051078,35.399142,32.399142,38.399142,price_sensitive_uninformed,none,0.000000,-5,247.538843,72.283453,0.250000,72.033453
1326,34.805750,34.507347,31.507347,37.507347,informed,none,0.000000,-5,247.538843,73.510094,0.250000,73.260094
1327,35.766623,35.255163,32.255163,38.255163,informed,none,0.000000,-5,247.538843,68.705727,0.250000,68.455727
1328,36.771739,36.804828,33.804828,39.804828,price_sensitive_uninformed,none,0.000000,-5,247.538843,63.680150,0.250000,63.430150
1329,36.545929,35.976729,32.976729,38.976729,informed,none,0.000000,-5,247.538843,64.809199,0.250000,64.559199
1330,35.495721,34.433453,31.433453,37.433453,informed,none,0.000000,-5,247.538843,70.060238,0.250000,69.810238
1331,35.730436,34.479663,31.479663,37.479663,informed,none,0.000000,-5,247.538843,68.886664,0.250000,68.636664
1332,36.312475,35.681222,32.681222,38.681222,price_sensitive_uninformed,none,0.000000,-5,247.538843,65.976471,0.250000,65.726471
1333,38.296148,38.680333,35.680333,41.680333,price_sensitive_uninformed,none,0.000000,-5,247.538843,56.058102,0.250000,55.808102
1334,39.348115,39.936872,36.936872,42.936872,price_sensitive_uninformed,none,0.000000,-5,247.538843,50.798270,0.250000,50.548270
1335,39.581238,39.516194,36.516194,42.516194,informed,none,0.000000,-5,247.538843,49.632654,0.250000,49.382654
1336,37.750126,40.276108,37.276108,43.276108,informed,none,0.000000,-5,247.538843,58.788216,0.250000,58.538216
1337,37.845325,36.856717,33.856717,39.856717,informed,none,0.000000,-5,247.538843,58.312219,0.250000,58.062219
1338,35.031159,33.659153,30.659153,36.659153,informed,none,0.000000,-5,247.538843,72.383048,0.250000,72.133048
1339,35.195494,35.763965,32.763965,38.763965,price_sensitive_uninformed,none,0.000000,-5,247.538843,71.561373,0.250000,71.311373
1340,36.340262,35.255177,32.255177,38.255177,price_sensitive_uninformed,none,0.000000,-5,247.538843,65.837531,0.250000,65.587531
1341,34.988965,35.299151,32.299151,38.299151,price_sensitive_uninformed,none,0.000000,-5,247.538843,72.594019,0.250000,72.344019
1342,34.297016,35.624591,32.624591,38.624591,price_sensitive_uninformed,none,0.000000,-5,247.538843,76.053764,0.250000,75.803764
1343,34.195213,35.705397,32.705397,38.705397,price_sensitive_uninformed,none,0.000000,-5,247.538843,76.562781,0.250000,76.312781
1344,35.285332,36.948445,33.948445,39.948445,informed,none,0.000000,-5,247.538843,71.112182,0.250000,70.862182
1345,38.723517,38.220461,35.220461,41.220461,informed,none,0.000000,-5,247.538843,53.921256,0.250000,53.671256
1346,38.069514,37.373818,34.373818,40.373818,price_sensitive_uninformed,sell_to_mm,34.373818,-4,213.165025,60.886970,0.160000,60.726970
1347,38.407331,39.118008,36.118008,42.118008,price_sensitive_uninformed,none,0.000000,-4,213.165025,59.535700,0.160000,59.375700
1348,36.379764,35.272792,32.272792,38.272792,informed,none,0.000000,-4,213.165025,67.645971,0.160000,67.485971
1349,37.169532,37.370265,34.370265,40.370265,informed,none,0.000000,-4,213.165025,64.486897,0.160000,64.326897
1350,37.649239,38.239939,35.239939,41.239939,price_sensitive_uninformed,none,0.000000,-4,213.165025,62.568070,0.160000,62.408070
1351,37.036954,37.883212,34.883212,40.883212,price_sensitive_uninformed,none,0.000000,-4,213.165025,65.017211,0.160000,64.857211
1352,36.841400,37.854996,34.854996,40.854996,price_sensitive_uninformed,none,0.000000,-4,213.165025,65.799425,0.160000,65.639425
1353,36.186579,36.832093,33.832093,39.832093,price_sensitive_uninformed,none,0.000000,-4,213.165025,68.418709,0.160000,68.258709
1354,38.133177,37.891036,34.891036,40.891036,price_sensitive_uninformed,none,0.000000,-4,213.165025,60.632318,0.160000,60.472318
1355,38.910326,38.941195,35.941195,41.941195,price_sensitive_uninformed,none,0.000000,-4,213.165025,57.523721,0.160000,57.363721
1356,38.912537,38.563781,35.563781,41.563781,informed,none,0.000000,-4,213.165025,57.514879,0.160000,57.354879
1357,38.266101,39.440187,36.440187,42.440187,price_sensitive_uninformed,none,0.000000,-4,213.165025,60.100620,0.160000,59.940620
1358,37.978058,39.154858,36.154858,42.154858,price_sensitive_uninformed,none,0.000000,-4,213.165025,61.252793,0.160000,61.092793
1359,38.085224,38.672448,35.672448,41.672448,price_sensitive_uninformed,none,0.000000,-4,213.165025,60.824131,0.160000,60.664131
1360,37.410060,37.972554,34.972554,40.972554,informed,none,0.000000,-4,213.165025,63.524785,0.160000,63.364785
1361,37.680175,36.785405,33.785405,39.785405,price_sensitive_uninformed,none,0.000000,-4,213.165025,62.444325,0.160000,62.284325
1362,37.215880,38.099057,35.099057,41.099057,price_sensitive_uninformed,none,0.000000,-4,213.165025,64.301506,0.160000,64.141506
1363,36.357355,36.468738,33.468738,39.468738,informed,none,0.000000,-4,213.165025,67.735606,0.160000,67.575606
1364,36.252184,36.142805,33.142805,39.142805,price_sensitive_uninformed,none,0.000000,-4,213.165025,68.156289,0.160000,67.996289
1365,35.988366,36.420987,33.420987,39.420987,price_sensitive_uninformed,none,0.000000,-4,213.165025,69.211562,0.160000,69.051562
1366,36.706125,36.520812,33.520812,39.520812,informed,none,0.000000,-4,213.165025,66.340525,0.160000,66.180525
1367,36.729671,37.244268,34.244268,40.244268,informed,none,0.000000,-4,213.165025,66.246340,0.160000,66.086340
1368,36.783997,37.653944,34.653944,40.653944,informed,none,0.000000,-4,213.165025,66.029038,0.160000,65.869038
1369,38.063181,38.872358,35.872358,41.872358,price_sensitive_uninformed,sell_to_mm,35.872358,-3,177.292668,63.103125,0.090000,63.013125
1370,39.947870,39.767885,36.767885,42.767885,informed,none,0.000000,-3,177.292668,57.449058,0.090000,57.359058
1371,40.118579,40.036055,37.036055,43.036055,informed,none,0.000000,-3,177.292668,56.936930,0.090000,56.846930
1372,39.690259,40.720860,37.720860,43.720860,informed,none,0.000000,-3,177.292668,58.221890,0.090000,58.131890
1373,39.320028,38.145348,35.145348,41.145348,price_sensitive_uninformed,none,0.000000,-3,177.292668,59.332585,0.090000,59.242585
1374,38.401136,38.821709,35.821709,41.821709,price_sensitive_uninformed,none,0.000000,-3,177.292668,62.089259,0.090000,61.999259
1375,40.795853,38.411933,35.411933,41.411933,informed,none,0.000000,-3,177.292668,54.905108,0.090000,54.815108
1376,40.615642,41.528717,38.528717,44.528717,price_sensitive_uninformed,none,0.000000,-3,177.292668,55.445741,0.090000,55.355741
1377,40.995803,39.924954,36.924954,42.924954,informed,none,0.000000,-3,177.292668,54.305260,0.090000,54.215260
1378,40.699839,40.428032,37.428032,43.428032,informed,none,0.000000,-3,177.292668,55.193150,0.090000,55.103150
1379,41.107656,41.699441,38.699441,44.699441,price_sensitive_uninformed,none,0.000000,-3,177.292668,53.969700,0.090000,53.879700
1380,39.470817,39.753832,36.753832,42.753832,price_sensitive_uninformed,none,0.000000,-3,177.292668,58.880216,0.090000,58.790216
1381,39.165968,39.185788,36.185788,42.185788,price_sensitive_uninformed,none,0.000000,-3,177.292668,59.794764,0.090000,59.704764
1382,39.341729,37.478290,34.478290,40.478290,informed,none,0.000000,-3,177.292668,59.267480,0.090000,59.177480
1383,38.414533,38.498488,35.498488,41.498488,informed,none,0.000000,-3,177.292668,62.049070,0.090000,61.959070
1384,39.045414,37.125745,34.125745,40.125745,price_sensitive_uninformed,none,0.000000,-3,177.292668,60.156425,0.090000,60.066425
1385,40.007028,40.522386,37.522386,43.522386,price_sensitive_uninformed,none,0.000000,-3,177.292668,57.271583,0.090000,57.181583
1386,41.343417,40.218658,37.218658,43.218658,informed,none,0.000000,-3,177.292668,53.262416,0.090000,53.172416
1387,41.660024,42.856385,39.856385,45.856385,price_sensitive_uninformed,none,0.000000,-3,177.292668,52.312597,0.090000,52.222597
1388,41.838776,41.148212,38.148212,44.148212,price_sensitive_uninformed,none,0.000000,-3,177.292668,51.776339,0.090000,51.686339
1389,40.288339,39.389515,36.389515,42.389515,informed,none,0.000000,-3,177.292668,56.427651,0.090000,56.337651
1390,40.010324,40.068016,37.068016,43.068016,price_sensitive_uninformed,buy_from_mm,43.068016,-4,220.360684,60.319387,0.160000,60.159387
1391,39.098016,37.648204,34.648204,40.648204,price_sensitive_uninformed,none,0.000000,-4,220.360684,63.968622,0.160000,63.808622
1392,40.474498,39.537990,36.537990,42.537990,informed,none,0.000000,-4,220.360684,58.462691,0.160000,58.302691
1393,41.530567,39.992161,36.992161,42.992161,price_sensitive_uninformed,none,0.000000,-4,220.360684,54.238417,0.160000,54.078417
1394,41.821827,43.187185,40.187185,46.187185,informed,none,0.000000,-4,220.360684,53.073378,0.160000,52.913378
1395,43.122762,42.869245,39.869245,45.869245,informed,none,0.000000,-4,220.360684,47.869637,0.160000,47.709637
1396,43.155806,43.574655,40.574655,46.574655,informed,none,0.000000,-4,220.360684,47.737458,0.160000,47.577458
1397,43.282117,45.367361,42.367361,48.367361,informed,none,0.000000,-4,220.360684,47.232217,0.160000,47.072217
1398,43.397152,42.069742,39.069742,45.069742,informed,none,0.000000,-4,220.360684,46.772075,0.160000,46.612075
1399,42.157914,41.427008,38.427008,44.427008,informed,none,0.000000,-4,220.360684,51.729030,0.160000,51.569030
1400,45.531360,46.532629,43.532629,49.532629,informed,none,0.000000,-4,220.360684,38.235245,0.160000,38.075245
1401,46.563091,45.403613,42.403613,48.403613,price_sensitive_uninformed,none,0.000000,-4,220.360684,34.108320,0.160000,33.948320
1402,47.156678,47.936551,44.936551,50.936551,informed,none,0.000000,-4,220.360684,31.733973,0.160000,31.573973
1403,47.085537,46.441555,43.441555,49.441555,price_sensitive_uninformed,none,0.000000,-4,220.360684,32.018536,0.160000,31.858536
1404,47.433835,48.117396,45.117396,51.117396,informed,none,0.000000,-4,220.360684,30.625343,0.160000,30.465343
1405,48.368732,48.716803,45.716803,51.716803,price_sensitive_uninformed,none,0.000000,-4,220.360684,26.885756,0.160000,26.725756
1406,48.489669,48.647848,45.647848,51.647848,price_sensitive_uninformed,none,0.000000,-4,220.360684,26.402009,0.160000,26.242009
1407,49.013205,50.313074,47.313074,53.313074,informed,none,0.000000,-4,220.360684,24.307865,0.160000,24.147865
1408,48.586948,48.866826,45.866826,51.866826,price_sensitive_uninformed,none,0.000000,-4,220.360684,26.012890,0.160000,25.852890
1409,47.514898,48.916916,45.916916,51.916916,price_sensitive_uninformed,none,0.000000,-4,220.360684,30.301091,0.160000,30.141091
1410,47.105985,47.084239,44.084239,50.084239,price_sensitive_uninformed,none,0.000000,-4,220.360684,31.936742,0.160000,31.776742
1411,46.429865,45.175589,42.175589,48.175589,price_sensitive_uninformed,none,0.000000,-4,220.360684,34.641222,0.160000,34.481222
1412,46.099525,45.482651,42.482651,48.482651,informed,none,0.000000,-4,220.360684,35.962586,0.160000,35.802586
1413,46.951739,47.257167,44.257167,50.257167,price_sensitive_uninformed,none,0.000000,-4,220.360684,32.553727,0.160000,32.393727
1414,47.739253,47.490287,44.490287,50.490287,informed,none,0.000000,-4,220.360684,29.403673,0.160000,29.243673
1415,46.242154,44.931541,41.931541,47.931541,price_sensitive_uninformed,none,0.000000,-4,220.360684,35.392068,0.160000,35.232068
1416,47.907806,48.681932,45.681932,51.681932,price_sensitive_uninformed,none,0.000000,-4,220.360684,28.729460,0.160000,28.569460
1417,49.235622,48.517793,45.517793,51.517793,price_sensitive_uninformed,none,0.000000,-4,220.360684,23.418195,0.160000,23.258195
1418,50.311557,50.165316,47.165316,53.165316,price_sensitive_uninformed,none,0.000000,-4,220.360684,19.114454,0.160000,18.954454
1419,50.344594,50.506192,47.506192,53.506192,informed,none,0.000000,-4,220.360684,18.982309,0.160000,18.822309
1420,50.348468,52.694779,49.694779,55.694779,price_sensitive_uninformed,none,0.000000,-4,220.360684,18.966812,0.160000,18.806812
1421,49.901530,48.650299,45.650299,51.650299,price_sensitive_uninformed,sell_to_mm,45.650299,-3,174.710385,25.005796,0.090000,24.915796
1422,50.713365,49.797897,46.797897,52.797897,price_sensitive_uninformed,none,0.000000,-3,174.710385,22.570289,0.090000,22.480289
1423,50.326057,52.079705,49.079705,55.079705,informed,none,0.000000,-3,174.710385,23.732215,0.090000,23.642215
1424,51.665132,48.827065,45.827065,51.827065,price_sensitive_uninformed,none,0.000000,-3,174.710385,19.714989,0.090000,19.624989
1425,52.989432,52.515038,49.515038,55.515038,informed,none,0.000000,-3,174.710385,15.742090,0.090000,15.652090
1426,51.956044,52.555633,49.555633,55.555633,informed,none,0.000000,-3,174.710385,18.842252,0.090000,18.752252
1427,51.521821,51.793779,48.793779,54.793779,price_sensitive_uninformed,none,0.000000,-3,174.710385,20.144922,0.090000,20.054922
1428,51.000094,50.547071,47.547071,53.547071,price_sensitive_uninformed,none,0.000000,-3,174.710385,21.710104,0.090000,21.620104
1429,50.950320,50.514226,47.514226,53.514226,price_sensitive_uninformed,none,0.000000,-3,174.710385,21.859424,0.090000,21.769424
1430,50.057261,48.854303,45.854303,51.854303,informed,none,0.000000,-3,174.710385,24.538603,0.090000,24.448603
1431,50.653140,51.461914,48.461914,54.461914,price_sensitive_uninformed,none,0.000000,-3,174.710385,22.750966,0.090000,22.660966
1432,52.268168,54.842714,51.842714,57.842714,price_sensitive_uninformed,sell_to_mm,51.842714,-2,122.867671,18.331335,0.040000,18.291335
1433,52.273607,54.664015,51.664015,57.664015,price_sensitive_uninformed,none,0.000000,-2,122.867671,18.320457,0.040000,18.280457
1434,52.628340,52.698000,49.698000,55.698000,price_sensitive_uninformed,none,0.000000,-2,122.867671,17.610991,0.040000,17.570991
1435,52.579091,51.998363,48.998363,54.998363,price_sensitive_uninformed,sell_to_mm,48.998363,-1,73.869308,21.290217,0.010000,21.280217
1436,52.896229,51.911788,48.911788,54.911788,price_sensitive_uninformed,none,0.000000,-1,73.869308,20.973079,0.010000,20.963079
1437,51.406113,49.921507,46.921507,52.921507,informed,none,0.000000,-1,73.869308,22.463195,0.010000,22.453195
1438,52.256105,51.466358,48.466358,54.466358,informed,none,0.000000,-1,73.869308,21.613203,0.010000,21.603203
1439,51.401725,51.887520,48.887520,54.887520,price_sensitive_uninformed,none,0.000000,-1,73.869308,22.467583,0.010000,22.457583
1440,51.233509,52.928413,49.928413,55.928413,informed,none,0.000000,-1,73.869308,22.635799,0.010000,22.625799
1441,49.678920,49.881169,46.881169,52.881169,informed,none,0.000000,-1,73.869308,24.190388,0.010000,24.180388
1442,48.782438,48.947196,45.947196,51.947196,price_sensitive_uninformed,none,0.000000,-1,73.869308,25.086870,0.010000,25.076870
1443,47.971154,47.582128,44.582128,50.582128,price_sensitive_uninformed,none,0.000000,-1,73.869308,25.898154,0.010000,25.888154
1444,47.319267,47.402912,44.402912,50.402912,price_sensitive_uninformed,none,0.000000,-1,73.869308,26.550041,0.010000,26.540041
1445,48.372751,49.360557,46.360557,52.360557,informed,none,0.000000,-1,73.869308,25.496557,0.010000,25.486557
1446,47.109329,48.194301,45.194301,51.194301,price_sensitive_uninformed,none,0.000000,-1,73.869308,26.759979,0.010000,26.749979
1447,46.250312,46.241086,43.241086,49.241086,price_sensitive_uninformed,none,0.000000,-1,73.869308,27.618996,0.010000,27.608996
1448,43.463681,43.219496,40.219496,46.219496,informed,none,0.000000,-1,73.869308,30.405627,0.010000,30.395627
1449,43.529127,43.308777,40.308777,46.308777,price_sensitive_uninformed,none,0.000000,-1,73.869308,30.340181,0.010000,30.330181
1450,43.987534,44.924849,41.924849,47.924849,price_sensitive_uninformed,none,0.000000,-1,73.869308,29.881774,0.010000,29.871774
1451,43.555752,44.328420,41.328420,47.328420,price_sensitive_uninformed,none,0.000000,-1,73.869308,30.313557,0.010000,30.303557
1452,43.340457,44.085645,41.085645,47.085645,price_sensitive_uninformed,none,0.000000,-1,73.869308,30.528851,0.010000,30.518851
1453,44.046948,43.836220,40.836220,46.836220,informed,none,0.000000,-1,73.869308,29.822360,0.010000,29.812360
1454,43.858987,43.641690,40.641690,46.641690,informed,none,0.000000,-1,73.869308,30.010321,0.010000,30.000321
1455,44.733325,44.588107,41.588107,47.588107,informed,none,0.000000,-1,73.869308,29.135983,0.010000,29.125983
1456,44.898272,46.125004,43.125004,49.125004,price_sensitive_uninformed,none,0.000000,-1,73.869308,28.971036,0.010000,28.961036
1457,44.236898,43.201247,40.201247,46.201247,informed,none,0.000000,-1,73.869308,29.632410,0.010000,29.622410
1458,45.768660,44.779128,41.779128,47.779128,price_sensitive_uninformed,buy_from_mm,47.779128,-2,121.648436,30.111117,0.040000,30.071117
1459,46.824330,46.583652,43.583652,49.583652,informed,none,0.000000,-2,121.648436,27.999776,0.040000,27.959776
1460,48.990828,50.750934,47.750934,53.750934,price_sensitive_uninformed,none,0.000000,-2,121.648436,23.666780,0.040000,23.626780
1461,50.015715,50.745804,47.745804,53.745804,price_sensitive_uninformed,none,0.000000,-2,121.648436,21.617007,0.040000,21.577007
1462,50.043773,48.086720,45.086720,51.086720,price_sensitive_uninformed,none,0.000000,-2,121.648436,21.560891,0.040000,21.520891
1463,51.265876,51.351524,48.351524,54.351524,informed,none,0.000000,-2,121.648436,19.116685,0.040000,19.076685
1464,50.122064,49.931222,46.931222,52.931222,informed,none,0.000000,-2,121.648436,21.404308,0.040000,21.364308
1465,51.003215,53.322547,50.322547,56.322547,price_sensitive_uninformed,none,0.000000,-2,121.648436,19.642006,0.040000,19.602006
1466,50.287542,49.209289,46.209289,52.209289,price_sensitive_uninformed,none,0.000000,-2,121.648436,21.073353,0.040000,21.033353
1467,49.543647,49.127349,46.127349,52.127349,informed,none,0.000000,-2,121.648436,22.561141,0.040000,22.521141
1468,49.333382,49.486468,46.486468,52.486468,price_sensitive_uninformed,none,0.000000,-2,121.648436,22.981672,0.040000,22.941672
1469,49.511468,49.092584,46.092584,52.092584,informed,none,0.000000,-2,121.648436,22.625499,0.040000,22.585499
1470,49.663590,49.821925,46.821925,52.821925,informed,none,0.000000,-2,121.648436,22.321256,0.040000,22.281256
1471,52.881905,53.853946,50.853946,56.853946,price_sensitive_uninformed,none,0.000000,-2,121.648436,15.884626,0.040000,15.844626
1472,54.373822,55.207033,52.207033,58.207033,price_sensitive_uninformed,none,0.000000,-2,121.648436,12.900792,0.040000,12.860792
1473,55.031573,55.796760,52.796760,58.796760,price_sensitive_uninformed,none,0.000000,-2,121.648436,11.585291,0.040000,11.545291
1474,56.646827,56.029044,53.029044,59.029044,price_sensitive_uninformed,none,0.000000,-2,121.648436,8.354783,0.040000,8.314783
1475,56.915034,56.970044,53.970044,59.970044,price_sensitive_uninformed,none,0.000000,-2,121.648436,7.818369,0.040000,7.778369
1476,55.771279,54.404175,51.404175,57.404175,price_sensitive_uninformed,none,0.000000,-2,121.648436,10.105878,0.040000,10.065878
1477,55.075136,56.268890,53.268890,59.268890,price_sensitive_uninformed,none,0.000000,-2,121.648436,11.498164,0.040000,11.458164
1478,55.470334,55.646873,52.646873,58.646873,price_sensitive_uninformed,none,0.000000,-2,121.648436,10.707769,0.040000,10.667769
1479,52.648788,50.847024,47.847024,53.847024,price_sensitive_uninformed,none,0.000000,-2,121.648436,16.350861,0.040000,16.310861
1480,52.812192,52.847643,49.847643,55.847643,price_sensitive_uninformed,none,0.000000,-2,121.648436,16.024053,0.040000,15.984053
1481,52.994932,53.871201,50.871201,56.871201,informed,none,0.000000,-2,121.648436,15.658572,0.040000,15.618572
1482,54.050499,53.844714,50.844714,56.844714,informed,none,0.000000,-2,121.648436,13.547438,0.040000,13.507438
1483,53.311742,54.849758,51.849758,57.849758,informed,none,0.000000,-2,121.648436,15.024953,0.040000,14.984953
1484,52.346859,51.292608,48.292608,54.292608,informed,none,0.000000,-2,121.648436,16.954717,0.040000,16.914717
1485,54.678135,55.679154,52.679154,58.679154,price_sensitive_uninformed,none,0.000000,-2,121.648436,12.292167,0.040000,12.252167
1486,54.391915,54.668819,51.668819,57.668819,informed,none,0.000000,-2,121.648436,12.864606,0.040000,12.824606
1487,54.897754,54.678792,51.678792,57.678792,price_sensitive_uninformed,none,0.000000,-2,121.648436,11.852928,0.040000,11.812928
1488,55.963490,56.910502,53.910502,59.910502,price_sensitive_uninformed,none,0.000000,-2,121.648436,9.721455,0.040000,9.681455
1489,56.356426,56.953316,53.953316,59.953316,informed,none,0.000000,-2,121.648436,8.935584,0.040000,8.895584
1490,55.152386,55.257132,52.257132,58.257132,informed,none,0.000000,-2,121.648436,11.343663,0.040000,11.303663
1491,53.010506,51.620047,48.620047,54.620047,informed,none,0.000000,-2,121.648436,15.627424,0.040000,15.587424
1492,53.414112,54.111242,51.111242,57.111242,price_sensitive_uninformed,buy_from_mm,57.111242,-3,178.759678,18.517341,0.090000,18.427341
1493,53.119781,54.987121,51.987121,57.987121,informed,none,0.000000,-3,178.759678,19.400335,0.090000,19.310335
1494,53.289384,53.033048,50.033048,56.033048,price_sensitive_uninformed,none,0.000000,-3,178.759678,18.891526,0.090000,18.801526
1495,54.419430,54.177593,51.177593,57.177593,price_sensitive_uninformed,none,0.000000,-3,178.759678,15.501388,0.090000,15.411388
1496,54.853954,52.943236,49.943236,55.943236,price_sensitive_uninformed,none,0.000000,-3,178.759678,14.197816,0.090000,14.107816
1497,53.774217,54.687072,51.687072,57.687072,price_sensitive_uninformed,none,0.000000,-3,178.759678,17.437028,0.090000,17.347028
1498,52.656640,51.006985,48.006985,54.006985,price_sensitive_uninformed,none,0.000000,-3,178.759678,20.789758,0.090000,20.699758
1499,52.958591,51.156019,48.156019,54.156019,informed,none,0.000000,-3,178.759678,19.883906,0.090000,19.793906
1500,53.434359,52.539635,49.539635,55.539635,informed,none,0.000000,-3,178.759678,18.456603,0.090000,18.366603
1501,50.484013,52.668444,49.668444,55.668444,informed,none,0.000000,-3,178.759678,27.307640,0.090000,27.217640
1502,51.108532,49.735579,46.735579,52.735579,price_sensitive_uninformed,none,0.000000,-3,178.759678,25.434081,0.090000,25.344081
1503,51.415201,51.215986,48.215986,54.215986,price_sensitive_uninformed,none,0.000000,-3,178.759678,24.514075,0.090000,24.424075
1504,51.132550,50.326045,47.326045,53.326045,informed,none,0.000000,-3,178.759678,25.362030,0.090000,25.272030
1505,50.880267,51.927738,48.927738,54.927738,informed,none,0.000000,-3,178.759678,26.118876,0.090000,26.028876
1506,50.747991,51.116258,48.116258,54.116258,price_sensitive_uninformed,none,0.000000,-3,178.759678,26.515706,0.090000,26.425706
1507,50.800110,50.279119,47.279119,53.279119,price_sensitive_uninformed,none,0.000000,-3,178.759678,26.359349,0.090000,26.269349
1508,50.362440,49.469289,46.469289,52.469289,price_sensitive_uninformed,buy_from_mm,52.469289,-4,231.228967,29.779208,0.160000,29.619208
1509,50.033562,49.189567,46.189567,52.189567,price_sensitive_uninformed,none,0.000000,-4,231.228967,31.094717,0.160000,30.934717
1510,49.569468,50.085936,47.085936,53.085936,price_sensitive_uninformed,none,0.000000,-4,231.228967,32.951096,0.160000,32.791096
1511,48.364076,48.665230,45.665230,51.665230,price_sensitive_uninformed,none,0.000000,-4,231.228967,37.772661,0.160000,37.612661
1512,47.170127,46.260563,43.260563,49.260563,price_sensitive_uninformed,none,0.000000,-4,231.228967,42.548458,0.160000,42.388458
1513,47.364534,47.112464,44.112464,50.112464,informed,none,0.000000,-4,231.228967,41.770830,0.160000,41.610830
1514,47.387318,47.537509,44.537509,50.537509,price_sensitive_uninformed,none,0.000000,-4,231.228967,41.679693,0.160000,41.519693
1515,46.981904,47.496685,44.496685,50.496685,price_sensitive_uninformed,none,0.000000,-4,231.228967,43.301352,0.160000,43.141352
1516,47.496192,48.943691,45.943691,51.943691,informed,none,0.000000,-4,231.228967,41.244200,0.160000,41.084200
1517,47.739733,47.368629,44.368629,50.368629,price_sensitive_uninformed,none,0.000000,-4,231.228967,40.270035,0.160000,40.110035
1518,46.964565,47.993307,44.993307,50.993307,informed,none,0.000000,-4,231.228967,43.370708,0.160000,43.210708
1519,47.003356,48.014786,45.014786,51.014786,informed,none,0.000000,-4,231.228967,43.215544,0.160000,43.055544
1520,47.888398,46.406283,43.406283,49.406283,price_sensitive_uninformed,none,0.000000,-4,231.228967,39.675375,0.160000,39.515375
1521,47.118217,46.562096,43.562096,49.562096,price_sensitive_uninformed,none,0.000000,-4,231.228967,42.756098,0.160000,42.596098
1522,48.052965,47.972502,44.972502,50.972502,informed,none,0.000000,-4,231.228967,39.017107,0.160000,38.857107
1523,48.943530,49.348913,46.348913,52.348913,informed,none,0.000000,-4,231.228967,35.454846,0.160000,35.294846
1524,48.683295,48.624022,45.624022,51.624022,price_sensitive_uninformed,none,0.000000,-4,231.228967,36.495786,0.160000,36.335786
1525,48.858740,47.956784,44.956784,50.956784,price_sensitive_uninformed,buy_from_mm,50.956784,-5,282.185751,37.892049,0.250000,37.642049
1526,46.880752,46.190486,43.190486,49.190486,informed,none,0.000000,-5,282.185751,47.781992,0.250000,47.531992
1527,46.911263,46.331202,43.331202,49.331202,informed,none,0.000000,-5,282.185751,47.629436,0.250000,47.379436
1528,47.071969,47.855583,44.855583,50.855583,informed,none,0.000000,-5,282.185751,46.825905,0.250000,46.575905
1529,46.574470,45.981164,42.981164,48.981164,informed,none,0.000000,-5,282.185751,49.313401,0.250000,49.063401
1530,45.154821,44.264726,41.264726,47.264726,informed,none,0.000000,-5,282.185751,56.411645,0.250000,56.161645
1531,43.828144,42.319610,39.319610,45.319610,price_sensitive_uninformed,none,0.000000,-5,282.185751,63.045032,0.250000,62.795032
1532,41.779256,42.749186,39.749186,45.749186,price_sensitive_uninformed,none,0.000000,-5,282.185751,73.289473,0.250000,73.039473
1533,42.503383,43.010775,40.010775,46.010775,price_sensitive_uninformed,none,0.000000,-5,282.185751,69.668836,0.250000,69.418836
1534,43.347071,42.406685,39.406685,45.406685,price_sensitive_uninformed,none,0.000000,-5,282.185751,65.450397,0.250000,65.200397
1535,42.869115,41.688158,38.688158,44.688158,price_sensitive_uninformed,none,0.000000,-5,282.185751,67.840174,0.250000,67.590174
1536,45.873890,44.761588,41.761588,47.761588,informed,none,0.000000,-5,282.185751,52.816299,0.250000,52.566299
1537,46.071304,45.408655,42.408655,48.408655,informed,none,0.000000,-5,282.185751,51.829230,0.250000,51.579230
1538,47.988812,48.408337,45.408337,51.408337,price_sensitive_uninformed,none,0.000000,-5,282.185751,42.241692,0.250000,41.991692
1539,48.913947,49.871274,46.871274,52.871274,informed,none,0.000000,-5,282.185751,37.616017,0.250000,37.366017
1540,47.359119,44.632122,41.632122,47.632122,price_sensitive_uninformed,none,0.000000,-5,282.185751,45.390157,0.250000,45.140157
1541,47.316376,47.282914,44.282914,50.282914,price_sensitive_uninformed,none,0.000000,-5,282.185751,45.603872,0.250000,45.353872
1542,47.839353,47.734129,44.734129,50.734129,informed,none,0.000000,-5,282.185751,42.988987,0.250000,42.738987
1543,48.766102,48.633199,45.633199,51.633199,price_sensitive_uninformed,none,0.000000,-5,282.185751,38.355239,0.250000,38.105239
1544,48.361616,48.138933,45.138933,51.138933,informed,none,0.000000,-5,282.185751,40.377673,0.250000,40.127673
1545,47.098760,47.986850,44.986850,50.986850,price_sensitive_uninformed,none,0.000000,-5,282.185751,46.691951,0.250000,46.441951
1546,47.530437,48.081061,45.081061,51.081061,price_sensitive_uninformed,none,0.000000,-5,282.185751,44.533568,0.250000,44.283568
1547,48.188632,47.699342,44.699342,50.699342,price_sensitive_uninformed,none,0.000000,-5,282.185751,41.242590,0.250000,40.992590
1548,48.688669,48.392692,45.392692,51.392692,price_sensitive_uninformed,none,0.000000,-5,282.185751,38.742407,0.250000,38.492407
1549,49.692092,49.475278,46.475278,52.475278,price_sensitive_uninformed,none,0.000000,-5,282.185751,33.725291,0.250000,33.475291
1550,50.135777,50.288292,47.288292,53.288292,price_sensitive_uninformed,none,0.000000,-5,282.185751,31.506865,0.250000,31.256865
1551,51.518553,52.377857,49.377857,55.377857,price_sensitive_uninformed,none,0.000000,-5,282.185751,24.592987,0.250000,24.342987
1552,50.479183,49.520730,46.520730,52.520730,price_sensitive_uninformed,none,0.000000,-5,282.185751,29.789837,0.250000,29.539837
1553,51.243578,52.573935,49.573935,55.573935,informed,none,0.000000,-5,282.185751,25.967861,0.250000,25.717861
1554,51.738782,53.233480,50.233480,56.233480,informed,none,0.000000,-5,282.185751,23.491841,0.250000,23.241841
1555,51.059063,50.427666,47.427666,53.427666,informed,none,0.000000,-5,282.185751,26.890437,0.250000,26.640437
1556,51.986528,52.300627,49.300627,55.300627,informed,none,0.000000,-5,282.185751,22.253110,0.250000,22.003110
1557,51.957831,52.636326,49.636326,55.636326,price_sensitive_uninformed,none,0.000000,-5,282.185751,22.396594,0.250000,22.146594
1558,50.900177,52.746131,49.746131,55.746131,informed,none,0.000000,-5,282.185751,27.684866,0.250000,27.434866
1559,51.559324,50.838541,47.838541,53.838541,price_sensitive_uninformed,none,0.000000,-5,282.185751,24.389131,0.250000,24.139131
1560,51.858960,51.580054,48.580054,54.580054,informed,none,0.000000,-5,282.185751,22.890949,0.250000,22.640949
1561,51.646462,50.461742,47.461742,53.461742,price_sensitive_uninformed,none,0.000000,-5,282.185751,23.953442,0.250000,23.703442
1562,52.837847,53.966245,50.966245,56.966245,price_sensitive_uninformed,none,0.000000,-5,282.185751,17.996516,0.250000,17.746516
1563,51.285406,51.623773,48.623773,54.623773,price_sensitive_uninformed,none,0.000000,-5,282.185751,25.758723,0.250000,25.508723
1564,52.855601,50.893018,47.893018,53.893018,price_sensitive_uninformed,none,0.000000,-5,282.185751,17.907746,0.250000,17.657746
1565,54.502732,54.956790,51.956790,57.956790,price_sensitive_uninformed,none,0.000000,-5,282.185751,9.672090,0.250000,9.422090
1566,53.727790,53.731477,50.731477,56.731477,price_sensitive_uninformed,none,0.000000,-5,282.185751,13.546798,0.250000,13.296798
1567,53.059792,52.451067,49.451067,55.451067,informed,none,0.000000,-5,282.185751,16.886790,0.250000,16.636790
1568,53.457259,54.712646,51.712646,57.712646,price_sensitive_uninformed,none,0.000000,-5,282.185751,14.899458,0.250000,14.649458
1569,52.941451,52.756577,49.756577,55.756577,price_sensitive_uninformed,none,0.000000,-5,282.185751,17.478494,0.250000,17.228494
1570,50.486555,53.391649,50.391649,56.391649,informed,none,0.000000,-5,282.185751,29.752976,0.250000,29.502976
1571,50.359742,50.190409,47.190409,53.190409,informed,none,0.000000,-5,282.185751,30.387041,0.250000,30.137041
1572,49.904945,49.074381,46.074381,52.074381,informed,none,0.000000,-5,282.185751,32.661028,0.250000,32.411028
1573,51.006907,49.914911,46.914911,52.914911,price_sensitive_uninformed,none,0.000000,-5,282.185751,27.151213,0.250000,26.901213
1574,52.115954,51.408937,48.408937,54.408937,price_sensitive_uninformed,none,0.000000,-5,282.185751,21.605981,0.250000,21.355981
1575,50.389173,49.411091,46.411091,52.411091,price_sensitive_uninformed,none,0.000000,-5,282.185751,30.239888,0.250000,29.989888
1576,48.322041,49.235523,46.235523,52.235523,price_sensitive_uninformed,none,0.000000,-5,282.185751,40.575544,0.250000,40.325544
1577,47.159665,46.279872,43.279872,49.279872,informed,none,0.000000,-5,282.185751,46.387428,0.250000,46.137428
1578,44.540779,43.316020,40.316020,46.316020,price_sensitive_uninformed,none,0.000000,-5,282.185751,59.481855,0.250000,59.231855
1579,43.805696,44.040005,41.040005,47.040005,price_sensitive_uninformed,none,0.000000,-5,282.185751,63.157270,0.250000,62.907270
1580,44.356907,45.714903,42.714903,48.714903,price_sensitive_uninformed,none,0.000000,-5,282.185751,60.401215,0.250000,60.151215
1581,43.289267,42.708311,39.708311,45.708311,informed,none,0.000000,-5,282.185751,65.739415,0.250000,65.489415
1582,43.844171,42.483714,39.483714,45.483714,price_sensitive_uninformed,none,0.000000,-5,282.185751,62.964896,0.250000,62.714896
1583,44.270924,44.524513,41.524513,47.524513,price_sensitive_uninformed,none,0.000000,-5,282.185751,60.831130,0.250000,60.581130
1584,43.853402,44.894155,41.894155,47.894155,price_sensitive_uninformed,none,0.000000,-5,282.185751,62.918739,0.250000,62.668739
1585,43.111538,44.243979,41.243979,47.243979,informed,none,0.000000,-5,282.185751,66.628062,0.250000,66.378062
1586,40.997124,44.034606,41.034606,47.034606,informed,sell_to_mm,41.034606,-4,241.151145,77.162650,0.160000,77.002650
1587,41.340617,41.269303,38.269303,44.269303,informed,none,0.000000,-4,241.151145,75.788677,0.160000,75.628677
1588,40.776420,39.555867,36.555867,42.555867,informed,none,0.000000,-4,241.151145,78.045463,0.160000,77.885463
1589,41.719542,42.401094,39.401094,45.401094,informed,none,0.000000,-4,241.151145,74.272978,0.160000,74.112978
1590,43.626114,43.110699,40.110699,46.110699,price_sensitive_uninformed,none,0.000000,-4,241.151145,66.646688,0.160000,66.486688
1591,41.933439,42.075510,39.075510,45.075510,price_sensitive_uninformed,none,0.000000,-4,241.151145,73.417390,0.160000,73.257390
1592,41.011622,43.698073,40.698073,46.698073,informed,none,0.000000,-4,241.151145,77.104657,0.160000,76.944657
1593,39.639731,39.687983,36.687983,42.687983,price_sensitive_uninformed,none,0.000000,-4,241.151145,82.592221,0.160000,82.432221
1594,40.414782,40.132116,37.132116,43.132116,price_sensitive_uninformed,none,0.000000,-4,241.151145,79.492018,0.160000,79.332018
1595,42.067021,41.129834,38.129834,44.129834,informed,none,0.000000,-4,241.151145,72.883061,0.160000,72.723061
1596,40.428998,41.553056,38.553056,44.553056,informed,none,0.000000,-4,241.151145,79.435154,0.160000,79.275154
1597,40.881427,40.599785,37.599785,43.599785,price_sensitive_uninformed,none,0.000000,-4,241.151145,77.625435,0.160000,77.465435
1598,39.886530,39.423478,36.423478,42.423478,price_sensitive_uninformed,none,0.000000,-4,241.151145,81.605026,0.160000,81.445026
1599,40.676848,40.692312,37.692312,43.692312,price_sensitive_uninformed,none,0.000000,-4,241.151145,78.443752,0.160000,78.283752
1600,40.289267,39.397381,36.397381,42.397381,price_sensitive_uninformed,none,0.000000,-4,241.151145,79.994077,0.160000,79.834077
1601,38.925591,39.379110,36.379110,42.379110,informed,none,0.000000,-4,241.151145,85.448783,0.160000,85.288783
1602,38.488737,38.963492,35.963492,41.963492,price_sensitive_uninformed,none,0.000000,-4,241.151145,87.196198,0.160000,87.036198
1603,36.905973,39.932152,36.932152,42.932152,informed,sell_to_mm,36.932152,-3,204.218993,93.501073,0.090000,93.411073
1604,37.347935,37.894919,34.894919,40.894919,informed,none,0.000000,-3,204.218993,92.175190,0.090000,92.085190
1605,40.429773,41.465096,38.465096,44.465096,informed,none,0.000000,-3,204.218993,82.929676,0.090000,82.839676
1606,40.905974,38.669779,35.669779,41.669779,informed,none,0.000000,-3,204.218993,81.501072,0.090000,81.411072
1607,39.268272,39.738058,36.738058,42.738058,informed,none,0.000000,-3,204.218993,86.414178,0.090000,86.324178
1608,37.947042,38.205306,35.205306,41.205306,price_sensitive_uninformed,none,0.000000,-3,204.218993,90.377869,0.090000,90.287869
1609,36.710441,35.488837,32.488837,38.488837,price_sensitive_uninformed,none,0.000000,-3,204.218993,94.087669,0.090000,93.997669
1610,35.583508,36.832936,33.832936,39.832936,price_sensitive_uninformed,none,0.000000,-3,204.218993,97.468470,0.090000,97.378470
1611,36.680513,35.008377,32.008377,38.008377,informed,none,0.000000,-3,204.218993,94.177456,0.090000,94.087456
1612,36.930469,37.660191,34.660191,40.660191,informed,none,0.000000,-3,204.218993,93.427586,0.090000,93.337586
1613,35.855963,35.009860,32.009860,38.009860,informed,none,0.000000,-3,204.218993,96.651105,0.090000,96.561105
1614,36.204176,36.336816,33.336816,39.336816,price_sensitive_uninformed,none,0.000000,-3,204.218993,95.606466,0.090000,95.516466
1615,36.463229,36.206828,33.206828,39.206828,price_sensitive_uninformed,none,0.000000,-3,204.218993,94.829306,0.090000,94.739306
1616,35.797142,36.762724,33.762724,39.762724,informed,none,0.000000,-3,204.218993,96.827567,0.090000,96.737567
1617,35.706119,35.630565,32.630565,38.630565,informed,none,0.000000,-3,204.218993,97.100637,0.090000,97.010637
1618,36.773777,36.121864,33.121864,39.121864,price_sensitive_uninformed,none,0.000000,-3,204.218993,93.897661,0.090000,93.807661
1619,35.336910,33.757872,30.757872,36.757872,price_sensitive_uninformed,none,0.000000,-3,204.218993,98.208264,0.090000,98.118264
1620,35.100057,35.886738,32.886738,38.886738,informed,none,0.000000,-3,204.218993,98.918823,0.090000,98.828823
1621,34.002967,33.932321,30.932321,36.932321,price_sensitive_uninformed,none,0.000000,-3,204.218993,102.210091,0.090000,102.120091
1622,32.482528,33.193956,30.193956,36.193956,informed,none,0.000000,-3,204.218993,106.771411,0.090000,106.681411
1623,32.533840,32.808218,29.808218,35.808218,price_sensitive_uninformed,none,0.000000,-3,204.218993,106.617473,0.090000,106.527473
1624,32.314440,33.065738,30.065738,36.065738,informed,none,0.000000,-3,204.218993,107.275672,0.090000,107.185672
1625,33.557012,34.642271,31.642271,37.642271,informed,none,0.000000,-3,204.218993,103.547958,0.090000,103.457958
1626,32.662149,33.885573,30.885573,36.885573,informed,none,0.000000,-3,204.218993,106.232546,0.090000,106.142546
1627,31.959206,31.616082,28.616082,34.616082,price_sensitive_uninformed,none,0.000000,-3,204.218993,108.341376,0.090000,108.251376
1628,34.794484,35.677098,32.677098,38.677098,informed,none,0.000000,-3,204.218993,99.835542,0.090000,99.745542
1629,36.706705,38.365403,35.365403,41.365403,price_sensitive_uninformed,none,0.000000,-3,204.218993,94.098878,0.090000,94.008878
1630,35.588990,36.102041,33.102041,39.102041,informed,none,0.000000,-3,204.218993,97.452025,0.090000,97.362025
1631,34.973505,35.788443,32.788443,38.788443,price_sensitive_uninformed,none,0.000000,-3,204.218993,99.298479,0.090000,99.208479
1632,33.876236,32.721948,29.721948,35.721948,price_sensitive_uninformed,none,0.000000,-3,204.218993,102.590285,0.090000,102.500285
1633,33.735585,34.371791,31.371791,37.371791,price_sensitive_uninformed,none,0.000000,-3,204.218993,103.012239,0.090000,102.922239
1634,33.521187,32.765892,29.765892,35.765892,price_sensitive_uninformed,none,0.000000,-3,204.218993,103.655433,0.090000,103.565433
1635,35.204421,34.684631,31.684631,37.684631,informed,none,0.000000,-3,204.218993,98.605731,0.090000,98.515731
1636,36.025197,34.156885,31.156885,37.156885,informed,none,0.000000,-3,204.218993,96.143403,0.090000,96.053403
1637,35.823344,36.978081,33.978081,39.978081,informed,none,0.000000,-3,204.218993,96.748963,0.090000,96.658963
1638,35.003716,35.152257,32.152257,38.152257,price_sensitive_uninformed,none,0.000000,-3,204.218993,99.207846,0.090000,99.117846
1639,35.701626,35.510535,32.510535,38.510535,informed,none,0.000000,-3,204.218993,97.114114,0.090000,97.024114
1640,34.917376,34.228111,31.228111,37.228111,price_sensitive_uninformed,none,0.000000,-3,204.218993,99.466865,0.090000,99.376865
1641,34.838590,35.656363,32.656363,38.656363,informed,none,0.000000,-3,204.218993,99.703223,0.090000,99.613223
1642,35.189546,34.925477,31.925477,37.925477,informed,none,0.000000,-3,204.218993,98.650354,0.090000,98.560354
1643,34.518702,35.031340,32.031340,38.031340,price_sensitive_uninformed,none,0.000000,-3,204.218993,100.662889,0.090000,100.572889
1644,35.323257,35.841791,32.841791,38.841791,price_sensitive_uninformed,none,0.000000,-3,204.218993,98.249224,0.090000,98.159224
1645,37.671728,36.863169,33.863169,39.863169,price_sensitive_uninformed,none,0.000000,-3,204.218993,91.203809,0.090000,91.113809
1646,36.470213,36.870713,33.870713,39.870713,informed,none,0.000000,-3,204.218993,94.808353,0.090000,94.718353
1647,36.795383,37.040990,34.040990,40.040990,price_sensitive_uninformed,none,0.000000,-3,204.218993,93.832846,0.090000,93.742846
1648,36.115317,35.725186,32.725186,38.725186,informed,none,0.000000,-3,204.218993,95.873041,0.090000,95.783041
1649,37.620592,38.001341,35.001341,41.001341,informed,none,0.000000,-3,204.218993,91.357217,0.090000,91.267217
1650,37.396507,37.686003,34.686003,40.686003,price_sensitive_uninformed,none,0.000000,-3,204.218993,92.029472,0.090000,91.939472
1651,36.394510,36.344628,33.344628,39.344628,informed,none,0.000000,-3,204.218993,95.035464,0.090000,94.945464
1652,36.792130,37.524340,34.524340,40.524340,informed,none,0.000000,-3,204.218993,93.842604,0.090000,93.752604
1653,36.854793,36.665392,33.665392,39.665392,price_sensitive_uninformed,none,0.000000,-3,204.218993,93.654613,0.090000,93.564613
1654,37.080784,38.289845,35.289845,41.289845,informed,none,0.000000,-3,204.218993,92.976643,0.090000,92.886643
1655,36.674115,35.526142,32.526142,38.526142,informed,none,0.000000,-3,204.218993,94.196650,0.090000,94.106650
1656,37.259562,37.994666,34.994666,40.994666,price_sensitive_uninformed,none,0.000000,-3,204.218993,92.440307,0.090000,92.350307
1657,37.025986,36.504703,33.504703,39.504703,price_sensitive_uninformed,none,0.000000,-3,204.218993,93.141034,0.090000,93.051034
1658,38.080501,37.326142,34.326142,40.326142,price_sensitive_uninformed,none,0.000000,-3,204.218993,89.977490,0.090000,89.887490
1659,37.879892,39.186593,36.186593,42.186593,informed,none,0.000000,-3,204.218993,90.579317,0.090000,90.489317
1660,40.326636,42.728457,39.728457,45.728457,price_sensitive_uninformed,none,0.000000,-3,204.218993,83.239085,0.090000,83.149085
1661,40.882858,42.105596,39.105596,45.105596,informed,none,0.000000,-3,204.218993,81.570418,0.090000,81.480418
1662,41.847552,41.905868,38.905868,44.905868,price_sensitive_uninformed,none,0.000000,-3,204.218993,78.676338,0.090000,78.586338
1663,41.980286,42.626087,39.626087,45.626087,informed,none,0.000000,-3,204.218993,78.278135,0.090000,78.188135
1664,41.255679,40.700580,37.700580,43.700580,informed,none,0.000000,-3,204.218993,80.451956,0.090000,80.361956
1665,41.954299,40.685868,37.685868,43.685868,informed,none,0.000000,-3,204.218993,78.356096,0.090000,78.266096
1666,42.011554,42.404928,39.404928,45.404928,price_sensitive_uninformed,none,0.000000,-3,204.218993,78.184331,0.090000,78.094331
1667,41.209411,40.112086,37.112086,43.112086,informed,none,0.000000,-3,204.218993,80.590760,0.090000,80.500760
1668,40.614901,40.749940,37.749940,43.749940,price_sensitive_uninformed,none,0.000000,-3,204.218993,82.374291,0.090000,82.284291
1669,40.108744,39.775962,36.775962,42.775962,informed,none,0.000000,-3,204.218993,83.892762,0.090000,83.802762
1670,39.794298,40.508511,37.508511,43.508511,informed,none,0.000000,-3,204.218993,84.836100,0.090000,84.746100
1671,38.400321,37.308167,34.308167,40.308167,price_sensitive_uninformed,none,0.000000,-3,204.218993,89.018031,0.090000,88.928031
1672,36.153241,36.241048,33.241048,39.241048,price_sensitive_uninformed,none,0.000000,-3,204.218993,95.759272,0.090000,95.669272
1673,35.819685,36.562222,33.562222,39.562222,informed,none,0.000000,-3,204.218993,96.759940,0.090000,96.669940
1674,34.788100,33.282853,30.282853,36.282853,informed,none,0.000000,-3,204.218993,99.854694,0.090000,99.764694
1675,34.787631,34.578758,31.578758,37.578758,price_sensitive_uninformed,none,0.000000,-3,204.218993,99.856102,0.090000,99.766102
1676,36.092565,36.721702,33.721702,39.721702,price_sensitive_uninformed,none,0.000000,-3,204.218993,95.941297,0.090000,95.851297
1677,34.531473,37.395503,34.395503,40.395503,price_sensitive_uninformed,none,0.000000,-3,204.218993,100.624575,0.090000,100.534575
1678,35.275112,37.060674,34.060674,40.060674,price_sensitive_uninformed,none,0.000000,-3,204.218993,98.393658,0.090000,98.303658
1679,33.907838,34.616019,31.616019,37.616019,price_sensitive_uninformed,none,0.000000,-3,204.218993,102.495479,0.090000,102.405479
1680,35.074483,33.094440,30.094440,36.094440,price_sensitive_uninformed,none,0.000000,-3,204.218993,98.995543,0.090000,98.905543
1681,35.407263,36.809257,33.809257,39.809257,price_sensitive_uninformed,none,0.000000,-3,204.218993,97.997205,0.090000,97.907205
1682,34.707810,33.754458,30.754458,36.754458,price_sensitive_uninformed,none,0.000000,-3,204.218993,100.095562,0.090000,100.005562
1683,33.292315,33.306676,30.306676,36.306676,informed,none,0.000000,-3,204.218993,104.342047,0.090000,104.252047
1684,34.619517,35.850869,32.850869,38.850869,informed,none,0.000000,-3,204.218993,100.360443,0.090000,100.270443
1685,37.104833,39.109539,36.109539,42.109539,informed,none,0.000000,-3,204.218993,92.904494,0.090000,92.814494
1686,38.561043,39.168914,36.168914,42.168914,price_sensitive_uninformed,none,0.000000,-3,204.218993,88.535864,0.090000,88.445864
1687,37.981292,37.201383,34.201383,40.201383,price_sensitive_uninformed,none,0.000000,-3,204.218993,90.275117,0.090000,90.185117
1688,37.511990,37.558687,34.558687,40.558687,price_sensitive_uninformed,none,0.000000,-3,204.218993,91.683024,0.090000,91.593024
1689,38.024231,38.204506,35.204506,41.204506,price_sensitive_uninformed,none,0.000000,-3,204.218993,90.146299,0.090000,90.056299
1690,38.583056,36.298524,33.298524,39.298524,informed,none,0.000000,-3,204.218993,88.469825,0.090000,88.379825
1691,38.932788,38.706864,35.706864,41.706864,price_sensitive_uninformed,none,0.000000,-3,204.218993,87.420631,0.090000,87.330631
1692,39.606379,39.617905,36.617905,42.617905,informed,none,0.000000,-3,204.218993,85.399857,0.090000,85.309857
1693,39.499200,39.231465,36.231465,42.231465,price_sensitive_uninformed,none,0.000000,-3,204.218993,85.721394,0.090000,85.631394
1694,38.864085,37.857336,34.857336,40.857336,informed,none,0.000000,-3,204.218993,87.626738,0.090000,87.536738
1695,39.185466,38.485171,35.485171,41.485171,price_sensitive_uninformed,none,0.000000,-3,204.218993,86.662594,0.090000,86.572594
1696,39.118195,41.973371,38.973371,44.973371,price_sensitive_uninformed,none,0.000000,-3,204.218993,86.864409,0.090000,86.774409
1697,40.314901,39.566416,36.566416,42.566416,price_sensitive_uninformed,none,0.000000,-3,204.218993,83.274291,0.090000,83.184291
1698,40.728798,39.826591,36.826591,42.826591,price_sensitive_uninformed,none,0.000000,-3,204.218993,82.032601,0.090000,81.942601
1699,42.209426,43.668303,40.668303,46.668303,price_sensitive_uninformed,none,0.000000,-3,204.218993,77.590716,0.090000,77.500716
1700,42.213988,40.905605,37.905605,43.905605,price_sensitive_uninformed,none,0.000000,-3,204.218993,77.577030,0.090000,77.487030
1701,42.913034,43.637862,40.637862,46.637862,informed,none,0.000000,-3,204.218993,75.479891,0.090000,75.389891
1702,42.054520,42.026670,39.026670,45.026670,price_sensitive_uninformed,none,0.000000,-3,204.218993,78.055433,0.090000,77.965433
1703,42.455419,44.112315,41.112315,47.112315,informed,none,0.000000,-3,204.218993,76.852735,0.090000,76.762735
1704,43.002556,42.220717,39.220717,45.220717,price_sensitive_uninformed,none,0.000000,-3,204.218993,75.211326,0.090000,75.121326
1705,42.962547,42.655488,39.655488,45.655488,informed,none,0.000000,-3,204.218993,75.331353,0.090000,75.241353
1706,42.922025,41.941232,38.941232,44.941232,price_sensitive_uninformed,none,0.000000,-3,204.218993,75.452917,0.090000,75.362917
1707,44.952503,44.912220,41.912220,47.912220,price_sensitive_uninformed,none,0.000000,-3,204.218993,69.361483,0.090000,69.271483
1708,44.728773,44.030225,41.030225,47.030225,price_sensitive_uninformed,none,0.000000,-3,204.218993,70.032675,0.090000,69.942675
1709,45.390224,43.755273,40.755273,46.755273,informed,none,0.000000,-3,204.218993,68.048322,0.090000,67.958322
1710,45.525710,46.067257,43.067257,49.067257,price_sensitive_uninformed,none,0.000000,-3,204.218993,67.641863,0.090000,67.551863
1711,44.636350,46.978246,43.978246,49.978246,price_sensitive_uninformed,none,0.000000,-3,204.218993,70.309943,0.090000,70.219943
1712,44.621941,42.374242,39.374242,45.374242,informed,none,0.000000,-3,204.218993,70.353171,0.090000,70.263171
1713,45.425320,45.821890,42.821890,48.821890,informed,none,0.000000,-3,204.218993,67.943033,0.090000,67.853033
1714,44.921180,44.246555,41.246555,47.246555,informed,none,0.000000,-3,204.218993,69.455454,0.090000,69.365454
1715,43.686753,43.362414,40.362414,46.362414,informed,none,0.000000,-3,204.218993,73.158736,0.090000,73.068736
1716,42.326071,43.095019,40.095019,46.095019,informed,none,0.000000,-3,204.218993,77.240779,0.090000,77.150779
1717,40.972473,41.868628,38.868628,44.868628,price_sensitive_uninformed,none,0.000000,-3,204.218993,81.301575,0.090000,81.211575
1718,42.056845,43.508758,40.508758,46.508758,price_sensitive_uninformed,none,0.000000,-3,204.218993,78.048458,0.090000,77.958458
1719,40.626130,38.865359,35.865359,41.865359,price_sensitive_uninformed,none,0.000000,-3,204.218993,82.340605,0.090000,82.250605
1720,41.090568,41.436147,38.436147,44.436147,price_sensitive_uninformed,none,0.000000,-3,204.218993,80.947290,0.090000,80.857290
1721,41.348878,41.278235,38.278235,44.278235,price_sensitive_uninformed,none,0.000000,-3,204.218993,80.172359,0.090000,80.082359
1722,41.149924,40.179838,37.179838,43.179838,price_sensitive_uninformed,none,0.000000,-3,204.218993,80.769221,0.090000,80.679221
1723,40.618391,40.318373,37.318373,43.318373,price_sensitive_uninformed,none,0.000000,-3,204.218993,82.363820,0.090000,82.273820
1724,41.476782,40.717401,37.717401,43.717401,informed,none,0.000000,-3,204.218993,79.788649,0.090000,79.698649
1725,42.236744,42.323229,39.323229,45.323229,informed,none,0.000000,-3,204.218993,77.508761,0.090000,77.418761
1726,42.768319,39.675615,36.675615,42.675615,informed,buy_from_mm,42.675615,-4,246.894609,75.821333,0.160000,75.661333
1727,41.915076,39.326023,36.326023,42.326023,price_sensitive_uninformed,none,0.000000,-4,246.894609,79.234303,0.160000,79.074303
1728,40.762768,43.061643,40.061643,46.061643,price_sensitive_uninformed,none,0.000000,-4,246.894609,83.843538,0.160000,83.683538
1729,40.991932,40.268368,37.268368,43.268368,price_sensitive_uninformed,none,0.000000,-4,246.894609,82.926879,0.160000,82.766879
1730,40.618517,41.750632,38.750632,44.750632,price_sensitive_uninformed,none,0.000000,-4,246.894609,84.420541,0.160000,84.260541
1731,40.032781,40.202085,37.202085,43.202085,price_sensitive_uninformed,none,0.000000,-4,246.894609,86.763483,0.160000,86.603483
1732,40.819279,41.470587,38.470587,44.470587,price_sensitive_uninformed,none,0.000000,-4,246.894609,83.617493,0.160000,83.457493
1733,40.984678,41.647790,38.647790,44.647790,price_sensitive_uninformed,none,0.000000,-4,246.894609,82.955899,0.160000,82.795899
1734,41.057499,40.829586,37.829586,43.829586,price_sensitive_uninformed,none,0.000000,-4,246.894609,82.664615,0.160000,82.504615
1735,40.077233,39.921119,36.921119,42.921119,price_sensitive_uninformed,none,0.000000,-4,246.894609,86.585678,0.160000,86.425678
1736,41.438061,40.373792,37.373792,43.373792,informed,none,0.000000,-4,246.894609,81.142363,0.160000,80.982363
1737,41.435000,41.924567,38.924567,44.924567,informed,none,0.000000,-4,246.894609,81.154609,0.160000,80.994609
1738,40.232899,40.517843,37.517843,43.517843,price_sensitive_uninformed,none,0.000000,-4,246.894609,85.963013,0.160000,85.803013
1739,41.095894,40.623555,37.623555,43.623555,informed,none,0.000000,-4,246.894609,82.511032,0.160000,82.351032
1740,41.148178,41.391294,38.391294,44.391294,price_sensitive_uninformed,none,0.000000,-4,246.894609,82.301895,0.160000,82.141895
1741,42.268496,40.823130,37.823130,43.823130,informed,none,0.000000,-4,246.894609,77.820625,0.160000,77.660625
1742,43.275542,43.239040,40.239040,46.239040,informed,none,0.000000,-4,246.894609,73.792440,0.160000,73.632440
1743,44.291380,43.755721,40.755721,46.755721,price_sensitive_uninformed,none,0.000000,-4,246.894609,69.729090,0.160000,69.569090
1744,44.682977,44.402871,41.402871,47.402871,informed,none,0.000000,-4,246.894609,68.162700,0.160000,68.002700
1745,46.441895,46.626310,43.626310,49.626310,price_sensitive_uninformed,none,0.000000,-4,246.894609,61.127030,0.160000,60.967030
1746,46.284344,46.936954,43.936954,49.936954,price_sensitive_uninformed,none,0.000000,-4,246.894609,61.757234,0.160000,61.597234
1747,45.673105,46.300651,43.300651,49.300651,informed,none,0.000000,-4,246.894609,64.202190,0.160000,64.042190
1748,44.908808,45.804661,42.804661,48.804661,informed,none,0.000000,-4,246.894609,67.259376,0.160000,67.099376
1749,44.583447,43.693005,40.693005,46.693005,informed,none,0.000000,-4,246.894609,68.560820,0.160000,68.400820
1750,44.522838,44.258111,41.258111,47.258111,price_sensitive_uninformed,none,0.000000,-4,246.894609,68.803255,0.160000,68.643255
1751,43.996744,44.244220,41.244220,47.244220,price_sensitive_uninformed,none,0.000000,-4,246.894609,70.907632,0.160000,70.747632
1752,44.471337,44.914537,41.914537,47.914537,price_sensitive_uninformed,none,0.000000,-4,246.894609,69.009261,0.160000,68.849261
1753,46.834699,44.981214,41.981214,47.981214,informed,none,0.000000,-4,246.894609,59.555811,0.160000,59.395811
1754,45.042438,45.218416,42.218416,48.218416,informed,none,0.000000,-4,246.894609,66.724857,0.160000,66.564857
1755,44.058282,43.891627,40.891627,46.891627,price_sensitive_uninformed,none,0.000000,-4,246.894609,70.661481,0.160000,70.501481
1756,40.989848,40.807148,37.807148,43.807148,informed,none,0.000000,-4,246.894609,82.935219,0.160000,82.775219
1757,42.268678,42.783837,39.783837,45.783837,informed,none,0.000000,-4,246.894609,77.819896,0.160000,77.659896
1758,43.731581,44.192790,41.192790,47.192790,price_sensitive_uninformed,none,0.000000,-4,246.894609,71.968284,0.160000,71.808284
1759,44.694331,45.404274,42.404274,48.404274,price_sensitive_uninformed,none,0.000000,-4,246.894609,68.117285,0.160000,67.957285
1760,44.545571,44.542540,41.542540,47.542540,informed,none,0.000000,-4,246.894609,68.712323,0.160000,68.552323
1761,44.169326,45.315338,42.315338,48.315338,informed,none,0.000000,-4,246.894609,70.217306,0.160000,70.057306
1762,45.457619,46.535352,43.535352,49.535352,informed,none,0.000000,-4,246.894609,65.064134,0.160000,64.904134
1763,47.490153,45.307422,42.307422,48.307422,price_sensitive_uninformed,none,0.000000,-4,246.894609,56.933995,0.160000,56.773995
1764,46.027844,44.491351,41.491351,47.491351,informed,none,0.000000,-4,246.894609,62.783234,0.160000,62.623234
1765,44.736658,44.622264,41.622264,47.622264,price_sensitive_uninformed,none,0.000000,-4,246.894609,67.947976,0.160000,67.787976
1766,44.447026,44.657561,41.657561,47.657561,price_sensitive_uninformed,none,0.000000,-4,246.894609,69.106504,0.160000,68.946504
1767,45.273094,45.141055,42.141055,48.141055,informed,none,0.000000,-4,246.894609,65.802233,0.160000,65.642233
1768,45.427144,43.213847,40.213847,46.213847,informed,none,0.000000,-4,246.894609,65.186031,0.160000,65.026031
1769,45.369359,46.822387,43.822387,49.822387,price_sensitive_uninformed,none,0.000000,-4,246.894609,65.417173,0.160000,65.257173
1770,46.839550,46.418241,43.418241,49.418241,price_sensitive_uninformed,none,0.000000,-4,246.894609,59.536409,0.160000,59.376409
1771,46.755929,46.091471,43.091471,49.091471,price_sensitive_uninformed,none,0.000000,-4,246.894609,59.870892,0.160000,59.710892
1772,47.600405,47.589402,44.589402,50.589402,price_sensitive_uninformed,none,0.000000,-4,246.894609,56.492988,0.160000,56.332988
1773,47.267743,45.939819,42.939819,48.939819,informed,none,0.000000,-4,246.894609,57.823637,0.160000,57.663637
1774,48.122741,47.341469,44.341469,50.341469,price_sensitive_uninformed,none,0.000000,-4,246.894609,54.403643,0.160000,54.243643
1775,47.631787,47.692770,44.692770,50.692770,price_sensitive_uninformed,none,0.000000,-4,246.894609,56.367462,0.160000,56.207462
1776,47.810072,48.555025,45.555025,51.555025,informed,none,0.000000,-4,246.894609,55.654322,0.160000,55.494322
1777,46.376383,44.917321,41.917321,47.917321,price_sensitive_uninformed,none,0.000000,-4,246.894609,61.389076,0.160000,61.229076
1778,44.716583,43.021411,40.021411,46.021411,price_sensitive_uninformed,none,0.000000,-4,246.894609,68.028277,0.160000,67.868277
1779,43.655014,44.474588,41.474588,47.474588,price_sensitive_uninformed,none,0.000000,-4,246.894609,72.274554,0.160000,72.114554
1780,42.809868,42.317447,39.317447,45.317447,informed,none,0.000000,-4,246.894609,75.655138,0.160000,75.495138
1781,44.037862,44.385839,41.385839,47.385839,informed,none,0.000000,-4,246.894609,70.743159,0.160000,70.583159
1782,42.418604,42.614503,39.614503,45.614503,informed,none,0.000000,-4,246.894609,77.220192,0.160000,77.060192
1783,41.567153,39.816186,36.816186,42.816186,price_sensitive_uninformed,none,0.000000,-4,246.894609,80.625996,0.160000,80.465996
1784,39.558897,40.932143,37.932143,43.932143,informed,none,0.000000,-4,246.894609,88.659019,0.160000,88.499019
1785,39.533330,40.660853,37.660853,43.660853,price_sensitive_uninformed,none,0.000000,-4,246.894609,88.761290,0.160000,88.601290
1786,37.622880,37.889594,34.889594,40.889594,informed,none,0.000000,-4,246.894609,96.403088,0.160000,96.243088
1787,37.320115,37.027297,34.027297,40.027297,price_sensitive_uninformed,none,0.000000,-4,246.894609,97.614147,0.160000,97.454147
1788,37.565508,39.824609,36.824609,42.824609,price_sensitive_uninformed,none,0.000000,-4,246.894609,96.632578,0.160000,96.472578
1789,36.203214,37.078040,34.078040,40.078040,price_sensitive_uninformed,none,0.000000,-4,246.894609,102.081751,0.160000,101.921751
1790,37.519527,37.166552,34.166552,40.166552,informed,none,0.000000,-4,246.894609,96.816500,0.160000,96.656500
1791,37.536491,36.090661,33.090661,39.090661,price_sensitive_uninformed,none,0.000000,-4,246.894609,96.748645,0.160000,96.588645
1792,38.200722,37.897863,34.897863,40.897863,informed,none,0.000000,-4,246.894609,94.091722,0.160000,93.931722
1793,37.232540,36.814716,33.814716,39.814716,price_sensitive_uninformed,none,0.000000,-4,246.894609,97.964447,0.160000,97.804447
1794,37.777964,38.802563,35.802563,41.802563,informed,none,0.000000,-4,246.894609,95.782753,0.160000,95.622753
1795,39.436591,38.702373,35.702373,41.702373,informed,none,0.000000,-4,246.894609,89.148244,0.160000,88.988244
1796,39.822472,39.769765,36.769765,42.769765,price_sensitive_uninformed,none,0.000000,-4,246.894609,87.604722,0.160000,87.444722
1797,39.855317,39.080073,36.080073,42.080073,price_sensitive_uninformed,none,0.000000,-4,246.894609,87.473342,0.160000,87.313342
1798,39.138308,38.624906,35.624906,41.624906,price_sensitive_uninformed,none,0.000000,-4,246.894609,90.341375,0.160000,90.181375
1799,38.224781,38.775955,35.775955,41.775955,price_sensitive_uninformed,none,0.000000,-4,246.894609,93.995485,0.160000,93.835485
1800,38.416471,38.978194,35.978194,41.978194,informed,none,0.000000,-4,246.894609,93.228723,0.160000,93.068723
1801,38.963873,38.141669,35.141669,41.141669,informed,none,0.000000,-4,246.894609,91.039116,0.160000,90.879116
1802,39.248093,41.392071,38.392071,44.392071,price_sensitive_uninformed,none,0.000000,-4,246.894609,89.902235,0.160000,89.742235
1803,40.394105,39.062489,36.062489,42.062489,price_sensitive_uninformed,none,0.000000,-4,246.894609,85.318188,0.160000,85.158188
1804,40.624130,40.465078,37.465078,43.465078,informed,none,0.000000,-4,246.894609,84.398088,0.160000,84.238088
1805,40.982992,43.115626,40.115626,46.115626,price_sensitive_uninformed,none,0.000000,-4,246.894609,82.962642,0.160000,82.802642
1806,40.343003,40.061645,37.061645,43.061645,price_sensitive_uninformed,none,0.000000,-4,246.894609,85.522595,0.160000,85.362595
1807,38.899923,39.525553,36.525553,42.525553,informed,none,0.000000,-4,246.894609,91.294916,0.160000,91.134916
1808,41.259507,42.274978,39.274978,45.274978,price_sensitive_uninformed,none,0.000000,-4,246.894609,81.856580,0.160000,81.696580
1809,41.823356,41.744300,38.744300,44.744300,price_sensitive_uninformed,none,0.000000,-4,246.894609,79.601184,0.160000,79.441184
1810,41.298174,41.314551,38.314551,44.314551,price_sensitive_uninformed,none,0.000000,-4,246.894609,81.701912,0.160000,81.541912
1811,42.650280,42.988986,39.988986,45.988986,price_sensitive_uninformed,none,0.000000,-4,246.894609,76.293489,0.160000,76.133489
1812,44.310818,44.308805,41.308805,47.308805,price_sensitive_uninformed,none,0.000000,-4,246.894609,69.651337,0.160000,69.491337
1813,45.447996,45.614019,42.614019,48.614019,informed,none,0.000000,-4,246.894609,65.102624,0.160000,64.942624
1814,45.820139,46.248065,43.248065,49.248065,informed,none,0.000000,-4,246.894609,63.614053,0.160000,63.454053
1815,44.391578,44.264246,41.264246,47.264246,price_sensitive_uninformed,none,0.000000,-4,246.894609,69.328296,0.160000,69.168296
1816,43.485102,44.268346,41.268346,47.268346,price_sensitive_uninformed,none,0.000000,-4,246.894609,72.954202,0.160000,72.794202
1817,43.605126,44.182045,41.182045,47.182045,price_sensitive_uninformed,none,0.000000,-4,246.894609,72.474104,0.160000,72.314104
1818,43.710127,45.189079,42.189079,48.189079,price_sensitive_uninformed,none,0.000000,-4,246.894609,72.054102,0.160000,71.894102
1819,44.571509,43.624483,40.624483,46.624483,price_sensitive_uninformed,none,0.000000,-4,246.894609,68.608571,0.160000,68.448571
1820,43.633325,44.664564,41.664564,47.664564,informed,none,0.000000,-4,246.894609,72.361307,0.160000,72.201307
1821,43.926381,43.221140,40.221140,46.221140,informed,none,0.000000,-4,246.894609,71.189086,0.160000,71.029086
1822,46.372401,46.105063,43.105063,49.105063,price_sensitive_uninformed,none,0.000000,-4,246.894609,61.405003,0.160000,61.245003
1823,45.813195,45.414373,42.414373,48.414373,price_sensitive_uninformed,none,0.000000,-4,246.894609,63.641828,0.160000,63.481828
1824,43.723174,44.514777,41.514777,47.514777,price_sensitive_uninformed,none,0.000000,-4,246.894609,72.001912,0.160000,71.841912
1825,43.277852,42.535594,39.535594,45.535594,price_sensitive_uninformed,none,0.000000,-4,246.894609,73.783199,0.160000,73.623199
1826,42.729756,42.846679,39.846679,45.846679,price_sensitive_uninformed,none,0.000000,-4,246.894609,75.975586,0.160000,75.815586
1827,40.759046,39.170837,36.170837,42.170837,informed,none,0.000000,-4,246.894609,83.858425,0.160000,83.698425
1828,39.587309,40.665578,37.665578,43.665578,informed,none,0.000000,-4,246.894609,88.545371,0.160000,88.385371
1829,40.001160,38.757474,35.757474,41.757474,price_sensitive_uninformed,none,0.000000,-4,246.894609,86.889967,0.160000,86.729967
1830,41.298785,40.731560,37.731560,43.731560,price_sensitive_uninformed,none,0.000000,-4,246.894609,81.699470,0.160000,81.539470
1831,42.229282,42.540804,39.540804,45.540804,informed,none,0.000000,-4,246.894609,77.977482,0.160000,77.817482
1832,42.184630,44.482352,41.482352,47.482352,price_sensitive_uninformed,none,0.000000,-4,246.894609,78.156090,0.160000,77.996090
1833,42.005926,41.648869,38.648869,44.648869,price_sensitive_uninformed,none,0.000000,-4,246.894609,78.870905,0.160000,78.710905
1834,44.242071,44.249955,41.249955,47.249955,informed,none,0.000000,-4,246.894609,69.926324,0.160000,69.766324
1835,44.847386,45.148957,42.148957,48.148957,price_sensitive_uninformed,none,0.000000,-4,246.894609,67.505064,0.160000,67.345064
1836,45.300475,45.456217,42.456217,48.456217,price_sensitive_uninformed,none,0.000000,-4,246.894609,65.692709,0.160000,65.532709
1837,46.575564,46.843159,43.843159,49.843159,price_sensitive_uninformed,none,0.000000,-4,246.894609,60.592352,0.160000,60.432352
1838,44.576437,44.148496,41.148496,47.148496,price_sensitive_uninformed,none,0.000000,-4,246.894609,68.588861,0.160000,68.428861
1839,43.708965,43.957938,40.957938,46.957938,informed,none,0.000000,-4,246.894609,72.058747,0.160000,71.898747
1840,44.609890,43.777225,40.777225,46.777225,price_sensitive_uninformed,none,0.000000,-4,246.894609,68.455047,0.160000,68.295047
1841,44.591031,44.582165,41.582165,47.582165,price_sensitive_uninformed,none,0.000000,-4,246.894609,68.530484,0.160000,68.370484
1842,44.507396,43.044918,40.044918,46.044918,informed,none,0.000000,-4,246.894609,68.865026,0.160000,68.705026
1843,43.958751,44.054451,41.054451,47.054451,price_sensitive_uninformed,none,0.000000,-4,246.894609,71.059603,0.160000,70.899603
1844,43.525025,43.371411,40.371411,46.371411,price_sensitive_uninformed,none,0.000000,-4,246.894609,72.794509,0.160000,72.634509
1845,43.228700,44.008781,41.008781,47.008781,informed,none,0.000000,-4,246.894609,73.979808,0.160000,73.819808
1846,45.595924,46.092860,43.092860,49.092860,price_sensitive_uninformed,none,0.000000,-4,246.894609,64.510912,0.160000,64.350912
1847,47.499055,48.552410,45.552410,51.552410,price_sensitive_uninformed,none,0.000000,-4,246.894609,56.898389,0.160000,56.738389
1848,46.570272,45.892247,42.892247,48.892247,informed,none,0.000000,-4,246.894609,60.613519,0.160000,60.453519
1849,48.358680,46.771925,43.771925,49.771925,informed,none,0.000000,-4,246.894609,53.459890,0.160000,53.299890
1850,49.019762,51.521273,48.521273,54.521273,informed,none,0.000000,-4,246.894609,50.815560,0.160000,50.655560
1851,48.479098,48.554833,45.554833,51.554833,price_sensitive_uninformed,none,0.000000,-4,246.894609,52.978215,0.160000,52.818215
1852,47.387739,49.657964,46.657964,52.657964,informed,none,0.000000,-4,246.894609,57.343651,0.160000,57.183651
1853,48.250549,48.279582,45.279582,51.279582,informed,none,0.000000,-4,246.894609,53.892411,0.160000,53.732411
1854,48.161786,47.245986,44.245986,50.245986,price_sensitive_uninformed,none,0.000000,-4,246.894609,54.247466,0.160000,54.087466
1855,47.496566,48.809428,45.809428,51.809428,price_sensitive_uninformed,none,0.000000,-4,246.894609,56.908343,0.160000,56.748343
1856,46.716259,48.038738,45.038738,51.038738,price_sensitive_uninformed,none,0.000000,-4,246.894609,60.029571,0.160000,59.869571
1857,45.982480,46.764939,43.764939,49.764939,price_sensitive_uninformed,none,0.000000,-4,246.894609,62.964688,0.160000,62.804688
1858,45.699653,46.159398,43.159398,49.159398,price_sensitive_uninformed,none,0.000000,-4,246.894609,64.095996,0.160000,63.935996
1859,45.387218,46.202867,43.202867,49.202867,price_sensitive_uninformed,none,0.000000,-4,246.894609,65.345736,0.160000,65.185736
1860,47.263638,47.902334,44.902334,50.902334,price_sensitive_uninformed,none,0.000000,-4,246.894609,57.840057,0.160000,57.680057
1861,48.143564,49.638991,46.638991,52.638991,price_sensitive_uninformed,none,0.000000,-4,246.894609,54.320353,0.160000,54.160353
1862,49.218098,49.015693,46.015693,52.015693,informed,none,0.000000,-4,246.894609,50.022215,0.160000,49.862215
1863,49.094157,51.227445,48.227445,54.227445,price_sensitive_uninformed,none,0.000000,-4,246.894609,50.517981,0.160000,50.357981
1864,48.755904,48.432346,45.432346,51.432346,price_sensitive_uninformed,none,0.000000,-4,246.894609,51.870993,0.160000,51.710993
1865,49.839191,48.815604,45.815604,51.815604,price_sensitive_uninformed,none,0.000000,-4,246.894609,47.537843,0.160000,47.377843
1866,50.087106,51.794383,48.794383,54.794383,price_sensitive_uninformed,none,0.000000,-4,246.894609,46.546183,0.160000,46.386183
1867,50.248274,50.973494,47.973494,53.973494,price_sensitive_uninformed,none,0.000000,-4,246.894609,45.901513,0.160000,45.741513
1868,48.298204,47.834534,44.834534,50.834534,informed,none,0.000000,-4,246.894609,53.701791,0.160000,53.541791
1869,50.368398,49.447617,46.447617,52.447617,informed,none,0.000000,-4,246.894609,45.421016,0.160000,45.261016
1870,51.418767,50.969985,47.969985,53.969985,price_sensitive_uninformed,none,0.000000,-4,246.894609,41.219539,0.160000,41.059539
1871,52.429357,53.504996,50.504996,56.504996,price_sensitive_uninformed,none,0.000000,-4,246.894609,37.177182,0.160000,37.017182
1872,52.126649,51.517466,48.517466,54.517466,price_sensitive_uninformed,none,0.000000,-4,246.894609,38.388014,0.160000,38.228014
1873,51.955212,53.174099,50.174099,56.174099,informed,none,0.000000,-4,246.894609,39.073760,0.160000,38.913760
1874,52.430064,53.658110,50.658110,56.658110,price_sensitive_uninformed,none,0.000000,-4,246.894609,37.174352,0.160000,37.014352
1875,51.443803,51.837407,48.837407,54.837407,price_sensitive_uninformed,none,0.000000,-4,246.894609,41.119398,0.160000,40.959398
1876,50.676557,50.651382,47.651382,53.651382,price_sensitive_uninformed,none,0.000000,-4,246.894609,44.188380,0.160000,44.028380
1877,50.414734,50.022793,47.022793,53.022793,price_sensitive_uninformed,none,0.000000,-4,246.894609,45.235673,0.160000,45.075673
1878,49.695814,48.373472,45.373472,51.373472,informed,none,0.000000,-4,246.894609,48.111352,0.160000,47.951352
1879,49.645867,49.715442,46.715442,52.715442,informed,none,0.000000,-4,246.894609,48.311142,0.160000,48.151142
1880,50.103557,48.709444,45.709444,51.709444,price_sensitive_uninformed,none,0.000000,-4,246.894609,46.480379,0.160000,46.320379
1881,49.820701,49.951620,46.951620,52.951620,price_sensitive_uninformed,none,0.000000,-4,246.894609,47.611806,0.160000,47.451806
1882,49.437178,48.651412,45.651412,51.651412,informed,none,0.000000,-4,246.894609,49.145898,0.160000,48.985898
1883,48.318014,47.298818,44.298818,50.298818,informed,none,0.000000,-4,246.894609,53.622553,0.160000,53.462553
1884,48.183894,48.410962,45.410962,51.410962,informed,none,0.000000,-4,246.894609,54.159031,0.160000,53.999031
1885,48.925000,49.638214,46.638214,52.638214,informed,none,0.000000,-4,246.894609,51.194610,0.160000,51.034610
1886,49.212675,47.576380,44.576380,50.576380,informed,none,0.000000,-4,246.894609,50.043908,0.160000,49.883908
1887,50.067023,50.320599,47.320599,53.320599,price_sensitive_uninformed,none,0.000000,-4,246.894609,46.626516,0.160000,46.466516
1888,48.476433,48.728386,45.728386,51.728386,informed,none,0.000000,-4,246.894609,52.988875,0.160000,52.828875
1889,47.288079,46.737889,43.737889,49.737889,price_sensitive_uninformed,none,0.000000,-4,246.894609,57.742292,0.160000,57.582292
1890,46.795004,46.263981,43.263981,49.263981,price_sensitive_uninformed,none,0.000000,-4,246.894609,59.714591,0.160000,59.554591
1891,48.591146,48.446615,45.446615,51.446615,informed,none,0.000000,-4,246.894609,52.530026,0.160000,52.370026
1892,49.978151,48.588480,45.588480,51.588480,informed,none,0.000000,-4,246.894609,46.982005,0.160000,46.822005
1893,51.684931,50.488263,47.488263,53.488263,informed,none,0.000000,-4,246.894609,40.154886,0.160000,39.994886
1894,51.756153,52.883621,49.883621,55.883621,price_sensitive_uninformed,none,0.000000,-4,246.894609,39.869997,0.160000,39.709997
1895,52.922970,53.031557,50.031557,56.031557,informed,none,0.000000,-4,246.894609,35.202730,0.160000,35.042730
1896,54.250663,53.573644,50.573644,56.573644,price_sensitive_uninformed,none,0.000000,-4,246.894609,29.891955,0.160000,29.731955
1897,53.355003,52.175451,49.175451,55.175451,informed,none,0.000000,-4,246.894609,33.474595,0.160000,33.314595
1898,51.796287,52.649062,49.649062,55.649062,informed,none,0.000000,-4,246.894609,39.709459,0.160000,39.549459
1899,52.594156,53.078982,50.078982,56.078982,informed,none,0.000000,-4,246.894609,36.517984,0.160000,36.357984
1900,52.432771,52.580647,49.580647,55.580647,price_sensitive_uninformed,none,0.000000,-4,246.894609,37.163525,0.160000,37.003525
1901,52.547837,52.939137,49.939137,55.939137,informed,none,0.000000,-4,246.894609,36.703262,0.160000,36.543262
1902,53.493529,53.229354,50.229354,56.229354,informed,none,0.000000,-4,246.894609,32.920491,0.160000,32.760491
1903,54.683347,54.361439,51.361439,57.361439,price_sensitive_uninformed,buy_from_mm,57.361439,-5,304.256047,30.839314,0.250000,30.589314
1904,55.445777,55.413611,52.413611,58.413611,price_sensitive_uninformed,none,0.000000,-5,304.256047,27.027161,0.250000,26.777161
1905,56.351825,56.069133,53.069133,59.069133,price_sensitive_uninformed,none,0.000000,-5,304.256047,22.496920,0.250000,22.246920
1906,56.165474,58.548028,55.548028,61.548028,price_sensitive_uninformed,none,0.000000,-5,304.256047,23.428675,0.250000,23.178675
1907,56.761020,57.130292,54.130292,60.130292,price_sensitive_uninformed,none,0.000000,-5,304.256047,20.450945,0.250000,20.200945
1908,58.512800,59.079269,56.079269,62.079269,informed,none,0.000000,-5,304.256047,11.692049,0.250000,11.442049
1909,57.681859,57.723027,54.723027,60.723027,price_sensitive_uninformed,none,0.000000,-5,304.256047,15.846750,0.250000,15.596750
1910,56.697208,55.535779,52.535779,58.535779,informed,none,0.000000,-5,304.256047,20.770005,0.250000,20.520005
1911,58.488482,58.932438,55.932438,61.932438,price_sensitive_uninformed,none,0.000000,-5,304.256047,11.813635,0.250000,11.563635
1912,58.426663,57.120620,54.120620,60.120620,price_sensitive_uninformed,none,0.000000,-5,304.256047,12.122734,0.250000,11.872734
1913,58.502166,58.677771,55.677771,61.677771,informed,none,0.000000,-5,304.256047,11.745215,0.250000,11.495215
1914,57.719564,56.940017,53.940017,59.940017,price_sensitive_uninformed,none,0.000000,-5,304.256047,15.658225,0.250000,15.408225
1915,59.359795,59.362028,56.362028,62.362028,informed,none,0.000000,-5,304.256047,7.457073,0.250000,7.207073
1916,58.967011,58.829674,55.829674,61.829674,informed,none,0.000000,-5,304.256047,9.420991,0.250000,9.170991
1917,57.811810,57.962370,54.962370,60.962370,price_sensitive_uninformed,none,0.000000,-5,304.256047,15.196999,0.250000,14.946999
1918,58.157721,59.676829,56.676829,62.676829,price_sensitive_uninformed,none,0.000000,-5,304.256047,13.467443,0.250000,13.217443
1919,57.292353,57.177908,54.177908,60.177908,price_sensitive_uninformed,none,0.000000,-5,304.256047,17.794283,0.250000,17.544283
1920,55.606553,55.113110,52.113110,58.113110,informed,none,0.000000,-5,304.256047,26.223281,0.250000,25.973281
1921,56.224832,55.224937,52.224937,58.224937,informed,none,0.000000,-5,304.256047,23.131887,0.250000,22.881887
1922,54.633774,55.265530,52.265530,58.265530,price_sensitive_uninformed,none,0.000000,-5,304.256047,31.087176,0.250000,30.837176
1923,55.895199,55.324323,52.324323,58.324323,informed,none,0.000000,-5,304.256047,24.780052,0.250000,24.530052
1924,55.771980,54.681822,51.681822,57.681822,informed,none,0.000000,-5,304.256047,25.396148,0.250000,25.146148
1925,56.060654,57.439484,54.439484,60.439484,price_sensitive_uninformed,none,0.000000,-5,304.256047,23.952776,0.250000,23.702776
1926,55.289697,55.274782,52.274782,58.274782,informed,none,0.000000,-5,304.256047,27.807560,0.250000,27.557560
1927,53.716345,54.011215,51.011215,57.011215,price_sensitive_uninformed,none,0.000000,-5,304.256047,35.674322,0.250000,35.424322
1928,53.265368,53.408484,50.408484,56.408484,price_sensitive_uninformed,none,0.000000,-5,304.256047,37.929209,0.250000,37.679209
1929,52.524219,52.497338,49.497338,55.497338,informed,none,0.000000,-5,304.256047,41.634953,0.250000,41.384953
1930,51.511813,52.516675,49.516675,55.516675,informed,none,0.000000,-5,304.256047,46.696985,0.250000,46.446985
1931,52.350027,52.260081,49.260081,55.260081,price_sensitive_uninformed,none,0.000000,-5,304.256047,42.505913,0.250000,42.255913
1932,52.926941,52.176503,49.176503,55.176503,price_sensitive_uninformed,none,0.000000,-5,304.256047,39.621341,0.250000,39.371341
1933,53.398782,51.021907,48.021907,54.021907,price_sensitive_uninformed,none,0.000000,-5,304.256047,37.262138,0.250000,37.012138
1934,52.756865,52.232194,49.232194,55.232194,informed,none,0.000000,-5,304.256047,40.471724,0.250000,40.221724
1935,54.705472,56.093892,53.093892,59.093892,informed,none,0.000000,-5,304.256047,30.728689,0.250000,30.478689
1936,54.761532,54.607359,51.607359,57.607359,informed,none,0.000000,-5,304.256047,30.448389,0.250000,30.198389
1937,54.323720,55.283263,52.283263,58.283263,informed,none,0.000000,-5,304.256047,32.637449,0.250000,32.387449
1938,54.351630,52.852094,49.852094,55.852094,informed,none,0.000000,-5,304.256047,32.497895,0.250000,32.247895
1939,55.249504,54.503340,51.503340,57.503340,price_sensitive_uninformed,none,0.000000,-5,304.256047,28.008528,0.250000,27.758528
1940,55.452881,56.091178,53.091178,59.091178,price_sensitive_uninformed,none,0.000000,-5,304.256047,26.991644,0.250000,26.741644
1941,56.533840,56.793084,53.793084,59.793084,price_sensitive_uninformed,none,0.000000,-5,304.256047,21.586848,0.250000,21.336848
1942,57.931276,57.140042,54.140042,60.140042,informed,none,0.000000,-5,304.256047,14.599667,0.250000,14.349667
1943,58.098568,58.504781,55.504781,61.504781,informed,none,0.000000,-5,304.256047,13.763205,0.250000,13.513205
1944,58.936146,58.531695,55.531695,61.531695,informed,none,0.000000,-5,304.256047,9.575319,0.250000,9.325319
1945,61.177553,60.759806,57.759806,63.759806,price_sensitive_uninformed,none,0.000000,-5,304.256047,-1.631716,0.250000,-1.881716
1946,60.997883,61.546582,58.546582,64.546582,price_sensitive_uninformed,none,0.000000,-5,304.256047,-0.733368,0.250000,-0.983368
1947,61.844250,61.483742,58.483742,64.483742,price_sensitive_uninformed,none,0.000000,-5,304.256047,-4.965203,0.250000,-5.215203
1948,62.415644,62.157656,59.157656,65.157656,informed,none,0.000000,-5,304.256047,-7.822172,0.250000,-8.072172
1949,62.869992,62.735192,59.735192,65.735192,price_sensitive_uninformed,none,0.000000,-5,304.256047,-10.093915,0.250000,-10.343915
1950,63.039311,63.627148,60.627148,66.627148,price_sensitive_uninformed,none,0.000000,-5,304.256047,-10.940508,0.250000,-11.190508
1951,62.151473,61.118986,58.118986,64.118986,informed,none,0.000000,-5,304.256047,-6.501319,0.250000,-6.751319
1952,62.518484,62.375276,59.375276,65.375276,price_sensitive_uninformed,none,0.000000,-5,304.256047,-8.336372,0.250000,-8.586372
1953,63.321079,64.765749,61.765749,67.765749,price_sensitive_uninformed,none,0.000000,-5,304.256047,-12.349348,0.250000,-12.599348
1954,64.772858,65.432276,62.432276,68.432276,price_sensitive_uninformed,none,0.000000,-5,304.256047,-19.608242,0.250000,-19.858242
1955,66.445192,67.019751,64.019751,70.019751,informed,none,0.000000,-5,304.256047,-27.969915,0.250000,-28.219915
1956,64.742721,64.927246,61.927246,67.927246,informed,none,0.000000,-5,304.256047,-19.457555,0.250000,-19.707555
1957,66.341089,65.648136,62.648136,68.648136,informed,none,0.000000,-5,304.256047,-27.449396,0.250000,-27.699396
1958,67.496731,67.331096,64.331096,70.331096,informed,none,0.000000,-5,304.256047,-33.227608,0.250000,-33.477608
1959,68.364234,67.773026,64.773026,70.773026,price_sensitive_uninformed,none,0.000000,-5,304.256047,-37.565124,0.250000,-37.815124
1960,68.318027,67.350431,64.350431,70.350431,informed,none,0.000000,-5,304.256047,-37.334088,0.250000,-37.584088
1961,67.396122,67.613664,64.613664,70.613664,price_sensitive_uninformed,none,0.000000,-5,304.256047,-32.724563,0.250000,-32.974563
1962,68.393866,68.094039,65.094039,71.094039,informed,none,0.000000,-5,304.256047,-37.713284,0.250000,-37.963284
1963,69.264305,68.516832,65.516832,71.516832,price_sensitive_uninformed,none,0.000000,-5,304.256047,-42.065476,0.250000,-42.315476
1964,70.370530,69.979038,66.979038,72.979038,informed,none,0.000000,-5,304.256047,-47.596603,0.250000,-47.846603
1965,70.635901,71.483102,68.483102,74.483102,informed,none,0.000000,-5,304.256047,-48.923459,0.250000,-49.173459
1966,70.290696,71.151414,68.151414,74.151414,informed,none,0.000000,-5,304.256047,-47.197431,0.250000,-47.447431
1967,71.011044,71.368451,68.368451,74.368451,informed,none,0.000000,-5,304.256047,-50.799171,0.250000,-51.049171
1968,69.689058,68.386054,65.386054,71.386054,price_sensitive_uninformed,none,0.000000,-5,304.256047,-44.189242,0.250000,-44.439242
1969,69.911200,71.624246,68.624246,74.624246,price_sensitive_uninformed,none,0.000000,-5,304.256047,-45.299951,0.250000,-45.549951
1970,69.536273,68.462552,65.462552,71.462552,informed,none,0.000000,-5,304.256047,-43.425318,0.250000,-43.675318
1971,70.733993,70.588984,67.588984,73.588984,price_sensitive_uninformed,none,0.000000,-5,304.256047,-49.413919,0.250000,-49.663919
1972,70.503670,71.558216,68.558216,74.558216,informed,none,0.000000,-5,304.256047,-48.262301,0.250000,-48.512301
1973,71.012252,72.985958,69.985958,75.985958,price_sensitive_uninformed,none,0.000000,-5,304.256047,-50.805212,0.250000,-51.055212
1974,72.415254,72.559179,69.559179,75.559179,price_sensitive_uninformed,none,0.000000,-5,304.256047,-57.820223,0.250000,-58.070223
1975,72.463268,72.128656,69.128656,75.128656,informed,none,0.000000,-5,304.256047,-58.060294,0.250000,-58.310294
1976,74.307323,76.614265,73.614265,79.614265,informed,none,0.000000,-5,304.256047,-67.280570,0.250000,-67.530570
1977,74.952719,75.289680,72.289680,78.289680,informed,none,0.000000,-5,304.256047,-70.507547,0.250000,-70.757547
1978,73.192847,73.701456,70.701456,76.701456,price_sensitive_uninformed,none,0.000000,-5,304.256047,-61.708186,0.250000,-61.958186
1979,73.577856,73.450267,70.450267,76.450267,price_sensitive_uninformed,none,0.000000,-5,304.256047,-63.633235,0.250000,-63.883235
1980,74.022072,73.886523,70.886523,76.886523,price_sensitive_uninformed,none,0.000000,-5,304.256047,-65.854312,0.250000,-66.104312
1981,77.483335,76.416602,73.416602,79.416602,price_sensitive_uninformed,none,0.000000,-5,304.256047,-83.160628,0.250000,-83.410628
1982,77.314076,76.383673,73.383673,79.383673,price_sensitive_uninformed,none,0.000000,-5,304.256047,-82.314333,0.250000,-82.564333
1983,76.583850,76.128574,73.128574,79.128574,price_sensitive_uninformed,none,0.000000,-5,304.256047,-78.663202,0.250000,-78.913202
1984,75.618671,76.647080,73.647080,79.647080,informed,none,0.000000,-5,304.256047,-73.837308,0.250000,-74.087308
1985,74.991455,74.777255,71.777255,77.777255,price_sensitive_uninformed,none,0.000000,-5,304.256047,-70.701230,0.250000,-70.951230
1986,74.171440,76.508681,73.508681,79.508681,price_sensitive_uninformed,none,0.000000,-5,304.256047,-66.601151,0.250000,-66.851151
1987,75.196889,75.971596,72.971596,78.971596,price_sensitive_uninformed,none,0.000000,-5,304.256047,-71.728397,0.250000,-71.978397
1988,75.643387,75.244121,72.244121,78.244121,informed,none,0.000000,-5,304.256047,-73.960888,0.250000,-74.210888
1989,75.859066,75.554174,72.554174,78.554174,price_sensitive_uninformed,none,0.000000,-5,304.256047,-75.039283,0.250000,-75.289283
1990,74.981347,76.206156,73.206156,79.206156,informed,none,0.000000,-5,304.256047,-70.650686,0.250000,-70.900686
1991,76.680330,76.505002,73.505002,79.505002,price_sensitive_uninformed,none,0.000000,-5,304.256047,-79.145603,0.250000,-79.395603
1992,77.304876,79.621737,76.621737,82.621737,informed,none,0.000000,-5,304.256047,-82.268334,0.250000,-82.518334
1993,75.476789,75.016011,72.016011,78.016011,informed,none,0.000000,-5,304.256047,-73.127899,0.250000,-73.377899
1994,74.364198,74.048402,71.048402,77.048402,informed,none,0.000000,-5,304.256047,-67.564941,0.250000,-67.814941
1995,73.910429,74.124861,71.124861,77.124861,price_sensitive_uninformed,none,0.000000,-5,304.256047,-65.296100,0.250000,-65.546100
1996,74.953761,73.333562,70.333562,76.333562,price_sensitive_uninformed,none,0.000000,-5,304.256047,-70.512757,0.250000,-70.762757
1997,75.522398,75.711058,72.711058,78.711058,price_sensitive_uninformed,none,0.000000,-5,304.256047,-73.355941,0.250000,-73.605941
1998,75.614641,74.498424,71.498424,77.498424,price_sensitive_uninformed,none,0.000000,-5,304.256047,-73.817157,0.250000,-74.067157
1999,75.877868,77.207616,74.207616,80.207616,price_sensitive_uninformed,none,0.000000,-5,304.256047,-75.133294,0.250000,-75.383294
2000,75.428888,74.898140,71.898140,77.898140,price_sensitive_uninformed,none,0.000000,-5,304.256047,-72.888393,0.250000,-73.138393
