t,true_value,signal,bid,ask,trader_type,trade_side,trade_price,inventory,cash,pnl_mark_to_true,inv_penalty,risk_adj_pnl
1,0.059549,-1.123016,-3.123016,0.876984,price_sensitive_uninformed,none,0.000000,0,0.000000,0.000000,0.000000,0.000000
2,0.853917,1.440949,-0.559051,3.440949,price_sensitive_uninformed,none,0.000000,0,0.000000,0.000000,0.000000,0.000000
3,0.146084,-0.790313,-2.790313,1.209687,price_sensitive_uninformed,none,0.000000,0,0.000000,0.000000,0.000000,0.000000
4,-0.675515,-0.586452,-2.586452,1.413548,price_sensitive_uninformed,none,0.000000,0,0.000000,0.000000,0.000000,0.000000
5,-1.571295,-1.300432,-3.300432,0.699568,informed,none,0.000000,0,0.000000,0.000000,0.000000,0.000000
6,-3.098586,-3.395133,-5.395133,-1.395133,informed,none,0.000000,0,0.000000,0.000000,0.000000,0.000000
7,-2.319050,-2.468565,-4.468565,-0.468565,informed,none,0.000000,0,0.000000,0.000000,0.000000,0.000000
8,-1.427142,-0.832191,-2.832191,1.167809,price_sensitive_uninformed,none,0.000000,0,0.000000,0.000000,0.000000,0.000000
9,-1.013048,-1.137986,-3.137986,0.862014,informed,none,0.000000,0,0.000000,0.000000,0.000000,0.000000
10,-1.512673,-1.454775,-3.454775,0.545225,price_sensitive_uninformed,none,0.000000,0,0.000000,0.000000,0.000000,0.000000
11,-1.711821,-1.201194,-3.201194,0.798806,price_sensitive_uninformed,none,0.000000,0,0.000000,0.000000,0.000000,0.000000
12,-2.099141,-0.886773,-2.886773,1.113227,price_sensitive_uninformed,none,0.000000,0,0.000000,0.000000,0.000000,0.000000
13,-2.130471,-0.910854,-2.910854,1.089146,informed,none,0.000000,0,0.000000,0.000000,0.000000,0.000000
14,-1.822597,-1.142914,-3.142914,0.857086,price_sensitive_uninformed,none,0.000000,0,0.000000,0.000000,0.000000,0.000000
15,-2.170471,-1.489538,-3.489538,0.510462,informed,none,0.000000,0,0.000000,0.000000,0.000000,0.000000
16,-3.608536,-3.653573,-5.653573,-1.653573,price_sensitive_uninformed,none,0.000000,0,0.000000,0.000000,0.000000,0.000000
17,-3.145000,-4.968027,-6.968027,-2.968027,informed,none,0.000000,0,0.000000,0.000000,0.000000,0.000000
18,-2.494186,-2.780135,-4.780135,-0.780135,price_sensitive_uninformed,none,0.000000,0,0.000000,0.000000,0.000000,0.000000
19,-1.402754,-1.549497,-3.549497,0.450503,price_sensitive_uninformed,buy_from_mm,0.450503,-1,0.450503,1.853256,0.010000,1.843256
20,-0.623323,-1.034359,-3.034359,0.965641,price_sensitive_uninformed,none,0.000000,-1,0.450503,1.073825,0.010000,1.063825
21,-0.840925,-1.167057,-3.167057,0.832943,informed,none,0.000000,-1,0.450503,1.291427,0.010000,1.281427
22,-2.249270,-0.948430,-2.948430,1.051570,informed,none,0.000000,-1,0.450503,2.699773,0.010000,2.689773
23,-0.917568,-0.687496,-2.687496,1.312504,price_sensitive_uninformed,none,0.000000,-1,0.450503,1.368070,0.010000,1.358070
24,-1.834231,-1.935569,-3.935569,0.064431,informed,none,0.000000,-1,0.450503,2.284733,0.010000,2.274733
25,-1.618841,-2.678412,-4.678412,-0.678412,informed,none,0.000000,-1,0.450503,2.069343,0.010000,2.059343
26,-2.064504,-1.606683,-3.606683,0.393317,price_sensitive_uninformed,none,0.000000,-1,0.450503,2.515007,0.010000,2.505007
27,-2.644744,-2.366039,-4.366039,-0.366039,price_sensitive_uninformed,none,0.000000,-1,0.450503,3.095247,0.010000,3.085247
28,-2.122084,-0.618476,-2.618476,1.381524,price_sensitive_uninformed,buy_from_mm,1.381524,-2,1.832027,6.076195,0.040000,6.036195
29,-3.251611,-3.853919,-5.853919,-1.853919,price_sensitive_uninformed,none,0.000000,-2,1.832027,8.335249,0.040000,8.295249
30,-4.880443,-5.868859,-7.868859,-3.868859,informed,none,0.000000,-2,1.832027,11.592912,0.040000,11.552912
31,-5.080608,-6.834840,-8.834840,-4.834840,price_sensitive_uninformed,none,0.000000,-2,1.832027,11.993243,0.040000,11.953243
32,-4.747782,-4.531160,-6.531160,-2.531160,price_sensitive_uninformed,none,0.000000,-2,1.832027,11.327590,0.040000,11.287590
33,-4.166259,-4.718211,-6.718211,-2.718211,price_sensitive_uninformed,none,0.000000,-2,1.832027,10.164545,0.040000,10.124545
34,-5.218130,-4.364335,-6.364335,-2.364335,price_sensitive_uninformed,none,0.000000,-2,1.832027,12.268286,0.040000,12.228286
35,-5.712894,-6.492098,-8.492098,-4.492098,informed,none,0.000000,-2,1.832027,13.257814,0.040000,13.217814
36,-6.552634,-9.417374,-11.417374,-7.417374,price_sensitive_uninformed,none,0.000000,-2,1.832027,14.937295,0.040000,14.897295
37,-8.419588,-9.162298,-11.162298,-7.162298,informed,none,0.000000,-2,1.832027,18.671203,0.040000,18.631203
38,-6.851786,-7.696840,-9.696840,-5.696840,informed,none,0.000000,-2,1.832027,15.535598,0.040000,15.495598
39,-5.340453,-3.585919,-5.585919,-1.585919,price_sensitive_uninformed,none,0.000000,-2,1.832027,12.512932,0.040000,12.472932
40,-4.439079,-3.948386,-5.948386,-1.948386,informed,none,0.000000,-2,1.832027,10.710185,0.040000,10.670185
41,-5.164834,-4.605281,-6.605281,-2.605281,informed,none,0.000000,-2,1.832027,12.161694,0.040000,12.121694
42,-5.221634,-6.185948,-8.185948,-4.185948,price_sensitive_uninformed,none,0.000000,-2,1.832027,12.275294,0.040000,12.235294
43,-4.348249,-4.893548,-6.893548,-2.893548,informed,none,0.000000,-2,1.832027,10.528524,0.040000,10.488524
44,-6.265280,-5.255505,-7.255505,-3.255505,informed,none,0.000000,-2,1.832027,14.362586,0.040000,14.322586
45,-5.148206,-5.554663,-7.554663,-3.554663,informed,none,0.000000,-2,1.832027,12.128439,0.040000,12.088439
46,-6.123076,-4.942956,-6.942956,-2.942956,price_sensitive_uninformed,none,0.000000,-2,1.832027,14.078178,0.040000,14.038178
47,-5.583154,-5.543763,-7.543763,-3.543763,informed,none,0.000000,-2,1.832027,12.998334,0.040000,12.958334
48,-5.576401,-5.541609,-7.541609,-3.541609,price_sensitive_uninformed,none,0.000000,-2,1.832027,12.984828,0.040000,12.944828
49,-4.613968,-6.440697,-8.440697,-4.440697,price_sensitive_uninformed,none,0.000000,-2,1.832027,11.059963,0.040000,11.019963
50,-5.115126,-5.366007,-7.366007,-3.366007,informed,none,0.000000,-2,1.832027,12.062279,0.040000,12.022279
51,-3.922911,-4.810594,-6.810594,-2.810594,price_sensitive_uninformed,none,0.000000,-2,1.832027,9.677848,0.040000,9.637848
52,-2.255192,-1.359744,-3.359744,0.640256,informed,none,0.000000,-2,1.832027,6.342411,0.040000,6.302411
53,-3.104757,-4.218430,-6.218430,-2.218430,price_sensitive_uninformed,none,0.000000,-2,1.832027,8.041541,0.040000,8.001541
54,-4.666764,-3.749629,-5.749629,-1.749629,price_sensitive_uninformed,buy_from_mm,-1.749629,-3,0.082397,14.082690,0.090000,13.992690
55,-4.592274,-2.927960,-4.927960,-0.927960,informed,none,0.000000,-3,0.082397,13.859218,0.090000,13.769218
56,-6.726403,-6.270261,-8.270261,-4.270261,price_sensitive_uninformed,none,0.000000,-3,0.082397,20.261608,0.090000,20.171608
57,-5.553539,-6.416737,-8.416737,-4.416737,price_sensitive_uninformed,sell_to_mm,-8.416737,-2,8.499135,19.606212,0.040000,19.566212
58,-6.438957,-6.344551,-8.344551,-4.344551,price_sensitive_uninformed,sell_to_mm,-8.344551,-1,16.843686,23.282643,0.010000,23.272643
59,-6.368151,-6.898826,-8.898826,-4.898826,price_sensitive_uninformed,none,0.000000,-1,16.843686,23.211837,0.010000,23.201837
60,-4.820422,-5.345500,-7.345500,-3.345500,informed,none,0.000000,-1,16.843686,21.664108,0.010000,21.654108
61,-5.293482,-4.101180,-6.101180,-2.101180,informed,none,0.000000,-1,16.843686,22.137168,0.010000,22.127168
62,-5.646589,-7.264940,-9.264940,-5.264940,price_sensitive_uninformed,none,0.000000,-1,16.843686,22.490275,0.010000,22.480275
63,-5.720647,-4.512503,-6.512503,-2.512503,price_sensitive_uninformed,none,0.000000,-1,16.843686,22.564333,0.010000,22.554333
64,-6.471203,-7.080078,-9.080078,-5.080078,price_sensitive_uninformed,none,0.000000,-1,16.843686,23.314889,0.010000,23.304889
65,-6.208947,-4.850070,-6.850070,-2.850070,informed,none,0.000000,-1,16.843686,23.052633,0.010000,23.042633
66,-6.288038,-6.208876,-8.208876,-4.208876,informed,none,0.000000,-1,16.843686,23.131724,0.010000,23.121724
67,-5.947917,-6.071010,-8.071010,-4.071010,price_sensitive_uninformed,none,0.000000,-1,16.843686,22.791603,0.010000,22.781603
68,-5.923251,-5.929004,-7.929004,-3.929004,informed,none,0.000000,-1,16.843686,22.766937,0.010000,22.756937
69,-7.497714,-7.811043,-9.811043,-5.811043,informed,none,0.000000,-1,16.843686,24.341400,0.010000,24.331400
70,-7.526065,-7.348711,-9.348711,-5.348711,informed,none,0.000000,-1,16.843686,24.369751,0.010000,24.359751
71,-8.881060,-8.472070,-10.472070,-6.472070,informed,none,0.000000,-1,16.843686,25.724746,0.010000,25.714746
72,-8.208848,-7.623954,-9.623954,-5.623954,price_sensitive_uninformed,none,0.000000,-1,16.843686,25.052534,0.010000,25.042534
73,-6.601201,-4.948940,-6.948940,-2.948940,price_sensitive_uninformed,none,0.000000,-1,16.843686,23.444887,0.010000,23.434887
74,-7.835597,-6.437571,-8.437571,-4.437571,price_sensitive_uninformed,none,0.000000,-1,16.843686,24.679283,0.010000,24.669283
75,-8.126342,-8.604175,-10.604175,-6.604175,informed,none,0.000000,-1,16.843686,24.970028,0.010000,24.960028
76,-7.601775,-8.928590,-10.928590,-6.928590,informed,none,0.000000,-1,16.843686,24.445461,0.010000,24.435461
77,-6.753441,-7.790502,-9.790502,-5.790502,price_sensitive_uninformed,none,0.000000,-1,16.843686,23.597127,0.010000,23.587127
78,-6.870838,-8.293936,-10.293936,-6.293936,informed,none,0.000000,-1,16.843686,23.714524,0.010000,23.704524
79,-5.977263,-6.035981,-8.035981,-4.035981,informed,none,0.000000,-1,16.843686,22.820949,0.010000,22.810949
80,-7.950476,-6.922648,-8.922648,-4.922648,informed,none,0.000000,-1,16.843686,24.794162,0.010000,24.784162
81,-5.994628,-6.737821,-8.737821,-4.737821,price_sensitive_uninformed,none,0.000000,-1,16.843686,22.838314,0.010000,22.828314
82,-6.205517,-7.648462,-9.648462,-5.648462,price_sensitive_uninformed,none,0.000000,-1,16.843686,23.049203,0.010000,23.039203
83,-6.080351,-5.231931,-7.231931,-3.231931,informed,none,0.000000,-1,16.843686,22.924037,0.010000,22.914037
84,-6.823302,-7.171814,-9.171814,-5.171814,informed,none,0.000000,-1,16.843686,23.666988,0.010000,23.656988
85,-7.590192,-8.035437,-10.035437,-6.035437,informed,none,0.000000,-1,16.843686,24.433878,0.010000,24.423878
86,-6.021440,-6.786220,-8.786220,-4.786220,informed,none,0.000000,-1,16.843686,22.865126,0.010000,22.855126
87,-6.256095,-5.702900,-7.702900,-3.702900,price_sensitive_uninformed,none,0.000000,-1,16.843686,23.099781,0.010000,23.089781
88,-6.084795,-6.148481,-8.148481,-4.148481,informed,none,0.000000,-1,16.843686,22.928481,0.010000,22.918481
89,-6.213646,-8.326074,-10.326074,-6.326074,price_sensitive_uninformed,none,0.000000,-1,16.843686,23.057332,0.010000,23.047332
90,-6.020049,-5.822765,-7.822765,-3.822765,price_sensitive_uninformed,none,0.000000,-1,16.843686,22.863735,0.010000,22.853735
91,-6.901341,-6.128504,-8.128504,-4.128504,price_sensitive_uninformed,none,0.000000,-1,16.843686,23.745028,0.010000,23.735028
92,-6.899335,-6.297904,-8.297904,-4.297904,informed,none,0.000000,-1,16.843686,23.743021,0.010000,23.733021
93,-6.814662,-6.637907,-8.637907,-4.637907,informed,none,0.000000,-1,16.843686,23.658348,0.010000,23.648348
94,-6.514700,-7.332723,-9.332723,-5.332723,informed,none,0.000000,-1,16.843686,23.358386,0.010000,23.348386
95,-4.556605,-0.988816,-2.988816,1.011184,price_sensitive_uninformed,none,0.000000,-1,16.843686,21.400291,0.010000,21.390291
96,-4.544154,-5.744423,-7.744423,-3.744423,price_sensitive_uninformed,none,0.000000,-1,16.843686,21.387840,0.010000,21.377840
97,-5.661137,-4.051712,-6.051712,-2.051712,price_sensitive_uninformed,none,0.000000,-1,16.843686,22.504823,0.010000,22.494823
98,-4.411462,-3.440445,-5.440445,-1.440445,price_sensitive_uninformed,none,0.000000,-1,16.843686,21.255148,0.010000,21.245148
99,-5.589512,-6.180917,-8.180917,-4.180917,informed,none,0.000000,-1,16.843686,22.433198,0.010000,22.423198
100,-5.173292,-5.194022,-7.194022,-3.194022,price_sensitive_uninformed,none,0.000000,-1,16.843686,22.016978,0.010000,22.006978
101,-4.712542,-4.660339,-6.660339,-2.660339,price_sensitive_uninformed,none,0.000000,-1,16.843686,21.556228,0.010000,21.546228
102,-5.507719,-6.050007,-8.050007,-4.050007,informed,none,0.000000,-1,16.843686,22.351405,0.010000,22.341405
103,-5.121399,-3.925589,-5.925589,-1.925589,price_sensitive_uninformed,none,0.000000,-1,16.843686,21.965085,0.010000,21.955085
104,-3.311638,-2.295640,-4.295640,-0.295640,price_sensitive_uninformed,none,0.000000,-1,16.843686,20.155324,0.010000,20.145324
105,-3.878120,-3.117806,-5.117806,-1.117806,informed,none,0.000000,-1,16.843686,20.721806,0.010000,20.711806
106,-4.448728,-4.420054,-6.420054,-2.420054,price_sensitive_uninformed,none,0.000000,-1,16.843686,21.292414,0.010000,21.282414
107,-2.943564,-2.124060,-4.124060,-0.124060,price_sensitive_uninformed,buy_from_mm,-0.124060,-2,16.719626,22.606753,0.040000,22.566753
108,-1.498667,-1.440981,-3.440981,0.559019,price_sensitive_uninformed,none,0.000000,-2,16.719626,19.716961,0.040000,19.676961
109,-3.746249,-3.685436,-5.685436,-1.685436,price_sensitive_uninformed,none,0.000000,-2,16.719626,24.212124,0.040000,24.172124
110,-3.213062,-3.647149,-5.647149,-1.647149,informed,none,0.000000,-2,16.719626,23.145750,0.040000,23.105750
111,-1.608573,-0.572782,-2.572782,1.427218,informed,none,0.000000,-2,16.719626,19.936772,0.040000,19.896772
112,-2.482325,-3.877026,-5.877026,-1.877026,price_sensitive_uninformed,none,0.000000,-2,16.719626,21.684276,0.040000,21.644276
113,-1.772732,-1.528317,-3.528317,0.471683,informed,none,0.000000,-2,16.719626,20.265089,0.040000,20.225089
114,-3.365322,-2.309150,-4.309150,-0.309150,price_sensitive_uninformed,none,0.000000,-2,16.719626,23.450269,0.040000,23.410269
115,-4.475081,-4.692948,-6.692948,-2.692948,informed,none,0.000000,-2,16.719626,25.669787,0.040000,25.629787
116,-4.822285,-5.507585,-7.507585,-3.507585,price_sensitive_uninformed,none,0.000000,-2,16.719626,26.364195,0.040000,26.324195
117,-4.691673,-3.085542,-5.085542,-1.085542,price_sensitive_uninformed,none,0.000000,-2,16.719626,26.102972,0.040000,26.062972
118,-4.198244,-4.255223,-6.255223,-2.255223,price_sensitive_uninformed,none,0.000000,-2,16.719626,25.116113,0.040000,25.076113
119,-5.946264,-5.229260,-7.229260,-3.229260,price_sensitive_uninformed,none,0.000000,-2,16.719626,28.612154,0.040000,28.572154
120,-6.023125,-7.266283,-9.266283,-5.266283,informed,none,0.000000,-2,16.719626,28.765875,0.040000,28.725875
121,-6.037880,-7.234083,-9.234083,-5.234083,price_sensitive_uninformed,none,0.000000,-2,16.719626,28.795386,0.040000,28.755386
122,-6.860330,-5.095891,-7.095891,-3.095891,informed,none,0.000000,-2,16.719626,30.440285,0.040000,30.400285
123,-7.146300,-10.231984,-12.231984,-8.231984,price_sensitive_uninformed,none,0.000000,-2,16.719626,31.012226,0.040000,30.972226
124,-7.544000,-7.125777,-9.125777,-5.125777,informed,none,0.000000,-2,16.719626,31.807626,0.040000,31.767626
125,-6.544901,-7.586389,-9.586389,-5.586389,informed,none,0.000000,-2,16.719626,29.809428,0.040000,29.769428
126,-5.344957,-4.685683,-6.685683,-2.685683,informed,none,0.000000,-2,16.719626,27.409539,0.040000,27.369539
127,-4.072559,-2.109732,-4.109732,-0.109732,price_sensitive_uninformed,buy_from_mm,-0.109732,-3,16.609894,28.827570,0.090000,28.737570
128,-3.418778,-2.278340,-4.278340,-0.278340,price_sensitive_uninformed,none,0.000000,-3,16.609894,26.866228,0.090000,26.776228
129,-4.939466,-2.619739,-4.619739,-0.619739,price_sensitive_uninformed,none,0.000000,-3,16.609894,31.428293,0.090000,31.338293
130,-6.747367,-6.307179,-8.307179,-4.307179,price_sensitive_uninformed,none,0.000000,-3,16.609894,36.851994,0.090000,36.761994
131,-7.090712,-7.293554,-9.293554,-5.293554,informed,none,0.000000,-3,16.609894,37.882030,0.090000,37.792030
132,-5.800893,-4.979302,-6.979302,-2.979302,price_sensitive_uninformed,sell_to_mm,-6.979302,-2,23.589196,35.190982,0.040000,35.150982
133,-5.522285,-3.803508,-5.803508,-1.803508,informed,none,0.000000,-2,23.589196,34.633765,0.040000,34.593765
134,-5.685440,-5.525868,-7.525868,-3.525868,price_sensitive_uninformed,none,0.000000,-2,23.589196,34.960076,0.040000,34.920076
135,-5.977768,-7.271918,-9.271918,-5.271918,informed,none,0.000000,-2,23.589196,35.544733,0.040000,35.504733
136,-5.557452,-4.714789,-6.714789,-2.714789,price_sensitive_uninformed,none,0.000000,-2,23.589196,34.704101,0.040000,34.664101
137,-3.867665,-4.591161,-6.591161,-2.591161,informed,none,0.000000,-2,23.589196,31.324525,0.040000,31.284525
138,-2.802138,-2.742165,-4.742165,-0.742165,price_sensitive_uninformed,sell_to_mm,-4.742165,-1,28.331361,31.133499,0.010000,31.123499
139,-1.779351,-2.590393,-4.590393,-0.590393,price_sensitive_uninformed,none,0.000000,-1,28.331361,30.110712,0.010000,30.100712
140,-2.681899,-3.506730,-5.506730,-1.506730,price_sensitive_uninformed,none,0.000000,-1,28.331361,31.013260,0.010000,31.003260
141,-3.975898,-3.018772,-5.018772,-1.018772,informed,none,0.000000,-1,28.331361,32.307259,0.010000,32.297259
142,-1.950903,-1.265686,-3.265686,0.734314,informed,none,0.000000,-1,28.331361,30.282264,0.010000,30.272264
143,-1.492855,-0.606034,-2.606034,1.393966,price_sensitive_uninformed,none,0.000000,-1,28.331361,29.824216,0.010000,29.814216
144,-1.723915,-3.010209,-5.010209,-1.010209,price_sensitive_uninformed,none,0.000000,-1,28.331361,30.055276,0.010000,30.045276
145,-2.145460,-1.105787,-3.105787,0.894213,price_sensitive_uninformed,none,0.000000,-1,28.331361,30.476821,0.010000,30.466821
146,-3.126963,-3.976737,-5.976737,-1.976737,informed,none,0.000000,-1,28.331361,31.458324,0.010000,31.448324
147,-1.783785,-1.439551,-3.439551,0.560449,informed,none,0.000000,-1,28.331361,30.115146,0.010000,30.105146
148,-2.418661,-3.768406,-5.768406,-1.768406,price_sensitive_uninformed,none,0.000000,-1,28.331361,30.750022,0.010000,30.740022
149,-2.774939,-3.990604,-5.990604,-1.990604,price_sensitive_uninformed,none,0.000000,-1,28.331361,31.106300,0.010000,31.096300
150,-2.184414,0.463559,-1.536441,2.463559,informed,sell_to_mm,-1.536441,0,29.867802,29.867802,0.000000,29.867802
151,-1.983770,-2.760549,-4.760549,-0.760549,price_sensitive_uninformed,none,0.000000,0,29.867802,29.867802,0.000000,29.867802
152,-1.820305,-2.507010,-4.507010,-0.507010,informed,none,0.000000,0,29.867802,29.867802,0.000000,29.867802
153,-1.024787,-0.277697,-2.277697,1.722303,informed,none,0.000000,0,29.867802,29.867802,0.000000,29.867802
154,-3.263447,-1.125766,-3.125766,0.874234,informed,sell_to_mm,-3.125766,1,32.993568,29.730122,0.010000,29.720122
155,-4.254525,-5.610053,-7.610053,-3.610053,price_sensitive_uninformed,none,0.000000,1,32.993568,28.739043,0.010000,28.729043
156,-5.453097,-5.003030,-7.003030,-3.003030,informed,none,0.000000,1,32.993568,27.540471,0.010000,27.530471
157,-4.404398,-5.530910,-7.530910,-3.530910,informed,none,0.000000,1,32.993568,28.589170,0.010000,28.579170
158,-3.470918,-3.787868,-5.787868,-1.787868,informed,none,0.000000,1,32.993568,29.522650,0.010000,29.512650
159,-1.918307,-1.090552,-3.090552,0.909448,informed,none,0.000000,1,32.993568,31.075261,0.010000,31.065261
160,-0.798286,0.108804,-1.891196,2.108804,informed,none,0.000000,1,32.993568,32.195283,0.010000,32.185283
161,0.334488,0.298279,-1.701721,2.298279,informed,none,0.000000,1,32.993568,33.328056,0.010000,33.318056
162,0.015306,0.310582,-1.689418,2.310582,informed,none,0.000000,1,32.993568,33.008874,0.010000,32.998874
163,-1.523923,-0.515875,-2.515875,1.484125,price_sensitive_uninformed,none,0.000000,1,32.993568,31.469645,0.010000,31.459645
164,-2.236827,-1.484528,-3.484528,0.515472,price_sensitive_uninformed,none,0.000000,1,32.993568,30.756741,0.010000,30.746741
165,-2.419787,-2.694534,-4.694534,-0.694534,price_sensitive_uninformed,none,0.000000,1,32.993568,30.573782,0.010000,30.563782
166,-2.388460,-2.365577,-4.365577,-0.365577,informed,none,0.000000,1,32.993568,30.605108,0.010000,30.595108
167,-2.010235,-1.860337,-3.860337,0.139663,price_sensitive_uninformed,none,0.000000,1,32.993568,30.983334,0.010000,30.973334
168,-2.817027,-2.137238,-4.137238,-0.137238,price_sensitive_uninformed,none,0.000000,1,32.993568,30.176542,0.010000,30.166542
169,-4.344524,-3.299046,-5.299046,-1.299046,price_sensitive_uninformed,none,0.000000,1,32.993568,28.649044,0.010000,28.639044
170,-4.717494,-6.385902,-8.385902,-4.385902,informed,none,0.000000,1,32.993568,28.276075,0.010000,28.266075
171,-4.602548,-5.239506,-7.239506,-3.239506,informed,none,0.000000,1,32.993568,28.391020,0.010000,28.381020
172,-5.208308,-4.365689,-6.365689,-2.365689,price_sensitive_uninformed,none,0.000000,1,32.993568,27.785260,0.010000,27.775260
173,-5.396648,-5.460606,-7.460606,-3.460606,price_sensitive_uninformed,none,0.000000,1,32.993568,27.596920,0.010000,27.586920
174,-5.271053,-4.531215,-6.531215,-2.531215,price_sensitive_uninformed,none,0.000000,1,32.993568,27.722515,0.010000,27.712515
175,-5.652448,-6.421720,-8.421720,-4.421720,informed,none,0.000000,1,32.993568,27.341121,0.010000,27.331121
176,-5.289206,-5.696409,-7.696409,-3.696409,informed,none,0.000000,1,32.993568,27.704362,0.010000,27.694362
177,-6.452916,-5.569174,-7.569174,-3.569174,price_sensitive_uninformed,none,0.000000,1,32.993568,26.540652,0.010000,26.530652
178,-5.029522,-4.869506,-6.869506,-2.869506,informed,none,0.000000,1,32.993568,27.964046,0.010000,27.954046
179,-4.103731,-3.769561,-5.769561,-1.769561,informed,none,0.000000,1,32.993568,28.889838,0.010000,28.879838
180,-4.242984,-3.571331,-5.571331,-1.571331,informed,none,0.000000,1,32.993568,28.750585,0.010000,28.740585
181,-5.200792,-4.580564,-6.580564,-2.580564,informed,none,0.000000,1,32.993568,27.792776,0.010000,27.782776
182,-4.271193,-3.473979,-5.473979,-1.473979,price_sensitive_uninformed,none,0.000000,1,32.993568,28.722376,0.010000,28.712376
183,-3.149988,-2.402124,-4.402124,-0.402124,price_sensitive_uninformed,none,0.000000,1,32.993568,29.843580,0.010000,29.833580
184,-3.075815,-2.793132,-4.793132,-0.793132,price_sensitive_uninformed,none,0.000000,1,32.993568,29.917753,0.010000,29.907753
185,-2.935767,-1.620095,-3.620095,0.379905,informed,none,0.000000,1,32.993568,30.057801,0.010000,30.047801
186,-3.957141,-3.407322,-5.407322,-1.407322,informed,none,0.000000,1,32.993568,29.036427,0.010000,29.026427
187,-4.455290,-2.992704,-4.992704,-0.992704,informed,none,0.000000,1,32.993568,28.538279,0.010000,28.528279
188,-5.124393,-5.574921,-7.574921,-3.574921,informed,none,0.000000,1,32.993568,27.869176,0.010000,27.859176
189,-4.037045,-5.138983,-7.138983,-3.138983,informed,none,0.000000,1,32.993568,28.956523,0.010000,28.946523
190,-2.507481,-3.286544,-5.286544,-1.286544,informed,none,0.000000,1,32.993568,30.486087,0.010000,30.476087
191,-2.382770,-1.327845,-3.327845,0.672155,informed,none,0.000000,1,32.993568,30.610798,0.010000,30.600798
192,-1.943370,-1.610054,-3.610054,0.389946,price_sensitive_uninformed,none,0.000000,1,32.993568,31.050199,0.010000,31.040199
193,-2.721241,-2.377931,-4.377931,-0.377931,price_sensitive_uninformed,none,0.000000,1,32.993568,30.272328,0.010000,30.262328
194,-1.864274,-1.411265,-3.411265,0.588735,price_sensitive_uninformed,none,0.000000,1,32.993568,31.129294,0.010000,31.119294
195,-1.008165,-1.130657,-3.130657,0.869343,informed,none,0.000000,1,32.993568,31.985404,0.010000,31.975404
196,-1.482845,-2.130910,-4.130910,-0.130910,price_sensitive_uninformed,none,0.000000,1,32.993568,31.510723,0.010000,31.500723
197,-0.998360,-2.658162,-4.658162,-0.658162,informed,none,0.000000,1,32.993568,31.995209,0.010000,31.985209
198,-1.195732,0.120371,-1.879629,2.120371,informed,none,0.000000,1,32.993568,31.797837,0.010000,31.787837
199,-1.002648,-0.920721,-2.920721,1.079279,price_sensitive_uninformed,sell_to_mm,-2.920721,2,35.914289,33.908993,0.040000,33.868993
200,0.285025,-0.062983,-2.062983,1.937017,price_sensitive_uninformed,none,0.000000,2,35.914289,36.484339,0.040000,36.444339
201,0.833758,0.503438,-1.496562,2.503438,price_sensitive_uninformed,none,0.000000,2,35.914289,37.581806,0.040000,37.541806
202,1.040494,1.370489,-0.629511,3.370489,price_sensitive_uninformed,none,0.000000,2,35.914289,37.995277,0.040000,37.955277
203,0.548629,0.430760,-1.569240,2.430760,price_sensitive_uninformed,none,0.000000,2,35.914289,37.011546,0.040000,36.971546
204,-1.028053,-1.400803,-3.400803,0.599197,price_sensitive_uninformed,none,0.000000,2,35.914289,33.858182,0.040000,33.818182
205,-2.224593,-2.511947,-4.511947,-0.511947,price_sensitive_uninformed,none,0.000000,2,35.914289,31.465103,0.040000,31.425103
206,-2.042286,-2.768817,-4.768817,-0.768817,price_sensitive_uninformed,none,0.000000,2,35.914289,31.829718,0.040000,31.789718
207,-0.749795,-0.853178,-2.853178,1.146822,price_sensitive_uninformed,none,0.000000,2,35.914289,34.414699,0.040000,34.374699
208,0.954364,2.599322,0.599322,4.599322,price_sensitive_uninformed,none,0.000000,2,35.914289,37.823016,0.040000,37.783016
209,2.039638,2.000206,0.000206,4.000206,informed,none,0.000000,2,35.914289,39.993566,0.040000,39.953566
210,2.026230,1.040327,-0.959673,3.040327,price_sensitive_uninformed,none,0.000000,2,35.914289,39.966749,0.040000,39.926749
211,-0.355214,1.116828,-0.883172,3.116828,informed,none,0.000000,2,35.914289,35.203861,0.040000,35.163861
212,1.126152,0.347760,-1.652240,2.347760,price_sensitive_uninformed,none,0.000000,2,35.914289,38.166593,0.040000,38.126593
213,0.758134,0.611636,-1.388364,2.611636,informed,none,0.000000,2,35.914289,37.430557,0.040000,37.390557
214,1.869687,1.899253,-0.100747,3.899253,informed,none,0.000000,2,35.914289,39.653663,0.040000,39.613663
215,2.632739,3.648260,1.648260,5.648260,informed,none,0.000000,2,35.914289,41.179767,0.040000,41.139767
216,1.403127,1.202931,-0.797069,3.202931,informed,none,0.000000,2,35.914289,38.720543,0.040000,38.680543
217,-0.005629,2.126437,0.126437,4.126437,informed,sell_to_mm,0.126437,3,35.787852,35.770965,0.090000,35.680965
218,0.942896,1.020757,-0.979243,3.020757,informed,none,0.000000,3,35.787852,38.616541,0.090000,38.526541
219,0.898511,0.120036,-1.879964,2.120036,price_sensitive_uninformed,sell_to_mm,-1.879964,4,37.667816,41.261860,0.160000,41.101860
220,1.602205,0.581573,-1.418427,2.581573,informed,none,0.000000,4,37.667816,44.076634,0.160000,43.916634
221,-0.244582,0.137017,-1.862983,2.137017,price_sensitive_uninformed,none,0.000000,4,37.667816,36.689488,0.160000,36.529488
222,-2.030808,-3.376732,-5.376732,-1.376732,price_sensitive_uninformed,buy_from_mm,-1.376732,3,36.291084,30.198659,0.090000,30.108659
223,-4.224665,-2.914512,-4.914512,-0.914512,price_sensitive_uninformed,none,0.000000,3,36.291084,23.617089,0.090000,23.527089
224,-4.314102,-4.136151,-6.136151,-2.136151,price_sensitive_uninformed,none,0.000000,3,36.291084,23.348779,0.090000,23.258779
225,-3.618374,-2.988419,-4.988419,-0.988419,informed,none,0.000000,3,36.291084,25.435963,0.090000,25.345963
226,-1.788043,-3.004695,-5.004695,-1.004695,price_sensitive_uninformed,none,0.000000,3,36.291084,30.926955,0.090000,30.836955
227,-1.406628,-1.189361,-3.189361,0.810639,price_sensitive_uninformed,none,0.000000,3,36.291084,32.071199,0.090000,31.981199
228,-1.338253,-1.641735,-3.641735,0.358265,informed,none,0.000000,3,36.291084,32.276324,0.090000,32.186324
229,-0.262842,-0.157315,-2.157315,1.842685,price_sensitive_uninformed,none,0.000000,3,36.291084,35.502559,0.090000,35.412559
230,-0.659527,-1.552675,-3.552675,0.447325,price_sensitive_uninformed,none,0.000000,3,36.291084,34.312502,0.090000,34.222502
231,-2.318386,-4.365627,-6.365627,-2.365627,informed,buy_from_mm,-2.365627,2,33.925457,29.288685,0.040000,29.248685
232,-3.032725,-2.355227,-4.355227,-0.355227,informed,none,0.000000,2,33.925457,27.860008,0.040000,27.820008
233,-3.466775,-3.006412,-5.006412,-1.006412,informed,none,0.000000,2,33.925457,26.991906,0.040000,26.951906
234,-3.779481,-2.275361,-4.275361,-0.275361,price_sensitive_uninformed,none,0.000000,2,33.925457,26.366495,0.040000,26.326495
235,-3.633322,-2.755587,-4.755587,-0.755587,informed,none,0.000000,2,33.925457,26.658813,0.040000,26.618813
236,-1.706739,-0.813704,-2.813704,1.186296,price_sensitive_uninformed,none,0.000000,2,33.925457,30.511979,0.040000,30.471979
237,-1.897271,-1.925558,-3.925558,0.074442,price_sensitive_uninformed,none,0.000000,2,33.925457,30.130914,0.040000,30.090914
238,-3.867536,-4.292750,-6.292750,-2.292750,price_sensitive_uninformed,none,0.000000,2,33.925457,26.190385,0.040000,26.150385
239,-3.182235,-3.369544,-5.369544,-1.369544,price_sensitive_uninformed,none,0.000000,2,33.925457,27.560988,0.040000,27.520988
240,-4.530924,-4.655621,-6.655621,-2.655621,informed,none,0.000000,2,33.925457,24.863609,0.040000,24.823609
241,-2.834910,-2.681099,-4.681099,-0.681099,informed,none,0.000000,2,33.925457,28.255636,0.040000,28.215636
242,-3.581773,-5.353825,-7.353825,-3.353825,informed,none,0.000000,2,33.925457,26.761910,0.040000,26.721910
243,-3.132115,-2.331667,-4.331667,-0.331667,price_sensitive_uninformed,buy_from_mm,-0.331667,1,33.593790,30.461675,0.010000,30.451675
244,-4.737303,-3.705034,-5.705034,-1.705034,price_sensitive_uninformed,buy_from_mm,-1.705034,0,31.888756,31.888756,0.000000,31.888756
245,-2.141921,-3.554800,-5.554800,-1.554800,informed,none,0.000000,0,31.888756,31.888756,0.000000,31.888756
246,-1.248798,0.212658,-1.787342,2.212658,informed,none,0.000000,0,31.888756,31.888756,0.000000,31.888756
247,-1.950110,-3.134547,-5.134547,-1.134547,informed,none,0.000000,0,31.888756,31.888756,0.000000,31.888756
248,-1.493707,-2.595276,-4.595276,-0.595276,price_sensitive_uninformed,none,0.000000,0,31.888756,31.888756,0.000000,31.888756
249,-0.986421,0.143031,-1.856969,2.143031,informed,none,0.000000,0,31.888756,31.888756,0.000000,31.888756
250,0.263977,1.554425,-0.445575,3.554425,price_sensitive_uninformed,none,0.000000,0,31.888756,31.888756,0.000000,31.888756
251,-0.126177,-1.166722,-3.166722,0.833278,price_sensitive_uninformed,none,0.000000,0,31.888756,31.888756,0.000000,31.888756
252,0.774258,1.069991,-0.930009,3.069991,price_sensitive_uninformed,none,0.000000,0,31.888756,31.888756,0.000000,31.888756
253,0.754286,0.885528,-1.114472,2.885528,informed,none,0.000000,0,31.888756,31.888756,0.000000,31.888756
254,1.174043,1.326950,-0.673050,3.326950,price_sensitive_uninformed,none,0.000000,0,31.888756,31.888756,0.000000,31.888756
255,1.051722,1.086766,-0.913234,3.086766,informed,none,0.000000,0,31.888756,31.888756,0.000000,31.888756
256,2.142393,3.116262,1.116262,5.116262,price_sensitive_uninformed,none,0.000000,0,31.888756,31.888756,0.000000,31.888756
257,-0.353137,0.777242,-1.222758,2.777242,informed,none,0.000000,0,31.888756,31.888756,0.000000,31.888756
258,-0.048573,1.043439,-0.956561,3.043439,informed,none,0.000000,0,31.888756,31.888756,0.000000,31.888756
259,-1.067201,-0.201065,-2.201065,1.798935,price_sensitive_uninformed,buy_from_mm,1.798935,-1,33.687691,34.754892,0.010000,34.744892
260,-0.828137,-2.599032,-4.599032,-0.599032,informed,none,0.000000,-1,33.687691,34.515828,0.010000,34.505828
261,-1.945881,-2.049952,-4.049952,-0.049952,informed,none,0.000000,-1,33.687691,35.633572,0.010000,35.623572
262,-1.152598,-1.318628,-3.318628,0.681372,price_sensitive_uninformed,none,0.000000,-1,33.687691,34.840289,0.010000,34.830289
263,0.146779,-0.009877,-2.009877,1.990123,informed,none,0.000000,-1,33.687691,33.540912,0.010000,33.530912
264,0.456295,-0.137523,-2.137523,1.862477,informed,none,0.000000,-1,33.687691,33.231396,0.010000,33.221396
265,-0.122102,-1.278516,-3.278516,0.721484,price_sensitive_uninformed,none,0.000000,-1,33.687691,33.809793,0.010000,33.799793
266,0.290537,-0.925653,-2.925653,1.074347,informed,none,0.000000,-1,33.687691,33.397154,0.010000,33.387154
267,-0.057481,1.374039,-0.625961,3.374039,informed,none,0.000000,-1,33.687691,33.745172,0.010000,33.735172
268,-0.377909,0.974008,-1.025992,2.974008,price_sensitive_uninformed,none,0.000000,-1,33.687691,34.065600,0.010000,34.055600
269,-0.351904,-0.674499,-2.674499,1.325501,price_sensitive_uninformed,none,0.000000,-1,33.687691,34.039595,0.010000,34.029595
270,0.176704,0.584299,-1.415701,2.584299,informed,none,0.000000,-1,33.687691,33.510987,0.010000,33.500987
271,3.918515,4.179523,2.179523,6.179523,price_sensitive_uninformed,buy_from_mm,6.179523,-2,39.867215,32.030185,0.040000,31.990185
272,3.729401,3.517175,1.517175,5.517175,price_sensitive_uninformed,none,0.000000,-2,39.867215,32.408412,0.040000,32.368412
273,3.266717,2.564055,0.564055,4.564055,informed,none,0.000000,-2,39.867215,33.333780,0.040000,33.293780
274,3.708877,3.878215,1.878215,5.878215,price_sensitive_uninformed,none,0.000000,-2,39.867215,32.449460,0.040000,32.409460
275,4.423612,5.653790,3.653790,7.653790,price_sensitive_uninformed,none,0.000000,-2,39.867215,31.019991,0.040000,30.979991
276,4.543727,6.528100,4.528100,8.528100,informed,none,0.000000,-2,39.867215,30.779761,0.040000,30.739761
277,4.101396,3.541474,1.541474,5.541474,price_sensitive_uninformed,none,0.000000,-2,39.867215,31.664422,0.040000,31.624422
278,2.778396,2.704192,0.704192,4.704192,informed,none,0.000000,-2,39.867215,34.310422,0.040000,34.270422
279,4.326996,5.138157,3.138157,7.138157,informed,none,0.000000,-2,39.867215,31.213223,0.040000,31.173223
280,4.419761,3.698645,1.698645,5.698645,price_sensitive_uninformed,none,0.000000,-2,39.867215,31.027693,0.040000,30.987693
281,3.543880,3.829761,1.829761,5.829761,price_sensitive_uninformed,none,0.000000,-2,39.867215,32.779454,0.040000,32.739454
282,4.349115,4.806228,2.806228,6.806228,informed,none,0.000000,-2,39.867215,31.168984,0.040000,31.128984
283,4.884784,5.641435,3.641435,7.641435,informed,none,0.000000,-2,39.867215,30.097646,0.040000,30.057646
284,4.477103,5.054433,3.054433,7.054433,price_sensitive_uninformed,none,0.000000,-2,39.867215,30.913009,0.040000,30.873009
285,3.972447,3.175209,1.175209,5.175209,informed,none,0.000000,-2,39.867215,31.922322,0.040000,31.882322
286,4.379026,3.084696,1.084696,5.084696,price_sensitive_uninformed,none,0.000000,-2,39.867215,31.109162,0.040000,31.069162
287,2.346487,2.586135,0.586135,4.586135,price_sensitive_uninformed,none,0.000000,-2,39.867215,35.174240,0.040000,35.134240
288,2.952072,3.926312,1.926312,5.926312,informed,none,0.000000,-2,39.867215,33.963070,0.040000,33.923070
289,3.427555,4.741199,2.741199,6.741199,price_sensitive_uninformed,none,0.000000,-2,39.867215,33.012104,0.040000,32.972104
290,1.896077,2.004770,0.004770,4.004770,price_sensitive_uninformed,none,0.000000,-2,39.867215,36.075062,0.040000,36.035062
291,0.529650,0.104363,-1.895637,2.104363,price_sensitive_uninformed,none,0.000000,-2,39.867215,38.807915,0.040000,38.767915
292,1.733811,2.303403,0.303403,4.303403,informed,none,0.000000,-2,39.867215,36.399593,0.040000,36.359593
293,2.776918,1.767183,-0.232817,3.767183,informed,none,0.000000,-2,39.867215,34.313379,0.040000,34.273379
294,2.767880,2.172274,0.172274,4.172274,informed,none,0.000000,-2,39.867215,34.331454,0.040000,34.291454
295,2.863678,2.935123,0.935123,4.935123,price_sensitive_uninformed,none,0.000000,-2,39.867215,34.139859,0.040000,34.099859
296,1.963314,1.076494,-0.923506,3.076494,informed,none,0.000000,-2,39.867215,35.940586,0.040000,35.900586
297,4.136543,4.637239,2.637239,6.637239,price_sensitive_uninformed,none,0.000000,-2,39.867215,31.594129,0.040000,31.554129
298,5.489418,4.420582,2.420582,6.420582,informed,none,0.000000,-2,39.867215,28.888380,0.040000,28.848380
299,4.655170,4.356682,2.356682,6.356682,price_sensitive_uninformed,none,0.000000,-2,39.867215,30.556875,0.040000,30.516875
300,4.287472,3.861497,1.861497,5.861497,informed,none,0.000000,-2,39.867215,31.292270,0.040000,31.252270
301,6.590589,6.253211,4.253211,8.253211,informed,none,0.000000,-2,39.867215,26.686037,0.040000,26.646037
302,6.409172,6.686962,4.686962,8.686962,informed,none,0.000000,-2,39.867215,27.048870,0.040000,27.008870
303,5.971161,4.426648,2.426648,6.426648,informed,none,0.000000,-2,39.867215,27.924892,0.040000,27.884892
304,5.370806,4.148634,2.148634,6.148634,informed,none,0.000000,-2,39.867215,29.125603,0.040000,29.085603
305,5.004158,5.103803,3.103803,7.103803,price_sensitive_uninformed,none,0.000000,-2,39.867215,29.858899,0.040000,29.818899
306,4.749709,4.514023,2.514023,6.514023,price_sensitive_uninformed,none,0.000000,-2,39.867215,30.367797,0.040000,30.327797
307,4.331753,5.097460,3.097460,7.097460,informed,none,0.000000,-2,39.867215,31.203708,0.040000,31.163708
308,3.673629,4.740934,2.740934,6.740934,price_sensitive_uninformed,none,0.000000,-2,39.867215,32.519956,0.040000,32.479956
309,4.332056,4.157248,2.157248,6.157248,informed,none,0.000000,-2,39.867215,31.203102,0.040000,31.163102
310,3.342784,4.875723,2.875723,6.875723,price_sensitive_uninformed,none,0.000000,-2,39.867215,33.181647,0.040000,33.141647
311,3.624017,4.110210,2.110210,6.110210,price_sensitive_uninformed,none,0.000000,-2,39.867215,32.619180,0.040000,32.579180
312,3.690217,3.028726,1.028726,5.028726,price_sensitive_uninformed,none,0.000000,-2,39.867215,32.486781,0.040000,32.446781
313,3.178553,3.338252,1.338252,5.338252,price_sensitive_uninformed,none,0.000000,-2,39.867215,33.510108,0.040000,33.470108
314,1.521077,-0.259067,-2.259067,1.740933,price_sensitive_uninformed,sell_to_mm,-2.259067,-1,42.126282,40.605205,0.010000,40.595205
315,1.887197,0.751084,-1.248916,2.751084,price_sensitive_uninformed,none,0.000000,-1,42.126282,40.239084,0.010000,40.229084
316,0.418583,1.009270,-0.990730,3.009270,price_sensitive_uninformed,none,0.000000,-1,42.126282,41.707698,0.010000,41.697698
317,0.819718,1.204833,-0.795167,3.204833,price_sensitive_uninformed,none,0.000000,-1,42.126282,41.306563,0.010000,41.296563
318,1.870866,2.482128,0.482128,4.482128,price_sensitive_uninformed,none,0.000000,-1,42.126282,40.255415,0.010000,40.245415
319,3.382968,4.291184,2.291184,6.291184,price_sensitive_uninformed,none,0.000000,-1,42.126282,38.743314,0.010000,38.733314
320,4.489884,4.403906,2.403906,6.403906,informed,none,0.000000,-1,42.126282,37.636397,0.010000,37.626397
321,5.512988,4.770014,2.770014,6.770014,informed,none,0.000000,-1,42.126282,36.613293,0.010000,36.603293
322,3.287712,2.793000,0.793000,4.793000,informed,none,0.000000,-1,42.126282,38.838570,0.010000,38.828570
323,5.896023,5.981188,3.981188,7.981188,price_sensitive_uninformed,none,0.000000,-1,42.126282,36.230259,0.010000,36.220259
324,6.686130,5.273300,3.273300,7.273300,informed,none,0.000000,-1,42.126282,35.440152,0.010000,35.430152
325,7.265213,6.290300,4.290300,8.290300,price_sensitive_uninformed,none,0.000000,-1,42.126282,34.861069,0.010000,34.851069
326,6.591003,5.239297,3.239297,7.239297,price_sensitive_uninformed,none,0.000000,-1,42.126282,35.535279,0.010000,35.525279
327,7.239489,6.583903,4.583903,8.583903,informed,none,0.000000,-1,42.126282,34.886793,0.010000,34.876793
328,6.356856,6.533218,4.533218,8.533218,price_sensitive_uninformed,none,0.000000,-1,42.126282,35.769426,0.010000,35.759426
329,4.687571,3.702338,1.702338,5.702338,informed,none,0.000000,-1,42.126282,37.438711,0.010000,37.428711
330,4.942339,2.788665,0.788665,4.788665,price_sensitive_uninformed,none,0.000000,-1,42.126282,37.183943,0.010000,37.173943
331,4.266124,3.169331,1.169331,5.169331,price_sensitive_uninformed,none,0.000000,-1,42.126282,37.860158,0.010000,37.850158
332,3.333398,4.136938,2.136938,6.136938,informed,none,0.000000,-1,42.126282,38.792884,0.010000,38.782884
333,4.036475,5.614249,3.614249,7.614249,price_sensitive_uninformed,none,0.000000,-1,42.126282,38.089807,0.010000,38.079807
334,4.456249,4.903685,2.903685,6.903685,price_sensitive_uninformed,none,0.000000,-1,42.126282,37.670032,0.010000,37.660032
335,4.358585,5.574659,3.574659,7.574659,informed,none,0.000000,-1,42.126282,37.767697,0.010000,37.757697
336,7.644256,7.539767,5.539767,9.539767,price_sensitive_uninformed,none,0.000000,-1,42.126282,34.482026,0.010000,34.472026
337,8.047902,8.480610,6.480610,10.480610,price_sensitive_uninformed,none,0.000000,-1,42.126282,34.078380,0.010000,34.068380
338,8.751236,6.851228,4.851228,8.851228,informed,none,0.000000,-1,42.126282,33.375046,0.010000,33.365046
339,10.505878,10.385475,8.385475,12.385475,informed,none,0.000000,-1,42.126282,31.620404,0.010000,31.610404
340,10.748699,8.840261,6.840261,10.840261,informed,none,0.000000,-1,42.126282,31.377582,0.010000,31.367582
341,11.249367,12.982827,10.982827,14.982827,price_sensitive_uninformed,none,0.000000,-1,42.126282,30.876914,0.010000,30.866914
342,10.675266,11.234122,9.234122,13.234122,price_sensitive_uninformed,none,0.000000,-1,42.126282,31.451015,0.010000,31.441015
343,9.477334,9.126223,7.126223,11.126223,informed,none,0.000000,-1,42.126282,32.648948,0.010000,32.638948
344,9.265644,7.514317,5.514317,9.514317,informed,none,0.000000,-1,42.126282,32.860637,0.010000,32.850637
345,10.276569,9.889197,7.889197,11.889197,price_sensitive_uninformed,none,0.000000,-1,42.126282,31.849713,0.010000,31.839713
346,11.627248,10.904563,8.904563,12.904563,price_sensitive_uninformed,none,0.000000,-1,42.126282,30.499034,0.010000,30.489034
347,11.792561,13.161275,11.161275,15.161275,informed,none,0.000000,-1,42.126282,30.333721,0.010000,30.323721
348,11.485188,11.860024,9.860024,13.860024,informed,none,0.000000,-1,42.126282,30.641094,0.010000,30.631094
349,12.040336,13.393513,11.393513,15.393513,informed,none,0.000000,-1,42.126282,30.085946,0.010000,30.075946
350,13.829332,12.832870,10.832870,14.832870,price_sensitive_uninformed,none,0.000000,-1,42.126282,28.296950,0.010000,28.286950
351,15.438995,14.340496,12.340496,16.340496,informed,none,0.000000,-1,42.126282,26.687287,0.010000,26.677287
352,16.918697,17.981828,15.981828,19.981828,price_sensitive_uninformed,none,0.000000,-1,42.126282,25.207584,0.010000,25.197584
353,18.987453,18.489072,16.489072,20.489072,informed,none,0.000000,-1,42.126282,23.138829,0.010000,23.128829
354,21.215383,20.428714,18.428714,22.428714,price_sensitive_uninformed,none,0.000000,-1,42.126282,20.910899,0.010000,20.900899
355,20.160418,20.951036,18.951036,22.951036,price_sensitive_uninformed,none,0.000000,-1,42.126282,21.965863,0.010000,21.955863
356,20.532916,21.861330,19.861330,23.861330,price_sensitive_uninformed,none,0.000000,-1,42.126282,21.593366,0.010000,21.583366
357,18.923174,21.366766,19.366766,23.366766,informed,sell_to_mm,19.366766,0,22.759516,22.759516,0.000000,22.759516
358,20.177897,21.180518,19.180518,23.180518,price_sensitive_uninformed,none,0.000000,0,22.759516,22.759516,0.000000,22.759516
359,19.390299,19.330639,17.330639,21.330639,informed,none,0.000000,0,22.759516,22.759516,0.000000,22.759516
360,20.062988,20.221063,18.221063,22.221063,price_sensitive_uninformed,none,0.000000,0,22.759516,22.759516,0.000000,22.759516
361,19.347258,20.028915,18.028915,22.028915,informed,none,0.000000,0,22.759516,22.759516,0.000000,22.759516
362,17.942443,18.543605,16.543605,20.543605,price_sensitive_uninformed,none,0.000000,0,22.759516,22.759516,0.000000,22.759516
363,19.089988,19.406534,17.406534,21.406534,price_sensitive_uninformed,none,0.000000,0,22.759516,22.759516,0.000000,22.759516
364,18.181399,17.413995,15.413995,19.413995,informed,none,0.000000,0,22.759516,22.759516,0.000000,22.759516
365,18.431541,18.536272,16.536272,20.536272,informed,none,0.000000,0,22.759516,22.759516,0.000000,22.759516
366,18.557971,19.222789,17.222789,21.222789,informed,none,0.000000,0,22.759516,22.759516,0.000000,22.759516
367,19.616243,20.710734,18.710734,22.710734,price_sensitive_uninformed,sell_to_mm,18.710734,1,4.048781,23.665024,0.010000,23.655024
368,18.223771,19.486946,17.486946,21.486946,price_sensitive_uninformed,none,0.000000,1,4.048781,22.272552,0.010000,22.262552
369,18.407884,18.755983,16.755983,20.755983,informed,none,0.000000,1,4.048781,22.456666,0.010000,22.446666
370,19.258587,18.922747,16.922747,20.922747,informed,none,0.000000,1,4.048781,23.307369,0.010000,23.297369
371,18.479861,17.953525,15.953525,19.953525,informed,none,0.000000,1,4.048781,22.528643,0.010000,22.518643
372,17.828870,16.348043,14.348043,18.348043,informed,none,0.000000,1,4.048781,21.877651,0.010000,21.867651
373,17.682301,16.710930,14.710930,18.710930,price_sensitive_uninformed,none,0.000000,1,4.048781,21.731083,0.010000,21.721083
374,18.249906,20.076228,18.076228,22.076228,informed,none,0.000000,1,4.048781,22.298687,0.010000,22.288687
375,18.543313,17.654312,15.654312,19.654312,price_sensitive_uninformed,none,0.000000,1,4.048781,22.592095,0.010000,22.582095
376,17.087808,15.723148,13.723148,17.723148,informed,none,0.000000,1,4.048781,21.136590,0.010000,21.126590
377,16.949983,16.679334,14.679334,18.679334,price_sensitive_uninformed,sell_to_mm,14.679334,2,-10.630553,23.269414,0.040000,23.229414
378,15.957416,13.884208,11.884208,15.884208,price_sensitive_uninformed,none,0.000000,2,-10.630553,21.284279,0.040000,21.244279
379,15.565176,16.219668,14.219668,18.219668,informed,none,0.000000,2,-10.630553,20.499799,0.040000,20.459799
380,15.391116,15.352001,13.352001,17.352001,price_sensitive_uninformed,none,0.000000,2,-10.630553,20.151678,0.040000,20.111678
381,15.115659,14.538766,12.538766,16.538766,price_sensitive_uninformed,none,0.000000,2,-10.630553,19.600766,0.040000,19.560766
382,15.541439,14.886310,12.886310,16.886310,price_sensitive_uninformed,none,0.000000,2,-10.630553,20.452324,0.040000,20.412324
383,15.088904,14.629794,12.629794,16.629794,price_sensitive_uninformed,buy_from_mm,16.629794,1,5.999241,21.088145,0.010000,21.078145
384,13.497671,13.285635,11.285635,15.285635,price_sensitive_uninformed,none,0.000000,1,5.999241,19.496912,0.010000,19.486912
385,14.099219,13.436029,11.436029,15.436029,price_sensitive_uninformed,none,0.000000,1,5.999241,20.098460,0.010000,20.088460
386,14.903396,13.869179,11.869179,15.869179,price_sensitive_uninformed,none,0.000000,1,5.999241,20.902637,0.010000,20.892637
387,17.018773,16.139747,14.139747,18.139747,price_sensitive_uninformed,none,0.000000,1,5.999241,23.018014,0.010000,23.008014
388,17.875349,17.172990,15.172990,19.172990,informed,none,0.000000,1,5.999241,23.874590,0.010000,23.864590
389,18.111861,18.135306,16.135306,20.135306,price_sensitive_uninformed,none,0.000000,1,5.999241,24.111102,0.010000,24.101102
390,17.672118,17.335083,15.335083,19.335083,price_sensitive_uninformed,none,0.000000,1,5.999241,23.671359,0.010000,23.661359
391,18.295735,17.719952,15.719952,19.719952,informed,none,0.000000,1,5.999241,24.294976,0.010000,24.284976
392,18.674847,19.985867,17.985867,21.985867,informed,none,0.000000,1,5.999241,24.674088,0.010000,24.664088
393,19.402360,19.301368,17.301368,21.301368,price_sensitive_uninformed,none,0.000000,1,5.999241,25.401601,0.010000,25.391601
394,21.049055,20.335348,18.335348,22.335348,informed,none,0.000000,1,5.999241,27.048295,0.010000,27.038295
395,22.843841,23.269522,21.269522,25.269522,informed,none,0.000000,1,5.999241,28.843082,0.010000,28.833082
396,21.423707,22.951614,20.951614,24.951614,informed,none,0.000000,1,5.999241,27.422947,0.010000,27.412947
397,20.650766,20.435643,18.435643,22.435643,informed,none,0.000000,1,5.999241,26.650007,0.010000,26.640007
398,20.818821,22.097460,20.097460,24.097460,price_sensitive_uninformed,none,0.000000,1,5.999241,26.818062,0.010000,26.808062
399,20.830041,21.290018,19.290018,23.290018,price_sensitive_uninformed,none,0.000000,1,5.999241,26.829282,0.010000,26.819282
400,20.324458,21.632407,19.632407,23.632407,price_sensitive_uninformed,buy_from_mm,23.632407,0,29.631648,29.631648,0.000000,29.631648
401,21.186869,20.548547,18.548547,22.548547,informed,none,0.000000,0,29.631648,29.631648,0.000000,29.631648
402,21.413675,22.064700,20.064700,24.064700,price_sensitive_uninformed,none,0.000000,0,29.631648,29.631648,0.000000,29.631648
403,22.127139,22.010163,20.010163,24.010163,informed,none,0.000000,0,29.631648,29.631648,0.000000,29.631648
404,21.512732,21.217590,19.217590,23.217590,informed,none,0.000000,0,29.631648,29.631648,0.000000,29.631648
405,19.831106,19.976865,17.976865,21.976865,price_sensitive_uninformed,buy_from_mm,21.976865,-1,51.608513,31.777407,0.010000,31.767407
406,20.342423,20.306371,18.306371,22.306371,price_sensitive_uninformed,none,0.000000,-1,51.608513,31.266091,0.010000,31.256091
407,21.034004,21.118794,19.118794,23.118794,price_sensitive_uninformed,none,0.000000,-1,51.608513,30.574509,0.010000,30.564509
408,21.383783,21.734786,19.734786,23.734786,price_sensitive_uninformed,none,0.000000,-1,51.608513,30.224730,0.010000,30.214730
409,19.073443,20.359730,18.359730,22.359730,informed,none,0.000000,-1,51.608513,32.535070,0.010000,32.525070
410,18.912566,17.158545,15.158545,19.158545,informed,none,0.000000,-1,51.608513,32.695947,0.010000,32.685947
411,17.693366,17.942881,15.942881,19.942881,price_sensitive_uninformed,none,0.000000,-1,51.608513,33.915147,0.010000,33.905147
412,17.249166,14.954236,12.954236,16.954236,price_sensitive_uninformed,none,0.000000,-1,51.608513,34.359348,0.010000,34.349348
413,18.398556,18.439488,16.439488,20.439488,price_sensitive_uninformed,none,0.000000,-1,51.608513,33.209957,0.010000,33.199957
414,18.897848,20.321368,18.321368,22.321368,price_sensitive_uninformed,none,0.000000,-1,51.608513,32.710665,0.010000,32.700665
415,18.549902,18.835625,16.835625,20.835625,informed,none,0.000000,-1,51.608513,33.058612,0.010000,33.048612
416,18.440780,18.743966,16.743966,20.743966,informed,none,0.000000,-1,51.608513,33.167733,0.010000,33.157733
417,19.839627,18.490984,16.490984,20.490984,price_sensitive_uninformed,none,0.000000,-1,51.608513,31.768887,0.010000,31.758887
418,20.227877,20.226202,18.226202,22.226202,price_sensitive_uninformed,none,0.000000,-1,51.608513,31.380637,0.010000,31.370637
419,21.002176,20.363288,18.363288,22.363288,price_sensitive_uninformed,none,0.000000,-1,51.608513,30.606337,0.010000,30.596337
420,20.713872,19.799120,17.799120,21.799120,informed,none,0.000000,-1,51.608513,30.894641,0.010000,30.884641
421,20.829372,21.554427,19.554427,23.554427,informed,none,0.000000,-1,51.608513,30.779141,0.010000,30.769141
422,21.661613,23.039718,21.039718,25.039718,price_sensitive_uninformed,none,0.000000,-1,51.608513,29.946900,0.010000,29.936900
423,20.415358,20.490866,18.490866,22.490866,price_sensitive_uninformed,none,0.000000,-1,51.608513,31.193155,0.010000,31.183155
424,20.128857,19.828400,17.828400,21.828400,price_sensitive_uninformed,none,0.000000,-1,51.608513,31.479656,0.010000,31.469656
425,18.226503,18.918580,16.918580,20.918580,price_sensitive_uninformed,none,0.000000,-1,51.608513,33.382011,0.010000,33.372011
426,17.783943,17.899162,15.899162,19.899162,informed,none,0.000000,-1,51.608513,33.824571,0.010000,33.814571
427,18.341494,17.639042,15.639042,19.639042,price_sensitive_uninformed,none,0.000000,-1,51.608513,33.267019,0.010000,33.257019
428,17.807257,18.161185,16.161185,20.161185,price_sensitive_uninformed,none,0.000000,-1,51.608513,33.801256,0.010000,33.791256
429,18.072495,18.454814,16.454814,20.454814,price_sensitive_uninformed,none,0.000000,-1,51.608513,33.536018,0.010000,33.526018
430,18.445314,17.754504,15.754504,19.754504,price_sensitive_uninformed,none,0.000000,-1,51.608513,33.163199,0.010000,33.153199
431,17.347017,17.100997,15.100997,19.100997,informed,none,0.000000,-1,51.608513,34.261496,0.010000,34.251496
432,17.339891,17.023220,15.023220,19.023220,price_sensitive_uninformed,none,0.000000,-1,51.608513,34.268622,0.010000,34.258622
433,17.456574,15.954364,13.954364,17.954364,informed,none,0.000000,-1,51.608513,34.151939,0.010000,34.141939
434,18.183019,17.632434,15.632434,19.632434,price_sensitive_uninformed,none,0.000000,-1,51.608513,33.425494,0.010000,33.415494
435,17.184700,15.455619,13.455619,17.455619,price_sensitive_uninformed,buy_from_mm,17.455619,-2,69.064132,34.694732,0.040000,34.654732
436,17.119614,19.058486,17.058486,21.058486,price_sensitive_uninformed,none,0.000000,-2,69.064132,34.824905,0.040000,34.784905
437,18.076262,19.299015,17.299015,21.299015,price_sensitive_uninformed,none,0.000000,-2,69.064132,32.911607,0.040000,32.871607
438,18.310928,18.940471,16.940471,20.940471,price_sensitive_uninformed,none,0.000000,-2,69.064132,32.442276,0.040000,32.402276
439,19.170395,19.855449,17.855449,21.855449,price_sensitive_uninformed,none,0.000000,-2,69.064132,30.723343,0.040000,30.683343
440,19.038131,20.312610,18.312610,22.312610,informed,none,0.000000,-2,69.064132,30.987869,0.040000,30.947869
441,20.822252,20.829174,18.829174,22.829174,price_sensitive_uninformed,none,0.000000,-2,69.064132,27.419628,0.040000,27.379628
442,19.534109,19.902876,17.902876,21.902876,informed,none,0.000000,-2,69.064132,29.995913,0.040000,29.955913
443,20.239459,19.907364,17.907364,21.907364,price_sensitive_uninformed,none,0.000000,-2,69.064132,28.585214,0.040000,28.545214
444,21.680135,21.690258,19.690258,23.690258,price_sensitive_uninformed,none,0.000000,-2,69.064132,25.703862,0.040000,25.663862
445,22.786840,22.384952,20.384952,24.384952,price_sensitive_uninformed,none,0.000000,-2,69.064132,23.490452,0.040000,23.450452
446,23.296495,23.466812,21.466812,25.466812,price_sensitive_uninformed,none,0.000000,-2,69.064132,22.471142,0.040000,22.431142
447,22.919884,23.897909,21.897909,25.897909,price_sensitive_uninformed,none,0.000000,-2,69.064132,23.224364,0.040000,23.184364
448,22.568233,21.604936,19.604936,23.604936,price_sensitive_uninformed,none,0.000000,-2,69.064132,23.927666,0.040000,23.887666
449,21.409608,20.781536,18.781536,22.781536,price_sensitive_uninformed,none,0.000000,-2,69.064132,26.244916,0.040000,26.204916
450,20.578046,20.519861,18.519861,22.519861,price_sensitive_uninformed,none,0.000000,-2,69.064132,27.908039,0.040000,27.868039
451,19.096268,18.901669,16.901669,20.901669,informed,none,0.000000,-2,69.064132,30.871597,0.040000,30.831597
452,18.822228,18.243486,16.243486,20.243486,informed,none,0.000000,-2,69.064132,31.419677,0.040000,31.379677
453,19.849524,19.711821,17.711821,21.711821,price_sensitive_uninformed,none,0.000000,-2,69.064132,29.365084,0.040000,29.325084
454,19.720987,18.331348,16.331348,20.331348,price_sensitive_uninformed,none,0.000000,-2,69.064132,29.622158,0.040000,29.582158
455,19.566995,19.121206,17.121206,21.121206,informed,none,0.000000,-2,69.064132,29.930143,0.040000,29.890143
456,20.401565,21.004485,19.004485,23.004485,price_sensitive_uninformed,none,0.000000,-2,69.064132,28.261002,0.040000,28.221002
457,20.011919,20.260486,18.260486,22.260486,price_sensitive_uninformed,none,0.000000,-2,69.064132,29.040295,0.040000,29.000295
458,20.564349,21.139820,19.139820,23.139820,price_sensitive_uninformed,none,0.000000,-2,69.064132,27.935435,0.040000,27.895435
459,20.015937,21.423575,19.423575,23.423575,price_sensitive_uninformed,none,0.000000,-2,69.064132,29.032257,0.040000,28.992257
460,19.817977,20.876289,18.876289,22.876289,price_sensitive_uninformed,none,0.000000,-2,69.064132,29.428178,0.040000,29.388178
461,20.272444,21.186891,19.186891,23.186891,price_sensitive_uninformed,none,0.000000,-2,69.064132,28.519244,0.040000,28.479244
462,19.633409,19.058303,17.058303,21.058303,informed,none,0.000000,-2,69.064132,29.797315,0.040000,29.757315
463,18.620668,17.375609,15.375609,19.375609,price_sensitive_uninformed,none,0.000000,-2,69.064132,31.822796,0.040000,31.782796
464,18.923788,19.623395,17.623395,21.623395,price_sensitive_uninformed,none,0.000000,-2,69.064132,31.216556,0.040000,31.176556
465,19.654834,21.422680,19.422680,23.422680,informed,none,0.000000,-2,69.064132,29.754464,0.040000,29.714464
466,20.164812,19.850576,17.850576,21.850576,informed,none,0.000000,-2,69.064132,28.734507,0.040000,28.694507
467,18.984024,16.791585,14.791585,18.791585,price_sensitive_uninformed,none,0.000000,-2,69.064132,31.096083,0.040000,31.056083
468,19.340784,17.438692,15.438692,19.438692,price_sensitive_uninformed,none,0.000000,-2,69.064132,30.382563,0.040000,30.342563
469,20.187747,22.019542,20.019542,24.019542,price_sensitive_uninformed,none,0.000000,-2,69.064132,28.688638,0.040000,28.648638
470,19.500507,19.425688,17.425688,21.425688,informed,none,0.000000,-2,69.064132,30.063119,0.040000,30.023119
471,18.826084,18.296218,16.296218,20.296218,price_sensitive_uninformed,none,0.000000,-2,69.064132,31.411964,0.040000,31.371964
472,19.141588,18.794305,16.794305,20.794305,price_sensitive_uninformed,none,0.000000,-2,69.064132,30.780957,0.040000,30.740957
473,19.127653,19.620523,17.620523,21.620523,price_sensitive_uninformed,none,0.000000,-2,69.064132,30.808825,0.040000,30.768825
474,19.642293,18.321264,16.321264,20.321264,informed,none,0.000000,-2,69.064132,29.779546,0.040000,29.739546
475,19.073950,20.044931,18.044931,22.044931,informed,none,0.000000,-2,69.064132,30.916232,0.040000,30.876232
476,19.281774,18.853806,16.853806,20.853806,informed,none,0.000000,-2,69.064132,30.500585,0.040000,30.460585
477,19.621112,21.918196,19.918196,23.918196,price_sensitive_uninformed,none,0.000000,-2,69.064132,29.821908,0.040000,29.781908
478,18.774299,17.345372,15.345372,19.345372,informed,none,0.000000,-2,69.064132,31.515535,0.040000,31.475535
479,18.696723,18.356632,16.356632,20.356632,price_sensitive_uninformed,none,0.000000,-2,69.064132,31.670687,0.040000,31.630687
480,19.009475,16.709453,14.709453,18.709453,informed,buy_from_mm,18.709453,-3,87.773585,30.745159,0.090000,30.655159
481,19.980155,18.185944,16.185944,20.185944,informed,none,0.000000,-3,87.773585,27.833120,0.090000,27.743120
482,21.168665,21.214103,19.214103,23.214103,price_sensitive_uninformed,none,0.000000,-3,87.773585,24.267589,0.090000,24.177589
483,21.398581,18.765898,16.765898,20.765898,price_sensitive_uninformed,none,0.000000,-3,87.773585,23.577843,0.090000,23.487843
484,21.380942,18.737978,16.737978,20.737978,informed,buy_from_mm,20.737978,-4,108.511563,22.987796,0.160000,22.827796
485,20.778872,21.496130,19.496130,23.496130,price_sensitive_uninformed,none,0.000000,-4,108.511563,25.396074,0.160000,25.236074
486,20.479006,21.964377,19.964377,23.964377,price_sensitive_uninformed,none,0.000000,-4,108.511563,26.595540,0.160000,26.435540
487,21.830408,21.331665,19.331665,23.331665,price_sensitive_uninformed,none,0.000000,-4,108.511563,21.189932,0.160000,21.029932
488,22.914626,22.348525,20.348525,24.348525,price_sensitive_uninformed,none,0.000000,-4,108.511563,16.853061,0.160000,16.693061
489,24.005340,23.096419,21.096419,25.096419,informed,none,0.000000,-4,108.511563,12.490204,0.160000,12.330204
490,25.652692,26.564052,24.564052,28.564052,informed,none,0.000000,-4,108.511563,5.900796,0.160000,5.740796
491,24.950490,25.203568,23.203568,27.203568,informed,none,0.000000,-4,108.511563,8.709602,0.160000,8.549602
492,26.171300,24.369488,22.369488,26.369488,price_sensitive_uninformed,none,0.000000,-4,108.511563,3.826362,0.160000,3.666362
493,25.328535,25.342450,23.342450,27.342450,informed,none,0.000000,-4,108.511563,7.197422,0.160000,7.037422
494,25.590884,26.268468,24.268468,28.268468,informed,none,0.000000,-4,108.511563,6.148028,0.160000,5.988028
495,25.824556,26.623063,24.623063,28.623063,price_sensitive_uninformed,none,0.000000,-4,108.511563,5.213337,0.160000,5.053337
496,25.440745,25.295798,23.295798,27.295798,informed,none,0.000000,-4,108.511563,6.748583,0.160000,6.588583
497,26.205814,28.815503,26.815503,30.815503,price_sensitive_uninformed,none,0.000000,-4,108.511563,3.688307,0.160000,3.528307
498,25.401996,25.809264,23.809264,27.809264,price_sensitive_uninformed,none,0.000000,-4,108.511563,6.903578,0.160000,6.743578
499,25.584787,25.823359,23.823359,27.823359,informed,none,0.000000,-4,108.511563,6.172416,0.160000,6.012416
500,25.549983,27.683366,25.683366,29.683366,price_sensitive_uninformed,none,0.000000,-4,108.511563,6.311631,0.160000,6.151631
501,26.451895,25.818678,23.818678,27.818678,price_sensitive_uninformed,none,0.000000,-4,108.511563,2.703983,0.160000,2.543983
502,25.270712,26.280749,24.280749,28.280749,price_sensitive_uninformed,buy_from_mm,28.280749,-5,136.792312,10.438753,0.250000,10.188753
503,25.731793,24.920080,22.920080,26.920080,price_sensitive_uninformed,none,0.000000,-5,136.792312,8.133348,0.250000,7.883348
504,25.537697,26.200654,24.200654,28.200654,informed,none,0.000000,-5,136.792312,9.103825,0.250000,8.853825
505,24.350241,26.760833,24.760833,28.760833,price_sensitive_uninformed,none,0.000000,-5,136.792312,15.041107,0.250000,14.791107
506,24.742624,25.810551,23.810551,27.810551,price_sensitive_uninformed,none,0.000000,-5,136.792312,13.079193,0.250000,12.829193
507,24.458275,25.551229,23.551229,27.551229,price_sensitive_uninformed,sell_to_mm,23.551229,-4,113.241083,15.407983,0.160000,15.247983
508,23.772624,24.192130,22.192130,26.192130,price_sensitive_uninformed,none,0.000000,-4,113.241083,18.150585,0.160000,17.990585
509,23.785977,23.992763,21.992763,25.992763,price_sensitive_uninformed,none,0.000000,-4,113.241083,18.097174,0.160000,17.937174
510,24.574150,24.293508,22.293508,26.293508,price_sensitive_uninformed,none,0.000000,-4,113.241083,14.944483,0.160000,14.784483
511,27.608387,26.753331,24.753331,28.753331,informed,none,0.000000,-4,113.241083,2.807534,0.160000,2.647534
512,28.074853,29.502586,27.502586,31.502586,price_sensitive_uninformed,none,0.000000,-4,113.241083,0.941672,0.160000,0.781672
513,27.397864,27.748075,25.748075,29.748075,informed,none,0.000000,-4,113.241083,3.649627,0.160000,3.489627
514,26.157159,26.081803,24.081803,28.081803,price_sensitive_uninformed,none,0.000000,-4,113.241083,8.612448,0.160000,8.452448
515,25.859461,25.016485,23.016485,27.016485,price_sensitive_uninformed,none,0.000000,-4,113.241083,9.803238,0.160000,9.643238
516,26.127613,28.106512,26.106512,30.106512,price_sensitive_uninformed,none,0.000000,-4,113.241083,8.730629,0.160000,8.570629
517,26.966522,27.454392,25.454392,29.454392,price_sensitive_uninformed,none,0.000000,-4,113.241083,5.374994,0.160000,5.214994
518,27.919894,26.385844,24.385844,28.385844,informed,none,0.000000,-4,113.241083,1.561506,0.160000,1.401506
519,28.864969,30.013953,28.013953,32.013953,informed,none,0.000000,-4,113.241083,-2.218794,0.160000,-2.378794
520,26.762007,28.394357,26.394357,30.394357,price_sensitive_uninformed,none,0.000000,-4,113.241083,6.193054,0.160000,6.033054
521,26.449585,26.632353,24.632353,28.632353,informed,none,0.000000,-4,113.241083,7.442743,0.160000,7.282743
522,27.999661,28.549636,26.549636,30.549636,informed,none,0.000000,-4,113.241083,1.242437,0.160000,1.082437
523,26.984928,25.890530,23.890530,27.890530,price_sensitive_uninformed,none,0.000000,-4,113.241083,5.301371,0.160000,5.141371
524,27.477454,25.939761,23.939761,27.939761,informed,none,0.000000,-4,113.241083,3.331268,0.160000,3.171268
525,26.300630,27.205746,25.205746,29.205746,informed,none,0.000000,-4,113.241083,8.038563,0.160000,7.878563
526,25.942807,24.475108,22.475108,26.475108,informed,none,0.000000,-4,113.241083,9.469854,0.160000,9.309854
527,25.993293,25.644124,23.644124,27.644124,price_sensitive_uninformed,none,0.000000,-4,113.241083,9.267909,0.160000,9.107909
528,25.910461,26.271706,24.271706,28.271706,price_sensitive_uninformed,none,0.000000,-4,113.241083,9.599237,0.160000,9.439237
529,25.862941,25.386731,23.386731,27.386731,price_sensitive_uninformed,none,0.000000,-4,113.241083,9.789320,0.160000,9.629320
530,25.474027,25.063812,23.063812,27.063812,informed,none,0.000000,-4,113.241083,11.344976,0.160000,11.184976
531,24.838970,25.761396,23.761396,27.761396,price_sensitive_uninformed,none,0.000000,-4,113.241083,13.885203,0.160000,13.725203
532,24.954017,24.875438,22.875438,26.875438,price_sensitive_uninformed,none,0.000000,-4,113.241083,13.425014,0.160000,13.265014
533,24.890079,24.372890,22.372890,26.372890,price_sensitive_uninformed,none,0.000000,-4,113.241083,13.680769,0.160000,13.520769
534,25.385542,26.884484,24.884484,28.884484,informed,none,0.000000,-4,113.241083,11.698915,0.160000,11.538915
535,24.813187,23.688569,21.688569,25.688569,price_sensitive_uninformed,buy_from_mm,25.688569,-5,138.929652,14.863717,0.250000,14.613717
536,25.291752,25.463263,23.463263,27.463263,price_sensitive_uninformed,none,0.000000,-5,138.929652,12.470892,0.250000,12.220892
537,26.263195,27.155895,25.155895,29.155895,price_sensitive_uninformed,none,0.000000,-5,138.929652,7.613676,0.250000,7.363676
538,25.344828,26.105704,24.105704,28.105704,informed,none,0.000000,-5,138.929652,12.205513,0.250000,11.955513
539,23.592431,23.254627,21.254627,25.254627,informed,none,0.000000,-5,138.929652,20.967497,0.250000,20.717497
540,24.701426,23.398985,21.398985,25.398985,informed,none,0.000000,-5,138.929652,15.422524,0.250000,15.172524
541,24.776257,25.768423,23.768423,27.768423,price_sensitive_uninformed,buy_from_mm,27.768423,-6,166.698075,18.040533,0.360000,17.680533
542,23.389211,22.640952,20.640952,24.640952,price_sensitive_uninformed,none,0.000000,-6,166.698075,26.362810,0.360000,26.002810
543,24.955141,25.895295,23.895295,27.895295,price_sensitive_uninformed,none,0.000000,-6,166.698075,16.967231,0.360000,16.607231
544,25.059962,23.838323,21.838323,25.838323,informed,none,0.000000,-6,166.698075,16.338302,0.360000,15.978302
545,24.325754,23.603739,21.603739,25.603739,informed,none,0.000000,-6,166.698075,20.743550,0.360000,20.383550
546,22.029703,22.695134,20.695134,24.695134,informed,none,0.000000,-6,166.698075,34.519854,0.360000,34.159854
547,21.859009,21.367596,19.367596,23.367596,price_sensitive_uninformed,none,0.000000,-6,166.698075,35.544021,0.360000,35.184021
548,21.776710,20.110936,18.110936,22.110936,informed,none,0.000000,-6,166.698075,36.037816,0.360000,35.677816
549,21.431292,21.299993,19.299993,23.299993,price_sensitive_uninformed,none,0.000000,-6,166.698075,38.110321,0.360000,37.750321
550,21.251189,20.655136,18.655136,22.655136,price_sensitive_uninformed,none,0.000000,-6,166.698075,39.190943,0.360000,38.830943
551,21.444693,20.726544,18.726544,22.726544,informed,none,0.000000,-6,166.698075,38.029915,0.360000,37.669915
552,21.212702,20.754951,18.754951,22.754951,price_sensitive_uninformed,none,0.000000,-6,166.698075,39.421861,0.360000,39.061861
553,21.997016,22.499706,20.499706,24.499706,price_sensitive_uninformed,none,0.000000,-6,166.698075,34.715978,0.360000,34.355978
554,22.789193,21.010922,19.010922,23.010922,price_sensitive_uninformed,none,0.000000,-6,166.698075,29.962918,0.360000,29.602918
555,22.804948,22.087042,20.087042,24.087042,price_sensitive_uninformed,none,0.000000,-6,166.698075,29.868387,0.360000,29.508387
556,23.891218,23.656873,21.656873,25.656873,informed,none,0.000000,-6,166.698075,23.350767,0.360000,22.990767
557,24.094780,24.078628,22.078628,26.078628,price_sensitive_uninformed,none,0.000000,-6,166.698075,22.129397,0.360000,21.769397
558,24.521926,24.721847,22.721847,26.721847,informed,none,0.000000,-6,166.698075,19.566517,0.360000,19.206517
559,22.916448,22.843902,20.843902,24.843902,price_sensitive_uninformed,none,0.000000,-6,166.698075,29.199387,0.360000,28.839387
560,20.052764,20.401392,18.401392,22.401392,informed,none,0.000000,-6,166.698075,46.381490,0.360000,46.021490
561,21.092236,21.431631,19.431631,23.431631,informed,none,0.000000,-6,166.698075,40.144662,0.360000,39.784662
562,19.074357,19.856017,17.856017,21.856017,informed,none,0.000000,-6,166.698075,52.251936,0.360000,51.891936
563,19.067622,19.573558,17.573558,21.573558,price_sensitive_uninformed,buy_from_mm,21.573558,-7,188.271633,54.798276,0.490000,54.308276
564,19.444522,20.259791,18.259791,22.259791,price_sensitive_uninformed,buy_from_mm,22.259791,-8,210.531424,54.975246,0.640000,54.335246
565,19.641530,19.438585,17.438585,21.438585,informed,none,0.000000,-8,210.531424,53.399183,0.640000,52.759183
566,19.616538,18.308452,16.308452,20.308452,price_sensitive_uninformed,none,0.000000,-8,210.531424,53.599118,0.640000,52.959118
567,19.619496,17.709826,15.709826,19.709826,informed,none,0.000000,-8,210.531424,53.575458,0.640000,52.935458
568,18.635758,18.331131,16.331131,20.331131,informed,none,0.000000,-8,210.531424,61.445362,0.640000,60.805362
569,20.517481,19.216809,17.216809,21.216809,informed,none,0.000000,-8,210.531424,46.391580,0.640000,45.751580
570,22.688708,22.320773,20.320773,24.320773,price_sensitive_uninformed,none,0.000000,-8,210.531424,29.021764,0.640000,28.381764
571,22.911904,22.651123,20.651123,24.651123,informed,none,0.000000,-8,210.531424,27.236195,0.640000,26.596195
572,21.627795,20.554692,18.554692,22.554692,informed,none,0.000000,-8,210.531424,37.509064,0.640000,36.869064
573,21.192332,22.918656,20.918656,24.918656,informed,none,0.000000,-8,210.531424,40.992770,0.640000,40.352770
574,22.238148,22.361970,20.361970,24.361970,informed,none,0.000000,-8,210.531424,32.626239,0.640000,31.986239
575,23.363355,22.440870,20.440870,24.440870,price_sensitive_uninformed,none,0.000000,-8,210.531424,23.624586,0.640000,22.984586
576,22.921405,24.253696,22.253696,26.253696,informed,none,0.000000,-8,210.531424,27.160185,0.640000,26.520185
577,23.645142,24.249049,22.249049,26.249049,informed,none,0.000000,-8,210.531424,21.370292,0.640000,20.730292
578,24.015539,25.244180,23.244180,27.244180,informed,none,0.000000,-8,210.531424,18.407110,0.640000,17.767110
579,23.104304,21.366290,19.366290,23.366290,price_sensitive_uninformed,none,0.000000,-8,210.531424,25.696995,0.640000,25.056995
580,23.849499,24.075016,22.075016,26.075016,price_sensitive_uninformed,none,0.000000,-8,210.531424,19.735429,0.640000,19.095429
581,23.657104,22.771076,20.771076,24.771076,price_sensitive_uninformed,none,0.000000,-8,210.531424,21.274589,0.640000,20.634589
582,24.574050,26.102071,24.102071,28.102071,informed,none,0.000000,-8,210.531424,13.939021,0.640000,13.299021
583,24.813046,24.086823,22.086823,26.086823,price_sensitive_uninformed,none,0.000000,-8,210.531424,12.027057,0.640000,11.387057
584,24.423976,26.741677,24.741677,28.741677,price_sensitive_uninformed,none,0.000000,-8,210.531424,15.139614,0.640000,14.499614
585,22.891122,23.557736,21.557736,25.557736,informed,none,0.000000,-8,210.531424,27.402450,0.640000,26.762450
586,24.357244,24.972013,22.972013,26.972013,informed,none,0.000000,-8,210.531424,15.673473,0.640000,15.033473
587,22.711055,21.880068,19.880068,23.880068,price_sensitive_uninformed,none,0.000000,-8,210.531424,28.842987,0.640000,28.202987
588,22.216752,22.193226,20.193226,24.193226,price_sensitive_uninformed,none,0.000000,-8,210.531424,32.797407,0.640000,32.157407
589,22.012243,21.389983,19.389983,23.389983,price_sensitive_uninformed,none,0.000000,-8,210.531424,34.433482,0.640000,33.793482
590,22.724698,23.292423,21.292423,25.292423,price_sensitive_uninformed,none,0.000000,-8,210.531424,28.733837,0.640000,28.093837
591,21.142305,21.149587,19.149587,23.149587,price_sensitive_uninformed,none,0.000000,-8,210.531424,41.392986,0.640000,40.752986
592,20.024623,20.102043,18.102043,22.102043,price_sensitive_uninformed,none,0.000000,-8,210.531424,50.334440,0.640000,49.694440
593,21.829533,19.334812,17.334812,21.334812,informed,buy_from_mm,21.334812,-9,231.866236,35.400443,0.810000,34.590443
594,22.239996,22.232067,20.232067,24.232067,informed,none,0.000000,-9,231.866236,31.706276,0.810000,30.896276
595,22.178699,22.249174,20.249174,24.249174,informed,none,0.000000,-9,231.866236,32.257945,0.810000,31.447945
596,22.366067,22.385927,20.385927,24.385927,price_sensitive_uninformed,none,0.000000,-9,231.866236,30.571635,0.810000,29.761635
597,21.389223,21.636176,19.636176,23.636176,informed,none,0.000000,-9,231.866236,39.363227,0.810000,38.553227
598,23.119740,23.887707,21.887707,25.887707,price_sensitive_uninformed,none,0.000000,-9,231.866236,23.788575,0.810000,22.978575
599,23.653857,24.401709,22.401709,26.401709,price_sensitive_uninformed,none,0.000000,-9,231.866236,18.981521,0.810000,18.171521
600,23.707146,23.513641,21.513641,25.513641,price_sensitive_uninformed,none,0.000000,-9,231.866236,18.501919,0.810000,17.691919
601,24.088114,23.350775,21.350775,25.350775,price_sensitive_uninformed,none,0.000000,-9,231.866236,15.073206,0.810000,14.263206
602,25.265885,26.793357,24.793357,28.793357,informed,none,0.000000,-9,231.866236,4.473267,0.810000,3.663267
603,24.935452,24.981132,22.981132,26.981132,informed,none,0.000000,-9,231.866236,7.447171,0.810000,6.637171
604,24.304389,21.811333,19.811333,23.811333,price_sensitive_uninformed,none,0.000000,-9,231.866236,13.126736,0.810000,12.316736
605,24.714940,24.307784,22.307784,26.307784,price_sensitive_uninformed,sell_to_mm,22.307784,-8,209.558452,11.838933,0.640000,11.198933
606,24.356467,25.383076,23.383076,27.383076,price_sensitive_uninformed,sell_to_mm,23.383076,-7,186.175376,15.680106,0.490000,15.190106
607,24.114452,23.257746,21.257746,25.257746,price_sensitive_uninformed,none,0.000000,-7,186.175376,17.374215,0.490000,16.884215
608,22.643294,21.841765,19.841765,23.841765,informed,none,0.000000,-7,186.175376,27.672318,0.490000,27.182318
609,22.942952,22.659109,20.659109,24.659109,price_sensitive_uninformed,buy_from_mm,24.659109,-8,210.834485,27.290870,0.640000,26.650870
610,21.509457,20.364856,18.364856,22.364856,informed,none,0.000000,-8,210.834485,38.758830,0.640000,38.118830
611,22.131025,21.525972,19.525972,23.525972,price_sensitive_uninformed,none,0.000000,-8,210.834485,33.786289,0.640000,33.146289
612,21.584028,20.829671,18.829671,22.829671,price_sensitive_uninformed,none,0.000000,-8,210.834485,38.162258,0.640000,37.522258
613,21.734244,20.196606,18.196606,22.196606,price_sensitive_uninformed,buy_from_mm,22.196606,-9,233.031091,37.422899,0.810000,36.612899
614,22.667806,22.270892,20.270892,24.270892,informed,none,0.000000,-9,233.031091,29.020841,0.810000,28.210841
615,20.900558,20.573255,18.573255,22.573255,price_sensitive_uninformed,none,0.000000,-9,233.031091,44.926065,0.810000,44.116065
616,18.499261,21.522933,19.522933,23.522933,price_sensitive_uninformed,none,0.000000,-9,233.031091,66.537746,0.810000,65.727746
617,18.877704,17.943376,15.943376,19.943376,price_sensitive_uninformed,none,0.000000,-9,233.031091,63.131757,0.810000,62.321757
618,20.884524,20.671295,18.671295,22.671295,informed,none,0.000000,-9,233.031091,45.070376,0.810000,44.260376
619,20.664500,21.590639,19.590639,23.590639,price_sensitive_uninformed,none,0.000000,-9,233.031091,47.050592,0.810000,46.240592
620,21.537215,20.118172,18.118172,22.118172,price_sensitive_uninformed,none,0.000000,-9,233.031091,39.196157,0.810000,38.386157
621,23.218129,23.921070,21.921070,25.921070,informed,none,0.000000,-9,233.031091,24.067931,0.810000,23.257931
622,23.764647,23.325911,21.325911,25.325911,price_sensitive_uninformed,none,0.000000,-9,233.031091,19.149265,0.810000,18.339265
623,24.091342,23.955186,21.955186,25.955186,informed,none,0.000000,-9,233.031091,16.209015,0.810000,15.399015
624,23.806258,22.831754,20.831754,24.831754,price_sensitive_uninformed,none,0.000000,-9,233.031091,18.774769,0.810000,17.964769
625,23.649087,22.258364,20.258364,24.258364,informed,none,0.000000,-9,233.031091,20.189311,0.810000,19.379311
626,24.189745,24.716912,22.716912,26.716912,price_sensitive_uninformed,none,0.000000,-9,233.031091,15.323382,0.810000,14.513382
627,23.271571,21.287930,19.287930,23.287930,price_sensitive_uninformed,none,0.000000,-9,233.031091,23.586951,0.810000,22.776951
628,23.824519,23.458847,21.458847,25.458847,price_sensitive_uninformed,none,0.000000,-9,233.031091,18.610419,0.810000,17.800419
629,22.324371,23.202272,21.202272,25.202272,price_sensitive_uninformed,none,0.000000,-9,233.031091,32.111755,0.810000,31.301755
630,22.640644,21.610614,19.610614,23.610614,price_sensitive_uninformed,none,0.000000,-9,233.031091,29.265291,0.810000,28.455291
631,22.910900,23.530337,21.530337,25.530337,informed,none,0.000000,-9,233.031091,26.832988,0.810000,26.022988
632,23.022903,23.684071,21.684071,25.684071,informed,none,0.000000,-9,233.031091,25.824968,0.810000,25.014968
633,22.232550,21.533339,19.533339,23.533339,price_sensitive_uninformed,none,0.000000,-9,233.031091,32.938144,0.810000,32.128144
634,22.816098,22.394198,20.394198,24.394198,informed,none,0.000000,-9,233.031091,27.686206,0.810000,26.876206
635,24.278358,24.750896,22.750896,26.750896,price_sensitive_uninformed,none,0.000000,-9,233.031091,14.525867,0.810000,13.715867
636,25.383833,25.778000,23.778000,27.778000,informed,none,0.000000,-9,233.031091,4.576595,0.810000,3.766595
637,25.379987,25.639064,23.639064,27.639064,price_sensitive_uninformed,none,0.000000,-9,233.031091,4.611209,0.810000,3.801209
638,24.496024,23.364916,21.364916,25.364916,informed,none,0.000000,-9,233.031091,12.566879,0.810000,11.756879
639,25.538788,27.657678,25.657678,29.657678,price_sensitive_uninformed,none,0.000000,-9,233.031091,3.182001,0.810000,2.372001
640,25.482530,27.004617,25.004617,29.004617,price_sensitive_uninformed,none,0.000000,-9,233.031091,3.688318,0.810000,2.878318
641,26.767672,26.586578,24.586578,28.586578,price_sensitive_uninformed,none,0.000000,-9,233.031091,-7.877961,0.810000,-8.687961
642,24.728870,25.341037,23.341037,27.341037,informed,none,0.000000,-9,233.031091,10.471259,0.810000,9.661259
643,24.534721,24.774719,22.774719,26.774719,price_sensitive_uninformed,none,0.000000,-9,233.031091,12.218602,0.810000,11.408602
644,24.455424,25.373861,23.373861,27.373861,informed,none,0.000000,-9,233.031091,12.932273,0.810000,12.122273
645,25.927384,24.640699,22.640699,26.640699,price_sensitive_uninformed,none,0.000000,-9,233.031091,-0.315361,0.810000,-1.125361
646,25.489141,26.625271,24.625271,28.625271,price_sensitive_uninformed,none,0.000000,-9,233.031091,3.628820,0.810000,2.818820
647,25.380592,26.325302,24.325302,28.325302,price_sensitive_uninformed,none,0.000000,-9,233.031091,4.605762,0.810000,3.795762
648,26.422072,25.355679,23.355679,27.355679,price_sensitive_uninformed,none,0.000000,-9,233.031091,-4.767555,0.810000,-5.577555
649,26.044257,25.269695,23.269695,27.269695,price_sensitive_uninformed,none,0.000000,-9,233.031091,-1.367222,0.810000,-2.177222
650,26.950705,27.124251,25.124251,29.124251,informed,none,0.000000,-9,233.031091,-9.525254,0.810000,-10.335254
651,24.758242,23.750745,21.750745,25.750745,informed,none,0.000000,-9,233.031091,10.206914,0.810000,9.396914
652,25.323678,26.209314,24.209314,28.209314,informed,none,0.000000,-9,233.031091,5.117989,0.810000,4.307989
653,26.429760,27.532790,25.532790,29.532790,price_sensitive_uninformed,none,0.000000,-9,233.031091,-4.836749,0.810000,-5.646749
654,25.557750,24.869476,22.869476,26.869476,price_sensitive_uninformed,none,0.000000,-9,233.031091,3.011341,0.810000,2.201341
655,27.520790,26.918689,24.918689,28.918689,informed,none,0.000000,-9,233.031091,-14.656023,0.810000,-15.466023
656,28.629746,27.844635,25.844635,29.844635,price_sensitive_uninformed,none,0.000000,-9,233.031091,-24.636619,0.810000,-25.446619
657,27.908145,27.858453,25.858453,29.858453,informed,none,0.000000,-9,233.031091,-18.142218,0.810000,-18.952218
658,26.335256,24.332101,22.332101,26.332101,price_sensitive_uninformed,none,0.000000,-9,233.031091,-3.986216,0.810000,-4.796216
659,24.733094,24.933421,22.933421,26.933421,price_sensitive_uninformed,none,0.000000,-9,233.031091,10.433243,0.810000,9.623243
660,25.189423,26.091820,24.091820,28.091820,price_sensitive_uninformed,sell_to_mm,24.091820,-8,208.939271,7.423887,0.640000,6.783887
661,24.547920,23.802485,21.802485,25.802485,price_sensitive_uninformed,none,0.000000,-8,208.939271,12.555908,0.640000,11.915908
662,24.479113,24.134170,22.134170,26.134170,price_sensitive_uninformed,none,0.000000,-8,208.939271,13.106365,0.640000,12.466365
663,24.346823,24.062947,22.062947,26.062947,informed,none,0.000000,-8,208.939271,14.164687,0.640000,13.524687
664,24.181774,23.862590,21.862590,25.862590,price_sensitive_uninformed,sell_to_mm,21.862590,-7,187.076680,17.804263,0.490000,17.314263
665,24.760370,22.578564,20.578564,24.578564,informed,buy_from_mm,24.578564,-8,211.655244,13.572284,0.640000,12.932284
666,23.258271,23.277581,21.277581,25.277581,price_sensitive_uninformed,none,0.000000,-8,211.655244,25.589076,0.640000,24.949076
667,21.538350,22.908174,20.908174,24.908174,price_sensitive_uninformed,none,0.000000,-8,211.655244,39.348440,0.640000,38.708440
668,21.767205,21.811652,19.811652,23.811652,informed,none,0.000000,-8,211.655244,37.517600,0.640000,36.877600
669,22.220538,21.988567,19.988567,23.988567,price_sensitive_uninformed,none,0.000000,-8,211.655244,33.890943,0.640000,33.250943
670,21.367724,21.198285,19.198285,23.198285,price_sensitive_uninformed,none,0.000000,-8,211.655244,40.713456,0.640000,40.073456
671,21.032244,20.841400,18.841400,22.841400,price_sensitive_uninformed,none,0.000000,-8,211.655244,43.397289,0.640000,42.757289
672,18.991139,18.877529,16.877529,20.877529,price_sensitive_uninformed,none,0.000000,-8,211.655244,59.726131,0.640000,59.086131
673,17.251919,17.339724,15.339724,19.339724,price_sensitive_uninformed,none,0.000000,-8,211.655244,73.639889,0.640000,72.999889
674,17.591045,16.960248,14.960248,18.960248,price_sensitive_uninformed,buy_from_mm,18.960248,-9,230.615492,72.296086,0.810000,71.486086
675,18.800887,18.103518,16.103518,20.103518,price_sensitive_uninformed,none,0.000000,-9,230.615492,61.407508,0.810000,60.597508
676,20.398178,18.653077,16.653077,20.653077,informed,none,0.000000,-9,230.615492,47.031886,0.810000,46.221886
677,21.021241,22.495363,20.495363,24.495363,informed,none,0.000000,-9,230.615492,41.424322,0.810000,40.614322
678,21.897735,20.052128,18.052128,22.052128,informed,none,0.000000,-9,230.615492,33.535873,0.810000,32.725873
679,22.074235,21.532545,19.532545,23.532545,informed,none,0.000000,-9,230.615492,31.947382,0.810000,31.137382
680,22.864431,21.871246,19.871246,23.871246,informed,none,0.000000,-9,230.615492,24.835611,0.810000,24.025611
681,20.626091,21.408119,19.408119,23.408119,informed,none,0.000000,-9,230.615492,44.980670,0.810000,44.170670
682,20.743355,21.117744,19.117744,23.117744,price_sensitive_uninformed,none,0.000000,-9,230.615492,43.925299,0.810000,43.115299
683,22.062726,23.757714,21.757714,25.757714,informed,none,0.000000,-9,230.615492,32.050959,0.810000,31.240959
684,21.898936,21.747923,19.747923,23.747923,informed,none,0.000000,-9,230.615492,33.525073,0.810000,32.715073
685,21.523971,21.275638,19.275638,23.275638,informed,none,0.000000,-9,230.615492,36.899754,0.810000,36.089754
686,22.014003,20.081078,18.081078,22.081078,price_sensitive_uninformed,none,0.000000,-9,230.615492,32.489467,0.810000,31.679467
687,20.991939,22.777245,20.777245,24.777245,informed,none,0.000000,-9,230.615492,41.688044,0.810000,40.878044
688,21.852368,21.663218,19.663218,23.663218,price_sensitive_uninformed,buy_from_mm,23.663218,-10,254.278710,35.755028,1.000000,34.755028
689,22.478677,23.558455,21.558455,25.558455,price_sensitive_uninformed,none,0.000000,-10,254.278710,29.491945,1.000000,28.491945
690,22.542553,21.741191,19.741191,23.741191,price_sensitive_uninformed,none,0.000000,-10,254.278710,28.853181,1.000000,27.853181
691,23.294748,24.051651,22.051651,26.051651,informed,none,0.000000,-10,254.278710,21.331229,1.000000,20.331229
692,22.739389,22.469529,20.469529,24.469529,price_sensitive_uninformed,none,0.000000,-10,254.278710,26.884819,1.000000,25.884819
693,22.241414,21.363443,19.363443,23.363443,price_sensitive_uninformed,none,0.000000,-10,254.278710,31.864571,1.000000,30.864571
694,21.907449,20.094912,18.094912,22.094912,price_sensitive_uninformed,none,0.000000,-10,254.278710,35.204224,1.000000,34.204224
695,22.193768,22.628658,20.628658,24.628658,price_sensitive_uninformed,none,0.000000,-10,254.278710,32.341027,1.000000,31.341027
696,22.465488,22.232275,20.232275,24.232275,price_sensitive_uninformed,none,0.000000,-10,254.278710,29.623831,1.000000,28.623831
697,21.373019,21.684357,19.684357,23.684357,price_sensitive_uninformed,none,0.000000,-10,254.278710,40.548523,1.000000,39.548523
698,22.250351,22.438145,20.438145,24.438145,price_sensitive_uninformed,none,0.000000,-10,254.278710,31.775199,1.000000,30.775199
699,22.419066,23.238011,21.238011,25.238011,price_sensitive_uninformed,none,0.000000,-10,254.278710,30.088053,1.000000,29.088053
700,21.746622,23.418456,21.418456,25.418456,informed,none,0.000000,-10,254.278710,36.812491,1.000000,35.812491
701,20.008474,19.010258,17.010258,21.010258,price_sensitive_uninformed,none,0.000000,-10,254.278710,54.193966,1.000000,53.193966
702,20.699337,20.822224,18.822224,22.822224,informed,none,0.000000,-10,254.278710,47.285339,1.000000,46.285339
703,21.480961,20.868545,18.868545,22.868545,price_sensitive_uninformed,none,0.000000,-10,254.278710,39.469097,1.000000,38.469097
704,20.039332,21.539843,19.539843,23.539843,informed,none,0.000000,-10,254.278710,53.885393,1.000000,52.885393
705,18.409755,18.462378,16.462378,20.462378,price_sensitive_uninformed,none,0.000000,-10,254.278710,70.181157,1.000000,69.181157
706,17.756828,17.410687,15.410687,19.410687,informed,none,0.000000,-10,254.278710,76.710428,1.000000,75.710428
707,17.475485,16.854641,14.854641,18.854641,price_sensitive_uninformed,none,0.000000,-10,254.278710,79.523861,1.000000,78.523861
708,19.883751,20.408728,18.408728,22.408728,informed,none,0.000000,-10,254.278710,55.441203,1.000000,54.441203
709,19.862792,19.550392,17.550392,21.550392,price_sensitive_uninformed,none,0.000000,-10,254.278710,55.650795,1.000000,54.650795
710,19.187373,19.984147,17.984147,21.984147,price_sensitive_uninformed,none,0.000000,-10,254.278710,62.404976,1.000000,61.404976
711,20.543175,20.455527,18.455527,22.455527,informed,none,0.000000,-10,254.278710,48.846960,1.000000,47.846960
712,19.913664,19.950665,17.950665,21.950665,informed,none,0.000000,-10,254.278710,55.142071,1.000000,54.142071
713,19.215018,18.519200,16.519200,20.519200,price_sensitive_uninformed,none,0.000000,-10,254.278710,62.128534,1.000000,61.128534
714,17.393451,17.650599,15.650599,19.650599,price_sensitive_uninformed,none,0.000000,-10,254.278710,80.344201,1.000000,79.344201
715,17.636833,17.985848,15.985848,19.985848,price_sensitive_uninformed,none,0.000000,-10,254.278710,77.910378,1.000000,76.910378
716,17.726711,16.048389,14.048389,18.048389,informed,none,0.000000,-10,254.278710,77.011602,1.000000,76.011602
717,19.357754,20.376134,18.376134,22.376134,price_sensitive_uninformed,none,0.000000,-10,254.278710,60.701173,1.000000,59.701173
718,18.701544,18.338526,16.338526,20.338526,price_sensitive_uninformed,none,0.000000,-10,254.278710,67.263274,1.000000,66.263274
719,18.339266,16.805813,14.805813,18.805813,informed,none,0.000000,-10,254.278710,70.886046,1.000000,69.886046
720,17.737958,18.337992,16.337992,20.337992,informed,none,0.000000,-10,254.278710,76.899132,1.000000,75.899132
721,18.567063,19.703184,17.703184,21.703184,price_sensitive_uninformed,none,0.000000,-10,254.278710,68.608078,1.000000,67.608078
722,17.642781,18.451788,16.451788,20.451788,informed,none,0.000000,-10,254.278710,77.850896,1.000000,76.850896
723,17.726963,17.295570,15.295570,19.295570,price_sensitive_uninformed,sell_to_mm,15.295570,-9,238.983140,79.440473,0.810000,78.630473
724,16.072077,15.600485,13.600485,17.600485,price_sensitive_uninformed,none,0.000000,-9,238.983140,94.334451,0.810000,93.524451
725,14.907231,15.480154,13.480154,17.480154,price_sensitive_uninformed,none,0.000000,-9,238.983140,104.818063,0.810000,104.008063
726,15.868344,15.368198,13.368198,17.368198,price_sensitive_uninformed,none,0.000000,-9,238.983140,96.168041,0.810000,95.358041
727,16.221468,16.152568,14.152568,18.152568,informed,none,0.000000,-9,238.983140,92.989933,0.810000,92.179933
728,14.660354,15.804607,13.804607,17.804607,informed,none,0.000000,-9,238.983140,107.039956,0.810000,106.229956
729,14.892925,14.844368,12.844368,16.844368,price_sensitive_uninformed,none,0.000000,-9,238.983140,104.946814,0.810000,104.136814
730,14.643105,14.653095,12.653095,16.653095,price_sensitive_uninformed,none,0.000000,-9,238.983140,107.195195,0.810000,106.385195
731,14.589786,15.147398,13.147398,17.147398,price_sensitive_uninformed,none,0.000000,-9,238.983140,107.675065,0.810000,106.865065
732,15.594810,16.332901,14.332901,18.332901,price_sensitive_uninformed,none,0.000000,-9,238.983140,98.629848,0.810000,97.819848
733,14.885934,13.191620,11.191620,15.191620,price_sensitive_uninformed,none,0.000000,-9,238.983140,105.009735,0.810000,104.199735
734,14.562806,14.882919,12.882919,16.882919,price_sensitive_uninformed,none,0.000000,-9,238.983140,107.917888,0.810000,107.107888
735,16.856575,15.967576,13.967576,17.967576,price_sensitive_uninformed,none,0.000000,-9,238.983140,87.273970,0.810000,86.463970
736,15.573509,17.518100,15.518100,19.518100,price_sensitive_uninformed,none,0.000000,-9,238.983140,98.821560,0.810000,98.011560
737,16.503733,18.041878,16.041878,20.041878,price_sensitive_uninformed,buy_from_mm,20.041878,-10,259.025018,93.987692,1.000000,92.987692
738,15.807120,16.392556,14.392556,18.392556,price_sensitive_uninformed,sell_to_mm,14.392556,-9,244.632462,102.368380,0.810000,101.558380
739,16.942662,16.548563,14.548563,18.548563,price_sensitive_uninformed,buy_from_mm,18.548563,-10,263.181025,93.754401,1.000000,92.754401
740,18.022718,19.095393,17.095393,21.095393,price_sensitive_uninformed,none,0.000000,-10,263.181025,82.953846,1.000000,81.953846
741,17.576580,19.125895,17.125895,21.125895,price_sensitive_uninformed,none,0.000000,-10,263.181025,87.415222,1.000000,86.415222
742,18.543754,18.106329,16.106329,20.106329,informed,none,0.000000,-10,263.181025,77.743483,1.000000,76.743483
743,19.305618,20.378946,18.378946,22.378946,informed,none,0.000000,-10,263.181025,70.124850,1.000000,69.124850
744,19.158296,20.045363,18.045363,22.045363,price_sensitive_uninformed,none,0.000000,-10,263.181025,71.598063,1.000000,70.598063
745,19.137298,18.525304,16.525304,20.525304,informed,none,0.000000,-10,263.181025,71.808042,1.000000,70.808042
746,19.725197,20.428911,18.428911,22.428911,informed,none,0.000000,-10,263.181025,65.929053,1.000000,64.929053
747,19.114861,19.356544,17.356544,21.356544,informed,none,0.000000,-10,263.181025,72.032417,1.000000,71.032417
748,18.981938,19.715003,17.715003,21.715003,price_sensitive_uninformed,none,0.000000,-10,263.181025,73.361641,1.000000,72.361641
749,18.092493,18.986609,16.986609,20.986609,price_sensitive_uninformed,none,0.000000,-10,263.181025,82.256098,1.000000,81.256098
750,16.727048,18.163312,16.163312,20.163312,price_sensitive_uninformed,none,0.000000,-10,263.181025,95.910546,1.000000,94.910546
751,17.598406,17.920291,15.920291,19.920291,price_sensitive_uninformed,none,0.000000,-10,263.181025,87.196969,1.000000,86.196969
752,18.357671,18.060103,16.060103,20.060103,price_sensitive_uninformed,buy_from_mm,20.060103,-11,283.241128,81.306741,1.210000,80.096741
753,17.723168,17.160323,15.160323,19.160323,price_sensitive_uninformed,none,0.000000,-11,283.241128,88.286281,1.210000,87.076281
754,18.297356,18.184236,16.184236,20.184236,price_sensitive_uninformed,none,0.000000,-11,283.241128,81.970215,1.210000,80.760215
755,18.844335,17.242519,15.242519,19.242519,informed,none,0.000000,-11,283.241128,75.953447,1.210000,74.743447
756,18.467332,17.592103,15.592103,19.592103,price_sensitive_uninformed,none,0.000000,-11,283.241128,80.100470,1.210000,78.890470
757,19.713146,19.121790,17.121790,21.121790,price_sensitive_uninformed,none,0.000000,-11,283.241128,66.396518,1.210000,65.186518
758,19.279797,18.858639,16.858639,20.858639,informed,none,0.000000,-11,283.241128,71.163365,1.210000,69.953365
759,18.125884,18.747120,16.747120,20.747120,informed,none,0.000000,-11,283.241128,83.856400,1.210000,82.646400
760,17.807066,16.842417,14.842417,18.842417,informed,none,0.000000,-11,283.241128,87.363398,1.210000,86.153398
761,18.441356,17.611574,15.611574,19.611574,price_sensitive_uninformed,none,0.000000,-11,283.241128,80.386217,1.210000,79.176217
762,18.026172,16.962708,14.962708,18.962708,price_sensitive_uninformed,none,0.000000,-11,283.241128,84.953232,1.210000,83.743232
763,16.773676,17.433771,15.433771,19.433771,price_sensitive_uninformed,none,0.000000,-11,283.241128,98.730690,1.210000,97.520690
764,16.716361,16.422008,14.422008,18.422008,informed,none,0.000000,-11,283.241128,99.361157,1.210000,98.151157
765,17.715521,17.180079,15.180079,19.180079,price_sensitive_uninformed,none,0.000000,-11,283.241128,88.370396,1.210000,87.160396
766,18.048351,17.836868,15.836868,19.836868,price_sensitive_uninformed,none,0.000000,-11,283.241128,84.709264,1.210000,83.499264
767,17.288045,18.189031,16.189031,20.189031,price_sensitive_uninformed,none,0.000000,-11,283.241128,93.072632,1.210000,91.862632
768,17.165631,17.224695,15.224695,19.224695,informed,none,0.000000,-11,283.241128,94.419186,1.210000,93.209186
769,17.059699,18.435509,16.435509,20.435509,price_sensitive_uninformed,none,0.000000,-11,283.241128,95.584436,1.210000,94.374436
770,17.780819,16.983491,14.983491,18.983491,price_sensitive_uninformed,none,0.000000,-11,283.241128,87.652117,1.210000,86.442117
771,16.089234,16.715210,14.715210,18.715210,price_sensitive_uninformed,none,0.000000,-11,283.241128,106.259556,1.210000,105.049556
772,14.747775,15.484738,13.484738,17.484738,informed,none,0.000000,-11,283.241128,121.015603,1.210000,119.805603
773,15.590887,15.376797,13.376797,17.376797,price_sensitive_uninformed,none,0.000000,-11,283.241128,111.741375,1.210000,110.531375
774,16.011744,15.425608,13.425608,17.425608,price_sensitive_uninformed,none,0.000000,-11,283.241128,107.111943,1.210000,105.901943
775,15.248571,14.649991,12.649991,16.649991,price_sensitive_uninformed,none,0.000000,-11,283.241128,115.506843,1.210000,114.296843
776,15.605063,16.006574,14.006574,18.006574,informed,none,0.000000,-11,283.241128,111.585432,1.210000,110.375432
777,16.644589,16.427186,14.427186,18.427186,informed,none,0.000000,-11,283.241128,100.150646,1.210000,98.940646
778,17.821263,17.949626,15.949626,19.949626,informed,none,0.000000,-11,283.241128,87.207232,1.210000,85.997232
779,19.032743,19.687358,17.687358,21.687358,price_sensitive_uninformed,none,0.000000,-11,283.241128,73.880951,1.210000,72.670951
780,18.862726,17.328275,15.328275,19.328275,informed,none,0.000000,-11,283.241128,75.751142,1.210000,74.541142
781,18.399876,18.816342,16.816342,20.816342,informed,none,0.000000,-11,283.241128,80.842491,1.210000,79.632491
782,18.544476,17.917866,15.917866,19.917866,informed,none,0.000000,-11,283.241128,79.251895,1.210000,78.041895
783,20.171129,21.441004,19.441004,23.441004,price_sensitive_uninformed,none,0.000000,-11,283.241128,61.358706,1.210000,60.148706
784,19.107992,19.729349,17.729349,21.729349,price_sensitive_uninformed,none,0.000000,-11,283.241128,73.053221,1.210000,71.843221
785,18.994260,18.173329,16.173329,20.173329,price_sensitive_uninformed,none,0.000000,-11,283.241128,74.304266,1.210000,73.094266
786,18.751381,18.489361,16.489361,20.489361,price_sensitive_uninformed,none,0.000000,-11,283.241128,76.975939,1.210000,75.765939
787,19.471596,18.533916,16.533916,20.533916,informed,none,0.000000,-11,283.241128,69.053573,1.210000,67.843573
788,18.107180,17.459178,15.459178,19.459178,price_sensitive_uninformed,none,0.000000,-11,283.241128,84.062148,1.210000,82.852148
789,17.334560,17.076085,15.076085,19.076085,price_sensitive_uninformed,none,0.000000,-11,283.241128,92.560973,1.210000,91.350973
790,16.092718,17.847831,15.847831,19.847831,informed,none,0.000000,-11,283.241128,106.221224,1.210000,105.011224
791,15.520019,15.820386,13.820386,17.820386,informed,none,0.000000,-11,283.241128,112.520914,1.210000,111.310914
792,14.776840,13.258991,11.258991,15.258991,price_sensitive_uninformed,buy_from_mm,15.258991,-12,298.500118,121.178037,1.440000,119.738037
793,12.948405,12.061776,10.061776,14.061776,informed,none,0.000000,-12,298.500118,143.119260,1.440000,141.679260
794,12.164038,12.128805,10.128805,14.128805,price_sensitive_uninformed,none,0.000000,-12,298.500118,152.531667,1.440000,151.091667
795,12.570583,12.927209,10.927209,14.927209,price_sensitive_uninformed,none,0.000000,-12,298.500118,147.653126,1.440000,146.213126
796,12.929912,14.025653,12.025653,16.025653,price_sensitive_uninformed,none,0.000000,-12,298.500118,143.341176,1.440000,141.901176
797,13.082115,13.334444,11.334444,15.334444,informed,none,0.000000,-12,298.500118,141.514738,1.440000,140.074738
798,12.619705,12.950025,10.950025,14.950025,informed,none,0.000000,-12,298.500118,147.063662,1.440000,145.623662
799,11.288577,13.095353,11.095353,15.095353,informed,none,0.000000,-12,298.500118,163.037194,1.440000,161.597194
800,12.473819,13.576718,11.576718,15.576718,price_sensitive_uninformed,none,0.000000,-12,298.500118,148.814287,1.440000,147.374287
801,13.546995,12.362292,10.362292,14.362292,price_sensitive_uninformed,none,0.000000,-12,298.500118,135.936177,1.440000,134.496177
802,13.164837,13.785199,11.785199,15.785199,informed,none,0.000000,-12,298.500118,140.522078,1.440000,139.082078
803,13.242507,11.305609,9.305609,13.305609,informed,none,0.000000,-12,298.500118,139.590031,1.440000,138.150031
804,12.161283,11.974550,9.974550,13.974550,price_sensitive_uninformed,none,0.000000,-12,298.500118,152.564725,1.440000,151.124725
805,12.716439,12.613128,10.613128,14.613128,price_sensitive_uninformed,none,0.000000,-12,298.500118,145.902851,1.440000,144.462851
806,10.302968,11.555636,9.555636,13.555636,price_sensitive_uninformed,none,0.000000,-12,298.500118,174.864508,1.440000,173.424508
807,9.492746,9.016050,7.016050,11.016050,informed,none,0.000000,-12,298.500118,184.587170,1.440000,183.147170
808,11.176084,11.612879,9.612879,13.612879,informed,none,0.000000,-12,298.500118,164.387108,1.440000,162.947108
809,11.723934,13.223049,11.223049,15.223049,price_sensitive_uninformed,none,0.000000,-12,298.500118,157.812907,1.440000,156.372907
810,10.613423,10.612664,8.612664,12.612664,price_sensitive_uninformed,none,0.000000,-12,298.500118,171.139039,1.440000,169.699039
811,10.632728,10.299465,8.299465,12.299465,informed,none,0.000000,-12,298.500118,170.907380,1.440000,169.467380
812,9.924649,9.113435,7.113435,11.113435,price_sensitive_uninformed,none,0.000000,-12,298.500118,179.404328,1.440000,177.964328
813,9.198631,10.542923,8.542923,12.542923,price_sensitive_uninformed,none,0.000000,-12,298.500118,188.116549,1.440000,186.676549
814,7.652484,9.369016,7.369016,11.369016,informed,none,0.000000,-12,298.500118,206.670307,1.440000,205.230307
815,7.436238,9.613483,7.613483,11.613483,price_sensitive_uninformed,none,0.000000,-12,298.500118,209.265258,1.440000,207.825258
816,7.501450,6.763823,4.763823,8.763823,price_sensitive_uninformed,none,0.000000,-12,298.500118,208.482716,1.440000,207.042716
817,7.715998,8.467663,6.467663,10.467663,informed,none,0.000000,-12,298.500118,205.908147,1.440000,204.468147
818,5.539123,5.286939,3.286939,7.286939,price_sensitive_uninformed,none,0.000000,-12,298.500118,232.030643,1.440000,230.590643
819,4.779645,3.653917,1.653917,5.653917,price_sensitive_uninformed,none,0.000000,-12,298.500118,241.144379,1.440000,239.704379
820,3.904631,3.679510,1.679510,5.679510,price_sensitive_uninformed,none,0.000000,-12,298.500118,251.644546,1.440000,250.204546
821,4.046670,3.037887,1.037887,5.037887,price_sensitive_uninformed,none,0.000000,-12,298.500118,249.940080,1.440000,248.500080
822,4.369886,3.889148,1.889148,5.889148,price_sensitive_uninformed,none,0.000000,-12,298.500118,246.061486,1.440000,244.621486
823,4.125356,4.454869,2.454869,6.454869,price_sensitive_uninformed,none,0.000000,-12,298.500118,248.995852,1.440000,247.555852
824,4.049217,4.795241,2.795241,6.795241,price_sensitive_uninformed,none,0.000000,-12,298.500118,249.909512,1.440000,248.469512
825,5.301003,6.042333,4.042333,8.042333,price_sensitive_uninformed,none,0.000000,-12,298.500118,234.888087,1.440000,233.448087
826,5.969835,5.847867,3.847867,7.847867,informed,none,0.000000,-12,298.500118,226.862104,1.440000,225.422104
827,6.146391,5.673080,3.673080,7.673080,informed,none,0.000000,-12,298.500118,224.743430,1.440000,223.303430
828,6.820196,6.340308,4.340308,8.340308,informed,none,0.000000,-12,298.500118,216.657762,1.440000,215.217762
829,8.863559,7.750392,5.750392,9.750392,informed,none,0.000000,-12,298.500118,192.137412,1.440000,190.697412
830,7.615676,7.532037,5.532037,9.532037,price_sensitive_uninformed,none,0.000000,-12,298.500118,207.112005,1.440000,205.672005
831,7.019589,6.609154,4.609154,8.609154,price_sensitive_uninformed,none,0.000000,-12,298.500118,214.265053,1.440000,212.825053
832,6.711531,6.682616,4.682616,8.682616,price_sensitive_uninformed,none,0.000000,-12,298.500118,217.961749,1.440000,216.521749
833,6.400085,6.050410,4.050410,8.050410,price_sensitive_uninformed,none,0.000000,-12,298.500118,221.699099,1.440000,220.259099
834,3.267495,2.399769,0.399769,4.399769,informed,none,0.000000,-12,298.500118,259.290175,1.440000,257.850175
835,2.129659,3.475521,1.475521,5.475521,price_sensitive_uninformed,buy_from_mm,5.475521,-13,303.975640,276.290070,1.690000,274.600070
836,2.939340,3.562095,1.562095,5.562095,price_sensitive_uninformed,none,0.000000,-13,303.975640,265.764214,1.690000,264.074214
837,2.538863,2.574832,0.574832,4.574832,price_sensitive_uninformed,none,0.000000,-13,303.975640,270.970420,1.690000,269.280420
838,2.871321,3.391388,1.391388,5.391388,price_sensitive_uninformed,none,0.000000,-13,303.975640,266.648472,1.690000,264.958472
839,4.605960,4.873296,2.873296,6.873296,price_sensitive_uninformed,none,0.000000,-13,303.975640,244.098154,1.690000,242.408154
840,2.670184,2.366922,0.366922,4.366922,price_sensitive_uninformed,none,0.000000,-13,303.975640,269.263248,1.690000,267.573248
841,3.870068,4.502331,2.502331,6.502331,informed,none,0.000000,-13,303.975640,253.664754,1.690000,251.974754
842,2.310300,2.196966,0.196966,4.196966,price_sensitive_uninformed,none,0.000000,-13,303.975640,273.941739,1.690000,272.251739
843,0.627234,0.920680,-1.079320,2.920680,informed,none,0.000000,-13,303.975640,295.821594,1.690000,294.131594
844,0.317895,0.774235,-1.225765,2.774235,informed,none,0.000000,-13,303.975640,299.843000,1.690000,298.153000
845,0.372179,0.281773,-1.718227,2.281773,price_sensitive_uninformed,none,0.000000,-13,303.975640,299.137308,1.690000,297.447308
846,0.535693,2.299197,0.299197,4.299197,price_sensitive_uninformed,sell_to_mm,0.299197,-12,303.676443,297.248125,1.440000,295.808125
847,0.771965,0.178591,-1.821409,2.178591,price_sensitive_uninformed,none,0.000000,-12,303.676443,294.412862,1.440000,292.972862
848,-0.210380,0.534646,-1.465354,2.534646,informed,none,0.000000,-12,303.676443,306.201004,1.440000,304.761004
849,-0.250944,-0.135494,-2.135494,1.864506,price_sensitive_uninformed,none,0.000000,-12,303.676443,306.687776,1.440000,305.247776
850,-0.525716,-1.121201,-3.121201,0.878799,price_sensitive_uninformed,sell_to_mm,-3.121201,-11,306.797644,312.580519,1.210000,311.370519
851,-1.029248,-2.036410,-4.036410,-0.036410,informed,none,0.000000,-11,306.797644,318.119373,1.210000,316.909373
852,-0.314750,-0.290629,-2.290629,1.709371,price_sensitive_uninformed,none,0.000000,-11,306.797644,310.259891,1.210000,309.049891
853,-0.330013,-0.728005,-2.728005,1.271995,price_sensitive_uninformed,none,0.000000,-11,306.797644,310.427787,1.210000,309.217787
854,-1.164625,-1.980648,-3.980648,0.019352,price_sensitive_uninformed,none,0.000000,-11,306.797644,319.608520,1.210000,318.398520
855,-0.774865,-1.161243,-3.161243,0.838757,price_sensitive_uninformed,none,0.000000,-11,306.797644,315.321162,1.210000,314.111162
856,-0.299742,-0.924779,-2.924779,1.075221,price_sensitive_uninformed,none,0.000000,-11,306.797644,310.094809,1.210000,308.884809
857,0.476642,-0.152715,-2.152715,1.847285,informed,none,0.000000,-11,306.797644,301.554582,1.210000,300.344582
858,2.203854,1.634159,-0.365841,3.634159,price_sensitive_uninformed,none,0.000000,-11,306.797644,282.555249,1.210000,281.345249
859,1.929484,1.850236,-0.149764,3.850236,price_sensitive_uninformed,none,0.000000,-11,306.797644,285.573316,1.210000,284.363316
860,1.993390,1.359820,-0.640180,3.359820,informed,none,0.000000,-11,306.797644,284.870359,1.210000,283.660359
861,1.581563,2.956827,0.956827,4.956827,price_sensitive_uninformed,none,0.000000,-11,306.797644,289.400455,1.210000,288.190455
862,1.015417,-0.015991,-2.015991,1.984009,informed,none,0.000000,-11,306.797644,295.628060,1.210000,294.418060
863,1.213670,1.911365,-0.088635,3.911365,informed,none,0.000000,-11,306.797644,293.447275,1.210000,292.237275
864,1.321966,1.777767,-0.222233,3.777767,price_sensitive_uninformed,none,0.000000,-11,306.797644,292.256017,1.210000,291.046017
865,1.489228,1.457873,-0.542127,3.457873,informed,none,0.000000,-11,306.797644,290.416139,1.210000,289.206139
866,1.255871,2.649036,0.649036,4.649036,informed,none,0.000000,-11,306.797644,292.983066,1.210000,291.773066
867,0.657724,1.961220,-0.038780,3.961220,informed,none,0.000000,-11,306.797644,299.562676,1.210000,298.352676
868,1.455814,1.617478,-0.382522,3.617478,price_sensitive_uninformed,none,0.000000,-11,306.797644,290.783687,1.210000,289.573687
869,1.513219,1.078723,-0.921277,3.078723,informed,none,0.000000,-11,306.797644,290.152235,1.210000,288.942235
870,0.857787,0.055110,-1.944890,2.055110,price_sensitive_uninformed,none,0.000000,-11,306.797644,297.361983,1.210000,296.151983
871,0.244543,-0.971270,-2.971270,1.028730,price_sensitive_uninformed,none,0.000000,-11,306.797644,304.107675,1.210000,302.897675
872,-0.533718,-1.072386,-3.072386,0.927614,price_sensitive_uninformed,none,0.000000,-11,306.797644,312.668544,1.210000,311.458544
873,-1.280263,-0.635283,-2.635283,1.364717,informed,none,0.000000,-11,306.797644,320.880541,1.210000,319.670541
874,-2.415961,-2.532782,-4.532782,-0.532782,informed,none,0.000000,-11,306.797644,333.373220,1.210000,332.163220
875,-2.822898,-4.003045,-6.003045,-2.003045,price_sensitive_uninformed,none,0.000000,-11,306.797644,337.849519,1.210000,336.639519
876,-2.184034,-3.285424,-5.285424,-1.285424,price_sensitive_uninformed,sell_to_mm,-5.285424,-10,312.083069,333.923412,1.000000,332.923412
877,-3.279916,-5.165377,-7.165377,-3.165377,price_sensitive_uninformed,none,0.000000,-10,312.083069,344.882228,1.000000,343.882228
878,-3.861769,-2.889347,-4.889347,-0.889347,price_sensitive_uninformed,none,0.000000,-10,312.083069,350.700755,1.000000,349.700755
879,-4.759003,-5.560760,-7.560760,-3.560760,informed,none,0.000000,-10,312.083069,359.673103,1.000000,358.673103
880,-5.186823,-5.460212,-7.460212,-3.460212,informed,none,0.000000,-10,312.083069,363.951296,1.000000,362.951296
881,-3.551701,-3.598036,-5.598036,-1.598036,informed,none,0.000000,-10,312.083069,347.600083,1.000000,346.600083
882,-5.042203,-6.222420,-8.222420,-4.222420,price_sensitive_uninformed,none,0.000000,-10,312.083069,362.505100,1.000000,361.505100
883,-4.785015,-5.597539,-7.597539,-3.597539,informed,none,0.000000,-10,312.083069,359.933223,1.000000,358.933223
884,-4.250001,-2.728339,-4.728339,-0.728339,informed,none,0.000000,-10,312.083069,354.583075,1.000000,353.583075
885,-5.366497,-5.714951,-7.714951,-3.714951,informed,none,0.000000,-10,312.083069,365.748035,1.000000,364.748035
886,-7.276722,-7.988076,-9.988076,-5.988076,price_sensitive_uninformed,none,0.000000,-10,312.083069,384.850284,1.000000,383.850284
887,-6.679226,-5.881027,-7.881027,-3.881027,price_sensitive_uninformed,none,0.000000,-10,312.083069,378.875330,1.000000,377.875330
888,-5.785119,-4.067711,-6.067711,-2.067711,price_sensitive_uninformed,sell_to_mm,-6.067711,-9,318.150780,370.216851,0.810000,369.406851
889,-4.405391,-5.617372,-7.617372,-3.617372,price_sensitive_uninformed,none,0.000000,-9,318.150780,357.799303,0.810000,356.989303
890,-4.964824,-4.881394,-6.881394,-2.881394,price_sensitive_uninformed,none,0.000000,-9,318.150780,362.834197,0.810000,362.024197
891,-5.378266,-4.394866,-6.394866,-2.394866,price_sensitive_uninformed,none,0.000000,-9,318.150780,366.555177,0.810000,365.745177
892,-7.409735,-4.899914,-6.899914,-2.899914,informed,sell_to_mm,-6.899914,-8,325.050694,384.328574,0.640000,383.688574
893,-5.986153,-6.763182,-8.763182,-4.763182,price_sensitive_uninformed,none,0.000000,-8,325.050694,372.939918,0.640000,372.299918
894,-6.841178,-6.256043,-8.256043,-4.256043,price_sensitive_uninformed,none,0.000000,-8,325.050694,379.780115,0.640000,379.140115
895,-6.199826,-5.780667,-7.780667,-3.780667,informed,none,0.000000,-8,325.050694,374.649301,0.640000,374.009301
896,-6.385585,-7.864836,-9.864836,-5.864836,price_sensitive_uninformed,none,0.000000,-8,325.050694,376.135375,0.640000,375.495375
897,-5.303079,-5.826064,-7.826064,-3.826064,price_sensitive_uninformed,none,0.000000,-8,325.050694,367.475325,0.640000,366.835325
898,-3.517363,-3.511810,-5.511810,-1.511810,informed,none,0.000000,-8,325.050694,353.189596,0.640000,352.549596
899,-5.348336,-5.542708,-7.542708,-3.542708,informed,none,0.000000,-8,325.050694,367.837379,0.640000,367.197379
900,-5.347361,-5.776826,-7.776826,-3.776826,informed,none,0.000000,-8,325.050694,367.829578,0.640000,367.189578
901,-6.004418,-5.250099,-7.250099,-3.250099,informed,none,0.000000,-8,325.050694,373.086039,0.640000,372.446039
902,-4.733069,-4.313230,-6.313230,-2.313230,informed,none,0.000000,-8,325.050694,362.915249,0.640000,362.275249
903,-7.110412,-6.270933,-8.270933,-4.270933,informed,none,0.000000,-8,325.050694,381.933987,0.640000,381.293987
904,-4.879781,-5.000273,-7.000273,-3.000273,informed,none,0.000000,-8,325.050694,364.088938,0.640000,363.448938
905,-5.877173,-6.330355,-8.330355,-4.330355,informed,none,0.000000,-8,325.050694,372.068080,0.640000,371.428080
906,-5.091559,-4.518460,-6.518460,-2.518460,price_sensitive_uninformed,none,0.000000,-8,325.050694,365.783163,0.640000,365.143163
907,-5.226323,-4.386262,-6.386262,-2.386262,informed,none,0.000000,-8,325.050694,366.861276,0.640000,366.221276
908,-5.393215,-4.318183,-6.318183,-2.318183,informed,none,0.000000,-8,325.050694,368.196412,0.640000,367.556412
909,-5.028057,-5.545432,-7.545432,-3.545432,price_sensitive_uninformed,sell_to_mm,-7.545432,-7,332.596126,367.792526,0.490000,367.302526
910,-4.947379,-6.284219,-8.284219,-4.284219,informed,none,0.000000,-7,332.596126,367.227776,0.490000,366.737776
911,-3.926691,-3.519142,-5.519142,-1.519142,price_sensitive_uninformed,none,0.000000,-7,332.596126,360.082964,0.490000,359.592964
912,-2.230256,-1.472417,-3.472417,0.527583,price_sensitive_uninformed,none,0.000000,-7,332.596126,348.207921,0.490000,347.717921
913,-1.715452,-0.722835,-2.722835,1.277165,informed,none,0.000000,-7,332.596126,344.604290,0.490000,344.114290
914,-1.818387,-2.096779,-4.096779,-0.096779,price_sensitive_uninformed,none,0.000000,-7,332.596126,345.324838,0.490000,344.834838
915,-1.929091,-2.613745,-4.613745,-0.613745,informed,none,0.000000,-7,332.596126,346.099761,0.490000,345.609761
916,-2.687686,-2.442837,-4.442837,-0.442837,price_sensitive_uninformed,none,0.000000,-7,332.596126,351.409928,0.490000,350.919928
917,-4.550408,-4.779277,-6.779277,-2.779277,price_sensitive_uninformed,none,0.000000,-7,332.596126,364.448983,0.490000,363.958983
918,-4.538901,-4.920573,-6.920573,-2.920573,price_sensitive_uninformed,none,0.000000,-7,332.596126,364.368432,0.490000,363.878432
919,-4.610676,-6.213783,-8.213783,-4.213783,price_sensitive_uninformed,none,0.000000,-7,332.596126,364.870859,0.490000,364.380859
920,-4.493046,-6.335273,-8.335273,-4.335273,informed,none,0.000000,-7,332.596126,364.047446,0.490000,363.557446
921,-5.723377,-7.149443,-9.149443,-5.149443,price_sensitive_uninformed,none,0.000000,-7,332.596126,372.659765,0.490000,372.169765
922,-6.550824,-9.054683,-11.054683,-7.054683,informed,buy_from_mm,-7.054683,-8,325.541443,377.948033,0.640000,377.308033
923,-6.136239,-5.402518,-7.402518,-3.402518,informed,none,0.000000,-8,325.541443,374.631352,0.640000,373.991352
924,-6.723255,-7.273474,-9.273474,-5.273474,price_sensitive_uninformed,buy_from_mm,-5.273474,-9,320.267969,380.777266,0.810000,379.967266
925,-7.338487,-9.115088,-11.115088,-7.115088,informed,none,0.000000,-9,320.267969,386.314348,0.810000,385.504348
926,-6.300960,-4.630470,-6.630470,-2.630470,price_sensitive_uninformed,none,0.000000,-9,320.267969,376.976612,0.810000,376.166612
927,-6.267924,-6.808060,-8.808060,-4.808060,informed,none,0.000000,-9,320.267969,376.679289,0.810000,375.869289
928,-5.148015,-4.746031,-6.746031,-2.746031,informed,none,0.000000,-9,320.267969,366.600105,0.810000,365.790105
929,-5.453039,-3.753260,-5.753260,-1.753260,informed,none,0.000000,-9,320.267969,369.345323,0.810000,368.535323
930,-5.246097,-3.341333,-5.341333,-1.341333,informed,none,0.000000,-9,320.267969,367.482839,0.810000,366.672839
931,-5.012298,-4.239375,-6.239375,-2.239375,price_sensitive_uninformed,none,0.000000,-9,320.267969,365.378646,0.810000,364.568646
932,-4.285215,-4.461537,-6.461537,-2.461537,price_sensitive_uninformed,none,0.000000,-9,320.267969,358.834906,0.810000,358.024906
933,-4.267117,-4.991606,-6.991606,-2.991606,price_sensitive_uninformed,none,0.000000,-9,320.267969,358.672022,0.810000,357.862022
934,-4.715306,-4.766446,-6.766446,-2.766446,price_sensitive_uninformed,none,0.000000,-9,320.267969,362.705725,0.810000,361.895725
935,-6.661488,-6.247217,-8.247217,-4.247217,price_sensitive_uninformed,none,0.000000,-9,320.267969,380.221365,0.810000,379.411365
936,-7.803980,-7.630787,-9.630787,-5.630787,informed,none,0.000000,-9,320.267969,390.503789,0.810000,389.693789
937,-6.293417,-6.490936,-8.490936,-4.490936,price_sensitive_uninformed,none,0.000000,-9,320.267969,376.908720,0.810000,376.098720
938,-7.134684,-6.554403,-8.554403,-4.554403,price_sensitive_uninformed,none,0.000000,-9,320.267969,384.480121,0.810000,383.670121
939,-6.480639,-6.118263,-8.118263,-4.118263,informed,none,0.000000,-9,320.267969,378.593721,0.810000,377.783721
940,-7.419208,-8.892302,-10.892302,-6.892302,informed,none,0.000000,-9,320.267969,387.040843,0.810000,386.230843
941,-6.936402,-6.445077,-8.445077,-4.445077,price_sensitive_uninformed,none,0.000000,-9,320.267969,382.695584,0.810000,381.885584
942,-7.870718,-7.745863,-9.745863,-5.745863,informed,none,0.000000,-9,320.267969,391.104432,0.810000,390.294432
943,-8.006705,-7.214689,-9.214689,-5.214689,informed,none,0.000000,-9,320.267969,392.328315,0.810000,391.518315
944,-10.038695,-10.445994,-12.445994,-8.445994,price_sensitive_uninformed,none,0.000000,-9,320.267969,410.616228,0.810000,409.806228
945,-10.091940,-7.862869,-9.862869,-5.862869,price_sensitive_uninformed,none,0.000000,-9,320.267969,411.095430,0.810000,410.285430
946,-9.274371,-10.273320,-12.273320,-8.273320,price_sensitive_uninformed,none,0.000000,-9,320.267969,403.737311,0.810000,402.927311
947,-7.271369,-8.487780,-10.487780,-6.487780,informed,none,0.000000,-9,320.267969,385.710292,0.810000,384.900292
948,-5.556416,-4.568960,-6.568960,-2.568960,informed,none,0.000000,-9,320.267969,370.275713,0.810000,369.465713
949,-4.835142,-3.294062,-5.294062,-1.294062,informed,none,0.000000,-9,320.267969,363.784243,0.810000,362.974243
950,-7.110844,-7.260760,-9.260760,-5.260760,price_sensitive_uninformed,none,0.000000,-9,320.267969,384.265567,0.810000,383.455567
951,-6.890239,-5.292574,-7.292574,-3.292574,price_sensitive_uninformed,none,0.000000,-9,320.267969,382.280123,0.810000,381.470123
952,-8.297465,-8.455302,-10.455302,-6.455302,price_sensitive_uninformed,none,0.000000,-9,320.267969,394.945150,0.810000,394.135150
953,-8.204752,-7.442772,-9.442772,-5.442772,price_sensitive_uninformed,none,0.000000,-9,320.267969,394.110738,0.810000,393.300738
954,-10.294947,-9.566724,-11.566724,-7.566724,price_sensitive_uninformed,sell_to_mm,-11.566724,-8,331.834693,414.194267,0.640000,413.554267
955,-9.867911,-10.917920,-12.917920,-8.917920,informed,none,0.000000,-8,331.834693,410.777979,0.640000,410.137979
956,-10.141365,-9.292042,-11.292042,-7.292042,price_sensitive_uninformed,none,0.000000,-8,331.834693,412.965610,0.640000,412.325610
957,-9.490938,-10.294875,-12.294875,-8.294875,price_sensitive_uninformed,none,0.000000,-8,331.834693,407.762194,0.640000,407.122194
958,-8.520130,-8.106377,-10.106377,-6.106377,informed,none,0.000000,-8,331.834693,399.995734,0.640000,399.355734
959,-8.477787,-10.782026,-12.782026,-8.782026,price_sensitive_uninformed,none,0.000000,-8,331.834693,399.656991,0.640000,399.016991
960,-6.261520,-8.901332,-10.901332,-6.901332,informed,buy_from_mm,-6.901332,-9,324.933361,381.287042,0.810000,380.477042
961,-6.514774,-5.439448,-7.439448,-3.439448,informed,none,0.000000,-9,324.933361,383.566330,0.810000,382.756330
962,-6.051544,-6.291630,-8.291630,-4.291630,price_sensitive_uninformed,none,0.000000,-9,324.933361,379.397260,0.810000,378.587260
963,-5.417155,-5.472210,-7.472210,-3.472210,price_sensitive_uninformed,none,0.000000,-9,324.933361,373.687752,0.810000,372.877752
964,-5.538514,-4.203918,-6.203918,-2.203918,informed,none,0.000000,-9,324.933361,374.779992,0.810000,373.969992
965,-7.126785,-4.654498,-6.654498,-2.654498,informed,sell_to_mm,-6.654498,-8,331.587859,388.602141,0.640000,387.962141
966,-8.076412,-7.611066,-9.611066,-5.611066,price_sensitive_uninformed,none,0.000000,-8,331.587859,396.199158,0.640000,395.559158
967,-7.459447,-8.233998,-10.233998,-6.233998,price_sensitive_uninformed,none,0.000000,-8,331.587859,391.263438,0.640000,390.623438
968,-7.686654,-7.908868,-9.908868,-5.908868,price_sensitive_uninformed,none,0.000000,-8,331.587859,393.081091,0.640000,392.441091
969,-9.020502,-9.259134,-11.259134,-7.259134,price_sensitive_uninformed,none,0.000000,-8,331.587859,403.751878,0.640000,403.111878
970,-8.229859,-8.039331,-10.039331,-6.039331,informed,none,0.000000,-8,331.587859,397.426728,0.640000,396.786728
971,-8.973235,-11.353940,-13.353940,-9.353940,informed,buy_from_mm,-9.353940,-9,322.233919,402.993034,0.810000,402.183034
972,-8.168117,-8.374328,-10.374328,-6.374328,price_sensitive_uninformed,sell_to_mm,-10.374328,-8,332.608247,397.953180,0.640000,397.313180
973,-7.084175,-7.874504,-9.874504,-5.874504,informed,none,0.000000,-8,332.608247,389.281649,0.640000,388.641649
974,-5.453512,-5.005935,-7.005935,-3.005935,informed,none,0.000000,-8,332.608247,376.236342,0.640000,375.596342
975,-6.089165,-5.708751,-7.708751,-3.708751,informed,none,0.000000,-8,332.608247,381.321567,0.640000,380.681567
976,-5.902709,-5.439687,-7.439687,-3.439687,price_sensitive_uninformed,none,0.000000,-8,332.608247,379.829920,0.640000,379.189920
977,-7.059008,-5.997821,-7.997821,-3.997821,price_sensitive_uninformed,none,0.000000,-8,332.608247,389.080311,0.640000,388.440311
978,-5.997431,-4.319696,-6.319696,-2.319696,informed,none,0.000000,-8,332.608247,380.587698,0.640000,379.947698
979,-6.609253,-5.623711,-7.623711,-3.623711,informed,none,0.000000,-8,332.608247,385.482271,0.640000,384.842271
980,-6.566077,-6.181015,-8.181015,-4.181015,informed,none,0.000000,-8,332.608247,385.136865,0.640000,384.496865
981,-7.110277,-6.658581,-8.658581,-4.658581,price_sensitive_uninformed,sell_to_mm,-8.658581,-7,341.266828,391.038769,0.490000,390.548769
982,-6.390818,-5.736865,-7.736865,-3.736865,informed,none,0.000000,-7,341.266828,386.002555,0.490000,385.512555
983,-5.557153,-4.045425,-6.045425,-2.045425,price_sensitive_uninformed,none,0.000000,-7,341.266828,380.166896,0.490000,379.676896
984,-2.980023,-3.395954,-5.395954,-1.395954,price_sensitive_uninformed,none,0.000000,-7,341.266828,362.126990,0.490000,361.636990
985,-3.268422,-3.824097,-5.824097,-1.824097,price_sensitive_uninformed,none,0.000000,-7,341.266828,364.145785,0.490000,363.655785
986,-2.268365,-1.212373,-3.212373,0.787627,price_sensitive_uninformed,none,0.000000,-7,341.266828,357.145381,0.490000,356.655381
987,-3.339347,-2.529655,-4.529655,-0.529655,price_sensitive_uninformed,none,0.000000,-7,341.266828,364.642258,0.490000,364.152258
988,-4.093450,-4.317868,-6.317868,-2.317868,price_sensitive_uninformed,none,0.000000,-7,341.266828,369.920981,0.490000,369.430981
989,-4.570946,-5.034622,-7.034622,-3.034622,informed,none,0.000000,-7,341.266828,373.263449,0.490000,372.773449
990,-5.267175,-5.935490,-7.935490,-3.935490,price_sensitive_uninformed,none,0.000000,-7,341.266828,378.137054,0.490000,377.647054
991,-6.590882,-5.537573,-7.537573,-3.537573,price_sensitive_uninformed,none,0.000000,-7,341.266828,387.403002,0.490000,386.913002
992,-5.940316,-5.018669,-7.018669,-3.018669,price_sensitive_uninformed,none,0.000000,-7,341.266828,382.849041,0.490000,382.359041
993,-5.665888,-4.847200,-6.847200,-2.847200,informed,none,0.000000,-7,341.266828,380.928044,0.490000,380.438044
994,-6.964382,-6.407556,-8.407556,-4.407556,price_sensitive_uninformed,none,0.000000,-7,341.266828,390.017502,0.490000,389.527502
995,-6.717153,-6.089168,-8.089168,-4.089168,price_sensitive_uninformed,none,0.000000,-7,341.266828,388.286901,0.490000,387.796901
996,-6.165186,-5.194738,-7.194738,-3.194738,informed,none,0.000000,-7,341.266828,384.423131,0.490000,383.933131
997,-5.772180,-6.791739,-8.791739,-4.791739,informed,none,0.000000,-7,341.266828,381.672089,0.490000,381.182089
998,-6.619949,-8.192265,-10.192265,-6.192265,price_sensitive_uninformed,none,0.000000,-7,341.266828,387.606468,0.490000,387.116468
999,-6.872795,-6.854514,-8.854514,-4.854514,price_sensitive_uninformed,none,0.000000,-7,341.266828,389.376395,0.490000,388.886395
1000,-7.861714,-6.541120,-8.541120,-4.541120,price_sensitive_uninformed,none,0.000000,-7,341.266828,396.298829,0.490000,395.808829
1001,-8.634682,-8.482240,-10.482240,-6.482240,price_sensitive_uninformed,none,0.000000,-7,341.266828,401.709601,0.490000,401.219601
1002,-9.643143,-10.397965,-12.397965,-8.397965,informed,none,0.000000,-7,341.266828,408.768831,0.490000,408.278831
1003,-9.430746,-9.141696,-11.141696,-7.141696,price_sensitive_uninformed,none,0.000000,-7,341.266828,407.282049,0.490000,406.792049
1004,-9.232135,-8.070402,-10.070402,-6.070402,price_sensitive_uninformed,none,0.000000,-7,341.266828,405.891772,0.490000,405.401772
1005,-8.940502,-9.051430,-11.051430,-7.051430,informed,none,0.000000,-7,341.266828,403.850341,0.490000,403.360341
1006,-8.686327,-8.636801,-10.636801,-6.636801,price_sensitive_uninformed,none,0.000000,-7,341.266828,402.071118,0.490000,401.581118
1007,-9.212962,-9.538168,-11.538168,-7.538168,price_sensitive_uninformed,none,0.000000,-7,341.266828,405.757563,0.490000,405.267563
1008,-9.339737,-8.954510,-10.954510,-6.954510,price_sensitive_uninformed,none,0.000000,-7,341.266828,406.644990,0.490000,406.154990
1009,-8.532001,-7.919297,-9.919297,-5.919297,price_sensitive_uninformed,none,0.000000,-7,341.266828,400.990838,0.490000,400.500838
1010,-9.971377,-9.087818,-11.087818,-7.087818,informed,none,0.000000,-7,341.266828,411.066465,0.490000,410.576465
1011,-10.367033,-11.184058,-13.184058,-9.184058,informed,none,0.000000,-7,341.266828,413.836060,0.490000,413.346060
1012,-11.637201,-12.435831,-14.435831,-10.435831,informed,none,0.000000,-7,341.266828,422.727236,0.490000,422.237236
1013,-12.330060,-13.308824,-15.308824,-11.308824,informed,none,0.000000,-7,341.266828,427.577247,0.490000,427.087247
1014,-13.103096,-12.581500,-14.581500,-10.581500,price_sensitive_uninformed,none,0.000000,-7,341.266828,432.988503,0.490000,432.498503
1015,-14.112692,-15.437002,-17.437002,-13.437002,price_sensitive_uninformed,none,0.000000,-7,341.266828,440.055670,0.490000,439.565670
1016,-15.467887,-14.627150,-16.627150,-12.627150,price_sensitive_uninformed,none,0.000000,-7,341.266828,449.542038,0.490000,449.052038
1017,-13.205367,-13.369764,-15.369764,-11.369764,informed,none,0.000000,-7,341.266828,433.704400,0.490000,433.214400
1018,-13.382087,-12.238843,-14.238843,-10.238843,informed,none,0.000000,-7,341.266828,434.941437,0.490000,434.451437
1019,-12.358176,-11.081229,-13.081229,-9.081229,price_sensitive_uninformed,none,0.000000,-7,341.266828,427.774059,0.490000,427.284059
1020,-13.248491,-13.955743,-15.955743,-11.955743,price_sensitive_uninformed,none,0.000000,-7,341.266828,434.006264,0.490000,433.516264
1021,-13.290476,-13.429423,-15.429423,-11.429423,informed,none,0.000000,-7,341.266828,434.300161,0.490000,433.810161
1022,-14.357116,-12.463759,-14.463759,-10.463759,informed,none,0.000000,-7,341.266828,441.766644,0.490000,441.276644
1023,-15.576136,-16.550826,-18.550826,-14.550826,informed,none,0.000000,-7,341.266828,450.299778,0.490000,449.809778
1024,-14.904285,-15.338165,-17.338165,-13.338165,informed,none,0.000000,-7,341.266828,445.596823,0.490000,445.106823
1025,-14.660833,-15.210837,-17.210837,-13.210837,informed,none,0.000000,-7,341.266828,443.892662,0.490000,443.402662
1026,-12.965484,-13.859691,-15.859691,-11.859691,informed,none,0.000000,-7,341.266828,432.025217,0.490000,431.535217
1027,-13.092157,-12.332831,-14.332831,-10.332831,price_sensitive_uninformed,none,0.000000,-7,341.266828,432.911925,0.490000,432.421925
1028,-11.444043,-11.802375,-13.802375,-9.802375,informed,none,0.000000,-7,341.266828,421.375129,0.490000,420.885129
1029,-11.199394,-11.425976,-13.425976,-9.425976,price_sensitive_uninformed,none,0.000000,-7,341.266828,419.662587,0.490000,419.172587
1030,-10.719270,-10.931517,-12.931517,-8.931517,informed,none,0.000000,-7,341.266828,416.301722,0.490000,415.811722
1031,-8.990374,-8.233713,-10.233713,-6.233713,price_sensitive_uninformed,none,0.000000,-7,341.266828,404.199449,0.490000,403.709449
1032,-9.579752,-9.779034,-11.779034,-7.779034,price_sensitive_uninformed,sell_to_mm,-11.779034,-6,353.045863,410.524372,0.360000,410.164372
1033,-10.013670,-9.821923,-11.821923,-7.821923,price_sensitive_uninformed,none,0.000000,-6,353.045863,413.127882,0.360000,412.767882
1034,-9.394985,-10.670762,-12.670762,-8.670762,price_sensitive_uninformed,buy_from_mm,-8.670762,-7,344.375100,410.139992,0.490000,409.649992
1035,-8.754500,-10.699621,-12.699621,-8.699621,informed,none,0.000000,-7,344.375100,405.656600,0.490000,405.166600
1036,-8.896101,-8.538379,-10.538379,-6.538379,informed,none,0.000000,-7,344.375100,406.647804,0.490000,406.157804
1037,-8.781060,-7.634623,-9.634623,-5.634623,price_sensitive_uninformed,none,0.000000,-7,344.375100,405.842521,0.490000,405.352521
1038,-7.526603,-8.405427,-10.405427,-6.405427,informed,none,0.000000,-7,344.375100,397.061318,0.490000,396.571318
1039,-6.305700,-5.356605,-7.356605,-3.356605,price_sensitive_uninformed,none,0.000000,-7,344.375100,388.515004,0.490000,388.025004
1040,-7.267813,-7.181022,-9.181022,-5.181022,price_sensitive_uninformed,none,0.000000,-7,344.375100,395.249790,0.490000,394.759790
1041,-6.985751,-7.124259,-9.124259,-5.124259,informed,none,0.000000,-7,344.375100,393.275356,0.490000,392.785356
1042,-8.356600,-10.190069,-12.190069,-8.190069,price_sensitive_uninformed,none,0.000000,-7,344.375100,402.871303,0.490000,402.381303
1043,-6.195759,-5.858107,-7.858107,-3.858107,informed,none,0.000000,-7,344.375100,387.745413,0.490000,387.255413
1044,-4.767748,-5.602988,-7.602988,-3.602988,informed,none,0.000000,-7,344.375100,377.749336,0.490000,377.259336
1045,-4.630917,-4.363812,-6.363812,-2.363812,informed,none,0.000000,-7,344.375100,376.791517,0.490000,376.301517
1046,-3.335516,-2.034243,-4.034243,-0.034243,informed,none,0.000000,-7,344.375100,367.723712,0.490000,367.233712
1047,-3.532385,-3.689199,-5.689199,-1.689199,informed,none,0.000000,-7,344.375100,369.101796,0.490000,368.611796
1048,-3.664557,-2.788127,-4.788127,-0.788127,informed,none,0.000000,-7,344.375100,370.026998,0.490000,369.536998
1049,-3.522897,-4.998760,-6.998760,-2.998760,price_sensitive_uninformed,none,0.000000,-7,344.375100,369.035377,0.490000,368.545377
1050,-4.832379,-3.618365,-5.618365,-1.618365,price_sensitive_uninformed,none,0.000000,-7,344.375100,378.201755,0.490000,377.711755
1051,-6.665658,-7.719549,-9.719549,-5.719549,price_sensitive_uninformed,sell_to_mm,-9.719549,-6,354.094650,394.088599,0.360000,393.728599
1052,-7.962229,-9.478704,-11.478704,-7.478704,price_sensitive_uninformed,none,0.000000,-6,354.094650,401.868024,0.360000,401.508024
1053,-8.324154,-8.748019,-10.748019,-6.748019,price_sensitive_uninformed,none,0.000000,-6,354.094650,404.039571,0.360000,403.679571
1054,-9.087369,-9.520214,-11.520214,-7.520214,informed,none,0.000000,-6,354.094650,408.618861,0.360000,408.258861
1055,-8.986624,-7.402994,-9.402994,-5.402994,informed,none,0.000000,-6,354.094650,408.014396,0.360000,407.654396
1056,-11.130212,-10.980689,-12.980689,-8.980689,price_sensitive_uninformed,none,0.000000,-6,354.094650,420.875922,0.360000,420.515922
1057,-10.389732,-9.604402,-11.604402,-7.604402,price_sensitive_uninformed,sell_to_mm,-11.604402,-5,365.699051,417.647710,0.250000,417.397710
1058,-10.408999,-10.089660,-12.089660,-8.089660,price_sensitive_uninformed,none,0.000000,-5,365.699051,417.744044,0.250000,417.494044
1059,-10.449245,-9.925462,-11.925462,-7.925462,price_sensitive_uninformed,none,0.000000,-5,365.699051,417.945275,0.250000,417.695275
1060,-10.332737,-11.197960,-13.197960,-9.197960,price_sensitive_uninformed,none,0.000000,-5,365.699051,417.362735,0.250000,417.112735
1061,-10.840717,-12.040508,-14.040508,-10.040508,price_sensitive_uninformed,none,0.000000,-5,365.699051,419.902639,0.250000,419.652639
1062,-10.178237,-10.627727,-12.627727,-8.627727,informed,none,0.000000,-5,365.699051,416.590237,0.250000,416.340237
1063,-10.294358,-11.194082,-13.194082,-9.194082,informed,none,0.000000,-5,365.699051,417.170841,0.250000,416.920841
1064,-10.168245,-8.952100,-10.952100,-6.952100,price_sensitive_uninformed,none,0.000000,-5,365.699051,416.540275,0.250000,416.290275
1065,-9.618990,-9.428092,-11.428092,-7.428092,informed,none,0.000000,-5,365.699051,413.794002,0.250000,413.544002
1066,-8.259723,-9.496543,-11.496543,-7.496543,price_sensitive_uninformed,none,0.000000,-5,365.699051,406.997665,0.250000,406.747665
1067,-8.940323,-8.105475,-10.105475,-6.105475,informed,none,0.000000,-5,365.699051,410.400664,0.250000,410.150664
1068,-8.864358,-6.733900,-8.733900,-4.733900,informed,sell_to_mm,-8.733900,-4,374.432951,409.890384,0.160000,409.730384
1069,-8.990164,-9.585484,-11.585484,-7.585484,price_sensitive_uninformed,buy_from_mm,-7.585484,-5,366.847467,411.798285,0.250000,411.548285
1070,-8.442364,-9.190540,-11.190540,-7.190540,informed,none,0.000000,-5,366.847467,409.059287,0.250000,408.809287
1071,-8.128914,-7.867645,-9.867645,-5.867645,price_sensitive_uninformed,none,0.000000,-5,366.847467,407.492035,0.250000,407.242035
1072,-9.543159,-9.665865,-11.665865,-7.665865,price_sensitive_uninformed,none,0.000000,-5,366.847467,414.563263,0.250000,414.313263
1073,-9.067158,-9.563372,-11.563372,-7.563372,informed,none,0.000000,-5,366.847467,412.183258,0.250000,411.933258
1074,-7.975549,-8.908112,-10.908112,-6.908112,price_sensitive_uninformed,none,0.000000,-5,366.847467,406.725214,0.250000,406.475214
1075,-7.738925,-8.553041,-10.553041,-6.553041,price_sensitive_uninformed,none,0.000000,-5,366.847467,405.542092,0.250000,405.292092
1076,-5.624536,-7.609081,-9.609081,-5.609081,price_sensitive_uninformed,none,0.000000,-5,366.847467,394.970150,0.250000,394.720150
1077,-5.914158,-6.015981,-8.015981,-4.015981,price_sensitive_uninformed,none,0.000000,-5,366.847467,396.418257,0.250000,396.168257
1078,-6.493638,-6.942884,-8.942884,-4.942884,price_sensitive_uninformed,none,0.000000,-5,366.847467,399.315657,0.250000,399.065657
1079,-6.101958,-8.873188,-10.873188,-6.873188,price_sensitive_uninformed,none,0.000000,-5,366.847467,397.357256,0.250000,397.107256
1080,-6.997229,-5.883922,-7.883922,-3.883922,price_sensitive_uninformed,none,0.000000,-5,366.847467,401.833610,0.250000,401.583610
1081,-7.534151,-6.664448,-8.664448,-4.664448,price_sensitive_uninformed,none,0.000000,-5,366.847467,404.518221,0.250000,404.268221
1082,-7.545720,-7.502455,-9.502455,-5.502455,price_sensitive_uninformed,none,0.000000,-5,366.847467,404.576069,0.250000,404.326069
1083,-7.255753,-9.292721,-11.292721,-7.292721,price_sensitive_uninformed,none,0.000000,-5,366.847467,403.126234,0.250000,402.876234
1084,-5.866720,-7.611924,-9.611924,-5.611924,price_sensitive_uninformed,none,0.000000,-5,366.847467,396.181068,0.250000,395.931068
1085,-5.344225,-7.444078,-9.444078,-5.444078,informed,buy_from_mm,-5.444078,-6,361.403389,393.468738,0.360000,393.108738
1086,-6.671133,-5.854315,-7.854315,-3.854315,price_sensitive_uninformed,none,0.000000,-6,361.403389,401.430188,0.360000,401.070188
1087,-5.349965,-5.161911,-7.161911,-3.161911,informed,none,0.000000,-6,361.403389,393.503181,0.360000,393.143181
1088,-4.866398,-4.743156,-6.743156,-2.743156,price_sensitive_uninformed,buy_from_mm,-2.743156,-7,358.660233,392.725016,0.490000,392.235016
1089,-4.409973,-3.561410,-5.561410,-1.561410,price_sensitive_uninformed,none,0.000000,-7,358.660233,389.530046,0.490000,389.040046
1090,-5.704235,-4.597556,-6.597556,-2.597556,informed,none,0.000000,-7,358.660233,398.589878,0.490000,398.099878
1091,-5.715728,-5.018873,-7.018873,-3.018873,price_sensitive_uninformed,none,0.000000,-7,358.660233,398.670328,0.490000,398.180328
1092,-6.524080,-7.127832,-9.127832,-5.127832,informed,none,0.000000,-7,358.660233,404.328792,0.490000,403.838792
1093,-6.067347,-6.006440,-8.006440,-4.006440,informed,none,0.000000,-7,358.660233,401.131661,0.490000,400.641661
1094,-7.686440,-6.978365,-8.978365,-4.978365,price_sensitive_uninformed,none,0.000000,-7,358.660233,412.465310,0.490000,411.975310
1095,-6.321211,-6.531125,-8.531125,-4.531125,informed,none,0.000000,-7,358.660233,402.908713,0.490000,402.418713
1096,-6.790837,-5.940932,-7.940932,-3.940932,informed,none,0.000000,-7,358.660233,406.196092,0.490000,405.706092
1097,-5.872930,-7.135766,-9.135766,-5.135766,price_sensitive_uninformed,none,0.000000,-7,358.660233,399.770741,0.490000,399.280741
1098,-5.220620,-3.980060,-5.980060,-1.980060,price_sensitive_uninformed,none,0.000000,-7,358.660233,395.204570,0.490000,394.714570
1099,-6.536372,-5.449302,-7.449302,-3.449302,price_sensitive_uninformed,none,0.000000,-7,358.660233,404.414834,0.490000,403.924834
1100,-4.151756,-2.823360,-4.823360,-0.823360,price_sensitive_uninformed,none,0.000000,-7,358.660233,387.722526,0.490000,387.232526
1101,-4.289632,-3.809176,-5.809176,-1.809176,price_sensitive_uninformed,none,0.000000,-7,358.660233,388.687657,0.490000,388.197657
1102,-3.855246,-3.623139,-5.623139,-1.623139,informed,none,0.000000,-7,358.660233,385.646958,0.490000,385.156958
1103,-4.195817,-4.480320,-6.480320,-2.480320,price_sensitive_uninformed,none,0.000000,-7,358.660233,388.030951,0.490000,387.540951
1104,-5.833474,-5.175332,-7.175332,-3.175332,price_sensitive_uninformed,none,0.000000,-7,358.660233,399.494548,0.490000,399.004548
1105,-5.469288,-4.255250,-6.255250,-2.255250,informed,none,0.000000,-7,358.660233,396.945249,0.490000,396.455249
1106,-4.597295,-4.073425,-6.073425,-2.073425,price_sensitive_uninformed,none,0.000000,-7,358.660233,390.841297,0.490000,390.351297
1107,-4.508221,-2.734555,-4.734555,-0.734555,price_sensitive_uninformed,none,0.000000,-7,358.660233,390.217777,0.490000,389.727777
1108,-5.322536,-5.568834,-7.568834,-3.568834,informed,none,0.000000,-7,358.660233,395.917986,0.490000,395.427986
1109,-3.593137,-2.939520,-4.939520,-0.939520,informed,none,0.000000,-7,358.660233,383.812194,0.490000,383.322194
1110,-0.556637,-0.330217,-2.330217,1.669783,price_sensitive_uninformed,none,0.000000,-7,358.660233,362.556690,0.490000,362.066690
1111,0.280211,0.587086,-1.412914,2.587086,informed,none,0.000000,-7,358.660233,356.698758,0.490000,356.208758
1112,0.683261,-0.192054,-2.192054,1.807946,price_sensitive_uninformed,none,0.000000,-7,358.660233,353.877408,0.490000,353.387408
1113,1.842020,2.049220,0.049220,4.049220,informed,none,0.000000,-7,358.660233,345.766091,0.490000,345.276091
1114,1.705193,1.834803,-0.165197,3.834803,informed,none,0.000000,-7,358.660233,346.723884,0.490000,346.233884
1115,1.035222,0.388242,-1.611758,2.388242,price_sensitive_uninformed,none,0.000000,-7,358.660233,351.413681,0.490000,350.923681
1116,0.637975,1.644293,-0.355707,3.644293,price_sensitive_uninformed,none,0.000000,-7,358.660233,354.194406,0.490000,353.704406
1117,1.356336,1.140536,-0.859464,3.140536,price_sensitive_uninformed,none,0.000000,-7,358.660233,349.165884,0.490000,348.675884
1118,0.692382,1.360632,-0.639368,3.360632,price_sensitive_uninformed,none,0.000000,-7,358.660233,353.813561,0.490000,353.323561
1119,-0.506718,0.651014,-1.348986,2.651014,informed,none,0.000000,-7,358.660233,362.207259,0.490000,361.717259
1120,0.118234,0.509256,-1.490744,2.509256,price_sensitive_uninformed,none,0.000000,-7,358.660233,357.832592,0.490000,357.342592
1121,0.399143,-0.937912,-2.937912,1.062088,informed,none,0.000000,-7,358.660233,355.866233,0.490000,355.376233
1122,0.647784,1.369277,-0.630723,3.369277,informed,none,0.000000,-7,358.660233,354.125744,0.490000,353.635744
1123,-0.384753,0.152714,-1.847286,2.152714,price_sensitive_uninformed,none,0.000000,-7,358.660233,361.353503,0.490000,360.863503
1124,-0.274225,-0.575065,-2.575065,1.424935,informed,none,0.000000,-7,358.660233,360.579805,0.490000,360.089805
1125,-2.415983,-1.191385,-3.191385,0.808615,price_sensitive_uninformed,none,0.000000,-7,358.660233,375.572114,0.490000,375.082114
1126,-0.926742,-0.864715,-2.864715,1.135285,price_sensitive_uninformed,none,0.000000,-7,358.660233,365.147426,0.490000,364.657426
1127,-2.382856,-2.049252,-4.049252,-0.049252,price_sensitive_uninformed,none,0.000000,-7,358.660233,375.340226,0.490000,374.850226
1128,-2.399396,-2.738889,-4.738889,-0.738889,price_sensitive_uninformed,none,0.000000,-7,358.660233,375.456007,0.490000,374.966007
1129,-3.287333,-4.516751,-6.516751,-2.516751,price_sensitive_uninformed,none,0.000000,-7,358.660233,381.671562,0.490000,381.181562
1130,-4.208411,-5.720340,-7.720340,-3.720340,price_sensitive_uninformed,none,0.000000,-7,358.660233,388.119109,0.490000,387.629109
1131,-3.275273,-3.226355,-5.226355,-1.226355,price_sensitive_uninformed,none,0.000000,-7,358.660233,381.587146,0.490000,381.097146
1132,-3.905402,-4.536009,-6.536009,-2.536009,informed,none,0.000000,-7,358.660233,385.998047,0.490000,385.508047
1133,-3.495161,-1.828447,-3.828447,0.171553,informed,none,0.000000,-7,358.660233,383.126359,0.490000,382.636359
1134,-4.386669,-2.921101,-4.921101,-0.921101,price_sensitive_uninformed,none,0.000000,-7,358.660233,389.366919,0.490000,388.876919
1135,-2.104474,-2.646397,-4.646397,-0.646397,price_sensitive_uninformed,none,0.000000,-7,358.660233,373.391551,0.490000,372.901551
1136,-1.574171,-1.822330,-3.822330,0.177670,price_sensitive_uninformed,none,0.000000,-7,358.660233,369.679430,0.490000,369.189430
1137,-2.274877,-3.936263,-5.936263,-1.936263,price_sensitive_uninformed,none,0.000000,-7,358.660233,374.584374,0.490000,374.094374
1138,-3.063013,-3.536427,-5.536427,-1.536427,price_sensitive_uninformed,none,0.000000,-7,358.660233,380.101325,0.490000,379.611325
1139,-2.201165,-1.528639,-3.528639,0.471361,price_sensitive_uninformed,none,0.000000,-7,358.660233,374.068388,0.490000,373.578388
1140,0.222748,0.105748,-1.894252,2.105748,price_sensitive_uninformed,none,0.000000,-7,358.660233,357.100996,0.490000,356.610996
1141,1.011157,1.696528,-0.303472,3.696528,informed,none,0.000000,-7,358.660233,351.582134,0.490000,351.092134
1142,0.464540,-0.152639,-2.152639,1.847361,informed,none,0.000000,-7,358.660233,355.408455,0.490000,354.918455
1143,0.703372,1.431075,-0.568925,3.431075,price_sensitive_uninformed,none,0.000000,-7,358.660233,353.736632,0.490000,353.246632
1144,0.834782,0.453233,-1.546767,2.453233,price_sensitive_uninformed,none,0.000000,-7,358.660233,352.816761,0.490000,352.326761
1145,2.733389,1.142313,-0.857687,3.142313,price_sensitive_uninformed,none,0.000000,-7,358.660233,339.526507,0.490000,339.036507
1146,2.644663,2.716490,0.716490,4.716490,price_sensitive_uninformed,none,0.000000,-7,358.660233,340.147590,0.490000,339.657590
1147,2.248010,4.001233,2.001233,6.001233,price_sensitive_uninformed,none,0.000000,-7,358.660233,342.924166,0.490000,342.434166
1148,2.969051,1.426587,-0.573413,3.426587,price_sensitive_uninformed,none,0.000000,-7,358.660233,337.876873,0.490000,337.386873
1149,3.768227,2.491751,0.491751,4.491751,price_sensitive_uninformed,none,0.000000,-7,358.660233,332.282642,0.490000,331.792642
1150,3.715089,4.004177,2.004177,6.004177,price_sensitive_uninformed,none,0.000000,-7,358.660233,332.654609,0.490000,332.164609
1151,2.556563,4.414365,2.414365,6.414365,price_sensitive_uninformed,none,0.000000,-7,358.660233,340.764293,0.490000,340.274293
1152,3.195156,3.407417,1.407417,5.407417,informed,none,0.000000,-7,358.660233,336.294142,0.490000,335.804142
1153,2.639163,4.038735,2.038735,6.038735,informed,none,0.000000,-7,358.660233,340.186093,0.490000,339.696093
1154,4.411386,3.045534,1.045534,5.045534,informed,none,0.000000,-7,358.660233,327.780529,0.490000,327.290529
1155,4.990251,3.308329,1.308329,5.308329,price_sensitive_uninformed,none,0.000000,-7,358.660233,323.728476,0.490000,323.238476
1156,5.143323,6.529677,4.529677,8.529677,informed,none,0.000000,-7,358.660233,322.656975,0.490000,322.166975
1157,4.289147,6.440566,4.440566,8.440566,price_sensitive_uninformed,none,0.000000,-7,358.660233,328.636204,0.490000,328.146204
1158,5.435696,4.829990,2.829990,6.829990,informed,none,0.000000,-7,358.660233,320.610360,0.490000,320.120360
1159,4.712200,4.650387,2.650387,6.650387,price_sensitive_uninformed,none,0.000000,-7,358.660233,325.674836,0.490000,325.184836
1160,4.556258,4.050100,2.050100,6.050100,price_sensitive_uninformed,none,0.000000,-7,358.660233,326.766426,0.490000,326.276426
1161,8.354715,8.827369,6.827369,10.827369,price_sensitive_uninformed,none,0.000000,-7,358.660233,300.177226,0.490000,299.687226
1162,8.857303,8.919141,6.919141,10.919141,price_sensitive_uninformed,none,0.000000,-7,358.660233,296.659109,0.490000,296.169109
1163,7.718158,7.472621,5.472621,9.472621,price_sensitive_uninformed,none,0.000000,-7,358.660233,304.633126,0.490000,304.143126
1164,7.366777,7.891178,5.891178,9.891178,price_sensitive_uninformed,none,0.000000,-7,358.660233,307.092791,0.490000,306.602791
1165,6.335437,6.001736,4.001736,8.001736,price_sensitive_uninformed,none,0.000000,-7,358.660233,314.312174,0.490000,313.822174
1166,5.401797,5.564586,3.564586,7.564586,informed,none,0.000000,-7,358.660233,320.847655,0.490000,320.357655
1167,5.247852,4.128456,2.128456,6.128456,price_sensitive_uninformed,none,0.000000,-7,358.660233,321.925268,0.490000,321.435268
1168,4.679351,5.443087,3.443087,7.443087,price_sensitive_uninformed,none,0.000000,-7,358.660233,325.904773,0.490000,325.414773
1169,5.010092,4.703859,2.703859,6.703859,informed,none,0.000000,-7,358.660233,323.589587,0.490000,323.099587
1170,5.020369,5.753370,3.753370,7.753370,informed,none,0.000000,-7,358.660233,323.517653,0.490000,323.027653
1171,6.096169,5.527405,3.527405,7.527405,price_sensitive_uninformed,none,0.000000,-7,358.660233,315.987052,0.490000,315.497052
1172,5.727326,5.851877,3.851877,7.851877,informed,none,0.000000,-7,358.660233,318.568950,0.490000,318.078950
1173,4.740936,3.341977,1.341977,5.341977,informed,none,0.000000,-7,358.660233,325.473680,0.490000,324.983680
1174,3.537849,3.364272,1.364272,5.364272,informed,none,0.000000,-7,358.660233,333.895293,0.490000,333.405293
1175,3.163426,2.057525,0.057525,4.057525,price_sensitive_uninformed,none,0.000000,-7,358.660233,336.516252,0.490000,336.026252
1176,2.916276,1.013203,-0.986797,3.013203,informed,none,0.000000,-7,358.660233,338.246298,0.490000,337.756298
1177,1.842079,2.335432,0.335432,4.335432,price_sensitive_uninformed,none,0.000000,-7,358.660233,345.765682,0.490000,345.275682
1178,2.060909,0.985970,-1.014030,2.985970,price_sensitive_uninformed,none,0.000000,-7,358.660233,344.233867,0.490000,343.743867
1179,2.929695,2.012342,0.012342,4.012342,price_sensitive_uninformed,none,0.000000,-7,358.660233,338.152366,0.490000,337.662366
1180,3.536328,3.852670,1.852670,5.852670,price_sensitive_uninformed,none,0.000000,-7,358.660233,333.905935,0.490000,333.415935
1181,4.317922,4.697463,2.697463,6.697463,price_sensitive_uninformed,none,0.000000,-7,358.660233,328.434776,0.490000,327.944776
1182,3.507655,2.910402,0.910402,4.910402,price_sensitive_uninformed,buy_from_mm,4.910402,-8,363.570635,335.509396,0.640000,334.869396
1183,2.561521,3.316897,1.316897,5.316897,price_sensitive_uninformed,none,0.000000,-8,363.570635,343.078465,0.640000,342.438465
1184,0.970185,0.411521,-1.588479,2.411521,informed,none,0.000000,-8,363.570635,355.809154,0.640000,355.169154
1185,0.890292,3.356300,1.356300,5.356300,informed,sell_to_mm,1.356300,-7,362.214334,355.982290,0.490000,355.492290
1186,1.125213,0.660393,-1.339607,2.660393,informed,none,0.000000,-7,362.214334,354.337841,0.490000,353.847841
1187,1.917617,1.444422,-0.555578,3.444422,price_sensitive_uninformed,none,0.000000,-7,362.214334,348.791015,0.490000,348.301015
1188,2.125389,1.802291,-0.197709,3.802291,informed,none,0.000000,-7,362.214334,347.336615,0.490000,346.846615
1189,1.172133,1.328285,-0.671715,3.328285,informed,none,0.000000,-7,362.214334,354.009404,0.490000,353.519404
1190,2.124253,2.529568,0.529568,4.529568,price_sensitive_uninformed,none,0.000000,-7,362.214334,347.344566,0.490000,346.854566
1191,1.925296,3.322050,1.322050,5.322050,price_sensitive_uninformed,none,0.000000,-7,362.214334,348.737262,0.490000,348.247262
1192,2.577831,4.210766,2.210766,6.210766,informed,none,0.000000,-7,362.214334,344.169516,0.490000,343.679516
1193,1.514182,0.484343,-1.515657,2.484343,price_sensitive_uninformed,none,0.000000,-7,362.214334,351.615063,0.490000,351.125063
1194,1.514886,-0.093222,-2.093222,1.906778,informed,none,0.000000,-7,362.214334,351.610131,0.490000,351.120131
1195,3.175363,4.682409,2.682409,6.682409,price_sensitive_uninformed,none,0.000000,-7,362.214334,339.986797,0.490000,339.496797
1196,2.126015,3.000455,1.000455,5.000455,price_sensitive_uninformed,none,0.000000,-7,362.214334,347.332228,0.490000,346.842228
1197,2.718562,2.497952,0.497952,4.497952,price_sensitive_uninformed,none,0.000000,-7,362.214334,343.184398,0.490000,342.694398
1198,3.234964,3.692598,1.692598,5.692598,price_sensitive_uninformed,none,0.000000,-7,362.214334,339.569589,0.490000,339.079589
1199,3.420719,2.387428,0.387428,4.387428,price_sensitive_uninformed,none,0.000000,-7,362.214334,338.269303,0.490000,337.779303
1200,4.070825,4.957800,2.957800,6.957800,informed,none,0.000000,-7,362.214334,333.718558,0.490000,333.228558
1201,4.719042,3.070377,1.070377,5.070377,price_sensitive_uninformed,none,0.000000,-7,362.214334,329.181044,0.490000,328.691044
1202,3.822952,2.293654,0.293654,4.293654,informed,none,0.000000,-7,362.214334,335.453668,0.490000,334.963668
1203,4.959522,4.763662,2.763662,6.763662,price_sensitive_uninformed,none,0.000000,-7,362.214334,327.497679,0.490000,327.007679
1204,5.945902,6.451322,4.451322,8.451322,price_sensitive_uninformed,none,0.000000,-7,362.214334,320.593021,0.490000,320.103021
1205,6.795058,6.351683,4.351683,8.351683,price_sensitive_uninformed,none,0.000000,-7,362.214334,314.648927,0.490000,314.158927
1206,5.960130,5.558082,3.558082,7.558082,price_sensitive_uninformed,none,0.000000,-7,362.214334,320.493428,0.490000,320.003428
1207,5.974010,6.040300,4.040300,8.040300,informed,none,0.000000,-7,362.214334,320.396265,0.490000,319.906265
1208,5.100009,4.969551,2.969551,6.969551,price_sensitive_uninformed,none,0.000000,-7,362.214334,326.514274,0.490000,326.024274
1209,6.102599,7.735811,5.735811,9.735811,price_sensitive_uninformed,buy_from_mm,9.735811,-8,371.950145,323.129356,0.640000,322.489356
1210,5.726456,5.033771,3.033771,7.033771,informed,none,0.000000,-8,371.950145,326.138496,0.640000,325.498496
1211,4.825202,3.645602,1.645602,5.645602,price_sensitive_uninformed,none,0.000000,-8,371.950145,333.348531,0.640000,332.708531
1212,3.947710,4.302561,2.302561,6.302561,informed,none,0.000000,-8,371.950145,340.368467,0.640000,339.728467
1213,3.481095,3.629975,1.629975,5.629975,informed,none,0.000000,-8,371.950145,344.101384,0.640000,343.461384
1214,4.985607,6.436260,4.436260,8.436260,price_sensitive_uninformed,none,0.000000,-8,371.950145,332.065290,0.640000,331.425290
1215,4.635361,4.382110,2.382110,6.382110,price_sensitive_uninformed,none,0.000000,-8,371.950145,334.867260,0.640000,334.227260
1216,4.754753,3.542740,1.542740,5.542740,price_sensitive_uninformed,none,0.000000,-8,371.950145,333.912119,0.640000,333.272119
1217,5.559757,5.501875,3.501875,7.501875,informed,none,0.000000,-8,371.950145,327.472089,0.640000,326.832089
1218,5.222127,4.402997,2.402997,6.402997,price_sensitive_uninformed,none,0.000000,-8,371.950145,330.173127,0.640000,329.533127
1219,3.830798,4.555210,2.555210,6.555210,informed,none,0.000000,-8,371.950145,341.303765,0.640000,340.663765
1220,2.425173,3.221587,1.221587,5.221587,price_sensitive_uninformed,none,0.000000,-8,371.950145,352.548762,0.640000,351.908762
1221,1.776204,2.604700,0.604700,4.604700,price_sensitive_uninformed,none,0.000000,-8,371.950145,357.740514,0.640000,357.100514
1222,1.920970,2.626654,0.626654,4.626654,price_sensitive_uninformed,none,0.000000,-8,371.950145,356.582385,0.640000,355.942385
1223,0.779024,-0.367206,-2.367206,1.632794,informed,none,0.000000,-8,371.950145,365.717951,0.640000,365.077951
1224,1.189626,1.127514,-0.872486,3.127514,informed,none,0.000000,-8,371.950145,362.433135,0.640000,361.793135
1225,1.980686,0.861774,-1.138226,2.861774,price_sensitive_uninformed,sell_to_mm,-1.138226,-7,373.088371,359.223572,0.490000,358.733572
1226,1.175199,1.711246,-0.288754,3.711246,price_sensitive_uninformed,none,0.000000,-7,373.088371,364.861976,0.490000,364.371976
1227,1.045949,0.728673,-1.271327,2.728673,informed,none,0.000000,-7,373.088371,365.766725,0.490000,365.276725
1228,1.201756,0.633866,-1.366134,2.633866,informed,none,0.000000,-7,373.088371,364.676076,0.490000,364.186076
1229,-0.898264,-2.016498,-4.016498,-0.016498,price_sensitive_uninformed,none,0.000000,-7,373.088371,379.376219,0.490000,378.886219
1230,-3.231117,-3.519271,-5.519271,-1.519271,informed,none,0.000000,-7,373.088371,395.706189,0.490000,395.216189
1231,-1.800861,-3.023861,-5.023861,-1.023861,price_sensitive_uninformed,none,0.000000,-7,373.088371,385.694397,0.490000,385.204397
1232,-3.198477,-4.590772,-6.590772,-2.590772,price_sensitive_uninformed,none,0.000000,-7,373.088371,395.477713,0.490000,394.987713
1233,-3.575990,-4.757916,-6.757916,-2.757916,informed,none,0.000000,-7,373.088371,398.120302,0.490000,397.630302
1234,-4.684393,-4.284464,-6.284464,-2.284464,informed,none,0.000000,-7,373.088371,405.879123,0.490000,405.389123
1235,-4.114849,-4.342346,-6.342346,-2.342346,price_sensitive_uninformed,none,0.000000,-7,373.088371,401.892311,0.490000,401.402311
1236,-5.256396,-5.161634,-7.161634,-3.161634,price_sensitive_uninformed,none,0.000000,-7,373.088371,409.883143,0.490000,409.393143
1237,-5.289032,-3.892155,-5.892155,-1.892155,informed,none,0.000000,-7,373.088371,410.111592,0.490000,409.621592
1238,-3.288186,-2.945938,-4.945938,-0.945938,informed,none,0.000000,-7,373.088371,396.105670,0.490000,395.615670
1239,-3.204933,-3.376884,-5.376884,-1.376884,price_sensitive_uninformed,none,0.000000,-7,373.088371,395.522899,0.490000,395.032899
1240,-4.122813,-4.291394,-6.291394,-2.291394,price_sensitive_uninformed,none,0.000000,-7,373.088371,401.948061,0.490000,401.458061
1241,-5.136884,-3.911197,-5.911197,-1.911197,price_sensitive_uninformed,none,0.000000,-7,373.088371,409.046557,0.490000,408.556557
1242,-5.332486,-5.725037,-7.725037,-3.725037,price_sensitive_uninformed,none,0.000000,-7,373.088371,410.415773,0.490000,409.925773
1243,-4.344548,-5.811775,-7.811775,-3.811775,price_sensitive_uninformed,none,0.000000,-7,373.088371,403.500208,0.490000,403.010208
1244,-6.847913,-8.280460,-10.280460,-6.280460,informed,none,0.000000,-7,373.088371,421.023764,0.490000,420.533764
1245,-7.221036,-7.752955,-9.752955,-5.752955,price_sensitive_uninformed,none,0.000000,-7,373.088371,423.635622,0.490000,423.145622
1246,-7.161455,-6.493771,-8.493771,-4.493771,informed,none,0.000000,-7,373.088371,423.218555,0.490000,422.728555
1247,-6.346672,-6.513376,-8.513376,-4.513376,informed,none,0.000000,-7,373.088371,417.515078,0.490000,417.025078
1248,-6.351995,-5.002999,-7.002999,-3.002999,informed,none,0.000000,-7,373.088371,417.552335,0.490000,417.062335
1249,-5.946244,-6.996990,-8.996990,-4.996990,price_sensitive_uninformed,none,0.000000,-7,373.088371,414.712076,0.490000,414.222076
1250,-6.270107,-6.398594,-8.398594,-4.398594,informed,none,0.000000,-7,373.088371,416.979123,0.490000,416.489123
1251,-6.183635,-6.138524,-8.138524,-4.138524,price_sensitive_uninformed,none,0.000000,-7,373.088371,416.373818,0.490000,415.883818
1252,-5.586059,-6.177630,-8.177630,-4.177630,informed,none,0.000000,-7,373.088371,412.190786,0.490000,411.700786
1253,-5.152978,-5.291976,-7.291976,-3.291976,informed,none,0.000000,-7,373.088371,409.159220,0.490000,408.669220
1254,-5.817281,-6.507674,-8.507674,-4.507674,price_sensitive_uninformed,none,0.000000,-7,373.088371,413.809338,0.490000,413.319338
1255,-6.232122,-5.689600,-7.689600,-3.689600,informed,none,0.000000,-7,373.088371,416.713224,0.490000,416.223224
1256,-5.531599,-4.878520,-6.878520,-2.878520,price_sensitive_uninformed,none,0.000000,-7,373.088371,411.809565,0.490000,411.319565
1257,-3.797802,-2.430233,-4.430233,-0.430233,price_sensitive_uninformed,sell_to_mm,-4.430233,-6,377.518604,400.305414,0.360000,399.945414
1258,-4.526176,-4.337073,-6.337073,-2.337073,price_sensitive_uninformed,none,0.000000,-6,377.518604,404.675661,0.360000,404.315661
1259,-4.761600,-4.233520,-6.233520,-2.233520,price_sensitive_uninformed,none,0.000000,-6,377.518604,406.088204,0.360000,405.728204
1260,-3.672152,-2.494319,-4.494319,-0.494319,price_sensitive_uninformed,none,0.000000,-6,377.518604,399.551516,0.360000,399.191516
1261,-2.378116,-1.955805,-3.955805,0.044195,price_sensitive_uninformed,none,0.000000,-6,377.518604,391.787301,0.360000,391.427301
1262,-2.088705,-2.878336,-4.878336,-0.878336,price_sensitive_uninformed,none,0.000000,-6,377.518604,390.050832,0.360000,389.690832
1263,-2.405982,-2.994848,-4.994848,-0.994848,informed,none,0.000000,-6,377.518604,391.954497,0.360000,391.594497
1264,-2.509695,-2.672890,-4.672890,-0.672890,informed,none,0.000000,-6,377.518604,392.576772,0.360000,392.216772
1265,-2.477027,-1.827048,-3.827048,0.172952,informed,none,0.000000,-6,377.518604,392.380768,0.360000,392.020768
1266,-1.942618,-1.613268,-3.613268,0.386732,price_sensitive_uninformed,none,0.000000,-6,377.518604,389.174312,0.360000,388.814312
1267,-1.961674,-2.428042,-4.428042,-0.428042,price_sensitive_uninformed,none,0.000000,-6,377.518604,389.288647,0.360000,388.928647
1268,-0.608733,-1.020554,-3.020554,0.979446,price_sensitive_uninformed,none,0.000000,-6,377.518604,381.171002,0.360000,380.811002
1269,-0.161567,-1.747117,-3.747117,0.252883,informed,none,0.000000,-6,377.518604,378.488007,0.360000,378.128007
1270,-1.720170,-2.895866,-4.895866,-0.895866,price_sensitive_uninformed,buy_from_mm,-0.895866,-7,376.622737,388.663928,0.490000,388.173928
1271,-2.999640,-3.815913,-5.815913,-1.815913,informed,none,0.000000,-7,376.622737,397.620217,0.490000,397.130217
1272,-3.714426,-5.226089,-7.226089,-3.226089,price_sensitive_uninformed,sell_to_mm,-7.226089,-6,383.848826,406.135384,0.360000,405.775384
1273,-2.989647,-4.370724,-6.370724,-2.370724,price_sensitive_uninformed,none,0.000000,-6,383.848826,401.786708,0.360000,401.426708
1274,-2.454545,-2.520383,-4.520383,-0.520383,price_sensitive_uninformed,none,0.000000,-6,383.848826,398.576099,0.360000,398.216099
1275,-2.631678,-3.064615,-5.064615,-1.064615,informed,none,0.000000,-6,383.848826,399.638896,0.360000,399.278896
1276,-3.914577,-3.797794,-5.797794,-1.797794,informed,none,0.000000,-6,383.848826,407.336289,0.360000,406.976289
1277,-5.117128,-6.547078,-8.547078,-4.547078,price_sensitive_uninformed,none,0.000000,-6,383.848826,414.551597,0.360000,414.191597
1278,-6.789272,-7.178238,-9.178238,-5.178238,price_sensitive_uninformed,none,0.000000,-6,383.848826,424.584457,0.360000,424.224457
1279,-7.071126,-7.383275,-9.383275,-5.383275,price_sensitive_uninformed,none,0.000000,-6,383.848826,426.275584,0.360000,425.915584
1280,-6.378837,-7.114099,-9.114099,-5.114099,informed,none,0.000000,-6,383.848826,422.121848,0.360000,421.761848
1281,-5.466063,-2.583197,-4.583197,-0.583197,price_sensitive_uninformed,none,0.000000,-6,383.848826,416.645206,0.360000,416.285206
1282,-6.043660,-6.694573,-8.694573,-4.694573,informed,none,0.000000,-6,383.848826,420.110787,0.360000,419.750787
1283,-3.787671,-4.947106,-6.947106,-2.947106,informed,none,0.000000,-6,383.848826,406.574854,0.360000,406.214854
1284,-2.841548,-1.787332,-3.787332,0.212668,price_sensitive_uninformed,none,0.000000,-6,383.848826,400.898115,0.360000,400.538115
1285,-3.264722,-1.841839,-3.841839,0.158161,price_sensitive_uninformed,none,0.000000,-6,383.848826,403.437157,0.360000,403.077157
1286,-1.192347,-1.458466,-3.458466,0.541534,informed,none,0.000000,-6,383.848826,391.002906,0.360000,390.642906
1287,-1.419755,-2.366840,-4.366840,-0.366840,informed,none,0.000000,-6,383.848826,392.367359,0.360000,392.007359
1288,-0.665474,-0.494841,-2.494841,1.505159,price_sensitive_uninformed,none,0.000000,-6,383.848826,387.841671,0.360000,387.481671
1289,-2.075224,-1.250120,-3.250120,0.749880,price_sensitive_uninformed,none,0.000000,-6,383.848826,396.300171,0.360000,395.940171
1290,-1.002866,-2.882495,-4.882495,-0.882495,price_sensitive_uninformed,none,0.000000,-6,383.848826,389.866022,0.360000,389.506022
1291,-1.327426,-2.713775,-4.713775,-0.713775,informed,none,0.000000,-6,383.848826,391.813380,0.360000,391.453380
1292,-1.948655,-0.045087,-2.045087,1.954913,price_sensitive_uninformed,none,0.000000,-6,383.848826,395.540758,0.360000,395.180758
1293,-2.476366,-3.849604,-5.849604,-1.849604,price_sensitive_uninformed,none,0.000000,-6,383.848826,398.707023,0.360000,398.347023
1294,-3.504944,-4.123290,-6.123290,-2.123290,informed,none,0.000000,-6,383.848826,404.878489,0.360000,404.518489
1295,-1.565184,-0.507863,-2.507863,1.492137,price_sensitive_uninformed,none,0.000000,-6,383.848826,393.239932,0.360000,392.879932
1296,-1.483807,-1.677796,-3.677796,0.322204,informed,none,0.000000,-6,383.848826,392.751668,0.360000,392.391668
1297,-1.060173,-0.796932,-2.796932,1.203068,informed,none,0.000000,-6,383.848826,390.209866,0.360000,389.849866
1298,-1.257039,-1.213335,-3.213335,0.786665,price_sensitive_uninformed,none,0.000000,-6,383.848826,391.391063,0.360000,391.031063
1299,-1.797309,-0.732426,-2.732426,1.267574,price_sensitive_uninformed,none,0.000000,-6,383.848826,394.632683,0.360000,394.272683
1300,-1.028529,-1.817559,-3.817559,0.182441,price_sensitive_uninformed,none,0.000000,-6,383.848826,390.020001,0.360000,389.660001
1301,-0.989987,-1.259820,-3.259820,0.740180,informed,none,0.000000,-6,383.848826,389.788750,0.360000,389.428750
1302,-0.727367,-0.487583,-2.487583,1.512417,price_sensitive_uninformed,none,0.000000,-6,383.848826,388.213029,0.360000,387.853029
1303,0.452478,-0.161298,-2.161298,1.838702,price_sensitive_uninformed,none,0.000000,-6,383.848826,381.133958,0.360000,380.773958
1304,-0.275065,0.022899,-1.977101,2.022899,price_sensitive_uninformed,none,0.000000,-6,383.848826,385.499217,0.360000,385.139217
1305,-0.147361,-1.158784,-3.158784,0.841216,informed,none,0.000000,-6,383.848826,384.732991,0.360000,384.372991
1306,-0.118537,0.087863,-1.912137,2.087863,price_sensitive_uninformed,none,0.000000,-6,383.848826,384.560047,0.360000,384.200047
1307,0.962985,1.350038,-0.649962,3.350038,price_sensitive_uninformed,none,0.000000,-6,383.848826,378.070918,0.360000,377.710918
1308,1.798613,3.266704,1.266704,5.266704,price_sensitive_uninformed,none,0.000000,-6,383.848826,373.057147,0.360000,372.697147
1309,-0.453911,-0.633658,-2.633658,1.366342,price_sensitive_uninformed,none,0.000000,-6,383.848826,386.572290,0.360000,386.212290
1310,0.193849,-0.999180,-2.999180,1.000820,price_sensitive_uninformed,none,0.000000,-6,383.848826,382.685734,0.360000,382.325734
1311,0.295324,-0.482313,-2.482313,1.517687,price_sensitive_uninformed,none,0.000000,-6,383.848826,382.076884,0.360000,381.716884
1312,1.777053,2.409260,0.409260,4.409260,informed,none,0.000000,-6,383.848826,373.186507,0.360000,372.826507
1313,1.375485,2.069249,0.069249,4.069249,price_sensitive_uninformed,none,0.000000,-6,383.848826,375.595917,0.360000,375.235917
1314,1.439652,1.648756,-0.351244,3.648756,price_sensitive_uninformed,none,0.000000,-6,383.848826,375.210913,0.360000,374.850913
1315,1.291864,1.399018,-0.600982,3.399018,informed,none,0.000000,-6,383.848826,376.097642,0.360000,375.737642
1316,1.322270,2.033803,0.033803,4.033803,informed,none,0.000000,-6,383.848826,375.915205,0.360000,375.555205
1317,1.424893,2.394622,0.394622,4.394622,price_sensitive_uninformed,none,0.000000,-6,383.848826,375.299468,0.360000,374.939468
1318,1.181941,-0.559841,-2.559841,1.440159,price_sensitive_uninformed,none,0.000000,-6,383.848826,376.757183,0.360000,376.397183
1319,1.461187,0.009162,-1.990838,2.009162,informed,none,0.000000,-6,383.848826,375.081707,0.360000,374.721707
1320,2.053816,1.228431,-0.771569,3.228431,price_sensitive_uninformed,none,0.000000,-6,383.848826,371.525931,0.360000,371.165931
1321,3.004294,3.518132,1.518132,5.518132,informed,none,0.000000,-6,383.848826,365.823061,0.360000,365.463061
1322,3.854205,4.052928,2.052928,6.052928,informed,none,0.000000,-6,383.848826,360.723598,0.360000,360.363598
1323,3.652357,2.046934,0.046934,4.046934,price_sensitive_uninformed,none,0.000000,-6,383.848826,361.934683,0.360000,361.574683
1324,2.241053,1.928772,-0.071228,3.928772,price_sensitive_uninformed,sell_to_mm,-0.071228,-5,383.920054,372.714788,0.250000,372.464788
1325,3.788513,5.448929,3.448929,7.448929,price_sensitive_uninformed,none,0.000000,-5,383.920054,364.977489,0.250000,364.727489
1326,3.027564,2.191929,0.191929,4.191929,price_sensitive_uninformed,none,0.000000,-5,383.920054,368.782235,0.250000,368.532235
1327,3.052093,1.442950,-0.557050,3.442950,informed,none,0.000000,-5,383.920054,368.659587,0.250000,368.409587
1328,2.161621,2.117815,0.117815,4.117815,price_sensitive_uninformed,none,0.000000,-5,383.920054,373.111950,0.250000,372.861950
1329,1.590645,2.590152,0.590152,4.590152,price_sensitive_uninformed,none,0.000000,-5,383.920054,375.966831,0.250000,375.716831
1330,0.652177,0.618906,-1.381094,2.618906,price_sensitive_uninformed,sell_to_mm,-1.381094,-4,385.301148,382.692438,0.160000,382.532438
1331,-0.308751,-0.015204,-2.015204,1.984796,price_sensitive_uninformed,none,0.000000,-4,385.301148,386.536154,0.160000,386.376154
1332,0.120864,0.684113,-1.315887,2.684113,price_sensitive_uninformed,none,0.000000,-4,385.301148,384.817693,0.160000,384.657693
1333,0.535310,-0.645334,-2.645334,1.354666,price_sensitive_uninformed,none,0.000000,-4,385.301148,383.159907,0.160000,382.999907
1334,-0.035876,-1.106361,-3.106361,0.893639,informed,none,0.000000,-4,385.301148,385.444654,0.160000,385.284654
1335,0.380027,-0.238522,-2.238522,1.761478,price_sensitive_uninformed,none,0.000000,-4,385.301148,383.781039,0.160000,383.621039
1336,1.375511,-0.433124,-2.433124,1.566876,informed,none,0.000000,-4,385.301148,379.799102,0.160000,379.639102
1337,0.755171,1.294511,-0.705489,3.294511,price_sensitive_uninformed,none,0.000000,-4,385.301148,382.280465,0.160000,382.120465
1338,-0.092723,0.201098,-1.798902,2.201098,informed,none,0.000000,-4,385.301148,385.672042,0.160000,385.512042
1339,-1.134637,-0.830853,-2.830853,1.169147,price_sensitive_uninformed,none,0.000000,-4,385.301148,389.839697,0.160000,389.679697
1340,-0.862755,-1.353030,-3.353030,0.646970,price_sensitive_uninformed,none,0.000000,-4,385.301148,388.752168,0.160000,388.592168
1341,-0.824776,0.439503,-1.560497,2.439503,informed,none,0.000000,-4,385.301148,388.600254,0.160000,388.440254
1342,-0.739660,-0.140040,-2.140040,1.859960,informed,none,0.000000,-4,385.301148,388.259787,0.160000,388.099787
1343,-0.639891,0.456683,-1.543317,2.456683,price_sensitive_uninformed,none,0.000000,-4,385.301148,387.860711,0.160000,387.700711
1344,-0.870276,-1.126374,-3.126374,0.873626,informed,none,0.000000,-4,385.301148,388.782251,0.160000,388.622251
1345,-2.733412,-2.563187,-4.563187,-0.563187,price_sensitive_uninformed,none,0.000000,-4,385.301148,396.234797,0.160000,396.074797
1346,-2.281736,-1.956953,-3.956953,0.043047,price_sensitive_uninformed,none,0.000000,-4,385.301148,394.428093,0.160000,394.268093
1347,-1.831826,-2.396908,-4.396908,-0.396908,informed,none,0.000000,-4,385.301148,392.628452,0.160000,392.468452
1348,-1.655235,-2.101028,-4.101028,-0.101028,price_sensitive_uninformed,none,0.000000,-4,385.301148,391.922088,0.160000,391.762088
1349,-1.052932,-2.559883,-4.559883,-0.559883,price_sensitive_uninformed,none,0.000000,-4,385.301148,389.512876,0.160000,389.352876
1350,-1.845083,-2.714064,-4.714064,-0.714064,price_sensitive_uninformed,none,0.000000,-4,385.301148,392.681482,0.160000,392.521482
1351,-2.147387,-2.716936,-4.716936,-0.716936,informed,none,0.000000,-4,385.301148,393.890696,0.160000,393.730696
1352,-2.488321,-3.698593,-5.698593,-1.698593,price_sensitive_uninformed,none,0.000000,-4,385.301148,395.254432,0.160000,395.094432
1353,-1.120184,-1.785258,-3.785258,0.214742,price_sensitive_uninformed,none,0.000000,-4,385.301148,389.781883,0.160000,389.621883
1354,-0.243143,-1.421001,-3.421001,0.578999,informed,none,0.000000,-4,385.301148,386.273721,0.160000,386.113721
1355,-0.540180,-0.077800,-2.077800,1.922200,informed,none,0.000000,-4,385.301148,387.461869,0.160000,387.301869
1356,0.252429,-1.127846,-3.127846,0.872154,informed,none,0.000000,-4,385.301148,384.291432,0.160000,384.131432
1357,1.775642,0.726061,-1.273939,2.726061,price_sensitive_uninformed,none,0.000000,-4,385.301148,378.198579,0.160000,378.038579
1358,1.838857,1.381587,-0.618413,3.381587,price_sensitive_uninformed,none,0.000000,-4,385.301148,377.945719,0.160000,377.785719
1359,2.423969,1.852464,-0.147536,3.852464,price_sensitive_uninformed,none,0.000000,-4,385.301148,375.605273,0.160000,375.445273
1360,2.166423,3.081312,1.081312,5.081312,price_sensitive_uninformed,none,0.000000,-4,385.301148,376.635457,0.160000,376.475457
1361,2.947266,1.926641,-0.073359,3.926641,price_sensitive_uninformed,none,0.000000,-4,385.301148,373.512084,0.160000,373.352084
1362,4.443982,3.533041,1.533041,5.533041,price_sensitive_uninformed,none,0.000000,-4,385.301148,367.525219,0.160000,367.365219
1363,4.989528,5.010730,3.010730,7.010730,price_sensitive_uninformed,none,0.000000,-4,385.301148,365.343035,0.160000,365.183035
1364,5.971441,6.836994,4.836994,8.836994,informed,none,0.000000,-4,385.301148,361.415386,0.160000,361.255386
1365,7.388320,8.366816,6.366816,10.366816,price_sensitive_uninformed,none,0.000000,-4,385.301148,355.747866,0.160000,355.587866
1366,8.695797,8.071454,6.071454,10.071454,informed,none,0.000000,-4,385.301148,350.517961,0.160000,350.357961
1367,9.497751,9.169767,7.169767,11.169767,price_sensitive_uninformed,buy_from_mm,11.169767,-5,396.470916,348.982159,0.250000,348.732159
1368,10.948467,10.607253,8.607253,12.607253,price_sensitive_uninformed,none,0.000000,-5,396.470916,341.728579,0.250000,341.478579
1369,10.731091,9.425846,7.425846,11.425846,price_sensitive_uninformed,none,0.000000,-5,396.470916,342.815460,0.250000,342.565460
1370,11.211270,11.556247,9.556247,13.556247,price_sensitive_uninformed,none,0.000000,-5,396.470916,340.414567,0.250000,340.164567
1371,10.527493,8.865706,6.865706,10.865706,price_sensitive_uninformed,none,0.000000,-5,396.470916,343.833451,0.250000,343.583451
1372,9.666937,9.918494,7.918494,11.918494,informed,none,0.000000,-5,396.470916,348.136229,0.250000,347.886229
1373,10.385368,11.153895,9.153895,13.153895,price_sensitive_uninformed,none,0.000000,-5,396.470916,344.544077,0.250000,344.294077
1374,10.584202,8.847792,6.847792,10.847792,informed,none,0.000000,-5,396.470916,343.549905,0.250000,343.299905
1375,9.942065,8.757403,6.757403,10.757403,informed,none,0.000000,-5,396.470916,346.760592,0.250000,346.510592
1376,10.587167,9.797343,7.797343,11.797343,price_sensitive_uninformed,none,0.000000,-5,396.470916,343.535082,0.250000,343.285082
1377,9.582014,9.352683,7.352683,11.352683,price_sensitive_uninformed,none,0.000000,-5,396.470916,348.560847,0.250000,348.310847
1378,9.858368,9.537580,7.537580,11.537580,price_sensitive_uninformed,sell_to_mm,7.537580,-4,388.933335,349.499862,0.160000,349.339862
1379,10.574284,8.745863,6.745863,10.745863,informed,none,0.000000,-4,388.933335,346.636199,0.160000,346.476199
1380,9.554590,9.543572,7.543572,11.543572,price_sensitive_uninformed,none,0.000000,-4,388.933335,350.714977,0.160000,350.554977
1381,10.536992,10.436024,8.436024,12.436024,price_sensitive_uninformed,none,0.000000,-4,388.933335,346.785366,0.160000,346.625366
1382,9.629141,9.431408,7.431408,11.431408,price_sensitive_uninformed,none,0.000000,-4,388.933335,350.416771,0.160000,350.256771
1383,8.919560,9.604864,7.604864,11.604864,informed,none,0.000000,-4,388.933335,353.255095,0.160000,353.095095
1384,8.387816,9.082633,7.082633,11.082633,price_sensitive_uninformed,sell_to_mm,7.082633,-3,381.850702,356.687254,0.090000,356.597254
1385,7.402753,6.016805,4.016805,8.016805,informed,none,0.000000,-3,381.850702,359.642442,0.090000,359.552442
1386,8.384202,9.400442,7.400442,11.400442,price_sensitive_uninformed,buy_from_mm,11.400442,-4,393.251144,359.714335,0.160000,359.554335
1387,8.349650,8.484218,6.484218,10.484218,price_sensitive_uninformed,none,0.000000,-4,393.251144,359.852545,0.160000,359.692545
1388,6.193930,7.455639,5.455639,9.455639,informed,none,0.000000,-4,393.251144,368.475424,0.160000,368.315424
1389,9.069113,10.387343,8.387343,12.387343,price_sensitive_uninformed,none,0.000000,-4,393.251144,356.974694,0.160000,356.814694
1390,8.016523,8.875151,6.875151,10.875151,informed,none,0.000000,-4,393.251144,361.185052,0.160000,361.025052
1391,8.035005,8.055666,6.055666,10.055666,price_sensitive_uninformed,none,0.000000,-4,393.251144,361.111124,0.160000,360.951124
1392,9.523715,9.657402,7.657402,11.657402,price_sensitive_uninformed,none,0.000000,-4,393.251144,355.156285,0.160000,354.996285
1393,11.968778,12.392435,10.392435,14.392435,price_sensitive_uninformed,none,0.000000,-4,393.251144,345.376034,0.160000,345.216034
1394,11.950564,12.807880,10.807880,14.807880,informed,none,0.000000,-4,393.251144,345.448889,0.160000,345.288889
1395,11.393516,10.353114,8.353114,12.353114,price_sensitive_uninformed,none,0.000000,-4,393.251144,347.677080,0.160000,347.517080
1396,13.345459,12.815644,10.815644,14.815644,informed,none,0.000000,-4,393.251144,339.869308,0.160000,339.709308
1397,13.010461,13.874806,11.874806,15.874806,price_sensitive_uninformed,none,0.000000,-4,393.251144,341.209301,0.160000,341.049301
1398,12.772111,11.864210,9.864210,13.864210,informed,none,0.000000,-4,393.251144,342.162701,0.160000,342.002701
1399,11.045297,11.109245,9.109245,13.109245,price_sensitive_uninformed,none,0.000000,-4,393.251144,349.069957,0.160000,348.909957
1400,10.759893,8.854817,6.854817,10.854817,price_sensitive_uninformed,none,0.000000,-4,393.251144,350.211572,0.160000,350.051572
1401,8.928509,8.533412,6.533412,10.533412,price_sensitive_uninformed,none,0.000000,-4,393.251144,357.537108,0.160000,357.377108
1402,9.102392,8.353324,6.353324,10.353324,informed,none,0.000000,-4,393.251144,356.841577,0.160000,356.681577
1403,8.738794,7.483242,5.483242,9.483242,price_sensitive_uninformed,none,0.000000,-4,393.251144,358.295968,0.160000,358.135968
1404,8.222501,7.721630,5.721630,9.721630,price_sensitive_uninformed,none,0.000000,-4,393.251144,360.361139,0.160000,360.201139
1405,6.897969,5.258727,3.258727,7.258727,informed,none,0.000000,-4,393.251144,365.659269,0.160000,365.499269
1406,6.546169,4.888918,2.888918,6.888918,price_sensitive_uninformed,none,0.000000,-4,393.251144,367.066468,0.160000,366.906468
1407,7.896466,6.910743,4.910743,8.910743,informed,none,0.000000,-4,393.251144,361.665281,0.160000,361.505281
1408,7.773304,7.516057,5.516057,9.516057,informed,none,0.000000,-4,393.251144,362.157930,0.160000,361.997930
1409,7.599015,8.592619,6.592619,10.592619,informed,none,0.000000,-4,393.251144,362.855086,0.160000,362.695086
1410,8.227057,6.479679,4.479679,8.479679,price_sensitive_uninformed,none,0.000000,-4,393.251144,360.342915,0.160000,360.182915
1411,8.610253,9.392447,7.392447,11.392447,price_sensitive_uninformed,none,0.000000,-4,393.251144,358.810133,0.160000,358.650133
1412,7.664853,8.289084,6.289084,10.289084,informed,none,0.000000,-4,393.251144,362.591732,0.160000,362.431732
1413,8.832759,8.629104,6.629104,10.629104,price_sensitive_uninformed,none,0.000000,-4,393.251144,357.920110,0.160000,357.760110
1414,8.164396,9.541688,7.541688,11.541688,informed,none,0.000000,-4,393.251144,360.593561,0.160000,360.433561
1415,8.704587,9.590737,7.590737,11.590737,price_sensitive_uninformed,none,0.000000,-4,393.251144,358.432797,0.160000,358.272797
1416,7.944341,7.932210,5.932210,9.932210,price_sensitive_uninformed,none,0.000000,-4,393.251144,361.473780,0.160000,361.313780
1417,5.831955,5.520583,3.520583,7.520583,price_sensitive_uninformed,none,0.000000,-4,393.251144,369.923325,0.160000,369.763325
1418,4.708237,5.062113,3.062113,7.062113,price_sensitive_uninformed,none,0.000000,-4,393.251144,374.418196,0.160000,374.258196
1419,4.129410,3.978746,1.978746,5.978746,price_sensitive_uninformed,none,0.000000,-4,393.251144,376.733503,0.160000,376.573503
1420,3.604141,4.556833,2.556833,6.556833,price_sensitive_uninformed,none,0.000000,-4,393.251144,378.834582,0.160000,378.674582
1421,3.548482,1.426591,-0.573409,3.426591,price_sensitive_uninformed,none,0.000000,-4,393.251144,379.057216,0.160000,378.897216
1422,3.657560,5.489760,3.489760,7.489760,price_sensitive_uninformed,none,0.000000,-4,393.251144,378.620905,0.160000,378.460905
1423,4.012709,3.532384,1.532384,5.532384,informed,none,0.000000,-4,393.251144,377.200308,0.160000,377.040308
1424,3.696223,4.332466,2.332466,6.332466,price_sensitive_uninformed,none,0.000000,-4,393.251144,378.466252,0.160000,378.306252
1425,4.920306,4.982667,2.982667,6.982667,price_sensitive_uninformed,sell_to_mm,2.982667,-3,390.268477,375.507558,0.090000,375.417558
1426,5.095763,3.816747,1.816747,5.816747,price_sensitive_uninformed,none,0.000000,-3,390.268477,374.981187,0.090000,374.891187
1427,6.706224,7.650684,5.650684,9.650684,informed,none,0.000000,-3,390.268477,370.149805,0.090000,370.059805
1428,7.081444,7.198793,5.198793,9.198793,price_sensitive_uninformed,none,0.000000,-3,390.268477,369.024146,0.090000,368.934146
1429,7.358668,6.339286,4.339286,8.339286,price_sensitive_uninformed,none,0.000000,-3,390.268477,368.192473,0.090000,368.102473
1430,7.680951,5.978889,3.978889,7.978889,informed,none,0.000000,-3,390.268477,367.225623,0.090000,367.135623
1431,8.634674,8.697310,6.697310,10.697310,price_sensitive_uninformed,none,0.000000,-3,390.268477,364.364456,0.090000,364.274456
1432,7.733457,9.130881,7.130881,11.130881,informed,none,0.000000,-3,390.268477,367.068107,0.090000,366.978107
1433,8.826493,8.852701,6.852701,10.852701,price_sensitive_uninformed,none,0.000000,-3,390.268477,363.788999,0.090000,363.698999
1434,9.937958,10.812979,8.812979,12.812979,price_sensitive_uninformed,none,0.000000,-3,390.268477,360.454602,0.090000,360.364602
1435,11.785960,12.577112,10.577112,14.577112,informed,none,0.000000,-3,390.268477,354.910597,0.090000,354.820597
1436,12.064289,11.992391,9.992391,13.992391,informed,none,0.000000,-3,390.268477,354.075610,0.090000,353.985610
1437,11.162225,9.362952,7.362952,11.362952,price_sensitive_uninformed,none,0.000000,-3,390.268477,356.781801,0.090000,356.691801
1438,11.186159,11.057076,9.057076,13.057076,price_sensitive_uninformed,none,0.000000,-3,390.268477,356.709999,0.090000,356.619999
1439,10.143221,9.580834,7.580834,11.580834,informed,none,0.000000,-3,390.268477,359.838814,0.090000,359.748814
1440,10.926230,11.249048,9.249048,13.249048,informed,none,0.000000,-3,390.268477,357.489787,0.090000,357.399787
1441,11.489719,10.313629,8.313629,12.313629,price_sensitive_uninformed,none,0.000000,-3,390.268477,355.799321,0.090000,355.709321
1442,13.489801,13.333736,11.333736,15.333736,informed,none,0.000000,-3,390.268477,349.799075,0.090000,349.709075
1443,14.420925,15.505931,13.505931,17.505931,price_sensitive_uninformed,none,0.000000,-3,390.268477,347.005702,0.090000,346.915702
1444,13.986074,13.131241,11.131241,15.131241,price_sensitive_uninformed,none,0.000000,-3,390.268477,348.310255,0.090000,348.220255
1445,13.375698,13.767587,11.767587,15.767587,price_sensitive_uninformed,none,0.000000,-3,390.268477,350.141383,0.090000,350.051383
1446,12.798889,14.593958,12.593958,16.593958,price_sensitive_uninformed,none,0.000000,-3,390.268477,351.871809,0.090000,351.781809
1447,12.901875,12.071844,10.071844,14.071844,price_sensitive_uninformed,none,0.000000,-3,390.268477,351.562853,0.090000,351.472853
1448,13.853520,14.440758,12.440758,16.440758,informed,none,0.000000,-3,390.268477,348.707918,0.090000,348.617918
1449,14.657357,14.471296,12.471296,16.471296,informed,none,0.000000,-3,390.268477,346.296408,0.090000,346.206408
1450,15.105909,13.939624,11.939624,15.939624,informed,none,0.000000,-3,390.268477,344.950750,0.090000,344.860750
1451,16.549221,15.319605,13.319605,17.319605,informed,none,0.000000,-3,390.268477,340.620816,0.090000,340.530816
1452,15.740805,15.547580,13.547580,17.547580,price_sensitive_uninformed,none,0.000000,-3,390.268477,343.046063,0.090000,342.956063
1453,15.231855,15.475653,13.475653,17.475653,price_sensitive_uninformed,none,0.000000,-3,390.268477,344.572912,0.090000,344.482912
1454,16.515943,15.535864,13.535864,17.535864,price_sensitive_uninformed,none,0.000000,-3,390.268477,340.720650,0.090000,340.630650
1455,16.643171,15.220842,13.220842,17.220842,informed,none,0.000000,-3,390.268477,340.338964,0.090000,340.248964
1456,17.729771,18.488109,16.488109,20.488109,price_sensitive_uninformed,none,0.000000,-3,390.268477,337.079163,0.090000,336.989163
1457,16.778654,16.949575,14.949575,18.949575,informed,none,0.000000,-3,390.268477,339.932515,0.090000,339.842515
1458,14.984490,16.580702,14.580702,18.580702,price_sensitive_uninformed,none,0.000000,-3,390.268477,345.315007,0.090000,345.225007
1459,14.553243,14.720633,12.720633,16.720633,price_sensitive_uninformed,none,0.000000,-3,390.268477,346.608749,0.090000,346.518749
1460,15.912465,15.655472,13.655472,17.655472,price_sensitive_uninformed,none,0.000000,-3,390.268477,342.531083,0.090000,342.441083
1461,16.172412,15.377181,13.377181,17.377181,price_sensitive_uninformed,none,0.000000,-3,390.268477,341.751240,0.090000,341.661240
1462,15.412916,15.170317,13.170317,17.170317,informed,none,0.000000,-3,390.268477,344.029729,0.090000,343.939729
1463,16.241857,14.737691,12.737691,16.737691,informed,none,0.000000,-3,390.268477,341.542906,0.090000,341.452906
1464,16.471222,17.686843,15.686843,19.686843,informed,none,0.000000,-3,390.268477,340.854812,0.090000,340.764812
1465,15.709897,14.840048,12.840048,16.840048,informed,none,0.000000,-3,390.268477,343.138786,0.090000,343.048786
1466,16.334534,15.969241,13.969241,17.969241,informed,none,0.000000,-3,390.268477,341.264877,0.090000,341.174877
1467,18.101774,19.389825,17.389825,21.389825,price_sensitive_uninformed,none,0.000000,-3,390.268477,335.963156,0.090000,335.873156
1468,19.790525,19.346542,17.346542,21.346542,informed,none,0.000000,-3,390.268477,330.896903,0.090000,330.806903
1469,20.567719,18.556805,16.556805,20.556805,informed,buy_from_mm,20.556805,-4,410.825283,328.554406,0.160000,328.394406
1470,18.781756,19.300717,17.300717,21.300717,informed,none,0.000000,-4,410.825283,335.698259,0.160000,335.538259
1471,20.128674,18.806384,16.806384,20.806384,price_sensitive_uninformed,none,0.000000,-4,410.825283,330.310586,0.160000,330.150586
1472,20.115266,20.216518,18.216518,22.216518,price_sensitive_uninformed,buy_from_mm,22.216518,-5,433.041801,332.465469,0.250000,332.215469
1473,18.961745,19.988921,17.988921,21.988921,price_sensitive_uninformed,none,0.000000,-5,433.041801,338.233074,0.250000,337.983074
1474,20.091083,18.984223,16.984223,20.984223,price_sensitive_uninformed,sell_to_mm,16.984223,-4,416.057578,335.693246,0.160000,335.533246
1475,20.848062,22.714746,20.714746,24.714746,price_sensitive_uninformed,none,0.000000,-4,416.057578,332.665328,0.160000,332.505328
1476,19.836618,18.627621,16.627621,20.627621,informed,none,0.000000,-4,416.057578,336.711107,0.160000,336.551107
1477,20.583612,20.583302,18.583302,22.583302,informed,none,0.000000,-4,416.057578,333.723132,0.160000,333.563132
1478,18.913982,20.650143,18.650143,22.650143,price_sensitive_uninformed,none,0.000000,-4,416.057578,340.401649,0.160000,340.241649
1479,18.272754,16.427503,14.427503,18.427503,price_sensitive_uninformed,none,0.000000,-4,416.057578,342.966561,0.160000,342.806561
1480,16.925982,15.516570,13.516570,17.516570,price_sensitive_uninformed,none,0.000000,-4,416.057578,348.353649,0.160000,348.193649
1481,18.088036,17.473050,15.473050,19.473050,price_sensitive_uninformed,none,0.000000,-4,416.057578,343.705433,0.160000,343.545433
1482,17.867235,18.245012,16.245012,20.245012,informed,none,0.000000,-4,416.057578,344.588637,0.160000,344.428637
1483,18.829006,17.341644,15.341644,19.341644,price_sensitive_uninformed,sell_to_mm,15.341644,-3,400.715934,344.228917,0.090000,344.138917
1484,19.154172,19.369796,17.369796,21.369796,price_sensitive_uninformed,none,0.000000,-3,400.715934,343.253417,0.090000,343.163417
1485,20.267474,21.078988,19.078988,23.078988,informed,none,0.000000,-3,400.715934,339.913512,0.090000,339.823512
1486,20.879376,21.763886,19.763886,23.763886,price_sensitive_uninformed,buy_from_mm,23.763886,-4,424.479820,340.962315,0.160000,340.802315
1487,20.894091,21.441639,19.441639,23.441639,price_sensitive_uninformed,none,0.000000,-4,424.479820,340.903458,0.160000,340.743458
1488,21.709687,22.770701,20.770701,24.770701,informed,none,0.000000,-4,424.479820,337.641074,0.160000,337.481074
1489,22.477580,23.602108,21.602108,25.602108,informed,none,0.000000,-4,424.479820,334.569501,0.160000,334.409501
1490,22.572451,21.044925,19.044925,23.044925,informed,none,0.000000,-4,424.479820,334.190015,0.160000,334.030015
1491,23.639517,23.454471,21.454471,25.454471,price_sensitive_uninformed,none,0.000000,-4,424.479820,329.921752,0.160000,329.761752
1492,23.106964,22.785529,20.785529,24.785529,price_sensitive_uninformed,none,0.000000,-4,424.479820,332.051963,0.160000,331.891963
1493,21.863522,20.671288,18.671288,22.671288,price_sensitive_uninformed,none,0.000000,-4,424.479820,337.025732,0.160000,336.865732
1494,22.766332,22.829171,20.829171,24.829171,informed,none,0.000000,-4,424.479820,333.414491,0.160000,333.254491
1495,22.370154,23.749018,21.749018,25.749018,informed,none,0.000000,-4,424.479820,334.999204,0.160000,334.839204
1496,23.887879,23.717953,21.717953,25.717953,price_sensitive_uninformed,none,0.000000,-4,424.479820,328.928304,0.160000,328.768304
1497,23.947445,24.291463,22.291463,26.291463,price_sensitive_uninformed,none,0.000000,-4,424.479820,328.690039,0.160000,328.530039
1498,24.627505,24.238745,22.238745,26.238745,price_sensitive_uninformed,none,0.000000,-4,424.479820,325.969801,0.160000,325.809801
1499,24.079890,23.244757,21.244757,25.244757,price_sensitive_uninformed,none,0.000000,-4,424.479820,328.160259,0.160000,328.000259
1500,23.852792,22.776412,20.776412,24.776412,informed,none,0.000000,-4,424.479820,329.068653,0.160000,328.908653
1501,23.379055,24.184615,22.184615,26.184615,informed,none,0.000000,-4,424.479820,330.963600,0.160000,330.803600
1502,23.598373,22.991810,20.991810,24.991810,price_sensitive_uninformed,none,0.000000,-4,424.479820,330.086328,0.160000,329.926328
1503,23.675935,24.139919,22.139919,26.139919,informed,none,0.000000,-4,424.479820,329.776079,0.160000,329.616079
1504,24.839011,24.034573,22.034573,26.034573,price_sensitive_uninformed,none,0.000000,-4,424.479820,325.123778,0.160000,324.963778
1505,23.620571,22.453215,20.453215,24.453215,informed,none,0.000000,-4,424.479820,329.997537,0.160000,329.837537
1506,23.910295,23.820114,21.820114,25.820114,price_sensitive_uninformed,none,0.000000,-4,424.479820,328.838642,0.160000,328.678642
1507,22.819753,22.846179,20.846179,24.846179,price_sensitive_uninformed,none,0.000000,-4,424.479820,333.200808,0.160000,333.040808
1508,23.470880,24.950298,22.950298,26.950298,informed,none,0.000000,-4,424.479820,330.596300,0.160000,330.436300
1509,24.185129,25.012275,23.012275,27.012275,price_sensitive_uninformed,none,0.000000,-4,424.479820,327.739304,0.160000,327.579304
1510,26.515460,26.538308,24.538308,28.538308,price_sensitive_uninformed,none,0.000000,-4,424.479820,318.417981,0.160000,318.257981
1511,25.124517,24.826574,22.826574,26.826574,informed,none,0.000000,-4,424.479820,323.981752,0.160000,323.821752
1512,25.710652,26.515443,24.515443,28.515443,informed,none,0.000000,-4,424.479820,321.637213,0.160000,321.477213
1513,26.510235,26.485536,24.485536,28.485536,price_sensitive_uninformed,none,0.000000,-4,424.479820,318.438879,0.160000,318.278879
1514,25.666461,25.880909,23.880909,27.880909,price_sensitive_uninformed,none,0.000000,-4,424.479820,321.813975,0.160000,321.653975
1515,26.792302,27.591634,25.591634,29.591634,informed,none,0.000000,-4,424.479820,317.310613,0.160000,317.150613
1516,26.957184,27.133630,25.133630,29.133630,price_sensitive_uninformed,none,0.000000,-4,424.479820,316.651085,0.160000,316.491085
1517,27.160644,26.715648,24.715648,28.715648,informed,none,0.000000,-4,424.479820,315.837243,0.160000,315.677243
1518,27.724379,28.085940,26.085940,30.085940,informed,none,0.000000,-4,424.479820,313.582304,0.160000,313.422304
1519,27.014723,26.434694,24.434694,28.434694,informed,none,0.000000,-4,424.479820,316.420929,0.160000,316.260929
1520,27.235882,26.493488,24.493488,28.493488,price_sensitive_uninformed,none,0.000000,-4,424.479820,315.536292,0.160000,315.376292
1521,26.860559,27.652697,25.652697,29.652697,informed,none,0.000000,-4,424.479820,317.037585,0.160000,316.877585
1522,25.889854,24.379651,22.379651,26.379651,price_sensitive_uninformed,none,0.000000,-4,424.479820,320.920405,0.160000,320.760405
1523,26.604762,28.151635,26.151635,30.151635,price_sensitive_uninformed,none,0.000000,-4,424.479820,318.060773,0.160000,317.900773
1524,27.146431,27.394922,25.394922,29.394922,informed,none,0.000000,-4,424.479820,315.894098,0.160000,315.734098
1525,27.107182,26.483607,24.483607,28.483607,price_sensitive_uninformed,none,0.000000,-4,424.479820,316.051091,0.160000,315.891091
1526,24.966295,24.515501,22.515501,26.515501,informed,none,0.000000,-4,424.479820,324.614640,0.160000,324.454640
1527,25.239671,24.038158,22.038158,26.038158,price_sensitive_uninformed,none,0.000000,-4,424.479820,323.521137,0.160000,323.361137
1528,24.414115,23.371724,21.371724,25.371724,price_sensitive_uninformed,buy_from_mm,25.371724,-5,449.851544,327.780970,0.250000,327.530970
1529,22.078104,22.416513,20.416513,24.416513,price_sensitive_uninformed,none,0.000000,-5,449.851544,339.461024,0.250000,339.211024
1530,22.400414,21.603023,19.603023,23.603023,price_sensitive_uninformed,buy_from_mm,23.603023,-6,473.454567,339.052084,0.360000,338.692084
1531,24.820142,24.837464,22.837464,26.837464,price_sensitive_uninformed,none,0.000000,-6,473.454567,324.533716,0.360000,324.173716
1532,25.681773,24.871990,22.871990,26.871990,informed,none,0.000000,-6,473.454567,319.363932,0.360000,319.003932
1533,24.221820,24.638320,22.638320,26.638320,informed,none,0.000000,-6,473.454567,328.123650,0.360000,327.763650
1534,24.290207,22.864643,20.864643,24.864643,price_sensitive_uninformed,none,0.000000,-6,473.454567,327.713327,0.360000,327.353327
1535,22.663088,22.680181,20.680181,24.680181,informed,none,0.000000,-6,473.454567,337.476040,0.360000,337.116040
1536,21.746704,20.694363,18.694363,22.694363,price_sensitive_uninformed,none,0.000000,-6,473.454567,342.974340,0.360000,342.614340
1537,22.126787,22.413008,20.413008,24.413008,informed,none,0.000000,-6,473.454567,340.693848,0.360000,340.333848
1538,20.724860,21.251461,19.251461,23.251461,informed,none,0.000000,-6,473.454567,349.105407,0.360000,348.745407
1539,20.014521,21.505164,19.505164,23.505164,price_sensitive_uninformed,none,0.000000,-6,473.454567,353.367444,0.360000,353.007444
1540,21.681747,21.168633,19.168633,23.168633,price_sensitive_uninformed,none,0.000000,-6,473.454567,343.364085,0.360000,343.004085
1541,22.248431,22.419001,20.419001,24.419001,price_sensitive_uninformed,none,0.000000,-6,473.454567,339.963979,0.360000,339.603979
1542,22.801512,22.392110,20.392110,24.392110,informed,none,0.000000,-6,473.454567,336.645496,0.360000,336.285496
1543,23.489591,23.867609,21.867609,25.867609,price_sensitive_uninformed,none,0.000000,-6,473.454567,332.517019,0.360000,332.157019
1544,22.157688,22.656543,20.656543,24.656543,price_sensitive_uninformed,none,0.000000,-6,473.454567,340.508438,0.360000,340.148438
1545,21.959197,22.862467,20.862467,24.862467,informed,none,0.000000,-6,473.454567,341.699385,0.360000,341.339385
1546,21.238674,21.013019,19.013019,23.013019,price_sensitive_uninformed,none,0.000000,-6,473.454567,346.022525,0.360000,345.662525
1547,21.889507,21.812889,19.812889,23.812889,price_sensitive_uninformed,none,0.000000,-6,473.454567,342.117523,0.360000,341.757523
1548,22.190622,22.634605,20.634605,24.634605,price_sensitive_uninformed,none,0.000000,-6,473.454567,340.310838,0.360000,339.950838
1549,22.792645,23.862196,21.862196,25.862196,price_sensitive_uninformed,none,0.000000,-6,473.454567,336.698695,0.360000,336.338695
1550,22.290987,22.457029,20.457029,24.457029,price_sensitive_uninformed,none,0.000000,-6,473.454567,339.708648,0.360000,339.348648
1551,22.262934,23.204896,21.204896,25.204896,informed,none,0.000000,-6,473.454567,339.876964,0.360000,339.516964
1552,24.421716,24.549548,22.549548,26.549548,informed,none,0.000000,-6,473.454567,326.924272,0.360000,326.564272
1553,25.996749,27.165790,25.165790,29.165790,informed,none,0.000000,-6,473.454567,317.474070,0.360000,317.114070
1554,26.549161,26.280498,24.280498,28.280498,informed,none,0.000000,-6,473.454567,314.159601,0.360000,313.799601
1555,27.484853,28.635212,26.635212,30.635212,price_sensitive_uninformed,none,0.000000,-6,473.454567,308.545449,0.360000,308.185449
1556,29.557928,30.313238,28.313238,32.313238,price_sensitive_uninformed,none,0.000000,-6,473.454567,296.107002,0.360000,295.747002
1557,31.098971,31.682846,29.682846,33.682846,price_sensitive_uninformed,none,0.000000,-6,473.454567,286.860744,0.360000,286.500744
1558,31.475597,30.884185,28.884185,32.884185,informed,none,0.000000,-6,473.454567,284.600984,0.360000,284.240984
1559,32.523031,33.507429,31.507429,35.507429,informed,none,0.000000,-6,473.454567,278.316380,0.360000,277.956380
1560,32.628367,32.262511,30.262511,34.262511,informed,none,0.000000,-6,473.454567,277.684368,0.360000,277.324368
1561,32.814516,34.406596,32.406596,36.406596,price_sensitive_uninformed,none,0.000000,-6,473.454567,276.567469,0.360000,276.207469
1562,31.767297,30.723758,28.723758,32.723758,price_sensitive_uninformed,none,0.000000,-6,473.454567,282.850788,0.360000,282.490788
1563,32.020878,32.111494,30.111494,34.111494,price_sensitive_uninformed,none,0.000000,-6,473.454567,281.329297,0.360000,280.969297
1564,32.559241,32.182085,30.182085,34.182085,price_sensitive_uninformed,none,0.000000,-6,473.454567,278.099124,0.360000,277.739124
1565,33.595954,33.000710,31.000710,35.000710,price_sensitive_uninformed,none,0.000000,-6,473.454567,271.878846,0.360000,271.518846
1566,34.035641,34.001379,32.001379,36.001379,price_sensitive_uninformed,none,0.000000,-6,473.454567,269.240722,0.360000,268.880722
1567,34.305118,33.645092,31.645092,35.645092,informed,none,0.000000,-6,473.454567,267.623860,0.360000,267.263860
1568,35.109445,35.097656,33.097656,37.097656,price_sensitive_uninformed,none,0.000000,-6,473.454567,262.797896,0.360000,262.437896
1569,36.080477,35.476839,33.476839,37.476839,price_sensitive_uninformed,none,0.000000,-6,473.454567,256.971703,0.360000,256.611703
1570,36.876329,34.760452,32.760452,36.760452,price_sensitive_uninformed,none,0.000000,-6,473.454567,252.196593,0.360000,251.836593
1571,36.054473,36.540174,34.540174,38.540174,price_sensitive_uninformed,none,0.000000,-6,473.454567,257.127727,0.360000,256.767727
1572,37.450600,37.484389,35.484389,39.484389,informed,none,0.000000,-6,473.454567,248.750966,0.360000,248.390966
1573,37.037392,37.194118,35.194118,39.194118,informed,none,0.000000,-6,473.454567,251.230213,0.360000,250.870213
1574,37.430260,37.971687,35.971687,39.971687,price_sensitive_uninformed,none,0.000000,-6,473.454567,248.873005,0.360000,248.513005
1575,37.874499,38.006636,36.006636,40.006636,informed,none,0.000000,-6,473.454567,246.207572,0.360000,245.847572
1576,38.554761,38.798072,36.798072,40.798072,informed,none,0.000000,-6,473.454567,242.126002,0.360000,241.766002
1577,38.190779,38.639391,36.639391,40.639391,informed,none,0.000000,-6,473.454567,244.309895,0.360000,243.949895
1578,38.861872,38.062629,36.062629,40.062629,price_sensitive_uninformed,none,0.000000,-6,473.454567,240.283338,0.360000,239.923338
1579,39.113950,38.265360,36.265360,40.265360,informed,none,0.000000,-6,473.454567,238.770868,0.360000,238.410868
1580,38.540942,38.821187,36.821187,40.821187,price_sensitive_uninformed,none,0.000000,-6,473.454567,242.208916,0.360000,241.848916
1581,38.664155,39.503464,37.503464,41.503464,informed,none,0.000000,-6,473.454567,241.469635,0.360000,241.109635
1582,37.046874,36.689975,34.689975,38.689975,price_sensitive_uninformed,none,0.000000,-6,473.454567,251.173323,0.360000,250.813323
1583,38.237881,38.653679,36.653679,40.653679,price_sensitive_uninformed,none,0.000000,-6,473.454567,244.027284,0.360000,243.667284
1584,38.239798,37.955440,35.955440,39.955440,price_sensitive_uninformed,none,0.000000,-6,473.454567,244.015779,0.360000,243.655779
1585,36.885434,36.629753,34.629753,38.629753,informed,none,0.000000,-6,473.454567,252.141961,0.360000,251.781961
1586,37.421665,38.572396,36.572396,40.572396,price_sensitive_uninformed,none,0.000000,-6,473.454567,248.924578,0.360000,248.564578
1587,37.904885,37.377725,35.377725,39.377725,informed,none,0.000000,-6,473.454567,246.025260,0.360000,245.665260
1588,37.716272,38.207626,36.207626,40.207626,price_sensitive_uninformed,none,0.000000,-6,473.454567,247.156935,0.360000,246.796935
1589,38.690824,38.782457,36.782457,40.782457,price_sensitive_uninformed,none,0.000000,-6,473.454567,241.309625,0.360000,240.949625
1590,38.175063,39.026974,37.026974,41.026974,price_sensitive_uninformed,none,0.000000,-6,473.454567,244.404188,0.360000,244.044188
1591,38.012860,38.673434,36.673434,40.673434,informed,none,0.000000,-6,473.454567,245.377408,0.360000,245.017408
1592,36.727065,34.951124,32.951124,36.951124,informed,none,0.000000,-6,473.454567,253.092179,0.360000,252.732179
1593,36.100776,37.197131,35.197131,39.197131,informed,none,0.000000,-6,473.454567,256.849909,0.360000,256.489909
1594,35.717128,35.840343,33.840343,37.840343,informed,none,0.000000,-6,473.454567,259.151798,0.360000,258.791798
1595,36.915815,37.675255,35.675255,39.675255,price_sensitive_uninformed,none,0.000000,-6,473.454567,251.959679,0.360000,251.599679
1596,35.305414,36.353987,34.353987,38.353987,price_sensitive_uninformed,none,0.000000,-6,473.454567,261.622083,0.360000,261.262083
1597,35.644565,35.204551,33.204551,37.204551,informed,none,0.000000,-6,473.454567,259.587176,0.360000,259.227176
1598,36.214030,35.971470,33.971470,37.971470,price_sensitive_uninformed,none,0.000000,-6,473.454567,256.170389,0.360000,255.810389
1599,37.306930,35.289928,33.289928,37.289928,informed,buy_from_mm,37.289928,-7,510.744495,249.595984,0.490000,249.105984
1600,37.613959,36.501160,34.501160,38.501160,price_sensitive_uninformed,none,0.000000,-7,510.744495,247.446781,0.490000,246.956781
1601,38.164202,36.653238,34.653238,38.653238,price_sensitive_uninformed,none,0.000000,-7,510.744495,243.595082,0.490000,243.105082
1602,38.355785,38.888848,36.888848,40.888848,informed,none,0.000000,-7,510.744495,242.253998,0.490000,241.763998
1603,38.852005,38.388122,36.388122,40.388122,price_sensitive_uninformed,buy_from_mm,40.388122,-8,551.132617,240.316574,0.640000,239.676574
1604,38.032486,36.374983,34.374983,38.374983,informed,none,0.000000,-8,551.132617,246.872732,0.640000,246.232732
1605,38.537858,38.519682,36.519682,40.519682,price_sensitive_uninformed,none,0.000000,-8,551.132617,242.829755,0.640000,242.189755
1606,38.465469,39.576888,37.576888,41.576888,price_sensitive_uninformed,sell_to_mm,37.576888,-7,513.555730,244.297444,0.490000,243.807444
1607,37.881397,38.658568,36.658568,40.658568,price_sensitive_uninformed,none,0.000000,-7,513.555730,248.385948,0.490000,247.895948
1608,37.214493,36.498267,34.498267,38.498267,informed,none,0.000000,-7,513.555730,253.054277,0.490000,252.564277
1609,38.108178,38.495537,36.495537,40.495537,price_sensitive_uninformed,none,0.000000,-7,513.555730,246.798482,0.490000,246.308482
1610,36.701339,36.214354,34.214354,38.214354,price_sensitive_uninformed,buy_from_mm,38.214354,-8,551.770084,258.159370,0.640000,257.519370
1611,36.127597,36.324425,34.324425,38.324425,price_sensitive_uninformed,none,0.000000,-8,551.770084,262.749311,0.640000,262.109311
1612,37.588986,37.599048,35.599048,39.599048,price_sensitive_uninformed,none,0.000000,-8,551.770084,251.058194,0.640000,250.418194
1613,36.319014,35.803023,33.803023,37.803023,price_sensitive_uninformed,none,0.000000,-8,551.770084,261.217976,0.640000,260.577976
1614,35.667367,36.126785,34.126785,38.126785,informed,none,0.000000,-8,551.770084,266.431146,0.640000,265.791146
1615,36.031061,34.740888,32.740888,36.740888,price_sensitive_uninformed,none,0.000000,-8,551.770084,263.521595,0.640000,262.881595
1616,35.502355,36.875130,34.875130,38.875130,price_sensitive_uninformed,none,0.000000,-8,551.770084,267.751240,0.640000,267.111240
1617,33.241621,32.981932,30.981932,34.981932,informed,none,0.000000,-8,551.770084,285.837113,0.640000,285.197113
1618,34.099304,34.386645,32.386645,36.386645,price_sensitive_uninformed,none,0.000000,-8,551.770084,278.975655,0.640000,278.335655
1619,34.793100,35.597227,33.597227,37.597227,informed,none,0.000000,-8,551.770084,273.425287,0.640000,272.785287
1620,32.913563,33.988591,31.988591,35.988591,price_sensitive_uninformed,sell_to_mm,31.988591,-7,519.781493,289.386554,0.490000,288.896554
1621,31.277662,31.320232,29.320232,33.320232,price_sensitive_uninformed,none,0.000000,-7,519.781493,300.837859,0.490000,300.347859
1622,31.704607,34.040067,32.040067,36.040067,price_sensitive_uninformed,none,0.000000,-7,519.781493,297.849242,0.490000,297.359242
1623,29.893687,29.850760,27.850760,31.850760,informed,none,0.000000,-7,519.781493,310.525685,0.490000,310.035685
1624,30.090512,30.411688,28.411688,32.411688,price_sensitive_uninformed,none,0.000000,-7,519.781493,309.147908,0.490000,308.657908
1625,31.633819,32.803276,30.803276,34.803276,price_sensitive_uninformed,none,0.000000,-7,519.781493,298.344760,0.490000,297.854760
1626,31.102107,31.011855,29.011855,33.011855,price_sensitive_uninformed,none,0.000000,-7,519.781493,302.066744,0.490000,301.576744
1627,30.833753,29.936897,27.936897,31.936897,price_sensitive_uninformed,none,0.000000,-7,519.781493,303.945219,0.490000,303.455219
1628,28.663883,29.651164,27.651164,31.651164,price_sensitive_uninformed,none,0.000000,-7,519.781493,319.134313,0.490000,318.644313
1629,28.991151,28.865765,26.865765,30.865765,informed,none,0.000000,-7,519.781493,316.843435,0.490000,316.353435
1630,29.772481,29.686120,27.686120,31.686120,price_sensitive_uninformed,none,0.000000,-7,519.781493,311.374126,0.490000,310.884126
1631,29.915240,27.988617,25.988617,29.988617,informed,none,0.000000,-7,519.781493,310.374812,0.490000,309.884812
1632,30.293916,30.497839,28.497839,32.497839,informed,none,0.000000,-7,519.781493,307.724080,0.490000,307.234080
1633,31.368283,30.022752,28.022752,32.022752,informed,none,0.000000,-7,519.781493,300.203512,0.490000,299.713512
1634,31.887230,31.581801,29.581801,33.581801,price_sensitive_uninformed,none,0.000000,-7,519.781493,296.570886,0.490000,296.080886
1635,30.506564,29.253995,27.253995,31.253995,informed,none,0.000000,-7,519.781493,306.235547,0.490000,305.745547
1636,31.229642,31.855831,29.855831,33.855831,informed,none,0.000000,-7,519.781493,301.173996,0.490000,300.683996
1637,28.602592,26.829836,24.829836,28.829836,price_sensitive_uninformed,none,0.000000,-7,519.781493,319.563350,0.490000,319.073350
1638,29.232643,28.737072,26.737072,30.737072,price_sensitive_uninformed,none,0.000000,-7,519.781493,315.152992,0.490000,314.662992
1639,28.381895,28.692191,26.692191,30.692191,price_sensitive_uninformed,none,0.000000,-7,519.781493,321.108230,0.490000,320.618230
1640,28.494942,29.978782,27.978782,31.978782,price_sensitive_uninformed,none,0.000000,-7,519.781493,320.316896,0.490000,319.826896
1641,29.513212,29.558311,27.558311,31.558311,price_sensitive_uninformed,none,0.000000,-7,519.781493,313.189008,0.490000,312.699008
1642,29.205609,29.200808,27.200808,31.200808,price_sensitive_uninformed,none,0.000000,-7,519.781493,315.342231,0.490000,314.852231
1643,28.768457,30.924671,28.924671,32.924671,informed,sell_to_mm,28.924671,-6,490.856822,318.246081,0.360000,317.886081
1644,27.899516,28.019925,26.019925,30.019925,price_sensitive_uninformed,none,0.000000,-6,490.856822,323.459724,0.360000,323.099724
1645,27.347328,26.413487,24.413487,28.413487,informed,none,0.000000,-6,490.856822,326.772852,0.360000,326.412852
1646,28.075921,27.442112,25.442112,29.442112,price_sensitive_uninformed,none,0.000000,-6,490.856822,322.401299,0.360000,322.041299
1647,29.499579,28.562524,26.562524,30.562524,informed,none,0.000000,-6,490.856822,313.859347,0.360000,313.499347
1648,28.949289,28.952979,26.952979,30.952979,informed,none,0.000000,-6,490.856822,317.161090,0.360000,316.801090
1649,30.063779,32.303253,30.303253,34.303253,price_sensitive_uninformed,none,0.000000,-6,490.856822,310.474146,0.360000,310.114146
1650,32.031652,32.328139,30.328139,34.328139,price_sensitive_uninformed,none,0.000000,-6,490.856822,298.666913,0.360000,298.306913
1651,30.928794,30.795991,28.795991,32.795991,price_sensitive_uninformed,none,0.000000,-6,490.856822,305.284060,0.360000,304.924060
1652,31.059013,31.776447,29.776447,33.776447,price_sensitive_uninformed,buy_from_mm,33.776447,-7,524.633270,307.220176,0.490000,306.730176
1653,31.574014,31.700133,29.700133,33.700133,price_sensitive_uninformed,buy_from_mm,33.700133,-8,558.333402,305.741293,0.640000,305.101293
1654,30.685216,30.546135,28.546135,32.546135,price_sensitive_uninformed,buy_from_mm,32.546135,-9,590.879537,314.712593,0.810000,313.902593
1655,31.270244,33.680052,31.680052,35.680052,informed,sell_to_mm,31.680052,-8,559.199485,309.037533,0.640000,308.397533
1656,31.958686,33.665817,31.665817,35.665817,price_sensitive_uninformed,none,0.000000,-8,559.199485,303.529997,0.640000,302.889997
1657,32.234016,31.599653,29.599653,33.599653,price_sensitive_uninformed,none,0.000000,-8,559.199485,301.327360,0.640000,300.687360
1658,30.636992,29.746286,27.746286,31.746286,informed,none,0.000000,-8,559.199485,314.103549,0.640000,313.463549
1659,31.303856,31.396221,29.396221,33.396221,price_sensitive_uninformed,none,0.000000,-8,559.199485,308.768640,0.640000,308.128640
1660,31.226119,31.186282,29.186282,33.186282,price_sensitive_uninformed,none,0.000000,-8,559.199485,309.390533,0.640000,308.750533
1661,30.392021,29.653855,27.653855,31.653855,price_sensitive_uninformed,none,0.000000,-8,559.199485,316.063313,0.640000,315.423313
1662,30.398104,30.849247,28.849247,32.849247,price_sensitive_uninformed,none,0.000000,-8,559.199485,316.014650,0.640000,315.374650
1663,30.686276,31.053227,29.053227,33.053227,informed,none,0.000000,-8,559.199485,313.709275,0.640000,313.069275
1664,30.822945,31.145051,29.145051,33.145051,informed,none,0.000000,-8,559.199485,312.615927,0.640000,311.975927
1665,32.941686,33.060464,31.060464,35.060464,informed,none,0.000000,-8,559.199485,295.666000,0.640000,295.026000
1666,32.710715,30.647858,28.647858,32.647858,informed,buy_from_mm,32.647858,-9,591.847343,297.450906,0.810000,296.640906
1667,32.257322,32.311520,30.311520,34.311520,price_sensitive_uninformed,none,0.000000,-9,591.847343,301.531442,0.810000,300.721442
1668,32.568898,33.094549,31.094549,35.094549,price_sensitive_uninformed,none,0.000000,-9,591.847343,298.727261,0.810000,297.917261
1669,31.097804,29.625003,27.625003,31.625003,informed,none,0.000000,-9,591.847343,311.967110,0.810000,311.157110
1670,29.311789,28.928430,26.928430,30.928430,price_sensitive_uninformed,none,0.000000,-9,591.847343,328.041239,0.810000,327.231239
1671,29.843636,27.763710,25.763710,29.763710,price_sensitive_uninformed,none,0.000000,-9,591.847343,323.254621,0.810000,322.444621
1672,30.182370,30.122344,28.122344,32.122344,price_sensitive_uninformed,none,0.000000,-9,591.847343,320.206010,0.810000,319.396010
1673,31.207356,31.529719,29.529719,33.529719,price_sensitive_uninformed,none,0.000000,-9,591.847343,310.981143,0.810000,310.171143
1674,31.092354,31.511086,29.511086,33.511086,informed,none,0.000000,-9,591.847343,312.016158,0.810000,311.206158
1675,31.235329,32.134920,30.134920,34.134920,price_sensitive_uninformed,none,0.000000,-9,591.847343,310.729383,0.810000,309.919383
1676,30.940559,32.047554,30.047554,34.047554,price_sensitive_uninformed,none,0.000000,-9,591.847343,313.382315,0.810000,312.572315
1677,31.279529,31.768970,29.768970,33.768970,price_sensitive_uninformed,none,0.000000,-9,591.847343,310.331578,0.810000,309.521578
1678,31.599281,31.894114,29.894114,33.894114,informed,none,0.000000,-9,591.847343,307.453817,0.810000,306.643817
1679,32.514356,32.421562,30.421562,34.421562,price_sensitive_uninformed,none,0.000000,-9,591.847343,299.218135,0.810000,298.408135
1680,32.651309,33.066166,31.066166,35.066166,price_sensitive_uninformed,none,0.000000,-9,591.847343,297.985561,0.810000,297.175561
1681,32.972615,34.209152,32.209152,36.209152,informed,none,0.000000,-9,591.847343,295.093809,0.810000,294.283809
1682,32.142425,30.372292,28.372292,32.372292,price_sensitive_uninformed,none,0.000000,-9,591.847343,302.565522,0.810000,301.755522
1683,29.411594,29.721783,27.721783,31.721783,informed,none,0.000000,-9,591.847343,327.142995,0.810000,326.332995
1684,30.245843,30.576126,28.576126,32.576126,informed,none,0.000000,-9,591.847343,319.634757,0.810000,318.824757
1685,30.281797,29.187830,27.187830,31.187830,price_sensitive_uninformed,none,0.000000,-9,591.847343,319.311169,0.810000,318.501169
1686,27.907593,26.017425,24.017425,28.017425,informed,none,0.000000,-9,591.847343,340.679002,0.810000,339.869002
1687,27.694809,26.851642,24.851642,28.851642,price_sensitive_uninformed,buy_from_mm,28.851642,-10,620.698985,343.750896,1.000000,342.750896
1688,28.591731,27.300758,25.300758,29.300758,price_sensitive_uninformed,none,0.000000,-10,620.698985,334.781674,1.000000,333.781674
1689,27.410000,28.808344,26.808344,30.808344,informed,none,0.000000,-10,620.698985,346.598982,1.000000,345.598982
1690,27.454949,27.869689,25.869689,29.869689,price_sensitive_uninformed,buy_from_mm,29.869689,-11,650.568674,348.564231,1.210000,347.354231
1691,26.317379,26.149981,24.149981,28.149981,price_sensitive_uninformed,none,0.000000,-11,650.568674,361.077506,1.210000,359.867506
1692,25.593254,24.001064,22.001064,26.001064,price_sensitive_uninformed,none,0.000000,-11,650.568674,369.042883,1.210000,367.832883
1693,25.276008,25.355865,23.355865,27.355865,informed,none,0.000000,-11,650.568674,372.532584,1.210000,371.322584
1694,27.182151,28.027110,26.027110,30.027110,price_sensitive_uninformed,sell_to_mm,26.027110,-10,624.541565,352.720059,1.000000,351.720059
1695,27.240637,27.458872,25.458872,29.458872,informed,none,0.000000,-10,624.541565,352.135191,1.000000,351.135191
1696,26.691835,26.944494,24.944494,28.944494,price_sensitive_uninformed,none,0.000000,-10,624.541565,357.623215,1.000000,356.623215
1697,25.983170,24.666015,22.666015,26.666015,price_sensitive_uninformed,none,0.000000,-10,624.541565,364.709863,1.000000,363.709863
1698,26.056707,25.141847,23.141847,27.141847,price_sensitive_uninformed,none,0.000000,-10,624.541565,363.974494,1.000000,362.974494
1699,25.774112,26.338119,24.338119,28.338119,informed,none,0.000000,-10,624.541565,366.800440,1.000000,365.800440
1700,24.914262,27.741288,25.741288,29.741288,price_sensitive_uninformed,none,0.000000,-10,624.541565,375.398945,1.000000,374.398945
1701,25.584034,24.019561,22.019561,26.019561,informed,none,0.000000,-10,624.541565,368.701223,1.000000,367.701223
1702,26.901914,26.765237,24.765237,28.765237,price_sensitive_uninformed,none,0.000000,-10,624.541565,355.522426,1.000000,354.522426
1703,27.620562,28.805009,26.805009,30.805009,price_sensitive_uninformed,none,0.000000,-10,624.541565,348.335946,1.000000,347.335946
1704,26.677367,28.467408,26.467408,30.467408,price_sensitive_uninformed,none,0.000000,-10,624.541565,357.767891,1.000000,356.767891
1705,25.459327,25.120682,23.120682,27.120682,informed,none,0.000000,-10,624.541565,369.948291,1.000000,368.948291
1706,25.331958,25.888325,23.888325,27.888325,price_sensitive_uninformed,none,0.000000,-10,624.541565,371.221989,1.000000,370.221989
1707,25.209618,22.902791,20.902791,24.902791,informed,buy_from_mm,24.902791,-11,649.444356,372.138558,1.210000,370.928558
1708,26.050744,27.196216,25.196216,29.196216,price_sensitive_uninformed,none,0.000000,-11,649.444356,362.886168,1.210000,361.676168
1709,26.115642,25.062759,23.062759,27.062759,informed,none,0.000000,-11,649.444356,362.172296,1.210000,360.962296
1710,26.518250,25.683199,23.683199,27.683199,informed,none,0.000000,-11,649.444356,357.743605,1.210000,356.533605
1711,24.071916,25.151878,23.151878,27.151878,price_sensitive_uninformed,none,0.000000,-11,649.444356,384.653280,1.210000,383.443280
1712,25.542061,26.779905,24.779905,28.779905,price_sensitive_uninformed,none,0.000000,-11,649.444356,368.481688,1.210000,367.271688
1713,25.755352,26.773970,24.773970,28.773970,informed,none,0.000000,-11,649.444356,366.135481,1.210000,364.925481
1714,25.540975,25.479096,23.479096,27.479096,informed,none,0.000000,-11,649.444356,368.493626,1.210000,367.283626
1715,26.304030,24.639056,22.639056,26.639056,informed,none,0.000000,-11,649.444356,360.100023,1.210000,358.890023
1716,28.249852,30.126617,28.126617,32.126617,price_sensitive_uninformed,none,0.000000,-11,649.444356,338.695981,1.210000,337.485981
1717,27.601695,27.533086,25.533086,29.533086,informed,none,0.000000,-11,649.444356,345.825712,1.210000,344.615712
1718,26.809228,27.463278,25.463278,29.463278,price_sensitive_uninformed,none,0.000000,-11,649.444356,354.542852,1.210000,353.332852
1719,25.988745,25.849993,23.849993,27.849993,informed,none,0.000000,-11,649.444356,363.568164,1.210000,362.358164
1720,26.147178,26.417530,24.417530,28.417530,price_sensitive_uninformed,none,0.000000,-11,649.444356,361.825397,1.210000,360.615397
1721,25.054234,24.591267,22.591267,26.591267,price_sensitive_uninformed,none,0.000000,-11,649.444356,373.847780,1.210000,372.637780
1722,21.675236,21.353287,19.353287,23.353287,price_sensitive_uninformed,none,0.000000,-11,649.444356,411.016760,1.210000,409.806760
1723,21.461384,20.867066,18.867066,22.867066,informed,none,0.000000,-11,649.444356,413.369128,1.210000,412.159128
1724,23.518822,25.773582,23.773582,27.773582,price_sensitive_uninformed,none,0.000000,-11,649.444356,390.737314,1.210000,389.527314
1725,24.081335,23.415473,21.415473,25.415473,informed,none,0.000000,-11,649.444356,384.549666,1.210000,383.339666
1726,21.537556,21.526713,19.526713,23.526713,price_sensitive_uninformed,none,0.000000,-11,649.444356,412.531244,1.210000,411.321244
1727,19.348826,20.536178,18.536178,22.536178,informed,none,0.000000,-11,649.444356,436.607272,1.210000,435.397272
1728,19.848812,18.397076,16.397076,20.397076,price_sensitive_uninformed,none,0.000000,-11,649.444356,431.107429,1.210000,429.897429
1729,19.597772,19.796928,17.796928,21.796928,price_sensitive_uninformed,none,0.000000,-11,649.444356,433.868866,1.210000,432.658866
1730,18.954719,18.833878,16.833878,20.833878,price_sensitive_uninformed,none,0.000000,-11,649.444356,440.942451,1.210000,439.732451
1731,18.295820,17.644476,15.644476,19.644476,informed,none,0.000000,-11,649.444356,448.190335,1.210000,446.980335
1732,16.422365,16.627168,14.627168,18.627168,informed,none,0.000000,-11,649.444356,468.798340,1.210000,467.588340
1733,16.903638,16.058921,14.058921,18.058921,price_sensitive_uninformed,none,0.000000,-11,649.444356,463.504333,1.210000,462.294333
1734,16.913890,17.478652,15.478652,19.478652,price_sensitive_uninformed,none,0.000000,-11,649.444356,463.391562,1.210000,462.181562
1735,17.705053,17.018736,15.018736,19.018736,informed,none,0.000000,-11,649.444356,454.688775,1.210000,453.478775
1736,18.944322,19.915792,17.915792,21.915792,price_sensitive_uninformed,none,0.000000,-11,649.444356,441.056815,1.210000,439.846815
1737,19.662190,19.496690,17.496690,21.496690,price_sensitive_uninformed,none,0.000000,-11,649.444356,433.160266,1.210000,431.950266
1738,17.483299,16.360354,14.360354,18.360354,informed,none,0.000000,-11,649.444356,457.128068,1.210000,455.918068
1739,17.449874,17.938080,15.938080,19.938080,informed,none,0.000000,-11,649.444356,457.495740,1.210000,456.285740
1740,19.265734,19.461792,17.461792,21.461792,price_sensitive_uninformed,none,0.000000,-11,649.444356,437.521282,1.210000,436.311282
1741,19.765107,18.805284,16.805284,20.805284,price_sensitive_uninformed,none,0.000000,-11,649.444356,432.028180,1.210000,430.818180
1742,19.028235,18.161777,16.161777,20.161777,price_sensitive_uninformed,none,0.000000,-11,649.444356,440.133767,1.210000,438.923767
1743,18.752378,19.239668,17.239668,21.239668,informed,none,0.000000,-11,649.444356,443.168200,1.210000,441.958200
1744,20.573432,20.824649,18.824649,22.824649,price_sensitive_uninformed,none,0.000000,-11,649.444356,423.136601,1.210000,421.926601
1745,20.889702,21.111381,19.111381,23.111381,price_sensitive_uninformed,none,0.000000,-11,649.444356,419.657634,1.210000,418.447634
1746,20.970932,21.066956,19.066956,23.066956,price_sensitive_uninformed,none,0.000000,-11,649.444356,418.764107,1.210000,417.554107
1747,18.620138,19.465736,17.465736,21.465736,price_sensitive_uninformed,none,0.000000,-11,649.444356,444.622836,1.210000,443.412836
1748,18.032847,18.728621,16.728621,20.728621,price_sensitive_uninformed,none,0.000000,-11,649.444356,451.083034,1.210000,449.873034
1749,17.705489,18.829386,16.829386,20.829386,price_sensitive_uninformed,none,0.000000,-11,649.444356,454.683973,1.210000,453.473973
1750,16.723978,16.594800,14.594800,18.594800,informed,none,0.000000,-11,649.444356,465.480599,1.210000,464.270599
1751,15.421730,15.556472,13.556472,17.556472,informed,none,0.000000,-11,649.444356,479.805328,1.210000,478.595328
1752,16.616492,16.212220,14.212220,18.212220,price_sensitive_uninformed,none,0.000000,-11,649.444356,466.662944,1.210000,465.452944
1753,14.537967,16.304945,14.304945,18.304945,price_sensitive_uninformed,none,0.000000,-11,649.444356,489.526716,1.210000,488.316716
1754,14.291315,14.640792,12.640792,16.640792,informed,none,0.000000,-11,649.444356,492.239894,1.210000,491.029894
1755,14.785467,13.833568,11.833568,15.833568,informed,none,0.000000,-11,649.444356,486.804222,1.210000,485.594222
1756,16.542345,16.687251,14.687251,18.687251,informed,none,0.000000,-11,649.444356,467.478565,1.210000,466.268565
1757,17.231026,16.231828,14.231828,18.231828,price_sensitive_uninformed,none,0.000000,-11,649.444356,459.903067,1.210000,458.693067
1758,18.256220,17.906951,15.906951,19.906951,informed,none,0.000000,-11,649.444356,448.625933,1.210000,447.415933
1759,18.392829,17.749148,15.749148,19.749148,price_sensitive_uninformed,none,0.000000,-11,649.444356,447.123235,1.210000,445.913235
1760,17.342514,17.674257,15.674257,19.674257,price_sensitive_uninformed,none,0.000000,-11,649.444356,458.676696,1.210000,457.466696
1761,16.982455,14.993314,12.993314,16.993314,price_sensitive_uninformed,none,0.000000,-11,649.444356,462.637351,1.210000,461.427351
1762,17.422779,17.851526,15.851526,19.851526,price_sensitive_uninformed,none,0.000000,-11,649.444356,457.793784,1.210000,456.583784
1763,17.003059,17.323994,15.323994,19.323994,price_sensitive_uninformed,sell_to_mm,15.323994,-10,634.120362,464.089776,1.000000,463.089776
1764,16.952829,17.242584,15.242584,19.242584,price_sensitive_uninformed,none,0.000000,-10,634.120362,464.592076,1.000000,463.592076
1765,18.412301,18.205293,16.205293,20.205293,price_sensitive_uninformed,none,0.000000,-10,634.120362,449.997348,1.000000,448.997348
1766,19.186362,20.403067,18.403067,22.403067,price_sensitive_uninformed,none,0.000000,-10,634.120362,442.256738,1.000000,441.256738
1767,19.820416,19.029239,17.029239,21.029239,price_sensitive_uninformed,buy_from_mm,21.029239,-11,655.149601,437.125029,1.210000,435.915029
1768,20.912233,21.637795,19.637795,23.637795,price_sensitive_uninformed,none,0.000000,-11,655.149601,425.115037,1.210000,423.905037
1769,21.045016,20.551264,18.551264,22.551264,informed,none,0.000000,-11,655.149601,423.654422,1.210000,422.444422
1770,20.357922,17.831774,15.831774,19.831774,price_sensitive_uninformed,none,0.000000,-11,655.149601,431.212457,1.210000,430.002457
1771,19.661809,20.613688,18.613688,22.613688,price_sensitive_uninformed,none,0.000000,-11,655.149601,438.869700,1.210000,437.659700
1772,19.541280,18.280062,16.280062,20.280062,price_sensitive_uninformed,buy_from_mm,20.280062,-12,675.429663,440.934301,1.440000,439.494301
1773,18.506708,15.614356,13.614356,17.614356,price_sensitive_uninformed,none,0.000000,-12,675.429663,453.349163,1.440000,451.909163
1774,17.284976,18.882647,16.882647,20.882647,price_sensitive_uninformed,none,0.000000,-12,675.429663,468.009947,1.440000,466.569947
1775,18.047560,16.456205,14.456205,18.456205,informed,none,0.000000,-12,675.429663,458.858942,1.440000,457.418942
1776,20.440761,21.518021,19.518021,23.518021,price_sensitive_uninformed,none,0.000000,-12,675.429663,430.140533,1.440000,428.700533
1777,19.937048,18.478544,16.478544,20.478544,price_sensitive_uninformed,none,0.000000,-12,675.429663,436.185081,1.440000,434.745081
1778,20.420286,21.131704,19.131704,23.131704,price_sensitive_uninformed,buy_from_mm,23.131704,-13,698.561367,433.097648,1.690000,431.407648
1779,19.486984,19.676973,17.676973,21.676973,price_sensitive_uninformed,none,0.000000,-13,698.561367,445.230576,1.690000,443.540576
1780,19.478746,20.479874,18.479874,22.479874,price_sensitive_uninformed,none,0.000000,-13,698.561367,445.337668,1.690000,443.647668
1781,19.869675,19.831018,17.831018,21.831018,price_sensitive_uninformed,none,0.000000,-13,698.561367,440.255593,1.690000,438.565593
1782,20.724140,21.054382,19.054382,23.054382,price_sensitive_uninformed,none,0.000000,-13,698.561367,429.147547,1.690000,427.457547
1783,20.477163,21.753043,19.753043,23.753043,price_sensitive_uninformed,none,0.000000,-13,698.561367,432.358254,1.690000,430.668254
1784,20.562177,18.285027,16.285027,20.285027,price_sensitive_uninformed,none,0.000000,-13,698.561367,431.253066,1.690000,429.563066
1785,19.470844,19.985384,17.985384,21.985384,informed,none,0.000000,-13,698.561367,445.440391,1.690000,443.750391
1786,21.317198,21.593974,19.593974,23.593974,price_sensitive_uninformed,none,0.000000,-13,698.561367,421.437795,1.690000,419.747795
1787,21.664759,23.174610,21.174610,25.174610,price_sensitive_uninformed,none,0.000000,-13,698.561367,416.919497,1.690000,415.229497
1788,23.045492,22.666198,20.666198,24.666198,price_sensitive_uninformed,none,0.000000,-13,698.561367,398.969967,1.690000,397.279967
1789,22.892714,22.284709,20.284709,24.284709,price_sensitive_uninformed,buy_from_mm,24.284709,-14,722.846075,402.348075,1.960000,400.388075
1790,20.550111,19.205651,17.205651,21.205651,price_sensitive_uninformed,none,0.000000,-14,722.846075,435.144520,1.960000,433.184520
1791,21.622186,22.494866,20.494866,24.494866,price_sensitive_uninformed,none,0.000000,-14,722.846075,420.135472,1.960000,418.175472
1792,21.569558,21.170008,19.170008,23.170008,price_sensitive_uninformed,none,0.000000,-14,722.846075,420.872264,1.960000,418.912264
1793,22.340237,21.164246,19.164246,23.164246,price_sensitive_uninformed,none,0.000000,-14,722.846075,410.082751,1.960000,408.122751
1794,21.305957,19.913582,17.913582,21.913582,price_sensitive_uninformed,none,0.000000,-14,722.846075,424.562682,1.960000,422.602682
1795,20.732020,20.238874,18.238874,22.238874,informed,none,0.000000,-14,722.846075,432.597795,1.960000,430.637795
1796,21.413192,21.819942,19.819942,23.819942,price_sensitive_uninformed,none,0.000000,-14,722.846075,423.061381,1.960000,421.101381
1797,20.239071,19.859101,17.859101,21.859101,informed,none,0.000000,-14,722.846075,439.499079,1.960000,437.539079
1798,20.347180,20.061433,18.061433,22.061433,price_sensitive_uninformed,none,0.000000,-14,722.846075,437.985558,1.960000,436.025558
1799,20.717338,19.893971,17.893971,21.893971,price_sensitive_uninformed,none,0.000000,-14,722.846075,432.803344,1.960000,430.843344
1800,20.389840,20.080727,18.080727,22.080727,price_sensitive_uninformed,sell_to_mm,18.080727,-13,704.765348,439.697434,1.690000,438.007434
1801,18.978160,20.729006,18.729006,22.729006,informed,none,0.000000,-13,704.765348,458.049265,1.690000,456.359265
1802,19.628770,19.864997,17.864997,21.864997,price_sensitive_uninformed,none,0.000000,-13,704.765348,449.591332,1.690000,447.901332
1803,18.678482,18.945735,16.945735,20.945735,informed,none,0.000000,-13,704.765348,461.945087,1.690000,460.255087
1804,18.476869,18.757947,16.757947,20.757947,price_sensitive_uninformed,none,0.000000,-13,704.765348,464.566053,1.690000,462.876053
1805,19.805276,20.502851,18.502851,22.502851,informed,none,0.000000,-13,704.765348,447.296756,1.690000,445.606756
1806,19.484444,19.705726,17.705726,21.705726,informed,none,0.000000,-13,704.765348,451.467570,1.690000,449.777570
1807,19.163841,19.143121,17.143121,21.143121,informed,none,0.000000,-13,704.765348,455.635422,1.690000,453.945422
1808,18.421127,18.513447,16.513447,20.513447,informed,none,0.000000,-13,704.765348,465.290697,1.690000,463.600697
1809,17.936740,16.195292,14.195292,18.195292,price_sensitive_uninformed,none,0.000000,-13,704.765348,471.587731,1.690000,469.897731
1810,20.301504,20.152617,18.152617,22.152617,price_sensitive_uninformed,none,0.000000,-13,704.765348,440.845802,1.690000,439.155802
1811,22.011509,21.852134,19.852134,23.852134,informed,none,0.000000,-13,704.765348,418.615729,1.690000,416.925729
1812,22.550473,22.853735,20.853735,24.853735,price_sensitive_uninformed,none,0.000000,-13,704.765348,411.609198,1.690000,409.919198
1813,22.450341,23.512489,21.512489,25.512489,price_sensitive_uninformed,none,0.000000,-13,704.765348,412.910910,1.690000,411.220910
1814,22.917972,22.739781,20.739781,24.739781,price_sensitive_uninformed,none,0.000000,-13,704.765348,406.831713,1.690000,405.141713
1815,22.416718,22.014248,20.014248,24.014248,price_sensitive_uninformed,none,0.000000,-13,704.765348,413.348019,1.690000,411.658019
1816,20.576695,20.029187,18.029187,22.029187,informed,none,0.000000,-13,704.765348,437.268318,1.690000,435.578318
1817,21.227804,21.153690,19.153690,23.153690,price_sensitive_uninformed,none,0.000000,-13,704.765348,428.803902,1.690000,427.113902
1818,22.258951,22.833970,20.833970,24.833970,price_sensitive_uninformed,none,0.000000,-13,704.765348,415.398988,1.690000,413.708988
1819,21.799810,22.536529,20.536529,24.536529,price_sensitive_uninformed,none,0.000000,-13,704.765348,421.367815,1.690000,419.677815
1820,23.134821,22.245640,20.245640,24.245640,price_sensitive_uninformed,none,0.000000,-13,704.765348,404.012672,1.690000,402.322672
1821,22.902523,23.619090,21.619090,25.619090,informed,none,0.000000,-13,704.765348,407.032543,1.690000,405.342543
1822,24.429907,25.758809,23.758809,27.758809,price_sensitive_uninformed,none,0.000000,-13,704.765348,387.176551,1.690000,385.486551
1823,24.719358,25.104895,23.104895,27.104895,price_sensitive_uninformed,none,0.000000,-13,704.765348,383.413688,1.690000,381.723688
1824,22.758961,22.825513,20.825513,24.825513,informed,none,0.000000,-13,704.765348,408.898860,1.690000,407.208860
1825,22.639124,24.325076,22.325076,26.325076,price_sensitive_uninformed,none,0.000000,-13,704.765348,410.456740,1.690000,408.766740
1826,22.457268,23.460170,21.460170,25.460170,price_sensitive_uninformed,none,0.000000,-13,704.765348,412.820863,1.690000,411.130863
1827,21.444404,20.508683,18.508683,22.508683,informed,none,0.000000,-13,704.765348,425.988102,1.690000,424.298102
1828,20.331540,19.995638,17.995638,21.995638,informed,none,0.000000,-13,704.765348,440.455329,1.690000,438.765329
1829,22.177060,20.206829,18.206829,22.206829,price_sensitive_uninformed,none,0.000000,-13,704.765348,416.463570,1.690000,414.773570
1830,21.697756,21.034468,19.034468,23.034468,price_sensitive_uninformed,none,0.000000,-13,704.765348,422.694517,1.690000,421.004517
1831,21.682457,20.911643,18.911643,22.911643,price_sensitive_uninformed,none,0.000000,-13,704.765348,422.893405,1.690000,421.203405
1832,22.406818,20.813863,18.813863,22.813863,informed,none,0.000000,-13,704.765348,413.476719,1.690000,411.786719
1833,22.224504,24.093240,22.093240,26.093240,price_sensitive_uninformed,buy_from_mm,26.093240,-14,730.858588,419.715527,1.960000,417.755527
1834,22.977592,22.498314,20.498314,24.498314,price_sensitive_uninformed,none,0.000000,-14,730.858588,409.172302,1.960000,407.212302
1835,22.132367,22.625160,20.625160,24.625160,price_sensitive_uninformed,none,0.000000,-14,730.858588,421.005444,1.960000,419.045444
1836,22.801282,23.346048,21.346048,25.346048,informed,none,0.000000,-14,730.858588,411.640643,1.960000,409.680643
1837,22.010166,22.508665,20.508665,24.508665,price_sensitive_uninformed,none,0.000000,-14,730.858588,422.716262,1.960000,420.756262
1838,21.227517,21.211879,19.211879,23.211879,price_sensitive_uninformed,none,0.000000,-14,730.858588,433.673346,1.960000,431.713346
1839,21.085250,21.492086,19.492086,23.492086,informed,none,0.000000,-14,730.858588,435.665093,1.960000,433.705093
1840,21.255052,20.894135,18.894135,22.894135,informed,none,0.000000,-14,730.858588,433.287854,1.960000,431.327854
1841,23.262640,23.410266,21.410266,25.410266,informed,none,0.000000,-14,730.858588,405.181633,1.960000,403.221633
1842,21.821351,22.559982,20.559982,24.559982,informed,none,0.000000,-14,730.858588,425.359678,1.960000,423.399678
1843,21.884616,19.850611,17.850611,21.850611,informed,buy_from_mm,21.850611,-15,752.709199,424.439958,2.250000,422.189958
1844,22.982894,23.136836,21.136836,25.136836,informed,none,0.000000,-15,752.709199,407.965782,2.250000,405.715782
1845,21.870078,21.389585,19.389585,23.389585,price_sensitive_uninformed,none,0.000000,-15,752.709199,424.658034,2.250000,422.408034
1846,21.741593,23.592629,21.592629,25.592629,price_sensitive_uninformed,none,0.000000,-15,752.709199,426.585298,2.250000,424.335298
1847,22.849123,24.079956,22.079956,26.079956,informed,none,0.000000,-15,752.709199,409.972356,2.250000,407.722356
1848,22.898190,20.554907,18.554907,22.554907,price_sensitive_uninformed,none,0.000000,-15,752.709199,409.236350,2.250000,406.986350
1849,22.695716,21.853148,19.853148,23.853148,informed,none,0.000000,-15,752.709199,412.273458,2.250000,410.023458
1850,21.690961,21.134154,19.134154,23.134154,price_sensitive_uninformed,none,0.000000,-15,752.709199,427.344778,2.250000,425.094778
1851,22.644166,22.343150,20.343150,24.343150,price_sensitive_uninformed,none,0.000000,-15,752.709199,413.046706,2.250000,410.796706
1852,22.496132,20.300476,18.300476,22.300476,price_sensitive_uninformed,none,0.000000,-15,752.709199,415.267223,2.250000,413.017223
1853,22.093460,23.463408,21.463408,25.463408,price_sensitive_uninformed,sell_to_mm,21.463408,-14,731.245791,421.937345,1.960000,419.977345
1854,25.028873,24.743696,22.743696,26.743696,price_sensitive_uninformed,none,0.000000,-14,731.245791,380.841575,1.960000,378.881575
1855,24.808426,25.068476,23.068476,27.068476,price_sensitive_uninformed,none,0.000000,-14,731.245791,383.927832,1.960000,381.967832
1856,24.415225,26.580182,24.580182,28.580182,price_sensitive_uninformed,none,0.000000,-14,731.245791,389.432643,1.960000,387.472643
1857,24.026449,25.400815,23.400815,27.400815,price_sensitive_uninformed,none,0.000000,-14,731.245791,394.875499,1.960000,392.915499
1858,24.242302,25.483309,23.483309,27.483309,informed,none,0.000000,-14,731.245791,391.853558,1.960000,389.893558
1859,25.245793,24.982061,22.982061,26.982061,price_sensitive_uninformed,none,0.000000,-14,731.245791,377.804690,1.960000,375.844690
1860,25.213704,26.332285,24.332285,28.332285,price_sensitive_uninformed,none,0.000000,-14,731.245791,378.253935,1.960000,376.293935
1861,24.747521,25.377027,23.377027,27.377027,informed,none,0.000000,-14,731.245791,384.780501,1.960000,382.820501
1862,25.438930,26.034249,24.034249,28.034249,informed,none,0.000000,-14,731.245791,375.100765,1.960000,373.140765
1863,24.820068,26.042593,24.042593,28.042593,price_sensitive_uninformed,none,0.000000,-14,731.245791,383.764835,1.960000,381.804835
1864,25.690228,25.099710,23.099710,27.099710,price_sensitive_uninformed,none,0.000000,-14,731.245791,371.582597,1.960000,369.622597
1865,25.190367,25.694465,23.694465,27.694465,informed,none,0.000000,-14,731.245791,378.580651,1.960000,376.620651
1866,24.470655,24.598096,22.598096,26.598096,price_sensitive_uninformed,none,0.000000,-14,731.245791,388.656627,1.960000,386.696627
1867,24.130714,23.738630,21.738630,25.738630,price_sensitive_uninformed,none,0.000000,-14,731.245791,393.415791,1.960000,391.455791
1868,23.770367,25.495343,23.495343,27.495343,price_sensitive_uninformed,none,0.000000,-14,731.245791,398.460656,1.960000,396.500656
1869,22.822497,23.793476,21.793476,25.793476,price_sensitive_uninformed,none,0.000000,-14,731.245791,411.730837,1.960000,409.770837
1870,22.419327,22.554430,20.554430,24.554430,informed,none,0.000000,-14,731.245791,417.375211,1.960000,415.415211
1871,22.305681,23.467118,21.467118,25.467118,informed,none,0.000000,-14,731.245791,418.966251,1.960000,417.006251
1872,22.264124,21.550035,19.550035,23.550035,price_sensitive_uninformed,none,0.000000,-14,731.245791,419.548059,1.960000,417.588059
1873,23.757589,24.765667,22.765667,26.765667,price_sensitive_uninformed,none,0.000000,-14,731.245791,398.639551,1.960000,396.679551
1874,22.981634,22.872698,20.872698,24.872698,informed,none,0.000000,-14,731.245791,409.502918,1.960000,407.542918
1875,22.798898,23.578874,21.578874,25.578874,price_sensitive_uninformed,none,0.000000,-14,731.245791,412.061226,1.960000,410.101226
1876,23.368595,23.033947,21.033947,25.033947,price_sensitive_uninformed,none,0.000000,-14,731.245791,404.085468,1.960000,402.125468
1877,22.892393,23.870966,21.870966,25.870966,price_sensitive_uninformed,none,0.000000,-14,731.245791,410.752296,1.960000,408.792296
1878,23.598214,23.424994,21.424994,25.424994,informed,none,0.000000,-14,731.245791,400.870797,1.960000,398.910797
1879,24.195012,25.645353,23.645353,27.645353,price_sensitive_uninformed,none,0.000000,-14,731.245791,392.515626,1.960000,390.555626
1880,23.022416,21.713800,19.713800,23.713800,informed,none,0.000000,-14,731.245791,408.931973,1.960000,406.971973
1881,22.395585,23.435554,21.435554,25.435554,price_sensitive_uninformed,none,0.000000,-14,731.245791,417.707606,1.960000,415.747606
1882,21.559791,21.921161,19.921161,23.921161,informed,none,0.000000,-14,731.245791,429.408723,1.960000,427.448723
1883,20.611709,21.311760,19.311760,23.311760,price_sensitive_uninformed,none,0.000000,-14,731.245791,442.681860,1.960000,440.721860
1884,22.328372,21.616387,19.616387,23.616387,informed,none,0.000000,-14,731.245791,418.648585,1.960000,416.688585
1885,21.923139,22.427958,20.427958,24.427958,price_sensitive_uninformed,none,0.000000,-14,731.245791,424.321844,1.960000,422.361844
1886,21.426288,21.718406,19.718406,23.718406,price_sensitive_uninformed,none,0.000000,-14,731.245791,431.277754,1.960000,429.317754
1887,19.780581,18.648226,16.648226,20.648226,price_sensitive_uninformed,none,0.000000,-14,731.245791,454.317664,1.960000,452.357664
1888,18.920057,19.604118,17.604118,21.604118,price_sensitive_uninformed,none,0.000000,-14,731.245791,466.364996,1.960000,464.404996
1889,21.167516,19.949068,17.949068,21.949068,price_sensitive_uninformed,sell_to_mm,17.949068,-13,713.296723,438.119017,1.690000,436.429017
1890,22.460513,23.337306,21.337306,25.337306,price_sensitive_uninformed,none,0.000000,-13,713.296723,421.310059,1.690000,419.620059
1891,22.615871,21.381204,19.381204,23.381204,informed,none,0.000000,-13,713.296723,419.290397,1.690000,417.600397
1892,21.680822,21.515143,19.515143,23.515143,price_sensitive_uninformed,none,0.000000,-13,713.296723,431.446037,1.690000,429.756037
1893,21.598649,21.727173,19.727173,23.727173,informed,none,0.000000,-13,713.296723,432.514281,1.690000,430.824281
1894,24.995127,26.285511,24.285511,28.285511,price_sensitive_uninformed,none,0.000000,-13,713.296723,388.360069,1.690000,386.670069
1895,25.847805,24.895627,22.895627,26.895627,price_sensitive_uninformed,none,0.000000,-13,713.296723,377.275260,1.690000,375.585260
1896,26.183766,24.918504,22.918504,26.918504,price_sensitive_uninformed,none,0.000000,-13,713.296723,372.907765,1.690000,371.217765
1897,27.462338,26.592237,24.592237,28.592237,informed,none,0.000000,-13,713.296723,356.286335,1.690000,354.596335
1898,28.845457,27.036457,25.036457,29.036457,informed,none,0.000000,-13,713.296723,338.305776,1.690000,336.615776
1899,29.030637,28.485299,26.485299,30.485299,informed,none,0.000000,-13,713.296723,335.898443,1.690000,334.208443
1900,28.319837,28.121658,26.121658,30.121658,price_sensitive_uninformed,none,0.000000,-13,713.296723,345.138842,1.690000,343.448842
1901,27.431882,28.031210,26.031210,30.031210,informed,none,0.000000,-13,713.296723,356.682263,1.690000,354.992263
1902,27.865725,29.767399,27.767399,31.767399,price_sensitive_uninformed,none,0.000000,-13,713.296723,351.042300,1.690000,349.352300
1903,27.786555,26.546476,24.546476,28.546476,informed,none,0.000000,-13,713.296723,352.071504,1.690000,350.381504
1904,29.593808,30.084362,28.084362,32.084362,informed,none,0.000000,-13,713.296723,328.577223,1.690000,326.887223
1905,30.264820,31.229602,29.229602,33.229602,price_sensitive_uninformed,buy_from_mm,33.229602,-14,746.526325,322.818839,1.960000,320.858839
1906,29.188665,30.573988,28.573988,32.573988,informed,none,0.000000,-14,746.526325,337.885015,1.960000,335.925015
1907,30.381213,30.090939,28.090939,32.090939,informed,none,0.000000,-14,746.526325,321.189347,1.960000,319.229347
1908,30.314794,30.291383,28.291383,32.291383,price_sensitive_uninformed,none,0.000000,-14,746.526325,322.119208,1.960000,320.159208
1909,29.426388,29.234677,27.234677,31.234677,price_sensitive_uninformed,none,0.000000,-14,746.526325,334.556886,1.960000,332.596886
1910,29.460892,31.006089,29.006089,33.006089,informed,none,0.000000,-14,746.526325,334.073830,1.960000,332.113830
1911,31.220437,32.227882,30.227882,34.227882,informed,none,0.000000,-14,746.526325,309.440202,1.960000,307.480202
1912,31.187751,30.636388,28.636388,32.636388,informed,none,0.000000,-14,746.526325,309.897814,1.960000,307.937814
1913,30.541858,30.014845,28.014845,32.014845,informed,none,0.000000,-14,746.526325,318.940315,1.960000,316.980315
1914,30.559358,30.455225,28.455225,32.455225,informed,none,0.000000,-14,746.526325,318.695316,1.960000,316.735316
1915,30.518157,30.268476,28.268476,32.268476,informed,none,0.000000,-14,746.526325,319.272124,1.960000,317.312124
1916,29.658482,29.538688,27.538688,31.538688,informed,none,0.000000,-14,746.526325,331.307575,1.960000,329.347575
1917,27.831410,28.100734,26.100734,30.100734,informed,none,0.000000,-14,746.526325,356.886589,1.960000,354.926589
1918,29.220288,29.170099,27.170099,31.170099,informed,none,0.000000,-14,746.526325,337.442294,1.960000,335.482294
1919,30.607851,30.420852,28.420852,32.420852,price_sensitive_uninformed,none,0.000000,-14,746.526325,318.016412,1.960000,316.056412
1920,30.893482,31.780392,29.780392,33.780392,price_sensitive_uninformed,none,0.000000,-14,746.526325,314.017580,1.960000,312.057580
1921,30.438156,31.525339,29.525339,33.525339,price_sensitive_uninformed,none,0.000000,-14,746.526325,320.392142,1.960000,318.432142
1922,28.491799,28.435500,26.435500,30.435500,informed,none,0.000000,-14,746.526325,347.641143,1.960000,345.681143
1923,28.326040,28.527394,26.527394,30.527394,informed,none,0.000000,-14,746.526325,349.961763,1.960000,348.001763
1924,28.433424,27.796868,25.796868,29.796868,informed,none,0.000000,-14,746.526325,348.458392,1.960000,346.498392
1925,29.314387,30.168047,28.168047,32.168047,informed,none,0.000000,-14,746.526325,336.124904,1.960000,334.164904
1926,29.065067,29.887059,27.887059,31.887059,price_sensitive_uninformed,none,0.000000,-14,746.526325,339.615382,1.960000,337.655382
1927,28.285254,27.821105,25.821105,29.821105,informed,none,0.000000,-14,746.526325,350.532765,1.960000,348.572765
1928,30.393620,28.666151,26.666151,30.666151,informed,none,0.000000,-14,746.526325,321.015640,1.960000,319.055640
1929,31.841631,32.894858,30.894858,34.894858,price_sensitive_uninformed,none,0.000000,-14,746.526325,300.743497,1.960000,298.783497
1930,31.204206,32.412746,30.412746,34.412746,informed,none,0.000000,-14,746.526325,309.667437,1.960000,307.707437
1931,31.661101,33.172815,31.172815,35.172815,price_sensitive_uninformed,none,0.000000,-14,746.526325,303.270906,1.960000,301.310906
1932,32.250838,34.134568,32.134568,36.134568,price_sensitive_uninformed,none,0.000000,-14,746.526325,295.014596,1.960000,293.054596
1933,32.662194,32.130737,30.130737,34.130737,price_sensitive_uninformed,none,0.000000,-14,746.526325,289.255615,1.960000,287.295615
1934,34.095306,34.762255,32.762255,36.762255,price_sensitive_uninformed,none,0.000000,-14,746.526325,269.192036,1.960000,267.232036
1935,35.307198,35.230701,33.230701,37.230701,price_sensitive_uninformed,none,0.000000,-14,746.526325,252.225546,1.960000,250.265546
1936,36.146548,34.498969,32.498969,36.498969,price_sensitive_uninformed,none,0.000000,-14,746.526325,240.474652,1.960000,238.514652
1937,36.103807,37.106324,35.106324,39.106324,price_sensitive_uninformed,none,0.000000,-14,746.526325,241.073032,1.960000,239.113032
1938,35.984824,36.259483,34.259483,38.259483,price_sensitive_uninformed,none,0.000000,-14,746.526325,242.738789,1.960000,240.778789
1939,35.968522,37.430944,35.430944,39.430944,price_sensitive_uninformed,none,0.000000,-14,746.526325,242.967023,1.960000,241.007023
1940,34.826679,33.758146,31.758146,35.758146,informed,none,0.000000,-14,746.526325,258.952816,1.960000,256.992816
1941,34.341679,34.372936,32.372936,36.372936,informed,none,0.000000,-14,746.526325,265.742819,1.960000,263.782819
1942,32.998812,32.663274,30.663274,34.663274,informed,none,0.000000,-14,746.526325,284.542963,1.960000,282.582963
1943,33.739721,33.322893,31.322893,35.322893,informed,none,0.000000,-14,746.526325,274.170224,1.960000,272.210224
1944,35.266574,34.406304,32.406304,36.406304,price_sensitive_uninformed,sell_to_mm,32.406304,-13,714.120020,255.654563,1.690000,253.964563
1945,35.291661,36.485457,34.485457,38.485457,informed,none,0.000000,-13,714.120020,255.328422,1.690000,253.638422
1946,34.720479,34.441218,32.441218,36.441218,informed,none,0.000000,-13,714.120020,262.753798,1.690000,261.063798
1947,31.855739,32.506957,30.506957,34.506957,informed,none,0.000000,-13,714.120020,299.995419,1.690000,298.305419
1948,30.543312,31.286850,29.286850,33.286850,price_sensitive_uninformed,none,0.000000,-13,714.120020,317.056967,1.690000,315.366967
1949,30.903235,29.276320,27.276320,31.276320,price_sensitive_uninformed,none,0.000000,-13,714.120020,312.377963,1.690000,310.687963
1950,31.737519,31.575166,29.575166,33.575166,price_sensitive_uninformed,none,0.000000,-13,714.120020,301.532279,1.690000,299.842279
1951,30.937143,29.308785,27.308785,31.308785,price_sensitive_uninformed,none,0.000000,-13,714.120020,311.937160,1.690000,310.247160
1952,31.138307,30.773704,28.773704,32.773704,price_sensitive_uninformed,none,0.000000,-13,714.120020,309.322031,1.690000,307.632031
1953,29.280621,28.936204,26.936204,30.936204,informed,none,0.000000,-13,714.120020,333.471947,1.690000,331.781947
1954,29.636112,28.045285,26.045285,30.045285,price_sensitive_uninformed,none,0.000000,-13,714.120020,328.850566,1.690000,327.160566
1955,29.623771,29.763842,27.763842,31.763842,price_sensitive_uninformed,none,0.000000,-13,714.120020,329.011000,1.690000,327.321000
1956,29.088262,27.910261,25.910261,29.910261,informed,none,0.000000,-13,714.120020,335.972620,1.690000,334.282620
1957,27.733582,27.307494,25.307494,29.307494,price_sensitive_uninformed,none,0.000000,-13,714.120020,353.583449,1.690000,351.893449
1958,27.399105,27.150364,25.150364,29.150364,informed,none,0.000000,-13,714.120020,357.931658,1.690000,356.241658
1959,25.530169,24.702861,22.702861,26.702861,price_sensitive_uninformed,none,0.000000,-13,714.120020,382.227819,1.690000,380.537819
1960,25.558657,24.900553,22.900553,26.900553,price_sensitive_uninformed,none,0.000000,-13,714.120020,381.857481,1.690000,380.167481
1961,26.911405,27.353623,25.353623,29.353623,price_sensitive_uninformed,none,0.000000,-13,714.120020,364.271755,1.690000,362.581755
1962,25.720099,26.842904,24.842904,28.842904,price_sensitive_uninformed,none,0.000000,-13,714.120020,379.758735,1.690000,378.068735
1963,24.406667,25.123226,23.123226,27.123226,price_sensitive_uninformed,none,0.000000,-13,714.120020,396.833355,1.690000,395.143355
1964,23.212683,23.987713,21.987713,25.987713,price_sensitive_uninformed,none,0.000000,-13,714.120020,412.355143,1.690000,410.665143
1965,23.322176,24.394875,22.394875,26.394875,informed,none,0.000000,-13,714.120020,410.931735,1.690000,409.241735
1966,23.954160,23.726267,21.726267,25.726267,informed,none,0.000000,-13,714.120020,402.715944,1.690000,401.025944
1967,23.956675,26.156191,24.156191,28.156191,informed,sell_to_mm,24.156191,-12,689.963829,402.483733,1.440000,401.043733
1968,23.811023,25.446282,23.446282,27.446282,price_sensitive_uninformed,none,0.000000,-12,689.963829,404.231550,1.440000,402.791550
1969,23.253410,23.928164,21.928164,25.928164,informed,none,0.000000,-12,689.963829,410.922905,1.440000,409.482905
1970,21.250886,22.560050,20.560050,24.560050,price_sensitive_uninformed,none,0.000000,-12,689.963829,434.953196,1.440000,433.513196
1971,21.975836,22.251426,20.251426,24.251426,price_sensitive_uninformed,none,0.000000,-12,689.963829,426.253800,1.440000,424.813800
1972,23.462699,21.891330,19.891330,23.891330,informed,none,0.000000,-12,689.963829,408.411438,1.440000,406.971438
1973,23.404400,24.070070,22.070070,26.070070,price_sensitive_uninformed,none,0.000000,-12,689.963829,409.111025,1.440000,407.671025
1974,25.005029,23.600787,21.600787,25.600787,informed,none,0.000000,-12,689.963829,389.903482,1.440000,388.463482
1975,24.805859,24.156612,22.156612,26.156612,informed,none,0.000000,-12,689.963829,392.293519,1.440000,390.853519
1976,24.047780,25.341672,23.341672,27.341672,price_sensitive_uninformed,none,0.000000,-12,689.963829,401.390470,1.440000,399.950470
1977,24.225223,24.392561,22.392561,26.392561,informed,none,0.000000,-12,689.963829,399.261152,1.440000,397.821152
1978,23.321099,23.368739,21.368739,25.368739,price_sensitive_uninformed,none,0.000000,-12,689.963829,410.110642,1.440000,408.670642
1979,21.582405,21.414211,19.414211,23.414211,price_sensitive_uninformed,none,0.000000,-12,689.963829,430.974968,1.440000,429.534968
1980,20.707220,20.228581,18.228581,22.228581,price_sensitive_uninformed,none,0.000000,-12,689.963829,441.477184,1.440000,440.037184
1981,22.235536,21.873379,19.873379,23.873379,price_sensitive_uninformed,buy_from_mm,23.873379,-13,713.837208,424.775242,1.690000,423.085242
1982,22.840382,24.450415,22.450415,26.450415,informed,none,0.000000,-13,713.837208,416.912238,1.690000,415.222238
1983,23.025296,23.669524,21.669524,25.669524,informed,none,0.000000,-13,713.837208,414.508364,1.690000,412.818364
1984,23.559422,23.742489,21.742489,25.742489,price_sensitive_uninformed,none,0.000000,-13,713.837208,407.564723,1.690000,405.874723
1985,23.318917,21.773861,19.773861,23.773861,price_sensitive_uninformed,none,0.000000,-13,713.837208,410.691285,1.690000,409.001285
1986,22.628361,22.539286,20.539286,24.539286,price_sensitive_uninformed,none,0.000000,-13,713.837208,419.668513,1.690000,417.978513
1987,21.803563,23.006983,21.006983,25.006983,price_sensitive_uninformed,none,0.000000,-13,713.837208,430.390884,1.690000,428.700884
1988,24.692289,24.984798,22.984798,26.984798,informed,none,0.000000,-13,713.837208,392.837446,1.690000,391.147446
1989,25.708725,25.006337,23.006337,27.006337,price_sensitive_uninformed,none,0.000000,-13,713.837208,379.623781,1.690000,377.933781
1990,25.406875,27.040084,25.040084,29.040084,price_sensitive_uninformed,none,0.000000,-13,713.837208,383.547838,1.690000,381.857838
1991,24.743300,24.666233,22.666233,26.666233,informed,none,0.000000,-13,713.837208,392.174308,1.690000,390.484308
1992,25.517085,23.996132,21.996132,25.996132,informed,none,0.000000,-13,713.837208,382.115101,1.690000,380.425101
1993,24.777271,26.038453,24.038453,28.038453,price_sensitive_uninformed,none,0.000000,-13,713.837208,391.732678,1.690000,390.042678
1994,25.148208,24.628570,22.628570,26.628570,price_sensitive_uninformed,none,0.000000,-13,713.837208,386.910509,1.690000,385.220509
1995,23.845884,22.513734,20.513734,24.513734,price_sensitive_uninformed,none,0.000000,-13,713.837208,403.840717,1.690000,402.150717
1996,25.208474,23.989442,21.989442,25.989442,price_sensitive_uninformed,none,0.000000,-13,713.837208,386.127040,1.690000,384.437040
1997,26.464911,26.337969,24.337969,28.337969,informed,none,0.000000,-13,713.837208,369.793360,1.690000,368.103360
1998,27.554538,26.175492,24.175492,28.175492,informed,none,0.000000,-13,713.837208,355.628211,1.690000,353.938211
1999,28.708487,28.011678,26.011678,30.011678,price_sensitive_uninformed,none,0.000000,-13,713.837208,340.626881,1.690000,338.936881
2000,28.588997,30.144571,28.144571,32.144571,price_sensitive_uninformed,none,0.000000,-13,713.837208,342.180249,1.690000,340.490249
