t,true_value,signal,bid,ask,trader_type,trade_side,trade_price,inventory,cash,pnl_mark_to_true,inv_penalty,risk_adj_pnl
1,-0.382056,0.044224,-2.955776,3.044224,price_sensitive_uninformed,none,0.000000,0,0.000000,0.000000,0.000000,0.000000
2,-1.716581,-2.114631,-5.114631,0.885369,price_sensitive_uninformed,none,0.000000,0,0.000000,0.000000,0.000000,0.000000
3,-3.392828,-4.191009,-7.191009,-1.191009,price_sensitive_uninformed,none,0.000000,0,0.000000,0.000000,0.000000,0.000000
4,-5.407935,-4.971668,-7.971668,-1.971668,price_sensitive_uninformed,none,0.000000,0,0.000000,0.000000,0.000000,0.000000
5,-6.694964,-7.342477,-10.342477,-4.342477,price_sensitive_uninformed,none,0.000000,0,0.000000,0.000000,0.000000,0.000000
6,-7.018891,-8.740449,-11.740449,-5.740449,price_sensitive_uninformed,none,0.000000,0,0.000000,0.000000,0.000000,0.000000
7,-6.732094,-6.587275,-9.587275,-3.587275,price_sensitive_uninformed,none,0.000000,0,0.000000,0.000000,0.000000,0.000000
8,-7.645039,-8.682122,-11.682122,-5.682122,informed,none,0.000000,0,0.000000,0.000000,0.000000,0.000000
9,-8.078143,-8.643800,-11.643800,-5.643800,informed,none,0.000000,0,0.000000,0.000000,0.000000,0.000000
10,-7.027527,-5.442941,-8.442941,-2.442941,price_sensitive_uninformed,none,0.000000,0,0.000000,0.000000,0.000000,0.000000
11,-8.050109,-8.439042,-11.439042,-5.439042,price_sensitive_uninformed,none,0.000000,0,0.000000,0.000000,0.000000,0.000000
12,-7.640774,-8.356398,-11.356398,-5.356398,price_sensitive_uninformed,none,0.000000,0,0.000000,0.000000,0.000000,0.000000
13,-8.635858,-6.739897,-9.739897,-3.739897,informed,none,0.000000,0,0.000000,0.000000,0.000000,0.000000
14,-8.761109,-9.175042,-12.175042,-6.175042,price_sensitive_uninformed,none,0.000000,0,0.000000,0.000000,0.000000,0.000000
15,-7.996595,-7.476613,-10.476613,-4.476613,price_sensitive_uninformed,none,0.000000,0,0.000000,0.000000,0.000000,0.000000
16,-8.603766,-8.152527,-11.152527,-5.152527,informed,none,0.000000,0,0.000000,0.000000,0.000000,0.000000
17,-8.403222,-7.111876,-10.111876,-4.111876,informed,none,0.000000,0,0.000000,0.000000,0.000000,0.000000
18,-8.588282,-8.544734,-11.544734,-5.544734,informed,none,0.000000,0,0.000000,0.000000,0.000000,0.000000
19,-8.203052,-10.168468,-13.168468,-7.168468,price_sensitive_uninformed,none,0.000000,0,0.000000,0.000000,0.000000,0.000000
20,-7.271737,-6.411514,-9.411514,-3.411514,price_sensitive_uninformed,none,0.000000,0,0.000000,0.000000,0.000000,0.000000
21,-4.801347,-3.738308,-6.738308,-0.738308,price_sensitive_uninformed,none,0.000000,0,0.000000,0.000000,0.000000,0.000000
22,-4.716555,-5.101562,-8.101562,-2.101562,price_sensitive_uninformed,none,0.000000,0,0.000000,0.000000,0.000000,0.000000
23,-4.532402,-2.670329,-5.670329,0.329671,price_sensitive_uninformed,none,0.000000,0,0.000000,0.000000,0.000000,0.000000
24,-5.099639,-6.938182,-9.938182,-3.938182,informed,none,0.000000,0,0.000000,0.000000,0.000000,0.000000
25,-5.260435,-3.518220,-6.518220,-0.518220,informed,none,0.000000,0,0.000000,0.000000,0.000000,0.000000
26,-4.991637,-6.335875,-9.335875,-3.335875,informed,none,0.000000,0,0.000000,0.000000,0.000000,0.000000
27,-5.952951,-6.664778,-9.664778,-3.664778,price_sensitive_uninformed,none,0.000000,0,0.000000,0.000000,0.000000,0.000000
28,-6.486654,-6.225839,-9.225839,-3.225839,price_sensitive_uninformed,none,0.000000,0,0.000000,0.000000,0.000000,0.000000
29,-6.126156,-4.334930,-7.334930,-1.334930,price_sensitive_uninformed,none,0.000000,0,0.000000,0.000000,0.000000,0.000000
30,-6.988683,-8.280252,-11.280252,-5.280252,price_sensitive_uninformed,none,0.000000,0,0.000000,0.000000,0.000000,0.000000
31,-6.567333,-5.128682,-8.128682,-2.128682,price_sensitive_uninformed,none,0.000000,0,0.000000,0.000000,0.000000,0.000000
32,-6.414384,-6.300415,-9.300415,-3.300415,price_sensitive_uninformed,none,0.000000,0,0.000000,0.000000,0.000000,0.000000
33,-6.162524,-5.629402,-8.629402,-2.629402,informed,none,0.000000,0,0.000000,0.000000,0.000000,0.000000
34,-5.066196,-4.184041,-7.184041,-1.184041,informed,none,0.000000,0,0.000000,0.000000,0.000000,0.000000
35,-5.153617,-4.566748,-7.566748,-1.566748,informed,none,0.000000,0,0.000000,0.000000,0.000000,0.000000
36,-4.054738,-4.660110,-7.660110,-1.660110,price_sensitive_uninformed,none,0.000000,0,0.000000,0.000000,0.000000,0.000000
37,-4.001346,-4.921556,-7.921556,-1.921556,price_sensitive_uninformed,none,0.000000,0,0.000000,0.000000,0.000000,0.000000
38,-4.007720,-3.286390,-6.286390,-0.286390,informed,none,0.000000,0,0.000000,0.000000,0.000000,0.000000
39,-5.571669,-7.373250,-10.373250,-4.373250,informed,none,0.000000,0,0.000000,0.000000,0.000000,0.000000
40,-5.988281,-7.303304,-10.303304,-4.303304,price_sensitive_uninformed,none,0.000000,0,0.000000,0.000000,0.000000,0.000000
41,-5.773620,-6.349698,-9.349698,-3.349698,informed,none,0.000000,0,0.000000,0.000000,0.000000,0.000000
42,-5.576868,-4.989763,-7.989763,-1.989763,price_sensitive_uninformed,none,0.000000,0,0.000000,0.000000,0.000000,0.000000
43,-4.293545,-3.503133,-6.503133,-0.503133,price_sensitive_uninformed,none,0.000000,0,0.000000,0.000000,0.000000,0.000000
44,-1.953724,-3.512491,-6.512491,-0.512491,informed,none,0.000000,0,0.000000,0.000000,0.000000,0.000000
45,-3.000940,-3.837488,-6.837488,-0.837488,informed,none,0.000000,0,0.000000,0.000000,0.000000,0.000000
46,-4.631771,-2.655779,-5.655779,0.344221,informed,none,0.000000,0,0.000000,0.000000,0.000000,0.000000
47,-5.557442,-5.925546,-8.925546,-2.925546,price_sensitive_uninformed,none,0.000000,0,0.000000,0.000000,0.000000,0.000000
48,-4.096240,-3.409349,-6.409349,-0.409349,price_sensitive_uninformed,none,0.000000,0,0.000000,0.000000,0.000000,0.000000
49,-4.307149,-3.072883,-6.072883,-0.072883,price_sensitive_uninformed,none,0.000000,0,0.000000,0.000000,0.000000,0.000000
50,-4.902189,-3.542401,-6.542401,-0.542401,informed,none,0.000000,0,0.000000,0.000000,0.000000,0.000000
51,-3.949024,-3.952697,-6.952697,-0.952697,price_sensitive_uninformed,none,0.000000,0,0.000000,0.000000,0.000000,0.000000
52,-3.380801,-2.715390,-5.715390,0.284610,price_sensitive_uninformed,none,0.000000,0,0.000000,0.000000,0.000000,0.000000
53,-2.765727,-3.072443,-6.072443,-0.072443,informed,none,0.000000,0,0.000000,0.000000,0.000000,0.000000
54,-4.169596,-3.420041,-6.420041,-0.420041,price_sensitive_uninformed,sell_to_mm,-6.420041,1,6.420041,2.250445,0.010000,2.240445
55,-4.105447,-4.710173,-7.710173,-1.710173,price_sensitive_uninformed,none,0.000000,1,6.420041,2.314594,0.010000,2.304594
56,-3.813532,-5.134963,-8.134963,-2.134963,price_sensitive_uninformed,none,0.000000,1,6.420041,2.606509,0.010000,2.596509
57,-3.521644,-4.904471,-7.904471,-1.904471,informed,none,0.000000,1,6.420041,2.898397,0.010000,2.888397
58,-2.002698,-2.904129,-5.904129,0.095871,price_sensitive_uninformed,none,0.000000,1,6.420041,4.417343,0.010000,4.407343
59,-0.483854,-1.852772,-4.852772,1.147228,price_sensitive_uninformed,none,0.000000,1,6.420041,5.936187,0.010000,5.926187
60,-1.035376,-1.159912,-4.159912,1.840088,price_sensitive_uninformed,none,0.000000,1,6.420041,5.384665,0.010000,5.374665
61,-0.529271,-1.394151,-4.394151,1.605849,price_sensitive_uninformed,none,0.000000,1,6.420041,5.890770,0.010000,5.880770
62,-0.705797,1.564776,-1.435224,4.564776,price_sensitive_uninformed,none,0.000000,1,6.420041,5.714244,0.010000,5.704244
63,-2.112838,-3.727480,-6.727480,-0.727480,price_sensitive_uninformed,none,0.000000,1,6.420041,4.307203,0.010000,4.297203
64,-2.787442,-4.163444,-7.163444,-1.163444,informed,none,0.000000,1,6.420041,3.632599,0.010000,3.622599
65,-2.986698,-1.897544,-4.897544,1.102456,price_sensitive_uninformed,none,0.000000,1,6.420041,3.433343,0.010000,3.423343
66,-4.151349,-3.628772,-6.628772,-0.628772,price_sensitive_uninformed,none,0.000000,1,6.420041,2.268692,0.010000,2.258692
67,-3.744955,-4.458066,-7.458066,-1.458066,informed,none,0.000000,1,6.420041,2.675086,0.010000,2.665086
68,-2.930599,-3.396952,-6.396952,-0.396952,price_sensitive_uninformed,none,0.000000,1,6.420041,3.489442,0.010000,3.479442
69,-3.393665,-4.370577,-7.370577,-1.370577,price_sensitive_uninformed,none,0.000000,1,6.420041,3.026376,0.010000,3.016376
70,-2.822166,-2.766904,-5.766904,0.233096,informed,none,0.000000,1,6.420041,3.597875,0.010000,3.587875
71,-3.936599,-4.832833,-7.832833,-1.832833,informed,none,0.000000,1,6.420041,2.483442,0.010000,2.473442
72,-2.862517,-2.206234,-5.206234,0.793766,price_sensitive_uninformed,none,0.000000,1,6.420041,3.557524,0.010000,3.547524
73,-2.176768,-1.717810,-4.717810,1.282190,price_sensitive_uninformed,none,0.000000,1,6.420041,4.243273,0.010000,4.233273
74,-1.442126,0.484172,-2.515828,3.484172,informed,none,0.000000,1,6.420041,4.977915,0.010000,4.967915
75,0.163098,-1.216561,-4.216561,1.783439,price_sensitive_uninformed,none,0.000000,1,6.420041,6.583139,0.010000,6.573139
76,0.284399,-0.073623,-3.073623,2.926377,price_sensitive_uninformed,none,0.000000,1,6.420041,6.704440,0.010000,6.694440
77,2.653638,1.150527,-1.849473,4.150527,price_sensitive_uninformed,none,0.000000,1,6.420041,9.073679,0.010000,9.063679
78,2.786817,2.098706,-0.901294,5.098706,price_sensitive_uninformed,none,0.000000,1,6.420041,9.206858,0.010000,9.196858
79,2.637217,2.512209,-0.487791,5.512209,price_sensitive_uninformed,none,0.000000,1,6.420041,9.057258,0.010000,9.047258
80,3.112013,2.361814,-0.638186,5.361814,informed,none,0.000000,1,6.420041,9.532054,0.010000,9.522054
81,3.874948,3.094494,0.094494,6.094494,price_sensitive_uninformed,none,0.000000,1,6.420041,10.294989,0.010000,10.284989
82,4.454393,5.030681,2.030681,8.030681,informed,none,0.000000,1,6.420041,10.874434,0.010000,10.864434
83,5.426609,5.112874,2.112874,8.112874,price_sensitive_uninformed,none,0.000000,1,6.420041,11.846650,0.010000,11.836650
84,6.223464,6.739626,3.739626,9.739626,informed,none,0.000000,1,6.420041,12.643505,0.010000,12.633505
85,7.616016,8.757958,5.757958,11.757958,price_sensitive_uninformed,none,0.000000,1,6.420041,14.036057,0.010000,14.026057
86,7.873391,6.028358,3.028358,9.028358,informed,none,0.000000,1,6.420041,14.293432,0.010000,14.283432
87,8.163167,7.551568,4.551568,10.551568,price_sensitive_uninformed,none,0.000000,1,6.420041,14.583208,0.010000,14.573208
88,8.876630,7.841276,4.841276,10.841276,price_sensitive_uninformed,none,0.000000,1,6.420041,15.296671,0.010000,15.286671
89,6.511616,6.598067,3.598067,9.598067,price_sensitive_uninformed,none,0.000000,1,6.420041,12.931657,0.010000,12.921657
90,7.492201,6.362232,3.362232,9.362232,informed,none,0.000000,1,6.420041,13.912242,0.010000,13.902242
91,8.365093,8.429864,5.429864,11.429864,informed,none,0.000000,1,6.420041,14.785134,0.010000,14.775134
92,7.171321,7.892275,4.892275,10.892275,price_sensitive_uninformed,none,0.000000,1,6.420041,13.591362,0.010000,13.581362
93,6.857623,6.883802,3.883802,9.883802,price_sensitive_uninformed,none,0.000000,1,6.420041,13.277664,0.010000,13.267664
94,6.250827,6.529343,3.529343,9.529343,informed,none,0.000000,1,6.420041,12.670868,0.010000,12.660868
95,5.593225,5.669804,2.669804,8.669804,price_sensitive_uninformed,none,0.000000,1,6.420041,12.013266,0.010000,12.003266
96,5.165527,3.738460,0.738460,6.738460,informed,none,0.000000,1,6.420041,11.585568,0.010000,11.575568
97,4.176808,3.431837,0.431837,6.431837,informed,none,0.000000,1,6.420041,10.596849,0.010000,10.586849
98,3.304187,5.388565,2.388565,8.388565,price_sensitive_uninformed,none,0.000000,1,6.420041,9.724228,0.010000,9.714228
99,3.728799,5.267940,2.267940,8.267940,price_sensitive_uninformed,none,0.000000,1,6.420041,10.148840,0.010000,10.138840
100,3.916131,4.107945,1.107945,7.107945,price_sensitive_uninformed,none,0.000000,1,6.420041,10.336172,0.010000,10.326172
101,3.333308,4.158946,1.158946,7.158946,price_sensitive_uninformed,none,0.000000,1,6.420041,9.753349,0.010000,9.743349
102,2.577561,2.285396,-0.714604,5.285396,price_sensitive_uninformed,none,0.000000,1,6.420041,8.997602,0.010000,8.987602
103,3.044519,2.657658,-0.342342,5.657658,informed,none,0.000000,1,6.420041,9.464560,0.010000,9.454560
104,5.919386,4.946685,1.946685,7.946685,price_sensitive_uninformed,none,0.000000,1,6.420041,12.339427,0.010000,12.329427
105,5.552329,5.227990,2.227990,8.227990,price_sensitive_uninformed,none,0.000000,1,6.420041,11.972370,0.010000,11.962370
106,6.681319,7.265290,4.265290,10.265290,informed,none,0.000000,1,6.420041,13.101360,0.010000,13.091360
107,6.492098,7.658481,4.658481,10.658481,informed,none,0.000000,1,6.420041,12.912139,0.010000,12.902139
108,8.033824,8.455376,5.455376,11.455376,price_sensitive_uninformed,none,0.000000,1,6.420041,14.453865,0.010000,14.443865
109,5.906527,4.978527,1.978527,7.978527,price_sensitive_uninformed,none,0.000000,1,6.420041,12.326568,0.010000,12.316568
110,5.185283,4.804059,1.804059,7.804059,price_sensitive_uninformed,none,0.000000,1,6.420041,11.605324,0.010000,11.595324
111,5.635249,4.509507,1.509507,7.509507,price_sensitive_uninformed,none,0.000000,1,6.420041,12.055290,0.010000,12.045290
112,4.087823,4.903061,1.903061,7.903061,informed,none,0.000000,1,6.420041,10.507864,0.010000,10.497864
113,3.979667,3.801110,0.801110,6.801110,price_sensitive_uninformed,none,0.000000,1,6.420041,10.399708,0.010000,10.389708
114,2.624149,1.356186,-1.643814,4.356186,price_sensitive_uninformed,none,0.000000,1,6.420041,9.044190,0.010000,9.034190
115,2.461963,3.415268,0.415268,6.415268,price_sensitive_uninformed,none,0.000000,1,6.420041,8.882004,0.010000,8.872004
116,1.540954,1.506883,-1.493117,4.506883,price_sensitive_uninformed,none,0.000000,1,6.420041,7.960995,0.010000,7.950995
117,2.863104,4.109077,1.109077,7.109077,price_sensitive_uninformed,none,0.000000,1,6.420041,9.283146,0.010000,9.273146
118,3.265761,5.000568,2.000568,8.000568,price_sensitive_uninformed,none,0.000000,1,6.420041,9.685802,0.010000,9.675802
119,6.049337,7.440782,4.440782,10.440782,price_sensitive_uninformed,none,0.000000,1,6.420041,12.469378,0.010000,12.459378
120,4.599940,3.691458,0.691458,6.691458,price_sensitive_uninformed,none,0.000000,1,6.420041,11.019981,0.010000,11.009981
121,3.910032,3.727151,0.727151,6.727151,price_sensitive_uninformed,none,0.000000,1,6.420041,10.330073,0.010000,10.320073
122,4.354970,2.588557,-0.411443,5.588557,price_sensitive_uninformed,none,0.000000,1,6.420041,10.775011,0.010000,10.765011
123,4.092347,5.879364,2.879364,8.879364,price_sensitive_uninformed,none,0.000000,1,6.420041,10.512388,0.010000,10.502388
124,3.507432,4.123728,1.123728,7.123728,price_sensitive_uninformed,none,0.000000,1,6.420041,9.927473,0.010000,9.917473
125,2.825055,3.761447,0.761447,6.761447,price_sensitive_uninformed,none,0.000000,1,6.420041,9.245096,0.010000,9.235096
126,2.193543,0.736894,-2.263106,3.736894,price_sensitive_uninformed,none,0.000000,1,6.420041,8.613584,0.010000,8.603584
127,1.602206,1.839978,-1.160022,4.839978,informed,none,0.000000,1,6.420041,8.022247,0.010000,8.012247
128,0.767734,2.495874,-0.504126,5.495874,informed,none,0.000000,1,6.420041,7.187776,0.010000,7.177776
129,2.304766,2.771516,-0.228484,5.771516,price_sensitive_uninformed,none,0.000000,1,6.420041,8.724807,0.010000,8.714807
130,2.451186,2.784395,-0.215605,5.784395,informed,none,0.000000,1,6.420041,8.871227,0.010000,8.861227
131,1.504665,0.634909,-2.365091,3.634909,price_sensitive_uninformed,none,0.000000,1,6.420041,7.924706,0.010000,7.914706
132,0.582275,-1.150031,-4.150031,1.849969,price_sensitive_uninformed,none,0.000000,1,6.420041,7.002317,0.010000,6.992317
133,1.513338,0.817358,-2.182642,3.817358,price_sensitive_uninformed,none,0.000000,1,6.420041,7.933379,0.010000,7.923379
134,3.801112,4.646698,1.646698,7.646698,price_sensitive_uninformed,none,0.000000,1,6.420041,10.221153,0.010000,10.211153
135,3.409863,4.401202,1.401202,7.401202,informed,none,0.000000,1,6.420041,9.829904,0.010000,9.819904
136,2.966587,4.185954,1.185954,7.185954,informed,none,0.000000,1,6.420041,9.386628,0.010000,9.376628
137,2.391954,2.885392,-0.114608,5.885392,informed,none,0.000000,1,6.420041,8.811995,0.010000,8.801995
138,4.185405,2.238332,-0.761668,5.238332,informed,none,0.000000,1,6.420041,10.605446,0.010000,10.595446
139,3.904013,3.544587,0.544587,6.544587,informed,none,0.000000,1,6.420041,10.324054,0.010000,10.314054
140,3.955089,4.914341,1.914341,7.914341,price_sensitive_uninformed,none,0.000000,1,6.420041,10.375130,0.010000,10.365130
141,2.249430,0.689180,-2.310820,3.689180,informed,none,0.000000,1,6.420041,8.669471,0.010000,8.659471
142,1.704452,-0.170172,-3.170172,2.829828,informed,none,0.000000,1,6.420041,8.124493,0.010000,8.114493
143,2.065862,2.259520,-0.740480,5.259520,informed,none,0.000000,1,6.420041,8.485903,0.010000,8.475903
144,3.044481,2.710790,-0.289210,5.710790,price_sensitive_uninformed,none,0.000000,1,6.420041,9.464522,0.010000,9.454522
145,4.010034,3.792854,0.792854,6.792854,price_sensitive_uninformed,none,0.000000,1,6.420041,10.430075,0.010000,10.420075
146,4.728325,4.642032,1.642032,7.642032,price_sensitive_uninformed,none,0.000000,1,6.420041,11.148366,0.010000,11.138366
147,3.469900,4.526474,1.526474,7.526474,informed,none,0.000000,1,6.420041,9.889941,0.010000,9.879941
148,2.841231,4.269976,1.269976,7.269976,price_sensitive_uninformed,none,0.000000,1,6.420041,9.261272,0.010000,9.251272
149,3.196334,4.761003,1.761003,7.761003,price_sensitive_uninformed,none,0.000000,1,6.420041,9.616375,0.010000,9.606375
150,4.656952,4.458013,1.458013,7.458013,price_sensitive_uninformed,none,0.000000,1,6.420041,11.076993,0.010000,11.066993
151,5.920809,6.918331,3.918331,9.918331,informed,none,0.000000,1,6.420041,12.340850,0.010000,12.330850
152,7.159406,7.285042,4.285042,10.285042,price_sensitive_uninformed,none,0.000000,1,6.420041,13.579448,0.010000,13.569448
153,7.214761,8.823450,5.823450,11.823450,informed,none,0.000000,1,6.420041,13.634802,0.010000,13.624802
154,7.554182,8.382491,5.382491,11.382491,informed,none,0.000000,1,6.420041,13.974223,0.010000,13.964223
155,7.504616,8.445784,5.445784,11.445784,price_sensitive_uninformed,none,0.000000,1,6.420041,13.924657,0.010000,13.914657
156,5.899420,6.623866,3.623866,9.623866,price_sensitive_uninformed,none,0.000000,1,6.420041,12.319461,0.010000,12.309461
157,8.429660,9.108459,6.108459,12.108459,informed,none,0.000000,1,6.420041,14.849701,0.010000,14.839701
158,7.420619,7.288299,4.288299,10.288299,price_sensitive_uninformed,none,0.000000,1,6.420041,13.840660,0.010000,13.830660
159,6.612481,7.068696,4.068696,10.068696,informed,none,0.000000,1,6.420041,13.032522,0.010000,13.022522
160,5.644689,5.690515,2.690515,8.690515,price_sensitive_uninformed,none,0.000000,1,6.420041,12.064730,0.010000,12.054730
161,5.262031,5.381202,2.381202,8.381202,price_sensitive_uninformed,none,0.000000,1,6.420041,11.682072,0.010000,11.672072
162,5.891480,5.504958,2.504958,8.504958,price_sensitive_uninformed,none,0.000000,1,6.420041,12.311521,0.010000,12.301521
163,6.409786,6.070937,3.070937,9.070937,informed,none,0.000000,1,6.420041,12.829827,0.010000,12.819827
164,5.800578,4.754029,1.754029,7.754029,informed,none,0.000000,1,6.420041,12.220619,0.010000,12.210619
165,4.579420,3.780698,0.780698,6.780698,informed,none,0.000000,1,6.420041,10.999461,0.010000,10.989461
166,5.117759,5.637558,2.637558,8.637558,price_sensitive_uninformed,none,0.000000,1,6.420041,11.537800,0.010000,11.527800
167,5.526923,4.851868,1.851868,7.851868,informed,none,0.000000,1,6.420041,11.946964,0.010000,11.936964
168,5.739320,5.834648,2.834648,8.834648,informed,none,0.000000,1,6.420041,12.159361,0.010000,12.149361
169,6.541909,7.364368,4.364368,10.364368,price_sensitive_uninformed,none,0.000000,1,6.420041,12.961950,0.010000,12.951950
170,5.647960,5.319977,2.319977,8.319977,informed,none,0.000000,1,6.420041,12.068001,0.010000,12.058001
171,8.133816,10.192239,7.192239,13.192239,informed,none,0.000000,1,6.420041,14.553857,0.010000,14.543857
172,7.005629,7.437415,4.437415,10.437415,price_sensitive_uninformed,none,0.000000,1,6.420041,13.425670,0.010000,13.415670
173,6.781397,6.701503,3.701503,9.701503,informed,none,0.000000,1,6.420041,13.201438,0.010000,13.191438
174,5.986597,5.437325,2.437325,8.437325,price_sensitive_uninformed,none,0.000000,1,6.420041,12.406638,0.010000,12.396638
175,6.530437,7.623518,4.623518,10.623518,informed,none,0.000000,1,6.420041,12.950478,0.010000,12.940478
176,7.861560,7.775589,4.775589,10.775589,price_sensitive_uninformed,none,0.000000,1,6.420041,14.281601,0.010000,14.271601
177,7.971172,7.444812,4.444812,10.444812,informed,none,0.000000,1,6.420041,14.391213,0.010000,14.381213
178,7.492099,7.433862,4.433862,10.433862,price_sensitive_uninformed,none,0.000000,1,6.420041,13.912140,0.010000,13.902140
179,7.574067,6.121707,3.121707,9.121707,price_sensitive_uninformed,none,0.000000,1,6.420041,13.994108,0.010000,13.984108
180,7.338444,8.755681,5.755681,11.755681,price_sensitive_uninformed,none,0.000000,1,6.420041,13.758485,0.010000,13.748485
181,6.727027,5.508271,2.508271,8.508271,informed,none,0.000000,1,6.420041,13.147068,0.010000,13.137068
182,6.308549,5.562902,2.562902,8.562902,price_sensitive_uninformed,none,0.000000,1,6.420041,12.728590,0.010000,12.718590
183,6.666410,5.892858,2.892858,8.892858,price_sensitive_uninformed,none,0.000000,1,6.420041,13.086451,0.010000,13.076451
184,6.533473,7.068239,4.068239,10.068239,informed,none,0.000000,1,6.420041,12.953514,0.010000,12.943514
185,7.533034,7.155474,4.155474,10.155474,price_sensitive_uninformed,none,0.000000,1,6.420041,13.953075,0.010000,13.943075
186,6.333987,7.073290,4.073290,10.073290,price_sensitive_uninformed,none,0.000000,1,6.420041,12.754028,0.010000,12.744028
187,5.797142,7.110838,4.110838,10.110838,informed,none,0.000000,1,6.420041,12.217183,0.010000,12.207183
188,5.517886,5.517266,2.517266,8.517266,informed,none,0.000000,1,6.420041,11.937927,0.010000,11.927927
189,6.655286,7.597795,4.597795,10.597795,informed,none,0.000000,1,6.420041,13.075327,0.010000,13.065327
190,8.385807,9.456848,6.456848,12.456848,price_sensitive_uninformed,none,0.000000,1,6.420041,14.805848,0.010000,14.795848
191,8.902583,7.624007,4.624007,10.624007,price_sensitive_uninformed,none,0.000000,1,6.420041,15.322624,0.010000,15.312624
192,6.720964,7.315251,4.315251,10.315251,informed,none,0.000000,1,6.420041,13.141005,0.010000,13.131005
193,7.506910,6.373925,3.373925,9.373925,price_sensitive_uninformed,none,0.000000,1,6.420041,13.926951,0.010000,13.916951
194,7.847385,6.263924,3.263924,9.263924,price_sensitive_uninformed,none,0.000000,1,6.420041,14.267426,0.010000,14.257426
195,6.211564,6.234733,3.234733,9.234733,informed,none,0.000000,1,6.420041,12.631605,0.010000,12.621605
196,5.022939,4.544158,1.544158,7.544158,informed,none,0.000000,1,6.420041,11.442980,0.010000,11.432980
197,4.281236,4.784899,1.784899,7.784899,price_sensitive_uninformed,none,0.000000,1,6.420041,10.701277,0.010000,10.691277
198,4.356510,5.552403,2.552403,8.552403,informed,none,0.000000,1,6.420041,10.776551,0.010000,10.766551
199,3.047155,3.150086,0.150086,6.150086,price_sensitive_uninformed,none,0.000000,1,6.420041,9.467196,0.010000,9.457196
200,3.496247,5.383795,2.383795,8.383795,informed,none,0.000000,1,6.420041,9.916289,0.010000,9.906289
201,4.170801,3.348605,0.348605,6.348605,informed,none,0.000000,1,6.420041,10.590842,0.010000,10.580842
202,3.587386,4.187006,1.187006,7.187006,informed,none,0.000000,1,6.420041,10.007427,0.010000,9.997427
203,2.806452,1.616138,-1.383862,4.616138,price_sensitive_uninformed,none,0.000000,1,6.420041,9.226493,0.010000,9.216493
204,2.938687,2.478447,-0.521553,5.478447,informed,none,0.000000,1,6.420041,9.358728,0.010000,9.348728
205,1.508851,2.716687,-0.283313,5.716687,price_sensitive_uninformed,none,0.000000,1,6.420041,7.928892,0.010000,7.918892
206,2.269798,2.688699,-0.311301,5.688699,price_sensitive_uninformed,none,0.000000,1,6.420041,8.689839,0.010000,8.679839
207,3.087184,3.485160,0.485160,6.485160,price_sensitive_uninformed,none,0.000000,1,6.420041,9.507225,0.010000,9.497225
208,1.875437,0.671372,-2.328628,3.671372,informed,none,0.000000,1,6.420041,8.295478,0.010000,8.285478
209,3.009432,2.814777,-0.185223,5.814777,informed,none,0.000000,1,6.420041,9.429473,0.010000,9.419473
210,2.854924,3.044916,0.044916,6.044916,informed,none,0.000000,1,6.420041,9.274965,0.010000,9.264965
211,3.999916,4.777008,1.777008,7.777008,informed,none,0.000000,1,6.420041,10.419957,0.010000,10.409957
212,2.249249,1.166942,-1.833058,4.166942,price_sensitive_uninformed,none,0.000000,1,6.420041,8.669290,0.010000,8.659290
213,2.900905,2.405451,-0.594549,5.405451,price_sensitive_uninformed,none,0.000000,1,6.420041,9.320946,0.010000,9.310946
214,2.794696,1.365514,-1.634486,4.365514,price_sensitive_uninformed,none,0.000000,1,6.420041,9.214737,0.010000,9.204737
215,1.140927,1.673791,-1.326209,4.673791,price_sensitive_uninformed,none,0.000000,1,6.420041,7.560968,0.010000,7.550968
216,1.321186,0.954376,-2.045624,3.954376,informed,none,0.000000,1,6.420041,7.741227,0.010000,7.731227
217,2.621385,1.804597,-1.195403,4.804597,informed,none,0.000000,1,6.420041,9.041426,0.010000,9.031426
218,2.271573,2.860049,-0.139951,5.860049,informed,none,0.000000,1,6.420041,8.691614,0.010000,8.681614
219,2.192858,3.844799,0.844799,6.844799,price_sensitive_uninformed,none,0.000000,1,6.420041,8.612899,0.010000,8.602899
220,4.214936,4.143939,1.143939,7.143939,informed,none,0.000000,1,6.420041,10.634977,0.010000,10.624977
221,6.089070,6.012814,3.012814,9.012814,informed,none,0.000000,1,6.420041,12.509111,0.010000,12.499111
222,6.728205,5.960654,2.960654,8.960654,informed,none,0.000000,1,6.420041,13.148246,0.010000,13.138246
223,7.736367,8.501790,5.501790,11.501790,informed,none,0.000000,1,6.420041,14.156408,0.010000,14.146408
224,6.124871,7.200089,4.200089,10.200089,price_sensitive_uninformed,none,0.000000,1,6.420041,12.544912,0.010000,12.534912
225,6.391870,5.443011,2.443011,8.443011,price_sensitive_uninformed,none,0.000000,1,6.420041,12.811911,0.010000,12.801911
226,5.910359,5.492159,2.492159,8.492159,price_sensitive_uninformed,none,0.000000,1,6.420041,12.330400,0.010000,12.320400
227,5.565172,6.053146,3.053146,9.053146,informed,none,0.000000,1,6.420041,11.985213,0.010000,11.975213
228,3.981708,3.663381,0.663381,6.663381,informed,none,0.000000,1,6.420041,10.401749,0.010000,10.391749
229,4.526908,4.694903,1.694903,7.694903,informed,none,0.000000,1,6.420041,10.946949,0.010000,10.936949
230,4.302756,4.816924,1.816924,7.816924,informed,none,0.000000,1,6.420041,10.722797,0.010000,10.712797
231,5.257782,6.123136,3.123136,9.123136,price_sensitive_uninformed,none,0.000000,1,6.420041,11.677823,0.010000,11.667823
232,6.813691,5.804109,2.804109,8.804109,informed,none,0.000000,1,6.420041,13.233732,0.010000,13.223732
233,6.207422,6.824002,3.824002,9.824002,price_sensitive_uninformed,sell_to_mm,3.824002,2,2.596039,15.010883,0.040000,14.970883
234,5.441804,7.652520,4.652520,10.652520,price_sensitive_uninformed,none,0.000000,2,2.596039,13.479648,0.040000,13.439648
235,6.485084,6.708151,3.708151,9.708151,price_sensitive_uninformed,none,0.000000,2,2.596039,15.566206,0.040000,15.526206
236,5.178822,4.741805,1.741805,7.741805,price_sensitive_uninformed,none,0.000000,2,2.596039,12.953683,0.040000,12.913683
237,6.366195,5.718412,2.718412,8.718412,price_sensitive_uninformed,none,0.000000,2,2.596039,15.328429,0.040000,15.288429
238,6.341437,5.957978,2.957978,8.957978,informed,none,0.000000,2,2.596039,15.278913,0.040000,15.238913
239,5.823588,6.947389,3.947389,9.947389,price_sensitive_uninformed,none,0.000000,2,2.596039,14.243215,0.040000,14.203215
240,5.484979,6.599850,3.599850,9.599850,informed,none,0.000000,2,2.596039,13.565997,0.040000,13.525997
241,5.171349,6.787455,3.787455,9.787455,price_sensitive_uninformed,none,0.000000,2,2.596039,12.938738,0.040000,12.898738
242,5.466415,6.518568,3.518568,9.518568,price_sensitive_uninformed,none,0.000000,2,2.596039,13.528869,0.040000,13.488869
243,5.623919,3.579426,0.579426,6.579426,price_sensitive_uninformed,none,0.000000,2,2.596039,13.843876,0.040000,13.803876
244,5.227014,7.682351,4.682351,10.682351,price_sensitive_uninformed,none,0.000000,2,2.596039,13.050066,0.040000,13.010066
245,4.864441,3.155406,0.155406,6.155406,price_sensitive_uninformed,none,0.000000,2,2.596039,12.324922,0.040000,12.284922
246,5.245639,5.663758,2.663758,8.663758,informed,none,0.000000,2,2.596039,13.087317,0.040000,13.047317
247,4.684655,4.712379,1.712379,7.712379,price_sensitive_uninformed,none,0.000000,2,2.596039,11.965349,0.040000,11.925349
248,4.641014,4.599707,1.599707,7.599707,price_sensitive_uninformed,none,0.000000,2,2.596039,11.878066,0.040000,11.838066
249,5.653627,4.103692,1.103692,7.103692,price_sensitive_uninformed,none,0.000000,2,2.596039,13.903292,0.040000,13.863292
250,5.156836,5.561407,2.561407,8.561407,price_sensitive_uninformed,none,0.000000,2,2.596039,12.909712,0.040000,12.869712
251,5.217259,4.261409,1.261409,7.261409,price_sensitive_uninformed,none,0.000000,2,2.596039,13.030557,0.040000,12.990557
252,6.098006,6.379538,3.379538,9.379538,price_sensitive_uninformed,none,0.000000,2,2.596039,14.792050,0.040000,14.752050
253,8.195725,8.672956,5.672956,11.672956,informed,none,0.000000,2,2.596039,18.987488,0.040000,18.947488
254,8.195973,8.499339,5.499339,11.499339,price_sensitive_uninformed,none,0.000000,2,2.596039,18.987985,0.040000,18.947985
255,8.177987,8.634359,5.634359,11.634359,informed,none,0.000000,2,2.596039,18.952013,0.040000,18.912013
256,6.340062,5.568723,2.568723,8.568723,informed,none,0.000000,2,2.596039,15.276163,0.040000,15.236163
257,7.066945,7.961097,4.961097,10.961097,informed,none,0.000000,2,2.596039,16.729928,0.040000,16.689928
258,7.981201,8.497830,5.497830,11.497830,informed,none,0.000000,2,2.596039,18.558440,0.040000,18.518440
259,8.024074,9.202620,6.202620,12.202620,informed,none,0.000000,2,2.596039,18.644187,0.040000,18.604187
260,8.062393,7.476661,4.476661,10.476661,price_sensitive_uninformed,none,0.000000,2,2.596039,18.720824,0.040000,18.680824
261,8.413316,7.433032,4.433032,10.433032,price_sensitive_uninformed,none,0.000000,2,2.596039,19.422671,0.040000,19.382671
262,8.491831,7.326846,4.326846,10.326846,price_sensitive_uninformed,none,0.000000,2,2.596039,19.579701,0.040000,19.539701
263,7.549265,9.229585,6.229585,12.229585,informed,none,0.000000,2,2.596039,17.694569,0.040000,17.654569
264,7.549805,5.358997,2.358997,8.358997,informed,none,0.000000,2,2.596039,17.695650,0.040000,17.655650
265,7.961226,9.536177,6.536177,12.536177,price_sensitive_uninformed,none,0.000000,2,2.596039,18.518492,0.040000,18.478492
266,8.537154,8.261151,5.261151,11.261151,informed,none,0.000000,2,2.596039,19.670347,0.040000,19.630347
267,9.305026,7.757212,4.757212,10.757212,price_sensitive_uninformed,none,0.000000,2,2.596039,21.206091,0.040000,21.166091
268,10.776476,10.530202,7.530202,13.530202,informed,none,0.000000,2,2.596039,24.148990,0.040000,24.108990
269,10.474774,9.648706,6.648706,12.648706,informed,none,0.000000,2,2.596039,23.545586,0.040000,23.505586
270,8.824182,8.887549,5.887549,11.887549,price_sensitive_uninformed,none,0.000000,2,2.596039,20.244402,0.040000,20.204402
271,8.422368,8.041385,5.041385,11.041385,price_sensitive_uninformed,none,0.000000,2,2.596039,19.440776,0.040000,19.400776
272,8.434257,8.375388,5.375388,11.375388,informed,none,0.000000,2,2.596039,19.464553,0.040000,19.424553
273,8.088527,6.866397,3.866397,9.866397,price_sensitive_uninformed,none,0.000000,2,2.596039,18.773093,0.040000,18.733093
274,8.649732,8.863474,5.863474,11.863474,informed,none,0.000000,2,2.596039,19.895502,0.040000,19.855502
275,9.507343,11.408843,8.408843,14.408843,price_sensitive_uninformed,none,0.000000,2,2.596039,21.610725,0.040000,21.570725
276,9.899097,10.933237,7.933237,13.933237,price_sensitive_uninformed,none,0.000000,2,2.596039,22.394234,0.040000,22.354234
277,10.751632,9.789778,6.789778,12.789778,informed,none,0.000000,2,2.596039,24.099303,0.040000,24.059303
278,11.081122,10.528775,7.528775,13.528775,informed,none,0.000000,2,2.596039,24.758282,0.040000,24.718282
279,11.922496,11.458333,8.458333,14.458333,informed,none,0.000000,2,2.596039,26.441032,0.040000,26.401032
280,11.817979,8.302912,5.302912,11.302912,informed,buy_from_mm,11.302912,1,13.898951,25.716930,0.010000,25.706930
281,12.460042,11.875159,8.875159,14.875159,price_sensitive_uninformed,sell_to_mm,8.875159,2,5.023791,29.943876,0.040000,29.903876
282,13.007367,11.345581,8.345581,14.345581,informed,none,0.000000,2,5.023791,31.038525,0.040000,30.998525
283,13.157001,13.361354,10.361354,16.361354,informed,none,0.000000,2,5.023791,31.337793,0.040000,31.297793
284,10.610401,9.885358,6.885358,12.885358,informed,none,0.000000,2,5.023791,26.244593,0.040000,26.204593
285,10.484559,9.287984,6.287984,12.287984,price_sensitive_uninformed,none,0.000000,2,5.023791,25.992910,0.040000,25.952910
286,8.386417,8.873693,5.873693,11.873693,price_sensitive_uninformed,none,0.000000,2,5.023791,21.796626,0.040000,21.756626
287,6.326573,6.907778,3.907778,9.907778,informed,none,0.000000,2,5.023791,17.676938,0.040000,17.636938
288,7.225630,8.163143,5.163143,11.163143,informed,none,0.000000,2,5.023791,19.475051,0.040000,19.435051
289,5.975601,5.081792,2.081792,8.081792,price_sensitive_uninformed,none,0.000000,2,5.023791,16.974994,0.040000,16.934994
290,5.600551,3.501199,0.501199,6.501199,price_sensitive_uninformed,none,0.000000,2,5.023791,16.224893,0.040000,16.184893
291,6.238877,6.190109,3.190109,9.190109,price_sensitive_uninformed,none,0.000000,2,5.023791,17.501545,0.040000,17.461545
292,6.540751,5.607926,2.607926,8.607926,price_sensitive_uninformed,none,0.000000,2,5.023791,18.105294,0.040000,18.065294
293,6.463461,5.135392,2.135392,8.135392,informed,none,0.000000,2,5.023791,17.950714,0.040000,17.910714
294,4.407868,4.268689,1.268689,7.268689,price_sensitive_uninformed,none,0.000000,2,5.023791,13.839526,0.040000,13.799526
295,3.070928,4.740418,1.740418,7.740418,price_sensitive_uninformed,none,0.000000,2,5.023791,11.165647,0.040000,11.125647
296,2.927115,2.922063,-0.077937,5.922063,informed,none,0.000000,2,5.023791,10.878021,0.040000,10.838021
297,3.622706,3.531903,0.531903,6.531903,price_sensitive_uninformed,none,0.000000,2,5.023791,12.269203,0.040000,12.229203
298,2.823440,3.288161,0.288161,6.288161,informed,none,0.000000,2,5.023791,10.670671,0.040000,10.630671
299,3.163837,3.433646,0.433646,6.433646,informed,none,0.000000,2,5.023791,11.351465,0.040000,11.311465
300,3.733075,5.028463,2.028463,8.028463,price_sensitive_uninformed,none,0.000000,2,5.023791,12.489942,0.040000,12.449942
301,5.039531,6.848166,3.848166,9.848166,price_sensitive_uninformed,none,0.000000,2,5.023791,15.102853,0.040000,15.062853
302,5.281763,5.845455,2.845455,8.845455,informed,none,0.000000,2,5.023791,15.587318,0.040000,15.547318
303,4.247290,4.482716,1.482716,7.482716,price_sensitive_uninformed,none,0.000000,2,5.023791,13.518372,0.040000,13.478372
304,3.357017,2.021027,-0.978973,5.021027,informed,none,0.000000,2,5.023791,11.737826,0.040000,11.697826
305,2.899668,1.289210,-1.710790,4.289210,price_sensitive_uninformed,none,0.000000,2,5.023791,10.823127,0.040000,10.783127
306,4.050156,4.061213,1.061213,7.061213,price_sensitive_uninformed,none,0.000000,2,5.023791,13.124103,0.040000,13.084103
307,2.793351,2.078618,-0.921382,5.078618,price_sensitive_uninformed,none,0.000000,2,5.023791,10.610493,0.040000,10.570493
308,3.199724,3.404336,0.404336,6.404336,informed,none,0.000000,2,5.023791,11.423240,0.040000,11.383240
309,1.737603,2.831248,-0.168752,5.831248,informed,none,0.000000,2,5.023791,8.498997,0.040000,8.458997
310,1.429641,0.411325,-2.588675,3.411325,informed,none,0.000000,2,5.023791,7.883074,0.040000,7.843074
311,0.215168,0.391433,-2.608567,3.391433,price_sensitive_uninformed,none,0.000000,2,5.023791,5.454127,0.040000,5.414127
312,1.680607,1.530381,-1.469619,4.530381,informed,none,0.000000,2,5.023791,8.385005,0.040000,8.345005
313,1.778373,-0.108959,-3.108959,2.891041,informed,none,0.000000,2,5.023791,8.580538,0.040000,8.540538
314,2.515387,2.819820,-0.180180,5.819820,informed,none,0.000000,2,5.023791,10.054566,0.040000,10.014566
315,2.708253,4.821119,1.821119,7.821119,price_sensitive_uninformed,none,0.000000,2,5.023791,10.440298,0.040000,10.400298
316,4.341281,4.738923,1.738923,7.738923,informed,none,0.000000,2,5.023791,13.706354,0.040000,13.666354
317,3.386191,3.789929,0.789929,6.789929,price_sensitive_uninformed,none,0.000000,2,5.023791,11.796173,0.040000,11.756173
318,2.511227,3.403320,0.403320,6.403320,price_sensitive_uninformed,none,0.000000,2,5.023791,10.046245,0.040000,10.006245
319,3.673947,4.263595,1.263595,7.263595,price_sensitive_uninformed,none,0.000000,2,5.023791,12.371686,0.040000,12.331686
320,4.009258,5.141719,2.141719,8.141719,price_sensitive_uninformed,none,0.000000,2,5.023791,13.042308,0.040000,13.002308
321,5.381661,5.670504,2.670504,8.670504,price_sensitive_uninformed,none,0.000000,2,5.023791,15.787113,0.040000,15.747113
322,4.994076,5.691180,2.691180,8.691180,price_sensitive_uninformed,none,0.000000,2,5.023791,15.011944,0.040000,14.971944
323,4.968928,6.338855,3.338855,9.338855,informed,none,0.000000,2,5.023791,14.961647,0.040000,14.921647
324,6.364754,8.010875,5.010875,11.010875,informed,none,0.000000,2,5.023791,17.753299,0.040000,17.713299
325,6.717710,7.073449,4.073449,10.073449,informed,none,0.000000,2,5.023791,18.459212,0.040000,18.419212
326,6.614922,7.021053,4.021053,10.021053,price_sensitive_uninformed,none,0.000000,2,5.023791,18.253635,0.040000,18.213635
327,6.265316,6.274752,3.274752,9.274752,price_sensitive_uninformed,none,0.000000,2,5.023791,17.554423,0.040000,17.514423
328,3.511058,3.631225,0.631225,6.631225,informed,none,0.000000,2,5.023791,12.045907,0.040000,12.005907
329,4.284355,2.283328,-0.716672,5.283328,informed,none,0.000000,2,5.023791,13.592502,0.040000,13.552502
330,3.967047,3.367281,0.367281,6.367281,informed,none,0.000000,2,5.023791,12.957885,0.040000,12.917885
331,3.678337,2.583875,-0.416125,5.583875,price_sensitive_uninformed,none,0.000000,2,5.023791,12.380465,0.040000,12.340465
332,4.854810,4.849927,1.849927,7.849927,informed,none,0.000000,2,5.023791,14.733411,0.040000,14.693411
333,5.448128,4.613056,1.613056,7.613056,informed,none,0.000000,2,5.023791,15.920047,0.040000,15.880047
334,4.784535,5.489491,2.489491,8.489491,informed,none,0.000000,2,5.023791,14.592862,0.040000,14.552862
335,4.223346,2.120442,-0.879558,5.120442,price_sensitive_uninformed,none,0.000000,2,5.023791,13.470483,0.040000,13.430483
336,4.411731,3.406582,0.406582,6.406582,price_sensitive_uninformed,none,0.000000,2,5.023791,13.847253,0.040000,13.807253
337,5.810520,5.833646,2.833646,8.833646,price_sensitive_uninformed,none,0.000000,2,5.023791,16.644831,0.040000,16.604831
338,4.846921,6.669191,3.669191,9.669191,informed,none,0.000000,2,5.023791,14.717634,0.040000,14.677634
339,4.499011,3.254172,0.254172,6.254172,informed,none,0.000000,2,5.023791,14.021813,0.040000,13.981813
340,4.769412,5.217896,2.217896,8.217896,price_sensitive_uninformed,none,0.000000,2,5.023791,14.562615,0.040000,14.522615
341,5.675704,6.088999,3.088999,9.088999,informed,none,0.000000,2,5.023791,16.375200,0.040000,16.335200
342,4.483744,4.569224,1.569224,7.569224,price_sensitive_uninformed,none,0.000000,2,5.023791,13.991280,0.040000,13.951280
343,4.014184,2.949883,-0.050117,5.949883,informed,none,0.000000,2,5.023791,13.052160,0.040000,13.012160
344,3.567612,3.848423,0.848423,6.848423,informed,none,0.000000,2,5.023791,12.159015,0.040000,12.119015
345,5.030588,4.215022,1.215022,7.215022,price_sensitive_uninformed,none,0.000000,2,5.023791,15.084968,0.040000,15.044968
346,6.049150,5.666902,2.666902,8.666902,price_sensitive_uninformed,none,0.000000,2,5.023791,17.122090,0.040000,17.082090
347,7.329028,7.648816,4.648816,10.648816,price_sensitive_uninformed,none,0.000000,2,5.023791,19.681847,0.040000,19.641847
348,7.629598,8.721856,5.721856,11.721856,informed,none,0.000000,2,5.023791,20.282988,0.040000,20.242988
349,9.456087,8.911912,5.911912,11.911912,price_sensitive_uninformed,none,0.000000,2,5.023791,23.935965,0.040000,23.895965
350,10.408241,9.579894,6.579894,12.579894,price_sensitive_uninformed,none,0.000000,2,5.023791,25.840274,0.040000,25.800274
351,9.137592,11.908875,8.908875,14.908875,price_sensitive_uninformed,none,0.000000,2,5.023791,23.298976,0.040000,23.258976
352,9.521440,8.905315,5.905315,11.905315,informed,none,0.000000,2,5.023791,24.066672,0.040000,24.026672
353,10.781005,11.604181,8.604181,14.604181,price_sensitive_uninformed,none,0.000000,2,5.023791,26.585802,0.040000,26.545802
354,10.794751,9.203118,6.203118,12.203118,price_sensitive_uninformed,none,0.000000,2,5.023791,26.613294,0.040000,26.573294
355,12.809956,12.161758,9.161758,15.161758,informed,none,0.000000,2,5.023791,30.643704,0.040000,30.603704
356,13.294698,13.293121,10.293121,16.293121,price_sensitive_uninformed,none,0.000000,2,5.023791,31.613188,0.040000,31.573188
357,11.816124,12.218703,9.218703,15.218703,informed,none,0.000000,2,5.023791,28.656040,0.040000,28.616040
358,9.354220,10.730211,7.730211,13.730211,informed,none,0.000000,2,5.023791,23.732231,0.040000,23.692231
359,7.918071,6.969155,3.969155,9.969155,price_sensitive_uninformed,none,0.000000,2,5.023791,20.859933,0.040000,20.819933
360,8.919807,8.501497,5.501497,11.501497,informed,none,0.000000,2,5.023791,22.863406,0.040000,22.823406
361,7.969013,6.224059,3.224059,9.224059,price_sensitive_uninformed,none,0.000000,2,5.023791,20.961817,0.040000,20.921817
362,8.612514,7.884853,4.884853,10.884853,informed,none,0.000000,2,5.023791,22.248819,0.040000,22.208819
363,8.665496,10.605563,7.605563,13.605563,informed,none,0.000000,2,5.023791,22.354784,0.040000,22.314784
364,7.908364,9.437452,6.437452,12.437452,price_sensitive_uninformed,none,0.000000,2,5.023791,20.840519,0.040000,20.800519
365,6.185379,5.674301,2.674301,8.674301,informed,none,0.000000,2,5.023791,17.394549,0.040000,17.354549
366,7.515686,7.498464,4.498464,10.498464,price_sensitive_uninformed,none,0.000000,2,5.023791,20.055164,0.040000,20.015164
367,7.394474,6.083998,3.083998,9.083998,price_sensitive_uninformed,none,0.000000,2,5.023791,19.812740,0.040000,19.772740
368,5.697113,6.408862,3.408862,9.408862,price_sensitive_uninformed,none,0.000000,2,5.023791,16.418017,0.040000,16.378017
369,5.917091,5.200968,2.200968,8.200968,informed,none,0.000000,2,5.023791,16.857973,0.040000,16.817973
370,6.039163,5.309311,2.309311,8.309311,price_sensitive_uninformed,none,0.000000,2,5.023791,17.102118,0.040000,17.062118
371,4.588971,5.605103,2.605103,8.605103,price_sensitive_uninformed,none,0.000000,2,5.023791,14.201734,0.040000,14.161734
372,4.869042,5.873617,2.873617,8.873617,informed,none,0.000000,2,5.023791,14.761875,0.040000,14.721875
373,5.765846,5.438382,2.438382,8.438382,informed,none,0.000000,2,5.023791,16.555483,0.040000,16.515483
374,4.743369,4.723014,1.723014,7.723014,informed,none,0.000000,2,5.023791,14.510528,0.040000,14.470528
375,4.920341,4.516455,1.516455,7.516455,price_sensitive_uninformed,none,0.000000,2,5.023791,14.864473,0.040000,14.824473
376,3.192980,2.603295,-0.396705,5.603295,price_sensitive_uninformed,none,0.000000,2,5.023791,11.409751,0.040000,11.369751
377,1.272878,1.969314,-1.030686,4.969314,informed,none,0.000000,2,5.023791,7.569548,0.040000,7.529548
378,0.061199,0.494463,-2.505537,3.494463,price_sensitive_uninformed,none,0.000000,2,5.023791,5.146190,0.040000,5.106190
379,0.336176,0.217260,-2.782740,3.217260,price_sensitive_uninformed,none,0.000000,2,5.023791,5.696143,0.040000,5.656143
380,0.955501,3.869918,0.869918,6.869918,informed,none,0.000000,2,5.023791,6.934793,0.040000,6.894793
381,0.369966,0.722889,-2.277111,3.722889,price_sensitive_uninformed,none,0.000000,2,5.023791,5.763723,0.040000,5.723723
382,-0.183569,0.412708,-2.587292,3.412708,informed,none,0.000000,2,5.023791,4.656653,0.040000,4.616653
383,-0.678243,-0.355145,-3.355145,2.644855,informed,none,0.000000,2,5.023791,3.667306,0.040000,3.627306
384,-1.420944,-2.765732,-5.765732,0.234268,price_sensitive_uninformed,none,0.000000,2,5.023791,2.181904,0.040000,2.141904
385,-3.399992,-3.979784,-6.979784,-0.979784,price_sensitive_uninformed,none,0.000000,2,5.023791,-1.776193,0.040000,-1.816193
386,-1.393873,-1.041361,-4.041361,1.958639,price_sensitive_uninformed,none,0.000000,2,5.023791,2.236045,0.040000,2.196045
387,-1.771798,-1.154666,-4.154666,1.845334,informed,none,0.000000,2,5.023791,1.480196,0.040000,1.440196
388,-3.251511,-3.917454,-6.917454,-0.917454,informed,none,0.000000,2,5.023791,-1.479231,0.040000,-1.519231
389,-3.030078,-1.484444,-4.484444,1.515556,informed,none,0.000000,2,5.023791,-1.036365,0.040000,-1.076365
390,-4.862602,-4.821351,-7.821351,-1.821351,informed,none,0.000000,2,5.023791,-4.701413,0.040000,-4.741413
391,-3.509946,-4.419495,-7.419495,-1.419495,price_sensitive_uninformed,none,0.000000,2,5.023791,-1.996100,0.040000,-2.036100
392,-4.731793,-2.913388,-5.913388,0.086612,informed,none,0.000000,2,5.023791,-4.439794,0.040000,-4.479794
393,-2.652478,-1.629401,-4.629401,1.370599,price_sensitive_uninformed,none,0.000000,2,5.023791,-0.281165,0.040000,-0.321165
394,-3.294718,-1.372860,-4.372860,1.627140,price_sensitive_uninformed,none,0.000000,2,5.023791,-1.565644,0.040000,-1.605644
395,-2.605257,-1.968523,-4.968523,1.031477,informed,none,0.000000,2,5.023791,-0.186722,0.040000,-0.226722
396,-2.338618,-2.362720,-5.362720,0.637280,informed,none,0.000000,2,5.023791,0.346554,0.040000,0.306554
397,-2.700184,-3.596046,-6.596046,-0.596046,informed,none,0.000000,2,5.023791,-0.376577,0.040000,-0.416577
398,-4.355806,-4.130038,-7.130038,-1.130038,informed,none,0.000000,2,5.023791,-3.687821,0.040000,-3.727821
399,-4.255796,-4.476188,-7.476188,-1.476188,informed,none,0.000000,2,5.023791,-3.487800,0.040000,-3.527800
400,-4.313525,-4.979306,-7.979306,-1.979306,informed,none,0.000000,2,5.023791,-3.603258,0.040000,-3.643258
401,-4.793805,-4.311449,-7.311449,-1.311449,price_sensitive_uninformed,sell_to_mm,-7.311449,3,12.335241,-2.046175,0.090000,-2.136175
402,-4.910611,-2.785669,-5.785669,0.214331,price_sensitive_uninformed,none,0.000000,3,12.335241,-2.396593,0.090000,-2.486593
403,-6.222336,-7.238497,-10.238497,-4.238497,price_sensitive_uninformed,none,0.000000,3,12.335241,-6.331767,0.090000,-6.421767
404,-7.815172,-7.960369,-10.960369,-4.960369,price_sensitive_uninformed,none,0.000000,3,12.335241,-11.110275,0.090000,-11.200275
405,-8.050009,-7.652807,-10.652807,-4.652807,price_sensitive_uninformed,none,0.000000,3,12.335241,-11.814786,0.090000,-11.904786
406,-8.576342,-8.153982,-11.153982,-5.153982,price_sensitive_uninformed,none,0.000000,3,12.335241,-13.393786,0.090000,-13.483786
407,-7.384261,-8.401691,-11.401691,-5.401691,price_sensitive_uninformed,none,0.000000,3,12.335241,-9.817542,0.090000,-9.907542
408,-6.428089,-5.049090,-8.049090,-2.049090,price_sensitive_uninformed,none,0.000000,3,12.335241,-6.949025,0.090000,-7.039025
409,-7.397752,-6.614957,-9.614957,-3.614957,informed,none,0.000000,3,12.335241,-9.858014,0.090000,-9.948014
410,-6.252026,-4.857464,-7.857464,-1.857464,price_sensitive_uninformed,none,0.000000,3,12.335241,-6.420836,0.090000,-6.510836
411,-6.508740,-4.335354,-7.335354,-1.335354,informed,none,0.000000,3,12.335241,-7.190980,0.090000,-7.280980
412,-6.376651,-5.625385,-8.625385,-2.625385,price_sensitive_uninformed,none,0.000000,3,12.335241,-6.794714,0.090000,-6.884714
413,-5.255964,-6.973654,-9.973654,-3.973654,price_sensitive_uninformed,none,0.000000,3,12.335241,-3.432652,0.090000,-3.522652
414,-5.542882,-5.147969,-8.147969,-2.147969,price_sensitive_uninformed,none,0.000000,3,12.335241,-4.293405,0.090000,-4.383405
415,-5.808455,-5.569983,-8.569983,-2.569983,price_sensitive_uninformed,none,0.000000,3,12.335241,-5.090125,0.090000,-5.180125
416,-5.374744,-5.626326,-8.626326,-2.626326,informed,none,0.000000,3,12.335241,-3.788991,0.090000,-3.878991
417,-6.173332,-5.711484,-8.711484,-2.711484,price_sensitive_uninformed,none,0.000000,3,12.335241,-6.184756,0.090000,-6.274756
418,-5.813439,-6.150324,-9.150324,-3.150324,price_sensitive_uninformed,none,0.000000,3,12.335241,-5.105075,0.090000,-5.195075
419,-5.655383,-4.583190,-7.583190,-1.583190,price_sensitive_uninformed,none,0.000000,3,12.335241,-4.630908,0.090000,-4.720908
420,-7.528916,-8.558085,-11.558085,-5.558085,informed,none,0.000000,3,12.335241,-10.251507,0.090000,-10.341507
421,-8.985657,-8.240334,-11.240334,-5.240334,informed,none,0.000000,3,12.335241,-14.621729,0.090000,-14.711729
422,-7.701714,-5.607281,-8.607281,-2.607281,informed,none,0.000000,3,12.335241,-10.769901,0.090000,-10.859901
423,-7.136819,-6.346691,-9.346691,-3.346691,price_sensitive_uninformed,none,0.000000,3,12.335241,-9.075216,0.090000,-9.165216
424,-4.022648,-4.953457,-7.953457,-1.953457,price_sensitive_uninformed,none,0.000000,3,12.335241,0.267297,0.090000,0.177297
425,-3.908029,-3.946915,-6.946915,-0.946915,price_sensitive_uninformed,none,0.000000,3,12.335241,0.611155,0.090000,0.521155
426,-2.739156,-2.376324,-5.376324,0.623676,price_sensitive_uninformed,none,0.000000,3,12.335241,4.117773,0.090000,4.027773
427,-2.566185,-3.522325,-6.522325,-0.522325,informed,none,0.000000,3,12.335241,4.636685,0.090000,4.546685
428,-2.292984,-3.569423,-6.569423,-0.569423,informed,none,0.000000,3,12.335241,5.456290,0.090000,5.366290
429,-1.452996,-1.035453,-4.035453,1.964547,price_sensitive_uninformed,none,0.000000,3,12.335241,7.976253,0.090000,7.886253
430,-1.005839,-1.299249,-4.299249,1.700751,informed,none,0.000000,3,12.335241,9.317723,0.090000,9.227723
431,-0.747169,0.306685,-2.693315,3.306685,price_sensitive_uninformed,none,0.000000,3,12.335241,10.093733,0.090000,10.003733
432,-1.386467,-1.182504,-4.182504,1.817496,price_sensitive_uninformed,none,0.000000,3,12.335241,8.175840,0.090000,8.085840
433,-1.777229,-3.681616,-6.681616,-0.681616,informed,none,0.000000,3,12.335241,7.003553,0.090000,6.913553
434,-1.500986,-1.250044,-4.250044,1.749956,informed,none,0.000000,3,12.335241,7.832282,0.090000,7.742282
435,-2.317265,-4.276363,-7.276363,-1.276363,price_sensitive_uninformed,none,0.000000,3,12.335241,5.383446,0.090000,5.293446
436,-2.411784,-3.650156,-6.650156,-0.650156,price_sensitive_uninformed,none,0.000000,3,12.335241,5.099888,0.090000,5.009888
437,-3.445123,-2.947403,-5.947403,0.052597,price_sensitive_uninformed,none,0.000000,3,12.335241,1.999871,0.090000,1.909871
438,-4.103084,-3.362599,-6.362599,-0.362599,informed,none,0.000000,3,12.335241,0.025989,0.090000,-0.064011
439,-3.483292,-3.060312,-6.060312,-0.060312,informed,none,0.000000,3,12.335241,1.885365,0.090000,1.795365
440,-2.744345,-3.178605,-6.178605,-0.178605,informed,none,0.000000,3,12.335241,4.102205,0.090000,4.012205
441,-1.905550,-3.442869,-6.442869,-0.442869,price_sensitive_uninformed,none,0.000000,3,12.335241,6.618591,0.090000,6.528591
442,-0.864072,-0.298092,-3.298092,2.701908,price_sensitive_uninformed,none,0.000000,3,12.335241,9.743025,0.090000,9.653025
443,0.056822,-0.404388,-3.404388,2.595612,informed,none,0.000000,3,12.335241,12.505707,0.090000,12.415707
444,0.030162,0.119031,-2.880969,3.119031,informed,none,0.000000,3,12.335241,12.425727,0.090000,12.335727
445,1.896357,0.441499,-2.558501,3.441499,informed,none,0.000000,3,12.335241,18.024311,0.090000,17.934311
446,2.083475,1.789242,-1.210758,4.789242,informed,none,0.000000,3,12.335241,18.585664,0.090000,18.495664
447,1.017991,2.009374,-0.990626,5.009374,price_sensitive_uninformed,none,0.000000,3,12.335241,15.389215,0.090000,15.299215
448,0.611874,0.882877,-2.117123,3.882877,price_sensitive_uninformed,none,0.000000,3,12.335241,14.170862,0.090000,14.080862
449,-0.550996,-0.425090,-3.425090,2.574910,price_sensitive_uninformed,none,0.000000,3,12.335241,10.682252,0.090000,10.592252
450,-0.189386,1.115950,-1.884050,4.115950,price_sensitive_uninformed,none,0.000000,3,12.335241,11.767084,0.090000,11.677084
451,-0.240514,-0.163606,-3.163606,2.836394,price_sensitive_uninformed,none,0.000000,3,12.335241,11.613698,0.090000,11.523698
452,-0.689431,-2.165109,-5.165109,0.834891,price_sensitive_uninformed,none,0.000000,3,12.335241,10.266947,0.090000,10.176947
453,0.873184,-0.145234,-3.145234,2.854766,price_sensitive_uninformed,none,0.000000,3,12.335241,14.954792,0.090000,14.864792
454,0.725902,0.096469,-2.903531,3.096469,price_sensitive_uninformed,none,0.000000,3,12.335241,14.512948,0.090000,14.422948
455,1.330521,0.311107,-2.688893,3.311107,price_sensitive_uninformed,none,0.000000,3,12.335241,16.326805,0.090000,16.236805
456,0.713055,1.044922,-1.955078,4.044922,price_sensitive_uninformed,none,0.000000,3,12.335241,14.474405,0.090000,14.384405
457,1.001353,2.466209,-0.533791,5.466209,informed,none,0.000000,3,12.335241,15.339300,0.090000,15.249300
458,-0.245997,1.815369,-1.184631,4.815369,informed,none,0.000000,3,12.335241,11.597250,0.090000,11.507250
459,1.864593,0.203565,-2.796435,3.203565,informed,none,0.000000,3,12.335241,17.929021,0.090000,17.839021
460,2.492331,2.473816,-0.526184,5.473816,price_sensitive_uninformed,none,0.000000,3,12.335241,19.812233,0.090000,19.722233
461,3.302724,3.896291,0.896291,6.896291,price_sensitive_uninformed,none,0.000000,3,12.335241,22.243413,0.090000,22.153413
462,0.982287,1.496608,-1.503392,4.496608,price_sensitive_uninformed,none,0.000000,3,12.335241,15.282100,0.090000,15.192100
463,-1.359015,-0.799918,-3.799918,2.200082,price_sensitive_uninformed,none,0.000000,3,12.335241,8.258197,0.090000,8.168197
464,-1.191141,-1.724604,-4.724604,1.275396,price_sensitive_uninformed,none,0.000000,3,12.335241,8.761817,0.090000,8.671817
465,-1.546792,-1.121629,-4.121629,1.878371,price_sensitive_uninformed,none,0.000000,3,12.335241,7.694863,0.090000,7.604863
466,-1.730415,-1.307861,-4.307861,1.692139,price_sensitive_uninformed,none,0.000000,3,12.335241,7.143996,0.090000,7.053996
467,-2.336745,-4.149248,-7.149248,-1.149248,informed,none,0.000000,3,12.335241,5.325006,0.090000,5.235006
468,-2.352400,-2.748760,-5.748760,0.251240,price_sensitive_uninformed,none,0.000000,3,12.335241,5.278041,0.090000,5.188041
469,-1.358715,-0.664271,-3.664271,2.335729,informed,none,0.000000,3,12.335241,8.259096,0.090000,8.169096
470,-1.753123,-1.558919,-4.558919,1.441081,informed,none,0.000000,3,12.335241,7.075871,0.090000,6.985871
471,-2.233705,-1.776681,-4.776681,1.223319,price_sensitive_uninformed,none,0.000000,3,12.335241,5.634126,0.090000,5.544126
472,-2.578427,-2.927928,-5.927928,0.072072,informed,none,0.000000,3,12.335241,4.599959,0.090000,4.509959
473,-2.441647,-3.597229,-6.597229,-0.597229,informed,none,0.000000,3,12.335241,5.010300,0.090000,4.920300
474,-1.616349,-1.396281,-4.396281,1.603719,price_sensitive_uninformed,none,0.000000,3,12.335241,7.486194,0.090000,7.396194
475,-1.413630,-2.517089,-5.517089,0.482911,informed,none,0.000000,3,12.335241,8.094350,0.090000,8.004350
476,-0.483158,0.261669,-2.738331,3.261669,price_sensitive_uninformed,sell_to_mm,-2.738331,4,15.073572,13.140941,0.160000,12.980941
477,0.602515,-0.059074,-3.059074,2.940926,informed,none,0.000000,4,15.073572,17.483632,0.160000,17.323632
478,1.550423,0.824508,-2.175492,3.824508,informed,none,0.000000,4,15.073572,21.275264,0.160000,21.115264
479,0.914903,2.642076,-0.357924,5.642076,informed,none,0.000000,4,15.073572,18.733183,0.160000,18.573183
480,1.719997,1.099900,-1.900100,4.099900,price_sensitive_uninformed,none,0.000000,4,15.073572,21.953560,0.160000,21.793560
481,0.706577,-0.533491,-3.533491,2.466509,informed,none,0.000000,4,15.073572,17.899878,0.160000,17.739878
482,1.325997,1.788619,-1.211381,4.788619,price_sensitive_uninformed,none,0.000000,4,15.073572,20.377559,0.160000,20.217559
483,1.802538,1.663947,-1.336053,4.663947,informed,none,0.000000,4,15.073572,22.283724,0.160000,22.123724
484,1.999522,0.901354,-2.098646,3.901354,price_sensitive_uninformed,none,0.000000,4,15.073572,23.071660,0.160000,22.911660
485,2.593478,2.119566,-0.880434,5.119566,price_sensitive_uninformed,none,0.000000,4,15.073572,25.447485,0.160000,25.287485
486,3.490299,2.146890,-0.853110,5.146890,price_sensitive_uninformed,none,0.000000,4,15.073572,29.034769,0.160000,28.874769
487,5.796031,4.549495,1.549495,7.549495,price_sensitive_uninformed,none,0.000000,4,15.073572,38.257698,0.160000,38.097698
488,5.448022,5.453797,2.453797,8.453797,informed,none,0.000000,4,15.073572,36.865661,0.160000,36.705661
489,3.245825,3.375734,0.375734,6.375734,informed,none,0.000000,4,15.073572,28.056872,0.160000,27.896872
490,3.078593,3.533512,0.533512,6.533512,price_sensitive_uninformed,none,0.000000,4,15.073572,27.387943,0.160000,27.227943
491,1.312027,1.743478,-1.256522,4.743478,informed,none,0.000000,4,15.073572,20.321680,0.160000,20.161680
492,1.002836,1.156047,-1.843953,4.156047,price_sensitive_uninformed,none,0.000000,4,15.073572,19.084917,0.160000,18.924917
493,0.255633,1.982255,-1.017745,4.982255,price_sensitive_uninformed,none,0.000000,4,15.073572,16.096105,0.160000,15.936105
494,0.248486,0.827228,-2.172772,3.827228,informed,none,0.000000,4,15.073572,16.067516,0.160000,15.907516
495,-0.143638,0.071814,-2.928186,3.071814,informed,none,0.000000,4,15.073572,14.499021,0.160000,14.339021
496,0.565473,-0.846626,-3.846626,2.153374,price_sensitive_uninformed,none,0.000000,4,15.073572,17.335465,0.160000,17.175465
497,0.234140,0.395963,-2.604037,3.395963,price_sensitive_uninformed,none,0.000000,4,15.073572,16.010131,0.160000,15.850131
498,-0.071103,1.618254,-1.381746,4.618254,price_sensitive_uninformed,none,0.000000,4,15.073572,14.789159,0.160000,14.629159
499,-1.047925,-2.150671,-5.150671,0.849329,price_sensitive_uninformed,none,0.000000,4,15.073572,10.881871,0.160000,10.721871
500,1.034757,0.394252,-2.605748,3.394252,price_sensitive_uninformed,none,0.000000,4,15.073572,19.212598,0.160000,19.052598
501,-0.118036,0.055033,-2.944967,3.055033,price_sensitive_uninformed,none,0.000000,4,15.073572,14.601429,0.160000,14.441429
502,0.890189,-0.474207,-3.474207,2.525793,price_sensitive_uninformed,none,0.000000,4,15.073572,18.634328,0.160000,18.474328
503,1.754189,2.784238,-0.215762,5.784238,informed,none,0.000000,4,15.073572,22.090329,0.160000,21.930329
504,0.431964,1.001145,-1.998855,4.001145,informed,none,0.000000,4,15.073572,16.801430,0.160000,16.641430
505,0.308380,-0.106342,-3.106342,2.893658,price_sensitive_uninformed,none,0.000000,4,15.073572,16.307090,0.160000,16.147090
506,0.798444,1.764976,-1.235024,4.764976,price_sensitive_uninformed,none,0.000000,4,15.073572,18.267348,0.160000,18.107348
507,1.501141,1.827115,-1.172885,4.827115,price_sensitive_uninformed,none,0.000000,4,15.073572,21.078138,0.160000,20.918138
508,0.927883,1.521324,-1.478676,4.521324,price_sensitive_uninformed,none,0.000000,4,15.073572,18.785103,0.160000,18.625103
509,-0.266855,0.366559,-2.633441,3.366559,price_sensitive_uninformed,none,0.000000,4,15.073572,14.006152,0.160000,13.846152
510,1.053172,0.340666,-2.659334,3.340666,price_sensitive_uninformed,none,0.000000,4,15.073572,19.286260,0.160000,19.126260
511,0.221356,-1.359698,-4.359698,1.640302,price_sensitive_uninformed,none,0.000000,4,15.073572,15.958998,0.160000,15.798998
512,0.305030,-0.846279,-3.846279,2.153721,price_sensitive_uninformed,none,0.000000,4,15.073572,16.293692,0.160000,16.133692
513,0.776536,3.007117,0.007117,6.007117,price_sensitive_uninformed,none,0.000000,4,15.073572,18.179715,0.160000,18.019715
514,-0.051071,-0.646979,-3.646979,2.353021,price_sensitive_uninformed,none,0.000000,4,15.073572,14.869289,0.160000,14.709289
515,-1.184402,-2.265462,-5.265462,0.734538,informed,none,0.000000,4,15.073572,10.335964,0.160000,10.175964
516,-0.477948,-0.983799,-3.983799,2.016201,price_sensitive_uninformed,buy_from_mm,2.016201,3,17.089773,15.655929,0.090000,15.565929
517,-2.238615,-1.403788,-4.403788,1.596212,price_sensitive_uninformed,sell_to_mm,-4.403788,4,21.493561,12.539101,0.160000,12.379101
518,-3.296716,-2.161015,-5.161015,0.838985,price_sensitive_uninformed,none,0.000000,4,21.493561,8.306696,0.160000,8.146696
519,-3.706254,-3.577761,-6.577761,-0.577761,price_sensitive_uninformed,none,0.000000,4,21.493561,6.668547,0.160000,6.508547
520,-3.341444,-3.751574,-6.751574,-0.751574,price_sensitive_uninformed,none,0.000000,4,21.493561,8.127783,0.160000,7.967783
521,-2.380500,-3.302509,-6.302509,-0.302509,price_sensitive_uninformed,none,0.000000,4,21.493561,11.971562,0.160000,11.811562
522,-3.466248,-3.982899,-6.982899,-0.982899,price_sensitive_uninformed,none,0.000000,4,21.493561,7.628568,0.160000,7.468568
523,-4.238145,-5.252481,-8.252481,-2.252481,informed,none,0.000000,4,21.493561,4.540983,0.160000,4.380983
524,-2.311040,-1.859633,-4.859633,1.140367,price_sensitive_uninformed,none,0.000000,4,21.493561,12.249402,0.160000,12.089402
525,-3.654103,-4.317839,-7.317839,-1.317839,informed,none,0.000000,4,21.493561,6.877149,0.160000,6.717149
526,-4.797757,-3.808637,-6.808637,-0.808637,price_sensitive_uninformed,none,0.000000,4,21.493561,2.302532,0.160000,2.142532
527,-3.194969,-2.214908,-5.214908,0.785092,price_sensitive_uninformed,none,0.000000,4,21.493561,8.713684,0.160000,8.553684
528,-1.859494,-1.357671,-4.357671,1.642329,price_sensitive_uninformed,none,0.000000,4,21.493561,14.055585,0.160000,13.895585
529,-2.408173,-4.511805,-7.511805,-1.511805,price_sensitive_uninformed,none,0.000000,4,21.493561,11.860870,0.160000,11.700870
530,-1.467154,-0.520108,-3.520108,2.479892,price_sensitive_uninformed,none,0.000000,4,21.493561,15.624947,0.160000,15.464947
531,-2.703744,-3.491690,-6.491690,-0.491690,price_sensitive_uninformed,none,0.000000,4,21.493561,10.678586,0.160000,10.518586
532,-1.845642,-1.341283,-4.341283,1.658717,price_sensitive_uninformed,none,0.000000,4,21.493561,14.110994,0.160000,13.950994
533,-1.959967,-2.069081,-5.069081,0.930919,price_sensitive_uninformed,none,0.000000,4,21.493561,13.653692,0.160000,13.493692
534,-1.971635,-1.175976,-4.175976,1.824024,informed,none,0.000000,4,21.493561,13.607021,0.160000,13.447021
535,-1.092651,0.093590,-2.906410,3.093590,informed,none,0.000000,4,21.493561,17.122959,0.160000,16.962959
536,-2.628838,-2.348664,-5.348664,0.651336,price_sensitive_uninformed,none,0.000000,4,21.493561,10.978207,0.160000,10.818207
537,-1.410369,-1.714950,-4.714950,1.285050,price_sensitive_uninformed,none,0.000000,4,21.493561,15.852086,0.160000,15.692086
538,-0.316569,0.085463,-2.914537,3.085463,informed,none,0.000000,4,21.493561,20.227283,0.160000,20.067283
539,-0.089333,-0.732844,-3.732844,2.267156,informed,none,0.000000,4,21.493561,21.136231,0.160000,20.976231
540,-0.090166,0.133533,-2.866467,3.133533,price_sensitive_uninformed,none,0.000000,4,21.493561,21.132896,0.160000,20.972896
541,0.771363,0.681255,-2.318745,3.681255,price_sensitive_uninformed,none,0.000000,4,21.493561,24.579013,0.160000,24.419013
542,1.331083,2.779115,-0.220885,5.779115,price_sensitive_uninformed,none,0.000000,4,21.493561,26.817892,0.160000,26.657892
543,1.631464,3.302917,0.302917,6.302917,price_sensitive_uninformed,none,0.000000,4,21.493561,28.019418,0.160000,27.859418
544,1.860904,0.983409,-2.016591,3.983409,price_sensitive_uninformed,none,0.000000,4,21.493561,28.937176,0.160000,28.777176
545,1.477683,2.686856,-0.313144,5.686856,price_sensitive_uninformed,sell_to_mm,-0.313144,5,21.806705,29.195122,0.250000,28.945122
546,2.527044,3.254724,0.254724,6.254724,price_sensitive_uninformed,none,0.000000,5,21.806705,34.441924,0.250000,34.191924
547,3.274164,2.716735,-0.283265,5.716735,price_sensitive_uninformed,none,0.000000,5,21.806705,38.177526,0.250000,37.927526
548,3.646913,4.555491,1.555491,7.555491,informed,none,0.000000,5,21.806705,40.041268,0.250000,39.791268
549,5.442816,4.734242,1.734242,7.734242,price_sensitive_uninformed,sell_to_mm,1.734242,6,20.072462,52.729361,0.360000,52.369361
550,3.321092,2.446678,-0.553322,5.446678,informed,none,0.000000,6,20.072462,39.999017,0.360000,39.639017
551,2.800174,3.236034,0.236034,6.236034,informed,none,0.000000,6,20.072462,36.873508,0.360000,36.513508
552,1.293544,0.790439,-2.209561,3.790439,informed,none,0.000000,6,20.072462,27.833724,0.360000,27.473724
553,1.378683,2.487755,-0.512245,5.487755,informed,none,0.000000,6,20.072462,28.344559,0.360000,27.984559
554,2.170355,1.554893,-1.445107,4.554893,informed,none,0.000000,6,20.072462,33.094591,0.360000,32.734591
555,1.806113,1.784033,-1.215967,4.784033,informed,none,0.000000,6,20.072462,30.909138,0.360000,30.549138
556,2.229298,2.124299,-0.875701,5.124299,informed,none,0.000000,6,20.072462,33.448253,0.360000,33.088253
557,2.350747,3.925833,0.925833,6.925833,price_sensitive_uninformed,none,0.000000,6,20.072462,34.176941,0.360000,33.816941
558,1.408345,1.441329,-1.558671,4.441329,informed,none,0.000000,6,20.072462,28.522535,0.360000,28.162535
559,1.762220,0.993622,-2.006378,3.993622,informed,none,0.000000,6,20.072462,30.645780,0.360000,30.285780
560,0.944309,0.402094,-2.597906,3.402094,informed,none,0.000000,6,20.072462,25.738317,0.360000,25.378317
561,2.002841,2.793038,-0.206962,5.793038,price_sensitive_uninformed,none,0.000000,6,20.072462,32.089507,0.360000,31.729507
562,2.543142,2.644701,-0.355299,5.644701,price_sensitive_uninformed,none,0.000000,6,20.072462,35.331312,0.360000,34.971312
563,3.418866,2.591628,-0.408372,5.591628,price_sensitive_uninformed,none,0.000000,6,20.072462,40.585659,0.360000,40.225659
564,3.276075,4.393110,1.393110,7.393110,price_sensitive_uninformed,none,0.000000,6,20.072462,39.728911,0.360000,39.368911
565,2.656350,1.938763,-1.061237,4.938763,price_sensitive_uninformed,none,0.000000,6,20.072462,36.010562,0.360000,35.650562
566,1.308666,-0.209237,-3.209237,2.790763,price_sensitive_uninformed,none,0.000000,6,20.072462,27.924461,0.360000,27.564461
567,2.799131,2.722806,-0.277194,5.722806,informed,none,0.000000,6,20.072462,36.867246,0.360000,36.507246
568,1.838480,1.207106,-1.792894,4.207106,price_sensitive_uninformed,none,0.000000,6,20.072462,31.103341,0.360000,30.743341
569,4.426229,2.913480,-0.086520,5.913480,price_sensitive_uninformed,none,0.000000,6,20.072462,46.629839,0.360000,46.269839
570,4.396842,4.295827,1.295827,7.295827,price_sensitive_uninformed,none,0.000000,6,20.072462,46.453515,0.360000,46.093515
571,4.887004,5.825665,2.825665,8.825665,informed,none,0.000000,6,20.072462,49.394483,0.360000,49.034483
572,2.790109,2.621533,-0.378467,5.621533,price_sensitive_uninformed,none,0.000000,6,20.072462,36.813115,0.360000,36.453115
573,0.878355,1.968816,-1.031184,4.968816,informed,none,0.000000,6,20.072462,25.342595,0.360000,24.982595
574,2.085131,2.235608,-0.764392,5.235608,price_sensitive_uninformed,none,0.000000,6,20.072462,32.583246,0.360000,32.223246
575,1.649346,2.298357,-0.701643,5.298357,informed,none,0.000000,6,20.072462,29.968540,0.360000,29.608540
576,0.822266,0.467707,-2.532293,3.467707,price_sensitive_uninformed,none,0.000000,6,20.072462,25.006057,0.360000,24.646057
577,-0.461489,-0.411105,-3.411105,2.588895,informed,none,0.000000,6,20.072462,17.303526,0.360000,16.943526
578,-1.095543,-1.337217,-4.337217,1.662783,price_sensitive_uninformed,none,0.000000,6,20.072462,13.499204,0.360000,13.139204
579,-2.628279,-3.782931,-6.782931,-0.782931,informed,none,0.000000,6,20.072462,4.302788,0.360000,3.942788
580,-0.749678,-0.995954,-3.995954,2.004046,price_sensitive_uninformed,none,0.000000,6,20.072462,15.574393,0.360000,15.214393
581,-0.222286,-1.226061,-4.226061,1.773939,price_sensitive_uninformed,none,0.000000,6,20.072462,18.738748,0.360000,18.378748
582,2.642779,2.241871,-0.758129,5.241871,informed,none,0.000000,6,20.072462,35.929136,0.360000,35.569136
583,5.250490,6.121901,3.121901,9.121901,price_sensitive_uninformed,none,0.000000,6,20.072462,51.575403,0.360000,51.215403
584,4.681979,4.976891,1.976891,7.976891,informed,none,0.000000,6,20.072462,48.164338,0.360000,47.804338
585,5.881403,4.784508,1.784508,7.784508,informed,none,0.000000,6,20.072462,55.360878,0.360000,55.000878
586,6.192902,6.892495,3.892495,9.892495,informed,none,0.000000,6,20.072462,57.229871,0.360000,56.869871
587,5.789412,6.253221,3.253221,9.253221,price_sensitive_uninformed,none,0.000000,6,20.072462,54.808933,0.360000,54.448933
588,5.940786,6.058117,3.058117,9.058117,informed,none,0.000000,6,20.072462,55.717177,0.360000,55.357177
589,5.804898,5.561004,2.561004,8.561004,price_sensitive_uninformed,none,0.000000,6,20.072462,54.901850,0.360000,54.541850
590,6.611237,7.939622,4.939622,10.939622,informed,none,0.000000,6,20.072462,59.739887,0.360000,59.379887
591,4.895679,5.247949,2.247949,8.247949,price_sensitive_uninformed,none,0.000000,6,20.072462,49.446536,0.360000,49.086536
592,4.421455,3.347148,0.347148,6.347148,price_sensitive_uninformed,none,0.000000,6,20.072462,46.601191,0.360000,46.241191
593,5.370248,3.510909,0.510909,6.510909,price_sensitive_uninformed,none,0.000000,6,20.072462,52.293952,0.360000,51.933952
594,8.376400,8.588108,5.588108,11.588108,price_sensitive_uninformed,none,0.000000,6,20.072462,70.330862,0.360000,69.970862
595,7.904048,6.341775,3.341775,9.341775,price_sensitive_uninformed,none,0.000000,6,20.072462,67.496752,0.360000,67.136752
596,8.634707,8.325877,5.325877,11.325877,price_sensitive_uninformed,none,0.000000,6,20.072462,71.880702,0.360000,71.520702
597,11.320115,11.247878,8.247878,14.247878,price_sensitive_uninformed,none,0.000000,6,20.072462,87.993151,0.360000,87.633151
598,11.569303,12.246871,9.246871,15.246871,informed,none,0.000000,6,20.072462,89.488278,0.360000,89.128278
599,12.373379,12.132499,9.132499,15.132499,informed,none,0.000000,6,20.072462,94.312735,0.360000,93.952735
600,13.096954,13.763597,10.763597,16.763597,price_sensitive_uninformed,none,0.000000,6,20.072462,98.654189,0.360000,98.294189
601,12.366484,13.817897,10.817897,16.817897,informed,none,0.000000,6,20.072462,94.271365,0.360000,93.911365
602,11.902373,11.963515,8.963515,14.963515,price_sensitive_uninformed,none,0.000000,6,20.072462,91.486701,0.360000,91.126701
603,12.173058,12.224782,9.224782,15.224782,price_sensitive_uninformed,none,0.000000,6,20.072462,93.110809,0.360000,92.750809
604,11.736467,11.636465,8.636465,14.636465,price_sensitive_uninformed,none,0.000000,6,20.072462,90.491265,0.360000,90.131265
605,10.193458,10.479661,7.479661,13.479661,informed,none,0.000000,6,20.072462,81.233207,0.360000,80.873207
606,10.119018,10.368967,7.368967,13.368967,price_sensitive_uninformed,buy_from_mm,13.368967,5,33.441430,84.036520,0.250000,83.786520
607,11.978382,9.986068,6.986068,12.986068,informed,none,0.000000,5,33.441430,93.333340,0.250000,93.083340
608,11.031636,10.339067,7.339067,13.339067,price_sensitive_uninformed,none,0.000000,5,33.441430,88.599611,0.250000,88.349611
609,10.405022,10.147246,7.147246,13.147246,price_sensitive_uninformed,none,0.000000,5,33.441430,85.466539,0.250000,85.216539
610,11.087974,10.413944,7.413944,13.413944,price_sensitive_uninformed,none,0.000000,5,33.441430,88.881301,0.250000,88.631301
611,10.636029,10.536465,7.536465,13.536465,informed,none,0.000000,5,33.441430,86.621576,0.250000,86.371576
612,11.027421,9.764479,6.764479,12.764479,price_sensitive_uninformed,none,0.000000,5,33.441430,88.578532,0.250000,88.328532
613,11.452987,12.878123,9.878123,15.878123,price_sensitive_uninformed,none,0.000000,5,33.441430,90.706366,0.250000,90.456366
614,13.194534,12.124596,9.124596,15.124596,price_sensitive_uninformed,none,0.000000,5,33.441430,99.414099,0.250000,99.164099
615,14.640342,14.709467,11.709467,17.709467,informed,none,0.000000,5,33.441430,106.643139,0.250000,106.393139
616,15.913228,16.012303,13.012303,19.012303,informed,none,0.000000,5,33.441430,113.007568,0.250000,112.757568
617,15.933870,16.298441,13.298441,19.298441,price_sensitive_uninformed,none,0.000000,5,33.441430,113.110780,0.250000,112.860780
618,16.282216,15.906462,12.906462,18.906462,price_sensitive_uninformed,none,0.000000,5,33.441430,114.852508,0.250000,114.602508
619,17.718172,16.858084,13.858084,19.858084,price_sensitive_uninformed,none,0.000000,5,33.441430,122.032289,0.250000,121.782289
620,19.561246,19.716760,16.716760,22.716760,price_sensitive_uninformed,none,0.000000,5,33.441430,131.247662,0.250000,130.997662
621,18.555958,21.064532,18.064532,24.064532,price_sensitive_uninformed,none,0.000000,5,33.441430,126.221218,0.250000,125.971218
622,16.768272,18.607809,15.607809,21.607809,price_sensitive_uninformed,none,0.000000,5,33.441430,117.282789,0.250000,117.032789
623,15.442305,17.645367,14.645367,20.645367,informed,none,0.000000,5,33.441430,110.652957,0.250000,110.402957
624,17.954080,16.763494,13.763494,19.763494,price_sensitive_uninformed,none,0.000000,5,33.441430,123.211831,0.250000,122.961831
625,17.463093,16.425458,13.425458,19.425458,price_sensitive_uninformed,none,0.000000,5,33.441430,120.756893,0.250000,120.506893
626,16.921280,17.297069,14.297069,20.297069,informed,none,0.000000,5,33.441430,118.047831,0.250000,117.797831
627,17.569384,17.840789,14.840789,20.840789,price_sensitive_uninformed,none,0.000000,5,33.441430,121.288347,0.250000,121.038347
628,18.284842,19.182903,16.182903,22.182903,price_sensitive_uninformed,none,0.000000,5,33.441430,124.865640,0.250000,124.615640
629,17.440098,17.775587,14.775587,20.775587,price_sensitive_uninformed,none,0.000000,5,33.441430,120.641917,0.250000,120.391917
630,15.866407,15.261543,12.261543,18.261543,price_sensitive_uninformed,none,0.000000,5,33.441430,112.773463,0.250000,112.523463
631,15.833364,14.145298,11.145298,17.145298,price_sensitive_uninformed,none,0.000000,5,33.441430,112.608247,0.250000,112.358247
632,17.733517,18.015088,15.015088,21.015088,informed,none,0.000000,5,33.441430,122.109015,0.250000,121.859015
633,17.541354,16.360255,13.360255,19.360255,informed,none,0.000000,5,33.441430,121.148202,0.250000,120.898202
634,16.750604,17.095028,14.095028,20.095028,price_sensitive_uninformed,none,0.000000,5,33.441430,117.194452,0.250000,116.944452
635,15.958370,14.823456,11.823456,17.823456,informed,none,0.000000,5,33.441430,113.233279,0.250000,112.983279
636,15.072348,16.842648,13.842648,19.842648,price_sensitive_uninformed,none,0.000000,5,33.441430,108.803170,0.250000,108.553170
637,14.600006,13.772274,10.772274,16.772274,price_sensitive_uninformed,none,0.000000,5,33.441430,106.441458,0.250000,106.191458
638,14.914437,14.403809,11.403809,17.403809,price_sensitive_uninformed,none,0.000000,5,33.441430,108.013613,0.250000,107.763613
639,15.087567,13.774803,10.774803,16.774803,price_sensitive_uninformed,none,0.000000,5,33.441430,108.879264,0.250000,108.629264
640,16.566791,18.355405,15.355405,21.355405,price_sensitive_uninformed,none,0.000000,5,33.441430,116.275386,0.250000,116.025386
641,19.182041,18.613656,15.613656,21.613656,informed,none,0.000000,5,33.441430,129.351633,0.250000,129.101633
642,17.800102,16.761803,13.761803,19.761803,price_sensitive_uninformed,none,0.000000,5,33.441430,122.441940,0.250000,122.191940
643,18.136852,17.916016,14.916016,20.916016,price_sensitive_uninformed,none,0.000000,5,33.441430,124.125691,0.250000,123.875691
644,17.893393,17.711033,14.711033,20.711033,price_sensitive_uninformed,none,0.000000,5,33.441430,122.908395,0.250000,122.658395
645,17.047484,17.147204,14.147204,20.147204,price_sensitive_uninformed,none,0.000000,5,33.441430,118.678848,0.250000,118.428848
646,16.097897,15.915952,12.915952,18.915952,price_sensitive_uninformed,none,0.000000,5,33.441430,113.930913,0.250000,113.680913
647,15.618292,15.772043,12.772043,18.772043,informed,none,0.000000,5,33.441430,111.532888,0.250000,111.282888
648,14.478755,14.122983,11.122983,17.122983,informed,none,0.000000,5,33.441430,105.835203,0.250000,105.585203
649,13.787510,12.644697,9.644697,15.644697,informed,none,0.000000,5,33.441430,102.378980,0.250000,102.128980
650,13.758581,14.325534,11.325534,17.325534,price_sensitive_uninformed,none,0.000000,5,33.441430,102.234333,0.250000,101.984333
651,15.698090,13.549820,10.549820,16.549820,price_sensitive_uninformed,none,0.000000,5,33.441430,111.931881,0.250000,111.681881
652,15.511863,17.467774,14.467774,20.467774,price_sensitive_uninformed,none,0.000000,5,33.441430,111.000745,0.250000,110.750745
653,14.536936,15.117437,12.117437,18.117437,informed,none,0.000000,5,33.441430,106.126108,0.250000,105.876108
654,14.084787,14.354302,11.354302,17.354302,price_sensitive_uninformed,none,0.000000,5,33.441430,103.865367,0.250000,103.615367
655,15.427976,15.166134,12.166134,18.166134,informed,none,0.000000,5,33.441430,110.581308,0.250000,110.331308
656,13.782274,13.704321,10.704321,16.704321,informed,none,0.000000,5,33.441430,102.352800,0.250000,102.102800
657,13.037097,13.751604,10.751604,16.751604,price_sensitive_uninformed,none,0.000000,5,33.441430,98.626916,0.250000,98.376916
658,13.460229,13.027056,10.027056,16.027056,price_sensitive_uninformed,none,0.000000,5,33.441430,100.742573,0.250000,100.492573
659,12.920401,11.856370,8.856370,14.856370,informed,none,0.000000,5,33.441430,98.043433,0.250000,97.793433
660,12.618995,12.925194,9.925194,15.925194,informed,none,0.000000,5,33.441430,96.536406,0.250000,96.286406
661,10.909181,10.149196,7.149196,13.149196,price_sensitive_uninformed,none,0.000000,5,33.441430,87.987334,0.250000,87.737334
662,10.091652,8.590279,5.590279,11.590279,informed,none,0.000000,5,33.441430,83.899691,0.250000,83.649691
663,9.211402,10.329235,7.329235,13.329235,price_sensitive_uninformed,none,0.000000,5,33.441430,79.498441,0.250000,79.248441
664,8.225522,8.041449,5.041449,11.041449,price_sensitive_uninformed,none,0.000000,5,33.441430,74.569038,0.250000,74.319038
665,9.919526,10.349560,7.349560,13.349560,price_sensitive_uninformed,none,0.000000,5,33.441430,83.039059,0.250000,82.789059
666,8.739251,9.085305,6.085305,12.085305,price_sensitive_uninformed,none,0.000000,5,33.441430,77.137682,0.250000,76.887682
667,7.222401,7.223370,4.223370,10.223370,informed,none,0.000000,5,33.441430,69.553435,0.250000,69.303435
668,8.478754,9.319996,6.319996,12.319996,informed,none,0.000000,5,33.441430,75.835200,0.250000,75.585200
669,7.972508,7.468803,4.468803,10.468803,price_sensitive_uninformed,none,0.000000,5,33.441430,73.303971,0.250000,73.053971
670,9.512080,10.051101,7.051101,13.051101,informed,none,0.000000,5,33.441430,81.001830,0.250000,80.751830
671,9.495617,8.074494,5.074494,11.074494,price_sensitive_uninformed,none,0.000000,5,33.441430,80.919517,0.250000,80.669517
672,8.391257,6.755555,3.755555,9.755555,informed,none,0.000000,5,33.441430,75.397713,0.250000,75.147713
673,8.011242,7.793119,4.793119,10.793119,price_sensitive_uninformed,none,0.000000,5,33.441430,73.497638,0.250000,73.247638
674,7.393080,7.619866,4.619866,10.619866,price_sensitive_uninformed,none,0.000000,5,33.441430,70.406829,0.250000,70.156829
675,8.352361,8.645257,5.645257,11.645257,informed,none,0.000000,5,33.441430,75.203234,0.250000,74.953234
676,8.495575,8.227262,5.227262,11.227262,price_sensitive_uninformed,none,0.000000,5,33.441430,75.919306,0.250000,75.669306
677,9.903554,9.495359,6.495359,12.495359,informed,none,0.000000,5,33.441430,82.959198,0.250000,82.709198
678,10.315925,11.079467,8.079467,14.079467,price_sensitive_uninformed,none,0.000000,5,33.441430,85.021052,0.250000,84.771052
679,10.324054,9.624041,6.624041,12.624041,price_sensitive_uninformed,none,0.000000,5,33.441430,85.061700,0.250000,84.811700
680,10.629895,10.167267,7.167267,13.167267,informed,none,0.000000,5,33.441430,86.590904,0.250000,86.340904
681,11.209882,10.273961,7.273961,13.273961,informed,none,0.000000,5,33.441430,89.490840,0.250000,89.240840
682,11.325993,10.880752,7.880752,13.880752,price_sensitive_uninformed,none,0.000000,5,33.441430,90.071393,0.250000,89.821393
683,11.861788,11.797529,8.797529,14.797529,informed,none,0.000000,5,33.441430,92.750370,0.250000,92.500370
684,13.786483,14.214506,11.214506,17.214506,informed,none,0.000000,5,33.441430,102.373843,0.250000,102.123843
685,13.125797,14.224910,11.224910,17.224910,price_sensitive_uninformed,none,0.000000,5,33.441430,99.070417,0.250000,98.820417
686,12.602834,11.441001,8.441001,14.441001,price_sensitive_uninformed,none,0.000000,5,33.441430,96.455598,0.250000,96.205598
687,11.354050,12.356477,9.356477,15.356477,informed,none,0.000000,5,33.441430,90.211682,0.250000,89.961682
688,10.764105,9.318782,6.318782,12.318782,price_sensitive_uninformed,none,0.000000,5,33.441430,87.261952,0.250000,87.011952
689,11.180548,10.142474,7.142474,13.142474,price_sensitive_uninformed,none,0.000000,5,33.441430,89.344169,0.250000,89.094169
690,8.975112,9.675698,6.675698,12.675698,price_sensitive_uninformed,none,0.000000,5,33.441430,78.316990,0.250000,78.066990
691,7.889047,7.402615,4.402615,10.402615,price_sensitive_uninformed,none,0.000000,5,33.441430,72.886663,0.250000,72.636663
692,7.426047,8.388027,5.388027,11.388027,price_sensitive_uninformed,none,0.000000,5,33.441430,70.571664,0.250000,70.321664
693,5.452105,5.205693,2.205693,8.205693,price_sensitive_uninformed,none,0.000000,5,33.441430,60.701956,0.250000,60.451956
694,5.282086,5.592591,2.592591,8.592591,informed,none,0.000000,5,33.441430,59.851857,0.250000,59.601857
695,4.249265,3.590682,0.590682,6.590682,price_sensitive_uninformed,none,0.000000,5,33.441430,54.687753,0.250000,54.437753
696,5.033091,4.118726,1.118726,7.118726,price_sensitive_uninformed,none,0.000000,5,33.441430,58.606883,0.250000,58.356883
697,4.216579,5.191000,2.191000,8.191000,informed,none,0.000000,5,33.441430,54.524326,0.250000,54.274326
698,4.266917,3.717098,0.717098,6.717098,informed,none,0.000000,5,33.441430,54.776016,0.250000,54.526016
699,2.891547,3.263220,0.263220,6.263220,informed,none,0.000000,5,33.441430,47.899166,0.250000,47.649166
700,2.531536,1.961417,-1.038583,4.961417,informed,none,0.000000,5,33.441430,46.099108,0.250000,45.849108
701,1.895678,1.141112,-1.858888,4.141112,price_sensitive_uninformed,none,0.000000,5,33.441430,42.919822,0.250000,42.669822
702,1.146704,1.298015,-1.701985,4.298015,price_sensitive_uninformed,none,0.000000,5,33.441430,39.174951,0.250000,38.924951
703,1.160783,0.535800,-2.464200,3.535800,informed,none,0.000000,5,33.441430,39.245343,0.250000,38.995343
704,2.994939,3.078076,0.078076,6.078076,informed,none,0.000000,5,33.441430,48.416126,0.250000,48.166126
705,4.407183,4.414520,1.414520,7.414520,price_sensitive_uninformed,none,0.000000,5,33.441430,55.477342,0.250000,55.227342
706,4.474107,5.467098,2.467098,8.467098,price_sensitive_uninformed,none,0.000000,5,33.441430,55.811966,0.250000,55.561966
707,4.831511,6.864707,3.864707,9.864707,informed,none,0.000000,5,33.441430,57.598984,0.250000,57.348984
708,4.309760,4.062905,1.062905,7.062905,price_sensitive_uninformed,sell_to_mm,1.062905,6,32.378525,58.237082,0.360000,57.877082
709,5.090294,6.371282,3.371282,9.371282,informed,none,0.000000,6,32.378525,62.920287,0.360000,62.560287
710,4.464521,5.380671,2.380671,8.380671,price_sensitive_uninformed,none,0.000000,6,32.378525,59.165650,0.360000,58.805650
711,4.538411,4.064451,1.064451,7.064451,price_sensitive_uninformed,none,0.000000,6,32.378525,59.608991,0.360000,59.248991
712,2.807140,2.794144,-0.205856,5.794144,price_sensitive_uninformed,none,0.000000,6,32.378525,49.221364,0.360000,48.861364
713,1.916566,0.998450,-2.001550,3.998450,informed,none,0.000000,6,32.378525,43.877921,0.360000,43.517921
714,2.374142,0.602477,-2.397523,3.602477,price_sensitive_uninformed,none,0.000000,6,32.378525,46.623376,0.360000,46.263376
715,2.499576,0.543884,-2.456116,3.543884,informed,none,0.000000,6,32.378525,47.375982,0.360000,47.015982
716,2.897660,2.114921,-0.885079,5.114921,informed,none,0.000000,6,32.378525,49.764485,0.360000,49.404485
717,3.252797,4.661287,1.661287,7.661287,informed,none,0.000000,6,32.378525,51.895310,0.360000,51.535310
718,3.864212,3.610347,0.610347,6.610347,price_sensitive_uninformed,none,0.000000,6,32.378525,55.563798,0.360000,55.203798
719,1.726458,1.869995,-1.130005,4.869995,informed,none,0.000000,6,32.378525,42.737276,0.360000,42.377276
720,0.844161,1.539545,-1.460455,4.539545,price_sensitive_uninformed,none,0.000000,6,32.378525,37.443490,0.360000,37.083490
721,1.065990,2.107237,-0.892763,5.107237,price_sensitive_uninformed,none,0.000000,6,32.378525,38.774463,0.360000,38.414463
722,1.351527,3.483942,0.483942,6.483942,price_sensitive_uninformed,none,0.000000,6,32.378525,40.487688,0.360000,40.127688
723,2.475682,3.097334,0.097334,6.097334,price_sensitive_uninformed,none,0.000000,6,32.378525,47.232616,0.360000,46.872616
724,2.099790,1.292635,-1.707365,4.292635,price_sensitive_uninformed,none,0.000000,6,32.378525,44.977262,0.360000,44.617262
725,2.961762,3.341655,0.341655,6.341655,price_sensitive_uninformed,none,0.000000,6,32.378525,50.149095,0.360000,49.789095
726,3.355038,2.716586,-0.283414,5.716586,price_sensitive_uninformed,none,0.000000,6,32.378525,52.508755,0.360000,52.148755
727,3.025507,2.440715,-0.559285,5.440715,price_sensitive_uninformed,none,0.000000,6,32.378525,50.531564,0.360000,50.171564
728,1.717933,2.469225,-0.530775,5.469225,price_sensitive_uninformed,none,0.000000,6,32.378525,42.686124,0.360000,42.326124
729,2.021480,1.492268,-1.507732,4.492268,informed,none,0.000000,6,32.378525,44.507406,0.360000,44.147406
730,2.737167,1.465823,-1.534177,4.465823,price_sensitive_uninformed,none,0.000000,6,32.378525,48.801527,0.360000,48.441527
731,2.728442,3.929706,0.929706,6.929706,price_sensitive_uninformed,none,0.000000,6,32.378525,48.749178,0.360000,48.389178
732,1.262070,1.906662,-1.093338,4.906662,price_sensitive_uninformed,none,0.000000,6,32.378525,39.950943,0.360000,39.590943
733,-0.557561,-0.954290,-3.954290,2.045710,price_sensitive_uninformed,none,0.000000,6,32.378525,29.033161,0.360000,28.673161
734,-1.096455,-2.173396,-5.173396,0.826604,price_sensitive_uninformed,none,0.000000,6,32.378525,25.799796,0.360000,25.439796
735,0.943817,2.799674,-0.200326,5.799674,informed,none,0.000000,6,32.378525,38.041428,0.360000,37.681428
736,1.185883,1.217000,-1.783000,4.217000,informed,none,0.000000,6,32.378525,39.493820,0.360000,39.133820
737,2.058372,3.374050,0.374050,6.374050,informed,none,0.000000,6,32.378525,44.728756,0.360000,44.368756
738,2.928845,5.025010,2.025010,8.025010,informed,none,0.000000,6,32.378525,49.951596,0.360000,49.591596
739,2.815485,1.475992,-1.524008,4.475992,informed,none,0.000000,6,32.378525,49.271437,0.360000,48.911437
740,4.089672,3.410961,0.410961,6.410961,price_sensitive_uninformed,none,0.000000,6,32.378525,56.916558,0.360000,56.556558
741,3.043721,2.914481,-0.085519,5.914481,informed,none,0.000000,6,32.378525,50.640848,0.360000,50.280848
742,1.813134,2.030348,-0.969652,5.030348,price_sensitive_uninformed,none,0.000000,6,32.378525,43.257329,0.360000,42.897329
743,0.686581,0.791275,-2.208725,3.791275,price_sensitive_uninformed,none,0.000000,6,32.378525,36.498011,0.360000,36.138011
744,-0.211990,-0.947291,-3.947291,2.052709,price_sensitive_uninformed,none,0.000000,6,32.378525,31.106587,0.360000,30.746587
745,-0.455410,-0.790411,-3.790411,2.209589,informed,none,0.000000,6,32.378525,29.646062,0.360000,29.286062
746,-2.142400,0.005294,-2.994706,3.005294,informed,none,0.000000,6,32.378525,19.524122,0.360000,19.164122
747,-1.483115,-2.316540,-5.316540,0.683460,price_sensitive_uninformed,none,0.000000,6,32.378525,23.479832,0.360000,23.119832
748,-1.989702,-2.621167,-5.621167,0.378833,price_sensitive_uninformed,none,0.000000,6,32.378525,20.440315,0.360000,20.080315
749,-2.318062,-1.653834,-4.653834,1.346166,price_sensitive_uninformed,none,0.000000,6,32.378525,18.470152,0.360000,18.110152
750,-2.095480,-1.893439,-4.893439,1.106561,informed,none,0.000000,6,32.378525,19.805644,0.360000,19.445644
751,-2.605627,-0.956412,-3.956412,2.043588,price_sensitive_uninformed,none,0.000000,6,32.378525,16.744760,0.360000,16.384760
752,-1.020480,0.340736,-2.659264,3.340736,price_sensitive_uninformed,none,0.000000,6,32.378525,26.255643,0.360000,25.895643
753,-1.883223,-0.899387,-3.899387,2.100613,price_sensitive_uninformed,buy_from_mm,2.100613,5,34.479137,25.063023,0.250000,24.813023
754,-2.865551,-4.808043,-7.808043,-1.808043,informed,none,0.000000,5,34.479137,20.151380,0.250000,19.901380
755,-4.146626,-5.137581,-8.137581,-2.137581,informed,none,0.000000,5,34.479137,13.746006,0.250000,13.496006
756,-5.634349,-5.941358,-8.941358,-2.941358,informed,none,0.000000,5,34.479137,6.307391,0.250000,6.057391
757,-5.338743,-5.026425,-8.026425,-2.026425,price_sensitive_uninformed,none,0.000000,5,34.479137,7.785422,0.250000,7.535422
758,-7.070786,-5.968878,-8.968878,-2.968878,price_sensitive_uninformed,none,0.000000,5,34.479137,-0.874792,0.250000,-1.124792
759,-5.369246,-5.327819,-8.327819,-2.327819,price_sensitive_uninformed,none,0.000000,5,34.479137,7.632908,0.250000,7.382908
760,-4.457599,-4.879573,-7.879573,-1.879573,price_sensitive_uninformed,none,0.000000,5,34.479137,12.191140,0.250000,11.941140
761,-3.238219,-6.401708,-9.401708,-3.401708,informed,buy_from_mm,-3.401708,4,31.077430,18.124553,0.160000,17.964553
762,-3.254276,-3.658490,-6.658490,-0.658490,informed,none,0.000000,4,31.077430,18.060327,0.160000,17.900327
763,-4.931807,-3.158198,-6.158198,-0.158198,informed,none,0.000000,4,31.077430,11.350202,0.160000,11.190202
764,-4.905515,-4.090045,-7.090045,-1.090045,price_sensitive_uninformed,none,0.000000,4,31.077430,11.455369,0.160000,11.295369
765,-4.069504,-3.333392,-6.333392,-0.333392,informed,none,0.000000,4,31.077430,14.799414,0.160000,14.639414
766,-3.480827,-1.559585,-4.559585,1.440415,informed,none,0.000000,4,31.077430,17.154121,0.160000,16.994121
767,-3.181771,-3.414691,-6.414691,-0.414691,informed,none,0.000000,4,31.077430,18.350345,0.160000,18.190345
768,-3.015629,-3.160337,-6.160337,-0.160337,price_sensitive_uninformed,none,0.000000,4,31.077430,19.014915,0.160000,18.854915
769,-3.738730,-2.510369,-5.510369,0.489631,price_sensitive_uninformed,none,0.000000,4,31.077430,16.122509,0.160000,15.962509
770,-3.213897,-1.198013,-4.198013,1.801987,informed,none,0.000000,4,31.077430,18.221841,0.160000,18.061841
771,-2.842732,-2.202301,-5.202301,0.797699,price_sensitive_uninformed,none,0.000000,4,31.077430,19.706502,0.160000,19.546502
772,-0.541381,-0.029860,-3.029860,2.970140,informed,none,0.000000,4,31.077430,28.911906,0.160000,28.751906
773,-1.580120,-1.678617,-4.678617,1.321383,informed,none,0.000000,4,31.077430,24.756950,0.160000,24.596950
774,-1.873020,-0.156668,-3.156668,2.843332,informed,none,0.000000,4,31.077430,23.585350,0.160000,23.425350
775,-2.828576,-2.688821,-5.688821,0.311179,informed,none,0.000000,4,31.077430,19.763126,0.160000,19.603126
776,-4.709934,-5.070745,-8.070745,-2.070745,price_sensitive_uninformed,none,0.000000,4,31.077430,12.237692,0.160000,12.077692
777,-4.753375,-4.726476,-7.726476,-1.726476,informed,none,0.000000,4,31.077430,12.063930,0.160000,11.903930
778,-6.451766,-5.437170,-8.437170,-2.437170,informed,none,0.000000,4,31.077430,5.270367,0.160000,5.110367
779,-6.227837,-5.914202,-8.914202,-2.914202,price_sensitive_uninformed,none,0.000000,4,31.077430,6.166083,0.160000,6.006083
780,-5.762749,-5.998064,-8.998064,-2.998064,informed,none,0.000000,4,31.077430,8.026432,0.160000,7.866432
781,-6.599369,-5.982498,-8.982498,-2.982498,price_sensitive_uninformed,none,0.000000,4,31.077430,4.679954,0.160000,4.519954
782,-5.800163,-4.214473,-7.214473,-1.214473,price_sensitive_uninformed,none,0.000000,4,31.077430,7.876779,0.160000,7.716779
783,-7.215443,-6.559972,-9.559972,-3.559972,informed,none,0.000000,4,31.077430,2.215657,0.160000,2.055657
784,-7.409963,-8.162086,-11.162086,-5.162086,price_sensitive_uninformed,none,0.000000,4,31.077430,1.437577,0.160000,1.277577
785,-5.755441,-5.879233,-8.879233,-2.879233,price_sensitive_uninformed,none,0.000000,4,31.077430,8.055665,0.160000,7.895665
786,-6.446583,-5.577968,-8.577968,-2.577968,informed,none,0.000000,4,31.077430,5.291097,0.160000,5.131097
787,-5.477778,-5.853893,-8.853893,-2.853893,price_sensitive_uninformed,none,0.000000,4,31.077430,9.166317,0.160000,9.006317
788,-4.409140,-2.801734,-5.801734,0.198266,informed,none,0.000000,4,31.077430,13.440871,0.160000,13.280871
789,-4.991967,-4.155801,-7.155801,-1.155801,price_sensitive_uninformed,none,0.000000,4,31.077430,11.109561,0.160000,10.949561
790,-3.830370,-3.510830,-6.510830,-0.510830,informed,none,0.000000,4,31.077430,15.755948,0.160000,15.595948
791,-2.321488,-3.274742,-6.274742,-0.274742,price_sensitive_uninformed,none,0.000000,4,31.077430,21.791477,0.160000,21.631477
792,-3.273792,-3.295471,-6.295471,-0.295471,price_sensitive_uninformed,none,0.000000,4,31.077430,17.982263,0.160000,17.822263
793,-3.727048,-3.510071,-6.510071,-0.510071,price_sensitive_uninformed,none,0.000000,4,31.077430,16.169237,0.160000,16.009237
794,-4.498651,-5.908164,-8.908164,-2.908164,informed,none,0.000000,4,31.077430,13.082825,0.160000,12.922825
795,-5.757774,-6.640238,-9.640238,-3.640238,informed,none,0.000000,4,31.077430,8.046335,0.160000,7.886335
796,-5.853351,-6.782118,-9.782118,-3.782118,price_sensitive_uninformed,none,0.000000,4,31.077430,7.664024,0.160000,7.504024
797,-5.249054,-5.433100,-8.433100,-2.433100,informed,none,0.000000,4,31.077430,10.081214,0.160000,9.921214
798,-6.125135,-7.105803,-10.105803,-4.105803,price_sensitive_uninformed,none,0.000000,4,31.077430,6.576890,0.160000,6.416890
799,-5.425334,-5.773564,-8.773564,-2.773564,price_sensitive_uninformed,none,0.000000,4,31.077430,9.376092,0.160000,9.216092
800,-7.201085,-8.058014,-11.058014,-5.058014,price_sensitive_uninformed,none,0.000000,4,31.077430,2.273089,0.160000,2.113089
801,-7.174339,-7.368986,-10.368986,-4.368986,price_sensitive_uninformed,none,0.000000,4,31.077430,2.380074,0.160000,2.220074
802,-7.430929,-5.751378,-8.751378,-2.751378,informed,none,0.000000,4,31.077430,1.353712,0.160000,1.193712
803,-7.790714,-6.160037,-9.160037,-3.160037,price_sensitive_uninformed,none,0.000000,4,31.077430,-0.085426,0.160000,-0.245426
804,-6.312165,-6.631432,-9.631432,-3.631432,price_sensitive_uninformed,buy_from_mm,-3.631432,3,27.445998,8.509504,0.090000,8.419504
805,-6.663025,-6.423998,-9.423998,-3.423998,price_sensitive_uninformed,none,0.000000,3,27.445998,7.456922,0.090000,7.366922
806,-6.893916,-6.572195,-9.572195,-3.572195,informed,none,0.000000,3,27.445998,6.764249,0.090000,6.674249
807,-6.476500,-7.157648,-10.157648,-4.157648,price_sensitive_uninformed,none,0.000000,3,27.445998,8.016498,0.090000,7.926498
808,-8.791868,-10.460083,-13.460083,-7.460083,informed,none,0.000000,3,27.445998,1.070394,0.090000,0.980394
809,-9.192857,-10.855524,-13.855524,-7.855524,informed,none,0.000000,3,27.445998,-0.132573,0.090000,-0.222573
810,-10.712450,-11.534145,-14.534145,-8.534145,informed,none,0.000000,3,27.445998,-4.691353,0.090000,-4.781353
811,-9.221635,-7.859616,-10.859616,-4.859616,informed,none,0.000000,3,27.445998,-0.218907,0.090000,-0.308907
812,-10.261166,-10.587454,-13.587454,-7.587454,price_sensitive_uninformed,none,0.000000,3,27.445998,-3.337499,0.090000,-3.427499
813,-8.680553,-8.666521,-11.666521,-5.666521,price_sensitive_uninformed,none,0.000000,3,27.445998,1.404339,0.090000,1.314339
814,-8.950133,-9.423129,-12.423129,-6.423129,price_sensitive_uninformed,none,0.000000,3,27.445998,0.595600,0.090000,0.505600
815,-9.346465,-11.179119,-14.179119,-8.179119,informed,none,0.000000,3,27.445998,-0.593397,0.090000,-0.683397
816,-8.624969,-8.085225,-11.085225,-5.085225,price_sensitive_uninformed,none,0.000000,3,27.445998,1.571089,0.090000,1.481089
817,-9.233502,-8.869349,-11.869349,-5.869349,informed,none,0.000000,3,27.445998,-0.254508,0.090000,-0.344508
818,-8.971549,-9.511411,-12.511411,-6.511411,price_sensitive_uninformed,none,0.000000,3,27.445998,0.531351,0.090000,0.441351
819,-6.994011,-6.722826,-9.722826,-3.722826,informed,none,0.000000,3,27.445998,6.463966,0.090000,6.373966
820,-8.891857,-8.719493,-11.719493,-5.719493,price_sensitive_uninformed,none,0.000000,3,27.445998,0.770426,0.090000,0.680426
821,-8.928587,-7.959847,-10.959847,-4.959847,informed,none,0.000000,3,27.445998,0.660237,0.090000,0.570237
822,-8.281570,-8.537073,-11.537073,-5.537073,price_sensitive_uninformed,none,0.000000,3,27.445998,2.601287,0.090000,2.511287
823,-8.183186,-8.377091,-11.377091,-5.377091,informed,none,0.000000,3,27.445998,2.896440,0.090000,2.806440
824,-9.166605,-8.539429,-11.539429,-5.539429,informed,none,0.000000,3,27.445998,-0.053816,0.090000,-0.143816
825,-11.400666,-13.698165,-16.698165,-10.698165,price_sensitive_uninformed,none,0.000000,3,27.445998,-6.755999,0.090000,-6.845999
826,-11.985192,-13.671543,-16.671543,-10.671543,price_sensitive_uninformed,none,0.000000,3,27.445998,-8.509578,0.090000,-8.599578
827,-12.323820,-12.285062,-15.285062,-9.285062,price_sensitive_uninformed,none,0.000000,3,27.445998,-9.525461,0.090000,-9.615461
828,-12.242526,-13.217010,-16.217010,-10.217010,price_sensitive_uninformed,none,0.000000,3,27.445998,-9.281581,0.090000,-9.371581
829,-14.510916,-14.630443,-17.630443,-11.630443,price_sensitive_uninformed,none,0.000000,3,27.445998,-16.086750,0.090000,-16.176750
830,-14.045646,-14.223440,-17.223440,-11.223440,informed,none,0.000000,3,27.445998,-14.690940,0.090000,-14.780940
831,-13.691543,-15.082583,-18.082583,-12.082583,price_sensitive_uninformed,none,0.000000,3,27.445998,-13.628633,0.090000,-13.718633
832,-14.343765,-15.585694,-18.585694,-12.585694,price_sensitive_uninformed,none,0.000000,3,27.445998,-15.585298,0.090000,-15.675298
833,-12.566155,-14.212928,-17.212928,-11.212928,informed,none,0.000000,3,27.445998,-10.252467,0.090000,-10.342467
834,-13.515066,-13.504893,-16.504893,-10.504893,informed,none,0.000000,3,27.445998,-13.099199,0.090000,-13.189199
835,-13.181595,-14.258916,-17.258916,-11.258916,price_sensitive_uninformed,none,0.000000,3,27.445998,-12.098786,0.090000,-12.188786
836,-12.208604,-11.673102,-14.673102,-8.673102,price_sensitive_uninformed,none,0.000000,3,27.445998,-9.179815,0.090000,-9.269815
837,-10.730384,-10.359699,-13.359699,-7.359699,price_sensitive_uninformed,none,0.000000,3,27.445998,-4.745153,0.090000,-4.835153
838,-10.050341,-10.758650,-13.758650,-7.758650,informed,none,0.000000,3,27.445998,-2.705025,0.090000,-2.795025
839,-10.766451,-12.248339,-15.248339,-9.248339,price_sensitive_uninformed,none,0.000000,3,27.445998,-4.853355,0.090000,-4.943355
840,-10.309558,-10.689632,-13.689632,-7.689632,informed,none,0.000000,3,27.445998,-3.482675,0.090000,-3.572675
841,-8.866603,-9.010462,-12.010462,-6.010462,price_sensitive_uninformed,buy_from_mm,-6.010462,2,21.435536,3.702330,0.040000,3.662330
842,-7.991294,-5.569758,-8.569758,-2.569758,informed,none,0.000000,2,21.435536,5.452948,0.040000,5.412948
843,-8.229732,-9.315207,-12.315207,-6.315207,informed,none,0.000000,2,21.435536,4.976073,0.040000,4.936073
844,-7.712110,-7.583598,-10.583598,-4.583598,price_sensitive_uninformed,none,0.000000,2,21.435536,6.011317,0.040000,5.971317
845,-7.786238,-6.629221,-9.629221,-3.629221,informed,none,0.000000,2,21.435536,5.863060,0.040000,5.823060
846,-9.282910,-11.541561,-14.541561,-8.541561,price_sensitive_uninformed,none,0.000000,2,21.435536,2.869716,0.040000,2.829716
847,-9.888835,-10.913711,-13.913711,-7.913711,price_sensitive_uninformed,none,0.000000,2,21.435536,1.657866,0.040000,1.617866
848,-10.437842,-11.356298,-14.356298,-8.356298,informed,none,0.000000,2,21.435536,0.559853,0.040000,0.519853
849,-11.884748,-13.600963,-16.600963,-10.600963,informed,none,0.000000,2,21.435536,-2.333960,0.040000,-2.373960
850,-10.732889,-9.579390,-12.579390,-6.579390,informed,none,0.000000,2,21.435536,-0.030242,0.040000,-0.070242
851,-10.688527,-11.895821,-14.895821,-8.895821,informed,none,0.000000,2,21.435536,0.058482,0.040000,0.018482
852,-10.090657,-10.321788,-13.321788,-7.321788,informed,none,0.000000,2,21.435536,1.254223,0.040000,1.214223
853,-9.966583,-8.780871,-11.780871,-5.780871,price_sensitive_uninformed,none,0.000000,2,21.435536,1.502370,0.040000,1.462370
854,-10.751874,-10.243575,-13.243575,-7.243575,informed,none,0.000000,2,21.435536,-0.068211,0.040000,-0.108211
855,-12.050538,-10.584310,-13.584310,-7.584310,price_sensitive_uninformed,none,0.000000,2,21.435536,-2.665540,0.040000,-2.705540
856,-12.709411,-12.123047,-15.123047,-9.123047,price_sensitive_uninformed,none,0.000000,2,21.435536,-3.983285,0.040000,-4.023285
857,-14.109204,-13.875074,-16.875074,-10.875074,informed,none,0.000000,2,21.435536,-6.782873,0.040000,-6.822873
858,-14.023667,-15.884592,-18.884592,-12.884592,price_sensitive_uninformed,none,0.000000,2,21.435536,-6.611799,0.040000,-6.651799
859,-13.529891,-13.559876,-16.559876,-10.559876,informed,none,0.000000,2,21.435536,-5.624245,0.040000,-5.664245
860,-13.471151,-13.471999,-16.471999,-10.471999,price_sensitive_uninformed,none,0.000000,2,21.435536,-5.506765,0.040000,-5.546765
861,-14.226956,-13.380501,-16.380501,-10.380501,price_sensitive_uninformed,none,0.000000,2,21.435536,-7.018377,0.040000,-7.058377
862,-15.414691,-15.724119,-18.724119,-12.724119,price_sensitive_uninformed,none,0.000000,2,21.435536,-9.393845,0.040000,-9.433845
863,-16.472930,-15.102095,-18.102095,-12.102095,price_sensitive_uninformed,none,0.000000,2,21.435536,-11.510324,0.040000,-11.550324
864,-15.419810,-15.543228,-18.543228,-12.543228,price_sensitive_uninformed,none,0.000000,2,21.435536,-9.404083,0.040000,-9.444083
865,-13.329941,-15.672433,-18.672433,-12.672433,informed,none,0.000000,2,21.435536,-5.224345,0.040000,-5.264345
866,-13.346454,-13.006614,-16.006614,-10.006614,informed,none,0.000000,2,21.435536,-5.257371,0.040000,-5.297371
867,-12.833749,-13.337792,-16.337792,-10.337792,price_sensitive_uninformed,none,0.000000,2,21.435536,-4.231963,0.040000,-4.271963
868,-12.077925,-12.232518,-15.232518,-9.232518,price_sensitive_uninformed,none,0.000000,2,21.435536,-2.720314,0.040000,-2.760314
869,-11.425839,-10.946839,-13.946839,-7.946839,price_sensitive_uninformed,none,0.000000,2,21.435536,-1.416142,0.040000,-1.456142
870,-10.605426,-12.485847,-15.485847,-9.485847,price_sensitive_uninformed,none,0.000000,2,21.435536,0.224684,0.040000,0.184684
871,-8.719051,-8.280129,-11.280129,-5.280129,informed,none,0.000000,2,21.435536,3.997433,0.040000,3.957433
872,-10.542613,-10.331498,-13.331498,-7.331498,informed,none,0.000000,2,21.435536,0.350311,0.040000,0.310311
873,-11.450547,-10.397907,-13.397907,-7.397907,price_sensitive_uninformed,none,0.000000,2,21.435536,-1.465558,0.040000,-1.505558
874,-11.889927,-12.663390,-15.663390,-9.663390,price_sensitive_uninformed,none,0.000000,2,21.435536,-2.344318,0.040000,-2.384318
875,-12.366871,-11.764201,-14.764201,-8.764201,price_sensitive_uninformed,none,0.000000,2,21.435536,-3.298205,0.040000,-3.338205
876,-13.360737,-13.860078,-16.860078,-10.860078,price_sensitive_uninformed,none,0.000000,2,21.435536,-5.285937,0.040000,-5.325937
877,-11.957290,-13.163371,-16.163371,-10.163371,informed,none,0.000000,2,21.435536,-2.479045,0.040000,-2.519045
878,-11.532251,-11.948805,-14.948805,-8.948805,informed,none,0.000000,2,21.435536,-1.628965,0.040000,-1.668965
879,-11.926522,-11.649407,-14.649407,-8.649407,price_sensitive_uninformed,none,0.000000,2,21.435536,-2.417507,0.040000,-2.457507
880,-12.773082,-13.267916,-16.267916,-10.267916,price_sensitive_uninformed,none,0.000000,2,21.435536,-4.110627,0.040000,-4.150627
881,-13.393344,-13.398114,-16.398114,-10.398114,price_sensitive_uninformed,none,0.000000,2,21.435536,-5.351152,0.040000,-5.391152
882,-13.874579,-14.612576,-17.612576,-11.612576,price_sensitive_uninformed,buy_from_mm,-11.612576,1,9.822960,-4.051619,0.010000,-4.061619
883,-13.775126,-14.264806,-17.264806,-11.264806,price_sensitive_uninformed,none,0.000000,1,9.822960,-3.952166,0.010000,-3.962166
884,-13.378086,-13.795948,-16.795948,-10.795948,price_sensitive_uninformed,none,0.000000,1,9.822960,-3.555126,0.010000,-3.565126
885,-12.601479,-15.505390,-18.505390,-12.505390,price_sensitive_uninformed,none,0.000000,1,9.822960,-2.778519,0.010000,-2.788519
886,-12.217585,-10.645379,-13.645379,-7.645379,price_sensitive_uninformed,none,0.000000,1,9.822960,-2.394626,0.010000,-2.404626
887,-12.854261,-12.381188,-15.381188,-9.381188,price_sensitive_uninformed,none,0.000000,1,9.822960,-3.031302,0.010000,-3.041302
888,-13.599424,-13.070867,-16.070867,-10.070867,price_sensitive_uninformed,none,0.000000,1,9.822960,-3.776465,0.010000,-3.786465
889,-13.359744,-12.884669,-15.884669,-9.884669,informed,none,0.000000,1,9.822960,-3.536784,0.010000,-3.546784
890,-11.685663,-12.316047,-15.316047,-9.316047,price_sensitive_uninformed,none,0.000000,1,9.822960,-1.862704,0.010000,-1.872704
891,-11.568483,-13.085530,-16.085530,-10.085530,price_sensitive_uninformed,none,0.000000,1,9.822960,-1.745524,0.010000,-1.755524
892,-12.430949,-12.264673,-15.264673,-9.264673,price_sensitive_uninformed,none,0.000000,1,9.822960,-2.607990,0.010000,-2.617990
893,-12.182707,-12.499669,-15.499669,-9.499669,price_sensitive_uninformed,none,0.000000,1,9.822960,-2.359747,0.010000,-2.369747
894,-10.296918,-10.296926,-13.296926,-7.296926,price_sensitive_uninformed,none,0.000000,1,9.822960,-0.473959,0.010000,-0.483959
895,-11.662451,-12.507777,-15.507777,-9.507777,price_sensitive_uninformed,none,0.000000,1,9.822960,-1.839491,0.010000,-1.849491
896,-13.443222,-14.333447,-17.333447,-11.333447,informed,none,0.000000,1,9.822960,-3.620262,0.010000,-3.630262
897,-12.743327,-14.064353,-17.064353,-11.064353,price_sensitive_uninformed,none,0.000000,1,9.822960,-2.920367,0.010000,-2.930367
898,-14.453017,-13.742753,-16.742753,-10.742753,price_sensitive_uninformed,none,0.000000,1,9.822960,-4.630057,0.010000,-4.640057
899,-16.401841,-16.985454,-19.985454,-13.985454,price_sensitive_uninformed,none,0.000000,1,9.822960,-6.578881,0.010000,-6.588881
900,-16.720727,-17.162023,-20.162023,-14.162023,price_sensitive_uninformed,none,0.000000,1,9.822960,-6.897767,0.010000,-6.907767
901,-16.172663,-17.516545,-20.516545,-14.516545,informed,none,0.000000,1,9.822960,-6.349703,0.010000,-6.359703
902,-15.782643,-14.779688,-17.779688,-11.779688,informed,none,0.000000,1,9.822960,-5.959684,0.010000,-5.969684
903,-16.040520,-15.785061,-18.785061,-12.785061,informed,none,0.000000,1,9.822960,-6.217560,0.010000,-6.227560
904,-15.208474,-15.793229,-18.793229,-12.793229,informed,none,0.000000,1,9.822960,-5.385514,0.010000,-5.395514
905,-14.050799,-14.522224,-17.522224,-11.522224,price_sensitive_uninformed,none,0.000000,1,9.822960,-4.227839,0.010000,-4.237839
906,-14.223334,-13.355885,-16.355885,-10.355885,price_sensitive_uninformed,none,0.000000,1,9.822960,-4.400374,0.010000,-4.410374
907,-13.918000,-14.827880,-17.827880,-11.827880,price_sensitive_uninformed,none,0.000000,1,9.822960,-4.095040,0.010000,-4.105040
908,-12.670174,-13.264692,-16.264692,-10.264692,informed,none,0.000000,1,9.822960,-2.847214,0.010000,-2.857214
909,-11.951059,-12.070609,-15.070609,-9.070609,price_sensitive_uninformed,none,0.000000,1,9.822960,-2.128099,0.010000,-2.138099
910,-12.569990,-13.091187,-16.091187,-10.091187,price_sensitive_uninformed,none,0.000000,1,9.822960,-2.747030,0.010000,-2.757030
911,-12.242880,-11.484949,-14.484949,-8.484949,informed,none,0.000000,1,9.822960,-2.419920,0.010000,-2.429920
912,-12.531413,-10.445528,-13.445528,-7.445528,informed,none,0.000000,1,9.822960,-2.708453,0.010000,-2.718453
913,-13.066889,-13.423283,-16.423283,-10.423283,price_sensitive_uninformed,none,0.000000,1,9.822960,-3.243930,0.010000,-3.253930
914,-12.898694,-10.912071,-13.912071,-7.912071,price_sensitive_uninformed,none,0.000000,1,9.822960,-3.075734,0.010000,-3.085734
915,-12.667757,-11.299239,-14.299239,-8.299239,price_sensitive_uninformed,none,0.000000,1,9.822960,-2.844798,0.010000,-2.854798
916,-12.441566,-11.629171,-14.629171,-8.629171,price_sensitive_uninformed,none,0.000000,1,9.822960,-2.618606,0.010000,-2.628606
917,-11.365524,-12.023917,-15.023917,-9.023917,price_sensitive_uninformed,none,0.000000,1,9.822960,-1.542564,0.010000,-1.552564
918,-12.230193,-12.834735,-15.834735,-9.834735,price_sensitive_uninformed,none,0.000000,1,9.822960,-2.407233,0.010000,-2.417233
919,-11.132320,-11.726553,-14.726553,-8.726553,price_sensitive_uninformed,none,0.000000,1,9.822960,-1.309360,0.010000,-1.319360
920,-11.463903,-11.997705,-14.997705,-8.997705,informed,none,0.000000,1,9.822960,-1.640943,0.010000,-1.650943
921,-11.878370,-10.616262,-13.616262,-7.616262,price_sensitive_uninformed,none,0.000000,1,9.822960,-2.055411,0.010000,-2.065411
922,-10.937712,-10.617918,-13.617918,-7.617918,price_sensitive_uninformed,none,0.000000,1,9.822960,-1.114752,0.010000,-1.124752
923,-10.403228,-10.317037,-13.317037,-7.317037,price_sensitive_uninformed,none,0.000000,1,9.822960,-0.580269,0.010000,-0.590269
924,-10.329588,-9.523082,-12.523082,-6.523082,informed,none,0.000000,1,9.822960,-0.506628,0.010000,-0.516628
925,-8.477081,-9.085127,-12.085127,-6.085127,informed,none,0.000000,1,9.822960,1.345879,0.010000,1.335879
926,-7.789549,-9.247415,-12.247415,-6.247415,price_sensitive_uninformed,none,0.000000,1,9.822960,2.033411,0.010000,2.023411
927,-8.637311,-8.329866,-11.329866,-5.329866,price_sensitive_uninformed,none,0.000000,1,9.822960,1.185649,0.010000,1.175649
928,-8.103518,-7.693175,-10.693175,-4.693175,informed,none,0.000000,1,9.822960,1.719442,0.010000,1.709442
929,-9.107135,-9.563312,-12.563312,-6.563312,informed,none,0.000000,1,9.822960,0.715824,0.010000,0.705824
930,-10.100216,-8.637026,-11.637026,-5.637026,informed,none,0.000000,1,9.822960,-0.277256,0.010000,-0.287256
931,-8.787155,-8.572981,-11.572981,-5.572981,price_sensitive_uninformed,none,0.000000,1,9.822960,1.035805,0.010000,1.025805
932,-7.351527,-6.563996,-9.563996,-3.563996,informed,none,0.000000,1,9.822960,2.471433,0.010000,2.461433
933,-7.195080,-6.745979,-9.745979,-3.745979,informed,none,0.000000,1,9.822960,2.627880,0.010000,2.617880
934,-5.374010,-4.891250,-7.891250,-1.891250,price_sensitive_uninformed,none,0.000000,1,9.822960,4.448950,0.010000,4.438950
935,-5.457950,-5.482321,-8.482321,-2.482321,price_sensitive_uninformed,none,0.000000,1,9.822960,4.365010,0.010000,4.355010
936,-4.353389,-5.617377,-8.617377,-2.617377,price_sensitive_uninformed,none,0.000000,1,9.822960,5.469571,0.010000,5.459571
937,-3.815207,-4.464940,-7.464940,-1.464940,price_sensitive_uninformed,none,0.000000,1,9.822960,6.007753,0.010000,5.997753
938,-3.623089,-3.484792,-6.484792,-0.484792,price_sensitive_uninformed,none,0.000000,1,9.822960,6.199871,0.010000,6.189871
939,-5.494031,-5.799203,-8.799203,-2.799203,price_sensitive_uninformed,none,0.000000,1,9.822960,4.328929,0.010000,4.318929
940,-4.690375,-3.841565,-6.841565,-0.841565,price_sensitive_uninformed,none,0.000000,1,9.822960,5.132585,0.010000,5.122585
941,-5.874161,-5.601980,-8.601980,-2.601980,informed,none,0.000000,1,9.822960,3.948799,0.010000,3.938799
942,-6.376710,-6.302989,-9.302989,-3.302989,price_sensitive_uninformed,none,0.000000,1,9.822960,3.446250,0.010000,3.436250
943,-6.487914,-6.285045,-9.285045,-3.285045,price_sensitive_uninformed,none,0.000000,1,9.822960,3.335046,0.010000,3.325046
944,-6.904914,-7.982122,-10.982122,-4.982122,price_sensitive_uninformed,none,0.000000,1,9.822960,2.918046,0.010000,2.908046
945,-5.256003,-7.750101,-10.750101,-4.750101,price_sensitive_uninformed,none,0.000000,1,9.822960,4.566956,0.010000,4.556956
946,-4.288370,-2.945448,-5.945448,0.054552,price_sensitive_uninformed,none,0.000000,1,9.822960,5.534590,0.010000,5.524590
947,-5.660874,-5.853538,-8.853538,-2.853538,price_sensitive_uninformed,none,0.000000,1,9.822960,4.162085,0.010000,4.152085
948,-5.817007,-5.488884,-8.488884,-2.488884,price_sensitive_uninformed,none,0.000000,1,9.822960,4.005953,0.010000,3.995953
949,-5.473036,-4.465502,-7.465502,-1.465502,price_sensitive_uninformed,none,0.000000,1,9.822960,4.349924,0.010000,4.339924
950,-5.632294,-7.577230,-10.577230,-4.577230,informed,none,0.000000,1,9.822960,4.190666,0.010000,4.180666
951,-5.721464,-3.495255,-6.495255,-0.495255,informed,none,0.000000,1,9.822960,4.101496,0.010000,4.091496
952,-7.334325,-7.824388,-10.824388,-4.824388,informed,none,0.000000,1,9.822960,2.488635,0.010000,2.478635
953,-6.791470,-4.564694,-7.564694,-1.564694,price_sensitive_uninformed,none,0.000000,1,9.822960,3.031490,0.010000,3.021490
954,-5.354318,-4.585213,-7.585213,-1.585213,price_sensitive_uninformed,none,0.000000,1,9.822960,4.468642,0.010000,4.458642
955,-3.540171,-4.860769,-7.860769,-1.860769,price_sensitive_uninformed,none,0.000000,1,9.822960,6.282789,0.010000,6.272789
956,-2.639110,-0.772211,-3.772211,2.227789,price_sensitive_uninformed,none,0.000000,1,9.822960,7.183849,0.010000,7.173849
957,-2.831884,-4.881500,-7.881500,-1.881500,price_sensitive_uninformed,none,0.000000,1,9.822960,6.991075,0.010000,6.981075
958,-1.065859,-1.853146,-4.853146,1.146854,informed,none,0.000000,1,9.822960,8.757100,0.010000,8.747100
959,-3.171322,-2.032549,-5.032549,0.967451,price_sensitive_uninformed,none,0.000000,1,9.822960,6.651638,0.010000,6.641638
960,-3.104659,-3.397213,-6.397213,-0.397213,price_sensitive_uninformed,none,0.000000,1,9.822960,6.718301,0.010000,6.708301
961,-3.114592,-3.571694,-6.571694,-0.571694,price_sensitive_uninformed,none,0.000000,1,9.822960,6.708368,0.010000,6.698368
962,-3.575179,-3.641683,-6.641683,-0.641683,informed,none,0.000000,1,9.822960,6.247781,0.010000,6.237781
963,-4.899108,-5.456023,-8.456023,-2.456023,informed,none,0.000000,1,9.822960,4.923852,0.010000,4.913852
964,-5.358657,-5.852653,-8.852653,-2.852653,price_sensitive_uninformed,none,0.000000,1,9.822960,4.464302,0.010000,4.454302
965,-4.390215,-3.790363,-6.790363,-0.790363,price_sensitive_uninformed,none,0.000000,1,9.822960,5.432745,0.010000,5.422745
966,-3.703755,-3.129349,-6.129349,-0.129349,informed,none,0.000000,1,9.822960,6.119205,0.010000,6.109205
967,-3.583376,-4.227484,-7.227484,-1.227484,price_sensitive_uninformed,none,0.000000,1,9.822960,6.239584,0.010000,6.229584
968,-3.951181,-4.883755,-7.883755,-1.883755,informed,none,0.000000,1,9.822960,5.871779,0.010000,5.861779
969,-5.292603,-6.480532,-9.480532,-3.480532,informed,none,0.000000,1,9.822960,4.530357,0.010000,4.520357
970,-4.652127,-5.384144,-8.384144,-2.384144,price_sensitive_uninformed,none,0.000000,1,9.822960,5.170833,0.010000,5.160833
971,-4.027321,-3.569760,-6.569760,-0.569760,informed,none,0.000000,1,9.822960,5.795638,0.010000,5.785638
972,-3.486390,-3.497190,-6.497190,-0.497190,price_sensitive_uninformed,none,0.000000,1,9.822960,6.336570,0.010000,6.326570
973,-2.766928,-3.066055,-6.066055,-0.066055,informed,none,0.000000,1,9.822960,7.056032,0.010000,7.046032
974,-3.517482,-3.410570,-6.410570,-0.410570,price_sensitive_uninformed,none,0.000000,1,9.822960,6.305478,0.010000,6.295478
975,-3.965845,-3.267534,-6.267534,-0.267534,informed,none,0.000000,1,9.822960,5.857115,0.010000,5.847115
976,-4.019935,-3.017848,-6.017848,-0.017848,price_sensitive_uninformed,none,0.000000,1,9.822960,5.803025,0.010000,5.793025
977,-0.385253,0.283652,-2.716348,3.283652,informed,none,0.000000,1,9.822960,9.437707,0.010000,9.427707
978,-1.235510,-2.668618,-5.668618,0.331382,informed,none,0.000000,1,9.822960,8.587449,0.010000,8.577449
979,-2.972293,-2.874677,-5.874677,0.125323,informed,none,0.000000,1,9.822960,6.850666,0.010000,6.840666
980,-3.922972,-4.869865,-7.869865,-1.869865,price_sensitive_uninformed,none,0.000000,1,9.822960,5.899988,0.010000,5.889988
981,-2.169708,-4.032174,-7.032174,-1.032174,price_sensitive_uninformed,none,0.000000,1,9.822960,7.653252,0.010000,7.643252
982,-2.078565,-3.105292,-6.105292,-0.105292,price_sensitive_uninformed,none,0.000000,1,9.822960,7.744395,0.010000,7.734395
983,-1.425541,-1.294411,-4.294411,1.705589,price_sensitive_uninformed,none,0.000000,1,9.822960,8.397418,0.010000,8.387418
984,-2.735326,-3.462025,-6.462025,-0.462025,informed,none,0.000000,1,9.822960,7.087634,0.010000,7.077634
985,-1.733882,-2.900443,-5.900443,0.099557,price_sensitive_uninformed,none,0.000000,1,9.822960,8.089077,0.010000,8.079077
986,-2.474037,-3.732757,-6.732757,-0.732757,price_sensitive_uninformed,none,0.000000,1,9.822960,7.348923,0.010000,7.338923
987,-0.662575,-0.480309,-3.480309,2.519691,price_sensitive_uninformed,none,0.000000,1,9.822960,9.160385,0.010000,9.150385
988,-3.318369,-3.466271,-6.466271,-0.466271,price_sensitive_uninformed,none,0.000000,1,9.822960,6.504591,0.010000,6.494591
989,-3.159415,-3.169753,-6.169753,-0.169753,price_sensitive_uninformed,none,0.000000,1,9.822960,6.663545,0.010000,6.653545
990,-2.342286,-3.063978,-6.063978,-0.063978,informed,none,0.000000,1,9.822960,7.480673,0.010000,7.470673
991,-2.020897,-2.202038,-5.202038,0.797962,price_sensitive_uninformed,none,0.000000,1,9.822960,7.802063,0.010000,7.792063
992,-1.553260,-0.485840,-3.485840,2.514160,informed,none,0.000000,1,9.822960,8.269700,0.010000,8.259700
993,-0.657636,-3.276566,-6.276566,-0.276566,informed,none,0.000000,1,9.822960,9.165324,0.010000,9.155324
994,-2.544344,-2.209708,-5.209708,0.790292,informed,none,0.000000,1,9.822960,7.278616,0.010000,7.268616
995,0.485216,-0.078704,-3.078704,2.921296,price_sensitive_uninformed,none,0.000000,1,9.822960,10.308175,0.010000,10.298175
996,-0.205952,0.749896,-2.250104,3.749896,informed,none,0.000000,1,9.822960,9.617008,0.010000,9.607008
997,-0.373877,-0.327062,-3.327062,2.672938,informed,none,0.000000,1,9.822960,9.449082,0.010000,9.439082
998,0.590482,1.378063,-1.621937,4.378063,informed,none,0.000000,1,9.822960,10.413441,0.010000,10.403441
999,0.318242,0.304475,-2.695525,3.304475,price_sensitive_uninformed,none,0.000000,1,9.822960,10.141202,0.010000,10.131202
1000,-0.634345,-0.340053,-3.340053,2.659947,informed,none,0.000000,1,9.822960,9.188615,0.010000,9.178615
1001,-0.241626,0.120838,-2.879162,3.120838,informed,none,0.000000,1,9.822960,9.581334,0.010000,9.571334
1002,-0.155840,-1.273143,-4.273143,1.726857,price_sensitive_uninformed,none,0.000000,1,9.822960,9.667120,0.010000,9.657120
1003,0.225918,0.650601,-2.349399,3.650601,price_sensitive_uninformed,none,0.000000,1,9.822960,10.048878,0.010000,10.038878
1004,0.190120,1.428483,-1.571517,4.428483,informed,none,0.000000,1,9.822960,10.013080,0.010000,10.003080
1005,-0.624121,-0.999151,-3.999151,2.000849,price_sensitive_uninformed,none,0.000000,1,9.822960,9.198839,0.010000,9.188839
1006,-1.411635,-1.338186,-4.338186,1.661814,price_sensitive_uninformed,none,0.000000,1,9.822960,8.411325,0.010000,8.401325
1007,0.422273,-0.591744,-3.591744,2.408256,price_sensitive_uninformed,none,0.000000,1,9.822960,10.245233,0.010000,10.235233
1008,1.326288,2.325695,-0.674305,5.325695,informed,none,0.000000,1,9.822960,11.149247,0.010000,11.139247
1009,1.852795,1.128103,-1.871897,4.128103,price_sensitive_uninformed,none,0.000000,1,9.822960,11.675755,0.010000,11.665755
1010,2.424424,3.510893,0.510893,6.510893,price_sensitive_uninformed,none,0.000000,1,9.822960,12.247384,0.010000,12.237384
1011,1.435328,1.146835,-1.853165,4.146835,informed,none,0.000000,1,9.822960,11.258287,0.010000,11.248287
1012,1.472480,0.947643,-2.052357,3.947643,informed,none,0.000000,1,9.822960,11.295440,0.010000,11.285440
1013,1.020952,0.521459,-2.478541,3.521459,price_sensitive_uninformed,none,0.000000,1,9.822960,10.843912,0.010000,10.833912
1014,1.526662,1.350088,-1.649912,4.350088,informed,none,0.000000,1,9.822960,11.349622,0.010000,11.339622
1015,0.918031,0.124312,-2.875688,3.124312,informed,none,0.000000,1,9.822960,10.740991,0.010000,10.730991
1016,0.812208,0.379792,-2.620208,3.379792,price_sensitive_uninformed,none,0.000000,1,9.822960,10.635167,0.010000,10.625167
1017,1.048527,1.337862,-1.662138,4.337862,price_sensitive_uninformed,none,0.000000,1,9.822960,10.871487,0.010000,10.861487
1018,2.407410,1.378030,-1.621970,4.378030,price_sensitive_uninformed,none,0.000000,1,9.822960,12.230370,0.010000,12.220370
1019,3.450219,4.199323,1.199323,7.199323,price_sensitive_uninformed,none,0.000000,1,9.822960,13.273179,0.010000,13.263179
1020,4.124470,4.969928,1.969928,7.969928,informed,none,0.000000,1,9.822960,13.947429,0.010000,13.937429
1021,3.800065,3.147469,0.147469,6.147469,informed,none,0.000000,1,9.822960,13.623024,0.010000,13.613024
1022,3.918224,5.291362,2.291362,8.291362,informed,none,0.000000,1,9.822960,13.741184,0.010000,13.731184
1023,3.658638,4.384101,1.384101,7.384101,informed,none,0.000000,1,9.822960,13.481597,0.010000,13.471597
1024,4.855493,5.131609,2.131609,8.131609,informed,none,0.000000,1,9.822960,14.678453,0.010000,14.668453
1025,6.174316,7.538719,4.538719,10.538719,price_sensitive_uninformed,none,0.000000,1,9.822960,15.997276,0.010000,15.987276
1026,5.560641,5.412910,2.412910,8.412910,price_sensitive_uninformed,none,0.000000,1,9.822960,15.383600,0.010000,15.373600
1027,3.710710,2.536522,-0.463478,5.536522,price_sensitive_uninformed,none,0.000000,1,9.822960,13.533669,0.010000,13.523669
1028,2.791843,5.247568,2.247568,8.247568,informed,none,0.000000,1,9.822960,12.614803,0.010000,12.604803
1029,3.265912,4.761278,1.761278,7.761278,price_sensitive_uninformed,buy_from_mm,7.761278,0,17.584238,17.584238,0.000000,17.584238
1030,3.607834,4.046274,1.046274,7.046274,informed,none,0.000000,0,17.584238,17.584238,0.000000,17.584238
1031,3.768753,5.062063,2.062063,8.062063,price_sensitive_uninformed,none,0.000000,0,17.584238,17.584238,0.000000,17.584238
1032,4.820074,6.121018,3.121018,9.121018,informed,none,0.000000,0,17.584238,17.584238,0.000000,17.584238
1033,4.573790,5.301485,2.301485,8.301485,price_sensitive_uninformed,none,0.000000,0,17.584238,17.584238,0.000000,17.584238
1034,2.938148,4.493474,1.493474,7.493474,informed,none,0.000000,0,17.584238,17.584238,0.000000,17.584238
1035,4.248254,3.600588,0.600588,6.600588,price_sensitive_uninformed,none,0.000000,0,17.584238,17.584238,0.000000,17.584238
1036,3.746717,5.013237,2.013237,8.013237,price_sensitive_uninformed,none,0.000000,0,17.584238,17.584238,0.000000,17.584238
1037,3.760475,4.896763,1.896763,7.896763,price_sensitive_uninformed,none,0.000000,0,17.584238,17.584238,0.000000,17.584238
1038,3.291164,4.594629,1.594629,7.594629,price_sensitive_uninformed,none,0.000000,0,17.584238,17.584238,0.000000,17.584238
1039,3.331077,2.911309,-0.088691,5.911309,price_sensitive_uninformed,none,0.000000,0,17.584238,17.584238,0.000000,17.584238
1040,3.396079,4.589503,1.589503,7.589503,price_sensitive_uninformed,none,0.000000,0,17.584238,17.584238,0.000000,17.584238
1041,2.307908,3.707433,0.707433,6.707433,price_sensitive_uninformed,none,0.000000,0,17.584238,17.584238,0.000000,17.584238
1042,1.855889,2.686749,-0.313251,5.686749,price_sensitive_uninformed,none,0.000000,0,17.584238,17.584238,0.000000,17.584238
1043,3.414590,3.078261,0.078261,6.078261,price_sensitive_uninformed,none,0.000000,0,17.584238,17.584238,0.000000,17.584238
1044,2.829836,3.720133,0.720133,6.720133,informed,none,0.000000,0,17.584238,17.584238,0.000000,17.584238
1045,2.366429,3.494988,0.494988,6.494988,informed,none,0.000000,0,17.584238,17.584238,0.000000,17.584238
1046,1.897917,1.154559,-1.845441,4.154559,price_sensitive_uninformed,none,0.000000,0,17.584238,17.584238,0.000000,17.584238
1047,2.164731,1.929905,-1.070095,4.929905,price_sensitive_uninformed,none,0.000000,0,17.584238,17.584238,0.000000,17.584238
1048,1.628947,1.277043,-1.722957,4.277043,informed,none,0.000000,0,17.584238,17.584238,0.000000,17.584238
1049,1.744586,1.325288,-1.674712,4.325288,informed,none,0.000000,0,17.584238,17.584238,0.000000,17.584238
1050,0.657392,1.495305,-1.504695,4.495305,informed,none,0.000000,0,17.584238,17.584238,0.000000,17.584238
1051,1.575818,2.192769,-0.807231,5.192769,price_sensitive_uninformed,none,0.000000,0,17.584238,17.584238,0.000000,17.584238
1052,1.973658,2.074162,-0.925838,5.074162,price_sensitive_uninformed,none,0.000000,0,17.584238,17.584238,0.000000,17.584238
1053,3.143830,2.596333,-0.403667,5.596333,price_sensitive_uninformed,none,0.000000,0,17.584238,17.584238,0.000000,17.584238
1054,2.184851,1.334505,-1.665495,4.334505,price_sensitive_uninformed,none,0.000000,0,17.584238,17.584238,0.000000,17.584238
1055,1.280487,1.738563,-1.261437,4.738563,price_sensitive_uninformed,none,0.000000,0,17.584238,17.584238,0.000000,17.584238
1056,3.598040,2.599673,-0.400327,5.599673,informed,none,0.000000,0,17.584238,17.584238,0.000000,17.584238
1057,4.581008,6.312751,3.312751,9.312751,price_sensitive_uninformed,none,0.000000,0,17.584238,17.584238,0.000000,17.584238
1058,5.452215,5.667757,2.667757,8.667757,informed,none,0.000000,0,17.584238,17.584238,0.000000,17.584238
1059,5.120015,5.286660,2.286660,8.286660,price_sensitive_uninformed,none,0.000000,0,17.584238,17.584238,0.000000,17.584238
1060,6.570857,8.692363,5.692363,11.692363,informed,none,0.000000,0,17.584238,17.584238,0.000000,17.584238
1061,4.418887,4.053407,1.053407,7.053407,informed,none,0.000000,0,17.584238,17.584238,0.000000,17.584238
1062,4.477982,5.055539,2.055539,8.055539,informed,none,0.000000,0,17.584238,17.584238,0.000000,17.584238
1063,3.548897,3.375781,0.375781,6.375781,price_sensitive_uninformed,none,0.000000,0,17.584238,17.584238,0.000000,17.584238
1064,5.340005,5.704217,2.704217,8.704217,informed,none,0.000000,0,17.584238,17.584238,0.000000,17.584238
1065,5.965659,4.934671,1.934671,7.934671,informed,none,0.000000,0,17.584238,17.584238,0.000000,17.584238
1066,7.341044,7.089666,4.089666,10.089666,price_sensitive_uninformed,none,0.000000,0,17.584238,17.584238,0.000000,17.584238
1067,6.533653,6.699824,3.699824,9.699824,price_sensitive_uninformed,none,0.000000,0,17.584238,17.584238,0.000000,17.584238
1068,8.253859,7.628148,4.628148,10.628148,price_sensitive_uninformed,none,0.000000,0,17.584238,17.584238,0.000000,17.584238
1069,7.233257,7.508129,4.508129,10.508129,informed,none,0.000000,0,17.584238,17.584238,0.000000,17.584238
1070,7.277019,9.082194,6.082194,12.082194,price_sensitive_uninformed,none,0.000000,0,17.584238,17.584238,0.000000,17.584238
1071,7.462467,8.721405,5.721405,11.721405,informed,none,0.000000,0,17.584238,17.584238,0.000000,17.584238
1072,7.733193,6.460400,3.460400,9.460400,informed,none,0.000000,0,17.584238,17.584238,0.000000,17.584238
1073,8.453757,8.974146,5.974146,11.974146,informed,none,0.000000,0,17.584238,17.584238,0.000000,17.584238
1074,7.336779,7.695724,4.695724,10.695724,price_sensitive_uninformed,none,0.000000,0,17.584238,17.584238,0.000000,17.584238
1075,8.333059,7.739283,4.739283,10.739283,price_sensitive_uninformed,none,0.000000,0,17.584238,17.584238,0.000000,17.584238
1076,9.313854,8.283620,5.283620,11.283620,price_sensitive_uninformed,none,0.000000,0,17.584238,17.584238,0.000000,17.584238
1077,9.182298,7.800176,4.800176,10.800176,price_sensitive_uninformed,none,0.000000,0,17.584238,17.584238,0.000000,17.584238
1078,9.215216,9.271830,6.271830,12.271830,price_sensitive_uninformed,none,0.000000,0,17.584238,17.584238,0.000000,17.584238
1079,9.665550,9.506233,6.506233,12.506233,informed,none,0.000000,0,17.584238,17.584238,0.000000,17.584238
1080,9.756787,9.737452,6.737452,12.737452,price_sensitive_uninformed,none,0.000000,0,17.584238,17.584238,0.000000,17.584238
1081,8.654234,9.512410,6.512410,12.512410,price_sensitive_uninformed,none,0.000000,0,17.584238,17.584238,0.000000,17.584238
1082,7.996192,8.759092,5.759092,11.759092,price_sensitive_uninformed,none,0.000000,0,17.584238,17.584238,0.000000,17.584238
1083,8.788231,7.498692,4.498692,10.498692,informed,none,0.000000,0,17.584238,17.584238,0.000000,17.584238
1084,9.625822,11.318759,8.318759,14.318759,price_sensitive_uninformed,none,0.000000,0,17.584238,17.584238,0.000000,17.584238
1085,9.413549,11.648015,8.648015,14.648015,price_sensitive_uninformed,none,0.000000,0,17.584238,17.584238,0.000000,17.584238
1086,8.997819,7.550977,4.550977,10.550977,price_sensitive_uninformed,none,0.000000,0,17.584238,17.584238,0.000000,17.584238
1087,7.361285,9.114843,6.114843,12.114843,informed,none,0.000000,0,17.584238,17.584238,0.000000,17.584238
1088,8.410290,8.576031,5.576031,11.576031,price_sensitive_uninformed,none,0.000000,0,17.584238,17.584238,0.000000,17.584238
1089,7.643102,7.674666,4.674666,10.674666,informed,none,0.000000,0,17.584238,17.584238,0.000000,17.584238
1090,8.416509,9.456629,6.456629,12.456629,informed,none,0.000000,0,17.584238,17.584238,0.000000,17.584238
1091,8.658776,10.703230,7.703230,13.703230,price_sensitive_uninformed,none,0.000000,0,17.584238,17.584238,0.000000,17.584238
1092,8.550266,8.747688,5.747688,11.747688,price_sensitive_uninformed,none,0.000000,0,17.584238,17.584238,0.000000,17.584238
1093,8.297340,8.089945,5.089945,11.089945,price_sensitive_uninformed,none,0.000000,0,17.584238,17.584238,0.000000,17.584238
1094,7.276457,8.111764,5.111764,11.111764,informed,none,0.000000,0,17.584238,17.584238,0.000000,17.584238
1095,7.464674,7.795254,4.795254,10.795254,informed,none,0.000000,0,17.584238,17.584238,0.000000,17.584238
1096,8.077481,7.561339,4.561339,10.561339,price_sensitive_uninformed,none,0.000000,0,17.584238,17.584238,0.000000,17.584238
1097,8.110616,8.087814,5.087814,11.087814,informed,none,0.000000,0,17.584238,17.584238,0.000000,17.584238
1098,8.072360,8.987067,5.987067,11.987067,price_sensitive_uninformed,none,0.000000,0,17.584238,17.584238,0.000000,17.584238
1099,9.910521,10.279001,7.279001,13.279001,price_sensitive_uninformed,none,0.000000,0,17.584238,17.584238,0.000000,17.584238
1100,10.054304,11.402923,8.402923,14.402923,price_sensitive_uninformed,none,0.000000,0,17.584238,17.584238,0.000000,17.584238
1101,10.275949,8.991427,5.991427,11.991427,informed,none,0.000000,0,17.584238,17.584238,0.000000,17.584238
1102,10.663853,10.797489,7.797489,13.797489,price_sensitive_uninformed,none,0.000000,0,17.584238,17.584238,0.000000,17.584238
1103,11.224377,11.094049,8.094049,14.094049,price_sensitive_uninformed,none,0.000000,0,17.584238,17.584238,0.000000,17.584238
1104,12.359130,10.778080,7.778080,13.778080,informed,none,0.000000,0,17.584238,17.584238,0.000000,17.584238
1105,13.323240,13.623642,10.623642,16.623642,price_sensitive_uninformed,none,0.000000,0,17.584238,17.584238,0.000000,17.584238
1106,13.362478,12.831788,9.831788,15.831788,price_sensitive_uninformed,none,0.000000,0,17.584238,17.584238,0.000000,17.584238
1107,12.687890,13.105128,10.105128,16.105128,price_sensitive_uninformed,none,0.000000,0,17.584238,17.584238,0.000000,17.584238
1108,11.751924,12.414715,9.414715,15.414715,informed,none,0.000000,0,17.584238,17.584238,0.000000,17.584238
1109,10.820559,10.255283,7.255283,13.255283,price_sensitive_uninformed,none,0.000000,0,17.584238,17.584238,0.000000,17.584238
1110,10.097945,11.792670,8.792670,14.792670,price_sensitive_uninformed,none,0.000000,0,17.584238,17.584238,0.000000,17.584238
1111,11.079711,11.944403,8.944403,14.944403,informed,none,0.000000,0,17.584238,17.584238,0.000000,17.584238
1112,10.629334,9.718388,6.718388,12.718388,price_sensitive_uninformed,none,0.000000,0,17.584238,17.584238,0.000000,17.584238
1113,11.681322,10.532705,7.532705,13.532705,price_sensitive_uninformed,none,0.000000,0,17.584238,17.584238,0.000000,17.584238
1114,11.471651,12.129047,9.129047,15.129047,price_sensitive_uninformed,none,0.000000,0,17.584238,17.584238,0.000000,17.584238
1115,12.644811,11.462000,8.462000,14.462000,price_sensitive_uninformed,none,0.000000,0,17.584238,17.584238,0.000000,17.584238
1116,11.392825,11.374574,8.374574,14.374574,informed,none,0.000000,0,17.584238,17.584238,0.000000,17.584238
1117,11.399414,9.779676,6.779676,12.779676,informed,none,0.000000,0,17.584238,17.584238,0.000000,17.584238
1118,11.186737,10.906521,7.906521,13.906521,price_sensitive_uninformed,none,0.000000,0,17.584238,17.584238,0.000000,17.584238
1119,11.225299,11.243885,8.243885,14.243885,price_sensitive_uninformed,none,0.000000,0,17.584238,17.584238,0.000000,17.584238
1120,9.974759,10.433846,7.433846,13.433846,price_sensitive_uninformed,none,0.000000,0,17.584238,17.584238,0.000000,17.584238
1121,11.890813,10.703167,7.703167,13.703167,price_sensitive_uninformed,none,0.000000,0,17.584238,17.584238,0.000000,17.584238
1122,12.830917,13.246115,10.246115,16.246115,price_sensitive_uninformed,none,0.000000,0,17.584238,17.584238,0.000000,17.584238
1123,14.008647,12.556639,9.556639,15.556639,price_sensitive_uninformed,none,0.000000,0,17.584238,17.584238,0.000000,17.584238
1124,14.497501,12.896139,9.896139,15.896139,price_sensitive_uninformed,none,0.000000,0,17.584238,17.584238,0.000000,17.584238
1125,14.373046,15.955434,12.955434,18.955434,informed,none,0.000000,0,17.584238,17.584238,0.000000,17.584238
1126,15.665170,14.349297,11.349297,17.349297,price_sensitive_uninformed,none,0.000000,0,17.584238,17.584238,0.000000,17.584238
1127,16.049847,17.113243,14.113243,20.113243,informed,none,0.000000,0,17.584238,17.584238,0.000000,17.584238
1128,16.701473,16.022894,13.022894,19.022894,informed,none,0.000000,0,17.584238,17.584238,0.000000,17.584238
1129,18.153465,18.665366,15.665366,21.665366,informed,none,0.000000,0,17.584238,17.584238,0.000000,17.584238
1130,16.828566,17.499913,14.499913,20.499913,informed,none,0.000000,0,17.584238,17.584238,0.000000,17.584238
1131,15.518758,16.789951,13.789951,19.789951,informed,none,0.000000,0,17.584238,17.584238,0.000000,17.584238
1132,17.151992,17.056636,14.056636,20.056636,informed,none,0.000000,0,17.584238,17.584238,0.000000,17.584238
1133,15.684791,17.919391,14.919391,20.919391,informed,none,0.000000,0,17.584238,17.584238,0.000000,17.584238
1134,16.046226,16.532536,13.532536,19.532536,price_sensitive_uninformed,none,0.000000,0,17.584238,17.584238,0.000000,17.584238
1135,17.555258,17.136566,14.136566,20.136566,informed,none,0.000000,0,17.584238,17.584238,0.000000,17.584238
1136,19.743654,20.623960,17.623960,23.623960,informed,none,0.000000,0,17.584238,17.584238,0.000000,17.584238
1137,19.056223,18.071476,15.071476,21.071476,price_sensitive_uninformed,none,0.000000,0,17.584238,17.584238,0.000000,17.584238
1138,18.811495,18.031658,15.031658,21.031658,informed,none,0.000000,0,17.584238,17.584238,0.000000,17.584238
1139,19.939242,20.100950,17.100950,23.100950,informed,none,0.000000,0,17.584238,17.584238,0.000000,17.584238
1140,21.023147,21.924862,18.924862,24.924862,informed,none,0.000000,0,17.584238,17.584238,0.000000,17.584238
1141,20.241368,19.927248,16.927248,22.927248,informed,none,0.000000,0,17.584238,17.584238,0.000000,17.584238
1142,19.043535,18.189896,15.189896,21.189896,price_sensitive_uninformed,none,0.000000,0,17.584238,17.584238,0.000000,17.584238
1143,19.174265,21.217109,18.217109,24.217109,informed,none,0.000000,0,17.584238,17.584238,0.000000,17.584238
1144,19.352924,18.548136,15.548136,21.548136,price_sensitive_uninformed,none,0.000000,0,17.584238,17.584238,0.000000,17.584238
1145,20.091927,20.192916,17.192916,23.192916,price_sensitive_uninformed,none,0.000000,0,17.584238,17.584238,0.000000,17.584238
1146,20.426300,21.305521,18.305521,24.305521,price_sensitive_uninformed,none,0.000000,0,17.584238,17.584238,0.000000,17.584238
1147,19.136847,20.372359,17.372359,23.372359,informed,none,0.000000,0,17.584238,17.584238,0.000000,17.584238
1148,18.034968,17.487937,14.487937,20.487937,informed,none,0.000000,0,17.584238,17.584238,0.000000,17.584238
1149,18.042790,18.620025,15.620025,21.620025,price_sensitive_uninformed,none,0.000000,0,17.584238,17.584238,0.000000,17.584238
1150,17.143300,17.332617,14.332617,20.332617,price_sensitive_uninformed,none,0.000000,0,17.584238,17.584238,0.000000,17.584238
1151,17.019490,15.657109,12.657109,18.657109,price_sensitive_uninformed,none,0.000000,0,17.584238,17.584238,0.000000,17.584238
1152,18.485008,17.786879,14.786879,20.786879,price_sensitive_uninformed,buy_from_mm,20.786879,-1,38.371117,19.886108,0.010000,19.876108
1153,18.978450,18.331998,15.331998,21.331998,price_sensitive_uninformed,none,0.000000,-1,38.371117,19.392667,0.010000,19.382667
1154,18.848796,18.853221,15.853221,21.853221,price_sensitive_uninformed,none,0.000000,-1,38.371117,19.522320,0.010000,19.512320
1155,18.334180,17.732962,14.732962,20.732962,informed,none,0.000000,-1,38.371117,20.036937,0.010000,20.026937
1156,18.508684,18.014703,15.014703,21.014703,price_sensitive_uninformed,none,0.000000,-1,38.371117,19.862432,0.010000,19.852432
1157,18.468781,18.067161,15.067161,21.067161,informed,none,0.000000,-1,38.371117,19.902336,0.010000,19.892336
1158,19.010529,17.248856,14.248856,20.248856,informed,none,0.000000,-1,38.371117,19.360588,0.010000,19.350588
1159,18.411462,18.342760,15.342760,21.342760,informed,none,0.000000,-1,38.371117,19.959655,0.010000,19.949655
1160,18.362220,16.325442,13.325442,19.325442,informed,none,0.000000,-1,38.371117,20.008896,0.010000,19.998896
1161,16.951741,14.352001,11.352001,17.352001,informed,none,0.000000,-1,38.371117,21.419375,0.010000,21.409375
1162,16.187521,16.345520,13.345520,19.345520,price_sensitive_uninformed,none,0.000000,-1,38.371117,22.183596,0.010000,22.173596
1163,16.191551,17.761253,14.761253,20.761253,informed,none,0.000000,-1,38.371117,22.179565,0.010000,22.169565
1164,15.164364,16.110294,13.110294,19.110294,price_sensitive_uninformed,none,0.000000,-1,38.371117,23.206753,0.010000,23.196753
1165,15.625924,16.030290,13.030290,19.030290,informed,none,0.000000,-1,38.371117,22.745193,0.010000,22.735193
1166,15.301352,14.615434,11.615434,17.615434,price_sensitive_uninformed,none,0.000000,-1,38.371117,23.069765,0.010000,23.059765
1167,16.482671,16.125725,13.125725,19.125725,informed,none,0.000000,-1,38.371117,21.888446,0.010000,21.878446
1168,15.097345,14.463905,11.463905,17.463905,price_sensitive_uninformed,none,0.000000,-1,38.371117,23.273772,0.010000,23.263772
1169,17.004471,17.932085,14.932085,20.932085,informed,none,0.000000,-1,38.371117,21.366646,0.010000,21.356646
1170,16.650809,16.332869,13.332869,19.332869,price_sensitive_uninformed,none,0.000000,-1,38.371117,21.720308,0.010000,21.710308
1171,17.220141,14.973266,11.973266,17.973266,informed,none,0.000000,-1,38.371117,21.150975,0.010000,21.140975
1172,17.472829,15.525233,12.525233,18.525233,price_sensitive_uninformed,none,0.000000,-1,38.371117,20.898288,0.010000,20.888288
1173,15.700671,13.728652,10.728652,16.728652,price_sensitive_uninformed,none,0.000000,-1,38.371117,22.670446,0.010000,22.660446
1174,15.097362,14.165252,11.165252,17.165252,price_sensitive_uninformed,none,0.000000,-1,38.371117,23.273755,0.010000,23.263755
1175,15.109288,14.044364,11.044364,17.044364,price_sensitive_uninformed,none,0.000000,-1,38.371117,23.261829,0.010000,23.251829
1176,14.789887,16.885157,13.885157,19.885157,informed,none,0.000000,-1,38.371117,23.581230,0.010000,23.571230
1177,16.888261,17.133848,14.133848,20.133848,price_sensitive_uninformed,none,0.000000,-1,38.371117,21.482856,0.010000,21.472856
1178,14.925354,14.824727,11.824727,17.824727,price_sensitive_uninformed,sell_to_mm,11.824727,0,26.546389,26.546389,0.000000,26.546389
1179,13.242545,14.117927,11.117927,17.117927,informed,none,0.000000,0,26.546389,26.546389,0.000000,26.546389
1180,13.334285,14.522758,11.522758,17.522758,price_sensitive_uninformed,none,0.000000,0,26.546389,26.546389,0.000000,26.546389
1181,12.168835,12.785163,9.785163,15.785163,price_sensitive_uninformed,none,0.000000,0,26.546389,26.546389,0.000000,26.546389
1182,11.163846,12.724988,9.724988,15.724988,price_sensitive_uninformed,none,0.000000,0,26.546389,26.546389,0.000000,26.546389
1183,12.009038,12.529443,9.529443,15.529443,informed,none,0.000000,0,26.546389,26.546389,0.000000,26.546389
1184,11.556135,12.165504,9.165504,15.165504,price_sensitive_uninformed,none,0.000000,0,26.546389,26.546389,0.000000,26.546389
1185,12.214029,11.152633,8.152633,14.152633,price_sensitive_uninformed,none,0.000000,0,26.546389,26.546389,0.000000,26.546389
1186,11.371716,9.516732,6.516732,12.516732,price_sensitive_uninformed,none,0.000000,0,26.546389,26.546389,0.000000,26.546389
1187,11.078291,11.044118,8.044118,14.044118,informed,none,0.000000,0,26.546389,26.546389,0.000000,26.546389
1188,11.826578,12.050961,9.050961,15.050961,informed,none,0.000000,0,26.546389,26.546389,0.000000,26.546389
1189,12.012628,12.056076,9.056076,15.056076,informed,none,0.000000,0,26.546389,26.546389,0.000000,26.546389
1190,9.886960,8.554217,5.554217,11.554217,price_sensitive_uninformed,none,0.000000,0,26.546389,26.546389,0.000000,26.546389
1191,8.999860,8.231508,5.231508,11.231508,price_sensitive_uninformed,none,0.000000,0,26.546389,26.546389,0.000000,26.546389
1192,10.083869,9.038577,6.038577,12.038577,price_sensitive_uninformed,none,0.000000,0,26.546389,26.546389,0.000000,26.546389
1193,9.762000,9.346746,6.346746,12.346746,price_sensitive_uninformed,none,0.000000,0,26.546389,26.546389,0.000000,26.546389
1194,10.106935,8.738755,5.738755,11.738755,price_sensitive_uninformed,none,0.000000,0,26.546389,26.546389,0.000000,26.546389
1195,9.070376,10.112658,7.112658,13.112658,price_sensitive_uninformed,none,0.000000,0,26.546389,26.546389,0.000000,26.546389
1196,9.161775,8.253009,5.253009,11.253009,price_sensitive_uninformed,none,0.000000,0,26.546389,26.546389,0.000000,26.546389
1197,9.745932,9.940774,6.940774,12.940774,informed,none,0.000000,0,26.546389,26.546389,0.000000,26.546389
1198,9.825672,9.776448,6.776448,12.776448,informed,none,0.000000,0,26.546389,26.546389,0.000000,26.546389
1199,11.080783,11.547725,8.547725,14.547725,informed,none,0.000000,0,26.546389,26.546389,0.000000,26.546389
1200,11.551166,12.110143,9.110143,15.110143,informed,none,0.000000,0,26.546389,26.546389,0.000000,26.546389
1201,12.330783,12.274984,9.274984,15.274984,informed,none,0.000000,0,26.546389,26.546389,0.000000,26.546389
1202,12.784916,11.307409,8.307409,14.307409,price_sensitive_uninformed,none,0.000000,0,26.546389,26.546389,0.000000,26.546389
1203,12.472901,12.331900,9.331900,15.331900,price_sensitive_uninformed,none,0.000000,0,26.546389,26.546389,0.000000,26.546389
1204,12.293595,12.083774,9.083774,15.083774,price_sensitive_uninformed,none,0.000000,0,26.546389,26.546389,0.000000,26.546389
1205,11.703222,12.435123,9.435123,15.435123,informed,none,0.000000,0,26.546389,26.546389,0.000000,26.546389
1206,13.036038,13.095168,10.095168,16.095168,price_sensitive_uninformed,none,0.000000,0,26.546389,26.546389,0.000000,26.546389
1207,12.630547,11.626983,8.626983,14.626983,price_sensitive_uninformed,none,0.000000,0,26.546389,26.546389,0.000000,26.546389
1208,11.326036,11.169753,8.169753,14.169753,price_sensitive_uninformed,none,0.000000,0,26.546389,26.546389,0.000000,26.546389
1209,11.598971,12.487364,9.487364,15.487364,informed,none,0.000000,0,26.546389,26.546389,0.000000,26.546389
1210,10.763923,12.574704,9.574704,15.574704,price_sensitive_uninformed,none,0.000000,0,26.546389,26.546389,0.000000,26.546389
1211,9.678158,10.806696,7.806696,13.806696,price_sensitive_uninformed,none,0.000000,0,26.546389,26.546389,0.000000,26.546389
1212,10.126184,10.123791,7.123791,13.123791,price_sensitive_uninformed,none,0.000000,0,26.546389,26.546389,0.000000,26.546389
1213,11.648013,11.552814,8.552814,14.552814,price_sensitive_uninformed,none,0.000000,0,26.546389,26.546389,0.000000,26.546389
1214,11.843196,11.610402,8.610402,14.610402,price_sensitive_uninformed,none,0.000000,0,26.546389,26.546389,0.000000,26.546389
1215,10.737982,11.392020,8.392020,14.392020,price_sensitive_uninformed,none,0.000000,0,26.546389,26.546389,0.000000,26.546389
1216,10.004914,11.804291,8.804291,14.804291,informed,none,0.000000,0,26.546389,26.546389,0.000000,26.546389
1217,11.184105,11.902828,8.902828,14.902828,price_sensitive_uninformed,none,0.000000,0,26.546389,26.546389,0.000000,26.546389
1218,9.879158,9.181487,6.181487,12.181487,informed,none,0.000000,0,26.546389,26.546389,0.000000,26.546389
1219,8.441681,8.507926,5.507926,11.507926,informed,none,0.000000,0,26.546389,26.546389,0.000000,26.546389
1220,10.014685,10.905621,7.905621,13.905621,informed,none,0.000000,0,26.546389,26.546389,0.000000,26.546389
1221,9.855124,10.083967,7.083967,13.083967,informed,none,0.000000,0,26.546389,26.546389,0.000000,26.546389
1222,8.167820,7.640518,4.640518,10.640518,price_sensitive_uninformed,none,0.000000,0,26.546389,26.546389,0.000000,26.546389
1223,8.027981,7.897741,4.897741,10.897741,informed,none,0.000000,0,26.546389,26.546389,0.000000,26.546389
1224,8.311672,8.546402,5.546402,11.546402,price_sensitive_uninformed,none,0.000000,0,26.546389,26.546389,0.000000,26.546389
1225,6.411940,6.378742,3.378742,9.378742,price_sensitive_uninformed,none,0.000000,0,26.546389,26.546389,0.000000,26.546389
1226,5.158872,4.296194,1.296194,7.296194,price_sensitive_uninformed,none,0.000000,0,26.546389,26.546389,0.000000,26.546389
1227,6.134507,7.050819,4.050819,10.050819,informed,none,0.000000,0,26.546389,26.546389,0.000000,26.546389
1228,7.054741,7.894667,4.894667,10.894667,informed,none,0.000000,0,26.546389,26.546389,0.000000,26.546389
1229,7.012119,7.921704,4.921704,10.921704,price_sensitive_uninformed,none,0.000000,0,26.546389,26.546389,0.000000,26.546389
1230,7.411489,6.400654,3.400654,9.400654,price_sensitive_uninformed,none,0.000000,0,26.546389,26.546389,0.000000,26.546389
1231,6.994214,8.026900,5.026900,11.026900,price_sensitive_uninformed,none,0.000000,0,26.546389,26.546389,0.000000,26.546389
1232,6.712947,7.044788,4.044788,10.044788,informed,none,0.000000,0,26.546389,26.546389,0.000000,26.546389
1233,6.818993,7.134211,4.134211,10.134211,informed,none,0.000000,0,26.546389,26.546389,0.000000,26.546389
1234,6.635020,6.409117,3.409117,9.409117,price_sensitive_uninformed,sell_to_mm,3.409117,1,23.137272,29.772292,0.010000,29.762292
1235,8.079821,9.674090,6.674090,12.674090,informed,none,0.000000,1,23.137272,31.217093,0.010000,31.207093
1236,6.736887,6.822398,3.822398,9.822398,price_sensitive_uninformed,none,0.000000,1,23.137272,29.874160,0.010000,29.864160
1237,5.921511,4.598462,1.598462,7.598462,informed,none,0.000000,1,23.137272,29.058783,0.010000,29.048783
1238,5.405608,7.303036,4.303036,10.303036,informed,none,0.000000,1,23.137272,28.542881,0.010000,28.532881
1239,4.424547,5.577441,2.577441,8.577441,price_sensitive_uninformed,none,0.000000,1,23.137272,27.561820,0.010000,27.551820
1240,4.243835,4.215634,1.215634,7.215634,price_sensitive_uninformed,none,0.000000,1,23.137272,27.381107,0.010000,27.371107
1241,4.500130,4.659416,1.659416,7.659416,price_sensitive_uninformed,none,0.000000,1,23.137272,27.637402,0.010000,27.627402
1242,5.884311,5.215160,2.215160,8.215160,informed,none,0.000000,1,23.137272,29.021584,0.010000,29.011584
1243,6.121536,4.049547,1.049547,7.049547,price_sensitive_uninformed,none,0.000000,1,23.137272,29.258809,0.010000,29.248809
1244,5.577860,6.027316,3.027316,9.027316,price_sensitive_uninformed,none,0.000000,1,23.137272,28.715132,0.010000,28.705132
1245,5.275547,5.564890,2.564890,8.564890,price_sensitive_uninformed,none,0.000000,1,23.137272,28.412820,0.010000,28.402820
1246,6.755057,7.609511,4.609511,10.609511,informed,none,0.000000,1,23.137272,29.892329,0.010000,29.882329
1247,5.637399,8.552048,5.552048,11.552048,informed,none,0.000000,1,23.137272,28.774672,0.010000,28.764672
1248,5.702097,5.878824,2.878824,8.878824,price_sensitive_uninformed,none,0.000000,1,23.137272,28.839369,0.010000,28.829369
1249,4.688625,5.085159,2.085159,8.085159,price_sensitive_uninformed,none,0.000000,1,23.137272,27.825897,0.010000,27.815897
1250,5.103219,4.692949,1.692949,7.692949,informed,none,0.000000,1,23.137272,28.240492,0.010000,28.230492
1251,4.859902,6.070727,3.070727,9.070727,informed,none,0.000000,1,23.137272,27.997174,0.010000,27.987174
1252,5.889664,5.202309,2.202309,8.202309,informed,none,0.000000,1,23.137272,29.026937,0.010000,29.016937
1253,6.129639,5.849477,2.849477,8.849477,price_sensitive_uninformed,none,0.000000,1,23.137272,29.266911,0.010000,29.256911
1254,4.849889,5.992473,2.992473,8.992473,price_sensitive_uninformed,none,0.000000,1,23.137272,27.987162,0.010000,27.977162
1255,5.524174,5.864509,2.864509,8.864509,price_sensitive_uninformed,none,0.000000,1,23.137272,28.661446,0.010000,28.651446
1256,5.409937,4.598342,1.598342,7.598342,price_sensitive_uninformed,none,0.000000,1,23.137272,28.547209,0.010000,28.537209
1257,3.515526,3.038567,0.038567,6.038567,price_sensitive_uninformed,none,0.000000,1,23.137272,26.652799,0.010000,26.642799
1258,3.528819,3.976676,0.976676,6.976676,price_sensitive_uninformed,none,0.000000,1,23.137272,26.666091,0.010000,26.656091
1259,4.898955,4.977747,1.977747,7.977747,price_sensitive_uninformed,none,0.000000,1,23.137272,28.036227,0.010000,28.026227
1260,3.576938,3.847669,0.847669,6.847669,price_sensitive_uninformed,none,0.000000,1,23.137272,26.714210,0.010000,26.704210
1261,5.641804,6.026935,3.026935,9.026935,price_sensitive_uninformed,none,0.000000,1,23.137272,28.779077,0.010000,28.769077
1262,3.684004,1.901726,-1.098274,4.901726,price_sensitive_uninformed,none,0.000000,1,23.137272,26.821276,0.010000,26.811276
1263,2.845065,3.296963,0.296963,6.296963,price_sensitive_uninformed,none,0.000000,1,23.137272,25.982337,0.010000,25.972337
1264,2.058051,2.634826,-0.365174,5.634826,price_sensitive_uninformed,none,0.000000,1,23.137272,25.195324,0.010000,25.185324
1265,4.738054,4.477475,1.477475,7.477475,price_sensitive_uninformed,none,0.000000,1,23.137272,27.875326,0.010000,27.865326
1266,3.749345,4.280325,1.280325,7.280325,informed,none,0.000000,1,23.137272,26.886617,0.010000,26.876617
1267,4.453365,5.551588,2.551588,8.551588,informed,none,0.000000,1,23.137272,27.590637,0.010000,27.580637
1268,5.167930,5.019832,2.019832,8.019832,informed,none,0.000000,1,23.137272,28.305202,0.010000,28.295202
1269,5.567984,5.287529,2.287529,8.287529,informed,none,0.000000,1,23.137272,28.705256,0.010000,28.695256
1270,4.696907,3.048905,0.048905,6.048905,informed,none,0.000000,1,23.137272,27.834180,0.010000,27.824180
1271,3.255127,3.849860,0.849860,6.849860,price_sensitive_uninformed,none,0.000000,1,23.137272,26.392399,0.010000,26.382399
1272,2.327500,0.815088,-2.184912,3.815088,informed,none,0.000000,1,23.137272,25.464773,0.010000,25.454773
1273,3.118769,4.005584,1.005584,7.005584,price_sensitive_uninformed,none,0.000000,1,23.137272,26.256041,0.010000,26.246041
1274,1.914585,1.721172,-1.278828,4.721172,price_sensitive_uninformed,none,0.000000,1,23.137272,25.051858,0.010000,25.041858
1275,1.976250,0.969527,-2.030473,3.969527,price_sensitive_uninformed,none,0.000000,1,23.137272,25.113522,0.010000,25.103522
1276,-0.750899,-0.259348,-3.259348,2.740652,informed,none,0.000000,1,23.137272,22.386373,0.010000,22.376373
1277,-0.204192,-0.638452,-3.638452,2.361548,price_sensitive_uninformed,none,0.000000,1,23.137272,22.933081,0.010000,22.923081
1278,1.104449,0.859301,-2.140699,3.859301,informed,none,0.000000,1,23.137272,24.241722,0.010000,24.231722
1279,1.659361,2.165522,-0.834478,5.165522,price_sensitive_uninformed,none,0.000000,1,23.137272,24.796633,0.010000,24.786633
1280,1.763725,0.691061,-2.308939,3.691061,informed,none,0.000000,1,23.137272,24.900998,0.010000,24.890998
1281,2.995910,3.959683,0.959683,6.959683,informed,none,0.000000,1,23.137272,26.133183,0.010000,26.123183
1282,4.302414,4.036614,1.036614,7.036614,informed,none,0.000000,1,23.137272,27.439687,0.010000,27.429687
1283,3.285865,3.787605,0.787605,6.787605,informed,none,0.000000,1,23.137272,26.423137,0.010000,26.413137
1284,3.641521,3.220829,0.220829,6.220829,informed,none,0.000000,1,23.137272,26.778793,0.010000,26.768793
1285,2.050794,0.682024,-2.317976,3.682024,price_sensitive_uninformed,none,0.000000,1,23.137272,25.188067,0.010000,25.178067
1286,0.682327,2.482409,-0.517591,5.482409,informed,none,0.000000,1,23.137272,23.819599,0.010000,23.809599
1287,2.699332,2.421832,-0.578168,5.421832,price_sensitive_uninformed,none,0.000000,1,23.137272,25.836605,0.010000,25.826605
1288,1.985467,2.415233,-0.584767,5.415233,price_sensitive_uninformed,none,0.000000,1,23.137272,25.122740,0.010000,25.112740
1289,0.878306,0.920500,-2.079500,3.920500,price_sensitive_uninformed,none,0.000000,1,23.137272,24.015579,0.010000,24.005579
1290,0.963381,4.527354,1.527354,7.527354,informed,sell_to_mm,1.527354,2,21.609918,23.536681,0.040000,23.496681
1291,1.166426,2.523480,-0.476520,5.523480,price_sensitive_uninformed,none,0.000000,2,21.609918,23.942771,0.040000,23.902771
1292,-0.456215,-1.143514,-4.143514,1.856486,price_sensitive_uninformed,none,0.000000,2,21.609918,20.697488,0.040000,20.657488
1293,0.626833,-0.102889,-3.102889,2.897111,informed,none,0.000000,2,21.609918,22.863584,0.040000,22.823584
1294,0.270360,1.157449,-1.842551,4.157449,informed,none,0.000000,2,21.609918,22.150638,0.040000,22.110638
1295,2.026530,3.034293,0.034293,6.034293,price_sensitive_uninformed,none,0.000000,2,21.609918,25.662978,0.040000,25.622978
1296,1.545104,2.279997,-0.720003,5.279997,price_sensitive_uninformed,none,0.000000,2,21.609918,24.700127,0.040000,24.660127
1297,1.373199,3.079494,0.079494,6.079494,price_sensitive_uninformed,none,0.000000,2,21.609918,24.356316,0.040000,24.316316
1298,2.225261,1.636692,-1.363308,4.636692,informed,none,0.000000,2,21.609918,26.060440,0.040000,26.020440
1299,2.476404,1.824486,-1.175514,4.824486,price_sensitive_uninformed,none,0.000000,2,21.609918,26.562726,0.040000,26.522726
1300,2.395128,3.294180,0.294180,6.294180,price_sensitive_uninformed,none,0.000000,2,21.609918,26.400174,0.040000,26.360174
1301,3.781317,2.309083,-0.690917,5.309083,informed,none,0.000000,2,21.609918,29.172552,0.040000,29.132552
1302,4.319099,3.700563,0.700563,6.700563,price_sensitive_uninformed,none,0.000000,2,21.609918,30.248116,0.040000,30.208116
1303,4.240370,4.494568,1.494568,7.494568,informed,none,0.000000,2,21.609918,30.090659,0.040000,30.050659
1304,3.570340,5.142265,2.142265,8.142265,price_sensitive_uninformed,none,0.000000,2,21.609918,28.750598,0.040000,28.710598
1305,5.253781,5.527363,2.527363,8.527363,informed,none,0.000000,2,21.609918,32.117481,0.040000,32.077481
1306,4.814122,4.471877,1.471877,7.471877,informed,none,0.000000,2,21.609918,31.238163,0.040000,31.198163
1307,6.402326,8.033008,5.033008,11.033008,informed,none,0.000000,2,21.609918,34.414571,0.040000,34.374571
1308,6.750273,7.356000,4.356000,10.356000,informed,none,0.000000,2,21.609918,35.110464,0.040000,35.070464
1309,5.469213,4.767318,1.767318,7.767318,price_sensitive_uninformed,none,0.000000,2,21.609918,32.548344,0.040000,32.508344
1310,6.310443,6.603747,3.603747,9.603747,price_sensitive_uninformed,none,0.000000,2,21.609918,34.230803,0.040000,34.190803
1311,5.461586,5.035607,2.035607,8.035607,price_sensitive_uninformed,none,0.000000,2,21.609918,32.533090,0.040000,32.493090
1312,4.251028,4.518779,1.518779,7.518779,informed,none,0.000000,2,21.609918,30.111975,0.040000,30.071975
1313,2.851342,2.148623,-0.851377,5.148623,price_sensitive_uninformed,none,0.000000,2,21.609918,27.312603,0.040000,27.272603
1314,4.374275,4.670336,1.670336,7.670336,informed,none,0.000000,2,21.609918,30.358467,0.040000,30.318467
1315,4.953873,7.018425,4.018425,10.018425,price_sensitive_uninformed,none,0.000000,2,21.609918,31.517664,0.040000,31.477664
1316,2.842545,2.316269,-0.683731,5.316269,price_sensitive_uninformed,none,0.000000,2,21.609918,27.295009,0.040000,27.255009
1317,3.087677,5.178159,2.178159,8.178159,price_sensitive_uninformed,none,0.000000,2,21.609918,27.785273,0.040000,27.745273
1318,3.467742,3.961960,0.961960,6.961960,price_sensitive_uninformed,none,0.000000,2,21.609918,28.545401,0.040000,28.505401
1319,1.724674,2.164997,-0.835003,5.164997,informed,none,0.000000,2,21.609918,25.059265,0.040000,25.019265
1320,3.179246,3.349291,0.349291,6.349291,price_sensitive_uninformed,none,0.000000,2,21.609918,27.968410,0.040000,27.928410
1321,2.606901,2.242953,-0.757047,5.242953,price_sensitive_uninformed,none,0.000000,2,21.609918,26.823721,0.040000,26.783721
1322,3.469357,2.831875,-0.168125,5.831875,price_sensitive_uninformed,none,0.000000,2,21.609918,28.548632,0.040000,28.508632
1323,4.487846,4.214379,1.214379,7.214379,price_sensitive_uninformed,none,0.000000,2,21.609918,30.585611,0.040000,30.545611
1324,3.685232,4.058739,1.058739,7.058739,informed,none,0.000000,2,21.609918,28.980382,0.040000,28.940382
1325,2.942038,3.488615,0.488615,6.488615,price_sensitive_uninformed,none,0.000000,2,21.609918,27.493995,0.040000,27.453995
1326,3.051901,2.297553,-0.702447,5.297553,informed,none,0.000000,2,21.609918,27.713721,0.040000,27.673721
1327,3.056812,2.253542,-0.746458,5.253542,price_sensitive_uninformed,none,0.000000,2,21.609918,27.723542,0.040000,27.683542
1328,2.769693,2.984562,-0.015438,5.984562,price_sensitive_uninformed,none,0.000000,2,21.609918,27.149304,0.040000,27.109304
1329,1.874638,3.731977,0.731977,6.731977,price_sensitive_uninformed,none,0.000000,2,21.609918,25.359193,0.040000,25.319193
1330,2.787531,3.559468,0.559468,6.559468,price_sensitive_uninformed,none,0.000000,2,21.609918,27.184980,0.040000,27.144980
1331,1.019270,1.590665,-1.409335,4.590665,informed,none,0.000000,2,21.609918,23.648459,0.040000,23.608459
1332,-0.336006,-1.008699,-4.008699,1.991301,price_sensitive_uninformed,none,0.000000,2,21.609918,20.937905,0.040000,20.897905
1333,-1.332034,-0.984148,-3.984148,2.015852,price_sensitive_uninformed,none,0.000000,2,21.609918,18.945850,0.040000,18.905850
1334,-1.249041,-0.563211,-3.563211,2.436789,informed,none,0.000000,2,21.609918,19.111836,0.040000,19.071836
1335,-1.683664,-1.510173,-4.510173,1.489827,informed,none,0.000000,2,21.609918,18.242590,0.040000,18.202590
1336,-1.385017,-2.031893,-5.031893,0.968107,informed,none,0.000000,2,21.609918,18.839885,0.040000,18.799885
1337,-0.915747,-1.348287,-4.348287,1.651713,informed,none,0.000000,2,21.609918,19.778424,0.040000,19.738424
1338,-1.761590,-2.341905,-5.341905,0.658095,price_sensitive_uninformed,none,0.000000,2,21.609918,18.086738,0.040000,18.046738
1339,0.090616,-0.360239,-3.360239,2.639761,price_sensitive_uninformed,none,0.000000,2,21.609918,21.791149,0.040000,21.751149
1340,0.841897,1.302736,-1.697264,4.302736,informed,none,0.000000,2,21.609918,23.293712,0.040000,23.253712
1341,1.301127,1.474166,-1.525834,4.474166,informed,none,0.000000,2,21.609918,24.212173,0.040000,24.172173
1342,1.042948,1.493950,-1.506050,4.493950,price_sensitive_uninformed,none,0.000000,2,21.609918,23.695814,0.040000,23.655814
1343,2.137825,2.191475,-0.808525,5.191475,price_sensitive_uninformed,none,0.000000,2,21.609918,25.885567,0.040000,25.845567
1344,3.139867,2.611208,-0.388792,5.611208,price_sensitive_uninformed,none,0.000000,2,21.609918,27.889651,0.040000,27.849651
1345,1.839281,1.042963,-1.957037,4.042963,price_sensitive_uninformed,none,0.000000,2,21.609918,25.288480,0.040000,25.248480
1346,2.784514,3.765818,0.765818,6.765818,price_sensitive_uninformed,none,0.000000,2,21.609918,27.178946,0.040000,27.138946
1347,2.911857,4.769506,1.769506,7.769506,price_sensitive_uninformed,none,0.000000,2,21.609918,27.433631,0.040000,27.393631
1348,2.161273,2.642755,-0.357245,5.642755,informed,none,0.000000,2,21.609918,25.932464,0.040000,25.892464
1349,2.281733,3.013143,0.013143,6.013143,price_sensitive_uninformed,none,0.000000,2,21.609918,26.173384,0.040000,26.133384
1350,2.594837,-0.127138,-3.127138,2.872862,informed,none,0.000000,2,21.609918,26.799593,0.040000,26.759593
1351,3.813561,3.977648,0.977648,6.977648,price_sensitive_uninformed,none,0.000000,2,21.609918,29.237040,0.040000,29.197040
1352,3.726279,5.210444,2.210444,8.210444,informed,none,0.000000,2,21.609918,29.062477,0.040000,29.022477
1353,3.434064,4.312102,1.312102,7.312102,price_sensitive_uninformed,none,0.000000,2,21.609918,28.478047,0.040000,28.438047
1354,4.680230,3.712250,0.712250,6.712250,informed,none,0.000000,2,21.609918,30.970377,0.040000,30.930377
1355,5.808899,6.532074,3.532074,9.532074,informed,none,0.000000,2,21.609918,33.227716,0.040000,33.187716
1356,4.543819,3.720285,0.720285,6.720285,price_sensitive_uninformed,none,0.000000,2,21.609918,30.697556,0.040000,30.657556
1357,5.226235,3.752039,0.752039,6.752039,informed,none,0.000000,2,21.609918,32.062388,0.040000,32.022388
1358,4.642030,4.312782,1.312782,7.312782,informed,none,0.000000,2,21.609918,30.893978,0.040000,30.853978
1359,6.162481,5.883370,2.883370,8.883370,price_sensitive_uninformed,none,0.000000,2,21.609918,33.934881,0.040000,33.894881
1360,6.506205,6.598998,3.598998,9.598998,informed,none,0.000000,2,21.609918,34.622328,0.040000,34.582328
1361,6.885643,5.589044,2.589044,8.589044,informed,none,0.000000,2,21.609918,35.381204,0.040000,35.341204
1362,7.915895,7.845721,4.845721,10.845721,informed,none,0.000000,2,21.609918,37.441707,0.040000,37.401707
1363,8.831813,8.693817,5.693817,11.693817,price_sensitive_uninformed,none,0.000000,2,21.609918,39.273543,0.040000,39.233543
1364,7.091311,5.461139,2.461139,8.461139,price_sensitive_uninformed,none,0.000000,2,21.609918,35.792540,0.040000,35.752540
1365,4.494647,5.361781,2.361781,8.361781,price_sensitive_uninformed,none,0.000000,2,21.609918,30.599212,0.040000,30.559212
1366,3.219032,4.061956,1.061956,7.061956,price_sensitive_uninformed,none,0.000000,2,21.609918,28.047983,0.040000,28.007983
1367,3.022915,3.664424,0.664424,6.664424,informed,none,0.000000,2,21.609918,27.655747,0.040000,27.615747
1368,1.482351,0.727324,-2.272676,3.727324,informed,none,0.000000,2,21.609918,24.574620,0.040000,24.534620
1369,-0.491394,0.703374,-2.296626,3.703374,price_sensitive_uninformed,none,0.000000,2,21.609918,20.627131,0.040000,20.587131
1370,0.517175,-1.145524,-4.145524,1.854476,informed,none,0.000000,2,21.609918,22.644267,0.040000,22.604267
1371,1.055515,1.649102,-1.350898,4.649102,informed,none,0.000000,2,21.609918,23.720948,0.040000,23.680948
1372,1.694543,1.316147,-1.683853,4.316147,informed,none,0.000000,2,21.609918,24.999005,0.040000,24.959005
1373,0.770173,1.235145,-1.764855,4.235145,informed,none,0.000000,2,21.609918,23.150265,0.040000,23.110265
1374,0.252760,-0.562308,-3.562308,2.437692,price_sensitive_uninformed,none,0.000000,2,21.609918,22.115437,0.040000,22.075437
1375,-0.247156,-0.084073,-3.084073,2.915927,informed,none,0.000000,2,21.609918,21.115606,0.040000,21.075606
1376,-0.927461,-1.753600,-4.753600,1.246400,informed,none,0.000000,2,21.609918,19.754996,0.040000,19.714996
1377,-0.316421,0.385832,-2.614168,3.385832,price_sensitive_uninformed,none,0.000000,2,21.609918,20.977076,0.040000,20.937076
1378,0.051311,-0.797076,-3.797076,2.202924,informed,none,0.000000,2,21.609918,21.712540,0.040000,21.672540
1379,1.047252,1.531755,-1.468245,4.531755,price_sensitive_uninformed,none,0.000000,2,21.609918,23.704422,0.040000,23.664422
1380,0.592138,2.445310,-0.554690,5.445310,price_sensitive_uninformed,none,0.000000,2,21.609918,22.794195,0.040000,22.754195
1381,-0.577348,1.228030,-1.771970,4.228030,price_sensitive_uninformed,none,0.000000,2,21.609918,20.455223,0.040000,20.415223
1382,-0.896441,0.288783,-2.711217,3.288783,price_sensitive_uninformed,none,0.000000,2,21.609918,19.817036,0.040000,19.777036
1383,-0.392704,-0.258471,-3.258471,2.741529,informed,none,0.000000,2,21.609918,20.824510,0.040000,20.784510
1384,-1.341297,-2.638505,-5.638505,0.361495,price_sensitive_uninformed,none,0.000000,2,21.609918,18.927325,0.040000,18.887325
1385,0.770806,2.222996,-0.777004,5.222996,price_sensitive_uninformed,none,0.000000,2,21.609918,23.151531,0.040000,23.111531
1386,0.974046,0.337513,-2.662487,3.337513,price_sensitive_uninformed,none,0.000000,2,21.609918,23.558011,0.040000,23.518011
1387,2.070844,3.380654,0.380654,6.380654,price_sensitive_uninformed,none,0.000000,2,21.609918,25.751606,0.040000,25.711606
1388,1.861927,2.978268,-0.021732,5.978268,price_sensitive_uninformed,none,0.000000,2,21.609918,25.333773,0.040000,25.293773
1389,1.791815,0.790984,-2.209016,3.790984,informed,none,0.000000,2,21.609918,25.193547,0.040000,25.153547
1390,1.009247,1.223414,-1.776586,4.223414,price_sensitive_uninformed,none,0.000000,2,21.609918,23.628413,0.040000,23.588413
1391,0.322598,-1.275317,-4.275317,1.724683,price_sensitive_uninformed,none,0.000000,2,21.609918,22.255114,0.040000,22.215114
1392,0.011698,-0.957825,-3.957825,2.042175,price_sensitive_uninformed,none,0.000000,2,21.609918,21.633315,0.040000,21.593315
1393,-1.005215,-1.389696,-4.389696,1.610304,price_sensitive_uninformed,none,0.000000,2,21.609918,19.599489,0.040000,19.559489
1394,-0.205552,-0.578663,-3.578663,2.421337,price_sensitive_uninformed,none,0.000000,2,21.609918,21.198815,0.040000,21.158815
1395,0.487161,0.587076,-2.412924,3.587076,price_sensitive_uninformed,none,0.000000,2,21.609918,22.584240,0.040000,22.544240
1396,-1.205278,-2.762507,-5.762507,0.237493,price_sensitive_uninformed,none,0.000000,2,21.609918,19.199362,0.040000,19.159362
1397,-1.282621,-0.422642,-3.422642,2.577358,informed,none,0.000000,2,21.609918,19.044676,0.040000,19.004676
1398,-3.443334,-3.076784,-6.076784,-0.076784,informed,none,0.000000,2,21.609918,14.723251,0.040000,14.683251
1399,-3.060992,-3.529314,-6.529314,-0.529314,price_sensitive_uninformed,none,0.000000,2,21.609918,15.487934,0.040000,15.447934
1400,-3.255676,-4.801684,-7.801684,-1.801684,price_sensitive_uninformed,none,0.000000,2,21.609918,15.098567,0.040000,15.058567
1401,-3.924474,-3.219638,-6.219638,-0.219638,price_sensitive_uninformed,none,0.000000,2,21.609918,13.760970,0.040000,13.720970
1402,-5.788984,-5.278410,-8.278410,-2.278410,price_sensitive_uninformed,none,0.000000,2,21.609918,10.031950,0.040000,9.991950
1403,-6.574764,-6.362843,-9.362843,-3.362843,price_sensitive_uninformed,none,0.000000,2,21.609918,8.460390,0.040000,8.420390
1404,-6.959921,-8.452683,-11.452683,-5.452683,price_sensitive_uninformed,none,0.000000,2,21.609918,7.690075,0.040000,7.650075
1405,-6.734303,-7.348062,-10.348062,-4.348062,informed,none,0.000000,2,21.609918,8.141313,0.040000,8.101313
1406,-6.236665,-6.172029,-9.172029,-3.172029,informed,none,0.000000,2,21.609918,9.136587,0.040000,9.096587
1407,-7.358956,-8.534619,-11.534619,-5.534619,informed,none,0.000000,2,21.609918,6.892007,0.040000,6.852007
1408,-7.750168,-7.153980,-10.153980,-4.153980,informed,none,0.000000,2,21.609918,6.109582,0.040000,6.069582
1409,-8.149990,-8.663301,-11.663301,-5.663301,informed,none,0.000000,2,21.609918,5.309938,0.040000,5.269938
1410,-7.055186,-6.506866,-9.506866,-3.506866,informed,none,0.000000,2,21.609918,7.499546,0.040000,7.459546
1411,-8.903596,-7.098834,-10.098834,-4.098834,informed,none,0.000000,2,21.609918,3.802727,0.040000,3.762727
1412,-7.646855,-8.240968,-11.240968,-5.240968,price_sensitive_uninformed,none,0.000000,2,21.609918,6.316207,0.040000,6.276207
1413,-6.552939,-5.573240,-8.573240,-2.573240,price_sensitive_uninformed,none,0.000000,2,21.609918,8.504040,0.040000,8.464040
1414,-8.154941,-7.769282,-10.769282,-4.769282,price_sensitive_uninformed,none,0.000000,2,21.609918,5.300036,0.040000,5.260036
1415,-8.242764,-9.369308,-12.369308,-6.369308,informed,none,0.000000,2,21.609918,5.124391,0.040000,5.084391
1416,-8.967306,-8.795388,-11.795388,-5.795388,informed,none,0.000000,2,21.609918,3.675306,0.040000,3.635306
1417,-9.489950,-11.467916,-14.467916,-8.467916,price_sensitive_uninformed,none,0.000000,2,21.609918,2.630018,0.040000,2.590018
1418,-9.914352,-10.391547,-13.391547,-7.391547,informed,none,0.000000,2,21.609918,1.781214,0.040000,1.741214
1419,-11.579647,-12.121595,-15.121595,-9.121595,informed,none,0.000000,2,21.609918,-1.549377,0.040000,-1.589377
1420,-12.181882,-12.851052,-15.851052,-9.851052,price_sensitive_uninformed,none,0.000000,2,21.609918,-2.753845,0.040000,-2.793845
1421,-11.925776,-11.744647,-14.744647,-8.744647,price_sensitive_uninformed,none,0.000000,2,21.609918,-2.241634,0.040000,-2.281634
1422,-11.915987,-11.267467,-14.267467,-8.267467,informed,none,0.000000,2,21.609918,-2.222055,0.040000,-2.262055
1423,-14.048136,-15.665120,-18.665120,-12.665120,informed,none,0.000000,2,21.609918,-6.486354,0.040000,-6.526354
1424,-13.549052,-13.007882,-16.007882,-10.007882,price_sensitive_uninformed,none,0.000000,2,21.609918,-5.488187,0.040000,-5.528187
1425,-11.192585,-11.137071,-14.137071,-8.137071,price_sensitive_uninformed,none,0.000000,2,21.609918,-0.775252,0.040000,-0.815252
1426,-11.181301,-8.943696,-11.943696,-5.943696,price_sensitive_uninformed,none,0.000000,2,21.609918,-0.752684,0.040000,-0.792684
1427,-11.358866,-12.344190,-15.344190,-9.344190,informed,none,0.000000,2,21.609918,-1.107814,0.040000,-1.147814
1428,-10.588945,-9.636240,-12.636240,-6.636240,informed,none,0.000000,2,21.609918,0.432028,0.040000,0.392028
1429,-10.007657,-10.807169,-13.807169,-7.807169,price_sensitive_uninformed,none,0.000000,2,21.609918,1.594604,0.040000,1.554604
1430,-8.664242,-8.915928,-11.915928,-5.915928,price_sensitive_uninformed,none,0.000000,2,21.609918,4.281435,0.040000,4.241435
1431,-10.784536,-11.016795,-14.016795,-8.016795,price_sensitive_uninformed,none,0.000000,2,21.609918,0.040846,0.040000,0.000846
1432,-9.722037,-10.488554,-13.488554,-7.488554,informed,none,0.000000,2,21.609918,2.165843,0.040000,2.125843
1433,-10.042719,-9.830584,-12.830584,-6.830584,informed,none,0.000000,2,21.609918,1.524479,0.040000,1.484479
1434,-10.144545,-8.859941,-11.859941,-5.859941,price_sensitive_uninformed,none,0.000000,2,21.609918,1.320829,0.040000,1.280829
1435,-11.161898,-10.395486,-13.395486,-7.395486,informed,none,0.000000,2,21.609918,-0.713878,0.040000,-0.753878
1436,-12.337478,-13.323427,-16.323427,-10.323427,price_sensitive_uninformed,none,0.000000,2,21.609918,-3.065038,0.040000,-3.105038
1437,-13.788020,-14.278080,-17.278080,-11.278080,price_sensitive_uninformed,none,0.000000,2,21.609918,-5.966123,0.040000,-6.006123
1438,-15.303194,-17.374868,-20.374868,-14.374868,price_sensitive_uninformed,none,0.000000,2,21.609918,-8.996470,0.040000,-9.036470
1439,-13.993971,-14.548772,-17.548772,-11.548772,price_sensitive_uninformed,none,0.000000,2,21.609918,-6.378023,0.040000,-6.418023
1440,-14.794051,-13.569854,-16.569854,-10.569854,informed,none,0.000000,2,21.609918,-7.978185,0.040000,-8.018185
1441,-13.733515,-11.999032,-14.999032,-8.999032,price_sensitive_uninformed,none,0.000000,2,21.609918,-5.857112,0.040000,-5.897112
1442,-14.739774,-14.961674,-17.961674,-11.961674,price_sensitive_uninformed,none,0.000000,2,21.609918,-7.869630,0.040000,-7.909630
1443,-15.348227,-17.261839,-20.261839,-14.261839,price_sensitive_uninformed,none,0.000000,2,21.609918,-9.086536,0.040000,-9.126536
1444,-15.574393,-13.387729,-16.387729,-10.387729,price_sensitive_uninformed,none,0.000000,2,21.609918,-9.538867,0.040000,-9.578867
1445,-13.543959,-11.834803,-14.834803,-8.834803,price_sensitive_uninformed,none,0.000000,2,21.609918,-5.478000,0.040000,-5.518000
1446,-14.777844,-14.021741,-17.021741,-11.021741,informed,none,0.000000,2,21.609918,-7.945769,0.040000,-7.985769
1447,-15.354429,-15.369292,-18.369292,-12.369292,price_sensitive_uninformed,none,0.000000,2,21.609918,-9.098941,0.040000,-9.138941
1448,-16.041413,-16.822062,-19.822062,-13.822062,price_sensitive_uninformed,none,0.000000,2,21.609918,-10.472908,0.040000,-10.512908
1449,-14.384031,-13.439517,-16.439517,-10.439517,price_sensitive_uninformed,none,0.000000,2,21.609918,-7.158144,0.040000,-7.198144
1450,-13.785934,-14.257536,-17.257536,-11.257536,price_sensitive_uninformed,none,0.000000,2,21.609918,-5.961950,0.040000,-6.001950
1451,-12.849086,-12.931426,-15.931426,-9.931426,price_sensitive_uninformed,none,0.000000,2,21.609918,-4.088254,0.040000,-4.128254
1452,-12.864356,-13.377707,-16.377707,-10.377707,informed,none,0.000000,2,21.609918,-4.118794,0.040000,-4.158794
1453,-13.917324,-13.181662,-16.181662,-10.181662,price_sensitive_uninformed,none,0.000000,2,21.609918,-6.224729,0.040000,-6.264729
1454,-12.271893,-12.745121,-15.745121,-9.745121,informed,none,0.000000,2,21.609918,-2.933867,0.040000,-2.973867
1455,-11.093657,-12.044504,-15.044504,-9.044504,price_sensitive_uninformed,none,0.000000,2,21.609918,-0.577397,0.040000,-0.617397
1456,-10.175811,-11.184845,-14.184845,-8.184845,price_sensitive_uninformed,buy_from_mm,-8.184845,1,13.425073,3.249262,0.010000,3.239262
1457,-8.314751,-9.524201,-12.524201,-6.524201,price_sensitive_uninformed,none,0.000000,1,13.425073,5.110322,0.010000,5.100322
1458,-9.059418,-8.382817,-11.382817,-5.382817,price_sensitive_uninformed,none,0.000000,1,13.425073,4.365655,0.010000,4.355655
1459,-10.171015,-9.040108,-12.040108,-6.040108,price_sensitive_uninformed,none,0.000000,1,13.425073,3.254057,0.010000,3.244057
1460,-9.978232,-9.851430,-12.851430,-6.851430,price_sensitive_uninformed,none,0.000000,1,13.425073,3.446841,0.010000,3.436841
1461,-10.427913,-11.201838,-14.201838,-8.201838,price_sensitive_uninformed,none,0.000000,1,13.425073,2.997160,0.010000,2.987160
1462,-11.341221,-13.010130,-16.010130,-10.010130,price_sensitive_uninformed,none,0.000000,1,13.425073,2.083852,0.010000,2.073852
1463,-11.347737,-12.113975,-15.113975,-9.113975,price_sensitive_uninformed,none,0.000000,1,13.425073,2.077336,0.010000,2.067336
1464,-10.176800,-10.480730,-13.480730,-7.480730,price_sensitive_uninformed,none,0.000000,1,13.425073,3.248273,0.010000,3.238273
1465,-9.989727,-9.194954,-12.194954,-6.194954,informed,none,0.000000,1,13.425073,3.435346,0.010000,3.425346
1466,-11.210599,-11.859995,-14.859995,-8.859995,informed,none,0.000000,1,13.425073,2.214474,0.010000,2.204474
1467,-9.920700,-10.539469,-13.539469,-7.539469,informed,none,0.000000,1,13.425073,3.504373,0.010000,3.494373
1468,-9.137047,-8.913478,-11.913478,-5.913478,informed,none,0.000000,1,13.425073,4.288026,0.010000,4.278026
1469,-8.754286,-5.868300,-8.868300,-2.868300,price_sensitive_uninformed,none,0.000000,1,13.425073,4.670787,0.010000,4.660787
1470,-8.490197,-7.481965,-10.481965,-4.481965,price_sensitive_uninformed,none,0.000000,1,13.425073,4.934875,0.010000,4.924875
1471,-9.153228,-10.166623,-13.166623,-7.166623,price_sensitive_uninformed,none,0.000000,1,13.425073,4.271845,0.010000,4.261845
1472,-8.497869,-7.554127,-10.554127,-4.554127,informed,none,0.000000,1,13.425073,4.927204,0.010000,4.917204
1473,-9.267570,-9.282528,-12.282528,-6.282528,price_sensitive_uninformed,none,0.000000,1,13.425073,4.157503,0.010000,4.147503
1474,-9.602828,-9.495391,-12.495391,-6.495391,price_sensitive_uninformed,none,0.000000,1,13.425073,3.822245,0.010000,3.812245
1475,-8.411044,-7.282862,-10.282862,-4.282862,informed,none,0.000000,1,13.425073,5.014028,0.010000,5.004028
1476,-8.018968,-8.834168,-11.834168,-5.834168,price_sensitive_uninformed,none,0.000000,1,13.425073,5.406104,0.010000,5.396104
1477,-7.977501,-8.786821,-11.786821,-5.786821,informed,none,0.000000,1,13.425073,5.447572,0.010000,5.437572
1478,-8.999979,-8.174558,-11.174558,-5.174558,informed,none,0.000000,1,13.425073,4.425094,0.010000,4.415094
1479,-9.216759,-6.343418,-9.343418,-3.343418,informed,none,0.000000,1,13.425073,4.208314,0.010000,4.198314
1480,-9.317538,-9.202296,-12.202296,-6.202296,price_sensitive_uninformed,none,0.000000,1,13.425073,4.107535,0.010000,4.097535
1481,-8.421585,-9.085876,-12.085876,-6.085876,informed,none,0.000000,1,13.425073,5.003488,0.010000,4.993488
1482,-7.748286,-8.627707,-11.627707,-5.627707,informed,none,0.000000,1,13.425073,5.676787,0.010000,5.666787
1483,-7.903839,-7.648506,-10.648506,-4.648506,price_sensitive_uninformed,none,0.000000,1,13.425073,5.521234,0.010000,5.511234
1484,-7.585331,-8.083392,-11.083392,-5.083392,price_sensitive_uninformed,none,0.000000,1,13.425073,5.839741,0.010000,5.829741
1485,-8.879162,-9.994656,-12.994656,-6.994656,informed,none,0.000000,1,13.425073,4.545911,0.010000,4.535911
1486,-8.564674,-8.880318,-11.880318,-5.880318,informed,none,0.000000,1,13.425073,4.860399,0.010000,4.850399
1487,-7.727357,-7.752169,-10.752169,-4.752169,informed,none,0.000000,1,13.425073,5.697715,0.010000,5.687715
1488,-7.474603,-8.594884,-11.594884,-5.594884,informed,none,0.000000,1,13.425073,5.950469,0.010000,5.940469
1489,-6.435616,-5.663971,-8.663971,-2.663971,informed,none,0.000000,1,13.425073,6.989457,0.010000,6.979457
1490,-6.252327,-4.242385,-7.242385,-1.242385,informed,none,0.000000,1,13.425073,7.172746,0.010000,7.162746
1491,-5.654732,-6.219363,-9.219363,-3.219363,informed,none,0.000000,1,13.425073,7.770341,0.010000,7.760341
1492,-4.735253,-5.464625,-8.464625,-2.464625,informed,none,0.000000,1,13.425073,8.689820,0.010000,8.679820
1493,-6.786365,-7.885831,-10.885831,-4.885831,informed,none,0.000000,1,13.425073,6.638707,0.010000,6.628707
1494,-7.104548,-6.009502,-9.009502,-3.009502,price_sensitive_uninformed,none,0.000000,1,13.425073,6.320525,0.010000,6.310525
1495,-6.944275,-7.397652,-10.397652,-4.397652,informed,none,0.000000,1,13.425073,6.480798,0.010000,6.470798
1496,-8.043464,-7.274216,-10.274216,-4.274216,price_sensitive_uninformed,none,0.000000,1,13.425073,5.381609,0.010000,5.371609
1497,-9.046341,-8.802218,-11.802218,-5.802218,price_sensitive_uninformed,none,0.000000,1,13.425073,4.378732,0.010000,4.368732
1498,-7.441776,-6.883410,-9.883410,-3.883410,price_sensitive_uninformed,none,0.000000,1,13.425073,5.983297,0.010000,5.973297
1499,-7.653701,-6.058196,-9.058196,-3.058196,price_sensitive_uninformed,none,0.000000,1,13.425073,5.771372,0.010000,5.761372
1500,-6.990087,-6.807755,-9.807755,-3.807755,price_sensitive_uninformed,none,0.000000,1,13.425073,6.434985,0.010000,6.424985
1501,-6.702175,-4.982797,-7.982797,-1.982797,informed,none,0.000000,1,13.425073,6.722898,0.010000,6.712898
1502,-5.642203,-2.873414,-5.873414,0.126586,informed,none,0.000000,1,13.425073,7.782870,0.010000,7.772870
1503,-5.844481,-5.833391,-8.833391,-2.833391,price_sensitive_uninformed,none,0.000000,1,13.425073,7.580592,0.010000,7.570592
1504,-6.421828,-7.544450,-10.544450,-4.544450,informed,none,0.000000,1,13.425073,7.003245,0.010000,6.993245
1505,-6.686016,-7.367189,-10.367189,-4.367189,informed,none,0.000000,1,13.425073,6.739056,0.010000,6.729056
1506,-7.578969,-9.626483,-12.626483,-6.626483,price_sensitive_uninformed,none,0.000000,1,13.425073,5.846104,0.010000,5.836104
1507,-7.224150,-7.092093,-10.092093,-4.092093,price_sensitive_uninformed,none,0.000000,1,13.425073,6.200923,0.010000,6.190923
1508,-5.775210,-6.709881,-9.709881,-3.709881,price_sensitive_uninformed,none,0.000000,1,13.425073,7.649863,0.010000,7.639863
1509,-4.437881,-5.270933,-8.270933,-2.270933,informed,none,0.000000,1,13.425073,8.987192,0.010000,8.977192
1510,-4.377540,-3.887188,-6.887188,-0.887188,price_sensitive_uninformed,none,0.000000,1,13.425073,9.047533,0.010000,9.037533
1511,-3.014222,-2.533312,-5.533312,0.466688,price_sensitive_uninformed,none,0.000000,1,13.425073,10.410851,0.010000,10.400851
1512,-2.862597,-3.880403,-6.880403,-0.880403,informed,none,0.000000,1,13.425073,10.562476,0.010000,10.552476
1513,-2.009005,-1.802376,-4.802376,1.197624,price_sensitive_uninformed,none,0.000000,1,13.425073,11.416068,0.010000,11.406068
1514,-2.830787,-3.426998,-6.426998,-0.426998,price_sensitive_uninformed,none,0.000000,1,13.425073,10.594286,0.010000,10.584286
1515,-3.031852,-3.087361,-6.087361,-0.087361,informed,none,0.000000,1,13.425073,10.393221,0.010000,10.383221
1516,-3.986405,-3.873820,-6.873820,-0.873820,informed,none,0.000000,1,13.425073,9.438668,0.010000,9.428668
1517,-4.571253,-6.529866,-9.529866,-3.529866,informed,none,0.000000,1,13.425073,8.853820,0.010000,8.843820
1518,-4.177008,-4.517998,-7.517998,-1.517998,price_sensitive_uninformed,none,0.000000,1,13.425073,9.248065,0.010000,9.238065
1519,-5.840195,-5.719168,-8.719168,-2.719168,price_sensitive_uninformed,none,0.000000,1,13.425073,7.584878,0.010000,7.574878
1520,-5.156529,-4.887622,-7.887622,-1.887622,informed,none,0.000000,1,13.425073,8.268544,0.010000,8.258544
1521,-4.253775,-2.867752,-5.867752,0.132248,price_sensitive_uninformed,none,0.000000,1,13.425073,9.171297,0.010000,9.161297
1522,-5.950975,-5.952082,-8.952082,-2.952082,informed,none,0.000000,1,13.425073,7.474098,0.010000,7.464098
1523,-7.549938,-6.601470,-9.601470,-3.601470,informed,none,0.000000,1,13.425073,5.875135,0.010000,5.865135
1524,-8.602416,-8.870830,-11.870830,-5.870830,price_sensitive_uninformed,none,0.000000,1,13.425073,4.822657,0.010000,4.812657
1525,-9.467994,-9.736983,-12.736983,-6.736983,price_sensitive_uninformed,none,0.000000,1,13.425073,3.957079,0.010000,3.947079
1526,-10.673882,-11.384205,-14.384205,-8.384205,price_sensitive_uninformed,none,0.000000,1,13.425073,2.751191,0.010000,2.741191
1527,-9.372088,-9.540162,-12.540162,-6.540162,price_sensitive_uninformed,none,0.000000,1,13.425073,4.052985,0.010000,4.042985
1528,-8.208602,-8.150367,-11.150367,-5.150367,price_sensitive_uninformed,none,0.000000,1,13.425073,5.216471,0.010000,5.206471
1529,-7.756707,-7.340510,-10.340510,-4.340510,price_sensitive_uninformed,none,0.000000,1,13.425073,5.668366,0.010000,5.658366
1530,-7.400528,-7.380549,-10.380549,-4.380549,informed,none,0.000000,1,13.425073,6.024545,0.010000,6.014545
1531,-6.788280,-7.116808,-10.116808,-4.116808,informed,none,0.000000,1,13.425073,6.636793,0.010000,6.626793
1532,-5.729056,-5.634733,-8.634733,-2.634733,informed,none,0.000000,1,13.425073,7.696016,0.010000,7.686016
1533,-5.573614,-6.678263,-9.678263,-3.678263,price_sensitive_uninformed,none,0.000000,1,13.425073,7.851458,0.010000,7.841458
1534,-5.642828,-5.856900,-8.856900,-2.856900,price_sensitive_uninformed,none,0.000000,1,13.425073,7.782245,0.010000,7.772245
1535,-7.926450,-7.752769,-10.752769,-4.752769,informed,none,0.000000,1,13.425073,5.498623,0.010000,5.488623
1536,-8.845474,-9.683140,-12.683140,-6.683140,price_sensitive_uninformed,none,0.000000,1,13.425073,4.579599,0.010000,4.569599
1537,-10.617392,-10.403888,-13.403888,-7.403888,informed,none,0.000000,1,13.425073,2.807681,0.010000,2.797681
1538,-10.757364,-9.813154,-12.813154,-6.813154,price_sensitive_uninformed,none,0.000000,1,13.425073,2.667708,0.010000,2.657708
1539,-8.553385,-8.182125,-11.182125,-5.182125,price_sensitive_uninformed,none,0.000000,1,13.425073,4.871688,0.010000,4.861688
1540,-10.414704,-11.418936,-14.418936,-8.418936,price_sensitive_uninformed,none,0.000000,1,13.425073,3.010369,0.010000,3.000369
1541,-11.020816,-10.006829,-13.006829,-7.006829,price_sensitive_uninformed,none,0.000000,1,13.425073,2.404256,0.010000,2.394256
1542,-11.408501,-10.045564,-13.045564,-7.045564,price_sensitive_uninformed,none,0.000000,1,13.425073,2.016571,0.010000,2.006571
1543,-10.441961,-11.192427,-14.192427,-8.192427,price_sensitive_uninformed,none,0.000000,1,13.425073,2.983112,0.010000,2.973112
1544,-11.993951,-11.913602,-14.913602,-8.913602,informed,none,0.000000,1,13.425073,1.431122,0.010000,1.421122
1545,-10.808163,-11.166960,-14.166960,-8.166960,informed,none,0.000000,1,13.425073,2.616910,0.010000,2.606910
1546,-10.507284,-10.025563,-13.025563,-7.025563,informed,none,0.000000,1,13.425073,2.917788,0.010000,2.907788
1547,-10.335047,-9.970827,-12.970827,-6.970827,price_sensitive_uninformed,none,0.000000,1,13.425073,3.090026,0.010000,3.080026
1548,-10.567837,-10.551018,-13.551018,-7.551018,price_sensitive_uninformed,none,0.000000,1,13.425073,2.857236,0.010000,2.847236
1549,-10.365037,-12.549810,-15.549810,-9.549810,informed,none,0.000000,1,13.425073,3.060036,0.010000,3.050036
1550,-11.488912,-12.458693,-15.458693,-9.458693,price_sensitive_uninformed,none,0.000000,1,13.425073,1.936161,0.010000,1.926161
1551,-10.293982,-10.488702,-13.488702,-7.488702,price_sensitive_uninformed,none,0.000000,1,13.425073,3.131091,0.010000,3.121091
1552,-9.600379,-12.166560,-15.166560,-9.166560,price_sensitive_uninformed,none,0.000000,1,13.425073,3.824694,0.010000,3.814694
1553,-8.915867,-9.882762,-12.882762,-6.882762,informed,none,0.000000,1,13.425073,4.509206,0.010000,4.499206
1554,-8.497520,-10.837012,-13.837012,-7.837012,price_sensitive_uninformed,none,0.000000,1,13.425073,4.927553,0.010000,4.917553
1555,-7.594617,-10.202116,-13.202116,-7.202116,price_sensitive_uninformed,none,0.000000,1,13.425073,5.830456,0.010000,5.820456
1556,-7.838853,-8.461437,-11.461437,-5.461437,price_sensitive_uninformed,none,0.000000,1,13.425073,5.586219,0.010000,5.576219
1557,-7.658552,-6.643326,-9.643326,-3.643326,price_sensitive_uninformed,sell_to_mm,-9.643326,2,23.068399,7.751295,0.040000,7.711295
1558,-8.685077,-8.729581,-11.729581,-5.729581,price_sensitive_uninformed,none,0.000000,2,23.068399,5.698246,0.040000,5.658246
1559,-8.235355,-8.024614,-11.024614,-5.024614,price_sensitive_uninformed,none,0.000000,2,23.068399,6.597688,0.040000,6.557688
1560,-8.123166,-8.123201,-11.123201,-5.123201,price_sensitive_uninformed,none,0.000000,2,23.068399,6.822066,0.040000,6.782066
1561,-10.385456,-10.192839,-13.192839,-7.192839,price_sensitive_uninformed,none,0.000000,2,23.068399,2.297488,0.040000,2.257488
1562,-11.279514,-12.213788,-15.213788,-9.213788,informed,none,0.000000,2,23.068399,0.509371,0.040000,0.469371
1563,-11.108162,-12.878184,-15.878184,-9.878184,informed,none,0.000000,2,23.068399,0.852075,0.040000,0.812075
1564,-10.078784,-10.517978,-13.517978,-7.517978,informed,none,0.000000,2,23.068399,2.910831,0.040000,2.870831
1565,-10.476928,-10.908411,-13.908411,-7.908411,informed,none,0.000000,2,23.068399,2.114543,0.040000,2.074543
1566,-10.529587,-10.676747,-13.676747,-7.676747,price_sensitive_uninformed,none,0.000000,2,23.068399,2.009224,0.040000,1.969224
1567,-12.164003,-12.200665,-15.200665,-9.200665,price_sensitive_uninformed,sell_to_mm,-15.200665,3,38.269063,1.777054,0.090000,1.687054
1568,-12.345059,-10.662380,-13.662380,-7.662380,informed,none,0.000000,3,38.269063,1.233885,0.090000,1.143885
1569,-12.101717,-13.129418,-16.129418,-10.129418,price_sensitive_uninformed,none,0.000000,3,38.269063,1.963912,0.090000,1.873912
1570,-11.382232,-11.348717,-14.348717,-8.348717,price_sensitive_uninformed,none,0.000000,3,38.269063,4.122368,0.090000,4.032368
1571,-10.938377,-9.435058,-12.435058,-6.435058,price_sensitive_uninformed,none,0.000000,3,38.269063,5.453932,0.090000,5.363932
1572,-11.098276,-12.139106,-15.139106,-9.139106,informed,none,0.000000,3,38.269063,4.974235,0.090000,4.884235
1573,-9.049812,-10.301502,-13.301502,-7.301502,informed,none,0.000000,3,38.269063,11.119626,0.090000,11.029626
1574,-8.516294,-9.431532,-12.431532,-6.431532,price_sensitive_uninformed,none,0.000000,3,38.269063,12.720181,0.090000,12.630181
1575,-9.308349,-8.918294,-11.918294,-5.918294,price_sensitive_uninformed,none,0.000000,3,38.269063,10.344016,0.090000,10.254016
1576,-10.807796,-10.111981,-13.111981,-7.111981,price_sensitive_uninformed,none,0.000000,3,38.269063,5.845674,0.090000,5.755674
1577,-10.693861,-10.192678,-13.192678,-7.192678,price_sensitive_uninformed,none,0.000000,3,38.269063,6.187481,0.090000,6.097481
1578,-10.341908,-9.922104,-12.922104,-6.922104,price_sensitive_uninformed,none,0.000000,3,38.269063,7.243339,0.090000,7.153339
1579,-9.875298,-7.771760,-10.771760,-4.771760,price_sensitive_uninformed,none,0.000000,3,38.269063,8.643170,0.090000,8.553170
1580,-9.530218,-10.274688,-13.274688,-7.274688,informed,none,0.000000,3,38.269063,9.678409,0.090000,9.588409
1581,-8.351558,-7.917123,-10.917123,-4.917123,price_sensitive_uninformed,none,0.000000,3,38.269063,13.214391,0.090000,13.124391
1582,-6.979212,-7.384797,-10.384797,-4.384797,informed,none,0.000000,3,38.269063,17.331428,0.090000,17.241428
1583,-6.078695,-5.527120,-8.527120,-2.527120,price_sensitive_uninformed,none,0.000000,3,38.269063,20.032977,0.090000,19.942977
1584,-5.163629,-6.001966,-9.001966,-3.001966,price_sensitive_uninformed,none,0.000000,3,38.269063,22.778177,0.090000,22.688177
1585,-4.508979,-3.859814,-6.859814,-0.859814,price_sensitive_uninformed,none,0.000000,3,38.269063,24.742125,0.090000,24.652125
1586,-4.435499,-4.994740,-7.994740,-1.994740,informed,none,0.000000,3,38.269063,24.962567,0.090000,24.872567
1587,-6.162913,-7.235885,-10.235885,-4.235885,informed,none,0.000000,3,38.269063,19.780324,0.090000,19.690324
1588,-4.475503,-3.896224,-6.896224,-0.896224,price_sensitive_uninformed,none,0.000000,3,38.269063,24.842554,0.090000,24.752554
1589,-3.065168,-5.098384,-8.098384,-2.098384,informed,none,0.000000,3,38.269063,29.073560,0.090000,28.983560
1590,-3.863133,-4.006654,-7.006654,-1.006654,informed,none,0.000000,3,38.269063,26.679663,0.090000,26.589663
1591,-4.298776,-4.608880,-7.608880,-1.608880,price_sensitive_uninformed,none,0.000000,3,38.269063,25.372735,0.090000,25.282735
1592,-2.539915,-3.542745,-6.542745,-0.542745,price_sensitive_uninformed,none,0.000000,3,38.269063,30.649318,0.090000,30.559318
1593,-2.242168,-1.400001,-4.400001,1.599999,informed,none,0.000000,3,38.269063,31.542558,0.090000,31.452558
1594,-3.233936,-1.665348,-4.665348,1.334652,price_sensitive_uninformed,none,0.000000,3,38.269063,28.567256,0.090000,28.477256
1595,-2.967513,-2.892098,-5.892098,0.107902,price_sensitive_uninformed,none,0.000000,3,38.269063,29.366523,0.090000,29.276523
1596,-2.721882,-3.365786,-6.365786,-0.365786,price_sensitive_uninformed,none,0.000000,3,38.269063,30.103419,0.090000,30.013419
1597,-2.902623,-2.926312,-5.926312,0.073688,price_sensitive_uninformed,none,0.000000,3,38.269063,29.561196,0.090000,29.471196
1598,-3.913551,-5.065378,-8.065378,-2.065378,price_sensitive_uninformed,none,0.000000,3,38.269063,26.528410,0.090000,26.438410
1599,-5.011199,-4.694719,-7.694719,-1.694719,informed,none,0.000000,3,38.269063,23.235467,0.090000,23.145467
1600,-5.782626,-7.227257,-10.227257,-4.227257,price_sensitive_uninformed,none,0.000000,3,38.269063,20.921185,0.090000,20.831185
1601,-6.356851,-6.258129,-9.258129,-3.258129,price_sensitive_uninformed,none,0.000000,3,38.269063,19.198511,0.090000,19.108511
1602,-5.421156,-5.623738,-8.623738,-2.623738,informed,none,0.000000,3,38.269063,22.005595,0.090000,21.915595
1603,-3.758698,-3.969467,-6.969467,-0.969467,price_sensitive_uninformed,none,0.000000,3,38.269063,26.992971,0.090000,26.902971
1604,-3.462970,-3.494337,-6.494337,-0.494337,informed,none,0.000000,3,38.269063,27.880153,0.090000,27.790153
1605,-2.584509,-2.810075,-5.810075,0.189925,price_sensitive_uninformed,none,0.000000,3,38.269063,30.515538,0.090000,30.425538
1606,-2.798363,-2.050948,-5.050948,0.949052,price_sensitive_uninformed,none,0.000000,3,38.269063,29.873975,0.090000,29.783975
1607,-4.282746,-3.353831,-6.353831,-0.353831,informed,none,0.000000,3,38.269063,25.420825,0.090000,25.330825
1608,-4.171426,-4.464831,-7.464831,-1.464831,price_sensitive_uninformed,none,0.000000,3,38.269063,25.754784,0.090000,25.664784
1609,-4.072525,-3.847836,-6.847836,-0.847836,informed,none,0.000000,3,38.269063,26.051488,0.090000,25.961488
1610,-4.582469,-4.595199,-7.595199,-1.595199,price_sensitive_uninformed,none,0.000000,3,38.269063,24.521656,0.090000,24.431656
1611,-4.719382,-4.272071,-7.272071,-1.272071,price_sensitive_uninformed,none,0.000000,3,38.269063,24.110917,0.090000,24.020917
1612,-5.983253,-5.156359,-8.156359,-2.156359,price_sensitive_uninformed,none,0.000000,3,38.269063,20.319306,0.090000,20.229306
1613,-5.025456,-5.720534,-8.720534,-2.720534,informed,none,0.000000,3,38.269063,23.192695,0.090000,23.102695
1614,-4.876750,-5.937663,-8.937663,-2.937663,price_sensitive_uninformed,none,0.000000,3,38.269063,23.638813,0.090000,23.548813
1615,-4.783327,-6.009766,-9.009766,-3.009766,price_sensitive_uninformed,none,0.000000,3,38.269063,23.919083,0.090000,23.829083
1616,-4.422922,-5.477568,-8.477568,-2.477568,price_sensitive_uninformed,none,0.000000,3,38.269063,25.000298,0.090000,24.910298
1617,-5.236342,-6.895961,-9.895961,-3.895961,informed,none,0.000000,3,38.269063,22.560036,0.090000,22.470036
1618,-5.496232,-4.833935,-7.833935,-1.833935,price_sensitive_uninformed,none,0.000000,3,38.269063,21.780367,0.090000,21.690367
1619,-6.046418,-6.254908,-9.254908,-3.254908,price_sensitive_uninformed,none,0.000000,3,38.269063,20.129809,0.090000,20.039809
1620,-5.678650,-4.757209,-7.757209,-1.757209,price_sensitive_uninformed,none,0.000000,3,38.269063,21.233115,0.090000,21.143115
1621,-7.308461,-8.295391,-11.295391,-5.295391,price_sensitive_uninformed,none,0.000000,3,38.269063,16.343680,0.090000,16.253680
1622,-6.502974,-7.446487,-10.446487,-4.446487,price_sensitive_uninformed,none,0.000000,3,38.269063,18.760140,0.090000,18.670140
1623,-5.606793,-5.920523,-8.920523,-2.920523,informed,none,0.000000,3,38.269063,21.448685,0.090000,21.358685
1624,-5.787355,-5.055776,-8.055776,-2.055776,informed,none,0.000000,3,38.269063,20.906998,0.090000,20.816998
1625,-4.509294,-3.959382,-6.959382,-0.959382,informed,none,0.000000,3,38.269063,24.741180,0.090000,24.651180
1626,-4.544023,-4.681297,-7.681297,-1.681297,price_sensitive_uninformed,sell_to_mm,-7.681297,4,45.950361,27.774268,0.160000,27.614268
1627,-6.306189,-5.726288,-8.726288,-2.726288,price_sensitive_uninformed,none,0.000000,4,45.950361,20.725605,0.160000,20.565605
1628,-5.876134,-6.198959,-9.198959,-3.198959,price_sensitive_uninformed,none,0.000000,4,45.950361,22.445824,0.160000,22.285824
1629,-8.982250,-10.237317,-13.237317,-7.237317,price_sensitive_uninformed,none,0.000000,4,45.950361,10.021361,0.160000,9.861361
1630,-9.185524,-12.276795,-15.276795,-9.276795,price_sensitive_uninformed,none,0.000000,4,45.950361,9.208264,0.160000,9.048264
1631,-9.108402,-8.893577,-11.893577,-5.893577,price_sensitive_uninformed,none,0.000000,4,45.950361,9.516752,0.160000,9.356752
1632,-10.778320,-10.331809,-13.331809,-7.331809,price_sensitive_uninformed,none,0.000000,4,45.950361,2.837083,0.160000,2.677083
1633,-12.324581,-12.950272,-15.950272,-9.950272,price_sensitive_uninformed,none,0.000000,4,45.950361,-3.347963,0.160000,-3.507963
1634,-14.394873,-14.386591,-17.386591,-11.386591,price_sensitive_uninformed,none,0.000000,4,45.950361,-11.629133,0.160000,-11.789133
1635,-14.777211,-12.911583,-15.911583,-9.911583,price_sensitive_uninformed,none,0.000000,4,45.950361,-13.158484,0.160000,-13.318484
1636,-15.186611,-14.213232,-17.213232,-11.213232,price_sensitive_uninformed,none,0.000000,4,45.950361,-14.796085,0.160000,-14.956085
1637,-14.429621,-13.770100,-16.770100,-10.770100,informed,none,0.000000,4,45.950361,-11.768125,0.160000,-11.928125
1638,-15.460601,-14.967916,-17.967916,-11.967916,informed,none,0.000000,4,45.950361,-15.892045,0.160000,-16.052045
1639,-14.913498,-14.149990,-17.149990,-11.149990,price_sensitive_uninformed,none,0.000000,4,45.950361,-13.703631,0.160000,-13.863631
1640,-15.085852,-15.880436,-18.880436,-12.880436,informed,none,0.000000,4,45.950361,-14.393047,0.160000,-14.553047
1641,-14.562474,-14.570109,-17.570109,-11.570109,informed,none,0.000000,4,45.950361,-12.299535,0.160000,-12.459535
1642,-14.544114,-13.952502,-16.952502,-10.952502,price_sensitive_uninformed,none,0.000000,4,45.950361,-12.226095,0.160000,-12.386095
1643,-14.512097,-13.768207,-16.768207,-10.768207,price_sensitive_uninformed,none,0.000000,4,45.950361,-12.098029,0.160000,-12.258029
1644,-13.104192,-14.380278,-17.380278,-11.380278,price_sensitive_uninformed,none,0.000000,4,45.950361,-6.466406,0.160000,-6.626406
1645,-14.248177,-15.409384,-18.409384,-12.409384,price_sensitive_uninformed,none,0.000000,4,45.950361,-11.042348,0.160000,-11.202348
1646,-15.644966,-16.375276,-19.375276,-13.375276,price_sensitive_uninformed,none,0.000000,4,45.950361,-16.629505,0.160000,-16.789505
1647,-15.991436,-16.824308,-19.824308,-13.824308,informed,none,0.000000,4,45.950361,-18.015383,0.160000,-18.175383
1648,-15.195293,-15.955391,-18.955391,-12.955391,price_sensitive_uninformed,none,0.000000,4,45.950361,-14.830811,0.160000,-14.990811
1649,-16.020081,-16.540623,-19.540623,-13.540623,informed,none,0.000000,4,45.950361,-18.129963,0.160000,-18.289963
1650,-14.807818,-14.268031,-17.268031,-11.268031,price_sensitive_uninformed,none,0.000000,4,45.950361,-13.280910,0.160000,-13.440910
1651,-15.350966,-14.764543,-17.764543,-11.764543,price_sensitive_uninformed,none,0.000000,4,45.950361,-15.453503,0.160000,-15.613503
1652,-16.747248,-17.186867,-20.186867,-14.186867,price_sensitive_uninformed,none,0.000000,4,45.950361,-21.038629,0.160000,-21.198629
1653,-17.032660,-15.673294,-18.673294,-12.673294,price_sensitive_uninformed,none,0.000000,4,45.950361,-22.180281,0.160000,-22.340281
1654,-16.704167,-17.387329,-20.387329,-14.387329,price_sensitive_uninformed,none,0.000000,4,45.950361,-20.866307,0.160000,-21.026307
1655,-17.223887,-17.857794,-20.857794,-14.857794,informed,none,0.000000,4,45.950361,-22.945186,0.160000,-23.105186
1656,-16.983742,-15.341634,-18.341634,-12.341634,informed,none,0.000000,4,45.950361,-21.984608,0.160000,-22.144608
1657,-17.809630,-18.403294,-21.403294,-15.403294,price_sensitive_uninformed,none,0.000000,4,45.950361,-25.288157,0.160000,-25.448157
1658,-17.834298,-17.294257,-20.294257,-14.294257,price_sensitive_uninformed,none,0.000000,4,45.950361,-25.386833,0.160000,-25.546833
1659,-16.736083,-17.371523,-20.371523,-14.371523,price_sensitive_uninformed,none,0.000000,4,45.950361,-20.993971,0.160000,-21.153971
1660,-18.557221,-19.307870,-22.307870,-16.307870,informed,none,0.000000,4,45.950361,-28.278524,0.160000,-28.438524
1661,-18.327340,-17.223450,-20.223450,-14.223450,price_sensitive_uninformed,none,0.000000,4,45.950361,-27.358998,0.160000,-27.518998
1662,-19.103116,-19.761762,-22.761762,-16.761762,informed,none,0.000000,4,45.950361,-30.462105,0.160000,-30.622105
1663,-17.779195,-16.946860,-19.946860,-13.946860,price_sensitive_uninformed,none,0.000000,4,45.950361,-25.166420,0.160000,-25.326420
1664,-17.848316,-16.471897,-19.471897,-13.471897,price_sensitive_uninformed,none,0.000000,4,45.950361,-25.442903,0.160000,-25.602903
1665,-18.403447,-18.789268,-21.789268,-15.789268,price_sensitive_uninformed,none,0.000000,4,45.950361,-27.663429,0.160000,-27.823429
1666,-18.537745,-17.243877,-20.243877,-14.243877,price_sensitive_uninformed,none,0.000000,4,45.950361,-28.200621,0.160000,-28.360621
1667,-17.452313,-16.266598,-19.266598,-13.266598,price_sensitive_uninformed,none,0.000000,4,45.950361,-23.858892,0.160000,-24.018892
1668,-17.507003,-16.311935,-19.311935,-13.311935,informed,none,0.000000,4,45.950361,-24.077650,0.160000,-24.237650
1669,-19.412218,-22.359400,-25.359400,-19.359400,price_sensitive_uninformed,none,0.000000,4,45.950361,-31.698512,0.160000,-31.858512
1670,-20.210854,-21.282320,-24.282320,-18.282320,price_sensitive_uninformed,none,0.000000,4,45.950361,-34.893054,0.160000,-35.053054
1671,-20.522233,-20.923527,-23.923527,-17.923527,price_sensitive_uninformed,none,0.000000,4,45.950361,-36.138571,0.160000,-36.298571
1672,-22.444199,-21.431809,-24.431809,-18.431809,price_sensitive_uninformed,none,0.000000,4,45.950361,-43.826437,0.160000,-43.986437
1673,-24.259639,-24.523300,-27.523300,-21.523300,informed,none,0.000000,4,45.950361,-51.088196,0.160000,-51.248196
1674,-24.015796,-23.364540,-26.364540,-20.364540,informed,none,0.000000,4,45.950361,-50.112823,0.160000,-50.272823
1675,-24.972541,-25.621182,-28.621182,-22.621182,price_sensitive_uninformed,none,0.000000,4,45.950361,-53.939804,0.160000,-54.099804
1676,-24.181249,-24.495345,-27.495345,-21.495345,price_sensitive_uninformed,none,0.000000,4,45.950361,-50.774637,0.160000,-50.934637
1677,-25.456326,-25.689888,-28.689888,-22.689888,price_sensitive_uninformed,none,0.000000,4,45.950361,-55.874945,0.160000,-56.034945
1678,-25.469055,-24.958634,-27.958634,-21.958634,price_sensitive_uninformed,none,0.000000,4,45.950361,-55.925859,0.160000,-56.085859
1679,-25.899675,-27.140458,-30.140458,-24.140458,informed,none,0.000000,4,45.950361,-57.648338,0.160000,-57.808338
1680,-23.044597,-20.105945,-23.105945,-17.105945,price_sensitive_uninformed,none,0.000000,4,45.950361,-46.228025,0.160000,-46.388025
1681,-24.595032,-23.811760,-26.811760,-20.811760,price_sensitive_uninformed,none,0.000000,4,45.950361,-52.429769,0.160000,-52.589769
1682,-24.408293,-24.954744,-27.954744,-21.954744,informed,none,0.000000,4,45.950361,-51.682811,0.160000,-51.842811
1683,-23.309331,-22.388315,-25.388315,-19.388315,informed,none,0.000000,4,45.950361,-47.286964,0.160000,-47.446964
1684,-24.384442,-21.564933,-24.564933,-18.564933,price_sensitive_uninformed,none,0.000000,4,45.950361,-51.587407,0.160000,-51.747407
1685,-24.255706,-25.448405,-28.448405,-22.448405,price_sensitive_uninformed,none,0.000000,4,45.950361,-51.072462,0.160000,-51.232462
1686,-23.428885,-23.657956,-26.657956,-20.657956,price_sensitive_uninformed,none,0.000000,4,45.950361,-47.765180,0.160000,-47.925180
1687,-24.048180,-24.110882,-27.110882,-21.110882,informed,none,0.000000,4,45.950361,-50.242361,0.160000,-50.402361
1688,-23.474602,-22.769535,-25.769535,-19.769535,informed,none,0.000000,4,45.950361,-47.948048,0.160000,-48.108048
1689,-23.182152,-23.684432,-26.684432,-20.684432,informed,none,0.000000,4,45.950361,-46.778246,0.160000,-46.938246
1690,-23.030311,-20.852134,-23.852134,-17.852134,informed,none,0.000000,4,45.950361,-46.170885,0.160000,-46.330885
1691,-22.213227,-23.411180,-26.411180,-20.411180,price_sensitive_uninformed,none,0.000000,4,45.950361,-42.902547,0.160000,-43.062547
1692,-21.878440,-19.836996,-22.836996,-16.836996,price_sensitive_uninformed,none,0.000000,4,45.950361,-41.563401,0.160000,-41.723401
1693,-21.571767,-21.748395,-24.748395,-18.748395,price_sensitive_uninformed,none,0.000000,4,45.950361,-40.336709,0.160000,-40.496709
1694,-20.660971,-22.188024,-25.188024,-19.188024,informed,none,0.000000,4,45.950361,-36.693523,0.160000,-36.853523
1695,-19.201225,-20.556782,-23.556782,-17.556782,informed,none,0.000000,4,45.950361,-30.854539,0.160000,-31.014539
1696,-20.704094,-20.553916,-23.553916,-17.553916,price_sensitive_uninformed,none,0.000000,4,45.950361,-36.866017,0.160000,-37.026017
1697,-22.209154,-23.551426,-26.551426,-20.551426,price_sensitive_uninformed,none,0.000000,4,45.950361,-42.886256,0.160000,-43.046256
1698,-23.536857,-24.253816,-27.253816,-21.253816,informed,none,0.000000,4,45.950361,-48.197066,0.160000,-48.357066
1699,-24.316500,-24.246384,-27.246384,-21.246384,informed,none,0.000000,4,45.950361,-51.315638,0.160000,-51.475638
1700,-25.022733,-24.418894,-27.418894,-21.418894,informed,none,0.000000,4,45.950361,-54.140573,0.160000,-54.300573
1701,-25.315172,-24.752840,-27.752840,-21.752840,price_sensitive_uninformed,none,0.000000,4,45.950361,-55.310329,0.160000,-55.470329
1702,-25.233627,-26.044245,-29.044245,-23.044245,informed,none,0.000000,4,45.950361,-54.984148,0.160000,-55.144148
1703,-23.675339,-24.919121,-27.919121,-21.919121,price_sensitive_uninformed,none,0.000000,4,45.950361,-48.750996,0.160000,-48.910996
1704,-23.732890,-23.379737,-26.379737,-20.379737,informed,none,0.000000,4,45.950361,-48.981199,0.160000,-49.141199
1705,-24.106607,-23.394888,-26.394888,-20.394888,price_sensitive_uninformed,none,0.000000,4,45.950361,-50.476066,0.160000,-50.636066
1706,-25.348367,-26.001368,-29.001368,-23.001368,price_sensitive_uninformed,buy_from_mm,-23.001368,3,22.948992,-53.096108,0.090000,-53.186108
1707,-24.104249,-26.570716,-29.570716,-23.570716,informed,none,0.000000,3,22.948992,-49.363754,0.090000,-49.453754
1708,-23.047733,-24.436320,-27.436320,-21.436320,price_sensitive_uninformed,none,0.000000,3,22.948992,-46.194206,0.090000,-46.284206
1709,-24.063365,-26.288041,-29.288041,-23.288041,price_sensitive_uninformed,none,0.000000,3,22.948992,-49.241102,0.090000,-49.331102
1710,-23.570665,-24.054350,-27.054350,-21.054350,informed,none,0.000000,3,22.948992,-47.763003,0.090000,-47.853003
1711,-22.948693,-24.632015,-27.632015,-21.632015,price_sensitive_uninformed,none,0.000000,3,22.948992,-45.897087,0.090000,-45.987087
1712,-22.469117,-21.106723,-24.106723,-18.106723,price_sensitive_uninformed,none,0.000000,3,22.948992,-44.458357,0.090000,-44.548357
1713,-24.052638,-23.830664,-26.830664,-20.830664,price_sensitive_uninformed,none,0.000000,3,22.948992,-49.208922,0.090000,-49.298922
1714,-23.424746,-24.294373,-27.294373,-21.294373,informed,none,0.000000,3,22.948992,-47.325247,0.090000,-47.415247
1715,-22.900122,-22.854872,-25.854872,-19.854872,price_sensitive_uninformed,none,0.000000,3,22.948992,-45.751374,0.090000,-45.841374
1716,-24.029847,-24.692193,-27.692193,-21.692193,price_sensitive_uninformed,none,0.000000,3,22.948992,-49.140547,0.090000,-49.230547
1717,-21.913137,-21.786277,-24.786277,-18.786277,informed,none,0.000000,3,22.948992,-42.790419,0.090000,-42.880419
1718,-19.541130,-19.174688,-22.174688,-16.174688,informed,none,0.000000,3,22.948992,-35.674396,0.090000,-35.764396
1719,-20.123849,-21.274104,-24.274104,-18.274104,price_sensitive_uninformed,none,0.000000,3,22.948992,-37.422553,0.090000,-37.512553
1720,-21.033328,-23.041877,-26.041877,-20.041877,price_sensitive_uninformed,none,0.000000,3,22.948992,-40.150992,0.090000,-40.240992
1721,-21.540057,-21.858148,-24.858148,-18.858148,informed,none,0.000000,3,22.948992,-41.671180,0.090000,-41.761180
1722,-21.139732,-20.366131,-23.366131,-17.366131,informed,none,0.000000,3,22.948992,-40.470203,0.090000,-40.560203
1723,-21.431987,-23.224472,-26.224472,-20.224472,price_sensitive_uninformed,none,0.000000,3,22.948992,-41.346969,0.090000,-41.436969
1724,-21.420691,-20.232320,-23.232320,-17.232320,informed,none,0.000000,3,22.948992,-41.313080,0.090000,-41.403080
1725,-20.428072,-20.563189,-23.563189,-17.563189,price_sensitive_uninformed,none,0.000000,3,22.948992,-38.335223,0.090000,-38.425223
1726,-19.608986,-19.918253,-22.918253,-16.918253,price_sensitive_uninformed,none,0.000000,3,22.948992,-35.877966,0.090000,-35.967966
1727,-20.571430,-20.283550,-23.283550,-17.283550,price_sensitive_uninformed,none,0.000000,3,22.948992,-38.765297,0.090000,-38.855297
1728,-20.713972,-22.515702,-25.515702,-19.515702,informed,none,0.000000,3,22.948992,-39.192924,0.090000,-39.282924
1729,-21.195490,-21.673722,-24.673722,-18.673722,informed,none,0.000000,3,22.948992,-40.637476,0.090000,-40.727476
1730,-21.997689,-22.558038,-25.558038,-19.558038,informed,none,0.000000,3,22.948992,-43.044075,0.090000,-43.134075
1731,-21.416881,-23.369340,-26.369340,-20.369340,price_sensitive_uninformed,none,0.000000,3,22.948992,-41.301652,0.090000,-41.391652
1732,-21.769334,-21.872753,-24.872753,-18.872753,price_sensitive_uninformed,none,0.000000,3,22.948992,-42.359010,0.090000,-42.449010
1733,-20.922347,-21.199843,-24.199843,-18.199843,price_sensitive_uninformed,none,0.000000,3,22.948992,-39.818048,0.090000,-39.908048
1734,-21.796536,-22.766102,-25.766102,-19.766102,price_sensitive_uninformed,none,0.000000,3,22.948992,-42.440614,0.090000,-42.530614
1735,-22.105534,-22.158662,-25.158662,-19.158662,informed,none,0.000000,3,22.948992,-43.367608,0.090000,-43.457608
1736,-22.191408,-22.846283,-25.846283,-19.846283,price_sensitive_uninformed,none,0.000000,3,22.948992,-43.625232,0.090000,-43.715232
1737,-23.518636,-23.365405,-26.365405,-20.365405,price_sensitive_uninformed,none,0.000000,3,22.948992,-47.606914,0.090000,-47.696914
1738,-23.845164,-22.599083,-25.599083,-19.599083,price_sensitive_uninformed,none,0.000000,3,22.948992,-48.586500,0.090000,-48.676500
1739,-22.350576,-21.094456,-24.094456,-18.094456,price_sensitive_uninformed,none,0.000000,3,22.948992,-44.102737,0.090000,-44.192737
1740,-20.690536,-22.281165,-25.281165,-19.281165,price_sensitive_uninformed,none,0.000000,3,22.948992,-39.122616,0.090000,-39.212616
1741,-19.393907,-19.320035,-22.320035,-16.320035,informed,none,0.000000,3,22.948992,-35.232728,0.090000,-35.322728
1742,-16.693506,-15.973162,-18.973162,-12.973162,price_sensitive_uninformed,none,0.000000,3,22.948992,-27.131526,0.090000,-27.221526
1743,-17.026544,-17.521235,-20.521235,-14.521235,price_sensitive_uninformed,none,0.000000,3,22.948992,-28.130638,0.090000,-28.220638
1744,-17.097583,-16.158378,-19.158378,-13.158378,price_sensitive_uninformed,none,0.000000,3,22.948992,-28.343757,0.090000,-28.433757
1745,-16.007783,-15.173834,-18.173834,-12.173834,price_sensitive_uninformed,none,0.000000,3,22.948992,-25.074357,0.090000,-25.164357
1746,-17.155568,-17.739066,-20.739066,-14.739066,price_sensitive_uninformed,none,0.000000,3,22.948992,-28.517710,0.090000,-28.607710
1747,-15.933498,-16.649753,-19.649753,-13.649753,price_sensitive_uninformed,none,0.000000,3,22.948992,-24.851503,0.090000,-24.941503
1748,-15.672559,-16.267557,-19.267557,-13.267557,price_sensitive_uninformed,none,0.000000,3,22.948992,-24.068685,0.090000,-24.158685
1749,-17.808437,-18.243995,-21.243995,-15.243995,informed,none,0.000000,3,22.948992,-30.476320,0.090000,-30.566320
1750,-16.294144,-16.868036,-19.868036,-13.868036,informed,none,0.000000,3,22.948992,-25.933440,0.090000,-26.023440
1751,-16.048449,-15.485872,-18.485872,-12.485872,price_sensitive_uninformed,none,0.000000,3,22.948992,-25.196355,0.090000,-25.286355
1752,-14.548816,-15.882195,-18.882195,-12.882195,informed,none,0.000000,3,22.948992,-20.697456,0.090000,-20.787456
1753,-15.635317,-15.361569,-18.361569,-12.361569,price_sensitive_uninformed,none,0.000000,3,22.948992,-23.956960,0.090000,-24.046960
1754,-16.144321,-15.465644,-18.465644,-12.465644,informed,none,0.000000,3,22.948992,-25.483970,0.090000,-25.573970
1755,-16.790815,-15.563024,-18.563024,-12.563024,price_sensitive_uninformed,none,0.000000,3,22.948992,-27.423451,0.090000,-27.513451
1756,-15.224476,-15.881432,-18.881432,-12.881432,price_sensitive_uninformed,none,0.000000,3,22.948992,-22.724434,0.090000,-22.814434
1757,-16.613707,-16.780668,-19.780668,-13.780668,price_sensitive_uninformed,none,0.000000,3,22.948992,-26.892127,0.090000,-26.982127
1758,-17.381274,-17.491981,-20.491981,-14.491981,informed,none,0.000000,3,22.948992,-29.194828,0.090000,-29.284828
1759,-17.471892,-18.111399,-21.111399,-15.111399,price_sensitive_uninformed,none,0.000000,3,22.948992,-29.466684,0.090000,-29.556684
1760,-18.519749,-17.496358,-20.496358,-14.496358,price_sensitive_uninformed,none,0.000000,3,22.948992,-32.610255,0.090000,-32.700255
1761,-17.818537,-17.820663,-20.820663,-14.820663,informed,none,0.000000,3,22.948992,-30.506619,0.090000,-30.596619
1762,-17.267142,-16.228427,-19.228427,-13.228427,informed,none,0.000000,3,22.948992,-28.852434,0.090000,-28.942434
1763,-17.408076,-15.926012,-18.926012,-12.926012,price_sensitive_uninformed,none,0.000000,3,22.948992,-29.275235,0.090000,-29.365235
1764,-18.866397,-17.223595,-20.223595,-14.223595,informed,none,0.000000,3,22.948992,-33.650197,0.090000,-33.740197
1765,-18.318881,-18.947010,-21.947010,-15.947010,informed,none,0.000000,3,22.948992,-32.007652,0.090000,-32.097652
1766,-18.025346,-18.193871,-21.193871,-15.193871,informed,none,0.000000,3,22.948992,-31.127046,0.090000,-31.217046
1767,-20.232549,-19.596934,-22.596934,-16.596934,price_sensitive_uninformed,none,0.000000,3,22.948992,-37.748654,0.090000,-37.838654
1768,-20.894433,-21.022111,-24.022111,-18.022111,price_sensitive_uninformed,none,0.000000,3,22.948992,-39.734307,0.090000,-39.824307
1769,-20.976437,-19.980864,-22.980864,-16.980864,informed,none,0.000000,3,22.948992,-39.980320,0.090000,-40.070320
1770,-19.832755,-19.469846,-22.469846,-16.469846,price_sensitive_uninformed,none,0.000000,3,22.948992,-36.549272,0.090000,-36.639272
1771,-20.210640,-21.632792,-24.632792,-18.632792,price_sensitive_uninformed,none,0.000000,3,22.948992,-37.682928,0.090000,-37.772928
1772,-19.472757,-21.539006,-24.539006,-18.539006,price_sensitive_uninformed,none,0.000000,3,22.948992,-35.469279,0.090000,-35.559279
1773,-18.771760,-17.098619,-20.098619,-14.098619,informed,none,0.000000,3,22.948992,-33.366287,0.090000,-33.456287
1774,-19.314259,-19.202314,-22.202314,-16.202314,informed,none,0.000000,3,22.948992,-34.993784,0.090000,-35.083784
1775,-19.129210,-20.105396,-23.105396,-17.105396,price_sensitive_uninformed,none,0.000000,3,22.948992,-34.438637,0.090000,-34.528637
1776,-19.581474,-20.743866,-23.743866,-17.743866,price_sensitive_uninformed,sell_to_mm,-23.743866,4,46.692858,-31.633037,0.160000,-31.793037
1777,-21.254619,-19.800440,-22.800440,-16.800440,price_sensitive_uninformed,none,0.000000,4,46.692858,-38.325618,0.160000,-38.485618
1778,-19.927121,-19.423806,-22.423806,-16.423806,price_sensitive_uninformed,none,0.000000,4,46.692858,-33.015627,0.160000,-33.175627
1779,-21.867882,-22.085862,-25.085862,-19.085862,price_sensitive_uninformed,none,0.000000,4,46.692858,-40.778669,0.160000,-40.938669
1780,-21.105758,-20.725546,-23.725546,-17.725546,informed,none,0.000000,4,46.692858,-37.730176,0.160000,-37.890176
1781,-22.207019,-23.459929,-26.459929,-20.459929,informed,none,0.000000,4,46.692858,-42.135217,0.160000,-42.295217
1782,-21.726386,-23.176958,-26.176958,-20.176958,price_sensitive_uninformed,none,0.000000,4,46.692858,-40.212684,0.160000,-40.372684
1783,-19.945731,-19.473622,-22.473622,-16.473622,price_sensitive_uninformed,none,0.000000,4,46.692858,-33.090067,0.160000,-33.250067
1784,-22.063900,-22.294131,-25.294131,-19.294131,price_sensitive_uninformed,none,0.000000,4,46.692858,-41.562740,0.160000,-41.722740
1785,-20.888502,-22.032657,-25.032657,-19.032657,price_sensitive_uninformed,none,0.000000,4,46.692858,-36.861150,0.160000,-37.021150
1786,-21.401468,-20.092117,-23.092117,-17.092117,price_sensitive_uninformed,none,0.000000,4,46.692858,-38.913014,0.160000,-39.073014
1787,-21.531401,-20.349510,-23.349510,-17.349510,informed,none,0.000000,4,46.692858,-39.432747,0.160000,-39.592747
1788,-21.525034,-22.382009,-25.382009,-19.382009,informed,none,0.000000,4,46.692858,-39.407279,0.160000,-39.567279
1789,-22.568290,-23.899461,-26.899461,-20.899461,price_sensitive_uninformed,none,0.000000,4,46.692858,-43.580302,0.160000,-43.740302
1790,-21.605323,-22.513792,-25.513792,-19.513792,price_sensitive_uninformed,none,0.000000,4,46.692858,-39.728432,0.160000,-39.888432
1791,-22.308313,-21.959511,-24.959511,-18.959511,informed,none,0.000000,4,46.692858,-42.540395,0.160000,-42.700395
1792,-22.203725,-21.101199,-24.101199,-18.101199,price_sensitive_uninformed,none,0.000000,4,46.692858,-42.122040,0.160000,-42.282040
1793,-23.063751,-23.563490,-26.563490,-20.563490,price_sensitive_uninformed,none,0.000000,4,46.692858,-45.562145,0.160000,-45.722145
1794,-24.285764,-24.058499,-27.058499,-21.058499,informed,none,0.000000,4,46.692858,-50.450199,0.160000,-50.610199
1795,-23.821331,-25.461407,-28.461407,-22.461407,informed,none,0.000000,4,46.692858,-48.592465,0.160000,-48.752465
1796,-23.026744,-24.352235,-27.352235,-21.352235,informed,none,0.000000,4,46.692858,-45.414120,0.160000,-45.574120
1797,-24.017479,-22.142888,-25.142888,-19.142888,informed,none,0.000000,4,46.692858,-49.377056,0.160000,-49.537056
1798,-21.435122,-22.172758,-25.172758,-19.172758,price_sensitive_uninformed,buy_from_mm,-19.172758,3,27.520100,-36.785267,0.090000,-36.875267
1799,-22.907004,-22.465106,-25.465106,-19.465106,price_sensitive_uninformed,none,0.000000,3,27.520100,-41.200913,0.090000,-41.290913
1800,-23.137311,-24.013517,-27.013517,-21.013517,price_sensitive_uninformed,none,0.000000,3,27.520100,-41.891834,0.090000,-41.981834
1801,-22.971153,-22.817214,-25.817214,-19.817214,price_sensitive_uninformed,none,0.000000,3,27.520100,-41.393360,0.090000,-41.483360
1802,-23.048295,-22.922668,-25.922668,-19.922668,price_sensitive_uninformed,none,0.000000,3,27.520100,-41.624784,0.090000,-41.714784
1803,-22.087475,-23.008232,-26.008232,-20.008232,price_sensitive_uninformed,none,0.000000,3,27.520100,-38.742326,0.090000,-38.832326
1804,-23.551509,-25.858046,-28.858046,-22.858046,price_sensitive_uninformed,none,0.000000,3,27.520100,-43.134427,0.090000,-43.224427
1805,-23.209717,-23.193436,-26.193436,-20.193436,price_sensitive_uninformed,none,0.000000,3,27.520100,-42.109051,0.090000,-42.199051
1806,-21.951539,-22.697403,-25.697403,-19.697403,informed,none,0.000000,3,27.520100,-38.334516,0.090000,-38.424516
1807,-21.333275,-22.126622,-25.126622,-19.126622,price_sensitive_uninformed,none,0.000000,3,27.520100,-36.479724,0.090000,-36.569724
1808,-22.176086,-22.242653,-25.242653,-19.242653,price_sensitive_uninformed,none,0.000000,3,27.520100,-39.008159,0.090000,-39.098159
1809,-20.488520,-20.200225,-23.200225,-17.200225,informed,none,0.000000,3,27.520100,-33.945460,0.090000,-34.035460
1810,-20.593513,-22.954352,-25.954352,-19.954352,price_sensitive_uninformed,none,0.000000,3,27.520100,-34.260440,0.090000,-34.350440
1811,-21.795042,-22.741948,-25.741948,-19.741948,informed,none,0.000000,3,27.520100,-37.865025,0.090000,-37.955025
1812,-20.977533,-20.083105,-23.083105,-17.083105,price_sensitive_uninformed,none,0.000000,3,27.520100,-35.412499,0.090000,-35.502499
1813,-22.237912,-22.163250,-25.163250,-19.163250,price_sensitive_uninformed,none,0.000000,3,27.520100,-39.193635,0.090000,-39.283635
1814,-20.869799,-22.044208,-25.044208,-19.044208,informed,none,0.000000,3,27.520100,-35.089298,0.090000,-35.179298
1815,-20.548196,-20.224319,-23.224319,-17.224319,informed,none,0.000000,3,27.520100,-34.124489,0.090000,-34.214489
1816,-21.657153,-22.162587,-25.162587,-19.162587,price_sensitive_uninformed,none,0.000000,3,27.520100,-37.451359,0.090000,-37.541359
1817,-20.695806,-20.128540,-23.128540,-17.128540,informed,none,0.000000,3,27.520100,-34.567318,0.090000,-34.657318
1818,-19.923244,-19.671576,-22.671576,-16.671576,informed,none,0.000000,3,27.520100,-32.249631,0.090000,-32.339631
1819,-20.374255,-20.443330,-23.443330,-17.443330,price_sensitive_uninformed,none,0.000000,3,27.520100,-33.602666,0.090000,-33.692666
1820,-20.454148,-20.058909,-23.058909,-17.058909,informed,none,0.000000,3,27.520100,-33.842344,0.090000,-33.932344
1821,-19.256116,-17.848271,-20.848271,-14.848271,price_sensitive_uninformed,none,0.000000,3,27.520100,-30.248248,0.090000,-30.338248
1822,-19.409410,-20.421131,-23.421131,-17.421131,price_sensitive_uninformed,none,0.000000,3,27.520100,-30.708130,0.090000,-30.798130
1823,-19.017857,-20.241572,-23.241572,-17.241572,price_sensitive_uninformed,none,0.000000,3,27.520100,-29.533472,0.090000,-29.623472
1824,-16.631574,-16.632204,-19.632204,-13.632204,price_sensitive_uninformed,none,0.000000,3,27.520100,-22.374621,0.090000,-22.464621
1825,-17.339736,-16.794234,-19.794234,-13.794234,price_sensitive_uninformed,none,0.000000,3,27.520100,-24.499108,0.090000,-24.589108
1826,-16.955995,-17.381791,-20.381791,-14.381791,price_sensitive_uninformed,none,0.000000,3,27.520100,-23.347886,0.090000,-23.437886
1827,-17.302239,-16.659686,-19.659686,-13.659686,price_sensitive_uninformed,none,0.000000,3,27.520100,-24.386616,0.090000,-24.476616
1828,-18.307939,-18.747685,-21.747685,-15.747685,price_sensitive_uninformed,none,0.000000,3,27.520100,-27.403717,0.090000,-27.493717
1829,-17.497082,-16.943488,-19.943488,-13.943488,price_sensitive_uninformed,none,0.000000,3,27.520100,-24.971145,0.090000,-25.061145
1830,-17.949520,-17.275699,-20.275699,-14.275699,informed,none,0.000000,3,27.520100,-26.328459,0.090000,-26.418459
1831,-17.085122,-16.289095,-19.289095,-13.289095,price_sensitive_uninformed,none,0.000000,3,27.520100,-23.735264,0.090000,-23.825264
1832,-16.765581,-15.962771,-18.962771,-12.962771,informed,none,0.000000,3,27.520100,-22.776642,0.090000,-22.866642
1833,-16.346806,-16.497565,-19.497565,-13.497565,price_sensitive_uninformed,none,0.000000,3,27.520100,-21.520319,0.090000,-21.610319
1834,-18.197900,-16.851055,-19.851055,-13.851055,price_sensitive_uninformed,none,0.000000,3,27.520100,-27.073601,0.090000,-27.163601
1835,-19.834460,-19.911491,-22.911491,-16.911491,price_sensitive_uninformed,none,0.000000,3,27.520100,-31.983280,0.090000,-32.073280
1836,-19.809966,-20.221108,-23.221108,-17.221108,informed,none,0.000000,3,27.520100,-31.909797,0.090000,-31.999797
1837,-18.121913,-18.277156,-21.277156,-15.277156,price_sensitive_uninformed,none,0.000000,3,27.520100,-26.845639,0.090000,-26.935639
1838,-17.355785,-18.911181,-21.911181,-15.911181,informed,none,0.000000,3,27.520100,-24.547256,0.090000,-24.637256
1839,-17.873080,-18.425935,-21.425935,-15.425935,price_sensitive_uninformed,none,0.000000,3,27.520100,-26.099138,0.090000,-26.189138
1840,-18.142285,-18.687501,-21.687501,-15.687501,price_sensitive_uninformed,none,0.000000,3,27.520100,-26.906755,0.090000,-26.996755
1841,-16.952038,-17.112634,-20.112634,-14.112634,price_sensitive_uninformed,none,0.000000,3,27.520100,-23.336015,0.090000,-23.426015
1842,-16.692553,-15.628501,-18.628501,-12.628501,price_sensitive_uninformed,none,0.000000,3,27.520100,-22.557558,0.090000,-22.647558
1843,-17.777517,-16.255502,-19.255502,-13.255502,informed,none,0.000000,3,27.520100,-25.812449,0.090000,-25.902449
1844,-17.668097,-17.701474,-20.701474,-14.701474,price_sensitive_uninformed,none,0.000000,3,27.520100,-25.484191,0.090000,-25.574191
1845,-18.815955,-17.761891,-20.761891,-14.761891,price_sensitive_uninformed,none,0.000000,3,27.520100,-28.927765,0.090000,-29.017765
1846,-17.413084,-17.941266,-20.941266,-14.941266,price_sensitive_uninformed,none,0.000000,3,27.520100,-24.719150,0.090000,-24.809150
1847,-16.754066,-14.637162,-17.637162,-11.637162,informed,none,0.000000,3,27.520100,-22.742097,0.090000,-22.832097
1848,-16.903850,-17.540498,-20.540498,-14.540498,price_sensitive_uninformed,none,0.000000,3,27.520100,-23.191448,0.090000,-23.281448
1849,-17.559055,-16.254737,-19.254737,-13.254737,price_sensitive_uninformed,none,0.000000,3,27.520100,-25.157064,0.090000,-25.247064
1850,-18.235402,-18.000503,-21.000503,-15.000503,price_sensitive_uninformed,none,0.000000,3,27.520100,-27.186105,0.090000,-27.276105
1851,-18.850743,-19.082996,-22.082996,-16.082996,price_sensitive_uninformed,none,0.000000,3,27.520100,-29.032128,0.090000,-29.122128
1852,-16.802402,-16.675772,-19.675772,-13.675772,price_sensitive_uninformed,none,0.000000,3,27.520100,-22.887105,0.090000,-22.977105
1853,-16.554816,-15.334758,-18.334758,-12.334758,price_sensitive_uninformed,none,0.000000,3,27.520100,-22.144349,0.090000,-22.234349
1854,-16.909872,-16.237444,-19.237444,-13.237444,price_sensitive_uninformed,none,0.000000,3,27.520100,-23.209517,0.090000,-23.299517
1855,-17.491374,-16.559533,-19.559533,-13.559533,price_sensitive_uninformed,none,0.000000,3,27.520100,-24.954021,0.090000,-25.044021
1856,-17.395959,-16.729213,-19.729213,-13.729213,price_sensitive_uninformed,none,0.000000,3,27.520100,-24.667778,0.090000,-24.757778
1857,-16.616143,-15.779433,-18.779433,-12.779433,price_sensitive_uninformed,none,0.000000,3,27.520100,-22.328328,0.090000,-22.418328
1858,-15.573001,-16.713148,-19.713148,-13.713148,price_sensitive_uninformed,none,0.000000,3,27.520100,-19.198902,0.090000,-19.288902
1859,-14.492121,-15.575418,-18.575418,-12.575418,price_sensitive_uninformed,none,0.000000,3,27.520100,-15.956264,0.090000,-16.046264
1860,-14.130884,-13.251785,-16.251785,-10.251785,informed,none,0.000000,3,27.520100,-14.872552,0.090000,-14.962552
1861,-13.848221,-13.511067,-16.511067,-10.511067,price_sensitive_uninformed,none,0.000000,3,27.520100,-14.024563,0.090000,-14.114563
1862,-14.686609,-12.288183,-15.288183,-9.288183,price_sensitive_uninformed,none,0.000000,3,27.520100,-16.539726,0.090000,-16.629726
1863,-15.392465,-14.364373,-17.364373,-11.364373,price_sensitive_uninformed,none,0.000000,3,27.520100,-18.657294,0.090000,-18.747294
1864,-15.549868,-15.901572,-18.901572,-12.901572,price_sensitive_uninformed,none,0.000000,3,27.520100,-19.129505,0.090000,-19.219505
1865,-17.108495,-16.029130,-19.029130,-13.029130,informed,none,0.000000,3,27.520100,-23.805384,0.090000,-23.895384
1866,-17.711160,-17.449934,-20.449934,-14.449934,price_sensitive_uninformed,none,0.000000,3,27.520100,-25.613381,0.090000,-25.703381
1867,-18.454301,-18.483990,-21.483990,-15.483990,informed,none,0.000000,3,27.520100,-27.842803,0.090000,-27.932803
1868,-18.205014,-17.612925,-20.612925,-14.612925,informed,none,0.000000,3,27.520100,-27.094941,0.090000,-27.184941
1869,-18.817110,-20.121699,-23.121699,-17.121699,price_sensitive_uninformed,none,0.000000,3,27.520100,-28.931230,0.090000,-29.021230
1870,-19.380606,-19.243394,-22.243394,-16.243394,price_sensitive_uninformed,none,0.000000,3,27.520100,-30.621717,0.090000,-30.711717
1871,-19.745264,-19.216514,-22.216514,-16.216514,informed,none,0.000000,3,27.520100,-31.715690,0.090000,-31.805690
1872,-19.884994,-19.892021,-22.892021,-16.892021,price_sensitive_uninformed,none,0.000000,3,27.520100,-32.134881,0.090000,-32.224881
1873,-18.613833,-18.541294,-21.541294,-15.541294,price_sensitive_uninformed,none,0.000000,3,27.520100,-28.321398,0.090000,-28.411398
1874,-20.015921,-20.026730,-23.026730,-17.026730,informed,none,0.000000,3,27.520100,-32.527664,0.090000,-32.617664
1875,-19.087620,-20.826096,-23.826096,-17.826096,price_sensitive_uninformed,none,0.000000,3,27.520100,-29.742759,0.090000,-29.832759
1876,-17.753003,-17.231504,-20.231504,-14.231504,price_sensitive_uninformed,none,0.000000,3,27.520100,-25.738909,0.090000,-25.828909
1877,-19.092059,-19.651607,-22.651607,-16.651607,price_sensitive_uninformed,none,0.000000,3,27.520100,-29.756078,0.090000,-29.846078
1878,-19.603890,-18.570211,-21.570211,-15.570211,price_sensitive_uninformed,none,0.000000,3,27.520100,-31.291570,0.090000,-31.381570
1879,-19.483290,-18.206532,-21.206532,-15.206532,price_sensitive_uninformed,none,0.000000,3,27.520100,-30.929771,0.090000,-31.019771
1880,-18.522562,-19.247896,-22.247896,-16.247896,informed,none,0.000000,3,27.520100,-28.047586,0.090000,-28.137586
1881,-20.700507,-21.272831,-24.272831,-18.272831,informed,none,0.000000,3,27.520100,-34.581420,0.090000,-34.671420
1882,-20.338057,-20.847731,-23.847731,-17.847731,price_sensitive_uninformed,none,0.000000,3,27.520100,-33.494070,0.090000,-33.584070
1883,-20.902240,-22.280475,-25.280475,-19.280475,price_sensitive_uninformed,none,0.000000,3,27.520100,-35.186618,0.090000,-35.276618
1884,-20.470059,-20.726975,-23.726975,-17.726975,informed,none,0.000000,3,27.520100,-33.890077,0.090000,-33.980077
1885,-20.378875,-20.520195,-23.520195,-17.520195,informed,none,0.000000,3,27.520100,-33.616524,0.090000,-33.706524
1886,-20.957826,-22.975996,-25.975996,-19.975996,price_sensitive_uninformed,none,0.000000,3,27.520100,-35.353376,0.090000,-35.443376
1887,-22.439923,-23.886762,-26.886762,-20.886762,informed,none,0.000000,3,27.520100,-39.799670,0.090000,-39.889670
1888,-21.861202,-22.945862,-25.945862,-19.945862,price_sensitive_uninformed,none,0.000000,3,27.520100,-38.063506,0.090000,-38.153506
1889,-21.413884,-22.640707,-25.640707,-19.640707,informed,none,0.000000,3,27.520100,-36.721551,0.090000,-36.811551
1890,-22.848539,-22.617912,-25.617912,-19.617912,informed,none,0.000000,3,27.520100,-41.025517,0.090000,-41.115517
1891,-23.336322,-22.318907,-25.318907,-19.318907,informed,none,0.000000,3,27.520100,-42.488865,0.090000,-42.578865
1892,-24.619013,-25.551597,-28.551597,-22.551597,price_sensitive_uninformed,none,0.000000,3,27.520100,-46.336940,0.090000,-46.426940
1893,-24.341604,-23.168674,-26.168674,-20.168674,informed,none,0.000000,3,27.520100,-45.504711,0.090000,-45.594711
1894,-24.065769,-23.180278,-26.180278,-20.180278,price_sensitive_uninformed,none,0.000000,3,27.520100,-44.677208,0.090000,-44.767208
1895,-25.271209,-26.155105,-29.155105,-23.155105,informed,none,0.000000,3,27.520100,-48.293527,0.090000,-48.383527
1896,-25.527000,-25.764606,-28.764606,-22.764606,informed,none,0.000000,3,27.520100,-49.060899,0.090000,-49.150899
1897,-24.778573,-27.671152,-30.671152,-24.671152,informed,none,0.000000,3,27.520100,-46.815618,0.090000,-46.905618
1898,-24.864004,-26.940668,-29.940668,-23.940668,price_sensitive_uninformed,none,0.000000,3,27.520100,-47.071911,0.090000,-47.161911
1899,-26.415368,-27.527118,-30.527118,-24.527118,price_sensitive_uninformed,none,0.000000,3,27.520100,-51.726005,0.090000,-51.816005
1900,-26.996898,-26.135446,-29.135446,-23.135446,price_sensitive_uninformed,none,0.000000,3,27.520100,-53.470594,0.090000,-53.560594
1901,-27.435263,-27.831472,-30.831472,-24.831472,price_sensitive_uninformed,none,0.000000,3,27.520100,-54.785690,0.090000,-54.875690
1902,-27.361350,-28.974966,-31.974966,-25.974966,price_sensitive_uninformed,none,0.000000,3,27.520100,-54.563951,0.090000,-54.653951
1903,-27.893523,-26.837400,-29.837400,-23.837400,price_sensitive_uninformed,none,0.000000,3,27.520100,-56.160469,0.090000,-56.250469
1904,-28.442265,-28.864768,-31.864768,-25.864768,price_sensitive_uninformed,none,0.000000,3,27.520100,-57.806695,0.090000,-57.896695
1905,-32.523420,-31.815522,-34.815522,-28.815522,price_sensitive_uninformed,none,0.000000,3,27.520100,-70.050158,0.090000,-70.140158
1906,-32.872461,-32.034374,-35.034374,-29.034374,price_sensitive_uninformed,none,0.000000,3,27.520100,-71.097282,0.090000,-71.187282
1907,-35.292827,-34.082136,-37.082136,-31.082136,price_sensitive_uninformed,none,0.000000,3,27.520100,-78.358380,0.090000,-78.448380
1908,-35.382885,-33.931180,-36.931180,-30.931180,price_sensitive_uninformed,none,0.000000,3,27.520100,-78.628556,0.090000,-78.718556
1909,-34.024678,-35.192730,-38.192730,-32.192730,price_sensitive_uninformed,none,0.000000,3,27.520100,-74.553934,0.090000,-74.643934
1910,-33.915195,-36.300453,-39.300453,-33.300453,price_sensitive_uninformed,none,0.000000,3,27.520100,-74.225486,0.090000,-74.315486
1911,-34.957992,-35.355842,-38.355842,-32.355842,informed,none,0.000000,3,27.520100,-77.353877,0.090000,-77.443877
1912,-33.524863,-33.710805,-36.710805,-30.710805,informed,none,0.000000,3,27.520100,-73.054488,0.090000,-73.144488
1913,-32.437865,-32.036080,-35.036080,-29.036080,informed,none,0.000000,3,27.520100,-69.793494,0.090000,-69.883494
1914,-32.675373,-34.617916,-37.617916,-31.617916,informed,none,0.000000,3,27.520100,-70.506019,0.090000,-70.596019
1915,-32.024508,-32.559845,-35.559845,-29.559845,price_sensitive_uninformed,none,0.000000,3,27.520100,-68.553423,0.090000,-68.643423
1916,-33.702279,-33.334874,-36.334874,-30.334874,price_sensitive_uninformed,none,0.000000,3,27.520100,-73.586737,0.090000,-73.676737
1917,-33.687698,-34.917672,-37.917672,-31.917672,price_sensitive_uninformed,none,0.000000,3,27.520100,-73.542993,0.090000,-73.632993
1918,-34.433691,-34.974928,-37.974928,-31.974928,informed,none,0.000000,3,27.520100,-75.780972,0.090000,-75.870972
1919,-34.139962,-36.744428,-39.744428,-33.744428,informed,none,0.000000,3,27.520100,-74.899785,0.090000,-74.989785
1920,-33.250355,-35.209661,-38.209661,-32.209661,informed,none,0.000000,3,27.520100,-72.230964,0.090000,-72.320964
1921,-33.607492,-33.054090,-36.054090,-30.054090,price_sensitive_uninformed,none,0.000000,3,27.520100,-73.302376,0.090000,-73.392376
1922,-34.203243,-35.201714,-38.201714,-32.201714,price_sensitive_uninformed,sell_to_mm,-38.201714,4,65.721814,-71.091157,0.160000,-71.251157
1923,-33.331943,-33.768608,-36.768608,-30.768608,informed,none,0.000000,4,65.721814,-67.605959,0.160000,-67.765959
1924,-31.761515,-31.606146,-34.606146,-28.606146,price_sensitive_uninformed,none,0.000000,4,65.721814,-61.324244,0.160000,-61.484244
1925,-31.823330,-31.716358,-34.716358,-28.716358,price_sensitive_uninformed,none,0.000000,4,65.721814,-61.571508,0.160000,-61.731508
1926,-31.452343,-31.514486,-34.514486,-28.514486,informed,none,0.000000,4,65.721814,-60.087558,0.160000,-60.247558
1927,-30.240669,-32.237362,-35.237362,-29.237362,price_sensitive_uninformed,none,0.000000,4,65.721814,-55.240863,0.160000,-55.400863
1928,-30.660917,-29.674774,-32.674774,-26.674774,informed,none,0.000000,4,65.721814,-56.921852,0.160000,-57.081852
1929,-29.935656,-29.070731,-32.070731,-26.070731,price_sensitive_uninformed,none,0.000000,4,65.721814,-54.020810,0.160000,-54.180810
1930,-30.979367,-30.508135,-33.508135,-27.508135,informed,none,0.000000,4,65.721814,-58.195652,0.160000,-58.355652
1931,-31.089938,-31.327246,-34.327246,-28.327246,informed,none,0.000000,4,65.721814,-58.637936,0.160000,-58.797936
1932,-31.058091,-31.816809,-34.816809,-28.816809,price_sensitive_uninformed,none,0.000000,4,65.721814,-58.510551,0.160000,-58.670551
1933,-31.045758,-32.543028,-35.543028,-29.543028,informed,none,0.000000,4,65.721814,-58.461216,0.160000,-58.621216
1934,-29.658029,-31.170729,-34.170729,-28.170729,price_sensitive_uninformed,none,0.000000,4,65.721814,-52.910301,0.160000,-53.070301
1935,-29.729157,-28.907213,-31.907213,-25.907213,price_sensitive_uninformed,none,0.000000,4,65.721814,-53.194815,0.160000,-53.354815
1936,-28.085959,-26.886867,-29.886867,-23.886867,price_sensitive_uninformed,none,0.000000,4,65.721814,-46.622022,0.160000,-46.782022
1937,-28.601813,-27.464096,-30.464096,-24.464096,price_sensitive_uninformed,none,0.000000,4,65.721814,-48.685439,0.160000,-48.845439
1938,-26.636424,-27.948244,-30.948244,-24.948244,price_sensitive_uninformed,sell_to_mm,-30.948244,5,96.670059,-36.512059,0.250000,-36.762059
1939,-27.692167,-26.959409,-29.959409,-23.959409,price_sensitive_uninformed,none,0.000000,5,96.670059,-41.790778,0.250000,-42.040778
1940,-27.382140,-27.820624,-30.820624,-24.820624,price_sensitive_uninformed,none,0.000000,5,96.670059,-40.240640,0.250000,-40.490640
1941,-27.842532,-28.106347,-31.106347,-25.106347,price_sensitive_uninformed,none,0.000000,5,96.670059,-42.542602,0.250000,-42.792602
1942,-28.768366,-28.835714,-31.835714,-25.835714,price_sensitive_uninformed,none,0.000000,5,96.670059,-47.171770,0.250000,-47.421770
1943,-29.649840,-29.595235,-32.595235,-26.595235,price_sensitive_uninformed,none,0.000000,5,96.670059,-51.579140,0.250000,-51.829140
1944,-29.798756,-30.455318,-33.455318,-27.455318,informed,none,0.000000,5,96.670059,-52.323720,0.250000,-52.573720
1945,-29.157199,-31.248535,-34.248535,-28.248535,informed,none,0.000000,5,96.670059,-49.115938,0.250000,-49.365938
1946,-29.742082,-30.217675,-33.217675,-27.217675,price_sensitive_uninformed,none,0.000000,5,96.670059,-52.040352,0.250000,-52.290352
1947,-30.690920,-31.648977,-34.648977,-28.648977,informed,none,0.000000,5,96.670059,-56.784540,0.250000,-57.034540
1948,-30.209226,-29.189796,-32.189796,-26.189796,informed,none,0.000000,5,96.670059,-54.376073,0.250000,-54.626073
1949,-31.242424,-32.002913,-35.002913,-29.002913,informed,none,0.000000,5,96.670059,-59.542060,0.250000,-59.792060
1950,-30.300425,-29.138506,-32.138506,-26.138506,informed,none,0.000000,5,96.670059,-54.832066,0.250000,-55.082066
1951,-31.509955,-32.754620,-35.754620,-29.754620,price_sensitive_uninformed,none,0.000000,5,96.670059,-60.879714,0.250000,-61.129714
1952,-34.665257,-33.166493,-36.166493,-30.166493,price_sensitive_uninformed,none,0.000000,5,96.670059,-76.656226,0.250000,-76.906226
1953,-33.648708,-32.050867,-35.050867,-29.050867,price_sensitive_uninformed,none,0.000000,5,96.670059,-71.573479,0.250000,-71.823479
1954,-33.638228,-33.749736,-36.749736,-30.749736,informed,none,0.000000,5,96.670059,-71.521082,0.250000,-71.771082
1955,-34.162275,-32.996465,-35.996465,-29.996465,price_sensitive_uninformed,none,0.000000,5,96.670059,-74.141318,0.250000,-74.391318
1956,-33.343492,-33.084833,-36.084833,-30.084833,price_sensitive_uninformed,none,0.000000,5,96.670059,-70.047401,0.250000,-70.297401
1957,-32.504184,-30.368148,-33.368148,-27.368148,informed,none,0.000000,5,96.670059,-65.850859,0.250000,-66.100859
1958,-32.947142,-32.317021,-35.317021,-29.317021,price_sensitive_uninformed,none,0.000000,5,96.670059,-68.065651,0.250000,-68.315651
1959,-32.794467,-32.930557,-35.930557,-29.930557,informed,none,0.000000,5,96.670059,-67.302276,0.250000,-67.552276
1960,-32.151659,-32.399891,-35.399891,-29.399891,informed,none,0.000000,5,96.670059,-64.088236,0.250000,-64.338236
1961,-31.588200,-30.824132,-33.824132,-27.824132,price_sensitive_uninformed,none,0.000000,5,96.670059,-61.270943,0.250000,-61.520943
1962,-32.266336,-31.197171,-34.197171,-28.197171,informed,none,0.000000,5,96.670059,-64.661623,0.250000,-64.911623
1963,-31.793029,-31.876941,-34.876941,-28.876941,price_sensitive_uninformed,none,0.000000,5,96.670059,-62.295088,0.250000,-62.545088
1964,-32.246061,-30.595394,-33.595394,-27.595394,price_sensitive_uninformed,none,0.000000,5,96.670059,-64.560244,0.250000,-64.810244
1965,-33.290229,-32.545880,-35.545880,-29.545880,price_sensitive_uninformed,none,0.000000,5,96.670059,-69.781087,0.250000,-70.031087
1966,-34.406573,-34.710878,-37.710878,-31.710878,informed,none,0.000000,5,96.670059,-75.362808,0.250000,-75.612808
1967,-34.460613,-35.387659,-38.387659,-32.387659,informed,none,0.000000,5,96.670059,-75.633005,0.250000,-75.883005
1968,-34.843436,-32.732283,-35.732283,-29.732283,price_sensitive_uninformed,none,0.000000,5,96.670059,-77.547122,0.250000,-77.797122
1969,-34.420350,-33.903734,-36.903734,-30.903734,informed,none,0.000000,5,96.670059,-75.431692,0.250000,-75.681692
1970,-34.596840,-34.291756,-37.291756,-31.291756,informed,none,0.000000,5,96.670059,-76.314143,0.250000,-76.564143
1971,-35.738070,-35.544806,-38.544806,-32.544806,informed,none,0.000000,5,96.670059,-82.020291,0.250000,-82.270291
1972,-34.470572,-34.390914,-37.390914,-31.390914,price_sensitive_uninformed,none,0.000000,5,96.670059,-75.682804,0.250000,-75.932804
1973,-34.707078,-34.915454,-37.915454,-31.915454,informed,none,0.000000,5,96.670059,-76.865333,0.250000,-77.115333
1974,-33.447274,-33.785429,-36.785429,-30.785429,price_sensitive_uninformed,none,0.000000,5,96.670059,-70.566309,0.250000,-70.816309
1975,-32.359090,-32.017898,-35.017898,-29.017898,price_sensitive_uninformed,none,0.000000,5,96.670059,-65.125392,0.250000,-65.375392
1976,-32.363953,-31.364747,-34.364747,-28.364747,informed,none,0.000000,5,96.670059,-65.149709,0.250000,-65.399709
1977,-32.566898,-34.741584,-37.741584,-31.741584,informed,none,0.000000,5,96.670059,-66.164429,0.250000,-66.414429
1978,-32.933689,-31.992285,-34.992285,-28.992285,price_sensitive_uninformed,none,0.000000,5,96.670059,-67.998388,0.250000,-68.248388
1979,-33.754916,-31.917327,-34.917327,-28.917327,price_sensitive_uninformed,none,0.000000,5,96.670059,-72.104523,0.250000,-72.354523
1980,-33.882725,-33.446880,-36.446880,-30.446880,informed,none,0.000000,5,96.670059,-72.743568,0.250000,-72.993568
1981,-36.352180,-36.748552,-39.748552,-33.748552,price_sensitive_uninformed,none,0.000000,5,96.670059,-85.090841,0.250000,-85.340841
1982,-37.322541,-38.502863,-41.502863,-35.502863,price_sensitive_uninformed,none,0.000000,5,96.670059,-89.942647,0.250000,-90.192647
1983,-38.455242,-37.970455,-40.970455,-34.970455,price_sensitive_uninformed,none,0.000000,5,96.670059,-95.606150,0.250000,-95.856150
1984,-38.699556,-39.605909,-42.605909,-36.605909,informed,none,0.000000,5,96.670059,-96.827722,0.250000,-97.077722
1985,-38.143556,-36.452385,-39.452385,-33.452385,price_sensitive_uninformed,none,0.000000,5,96.670059,-94.047721,0.250000,-94.297721
1986,-37.741209,-38.737215,-41.737215,-35.737215,price_sensitive_uninformed,none,0.000000,5,96.670059,-92.035984,0.250000,-92.285984
1987,-37.763692,-37.999350,-40.999350,-34.999350,price_sensitive_uninformed,none,0.000000,5,96.670059,-92.148402,0.250000,-92.398402
1988,-39.330084,-39.437449,-42.437449,-36.437449,price_sensitive_uninformed,none,0.000000,5,96.670059,-99.980363,0.250000,-100.230363
1989,-38.295834,-36.762969,-39.762969,-33.762969,informed,none,0.000000,5,96.670059,-94.809112,0.250000,-95.059112
1990,-38.517226,-38.978767,-41.978767,-35.978767,informed,none,0.000000,5,96.670059,-95.916071,0.250000,-96.166071
1991,-40.438602,-39.641096,-42.641096,-36.641096,informed,none,0.000000,5,96.670059,-105.522951,0.250000,-105.772951
1992,-40.437030,-39.908051,-42.908051,-36.908051,informed,none,0.000000,5,96.670059,-105.515091,0.250000,-105.765091
1993,-39.737046,-39.885036,-42.885036,-36.885036,price_sensitive_uninformed,none,0.000000,5,96.670059,-102.015170,0.250000,-102.265170
1994,-38.555709,-38.771488,-41.771488,-35.771488,price_sensitive_uninformed,none,0.000000,5,96.670059,-96.108486,0.250000,-96.358486
1995,-38.583611,-37.517420,-40.517420,-34.517420,informed,none,0.000000,5,96.670059,-96.247994,0.250000,-96.497994
1996,-38.053425,-36.774894,-39.774894,-33.774894,informed,none,0.000000,5,96.670059,-93.597067,0.250000,-93.847067
1997,-38.823758,-38.819480,-41.819480,-35.819480,informed,none,0.000000,5,96.670059,-97.448734,0.250000,-97.698734
1998,-38.805680,-38.932268,-41.932268,-35.932268,price_sensitive_uninformed,none,0.000000,5,96.670059,-97.358342,0.250000,-97.608342
1999,-38.785429,-40.006997,-43.006997,-37.006997,informed,none,0.000000,5,96.670059,-97.257088,0.250000,-97.507088
2000,-38.767687,-39.172175,-42.172175,-36.172175,price_sensitive_uninformed,none,0.000000,5,96.670059,-97.168375,0.250000,-97.418375
