t,true_value,signal,bid,ask,trader_type,trade_side,trade_price,inventory,cash,pnl_mark_to_true,inv_penalty,risk_adj_pnl
1,-0.466264,-1.205982,-2.205982,-0.205982,noise,none,0.000000,0,0.000000,0.000000,0.000000,0.000000
2,1.364528,0.829355,-0.170645,1.829355,noise,none,0.000000,0,0.000000,0.000000,0.000000,0.000000
3,1.171387,0.308348,-0.691652,1.308348,informed,none,0.000000,0,0.000000,0.000000,0.000000,0.000000
4,0.842984,1.032825,0.032825,2.032825,noise,buy_from_mm,2.032825,-1,2.032825,1.189840,0.010000,1.179840
5,1.185194,0.541334,-0.448666,1.551334,informed,none,0.000000,-1,2.032825,0.847630,0.010000,0.837630
6,-0.244324,-0.385572,-1.375572,0.624428,informed,none,0.000000,-1,2.032825,2.277149,0.010000,2.267149
7,0.081731,-0.192915,-1.182915,0.817085,noise,sell_to_mm,-1.182915,0,3.215740,3.215740,0.000000,3.215740
8,0.885490,1.281611,0.281611,2.281611,noise,none,0.000000,0,3.215740,3.215740,0.000000,3.215740
9,1.103698,0.792203,-0.207797,1.792203,noise,none,0.000000,0,3.215740,3.215740,0.000000,3.215740
10,0.021251,0.377743,-0.622257,1.377743,informed,none,0.000000,0,3.215740,3.215740,0.000000,3.215740
11,0.414795,0.060070,-0.939930,1.060070,noise,none,0.000000,0,3.215740,3.215740,0.000000,3.215740
12,-0.086124,0.753445,-0.246555,1.753445,informed,none,0.000000,0,3.215740,3.215740,0.000000,3.215740
13,0.948135,0.633614,-0.366386,1.633614,noise,none,0.000000,0,3.215740,3.215740,0.000000,3.215740
14,1.066757,1.493197,0.493197,2.493197,noise,sell_to_mm,0.493197,1,2.722542,3.789300,0.010000,3.779300
15,1.181524,1.830464,0.820464,2.820464,informed,none,0.000000,1,2.722542,3.904066,0.010000,3.894066
16,-0.047988,-0.011449,-1.021449,0.978551,informed,none,0.000000,1,2.722542,2.674554,0.010000,2.664554
17,-1.040591,-0.583360,-1.593360,0.406640,noise,sell_to_mm,-1.593360,2,4.315902,2.234720,0.040000,2.194720
18,-0.736185,-0.597842,-1.617842,0.382158,informed,none,0.000000,2,4.315902,2.843533,0.040000,2.803533
19,-1.188776,-1.145702,-2.165702,-0.165702,noise,sell_to_mm,-2.165702,3,6.481604,2.915276,0.090000,2.825276
20,-2.330028,-2.470720,-3.500720,-1.500720,informed,none,0.000000,3,6.481604,-0.508480,0.090000,-0.598480
21,-1.522007,-1.052079,-2.082079,-0.082079,informed,none,0.000000,3,6.481604,1.915584,0.090000,1.825584
22,-1.846563,-2.797014,-3.827014,-1.827014,informed,none,0.000000,3,6.481604,0.941917,0.090000,0.851917
23,-2.129760,-1.463152,-2.493152,-0.493152,noise,none,0.000000,3,6.481604,0.092324,0.090000,0.002324
24,-0.014848,0.047818,-0.982182,1.017818,informed,none,0.000000,3,6.481604,6.437061,0.090000,6.347061
25,0.633140,1.308469,0.278469,2.278469,informed,none,0.000000,3,6.481604,8.381023,0.090000,8.291023
26,0.220440,0.881761,-0.148239,1.851761,noise,none,0.000000,3,6.481604,7.142924,0.090000,7.052924
27,0.327994,0.467213,-0.562787,1.437213,informed,none,0.000000,3,6.481604,7.465586,0.090000,7.375586
28,1.095484,1.776838,0.746838,2.746838,informed,none,0.000000,3,6.481604,9.768057,0.090000,9.678057
29,3.003673,2.422001,1.392001,3.392001,informed,none,0.000000,3,6.481604,15.492622,0.090000,15.402622
30,3.136359,3.200124,2.170124,4.170124,informed,none,0.000000,3,6.481604,15.890682,0.090000,15.800682
31,3.809061,3.660545,2.630545,4.630545,informed,none,0.000000,3,6.481604,17.908788,0.090000,17.818788
32,4.928333,4.830536,3.800536,5.800536,noise,none,0.000000,3,6.481604,21.266603,0.090000,21.176603
33,4.023023,4.615436,3.585436,5.585436,informed,none,0.000000,3,6.481604,18.550673,0.090000,18.460673
34,3.157968,2.780865,1.750865,3.750865,informed,none,0.000000,3,6.481604,15.955509,0.090000,15.865509
35,4.418822,4.560088,3.530088,5.530088,informed,none,0.000000,3,6.481604,19.738072,0.090000,19.648072
36,5.885751,6.125826,5.095826,7.095826,informed,none,0.000000,3,6.481604,24.138856,0.090000,24.048856
37,5.245768,4.918988,3.888988,5.888988,noise,buy_from_mm,5.888988,2,12.370592,22.862128,0.040000,22.822128
38,4.167753,4.197461,3.177461,5.177461,noise,none,0.000000,2,12.370592,20.706097,0.040000,20.666097
39,5.327431,5.170929,4.150929,6.150929,noise,sell_to_mm,4.150929,3,8.219663,24.201957,0.090000,24.111957
40,5.955850,5.337710,4.307710,6.307710,informed,none,0.000000,3,8.219663,26.087212,0.090000,25.997212
41,5.461277,5.112425,4.082425,6.082425,noise,buy_from_mm,6.082425,2,14.302088,25.224641,0.040000,25.184641
42,3.411592,3.750435,2.730435,4.730435,noise,none,0.000000,2,14.302088,21.125271,0.040000,21.085271
43,3.611465,3.585011,2.565011,4.565011,noise,none,0.000000,2,14.302088,21.525018,0.040000,21.485018
44,2.961331,3.427959,2.407959,4.407959,informed,none,0.000000,2,14.302088,20.224750,0.040000,20.184750
45,2.806019,3.239286,2.219286,4.219286,noise,none,0.000000,2,14.302088,19.914125,0.040000,19.874125
46,0.656394,0.826562,-0.193438,1.806562,noise,none,0.000000,2,14.302088,15.614876,0.040000,15.574876
47,-0.354526,-0.116360,-1.136360,0.863640,informed,none,0.000000,2,14.302088,13.593037,0.040000,13.553037
48,-0.111905,-0.223797,-1.243797,0.756203,informed,none,0.000000,2,14.302088,14.078278,0.040000,14.038278
49,-0.095784,0.328851,-0.691149,1.308851,informed,none,0.000000,2,14.302088,14.110521,0.040000,14.070521
50,1.677583,2.178254,1.158254,3.158254,noise,buy_from_mm,3.158254,1,17.460342,19.137925,0.010000,19.127925
51,1.824314,2.376513,1.366513,3.366513,noise,none,0.000000,1,17.460342,19.284657,0.010000,19.274657
52,1.070823,1.373095,0.363095,2.363095,noise,none,0.000000,1,17.460342,18.531165,0.010000,18.521165
53,-0.317187,-0.228988,-1.238988,0.761012,noise,none,0.000000,1,17.460342,17.143156,0.010000,17.133156
54,-0.705808,-1.076935,-2.086935,-0.086935,noise,sell_to_mm,-2.086935,2,19.547277,18.135660,0.040000,18.095660
55,-1.691897,-2.371903,-3.391903,-1.391903,noise,none,0.000000,2,19.547277,16.163482,0.040000,16.123482
56,-0.892138,-1.063749,-2.083749,-0.083749,noise,sell_to_mm,-2.083749,3,21.631026,18.954611,0.090000,18.864611
57,-1.352113,-1.363080,-2.393080,-0.393080,informed,none,0.000000,3,21.631026,17.574688,0.090000,17.484688
58,-0.766740,-0.375591,-1.405591,0.594409,noise,none,0.000000,3,21.631026,19.330806,0.090000,19.240806
59,-0.122009,1.374224,0.344224,2.344224,noise,none,0.000000,3,21.631026,21.264998,0.090000,21.174998
60,0.849715,0.729501,-0.300499,1.699501,noise,none,0.000000,3,21.631026,24.180170,0.090000,24.090170
61,2.684384,3.625984,2.595984,4.595984,noise,sell_to_mm,2.595984,4,19.035042,29.772579,0.160000,29.612579
62,2.438522,2.455677,1.415677,3.415677,noise,none,0.000000,4,19.035042,28.789131,0.160000,28.629131
63,2.236227,2.225159,1.185159,3.185159,noise,none,0.000000,4,19.035042,27.979949,0.160000,27.819949
64,2.722114,2.619482,1.579482,3.579482,informed,none,0.000000,4,19.035042,29.923497,0.160000,29.763497
65,1.823764,0.872336,-0.167664,1.832336,noise,sell_to_mm,-0.167664,5,19.202706,28.321527,0.250000,28.071527
66,1.638504,2.255627,1.205627,3.205627,noise,sell_to_mm,1.205627,6,17.997079,27.828102,0.360000,27.468102
67,1.027580,2.232778,1.172778,3.172778,informed,sell_to_mm,1.172778,7,16.824301,24.017363,0.490000,23.527363
68,1.007449,1.887424,0.817424,2.817424,noise,none,0.000000,7,16.824301,23.876444,0.490000,23.386444
69,0.734187,0.942986,-0.127014,1.872986,noise,none,0.000000,7,16.824301,21.963612,0.490000,21.473612
70,-0.006783,-0.850940,-1.920940,0.079060,noise,sell_to_mm,-1.920940,8,18.745241,18.690981,0.640000,18.050981
71,-0.866981,-0.734252,-1.814252,0.185748,noise,none,0.000000,8,18.745241,11.809391,0.640000,11.169391
72,-1.757387,-1.596276,-2.676276,-0.676276,informed,none,0.000000,8,18.745241,4.686149,0.640000,4.046149
73,-0.563408,-0.595552,-1.675552,0.324448,informed,none,0.000000,8,18.745241,14.237979,0.640000,13.597979
74,-3.309475,-3.381526,-4.461526,-2.461526,noise,buy_from_mm,-2.461526,7,16.283715,-6.882613,0.490000,-7.372613
75,-3.907594,-3.374847,-4.444847,-2.444847,informed,none,0.000000,7,16.283715,-11.069445,0.490000,-11.559445
76,-2.483820,-2.200951,-3.270951,-1.270951,noise,none,0.000000,7,16.283715,-1.103027,0.490000,-1.593027
77,-1.660629,-1.831825,-2.901825,-0.901825,noise,none,0.000000,7,16.283715,4.659311,0.490000,4.169311
78,-0.455026,-0.405146,-1.475146,0.524854,informed,none,0.000000,7,16.283715,13.098534,0.490000,12.608534
79,-1.517367,-1.543027,-2.613027,-0.613027,noise,none,0.000000,7,16.283715,5.662146,0.490000,5.172146
80,-3.240162,-4.235728,-5.305728,-3.305728,informed,buy_from_mm,-3.305728,6,12.977987,-6.462986,0.360000,-6.822986
81,-2.069018,-2.505623,-3.565623,-1.565623,noise,none,0.000000,6,12.977987,0.563881,0.360000,0.203881
82,-2.352269,-1.901791,-2.961791,-0.961791,noise,buy_from_mm,-0.961791,5,12.016196,0.254853,0.250000,0.004853
83,-2.998155,-2.665466,-3.715466,-1.715466,noise,none,0.000000,5,12.016196,-2.974580,0.250000,-3.224580
84,-2.719212,-2.326794,-3.376794,-1.376794,informed,none,0.000000,5,12.016196,-1.579865,0.250000,-1.829865
85,-2.510861,-2.262190,-3.312190,-1.312190,informed,none,0.000000,5,12.016196,-0.538109,0.250000,-0.788109
86,-2.145670,-2.277078,-3.327078,-1.327078,informed,none,0.000000,5,12.016196,1.287845,0.250000,1.037845
87,-1.687717,-1.256522,-2.306522,-0.306522,noise,none,0.000000,5,12.016196,3.577612,0.250000,3.327612
88,-1.011465,-0.869917,-1.919917,0.080083,noise,none,0.000000,5,12.016196,6.958870,0.250000,6.708870
89,0.554959,0.612057,-0.437943,1.562057,noise,sell_to_mm,-0.437943,6,12.454139,15.783891,0.360000,15.423891
90,2.081058,2.450442,1.390442,3.390442,informed,none,0.000000,6,12.454139,24.940488,0.360000,24.580488
91,3.701512,3.831552,2.771552,4.771552,informed,none,0.000000,6,12.454139,34.663212,0.360000,34.303212
92,4.390862,4.333372,3.273372,5.273372,informed,none,0.000000,6,12.454139,38.799314,0.360000,38.439314
93,4.716454,6.220356,5.160356,7.160356,noise,none,0.000000,6,12.454139,40.752861,0.360000,40.392861
94,4.983020,4.251207,3.191207,5.191207,noise,none,0.000000,6,12.454139,42.352258,0.360000,41.992258
95,4.153946,4.474500,3.414500,5.414500,informed,none,0.000000,6,12.454139,37.377815,0.360000,37.017815
96,4.922831,4.681882,3.621882,5.621882,noise,buy_from_mm,5.621882,5,18.076021,42.690178,0.250000,42.440178
97,7.226508,7.434913,6.384913,8.384913,noise,none,0.000000,5,18.076021,54.208563,0.250000,53.958563
98,7.672107,7.986253,6.936253,8.936253,informed,none,0.000000,5,18.076021,56.436558,0.250000,56.186558
99,8.493937,8.506416,7.456416,9.456416,informed,none,0.000000,5,18.076021,60.545708,0.250000,60.295708
100,8.213728,8.704180,7.654180,9.654180,informed,none,0.000000,5,18.076021,59.144662,0.250000,58.894662
101,9.482559,9.063748,8.013748,10.013748,informed,none,0.000000,5,18.076021,65.488817,0.250000,65.238817
102,10.329736,10.082184,9.032184,11.032184,noise,none,0.000000,5,18.076021,69.724703,0.250000,69.474703
103,10.111502,9.200319,8.150319,10.150319,noise,none,0.000000,5,18.076021,68.633530,0.250000,68.383530
104,10.391048,10.867821,9.817821,11.817821,noise,sell_to_mm,9.817821,6,8.258200,70.604488,0.360000,70.244488
105,10.224441,10.935817,9.875817,11.875817,informed,none,0.000000,6,8.258200,69.604847,0.360000,69.244847
106,10.480383,10.463158,9.403158,11.403158,noise,none,0.000000,6,8.258200,71.140496,0.360000,70.780496
107,11.341734,12.038778,10.978778,12.978778,noise,none,0.000000,6,8.258200,76.308602,0.360000,75.948602
108,11.196850,11.282020,10.222020,12.222020,noise,sell_to_mm,10.222020,7,-1.963820,76.414133,0.490000,75.924133
109,11.504434,11.280271,10.210271,12.210271,noise,none,0.000000,7,-1.963820,78.567216,0.490000,78.077216
110,11.231982,11.920336,10.850336,12.850336,informed,none,0.000000,7,-1.963820,76.660052,0.490000,76.170052
111,10.040616,10.612429,9.542429,11.542429,noise,buy_from_mm,11.542429,6,9.578610,69.822306,0.360000,69.462306
112,8.953905,9.581950,8.521950,10.521950,informed,none,0.000000,6,9.578610,63.302040,0.360000,62.942040
113,10.420212,10.993490,9.933490,11.933490,informed,none,0.000000,6,9.578610,72.099883,0.360000,71.739883
114,11.800063,11.789896,10.729896,12.729896,informed,none,0.000000,6,9.578610,80.378989,0.360000,80.018989
115,11.330616,10.984461,9.924461,11.924461,noise,none,0.000000,6,9.578610,77.562304,0.360000,77.202304
116,10.497712,10.444143,9.384143,11.384143,informed,none,0.000000,6,9.578610,72.564882,0.360000,72.204882
117,10.638767,10.281099,9.221099,11.221099,noise,none,0.000000,6,9.578610,73.411212,0.360000,73.051212
118,10.837861,11.211380,10.151380,12.151380,informed,none,0.000000,6,9.578610,74.605773,0.360000,74.245773
119,10.504639,10.211362,9.151362,11.151362,informed,none,0.000000,6,9.578610,72.606444,0.360000,72.246444
120,11.082963,10.915309,9.855309,11.855309,informed,none,0.000000,6,9.578610,76.076390,0.360000,75.716390
121,12.350590,12.250905,11.190905,13.190905,informed,none,0.000000,6,9.578610,83.682150,0.360000,83.322150
122,11.624256,12.008765,10.948765,12.948765,noise,none,0.000000,6,9.578610,79.324144,0.360000,78.964144
123,9.560094,9.791622,8.731622,10.731622,noise,none,0.000000,6,9.578610,66.939176,0.360000,66.579176
124,8.977517,9.349618,8.289618,10.289618,noise,none,0.000000,6,9.578610,63.443712,0.360000,63.083712
125,9.356373,8.827838,7.767838,9.767838,noise,none,0.000000,6,9.578610,65.716845,0.360000,65.356845
126,9.270281,8.427433,7.367433,9.367433,noise,buy_from_mm,9.367433,5,18.946043,65.297446,0.250000,65.047446
127,10.439490,9.842619,8.792619,10.792619,noise,none,0.000000,5,18.946043,71.143492,0.250000,70.893492
128,9.715637,9.785712,8.735712,10.735712,noise,sell_to_mm,8.735712,6,10.210331,68.504155,0.360000,68.144155
129,9.199796,7.815430,6.755430,8.755430,informed,buy_from_mm,8.755430,5,18.965760,64.964739,0.250000,64.714739
130,10.346640,11.504133,10.454133,12.454133,noise,none,0.000000,5,18.965760,70.698959,0.250000,70.448959
131,10.301597,10.184417,9.134417,11.134417,informed,none,0.000000,5,18.965760,70.473744,0.250000,70.223744
132,10.452649,10.660737,9.610737,11.610737,noise,none,0.000000,5,18.965760,71.229004,0.250000,70.979004
133,11.563554,11.699863,10.649863,12.649863,informed,none,0.000000,5,18.965760,76.783532,0.250000,76.533532
134,11.460052,11.259242,10.209242,12.209242,informed,none,0.000000,5,18.965760,76.266020,0.250000,76.016020
135,9.344551,9.697960,8.647960,10.647960,noise,none,0.000000,5,18.965760,65.688513,0.250000,65.438513
136,8.887603,8.776788,7.726788,9.726788,noise,none,0.000000,5,18.965760,63.403773,0.250000,63.153773
137,8.180015,7.889558,6.839558,8.839558,informed,none,0.000000,5,18.965760,59.865833,0.250000,59.615833
138,9.138877,9.933640,8.883640,10.883640,noise,buy_from_mm,10.883640,4,29.849401,66.404907,0.160000,66.244907
139,10.330905,10.881979,9.841979,11.841979,noise,sell_to_mm,9.841979,5,20.007422,71.661946,0.250000,71.411946
140,10.642900,11.831284,10.781284,12.781284,noise,sell_to_mm,10.781284,6,9.226138,73.083537,0.360000,72.723537
141,10.148568,9.005099,7.945099,9.945099,noise,sell_to_mm,7.945099,7,1.281039,72.321014,0.490000,71.831014
142,8.579478,8.688260,7.618260,9.618260,noise,none,0.000000,7,1.281039,61.337383,0.490000,60.847383
143,9.393557,9.410115,8.340115,10.340115,noise,none,0.000000,7,1.281039,67.035940,0.490000,66.545940
144,10.820880,10.010175,8.940175,10.940175,noise,none,0.000000,7,1.281039,77.027199,0.490000,76.537199
145,10.467429,10.261843,9.191843,11.191843,noise,none,0.000000,7,1.281039,74.553040,0.490000,74.063040
146,8.900255,8.934287,7.864287,9.864287,noise,none,0.000000,7,1.281039,63.582822,0.490000,63.092822
147,8.646106,9.237028,8.167028,10.167028,noise,none,0.000000,7,1.281039,61.803783,0.490000,61.313783
148,9.026741,8.777750,7.707750,9.707750,noise,none,0.000000,7,1.281039,64.468223,0.490000,63.978223
149,8.430528,8.761403,7.691403,9.691403,informed,none,0.000000,7,1.281039,60.294733,0.490000,59.804733
150,9.322855,8.921789,7.851789,9.851789,noise,sell_to_mm,7.851789,8,-6.570750,68.012091,0.640000,67.372091
151,8.627431,8.830827,7.750827,9.750827,informed,none,0.000000,8,-6.570750,62.448698,0.640000,61.808698
152,8.290703,8.708858,7.628858,9.628858,informed,none,0.000000,8,-6.570750,59.754871,0.640000,59.114871
153,6.655888,7.618046,6.538046,8.538046,noise,none,0.000000,8,-6.570750,46.676350,0.640000,46.036350
154,6.559118,7.073448,5.993448,7.993448,informed,none,0.000000,8,-6.570750,45.902191,0.640000,45.262191
155,6.380051,6.381342,5.301342,7.301342,noise,none,0.000000,8,-6.570750,44.469657,0.640000,43.829657
156,6.585354,6.082260,5.002260,7.002260,noise,none,0.000000,8,-6.570750,46.112082,0.640000,45.472082
157,6.937905,7.618495,6.538495,8.538495,noise,none,0.000000,8,-6.570750,48.932486,0.640000,48.292486
158,6.686189,6.627741,5.547741,7.547741,informed,none,0.000000,8,-6.570750,46.918763,0.640000,46.278763
159,4.926154,4.836696,3.756696,5.756696,noise,buy_from_mm,5.756696,7,-0.814054,33.669023,0.490000,33.179023
160,4.083597,2.944760,1.874760,3.874760,noise,none,0.000000,7,-0.814054,27.771125,0.490000,27.281125
161,5.246276,4.531552,3.461552,5.461552,informed,none,0.000000,7,-0.814054,35.909880,0.490000,35.419880
162,5.491280,5.735594,4.665594,6.665594,informed,none,0.000000,7,-0.814054,37.624905,0.490000,37.134905
163,5.760269,5.523265,4.453265,6.453265,noise,sell_to_mm,4.453265,8,-5.267319,40.814831,0.640000,40.174831
164,6.605006,6.110600,5.030600,7.030600,informed,none,0.000000,8,-5.267319,47.572732,0.640000,46.932732
165,9.468292,9.972408,8.892408,10.892408,noise,buy_from_mm,10.892408,7,5.625089,71.903136,0.490000,71.413136
166,10.091512,10.827940,9.757940,11.757940,noise,none,0.000000,7,5.625089,76.265670,0.490000,75.775670
167,9.865377,9.910223,8.840223,10.840223,noise,none,0.000000,7,5.625089,74.682726,0.490000,74.192726
168,11.044667,10.707399,9.637399,11.637399,noise,none,0.000000,7,5.625089,82.937756,0.490000,82.447756
169,10.720234,10.926291,9.856291,11.856291,noise,none,0.000000,7,5.625089,80.666729,0.490000,80.176729
170,9.210648,8.608802,7.538802,9.538802,noise,none,0.000000,7,5.625089,70.099628,0.490000,69.609628
171,9.835868,9.617171,8.547171,10.547171,informed,none,0.000000,7,5.625089,74.476164,0.490000,73.986164
172,9.760530,10.020494,8.950494,10.950494,informed,none,0.000000,7,5.625089,73.948802,0.490000,73.458802
173,10.094345,9.425781,8.355781,10.355781,noise,sell_to_mm,8.355781,8,-2.730692,78.024068,0.640000,77.384068
174,10.183185,10.278779,9.198779,11.198779,noise,sell_to_mm,9.198779,9,-11.929471,79.719196,0.810000,78.909196
175,9.006910,8.875117,7.785117,9.785117,noise,none,0.000000,9,-11.929471,69.132719,0.810000,68.322719
176,11.111653,11.237990,10.147990,12.147990,informed,none,0.000000,9,-11.929471,88.075404,0.810000,87.265404
177,12.218838,12.363425,11.273425,13.273425,noise,buy_from_mm,13.273425,8,1.343953,99.094656,0.640000,98.454656
178,14.176653,13.705109,12.625109,14.625109,informed,none,0.000000,8,1.343953,114.757177,0.640000,114.117177
179,13.361200,12.555921,11.475921,13.475921,noise,sell_to_mm,11.475921,9,-10.131968,110.118831,0.810000,109.308831
180,13.610206,13.359902,12.269902,14.269902,noise,none,0.000000,9,-10.131968,112.359889,0.810000,111.549889
181,13.429470,13.063173,11.973173,13.973173,informed,none,0.000000,9,-10.131968,110.733261,0.810000,109.923261
182,13.906202,13.346853,12.256853,14.256853,noise,none,0.000000,9,-10.131968,115.023847,0.810000,114.213847
183,12.443289,12.040076,10.950076,12.950076,noise,none,0.000000,9,-10.131968,101.857632,0.810000,101.047632
184,13.891222,13.848311,12.758311,14.758311,noise,none,0.000000,9,-10.131968,114.889027,0.810000,114.079027
185,14.817690,15.055277,13.965277,15.965277,informed,none,0.000000,9,-10.131968,123.227238,0.810000,122.417238
186,12.810549,12.774372,11.684372,13.684372,noise,buy_from_mm,13.684372,8,3.552404,106.036797,0.640000,105.396797
187,11.940705,12.225334,11.145334,13.145334,noise,sell_to_mm,11.145334,9,-7.592930,99.873411,0.810000,99.063411
188,11.930793,11.921260,10.831260,12.831260,informed,none,0.000000,9,-7.592930,99.784203,0.810000,98.974203
189,13.824687,13.726028,12.636028,14.636028,informed,none,0.000000,9,-7.592930,116.829253,0.810000,116.019253
190,13.163655,13.535615,12.445615,14.445615,informed,none,0.000000,9,-7.592930,110.879969,0.810000,110.069969
191,13.429037,14.207661,13.117661,15.117661,noise,buy_from_mm,15.117661,8,7.524731,114.957029,0.640000,114.317029
192,15.071249,14.899636,13.819636,15.819636,noise,sell_to_mm,13.819636,9,-6.294905,129.346340,0.810000,128.536340
193,17.670716,18.157931,17.067931,19.067931,informed,none,0.000000,9,-6.294905,152.741544,0.810000,151.931544
194,17.318661,17.594170,16.504170,18.504170,noise,none,0.000000,9,-6.294905,149.573046,0.810000,148.763046
195,17.183575,16.710947,15.620947,17.620947,noise,none,0.000000,9,-6.294905,148.357271,0.810000,147.547271
196,16.677650,17.102937,16.012937,18.012937,noise,none,0.000000,9,-6.294905,143.803946,0.810000,142.993946
197,17.264831,17.379043,16.289043,18.289043,informed,none,0.000000,9,-6.294905,149.088577,0.810000,148.278577
198,17.872983,17.410111,16.320111,18.320111,informed,none,0.000000,9,-6.294905,154.561944,0.810000,153.751944
199,17.860240,17.709166,16.619166,18.619166,informed,none,0.000000,9,-6.294905,154.447253,0.810000,153.637253
200,17.833374,17.419030,16.329030,18.329030,informed,none,0.000000,9,-6.294905,154.205462,0.810000,153.395462
201,17.828855,17.326372,16.236372,18.236372,noise,none,0.000000,9,-6.294905,154.164789,0.810000,153.354789
202,17.438438,18.196179,17.106179,19.106179,noise,none,0.000000,9,-6.294905,150.651042,0.810000,149.841042
203,18.976577,18.917358,17.827358,19.827358,informed,none,0.000000,9,-6.294905,164.494291,0.810000,163.684291
204,18.970664,19.142033,18.052033,20.052033,noise,none,0.000000,9,-6.294905,164.441069,0.810000,163.631069
205,20.226292,20.326724,19.236724,21.236724,informed,none,0.000000,9,-6.294905,175.741722,0.810000,174.931722
206,19.658563,19.728491,18.638491,20.638491,informed,none,0.000000,9,-6.294905,170.632166,0.810000,169.822166
207,17.718339,17.837109,16.747109,18.747109,informed,none,0.000000,9,-6.294905,153.170146,0.810000,152.360146
208,18.014228,17.882965,16.792965,18.792965,informed,none,0.000000,9,-6.294905,155.833150,0.810000,155.023150
209,17.340995,17.628379,16.538379,18.538379,informed,none,0.000000,9,-6.294905,149.774046,0.810000,148.964046
210,17.720183,17.764018,16.674018,18.674018,noise,none,0.000000,9,-6.294905,153.186746,0.810000,152.376746
211,17.479348,17.720512,16.630512,18.630512,noise,none,0.000000,9,-6.294905,151.019231,0.810000,150.209231
212,17.135693,17.472118,16.382118,18.382118,noise,sell_to_mm,16.382118,10,-22.677023,148.679908,1.000000,147.679908
213,15.779286,15.999034,14.899034,16.899034,noise,none,0.000000,10,-22.677023,135.115838,1.000000,134.115838
214,16.147132,16.631092,15.531092,17.531092,noise,buy_from_mm,17.531092,9,-5.145931,140.178255,0.810000,139.368255
215,16.988289,17.552137,16.462137,18.462137,noise,none,0.000000,9,-5.145931,147.748669,0.810000,146.938669
216,15.600454,16.095937,15.005937,17.005937,noise,none,0.000000,9,-5.145931,135.258152,0.810000,134.448152
217,15.531855,16.044305,14.954305,16.954305,noise,sell_to_mm,14.954305,10,-20.100235,135.218311,1.000000,134.218311
218,15.272763,14.856187,13.756187,15.756187,noise,none,0.000000,10,-20.100235,132.627392,1.000000,131.627392
219,16.194975,16.658280,15.558280,17.558280,noise,none,0.000000,10,-20.100235,141.849513,1.000000,140.849513
220,17.734919,17.613425,16.513425,18.513425,noise,none,0.000000,10,-20.100235,157.248957,1.000000,156.248957
221,18.403811,17.541867,16.441867,18.441867,informed,none,0.000000,10,-20.100235,163.937870,1.000000,162.937870
222,17.643100,17.561347,16.461347,18.461347,informed,none,0.000000,10,-20.100235,156.330760,1.000000,155.330760
223,16.724918,17.071510,15.971510,17.971510,noise,none,0.000000,10,-20.100235,147.148942,1.000000,146.148942
224,15.633968,15.514170,14.414170,16.414170,noise,none,0.000000,10,-20.100235,136.239447,1.000000,135.239447
225,15.079041,14.988659,13.888659,15.888659,noise,none,0.000000,10,-20.100235,130.690173,1.000000,129.690173
226,15.146027,14.360713,13.260713,15.260713,noise,none,0.000000,10,-20.100235,131.360030,1.000000,130.360030
227,15.837236,15.464486,14.364486,16.364486,noise,none,0.000000,10,-20.100235,138.272122,1.000000,137.272122
228,14.246307,13.904846,12.804846,14.804846,noise,none,0.000000,10,-20.100235,122.362837,1.000000,121.362837
229,14.130435,14.555821,13.455821,15.455821,noise,buy_from_mm,15.455821,9,-4.644415,122.529504,0.810000,121.719504
230,13.458234,13.340471,12.250471,14.250471,informed,none,0.000000,9,-4.644415,116.479691,0.810000,115.669691
231,14.519011,14.171991,13.081991,15.081991,informed,none,0.000000,9,-4.644415,126.026683,0.810000,125.216683
232,13.600951,13.334771,12.244771,14.244771,noise,none,0.000000,9,-4.644415,117.764146,0.810000,116.954146
233,12.129313,12.113862,11.023862,13.023862,noise,none,0.000000,9,-4.644415,104.519399,0.810000,103.709399
234,11.455096,11.292877,10.202877,12.202877,informed,none,0.000000,9,-4.644415,98.451451,0.810000,97.641451
235,11.642339,10.996159,9.906159,11.906159,noise,none,0.000000,9,-4.644415,100.136634,0.810000,99.326634
236,11.125879,10.878384,9.788384,11.788384,noise,none,0.000000,9,-4.644415,95.488498,0.810000,94.678498
237,9.759804,10.114884,9.024884,11.024884,informed,none,0.000000,9,-4.644415,83.193825,0.810000,82.383825
238,10.433854,10.345104,9.255104,11.255104,noise,buy_from_mm,11.255104,8,6.610689,90.081519,0.640000,89.441519
239,9.245454,9.059230,7.979230,9.979230,noise,none,0.000000,8,6.610689,80.574324,0.640000,79.934324
240,9.064709,9.476679,8.396679,10.396679,noise,none,0.000000,8,6.610689,79.128361,0.640000,78.488361
241,7.573643,7.571925,6.491925,8.491925,noise,none,0.000000,8,6.610689,67.199833,0.640000,66.559833
242,8.365018,8.260364,7.180364,9.180364,noise,none,0.000000,8,6.610689,73.530834,0.640000,72.890834
243,7.752202,8.591628,7.511628,9.511628,informed,none,0.000000,8,6.610689,68.628303,0.640000,67.988303
244,7.606829,7.276561,6.196561,8.196561,noise,none,0.000000,8,6.610689,67.465322,0.640000,66.825322
245,7.388212,7.660212,6.580212,8.580212,informed,none,0.000000,8,6.610689,65.716385,0.640000,65.076385
246,6.935188,6.507724,5.427724,7.427724,noise,buy_from_mm,7.427724,7,14.038413,62.584730,0.490000,62.094730
247,7.547325,7.340202,6.270202,8.270202,noise,sell_to_mm,6.270202,8,7.768211,68.146815,0.640000,67.506815
248,7.116205,6.976544,5.896544,7.896544,informed,none,0.000000,8,7.768211,64.697850,0.640000,64.057850
249,7.045888,7.061762,5.981762,7.981762,noise,sell_to_mm,5.981762,9,1.786449,65.199441,0.810000,64.389441
250,5.507498,5.079172,3.989172,5.989172,informed,none,0.000000,9,1.786449,51.353929,0.810000,50.543929
251,6.341883,6.578119,5.488119,7.488119,informed,none,0.000000,9,1.786449,58.863397,0.810000,58.053397
252,6.835602,7.315280,6.225280,8.225280,noise,none,0.000000,9,1.786449,63.306869,0.810000,62.496869
253,7.244115,7.812436,6.722436,8.722436,noise,none,0.000000,9,1.786449,66.983483,0.810000,66.173483
254,7.607083,6.919797,5.829797,7.829797,informed,none,0.000000,9,1.786449,70.250193,0.810000,69.440193
255,6.889511,7.115678,6.025678,8.025678,informed,none,0.000000,9,1.786449,63.792046,0.810000,62.982046
256,5.622203,5.543025,4.453025,6.453025,noise,none,0.000000,9,1.786449,52.386275,0.810000,51.576275
257,6.215619,5.754167,4.664167,6.664167,noise,none,0.000000,9,1.786449,57.727023,0.810000,56.917023
258,7.356281,7.241958,6.151958,8.151958,noise,none,0.000000,9,1.786449,67.992974,0.810000,67.182974
259,8.154012,8.054759,6.964759,8.964759,noise,none,0.000000,9,1.786449,75.172555,0.810000,74.362555
260,8.763261,8.845784,7.755784,9.755784,informed,none,0.000000,9,1.786449,80.655797,0.810000,79.845797
261,9.267488,9.264118,8.174118,10.174118,noise,none,0.000000,9,1.786449,85.193836,0.810000,84.383836
262,10.747621,10.795090,9.705090,11.705090,informed,none,0.000000,9,1.786449,98.515035,0.810000,97.705035
263,9.970861,11.021267,9.931267,11.931267,informed,none,0.000000,9,1.786449,91.524197,0.810000,90.714197
264,9.619409,9.166754,8.076754,10.076754,noise,none,0.000000,9,1.786449,88.361125,0.810000,87.551125
265,10.709795,10.164290,9.074290,11.074290,informed,none,0.000000,9,1.786449,98.174603,0.810000,97.364603
266,9.777185,9.552125,8.462125,10.462125,noise,none,0.000000,9,1.786449,89.781115,0.810000,88.971115
267,10.122887,9.618277,8.528277,10.528277,informed,none,0.000000,9,1.786449,92.892435,0.810000,92.082435
268,10.384232,10.009208,8.919208,10.919208,informed,none,0.000000,9,1.786449,95.244532,0.810000,94.434532
269,10.338957,9.684162,8.594162,10.594162,informed,none,0.000000,9,1.786449,94.837066,0.810000,94.027066
270,10.332066,10.750722,9.660722,11.660722,noise,none,0.000000,9,1.786449,94.775045,0.810000,93.965045
271,11.374790,11.153008,10.063008,12.063008,informed,none,0.000000,9,1.786449,104.159557,0.810000,103.349557
272,11.453315,12.119866,11.029866,13.029866,informed,none,0.000000,9,1.786449,104.866288,0.810000,104.056288
273,11.866447,11.692060,10.602060,12.602060,noise,none,0.000000,9,1.786449,108.584472,0.810000,107.774472
274,11.365548,11.040726,9.950726,11.950726,noise,none,0.000000,9,1.786449,104.076381,0.810000,103.266381
275,12.338386,12.200723,11.110723,13.110723,informed,none,0.000000,9,1.786449,112.831925,0.810000,112.021925
276,11.510199,11.833430,10.743430,12.743430,noise,none,0.000000,9,1.786449,105.378238,0.810000,104.568238
277,12.425655,11.559389,10.469389,12.469389,noise,none,0.000000,9,1.786449,113.617340,0.810000,112.807340
278,13.147546,13.565714,12.475714,14.475714,noise,none,0.000000,9,1.786449,120.114367,0.810000,119.304367
279,12.564039,12.944224,11.854224,13.854224,informed,none,0.000000,9,1.786449,114.862799,0.810000,114.052799
280,13.400569,13.369176,12.279176,14.279176,noise,none,0.000000,9,1.786449,122.391571,0.810000,121.581571
281,13.713957,13.258220,12.168220,14.168220,noise,buy_from_mm,14.168220,8,15.954668,125.666320,0.640000,125.026320
282,13.250137,13.344951,12.264951,14.264951,noise,none,0.000000,8,15.954668,121.955762,0.640000,121.315762
283,12.978153,12.831753,11.751753,13.751753,noise,none,0.000000,8,15.954668,119.779895,0.640000,119.139895
284,14.327604,14.878097,13.798097,15.798097,informed,none,0.000000,8,15.954668,130.575499,0.640000,129.935499
285,12.537455,12.163690,11.083690,13.083690,noise,sell_to_mm,11.083690,9,4.870978,117.708069,0.810000,116.898069
286,12.573052,13.084690,11.994690,13.994690,noise,buy_from_mm,13.994690,8,18.865668,119.450081,0.640000,118.810081
287,11.131188,10.217710,9.137710,11.137710,noise,none,0.000000,8,18.865668,107.915174,0.640000,107.275174
288,10.494116,11.950517,10.870517,12.870517,noise,none,0.000000,8,18.865668,102.818595,0.640000,102.178595
289,9.145474,9.428743,8.348743,10.348743,noise,sell_to_mm,8.348743,9,10.516925,92.826189,0.810000,92.016189
290,9.209259,8.831398,7.741398,9.741398,informed,none,0.000000,9,10.516925,93.400253,0.810000,92.590253
291,8.836379,8.769744,7.679744,9.679744,noise,buy_from_mm,9.679744,8,20.196669,90.887702,0.640000,90.247702
292,10.067329,10.391842,9.311842,11.311842,noise,none,0.000000,8,20.196669,100.735301,0.640000,100.095301
293,10.197866,10.506055,9.426055,11.426055,noise,none,0.000000,8,20.196669,101.779598,0.640000,101.139598
294,8.866639,8.246480,7.166480,9.166480,noise,none,0.000000,8,20.196669,91.129777,0.640000,90.489777
295,10.456242,9.836038,8.756038,10.756038,noise,none,0.000000,8,20.196669,103.846604,0.640000,103.206604
296,10.496659,10.490139,9.410139,11.410139,noise,none,0.000000,8,20.196669,104.169943,0.640000,103.529943
297,9.692376,9.269839,8.189839,10.189839,informed,none,0.000000,8,20.196669,97.735680,0.640000,97.095680
298,9.622487,8.535811,7.455811,9.455811,noise,none,0.000000,8,20.196669,97.176568,0.640000,96.536568
299,9.872901,10.740318,9.660318,11.660318,noise,none,0.000000,8,20.196669,99.179875,0.640000,98.539875
300,10.695675,10.736388,9.656388,11.656388,informed,none,0.000000,8,20.196669,105.762071,0.640000,105.122071
301,9.972273,10.562132,9.482132,11.482132,noise,none,0.000000,8,20.196669,99.974851,0.640000,99.334851
302,9.894275,10.734625,9.654625,11.654625,noise,none,0.000000,8,20.196669,99.350869,0.640000,98.710869
303,10.584772,10.543138,9.463138,11.463138,noise,none,0.000000,8,20.196669,104.874843,0.640000,104.234843
304,10.778529,11.044363,9.964363,11.964363,noise,none,0.000000,8,20.196669,106.424903,0.640000,105.784903
305,9.715766,10.097802,9.017802,11.017802,informed,none,0.000000,8,20.196669,97.922794,0.640000,97.282794
306,8.748258,8.709062,7.629062,9.629062,informed,none,0.000000,8,20.196669,90.182737,0.640000,89.542737
307,9.851288,10.476767,9.396767,11.396767,noise,none,0.000000,8,20.196669,99.006973,0.640000,98.366973
308,8.941959,8.784546,7.704546,9.704546,informed,none,0.000000,8,20.196669,91.732342,0.640000,91.092342
309,7.466595,7.420046,6.340046,8.340046,noise,none,0.000000,8,20.196669,79.929426,0.640000,79.289426
310,7.431039,8.035108,6.955108,8.955108,informed,none,0.000000,8,20.196669,79.644981,0.640000,79.004981
311,8.038350,9.046788,7.966788,9.966788,noise,none,0.000000,8,20.196669,84.503466,0.640000,83.863466
312,6.457921,6.864904,5.784904,7.784904,informed,none,0.000000,8,20.196669,71.860040,0.640000,71.220040
313,5.396086,6.388424,5.308424,7.308424,noise,buy_from_mm,7.308424,7,27.505093,65.277695,0.490000,64.787695
314,7.955782,8.354567,7.284567,9.284567,informed,none,0.000000,7,27.505093,83.195567,0.490000,82.705567
315,6.803520,6.825405,5.755405,7.755405,informed,none,0.000000,7,27.505093,75.129730,0.490000,74.639730
316,7.391902,7.387656,6.317656,8.317656,noise,buy_from_mm,8.317656,6,35.822749,80.174162,0.360000,79.814162
317,7.697484,7.168824,6.108824,8.108824,noise,none,0.000000,6,35.822749,82.007653,0.360000,81.647653
318,6.528542,6.240192,5.180192,7.180192,noise,sell_to_mm,5.180192,7,30.642557,76.342350,0.490000,75.852350
319,8.292176,8.474794,7.404794,9.404794,informed,none,0.000000,7,30.642557,88.687789,0.490000,88.197789
320,9.499368,9.691799,8.621799,10.621799,noise,sell_to_mm,8.621799,8,22.020758,98.015701,0.640000,97.375701
321,9.768659,9.412503,8.332503,10.332503,noise,none,0.000000,8,22.020758,100.170029,0.640000,99.530029
322,11.655463,11.412155,10.332155,12.332155,informed,none,0.000000,8,22.020758,115.264464,0.640000,114.624464
323,11.841419,12.722339,11.642339,13.642339,noise,sell_to_mm,11.642339,9,10.378419,116.951190,0.810000,116.141190
324,11.354544,11.808043,10.718043,12.718043,informed,none,0.000000,9,10.378419,112.569312,0.810000,111.759312
325,11.806740,12.031912,10.941912,12.941912,noise,none,0.000000,9,10.378419,116.639080,0.810000,115.829080
326,13.178928,13.032293,11.942293,13.942293,noise,none,0.000000,9,10.378419,128.988768,0.810000,128.178768
327,12.206230,12.094397,11.004397,13.004397,noise,none,0.000000,9,10.378419,120.234485,0.810000,119.424485
328,11.293259,11.678372,10.588372,12.588372,noise,none,0.000000,9,10.378419,112.017749,0.810000,111.207749
329,10.996760,10.154495,9.064495,11.064495,informed,none,0.000000,9,10.378419,109.349260,0.810000,108.539260
330,9.908597,9.993399,8.903399,10.903399,noise,sell_to_mm,8.903399,10,1.475020,100.560987,1.000000,99.560987
331,9.555891,9.419788,8.319788,10.319788,informed,none,0.000000,10,1.475020,97.033928,1.000000,96.033928
332,10.390603,10.772767,9.672767,11.672767,noise,none,0.000000,10,1.475020,105.381051,1.000000,104.381051
333,9.508411,9.413344,8.313344,10.313344,noise,none,0.000000,10,1.475020,96.559132,1.000000,95.559132
334,9.817863,9.343359,8.243359,10.243359,noise,none,0.000000,10,1.475020,99.653650,1.000000,98.653650
335,10.540958,10.860329,9.760329,11.760329,noise,none,0.000000,10,1.475020,106.884597,1.000000,105.884597
336,10.930464,11.035837,9.935837,11.935837,informed,none,0.000000,10,1.475020,110.779664,1.000000,109.779664
337,8.397599,8.512339,7.412339,9.412339,informed,none,0.000000,10,1.475020,85.451009,1.000000,84.451009
338,9.379705,9.900805,8.800805,10.800805,informed,none,0.000000,10,1.475020,95.272068,1.000000,94.272068
339,8.882050,9.190491,8.090491,10.090491,noise,buy_from_mm,10.090491,9,11.565511,91.503958,0.810000,90.693958
340,6.949753,6.994911,5.904911,7.904911,noise,none,0.000000,9,11.565511,74.113289,0.810000,73.303289
341,6.650724,6.701079,5.611079,7.611079,informed,none,0.000000,9,11.565511,71.422028,0.810000,70.612028
342,5.747017,5.618491,4.528491,6.528491,informed,none,0.000000,9,11.565511,63.288667,0.810000,62.478667
343,4.955306,4.935110,3.845110,5.845110,noise,none,0.000000,9,11.565511,56.163262,0.810000,55.353262
344,4.722713,4.540015,3.450015,5.450015,informed,none,0.000000,9,11.565511,54.069926,0.810000,53.259926
345,4.170294,4.007779,2.917779,4.917779,noise,none,0.000000,9,11.565511,49.098154,0.810000,48.288154
346,4.787000,4.304966,3.214966,5.214966,noise,none,0.000000,9,11.565511,54.648508,0.810000,53.838508
347,5.541874,6.405611,5.315611,7.315611,informed,none,0.000000,9,11.565511,61.442381,0.810000,60.632381
348,6.695842,6.696506,5.606506,7.606506,noise,none,0.000000,9,11.565511,71.828086,0.810000,71.018086
349,5.951549,6.364445,5.274445,7.274445,noise,none,0.000000,9,11.565511,65.129454,0.810000,64.319454
350,6.311246,7.027477,5.937477,7.937477,informed,none,0.000000,9,11.565511,68.366723,0.810000,67.556723
351,6.302179,6.744359,5.654359,7.654359,noise,none,0.000000,9,11.565511,68.285124,0.810000,67.475124
352,6.312089,6.316556,5.226556,7.226556,noise,none,0.000000,9,11.565511,68.374311,0.810000,67.564311
353,4.635008,4.098316,3.008316,5.008316,noise,none,0.000000,9,11.565511,53.280587,0.810000,52.470587
354,4.823558,4.870285,3.780285,5.780285,noise,buy_from_mm,5.780285,8,17.345796,55.934256,0.640000,55.294256
355,7.728737,7.184575,6.104575,8.104575,noise,sell_to_mm,6.104575,9,11.241221,80.799852,0.810000,79.989852
356,9.146502,8.667915,7.577915,9.577915,noise,sell_to_mm,7.577915,10,3.663306,95.128329,1.000000,94.128329
357,8.933470,9.664362,8.564362,10.564362,informed,none,0.000000,10,3.663306,92.998009,1.000000,91.998009
358,9.267739,9.366117,8.266117,10.266117,informed,none,0.000000,10,3.663306,96.340693,1.000000,95.340693
359,7.547172,8.040132,6.940132,8.940132,informed,none,0.000000,10,3.663306,79.135021,1.000000,78.135021
360,4.980300,4.737515,3.637515,5.637515,noise,none,0.000000,10,3.663306,53.466302,1.000000,52.466302
361,5.158742,5.204905,4.104905,6.104905,noise,none,0.000000,10,3.663306,55.250729,1.000000,54.250729
362,5.971488,4.887803,3.787803,5.787803,informed,buy_from_mm,5.787803,9,9.451109,63.194501,0.810000,62.384501
363,6.165995,6.603753,5.513753,7.513753,informed,none,0.000000,9,9.451109,64.945061,0.810000,64.135061
364,5.171093,4.369896,3.279896,5.279896,noise,buy_from_mm,5.279896,8,14.731005,56.099752,0.640000,55.459752
365,5.663459,5.013459,3.933459,5.933459,informed,none,0.000000,8,14.731005,60.038679,0.640000,59.398679
366,6.368977,7.353627,6.273627,8.273627,noise,buy_from_mm,8.273627,7,23.004633,67.587473,0.490000,67.097473
367,6.812475,6.265996,5.195996,7.195996,informed,none,0.000000,7,23.004633,70.691957,0.490000,70.201957
368,6.503887,6.756876,5.686876,7.686876,informed,none,0.000000,7,23.004633,68.531842,0.490000,68.041842
369,7.627510,8.401875,7.331875,9.331875,noise,buy_from_mm,9.331875,6,32.336507,78.101569,0.360000,77.741569
370,7.709953,7.847193,6.787193,8.787193,informed,none,0.000000,6,32.336507,78.596224,0.360000,78.236224
371,9.103227,9.946674,8.886674,10.886674,noise,none,0.000000,6,32.336507,86.955867,0.360000,86.595867
372,10.120972,10.195675,9.135675,11.135675,informed,none,0.000000,6,32.336507,93.062342,0.360000,92.702342
373,10.366809,9.335014,8.275014,10.275014,informed,buy_from_mm,10.275014,5,42.611521,94.445568,0.250000,94.195568
374,9.976209,9.165188,8.115188,10.115188,noise,none,0.000000,5,42.611521,92.492564,0.250000,92.242564
375,9.355943,9.004381,7.954381,9.954381,informed,none,0.000000,5,42.611521,89.391236,0.250000,89.141236
376,10.249919,10.425751,9.375751,11.375751,noise,none,0.000000,5,42.611521,93.861118,0.250000,93.611118
377,10.894622,10.728633,9.678633,11.678633,informed,none,0.000000,5,42.611521,97.084630,0.250000,96.834630
378,10.087649,9.258258,8.208258,10.208258,noise,none,0.000000,5,42.611521,93.049765,0.250000,92.799765
379,9.533620,9.008238,7.958238,9.958238,noise,buy_from_mm,9.958238,4,52.569759,90.704241,0.160000,90.544241
380,10.391181,10.118585,9.078585,11.078585,noise,sell_to_mm,9.078585,5,43.491175,95.447082,0.250000,95.197082
381,10.249657,9.436822,8.386822,10.386822,informed,none,0.000000,5,43.491175,94.739458,0.250000,94.489458
382,11.301598,11.809080,10.759080,12.759080,informed,none,0.000000,5,43.491175,99.999167,0.250000,99.749167
383,10.694613,11.261898,10.211898,12.211898,noise,none,0.000000,5,43.491175,96.964240,0.250000,96.714240
384,9.855245,10.416365,9.366365,11.366365,informed,none,0.000000,5,43.491175,92.767400,0.250000,92.517400
385,9.870047,10.495502,9.445502,11.445502,noise,none,0.000000,5,43.491175,92.841408,0.250000,92.591408
386,9.415215,9.370559,8.320559,10.320559,informed,none,0.000000,5,43.491175,90.567251,0.250000,90.317251
387,8.583426,8.575510,7.525510,9.525510,informed,none,0.000000,5,43.491175,86.408305,0.250000,86.158305
388,8.512937,8.188712,7.138712,9.138712,noise,none,0.000000,5,43.491175,86.055860,0.250000,85.805860
389,8.190690,8.449538,7.399538,9.399538,noise,none,0.000000,5,43.491175,84.444623,0.250000,84.194623
390,8.360530,8.742514,7.692514,9.692514,informed,none,0.000000,5,43.491175,85.293822,0.250000,85.043822
391,9.051042,8.198901,7.148901,9.148901,noise,none,0.000000,5,43.491175,88.746384,0.250000,88.496384
392,8.388197,8.196671,7.146671,9.146671,noise,buy_from_mm,9.146671,4,52.637846,86.190633,0.160000,86.030633
393,6.752539,6.664487,5.624487,7.624487,noise,none,0.000000,4,52.637846,79.648002,0.160000,79.488002
394,7.724609,7.330297,6.290297,8.290297,informed,none,0.000000,4,52.637846,83.536282,0.160000,83.376282
395,7.571360,8.203615,7.163615,9.163615,informed,none,0.000000,4,52.637846,82.923288,0.160000,82.763288
396,7.042466,7.140286,6.100286,8.100286,informed,none,0.000000,4,52.637846,80.807711,0.160000,80.647711
397,7.685509,8.279539,7.239539,9.239539,noise,none,0.000000,4,52.637846,83.379880,0.160000,83.219880
398,8.762536,8.174850,7.134850,9.134850,informed,none,0.000000,4,52.637846,87.687989,0.160000,87.527989
399,9.429622,8.693621,7.653621,9.653621,informed,none,0.000000,4,52.637846,90.356335,0.160000,90.196335
400,9.820594,9.761565,8.721565,10.721565,informed,none,0.000000,4,52.637846,91.920220,0.160000,91.760220
401,10.932722,11.390916,10.350916,12.350916,informed,none,0.000000,4,52.637846,96.368735,0.160000,96.208735
402,11.850388,12.142067,11.102067,13.102067,informed,none,0.000000,4,52.637846,100.039397,0.160000,99.879397
403,11.418246,11.343427,10.303427,12.303427,informed,none,0.000000,4,52.637846,98.310829,0.160000,98.150829
404,10.965861,10.770449,9.730449,11.730449,noise,none,0.000000,4,52.637846,96.501289,0.160000,96.341289
405,11.206201,10.385340,9.345340,11.345340,noise,sell_to_mm,9.345340,5,43.292505,99.323509,0.250000,99.073509
406,11.694547,11.798741,10.748741,12.748741,noise,none,0.000000,5,43.292505,101.765243,0.250000,101.515243
407,10.949522,10.199008,9.149008,11.149008,noise,none,0.000000,5,43.292505,98.040113,0.250000,97.790113
408,11.230762,10.158311,9.108311,11.108311,informed,buy_from_mm,11.108311,4,54.400816,99.323863,0.160000,99.163863
409,11.618896,11.559416,10.519416,12.519416,informed,none,0.000000,4,54.400816,100.876401,0.160000,100.716401
410,13.747135,14.717906,13.677906,15.677906,informed,none,0.000000,4,54.400816,109.389358,0.160000,109.229358
411,13.762537,14.023031,12.983031,14.983031,informed,none,0.000000,4,54.400816,109.450965,0.160000,109.290965
412,14.058594,14.926875,13.886875,15.886875,noise,none,0.000000,4,54.400816,110.635191,0.160000,110.475191
413,14.531902,14.172877,13.132877,15.132877,informed,none,0.000000,4,54.400816,112.528423,0.160000,112.368423
414,14.733417,14.287448,13.247448,15.247448,noise,none,0.000000,4,54.400816,113.334485,0.160000,113.174485
415,14.551238,14.574234,13.534234,15.534234,noise,none,0.000000,4,54.400816,112.605768,0.160000,112.445768
416,17.327167,18.371912,17.331912,19.331912,noise,none,0.000000,4,54.400816,123.709485,0.160000,123.549485
417,17.369902,17.453769,16.413769,18.413769,noise,none,0.000000,4,54.400816,123.880426,0.160000,123.720426
418,18.095794,18.412202,17.372202,19.372202,noise,none,0.000000,4,54.400816,126.783992,0.160000,126.623992
419,17.601313,17.227066,16.187066,18.187066,noise,none,0.000000,4,54.400816,124.806067,0.160000,124.646067
420,16.093901,16.613162,15.573162,17.573162,noise,buy_from_mm,17.573162,3,71.973978,120.255681,0.090000,120.165681
421,15.821106,16.140793,15.110793,17.110793,informed,none,0.000000,3,71.973978,119.437296,0.090000,119.347296
422,15.038584,15.092587,14.062587,16.062587,noise,none,0.000000,3,71.973978,117.089731,0.090000,116.999731
423,16.079289,16.175787,15.145787,17.145787,noise,sell_to_mm,15.145787,4,56.828191,121.145348,0.160000,120.985348
424,14.582206,15.208028,14.168028,16.168028,noise,none,0.000000,4,56.828191,115.157015,0.160000,114.997015
425,15.087059,14.492334,13.452334,15.452334,informed,none,0.000000,4,56.828191,117.176427,0.160000,117.016427
426,14.803436,15.170374,14.130374,16.130374,noise,sell_to_mm,14.130374,5,42.697817,116.714997,0.250000,116.464997
427,14.168436,13.705619,12.655619,14.655619,informed,none,0.000000,5,42.697817,113.540000,0.250000,113.290000
428,14.717255,14.548030,13.498030,15.498030,noise,none,0.000000,5,42.697817,116.284093,0.250000,116.034093
429,16.091749,16.239859,15.189859,17.189859,noise,none,0.000000,5,42.697817,123.156560,0.250000,122.906560
430,15.540967,16.324200,15.274200,17.274200,noise,sell_to_mm,15.274200,6,27.423617,120.669418,0.360000,120.309418
431,15.282234,14.120234,13.060234,15.060234,informed,buy_from_mm,15.060234,5,42.483851,118.895021,0.250000,118.645021
432,15.459666,15.786944,14.736944,16.736944,noise,none,0.000000,5,42.483851,119.782179,0.250000,119.532179
433,16.955832,16.763046,15.713046,17.713046,noise,sell_to_mm,15.713046,6,26.770805,128.505797,0.360000,128.145797
434,16.607528,16.352247,15.292247,17.292247,noise,none,0.000000,6,26.770805,126.415975,0.360000,126.055975
435,18.126008,18.114640,17.054640,19.054640,informed,none,0.000000,6,26.770805,135.526851,0.360000,135.166851
436,17.239399,17.902284,16.842284,18.842284,informed,none,0.000000,6,26.770805,130.207196,0.360000,129.847196
437,18.650790,18.735869,17.675869,19.675869,informed,none,0.000000,6,26.770805,138.675544,0.360000,138.315544
438,19.321962,18.295701,17.235701,19.235701,informed,buy_from_mm,19.235701,5,46.006506,142.616315,0.250000,142.366315
439,18.759660,18.153183,17.103183,19.103183,noise,sell_to_mm,17.103183,6,28.903323,141.461282,0.360000,141.101282
440,19.179967,20.186355,19.126355,21.126355,noise,none,0.000000,6,28.903323,143.983127,0.360000,143.623127
441,19.538779,19.037732,17.977732,19.977732,informed,none,0.000000,6,28.903323,146.135997,0.360000,145.775997
442,21.299913,20.447626,19.387626,21.387626,informed,none,0.000000,6,28.903323,156.702803,0.360000,156.342803
443,20.540238,20.164915,19.104915,21.104915,informed,none,0.000000,6,28.903323,152.144753,0.360000,151.784753
444,20.683611,20.668778,19.608778,21.608778,noise,none,0.000000,6,28.903323,153.004986,0.360000,152.644986
445,20.390572,20.378838,19.318838,21.318838,noise,none,0.000000,6,28.903323,151.246755,0.360000,150.886755
446,20.530108,21.282140,20.222140,22.222140,noise,none,0.000000,6,28.903323,152.083971,0.360000,151.723971
447,21.628586,21.226021,20.166021,22.166021,informed,none,0.000000,6,28.903323,158.674836,0.360000,158.314836
448,20.625502,20.762438,19.702438,21.702438,informed,none,0.000000,6,28.903323,152.656334,0.360000,152.296334
449,22.269048,22.240916,21.180916,23.180916,informed,none,0.000000,6,28.903323,162.517612,0.360000,162.157612
450,21.409470,21.688906,20.628906,22.628906,noise,sell_to_mm,20.628906,7,8.274417,158.140710,0.490000,157.650710
451,22.007393,21.197914,20.127914,22.127914,noise,sell_to_mm,20.127914,8,-11.853497,164.205650,0.640000,163.565650
452,20.924364,20.489606,19.409606,21.409606,informed,none,0.000000,8,-11.853497,155.541414,0.640000,154.901414
453,19.522288,19.832477,18.752477,20.752477,informed,none,0.000000,8,-11.853497,144.324805,0.640000,143.684805
454,19.259647,19.585450,18.505450,20.505450,noise,sell_to_mm,18.505450,9,-30.358947,142.977873,0.810000,142.167873
455,20.646580,20.328866,19.238866,21.238866,noise,none,0.000000,9,-30.358947,155.460273,0.810000,154.650273
456,23.022854,21.863202,20.773202,22.773202,informed,buy_from_mm,22.773202,8,-7.585746,176.597084,0.640000,175.957084
457,23.599974,23.817280,22.737280,24.737280,informed,none,0.000000,8,-7.585746,181.214048,0.640000,180.574048
458,24.054107,24.178974,23.098974,25.098974,noise,none,0.000000,8,-7.585746,184.847108,0.640000,184.207108
459,23.855995,23.770336,22.690336,24.690336,noise,none,0.000000,8,-7.585746,183.262216,0.640000,182.622216
460,24.726319,23.892465,22.812465,24.812465,informed,none,0.000000,8,-7.585746,190.224805,0.640000,189.584805
461,25.265272,25.380596,24.300596,26.300596,noise,none,0.000000,8,-7.585746,194.536432,0.640000,193.896432
462,26.503430,27.145364,26.065364,28.065364,noise,none,0.000000,8,-7.585746,204.441698,0.640000,203.801698
463,27.878660,27.542228,26.462228,28.462228,informed,none,0.000000,8,-7.585746,215.443535,0.640000,214.803535
464,29.342639,29.970473,28.890473,30.890473,noise,none,0.000000,8,-7.585746,227.155367,0.640000,226.515367
465,27.721246,28.000154,26.920154,28.920154,noise,none,0.000000,8,-7.585746,214.184226,0.640000,213.544226
466,27.336169,27.467356,26.387356,28.387356,noise,none,0.000000,8,-7.585746,211.103609,0.640000,210.463609
467,26.039020,25.849599,24.769599,26.769599,noise,none,0.000000,8,-7.585746,200.726410,0.640000,200.086410
468,25.131405,26.088741,25.008741,27.008741,noise,none,0.000000,8,-7.585746,193.465495,0.640000,192.825495
469,24.545031,23.857393,22.777393,24.777393,informed,none,0.000000,8,-7.585746,188.774503,0.640000,188.134503
470,25.520116,25.535994,24.455994,26.455994,noise,none,0.000000,8,-7.585746,196.575180,0.640000,195.935180
471,24.617146,24.528947,23.448947,25.448947,informed,none,0.000000,8,-7.585746,189.351423,0.640000,188.711423
472,24.797359,24.209647,23.129647,25.129647,informed,none,0.000000,8,-7.585746,190.793126,0.640000,190.153126
473,23.789807,24.557523,23.477523,25.477523,informed,none,0.000000,8,-7.585746,182.732711,0.640000,182.092711
474,24.599303,24.548287,23.468287,25.468287,noise,none,0.000000,8,-7.585746,189.208681,0.640000,188.568681
475,24.673512,25.263675,24.183675,26.183675,informed,none,0.000000,8,-7.585746,189.802350,0.640000,189.162350
476,26.402657,25.070823,23.990823,25.990823,noise,none,0.000000,8,-7.585746,203.635508,0.640000,202.995508
477,26.685005,26.994129,25.914129,27.914129,noise,none,0.000000,8,-7.585746,205.894297,0.640000,205.254297
478,28.647506,28.855368,27.775368,29.775368,informed,none,0.000000,8,-7.585746,221.594302,0.640000,220.954302
479,28.175377,29.185929,28.105929,30.105929,noise,buy_from_mm,30.105929,7,22.520183,219.747819,0.490000,219.257819
480,28.774458,28.222072,27.152072,29.152072,informed,none,0.000000,7,22.520183,223.941386,0.490000,223.451386
481,26.987948,27.045261,25.975261,27.975261,noise,buy_from_mm,27.975261,6,50.495444,212.423133,0.360000,212.063133
482,27.205915,27.480665,26.420665,28.420665,noise,buy_from_mm,28.420665,5,78.916109,214.945683,0.250000,214.695683
483,27.739845,27.785623,26.735623,28.735623,noise,none,0.000000,5,78.916109,217.615333,0.250000,217.365333
484,28.729594,28.429070,27.379070,29.379070,informed,none,0.000000,5,78.916109,222.564079,0.250000,222.314079
485,30.412042,29.644909,28.594909,30.594909,informed,none,0.000000,5,78.916109,230.976319,0.250000,230.726319
486,29.686661,29.661563,28.611563,30.611563,noise,none,0.000000,5,78.916109,227.349413,0.250000,227.099413
487,29.066029,29.505807,28.455807,30.455807,noise,sell_to_mm,28.455807,6,50.460302,224.856474,0.360000,224.496474
488,30.461984,30.434423,29.374423,31.374423,noise,none,0.000000,6,50.460302,233.232206,0.360000,232.872206
489,27.780950,27.532741,26.472741,28.472741,informed,none,0.000000,6,50.460302,217.146004,0.360000,216.786004
490,29.021082,29.659148,28.599148,30.599148,informed,none,0.000000,6,50.460302,224.586796,0.360000,224.226796
491,29.552949,28.961183,27.901183,29.901183,noise,sell_to_mm,27.901183,7,22.559119,229.429762,0.490000,228.939762
492,29.810518,30.765392,29.695392,31.695392,noise,none,0.000000,7,22.559119,231.232745,0.490000,230.742745
493,33.780624,33.476508,32.406508,34.406508,noise,sell_to_mm,32.406508,8,-9.847389,260.397602,0.640000,259.757602
494,34.115246,33.362249,32.282249,34.282249,noise,none,0.000000,8,-9.847389,263.074575,0.640000,262.434575
495,32.966745,32.530505,31.450505,33.450505,noise,none,0.000000,8,-9.847389,253.886574,0.640000,253.246574
496,35.505867,35.365279,34.285279,36.285279,noise,none,0.000000,8,-9.847389,274.199544,0.640000,273.559544
497,34.410265,34.558316,33.478316,35.478316,noise,buy_from_mm,35.478316,7,25.630926,266.502784,0.490000,266.012784
498,34.795762,35.276175,34.206175,36.206175,informed,none,0.000000,7,25.630926,269.201260,0.490000,268.711260
499,36.427495,36.150831,35.080831,37.080831,noise,none,0.000000,7,25.630926,280.623388,0.490000,280.133388
500,34.755703,34.670121,33.600121,35.600121,informed,none,0.000000,7,25.630926,268.920847,0.490000,268.430847
501,35.154635,34.894279,33.824279,35.824279,noise,none,0.000000,7,25.630926,271.713375,0.490000,271.223375
502,35.023781,34.817541,33.747541,35.747541,noise,none,0.000000,7,25.630926,270.797394,0.490000,270.307394
503,34.621081,34.923219,33.853219,35.853219,informed,none,0.000000,7,25.630926,267.978496,0.490000,267.488496
504,35.468371,36.175763,35.105763,37.105763,informed,none,0.000000,7,25.630926,273.909522,0.490000,273.419522
505,33.538408,33.091929,32.021929,34.021929,informed,none,0.000000,7,25.630926,260.399781,0.490000,259.909781
506,32.636954,32.386690,31.316690,33.316690,informed,none,0.000000,7,25.630926,254.089608,0.490000,253.599608
507,32.310403,32.342696,31.272696,33.272696,noise,none,0.000000,7,25.630926,251.803747,0.490000,251.313747
508,32.416054,31.975077,30.905077,32.905077,noise,none,0.000000,7,25.630926,252.543308,0.490000,252.053308
509,33.059856,32.623499,31.553499,33.553499,noise,none,0.000000,7,25.630926,257.049921,0.490000,256.559921
510,31.198606,31.291492,30.221492,32.221492,noise,none,0.000000,7,25.630926,244.021171,0.490000,243.531171
511,32.512927,33.054160,31.984160,33.984160,informed,none,0.000000,7,25.630926,253.221417,0.490000,252.731417
512,32.602986,31.735590,30.665590,32.665590,informed,none,0.000000,7,25.630926,253.851825,0.490000,253.361825
513,33.152348,33.224814,32.154814,34.154814,noise,none,0.000000,7,25.630926,257.697362,0.490000,257.207362
514,33.198554,32.993790,31.923790,33.923790,informed,none,0.000000,7,25.630926,258.020807,0.490000,257.530807
515,32.329844,32.073251,31.003251,33.003251,noise,none,0.000000,7,25.630926,251.939837,0.490000,251.449837
516,32.706554,32.257074,31.187074,33.187074,informed,none,0.000000,7,25.630926,254.576801,0.490000,254.086801
517,32.038525,31.628215,30.558215,32.558215,informed,none,0.000000,7,25.630926,249.900600,0.490000,249.410600
518,32.389622,32.730700,31.660700,33.660700,noise,none,0.000000,7,25.630926,252.358283,0.490000,251.868283
519,31.420219,32.558985,31.488985,33.488985,noise,none,0.000000,7,25.630926,245.572461,0.490000,245.082461
520,33.104500,34.107555,33.037555,35.037555,informed,none,0.000000,7,25.630926,257.362427,0.490000,256.872427
521,32.564364,32.221801,31.151801,33.151801,noise,buy_from_mm,33.151801,6,58.782727,254.168909,0.360000,253.808909
522,29.941971,30.259337,29.199337,31.199337,informed,none,0.000000,6,58.782727,238.434556,0.360000,238.074556
523,30.155039,29.666452,28.606452,30.606452,informed,none,0.000000,6,58.782727,239.712962,0.360000,239.352962
524,30.162389,29.879022,28.819022,30.819022,informed,none,0.000000,6,58.782727,239.757062,0.360000,239.397062
525,30.003195,30.428488,29.368488,31.368488,noise,buy_from_mm,31.368488,5,90.151215,240.167189,0.250000,239.917189
526,29.507495,28.872480,27.822480,29.822480,noise,none,0.000000,5,90.151215,237.688691,0.250000,237.438691
527,30.159602,30.107000,29.057000,31.057000,informed,none,0.000000,5,90.151215,240.949227,0.250000,240.699227
528,29.431638,29.300116,28.250116,30.250116,informed,none,0.000000,5,90.151215,237.309406,0.250000,237.059406
529,31.144404,30.858430,29.808430,31.808430,informed,none,0.000000,5,90.151215,245.873235,0.250000,245.623235
530,30.923346,30.865773,29.815773,31.815773,informed,none,0.000000,5,90.151215,244.767946,0.250000,244.517946
531,29.957681,30.588882,29.538882,31.538882,noise,none,0.000000,5,90.151215,239.939621,0.250000,239.689621
532,27.976673,28.814064,27.764064,29.764064,noise,buy_from_mm,29.764064,4,119.915279,231.821971,0.160000,231.661971
533,28.851871,29.242974,28.202974,30.202974,informed,none,0.000000,4,119.915279,235.322762,0.160000,235.162762
534,28.521066,27.982444,26.942444,28.942444,noise,none,0.000000,4,119.915279,233.999541,0.160000,233.839541
535,29.830947,29.020587,27.980587,29.980587,informed,none,0.000000,4,119.915279,239.239066,0.160000,239.079066
536,27.960389,27.725473,26.685473,28.685473,noise,none,0.000000,4,119.915279,231.756834,0.160000,231.596834
537,28.973421,29.405876,28.365876,30.365876,noise,buy_from_mm,30.365876,3,150.281155,237.201419,0.090000,237.111419
538,28.955422,28.422718,27.392718,29.392718,informed,none,0.000000,3,150.281155,237.147422,0.090000,237.057422
539,28.347222,28.474790,27.444790,29.444790,noise,none,0.000000,3,150.281155,235.322820,0.090000,235.232820
540,26.866935,26.907147,25.877147,27.877147,informed,none,0.000000,3,150.281155,230.881961,0.090000,230.791961
541,27.741925,27.419025,26.389025,28.389025,informed,none,0.000000,3,150.281155,233.506931,0.090000,233.416931
542,25.336014,24.929959,23.899959,25.899959,noise,sell_to_mm,23.899959,4,126.381197,227.725252,0.160000,227.565252
543,26.127643,25.890934,24.850934,26.850934,informed,none,0.000000,4,126.381197,230.891768,0.160000,230.731768
544,25.396794,25.214277,24.174277,26.174277,noise,none,0.000000,4,126.381197,227.968372,0.160000,227.808372
545,25.557673,25.382384,24.342384,26.342384,noise,none,0.000000,4,126.381197,228.611890,0.160000,228.451890
546,25.235075,25.581661,24.541661,26.541661,informed,none,0.000000,4,126.381197,227.321497,0.160000,227.161497
547,25.565149,25.934587,24.894587,26.894587,noise,none,0.000000,4,126.381197,228.641794,0.160000,228.481794
548,26.464899,26.741614,25.701614,27.701614,noise,none,0.000000,4,126.381197,232.240793,0.160000,232.080793
549,26.056065,25.330125,24.290125,26.290125,informed,none,0.000000,4,126.381197,230.605456,0.160000,230.445456
550,25.368360,25.619833,24.579833,26.579833,informed,none,0.000000,4,126.381197,227.854637,0.160000,227.694637
551,27.472101,28.343369,27.303369,29.303369,informed,none,0.000000,4,126.381197,236.269600,0.160000,236.109600
552,28.190481,28.436452,27.396452,29.396452,noise,none,0.000000,4,126.381197,239.143120,0.160000,238.983120
553,27.938278,27.738195,26.698195,28.698195,informed,none,0.000000,4,126.381197,238.134309,0.160000,237.974309
554,27.002925,27.370278,26.330278,28.330278,noise,sell_to_mm,26.330278,5,100.050918,235.065542,0.250000,234.815542
555,26.256272,25.917875,24.867875,26.867875,noise,sell_to_mm,24.867875,6,75.183043,232.720673,0.360000,232.360673
556,27.988227,28.043226,26.983226,28.983226,noise,buy_from_mm,28.983226,5,104.166269,244.107404,0.250000,243.857404
557,27.259282,27.596381,26.546381,28.546381,noise,none,0.000000,5,104.166269,240.462680,0.250000,240.212680
558,28.072340,27.163995,26.113995,28.113995,informed,none,0.000000,5,104.166269,244.527971,0.250000,244.277971
559,29.367531,28.438165,27.388165,29.388165,informed,none,0.000000,5,104.166269,251.003924,0.250000,250.753924
560,28.100288,27.643313,26.593313,28.593313,informed,none,0.000000,5,104.166269,244.667707,0.250000,244.417707
561,28.827412,28.837057,27.787057,29.787057,noise,none,0.000000,5,104.166269,248.303328,0.250000,248.053328
562,28.482185,28.383767,27.333767,29.333767,noise,none,0.000000,5,104.166269,246.577196,0.250000,246.327196
563,29.359924,29.727041,28.677041,30.677041,informed,none,0.000000,5,104.166269,250.965890,0.250000,250.715890
564,30.035386,28.581092,27.531092,29.531092,noise,none,0.000000,5,104.166269,254.343198,0.250000,254.093198
565,30.053616,30.285321,29.235321,31.235321,noise,none,0.000000,5,104.166269,254.434348,0.250000,254.184348
566,28.468173,28.875078,27.825078,29.825078,noise,none,0.000000,5,104.166269,246.507131,0.250000,246.257131
567,28.950698,29.378185,28.328185,30.328185,noise,none,0.000000,5,104.166269,248.919760,0.250000,248.669760
568,28.507769,27.410303,26.360303,28.360303,informed,buy_from_mm,28.360303,4,132.526572,246.557650,0.160000,246.397650
569,26.628199,25.068813,24.028813,26.028813,noise,buy_from_mm,26.028813,3,158.555385,238.439981,0.090000,238.349981
570,27.771719,28.033035,27.003035,29.003035,informed,none,0.000000,3,158.555385,241.870543,0.090000,241.780543
571,26.089873,25.933337,24.903337,26.903337,noise,none,0.000000,3,158.555385,236.825005,0.090000,236.735005
572,26.794025,27.469991,26.439991,28.439991,noise,none,0.000000,3,158.555385,238.937462,0.090000,238.847462
573,27.677493,27.205691,26.175691,28.175691,noise,none,0.000000,3,158.555385,241.587863,0.090000,241.497863
574,28.944972,28.816381,27.786381,29.786381,noise,none,0.000000,3,158.555385,245.390300,0.090000,245.300300
575,28.396917,28.358780,27.328780,29.328780,noise,sell_to_mm,27.328780,4,131.226606,244.814272,0.160000,244.654272
576,29.556159,28.198586,27.158586,29.158586,noise,sell_to_mm,27.158586,5,104.068020,251.848814,0.250000,251.598814
577,27.805796,27.559058,26.509058,28.509058,informed,none,0.000000,5,104.068020,243.096998,0.250000,242.846998
578,30.922237,31.414807,30.364807,32.364807,noise,none,0.000000,5,104.068020,258.679203,0.250000,258.429203
579,30.661167,31.459648,30.409648,32.409648,noise,none,0.000000,5,104.068020,257.373853,0.250000,257.123853
580,30.515363,30.593374,29.543374,31.543374,informed,none,0.000000,5,104.068020,256.644833,0.250000,256.394833
581,30.965558,31.462193,30.412193,32.412193,informed,none,0.000000,5,104.068020,258.895811,0.250000,258.645811
582,31.941396,31.680901,30.630901,32.630901,noise,none,0.000000,5,104.068020,263.775001,0.250000,263.525001
583,30.396856,30.245108,29.195108,31.195108,informed,none,0.000000,5,104.068020,256.052299,0.250000,255.802299
584,29.011749,29.000055,27.950055,29.950055,noise,none,0.000000,5,104.068020,249.126767,0.250000,248.876767
585,30.382457,29.749237,28.699237,30.699237,informed,none,0.000000,5,104.068020,255.980305,0.250000,255.730305
586,30.347998,30.447571,29.397571,31.397571,noise,sell_to_mm,29.397571,6,74.670449,256.758439,0.360000,256.398439
587,30.327666,30.702004,29.642004,31.642004,noise,sell_to_mm,29.642004,7,45.028446,257.322105,0.490000,256.832105
588,31.146449,30.763948,29.693948,31.693948,informed,none,0.000000,7,45.028446,263.053591,0.490000,262.563591
589,32.478548,32.735129,31.665129,33.665129,noise,buy_from_mm,33.665129,6,78.693574,273.564863,0.360000,273.204863
590,31.161166,30.849767,29.789767,31.789767,noise,none,0.000000,6,78.693574,265.660568,0.360000,265.300568
591,30.599270,29.569195,28.509195,30.509195,noise,buy_from_mm,30.509195,5,109.202769,262.199119,0.250000,261.949119
592,31.057986,30.490133,29.440133,31.440133,noise,buy_from_mm,31.440133,4,140.642902,264.874847,0.160000,264.714847
593,31.148034,31.430153,30.390153,32.390153,noise,sell_to_mm,30.390153,5,110.252749,265.992918,0.250000,265.742918
594,30.684306,30.258677,29.208677,31.208677,informed,none,0.000000,5,110.252749,263.674278,0.250000,263.424278
595,29.432563,29.109844,28.059844,30.059844,noise,none,0.000000,5,110.252749,257.415565,0.250000,257.165565
596,31.251597,31.297879,30.247879,32.247879,noise,none,0.000000,5,110.252749,266.510735,0.250000,266.260735
597,31.639841,31.879509,30.829509,32.829509,noise,none,0.000000,5,110.252749,268.451955,0.250000,268.201955
598,32.873974,33.168731,32.118731,34.118731,noise,sell_to_mm,32.118731,6,78.134018,275.377861,0.360000,275.017861
599,31.607025,31.388746,30.328746,32.328746,noise,none,0.000000,6,78.134018,267.776169,0.360000,267.416169
600,31.449620,31.492459,30.432459,32.432459,informed,none,0.000000,6,78.134018,266.831740,0.360000,266.471740
601,30.906210,30.480939,29.420939,31.420939,noise,none,0.000000,6,78.134018,263.571278,0.360000,263.211278
602,29.444301,29.536262,28.476262,30.476262,noise,none,0.000000,6,78.134018,254.799824,0.360000,254.439824
603,28.976027,28.496229,27.436229,29.436229,noise,none,0.000000,6,78.134018,251.990181,0.360000,251.630181
604,29.602148,30.025244,28.965244,30.965244,informed,none,0.000000,6,78.134018,255.746909,0.360000,255.386909
605,30.515896,30.897321,29.837321,31.837321,noise,none,0.000000,6,78.134018,261.229395,0.360000,260.869395
606,31.201691,31.284543,30.224543,32.224543,noise,buy_from_mm,32.224543,5,110.358562,266.367015,0.250000,266.117015
607,30.363065,30.014916,28.964916,30.964916,informed,none,0.000000,5,110.358562,262.173888,0.250000,261.923888
608,29.687687,29.151141,28.101141,30.101141,informed,none,0.000000,5,110.358562,258.796999,0.250000,258.546999
609,27.095265,26.952554,25.902554,27.902554,informed,none,0.000000,5,110.358562,245.834888,0.250000,245.584888
610,25.640466,26.315697,25.265697,27.265697,noise,none,0.000000,5,110.358562,238.560894,0.250000,238.310894
611,25.559136,25.777389,24.727389,26.727389,informed,none,0.000000,5,110.358562,238.154243,0.250000,237.904243
612,26.502897,25.685066,24.635066,26.635066,informed,none,0.000000,5,110.358562,242.873046,0.250000,242.623046
613,26.474219,26.452177,25.402177,27.402177,noise,none,0.000000,5,110.358562,242.729656,0.250000,242.479656
614,27.477630,27.902459,26.852459,28.852459,noise,sell_to_mm,26.852459,6,83.506103,248.371884,0.360000,248.011884
615,28.008183,28.137301,27.077301,29.077301,informed,none,0.000000,6,83.506103,251.555201,0.360000,251.195201
616,28.455438,27.691337,26.631337,28.631337,noise,sell_to_mm,26.631337,7,56.874766,256.062829,0.490000,255.572829
617,27.434003,27.145088,26.075088,28.075088,informed,none,0.000000,7,56.874766,248.912784,0.490000,248.422784
618,26.931110,27.133892,26.063892,28.063892,noise,none,0.000000,7,56.874766,245.392532,0.490000,244.902532
619,27.979029,27.591507,26.521507,28.521507,noise,none,0.000000,7,56.874766,252.727967,0.490000,252.237967
620,27.958256,27.572912,26.502912,28.502912,noise,none,0.000000,7,56.874766,252.582555,0.490000,252.092555
621,28.967405,28.613115,27.543115,29.543115,noise,none,0.000000,7,56.874766,259.646602,0.490000,259.156602
622,28.634392,28.622194,27.552194,29.552194,noise,none,0.000000,7,56.874766,257.315509,0.490000,256.825509
623,28.281934,28.271490,27.201490,29.201490,noise,none,0.000000,7,56.874766,254.848307,0.490000,254.358307
624,28.867854,29.199496,28.129496,30.129496,informed,none,0.000000,7,56.874766,258.949744,0.490000,258.459744
625,27.820520,27.311495,26.241495,28.241495,noise,none,0.000000,7,56.874766,251.618409,0.490000,251.128409
626,29.238164,29.671544,28.601544,30.601544,informed,none,0.000000,7,56.874766,261.541916,0.490000,261.051916
627,30.251081,29.860034,28.790034,30.790034,informed,none,0.000000,7,56.874766,268.632335,0.490000,268.142335
628,28.565748,28.910454,27.840454,29.840454,noise,none,0.000000,7,56.874766,256.835000,0.490000,256.345000
629,29.271942,29.867826,28.797826,30.797826,informed,none,0.000000,7,56.874766,261.778357,0.490000,261.288357
630,30.428637,30.467937,29.397937,31.397937,noise,none,0.000000,7,56.874766,269.875222,0.490000,269.385222
631,30.538511,30.528987,29.458987,31.458987,informed,none,0.000000,7,56.874766,270.644344,0.490000,270.154344
632,31.632377,31.212453,30.142453,32.142453,informed,none,0.000000,7,56.874766,278.301407,0.490000,277.811407
633,30.459030,30.447555,29.377555,31.377555,informed,none,0.000000,7,56.874766,270.087979,0.490000,269.597979
634,29.087849,29.138264,28.068264,30.068264,noise,none,0.000000,7,56.874766,260.489706,0.490000,259.999706
635,29.352617,30.026504,28.956504,30.956504,noise,none,0.000000,7,56.874766,262.343086,0.490000,261.853086
636,30.467967,30.224365,29.154365,31.154365,informed,none,0.000000,7,56.874766,270.150533,0.490000,269.660533
637,30.144063,30.528078,29.458078,31.458078,informed,none,0.000000,7,56.874766,267.883207,0.490000,267.393207
638,30.360559,30.900747,29.830747,31.830747,informed,none,0.000000,7,56.874766,269.398677,0.490000,268.908677
639,29.986426,30.073887,29.003887,31.003887,informed,none,0.000000,7,56.874766,266.779751,0.490000,266.289751
640,30.445559,30.710567,29.640567,31.640567,informed,none,0.000000,7,56.874766,269.993677,0.490000,269.503677
641,30.035144,29.946353,28.876353,30.876353,informed,none,0.000000,7,56.874766,267.120775,0.490000,266.630775
642,29.503758,29.476518,28.406518,30.406518,noise,none,0.000000,7,56.874766,263.401072,0.490000,262.911072
643,28.903605,28.475615,27.405615,29.405615,informed,none,0.000000,7,56.874766,259.199998,0.490000,258.709998
644,29.330136,29.298428,28.228428,30.228428,informed,none,0.000000,7,56.874766,262.185718,0.490000,261.695718
645,29.816675,29.320267,28.250267,30.250267,noise,none,0.000000,7,56.874766,265.591488,0.490000,265.101488
646,29.388017,30.083646,29.013646,31.013646,informed,none,0.000000,7,56.874766,262.590882,0.490000,262.100882
647,30.587775,31.447394,30.377394,32.377394,noise,none,0.000000,7,56.874766,270.989193,0.490000,270.499193
648,29.912171,29.402316,28.332316,30.332316,noise,buy_from_mm,30.332316,6,87.207081,266.680110,0.360000,266.320110
649,28.877159,29.103699,28.043699,30.043699,noise,none,0.000000,6,87.207081,260.470035,0.360000,260.110035
650,28.224915,29.023807,27.963807,29.963807,informed,none,0.000000,6,87.207081,256.556570,0.360000,256.196570
651,29.488009,29.264824,28.204824,30.204824,informed,none,0.000000,6,87.207081,264.135137,0.360000,263.775137
652,29.202340,29.121520,28.061520,30.061520,noise,none,0.000000,6,87.207081,262.421122,0.360000,262.061122
653,29.369383,28.606608,27.546608,29.546608,noise,buy_from_mm,29.546608,5,116.753689,263.600606,0.250000,263.350606
654,28.543782,28.425311,27.375311,29.375311,informed,none,0.000000,5,116.753689,259.472598,0.250000,259.222598
655,28.012273,27.552818,26.502818,28.502818,informed,none,0.000000,5,116.753689,256.815053,0.250000,256.565053
656,28.216402,28.343598,27.293598,29.293598,noise,none,0.000000,5,116.753689,257.835700,0.250000,257.585700
657,27.455924,28.361813,27.311813,29.311813,informed,none,0.000000,5,116.753689,254.033307,0.250000,253.783307
658,27.998314,28.911365,27.861365,29.861365,informed,none,0.000000,5,116.753689,256.745260,0.250000,256.495260
659,26.644187,26.915176,25.865176,27.865176,informed,none,0.000000,5,116.753689,249.974624,0.250000,249.724624
660,27.315292,27.114337,26.064337,28.064337,informed,none,0.000000,5,116.753689,253.330150,0.250000,253.080150
661,27.717378,27.219704,26.169704,28.169704,noise,sell_to_mm,26.169704,6,90.583985,256.888251,0.360000,256.528251
662,28.372054,28.588234,27.528234,29.528234,noise,buy_from_mm,29.528234,5,120.112219,261.972488,0.250000,261.722488
663,29.079775,28.112378,27.062378,29.062378,noise,none,0.000000,5,120.112219,265.511093,0.250000,265.261093
664,26.907716,26.650779,25.600779,27.600779,noise,none,0.000000,5,120.112219,254.650800,0.250000,254.400800
665,26.047187,25.666735,24.616735,26.616735,noise,none,0.000000,5,120.112219,250.348155,0.250000,250.098155
666,26.316627,26.272284,25.222284,27.222284,informed,none,0.000000,5,120.112219,251.695352,0.250000,251.445352
667,26.574883,25.873164,24.823164,26.823164,noise,none,0.000000,5,120.112219,252.986634,0.250000,252.736634
668,25.187079,25.100796,24.050796,26.050796,informed,none,0.000000,5,120.112219,246.047613,0.250000,245.797613
669,24.621706,24.602236,23.552236,25.552236,noise,buy_from_mm,25.552236,4,145.664455,244.151279,0.160000,243.991279
670,23.809900,23.550409,22.510409,24.510409,noise,sell_to_mm,22.510409,5,123.154047,242.203545,0.250000,241.953545
671,24.497185,24.026164,22.976164,24.976164,informed,none,0.000000,5,123.154047,245.639973,0.250000,245.389973
672,25.316678,24.491321,23.441321,25.441321,noise,none,0.000000,5,123.154047,249.737436,0.250000,249.487436
673,24.911717,24.639745,23.589745,25.589745,noise,none,0.000000,5,123.154047,247.712633,0.250000,247.462633
674,25.605103,25.216883,24.166883,26.166883,noise,none,0.000000,5,123.154047,251.179562,0.250000,250.929562
675,25.550398,25.674028,24.624028,26.624028,noise,none,0.000000,5,123.154047,250.906038,0.250000,250.656038
676,25.644399,26.105512,25.055512,27.055512,informed,none,0.000000,5,123.154047,251.376041,0.250000,251.126041
677,27.028942,26.819176,25.769176,27.769176,informed,none,0.000000,5,123.154047,258.298755,0.250000,258.048755
678,28.021563,27.924390,26.874390,28.874390,informed,none,0.000000,5,123.154047,263.261860,0.250000,263.011860
679,28.067374,28.832587,27.782587,29.782587,informed,none,0.000000,5,123.154047,263.490917,0.250000,263.240917
680,27.821361,27.323882,26.273882,28.273882,informed,none,0.000000,5,123.154047,262.260854,0.250000,262.010854
681,26.909500,27.596003,26.546003,28.546003,noise,none,0.000000,5,123.154047,257.701547,0.250000,257.451547
682,28.896747,30.154708,29.104708,31.104708,noise,none,0.000000,5,123.154047,267.637783,0.250000,267.387783
683,28.765491,29.023303,27.973303,29.973303,noise,none,0.000000,5,123.154047,266.981503,0.250000,266.731503
684,27.811169,26.918255,25.868255,27.868255,noise,none,0.000000,5,123.154047,262.209892,0.250000,261.959892
685,28.154468,28.572152,27.522152,29.522152,noise,none,0.000000,5,123.154047,263.926384,0.250000,263.676384
686,27.104146,27.178100,26.128100,28.128100,informed,none,0.000000,5,123.154047,258.674779,0.250000,258.424779
687,27.757408,27.545414,26.495414,28.495414,noise,none,0.000000,5,123.154047,261.941088,0.250000,261.691088
688,26.525673,25.264247,24.214247,26.214247,noise,none,0.000000,5,123.154047,255.782411,0.250000,255.532411
689,26.041249,26.494502,25.444502,27.444502,noise,none,0.000000,5,123.154047,253.360291,0.250000,253.110291
690,26.570859,26.018000,24.968000,26.968000,noise,none,0.000000,5,123.154047,256.008341,0.250000,255.758341
691,26.808515,27.194355,26.144355,28.144355,noise,none,0.000000,5,123.154047,257.196621,0.250000,256.946621
692,27.233246,28.237300,27.187300,29.187300,noise,none,0.000000,5,123.154047,259.320277,0.250000,259.070277
693,25.627038,25.767402,24.717402,26.717402,noise,none,0.000000,5,123.154047,251.289237,0.250000,251.039237
694,23.679130,24.510657,23.460657,25.460657,noise,none,0.000000,5,123.154047,241.549695,0.250000,241.299695
695,22.449843,22.468048,21.418048,23.418048,noise,buy_from_mm,23.418048,4,146.572095,236.371466,0.160000,236.211466
696,22.188362,22.522746,21.482746,23.482746,noise,sell_to_mm,21.482746,5,125.089349,236.031161,0.250000,235.781161
697,21.230427,21.072297,20.022297,22.022297,informed,none,0.000000,5,125.089349,231.241484,0.250000,230.991484
698,21.326914,21.338913,20.288913,22.288913,noise,none,0.000000,5,125.089349,231.723919,0.250000,231.473919
699,23.141068,22.250485,21.200485,23.200485,noise,sell_to_mm,21.200485,6,103.888864,242.735271,0.360000,242.375271
700,23.047585,23.017909,21.957909,23.957909,noise,none,0.000000,6,103.888864,242.174371,0.360000,241.814371
701,25.234152,24.760195,23.700195,25.700195,informed,none,0.000000,6,103.888864,255.293773,0.360000,254.933773
702,26.167873,26.294161,25.234161,27.234161,informed,none,0.000000,6,103.888864,260.896101,0.360000,260.536101
703,28.203362,28.391489,27.331489,29.331489,noise,sell_to_mm,27.331489,7,76.557374,273.980909,0.490000,273.490909
704,26.288313,26.348623,25.278623,27.278623,noise,none,0.000000,7,76.557374,260.575564,0.490000,260.085564
705,26.059913,25.186411,24.116411,26.116411,informed,none,0.000000,7,76.557374,258.976764,0.490000,258.486764
706,25.307462,25.516840,24.446840,26.446840,noise,none,0.000000,7,76.557374,253.709609,0.490000,253.219609
707,27.004072,26.590686,25.520686,27.520686,informed,none,0.000000,7,76.557374,265.585879,0.490000,265.095879
708,28.778946,28.235470,27.165470,29.165470,noise,none,0.000000,7,76.557374,278.009997,0.490000,277.519997
709,29.824548,30.289013,29.219013,31.219013,noise,buy_from_mm,31.219013,6,107.776388,286.723677,0.360000,286.363677
710,30.486349,30.905794,29.845794,31.845794,noise,none,0.000000,6,107.776388,290.694479,0.360000,290.334479
711,30.674022,30.232165,29.172165,31.172165,informed,none,0.000000,6,107.776388,291.820522,0.360000,291.460522
712,31.067765,31.252787,30.192787,32.192787,noise,none,0.000000,6,107.776388,294.182980,0.360000,293.822980
713,31.085554,30.757017,29.697017,31.697017,informed,none,0.000000,6,107.776388,294.289710,0.360000,293.929710
714,30.168018,28.947798,27.887798,29.887798,noise,none,0.000000,6,107.776388,288.784493,0.360000,288.424493
715,31.976089,31.703169,30.643169,32.643169,informed,none,0.000000,6,107.776388,299.632923,0.360000,299.272923
716,32.563298,31.964585,30.904585,32.904585,informed,none,0.000000,6,107.776388,303.156177,0.360000,302.796177
717,32.623516,32.067409,31.007409,33.007409,noise,none,0.000000,6,107.776388,303.517481,0.360000,303.157481
718,31.394371,31.937943,30.877943,32.877943,noise,none,0.000000,6,107.776388,296.142611,0.360000,295.782611
719,33.363869,33.260917,32.200917,34.200917,informed,none,0.000000,6,107.776388,307.959599,0.360000,307.599599
720,32.932206,34.006957,32.946957,34.946957,informed,sell_to_mm,32.946957,7,74.829431,305.354871,0.490000,304.864871
721,34.026940,33.037444,31.967444,33.967444,informed,buy_from_mm,33.967444,6,108.796875,312.958516,0.360000,312.598516
722,34.028277,34.516813,33.456813,35.456813,informed,none,0.000000,6,108.796875,312.966537,0.360000,312.606537
723,33.597590,33.456017,32.396017,34.396017,noise,none,0.000000,6,108.796875,310.382414,0.360000,310.022414
724,34.106699,34.555004,33.495004,35.495004,noise,buy_from_mm,35.495004,5,144.291879,314.825374,0.250000,314.575374
725,32.984548,32.477527,31.427527,33.427527,informed,none,0.000000,5,144.291879,309.214618,0.250000,308.964618
726,34.642013,34.153557,33.103557,35.103557,informed,none,0.000000,5,144.291879,317.501942,0.250000,317.251942
727,35.301267,34.802210,33.752210,35.752210,noise,none,0.000000,5,144.291879,320.798214,0.250000,320.548214
728,35.973153,35.751396,34.701396,36.701396,informed,none,0.000000,5,144.291879,324.157645,0.250000,323.907645
729,36.234451,36.302571,35.252571,37.252571,noise,none,0.000000,5,144.291879,325.464132,0.250000,325.214132
730,35.978891,36.281095,35.231095,37.231095,informed,none,0.000000,5,144.291879,324.186334,0.250000,323.936334
731,36.532155,36.323593,35.273593,37.273593,informed,none,0.000000,5,144.291879,326.952655,0.250000,326.702655
732,37.021059,35.989641,34.939641,36.939641,noise,buy_from_mm,36.939641,4,181.231520,329.315756,0.160000,329.155756
733,37.272922,36.736072,35.696072,37.696072,noise,buy_from_mm,37.696072,3,218.927591,330.746357,0.090000,330.656357
734,38.351741,38.055483,37.025483,39.025483,noise,none,0.000000,3,218.927591,333.982815,0.090000,333.892815
735,39.084789,38.849161,37.819161,39.819161,noise,none,0.000000,3,218.927591,336.181959,0.090000,336.091959
736,39.856777,38.760207,37.730207,39.730207,noise,none,0.000000,3,218.927591,338.497922,0.090000,338.407922
737,39.736298,40.343364,39.313364,41.313364,noise,none,0.000000,3,218.927591,338.136484,0.090000,338.046484
738,38.939865,39.079990,38.049990,40.049990,noise,buy_from_mm,40.049990,2,258.977581,336.857311,0.040000,336.817311
739,38.490899,38.323400,37.303400,39.303400,noise,none,0.000000,2,258.977581,335.959378,0.040000,335.919378
740,38.173611,38.395019,37.375019,39.375019,noise,none,0.000000,2,258.977581,335.324804,0.040000,335.284804
741,39.552903,39.177547,38.157547,40.157547,informed,none,0.000000,2,258.977581,338.083386,0.040000,338.043386
742,40.478153,39.635405,38.615405,40.615405,noise,none,0.000000,2,258.977581,339.933887,0.040000,339.893887
743,41.808416,40.882198,39.862198,41.862198,informed,none,0.000000,2,258.977581,342.594414,0.040000,342.554414
744,43.509900,43.586112,42.566112,44.566112,noise,buy_from_mm,44.566112,1,303.543692,347.053593,0.010000,347.043593
745,43.940187,44.295895,43.285895,45.285895,noise,none,0.000000,1,303.543692,347.483879,0.010000,347.473879
746,43.688531,43.739758,42.729758,44.729758,noise,none,0.000000,1,303.543692,347.232224,0.010000,347.222224
747,44.925111,44.944550,43.934550,45.934550,informed,none,0.000000,1,303.543692,348.468803,0.010000,348.458803
748,44.705713,45.019068,44.009068,46.009068,noise,none,0.000000,1,303.543692,348.249405,0.010000,348.239405
749,44.968311,45.552612,44.542612,46.542612,noise,sell_to_mm,44.542612,2,259.001080,348.937701,0.040000,348.897701
750,44.020235,44.264639,43.244639,45.244639,informed,none,0.000000,2,259.001080,347.041551,0.040000,347.001551
751,42.450435,42.077292,41.057292,43.057292,informed,none,0.000000,2,259.001080,343.901949,0.040000,343.861949
752,42.453588,42.182693,41.162693,43.162693,noise,none,0.000000,2,259.001080,343.908256,0.040000,343.868256
753,42.398894,42.774071,41.754071,43.754071,informed,none,0.000000,2,259.001080,343.798868,0.040000,343.758868
754,41.550290,42.591992,41.571992,43.571992,noise,none,0.000000,2,259.001080,342.101660,0.040000,342.061660
755,39.194357,39.460115,38.440115,40.440115,informed,none,0.000000,2,259.001080,337.389794,0.040000,337.349794
756,37.277215,37.667817,36.647817,38.647817,noise,none,0.000000,2,259.001080,333.555509,0.040000,333.515509
757,38.578456,38.480897,37.460897,39.460897,informed,none,0.000000,2,259.001080,336.157992,0.040000,336.117992
758,41.145185,41.139125,40.119125,42.119125,noise,sell_to_mm,40.119125,3,218.881955,342.317509,0.090000,342.227509
759,40.117384,40.203508,39.173508,41.173508,informed,none,0.000000,3,218.881955,339.234108,0.090000,339.144108
760,40.445315,40.399929,39.369929,41.369929,noise,buy_from_mm,41.369929,2,260.251884,341.142514,0.040000,341.102514
761,41.897615,41.488713,40.468713,42.468713,noise,none,0.000000,2,260.251884,344.047114,0.040000,344.007114
762,39.997940,39.580090,38.560090,40.560090,noise,none,0.000000,2,260.251884,340.247765,0.040000,340.207765
763,38.592638,38.774733,37.754733,39.754733,informed,none,0.000000,2,260.251884,337.437159,0.040000,337.397159
764,39.555374,39.288253,38.268253,40.268253,informed,none,0.000000,2,260.251884,339.362631,0.040000,339.322631
765,41.121218,40.922315,39.902315,41.902315,noise,none,0.000000,2,260.251884,342.494319,0.040000,342.454319
766,42.600221,42.572001,41.552001,43.552001,noise,none,0.000000,2,260.251884,345.452327,0.040000,345.412327
767,43.298987,42.941974,41.921974,43.921974,informed,none,0.000000,2,260.251884,346.849857,0.040000,346.809857
768,43.128162,43.525796,42.505796,44.505796,noise,none,0.000000,2,260.251884,346.508208,0.040000,346.468208
769,43.853577,44.491438,43.471438,45.471438,informed,none,0.000000,2,260.251884,347.959038,0.040000,347.919038
770,43.626952,43.172530,42.152530,44.152530,informed,none,0.000000,2,260.251884,347.505789,0.040000,347.465789
771,43.869186,44.073462,43.053462,45.053462,noise,buy_from_mm,45.053462,1,305.305346,349.174532,0.010000,349.164532
772,43.871279,43.520442,42.510442,44.510442,noise,none,0.000000,1,305.305346,349.176625,0.010000,349.166625
773,44.727742,45.010820,44.000820,46.000820,noise,none,0.000000,1,305.305346,350.033088,0.010000,350.023088
774,44.257942,44.492781,43.482781,45.482781,informed,none,0.000000,1,305.305346,349.563288,0.010000,349.553288
775,44.379672,45.012338,44.002338,46.002338,informed,none,0.000000,1,305.305346,349.685018,0.010000,349.675018
776,44.778598,45.154817,44.144817,46.144817,noise,none,0.000000,1,305.305346,350.083944,0.010000,350.073944
777,43.768486,43.250548,42.240548,44.240548,informed,none,0.000000,1,305.305346,349.073832,0.010000,349.063832
778,42.121636,42.383567,41.373567,43.373567,noise,buy_from_mm,43.373567,0,348.678913,348.678913,0.000000,348.678913
779,42.428459,42.236360,41.236360,43.236360,noise,none,0.000000,0,348.678913,348.678913,0.000000,348.678913
780,40.867584,41.631261,40.631261,42.631261,noise,none,0.000000,0,348.678913,348.678913,0.000000,348.678913
781,42.774583,42.350757,41.350757,43.350757,noise,buy_from_mm,43.350757,-1,392.029670,349.255087,0.010000,349.245087
782,44.079284,44.023228,43.033228,45.033228,informed,none,0.000000,-1,392.029670,347.950386,0.010000,347.940386
783,43.694839,43.717374,42.727374,44.727374,noise,none,0.000000,-1,392.029670,348.334831,0.010000,348.324831
784,45.528750,45.669470,44.679470,46.679470,noise,none,0.000000,-1,392.029670,346.500920,0.010000,346.490920
785,44.830569,45.853244,44.863244,46.863244,informed,sell_to_mm,44.863244,0,347.166426,347.166426,0.000000,347.166426
786,46.081199,46.757598,45.757598,47.757598,informed,none,0.000000,0,347.166426,347.166426,0.000000,347.166426
787,46.473901,46.663888,45.663888,47.663888,informed,none,0.000000,0,347.166426,347.166426,0.000000,347.166426
788,47.614745,47.360969,46.360969,48.360969,noise,none,0.000000,0,347.166426,347.166426,0.000000,347.166426
789,47.921744,47.436462,46.436462,48.436462,noise,none,0.000000,0,347.166426,347.166426,0.000000,347.166426
790,47.130158,48.082575,47.082575,49.082575,noise,sell_to_mm,47.082575,1,300.083851,347.214008,0.010000,347.204008
791,48.115581,48.100059,47.090059,49.090059,informed,none,0.000000,1,300.083851,348.199431,0.010000,348.189431
792,47.673312,47.983585,46.973585,48.973585,noise,sell_to_mm,46.973585,2,253.110265,348.456890,0.040000,348.416890
793,48.074900,47.559432,46.539432,48.539432,noise,buy_from_mm,48.539432,1,301.649698,349.724598,0.010000,349.714598
794,48.525457,47.896210,46.886210,48.886210,informed,none,0.000000,1,301.649698,350.175155,0.010000,350.165155
795,47.029088,47.469025,46.459025,48.459025,informed,none,0.000000,1,301.649698,348.678786,0.010000,348.668786
796,47.354408,47.987568,46.977568,48.977568,informed,none,0.000000,1,301.649698,349.004106,0.010000,348.994106
797,48.540876,49.093230,48.083230,50.083230,noise,sell_to_mm,48.083230,2,253.566468,350.648221,0.040000,350.608221
798,49.702818,49.052116,48.032116,50.032116,noise,none,0.000000,2,253.566468,352.972104,0.040000,352.932104
799,50.221867,50.969872,49.949872,51.949872,informed,none,0.000000,2,253.566468,354.010202,0.040000,353.970202
800,49.802003,50.322534,49.302534,51.302534,informed,none,0.000000,2,253.566468,353.170473,0.040000,353.130473
801,50.674390,51.045545,50.025545,52.025545,noise,none,0.000000,2,253.566468,354.915249,0.040000,354.875249
802,51.289979,50.908611,49.888611,51.888611,informed,none,0.000000,2,253.566468,356.146425,0.040000,356.106425
803,51.035709,51.597613,50.577613,52.577613,noise,none,0.000000,2,253.566468,355.637886,0.040000,355.597886
804,50.082509,50.608765,49.588765,51.588765,informed,none,0.000000,2,253.566468,353.731485,0.040000,353.691485
805,51.328865,51.270951,50.250951,52.250951,noise,none,0.000000,2,253.566468,356.224198,0.040000,356.184198
806,50.548071,50.436747,49.416747,51.416747,noise,sell_to_mm,49.416747,3,204.149721,355.793936,0.090000,355.703936
807,50.016187,49.618991,48.588991,50.588991,informed,none,0.000000,3,204.149721,354.198283,0.090000,354.108283
808,51.439191,51.313857,50.283857,52.283857,informed,none,0.000000,3,204.149721,358.467294,0.090000,358.377294
809,50.061009,50.435653,49.405653,51.405653,noise,none,0.000000,3,204.149721,354.332748,0.090000,354.242748
810,50.261015,49.851284,48.821284,50.821284,noise,buy_from_mm,50.821284,2,254.971005,355.493035,0.040000,355.453035
811,48.986085,49.308862,48.288862,50.288862,noise,none,0.000000,2,254.971005,352.943176,0.040000,352.903176
812,48.325062,48.229735,47.209735,49.209735,noise,none,0.000000,2,254.971005,351.621129,0.040000,351.581129
813,47.795275,47.864036,46.844036,48.844036,noise,none,0.000000,2,254.971005,350.561556,0.040000,350.521556
814,48.034428,47.684392,46.664392,48.664392,informed,none,0.000000,2,254.971005,351.039862,0.040000,350.999862
815,47.132763,47.280513,46.260513,48.260513,informed,none,0.000000,2,254.971005,349.236532,0.040000,349.196532
816,46.803648,47.003683,45.983683,47.983683,noise,buy_from_mm,47.983683,1,302.954688,349.758336,0.010000,349.748336
817,45.509187,46.591885,45.581885,47.581885,informed,sell_to_mm,45.581885,2,257.372803,348.391178,0.040000,348.351178
818,45.342035,45.479504,44.459504,46.459504,noise,none,0.000000,2,257.372803,348.056873,0.040000,348.016873
819,44.939631,45.144027,44.124027,46.124027,noise,none,0.000000,2,257.372803,347.252066,0.040000,347.212066
820,43.896290,43.745019,42.725019,44.725019,noise,buy_from_mm,44.725019,1,302.097822,345.994111,0.010000,345.984111
821,43.869768,43.885642,42.875642,44.875642,noise,none,0.000000,1,302.097822,345.967589,0.010000,345.957589
822,43.850792,44.522301,43.512301,45.512301,noise,none,0.000000,1,302.097822,345.948614,0.010000,345.938614
823,42.764488,43.438976,42.428976,44.428976,noise,sell_to_mm,42.428976,2,259.668846,345.197822,0.040000,345.157822
824,41.868547,42.196348,41.176348,43.176348,noise,none,0.000000,2,259.668846,343.405940,0.040000,343.365940
825,43.087704,43.564846,42.544846,44.544846,informed,none,0.000000,2,259.668846,345.844255,0.040000,345.804255
826,42.467703,43.046341,42.026341,44.026341,informed,none,0.000000,2,259.668846,344.604251,0.040000,344.564251
827,41.633343,41.819441,40.799441,42.799441,noise,buy_from_mm,42.799441,1,302.468287,344.101630,0.010000,344.091630
828,42.272256,41.550929,40.540929,42.540929,noise,none,0.000000,1,302.468287,344.740543,0.010000,344.730543
829,41.422235,41.279703,40.269703,42.269703,noise,none,0.000000,1,302.468287,343.890523,0.010000,343.880523
830,40.327597,41.018946,40.008946,42.008946,informed,none,0.000000,1,302.468287,342.795884,0.010000,342.785884
831,41.008370,40.840857,39.830857,41.830857,noise,none,0.000000,1,302.468287,343.476658,0.010000,343.466658
832,39.943592,40.947232,39.937232,41.937232,noise,buy_from_mm,41.937232,0,344.405519,344.405519,0.000000,344.405519
833,39.223631,38.977753,37.977753,39.977753,noise,none,0.000000,0,344.405519,344.405519,0.000000,344.405519
834,40.506891,40.142474,39.142474,41.142474,noise,none,0.000000,0,344.405519,344.405519,0.000000,344.405519
835,40.669923,40.772824,39.772824,41.772824,informed,none,0.000000,0,344.405519,344.405519,0.000000,344.405519
836,39.677983,39.800358,38.800358,40.800358,informed,none,0.000000,0,344.405519,344.405519,0.000000,344.405519
837,38.985970,39.129935,38.129935,40.129935,noise,sell_to_mm,38.129935,1,306.275584,345.261554,0.010000,345.251554
838,38.323342,39.081756,38.071756,40.071756,noise,none,0.000000,1,306.275584,344.598926,0.010000,344.588926
839,37.230806,37.507631,36.497631,38.497631,noise,none,0.000000,1,306.275584,343.506390,0.010000,343.496390
840,37.457843,37.744008,36.734008,38.734008,noise,none,0.000000,1,306.275584,343.733427,0.010000,343.723427
841,36.026560,36.278247,35.268247,37.268247,noise,buy_from_mm,37.268247,0,343.543831,343.543831,0.000000,343.543831
842,35.756391,36.472049,35.472049,37.472049,noise,sell_to_mm,35.472049,1,308.071782,343.828173,0.010000,343.818173
843,36.767591,36.579990,35.569990,37.569990,noise,none,0.000000,1,308.071782,344.839373,0.010000,344.829373
844,37.786377,37.579150,36.569150,38.569150,informed,none,0.000000,1,308.071782,345.858159,0.010000,345.848159
845,38.383611,38.445203,37.435203,39.435203,informed,none,0.000000,1,308.071782,346.455393,0.010000,346.445393
846,37.358743,37.392741,36.382741,38.382741,noise,none,0.000000,1,308.071782,345.430525,0.010000,345.420525
847,36.625771,35.759969,34.749969,36.749969,noise,none,0.000000,1,308.071782,344.697553,0.010000,344.687553
848,36.310377,36.353993,35.343993,37.343993,noise,buy_from_mm,37.343993,0,345.415776,345.415776,0.000000,345.415776
849,35.665265,35.760823,34.760823,36.760823,informed,none,0.000000,0,345.415776,345.415776,0.000000,345.415776
850,35.613263,35.094125,34.094125,36.094125,informed,none,0.000000,0,345.415776,345.415776,0.000000,345.415776
851,34.002645,34.070980,33.070980,35.070980,informed,none,0.000000,0,345.415776,345.415776,0.000000,345.415776
852,33.645129,34.033530,33.033530,35.033530,noise,none,0.000000,0,345.415776,345.415776,0.000000,345.415776
853,33.666854,33.830996,32.830996,34.830996,informed,none,0.000000,0,345.415776,345.415776,0.000000,345.415776
854,32.393302,32.887171,31.887171,33.887171,noise,none,0.000000,0,345.415776,345.415776,0.000000,345.415776
855,32.959285,32.531084,31.531084,33.531084,informed,none,0.000000,0,345.415776,345.415776,0.000000,345.415776
856,32.157715,31.541705,30.541705,32.541705,informed,none,0.000000,0,345.415776,345.415776,0.000000,345.415776
857,33.194597,32.377748,31.377748,33.377748,informed,none,0.000000,0,345.415776,345.415776,0.000000,345.415776
858,32.991606,33.516463,32.516463,34.516463,noise,none,0.000000,0,345.415776,345.415776,0.000000,345.415776
859,31.633714,31.987252,30.987252,32.987252,noise,none,0.000000,0,345.415776,345.415776,0.000000,345.415776
860,32.271118,31.660447,30.660447,32.660447,noise,buy_from_mm,32.660447,-1,378.076223,345.805105,0.010000,345.795105
861,32.430705,32.049812,31.059812,33.059812,informed,none,0.000000,-1,378.076223,345.645518,0.010000,345.635518
862,32.635703,32.117453,31.127453,33.127453,noise,none,0.000000,-1,378.076223,345.440520,0.010000,345.430520
863,32.966122,31.979572,30.989572,32.989572,informed,none,0.000000,-1,378.076223,345.110100,0.010000,345.100100
864,32.876308,32.891217,31.901217,33.901217,noise,none,0.000000,-1,378.076223,345.199915,0.010000,345.189915
865,33.176311,34.223607,33.233607,35.233607,informed,sell_to_mm,33.233607,0,344.842616,344.842616,0.000000,344.842616
866,32.296115,32.116835,31.116835,33.116835,informed,none,0.000000,0,344.842616,344.842616,0.000000,344.842616
867,32.542262,31.922761,30.922761,32.922761,noise,none,0.000000,0,344.842616,344.842616,0.000000,344.842616
868,34.237233,33.569145,32.569145,34.569145,noise,none,0.000000,0,344.842616,344.842616,0.000000,344.842616
869,34.648923,34.157038,33.157038,35.157038,informed,none,0.000000,0,344.842616,344.842616,0.000000,344.842616
870,33.559790,34.178716,33.178716,35.178716,informed,none,0.000000,0,344.842616,344.842616,0.000000,344.842616
871,34.800156,34.522249,33.522249,35.522249,noise,none,0.000000,0,344.842616,344.842616,0.000000,344.842616
872,35.282298,35.488697,34.488697,36.488697,informed,none,0.000000,0,344.842616,344.842616,0.000000,344.842616
873,35.789905,35.483176,34.483176,36.483176,informed,none,0.000000,0,344.842616,344.842616,0.000000,344.842616
874,36.353878,36.655358,35.655358,37.655358,noise,sell_to_mm,35.655358,1,309.187257,345.541136,0.010000,345.531136
875,36.754120,36.610287,35.600287,37.600287,noise,none,0.000000,1,309.187257,345.941378,0.010000,345.931378
876,37.714013,37.229036,36.219036,38.219036,noise,none,0.000000,1,309.187257,346.901270,0.010000,346.891270
877,37.532601,37.830916,36.820916,38.820916,noise,none,0.000000,1,309.187257,346.719858,0.010000,346.709858
878,37.860879,37.865514,36.855514,38.855514,noise,buy_from_mm,38.855514,0,348.042771,348.042771,0.000000,348.042771
879,37.611814,37.624547,36.624547,38.624547,noise,none,0.000000,0,348.042771,348.042771,0.000000,348.042771
880,37.824354,37.083836,36.083836,38.083836,noise,none,0.000000,0,348.042771,348.042771,0.000000,348.042771
881,36.921375,36.037086,35.037086,37.037086,noise,none,0.000000,0,348.042771,348.042771,0.000000,348.042771
882,36.277822,35.314198,34.314198,36.314198,noise,none,0.000000,0,348.042771,348.042771,0.000000,348.042771
883,36.290375,36.403772,35.403772,37.403772,noise,buy_from_mm,37.403772,-1,385.446543,349.156168,0.010000,349.146168
884,35.726587,35.855314,34.865314,36.865314,noise,none,0.000000,-1,385.446543,349.719956,0.010000,349.709956
885,36.734074,36.941794,35.951794,37.951794,noise,none,0.000000,-1,385.446543,348.712469,0.010000,348.702469
886,39.409540,40.020921,39.030921,41.030921,noise,buy_from_mm,41.030921,-2,426.477464,347.658384,0.040000,347.618384
887,39.062448,39.121042,38.141042,40.141042,informed,none,0.000000,-2,426.477464,348.352569,0.040000,348.312569
888,39.570750,39.913930,38.933930,40.933930,informed,none,0.000000,-2,426.477464,347.335964,0.040000,347.295964
889,39.835219,39.462335,38.482335,40.482335,noise,none,0.000000,-2,426.477464,346.807027,0.040000,346.767027
890,38.318056,38.144964,37.164964,39.164964,informed,none,0.000000,-2,426.477464,349.841351,0.040000,349.801351
891,38.630155,39.257382,38.277382,40.277382,noise,none,0.000000,-2,426.477464,349.217154,0.040000,349.177154
892,37.923545,37.945572,36.965572,38.965572,noise,none,0.000000,-2,426.477464,350.630374,0.040000,350.590374
893,36.681059,35.684556,34.704556,36.704556,informed,none,0.000000,-2,426.477464,353.115346,0.040000,353.075346
894,34.542528,33.749163,32.769163,34.769163,informed,none,0.000000,-2,426.477464,357.392409,0.040000,357.352409
895,34.978561,35.477495,34.497495,36.497495,noise,none,0.000000,-2,426.477464,356.520342,0.040000,356.480342
896,37.477600,36.709293,35.729293,37.729293,informed,none,0.000000,-2,426.477464,351.522264,0.040000,351.482264
897,36.529074,36.017605,35.037605,37.037605,informed,none,0.000000,-2,426.477464,353.419316,0.040000,353.379316
898,37.697823,37.681215,36.701215,38.701215,noise,none,0.000000,-2,426.477464,351.081818,0.040000,351.041818
899,37.464983,36.559567,35.579567,37.579567,informed,none,0.000000,-2,426.477464,351.547497,0.040000,351.507497
900,39.071202,39.766435,38.786435,40.786435,informed,none,0.000000,-2,426.477464,348.335060,0.040000,348.295060
901,39.716804,39.652222,38.672222,40.672222,informed,none,0.000000,-2,426.477464,347.043856,0.040000,347.003856
902,41.064890,42.260897,41.280897,43.280897,noise,buy_from_mm,43.280897,-3,469.758361,346.563691,0.090000,346.473691
903,41.278625,41.117602,40.147602,42.147602,noise,none,0.000000,-3,469.758361,345.922487,0.090000,345.832487
904,41.063677,41.086460,40.116460,42.116460,informed,none,0.000000,-3,469.758361,346.567330,0.090000,346.477330
905,41.412101,40.241682,39.271682,41.271682,noise,none,0.000000,-3,469.758361,345.522058,0.090000,345.432058
906,40.572345,40.765481,39.795481,41.795481,noise,none,0.000000,-3,469.758361,348.041327,0.090000,347.951327
907,40.172034,39.536581,38.566581,40.566581,informed,none,0.000000,-3,469.758361,349.242258,0.090000,349.152258
908,40.411066,39.616063,38.646063,40.646063,noise,none,0.000000,-3,469.758361,348.525163,0.090000,348.435163
909,40.833326,41.054400,40.084400,42.084400,noise,sell_to_mm,40.084400,-2,429.673960,348.007308,0.040000,347.967308
910,39.296274,40.360832,39.380832,41.380832,informed,sell_to_mm,39.380832,-1,390.293128,350.996854,0.010000,350.986854
911,38.016533,37.739016,36.749016,38.749016,noise,none,0.000000,-1,390.293128,352.276596,0.010000,352.266596
912,37.654711,37.323832,36.333832,38.333832,informed,none,0.000000,-1,390.293128,352.638417,0.010000,352.628417
913,38.565356,39.100958,38.110958,40.110958,informed,none,0.000000,-1,390.293128,351.727772,0.010000,351.717772
914,39.357491,39.605445,38.615445,40.615445,noise,none,0.000000,-1,390.293128,350.935637,0.010000,350.925637
915,39.987144,41.003265,40.013265,42.013265,noise,sell_to_mm,40.013265,0,350.279863,350.279863,0.000000,350.279863
916,41.481142,41.578822,40.578822,42.578822,noise,none,0.000000,0,350.279863,350.279863,0.000000,350.279863
917,41.671547,41.310572,40.310572,42.310572,informed,none,0.000000,0,350.279863,350.279863,0.000000,350.279863
918,41.587955,41.614465,40.614465,42.614465,noise,none,0.000000,0,350.279863,350.279863,0.000000,350.279863
919,42.915519,43.395071,42.395071,44.395071,noise,none,0.000000,0,350.279863,350.279863,0.000000,350.279863
920,43.122775,43.140403,42.140403,44.140403,informed,none,0.000000,0,350.279863,350.279863,0.000000,350.279863
921,43.916709,43.973169,42.973169,44.973169,noise,none,0.000000,0,350.279863,350.279863,0.000000,350.279863
922,42.943427,43.041172,42.041172,44.041172,noise,none,0.000000,0,350.279863,350.279863,0.000000,350.279863
923,40.847194,40.602258,39.602258,41.602258,noise,none,0.000000,0,350.279863,350.279863,0.000000,350.279863
924,40.034492,40.495314,39.495314,41.495314,informed,none,0.000000,0,350.279863,350.279863,0.000000,350.279863
925,40.238663,40.499388,39.499388,41.499388,informed,none,0.000000,0,350.279863,350.279863,0.000000,350.279863
926,39.937173,39.800951,38.800951,40.800951,noise,none,0.000000,0,350.279863,350.279863,0.000000,350.279863
927,39.892630,40.051056,39.051056,41.051056,noise,none,0.000000,0,350.279863,350.279863,0.000000,350.279863
928,40.565928,39.758141,38.758141,40.758141,noise,none,0.000000,0,350.279863,350.279863,0.000000,350.279863
929,40.913677,41.008380,40.008380,42.008380,noise,none,0.000000,0,350.279863,350.279863,0.000000,350.279863
930,40.815775,40.740505,39.740505,41.740505,informed,none,0.000000,0,350.279863,350.279863,0.000000,350.279863
931,42.343452,42.095072,41.095072,43.095072,informed,none,0.000000,0,350.279863,350.279863,0.000000,350.279863
932,42.233643,41.267072,40.267072,42.267072,noise,sell_to_mm,40.267072,1,310.012791,352.246435,0.010000,352.236435
933,42.853399,42.637434,41.627434,43.627434,noise,none,0.000000,1,310.012791,352.866190,0.010000,352.856190
934,41.095353,41.491384,40.481384,42.481384,noise,none,0.000000,1,310.012791,351.108144,0.010000,351.098144
935,41.030834,40.590434,39.580434,41.580434,informed,none,0.000000,1,310.012791,351.043625,0.010000,351.033625
936,40.312679,40.877821,39.867821,41.867821,noise,none,0.000000,1,310.012791,350.325470,0.010000,350.315470
937,41.907066,42.121296,41.111296,43.111296,informed,none,0.000000,1,310.012791,351.919857,0.010000,351.909857
938,42.579851,42.714058,41.704058,43.704058,noise,none,0.000000,1,310.012791,352.592642,0.010000,352.582642
939,42.009092,41.753698,40.743698,42.743698,informed,none,0.000000,1,310.012791,352.021884,0.010000,352.011884
940,41.505919,40.179848,39.169848,41.169848,informed,buy_from_mm,41.169848,0,351.182639,351.182639,0.000000,351.182639
941,41.382020,41.367051,40.367051,42.367051,noise,none,0.000000,0,351.182639,351.182639,0.000000,351.182639
942,40.490511,40.784072,39.784072,41.784072,informed,none,0.000000,0,351.182639,351.182639,0.000000,351.182639
943,40.132661,39.452744,38.452744,40.452744,informed,none,0.000000,0,351.182639,351.182639,0.000000,351.182639
944,38.585594,38.731670,37.731670,39.731670,noise,none,0.000000,0,351.182639,351.182639,0.000000,351.182639
945,37.776185,38.123409,37.123409,39.123409,noise,none,0.000000,0,351.182639,351.182639,0.000000,351.182639
946,38.943388,38.782749,37.782749,39.782749,noise,none,0.000000,0,351.182639,351.182639,0.000000,351.182639
947,38.904228,38.910112,37.910112,39.910112,informed,none,0.000000,0,351.182639,351.182639,0.000000,351.182639
948,38.076995,37.837188,36.837188,38.837188,informed,none,0.000000,0,351.182639,351.182639,0.000000,351.182639
949,37.792034,37.553885,36.553885,38.553885,informed,none,0.000000,0,351.182639,351.182639,0.000000,351.182639
950,37.432157,38.347044,37.347044,39.347044,noise,none,0.000000,0,351.182639,351.182639,0.000000,351.182639
951,35.346410,36.100802,35.100802,37.100802,noise,none,0.000000,0,351.182639,351.182639,0.000000,351.182639
952,34.534834,34.449314,33.449314,35.449314,noise,none,0.000000,0,351.182639,351.182639,0.000000,351.182639
953,33.666156,34.224866,33.224866,35.224866,informed,none,0.000000,0,351.182639,351.182639,0.000000,351.182639
954,33.032588,32.266801,31.266801,33.266801,noise,none,0.000000,0,351.182639,351.182639,0.000000,351.182639
955,32.797642,32.997114,31.997114,33.997114,informed,none,0.000000,0,351.182639,351.182639,0.000000,351.182639
956,30.945922,30.775807,29.775807,31.775807,informed,none,0.000000,0,351.182639,351.182639,0.000000,351.182639
957,32.020346,31.696144,30.696144,32.696144,noise,none,0.000000,0,351.182639,351.182639,0.000000,351.182639
958,30.802464,30.623954,29.623954,31.623954,informed,none,0.000000,0,351.182639,351.182639,0.000000,351.182639
959,31.061711,29.944671,28.944671,30.944671,noise,none,0.000000,0,351.182639,351.182639,0.000000,351.182639
960,28.720070,28.687514,27.687514,29.687514,noise,sell_to_mm,27.687514,1,323.495125,352.215195,0.010000,352.205195
961,28.056452,27.241362,26.231362,28.231362,informed,none,0.000000,1,323.495125,351.551576,0.010000,351.541576
962,28.002012,29.302292,28.292292,30.292292,informed,sell_to_mm,28.292292,2,295.202832,351.206857,0.040000,351.166857
963,27.424633,27.649890,26.629890,28.629890,noise,none,0.000000,2,295.202832,350.052098,0.040000,350.012098
964,28.089080,27.964287,26.944287,28.944287,informed,none,0.000000,2,295.202832,351.380993,0.040000,351.340993
965,29.395315,29.641920,28.621920,30.621920,informed,none,0.000000,2,295.202832,353.993463,0.040000,353.953463
966,29.953549,29.290125,28.270125,30.270125,informed,none,0.000000,2,295.202832,355.109930,0.040000,355.069930
967,26.909950,26.699889,25.679889,27.679889,noise,none,0.000000,2,295.202832,349.022733,0.040000,348.982733
968,26.562557,26.554502,25.534502,27.534502,noise,none,0.000000,2,295.202832,348.327947,0.040000,348.287947
969,27.015142,26.793879,25.773879,27.773879,noise,none,0.000000,2,295.202832,349.233117,0.040000,349.193117
970,25.250895,25.391420,24.371420,26.371420,informed,none,0.000000,2,295.202832,345.704623,0.040000,345.664623
971,24.914318,24.349066,23.329066,25.329066,noise,none,0.000000,2,295.202832,345.031468,0.040000,344.991468
972,24.345348,23.630969,22.610969,24.610969,noise,buy_from_mm,24.610969,1,319.813801,344.159149,0.010000,344.149149
973,23.886614,23.443588,22.433588,24.433588,informed,none,0.000000,1,319.813801,343.700415,0.010000,343.690415
974,24.147832,24.646970,23.636970,25.636970,informed,none,0.000000,1,319.813801,343.961633,0.010000,343.951633
975,22.528008,22.509478,21.499478,23.499478,informed,none,0.000000,1,319.813801,342.341809,0.010000,342.331809
976,22.517624,22.601450,21.591450,23.591450,informed,none,0.000000,1,319.813801,342.331425,0.010000,342.321425
977,21.424250,20.874412,19.864412,21.864412,noise,none,0.000000,1,319.813801,341.238051,0.010000,341.228051
978,22.824564,23.046287,22.036287,24.036287,noise,none,0.000000,1,319.813801,342.638365,0.010000,342.628365
979,24.667018,25.160515,24.150515,26.150515,noise,buy_from_mm,26.150515,0,345.964316,345.964316,0.000000,345.964316
980,25.235767,24.953584,23.953584,25.953584,noise,none,0.000000,0,345.964316,345.964316,0.000000,345.964316
981,24.916405,24.615020,23.615020,25.615020,informed,none,0.000000,0,345.964316,345.964316,0.000000,345.964316
982,24.954169,24.492571,23.492571,25.492571,informed,none,0.000000,0,345.964316,345.964316,0.000000,345.964316
983,25.654057,25.122279,24.122279,26.122279,informed,none,0.000000,0,345.964316,345.964316,0.000000,345.964316
984,25.055423,24.923154,23.923154,25.923154,noise,none,0.000000,0,345.964316,345.964316,0.000000,345.964316
985,23.748298,23.464685,22.464685,24.464685,noise,none,0.000000,0,345.964316,345.964316,0.000000,345.964316
986,23.349407,24.559175,23.559175,25.559175,noise,sell_to_mm,23.559175,1,322.405141,345.754548,0.010000,345.744548
987,22.013566,21.928396,20.918396,22.918396,noise,buy_from_mm,22.918396,0,345.323537,345.323537,0.000000,345.323537
988,21.407667,20.850843,19.850843,21.850843,informed,none,0.000000,0,345.323537,345.323537,0.000000,345.323537
989,20.722942,20.666967,19.666967,21.666967,informed,none,0.000000,0,345.323537,345.323537,0.000000,345.323537
990,21.762292,21.614842,20.614842,22.614842,informed,none,0.000000,0,345.323537,345.323537,0.000000,345.323537
991,24.251517,24.236694,23.236694,25.236694,informed,none,0.000000,0,345.323537,345.323537,0.000000,345.323537
992,25.163245,24.822530,23.822530,25.822530,informed,none,0.000000,0,345.323537,345.323537,0.000000,345.323537
993,24.163304,24.137213,23.137213,25.137213,noise,none,0.000000,0,345.323537,345.323537,0.000000,345.323537
994,24.275349,24.585495,23.585495,25.585495,informed,none,0.000000,0,345.323537,345.323537,0.000000,345.323537
995,25.762650,26.688593,25.688593,27.688593,noise,none,0.000000,0,345.323537,345.323537,0.000000,345.323537
996,24.847723,24.795999,23.795999,25.795999,noise,none,0.000000,0,345.323537,345.323537,0.000000,345.323537
997,23.362631,23.520866,22.520866,24.520866,informed,none,0.000000,0,345.323537,345.323537,0.000000,345.323537
998,25.131722,24.083479,23.083479,25.083479,noise,none,0.000000,0,345.323537,345.323537,0.000000,345.323537
999,24.481073,23.798345,22.798345,24.798345,noise,none,0.000000,0,345.323537,345.323537,0.000000,345.323537
1000,24.097693,23.666826,22.666826,24.666826,informed,none,0.000000,0,345.323537,345.323537,0.000000,345.323537
1001,26.685508,25.805279,24.805279,26.805279,informed,none,0.000000,0,345.323537,345.323537,0.000000,345.323537
1002,28.061020,27.778459,26.778459,28.778459,noise,sell_to_mm,26.778459,1,318.545079,346.606098,0.010000,346.596098
1003,26.621489,26.546792,25.536792,27.536792,informed,none,0.000000,1,318.545079,345.166567,0.010000,345.156567
1004,25.697133,26.221726,25.211726,27.211726,informed,none,0.000000,1,318.545079,344.242212,0.010000,344.232212
1005,23.332031,23.899310,22.889310,24.889310,noise,none,0.000000,1,318.545079,341.877110,0.010000,341.867110
1006,23.225789,23.766333,22.756333,24.756333,noise,none,0.000000,1,318.545079,341.770867,0.010000,341.760867
1007,22.001963,21.544894,20.534894,22.534894,informed,none,0.000000,1,318.545079,340.547042,0.010000,340.537042
1008,20.871106,20.626343,19.616343,21.616343,informed,none,0.000000,1,318.545079,339.416185,0.010000,339.406185
1009,21.859019,21.620291,20.610291,22.610291,noise,none,0.000000,1,318.545079,340.404097,0.010000,340.394097
1010,23.620094,24.829434,23.819434,25.819434,informed,sell_to_mm,23.819434,2,294.725645,341.965833,0.040000,341.925833
1011,24.068187,24.314970,23.294970,25.294970,informed,none,0.000000,2,294.725645,342.862018,0.040000,342.822018
1012,23.887182,24.344535,23.324535,25.324535,noise,none,0.000000,2,294.725645,342.500008,0.040000,342.460008
1013,24.325035,24.399292,23.379292,25.379292,noise,none,0.000000,2,294.725645,343.375715,0.040000,343.335715
1014,24.659285,23.737412,22.717412,24.717412,noise,none,0.000000,2,294.725645,344.044215,0.040000,344.004215
1015,23.379019,22.801096,21.781096,23.781096,informed,none,0.000000,2,294.725645,341.483682,0.040000,341.443682
1016,23.550217,24.186177,23.166177,25.166177,informed,none,0.000000,2,294.725645,341.826079,0.040000,341.786079
1017,22.480008,22.619864,21.599864,23.599864,noise,none,0.000000,2,294.725645,339.685662,0.040000,339.645662
1018,22.586894,22.155626,21.135626,23.135626,informed,none,0.000000,2,294.725645,339.899432,0.040000,339.859432
1019,23.129262,24.055280,23.035280,25.035280,noise,none,0.000000,2,294.725645,340.984169,0.040000,340.944169
1020,22.843731,22.993866,21.973866,23.973866,noise,none,0.000000,2,294.725645,340.413106,0.040000,340.373106
1021,24.674062,25.427092,24.407092,26.407092,noise,none,0.000000,2,294.725645,344.073769,0.040000,344.033769
1022,25.118912,25.489151,24.469151,26.469151,noise,sell_to_mm,24.469151,3,270.256494,345.613231,0.090000,345.523231
1023,25.925576,25.551227,24.521227,26.521227,informed,none,0.000000,3,270.256494,348.033221,0.090000,347.943221
1024,26.685204,27.034951,26.004951,28.004951,noise,none,0.000000,3,270.256494,350.312106,0.090000,350.222106
1025,27.034259,26.785596,25.755596,27.755596,noise,sell_to_mm,25.755596,4,244.500898,352.637932,0.160000,352.477932
1026,27.203217,28.186252,27.146252,29.146252,noise,sell_to_mm,27.146252,5,217.354646,353.370733,0.250000,353.120733
1027,28.013890,27.511161,26.461161,28.461161,informed,none,0.000000,5,217.354646,357.424098,0.250000,357.174098
1028,27.961577,28.215314,27.165314,29.165314,noise,none,0.000000,5,217.354646,357.162529,0.250000,356.912529
1029,28.334894,28.061059,27.011059,29.011059,noise,buy_from_mm,29.011059,4,246.365704,359.705279,0.160000,359.545279
1030,29.176045,30.096802,29.056802,31.056802,noise,none,0.000000,4,246.365704,363.069886,0.160000,362.909886
1031,28.336714,28.218006,27.178006,29.178006,noise,none,0.000000,4,246.365704,359.712560,0.160000,359.552560
1032,28.263652,28.722594,27.682594,29.682594,noise,none,0.000000,4,246.365704,359.420314,0.160000,359.260314
1033,29.580689,29.745336,28.705336,30.705336,noise,none,0.000000,4,246.365704,364.688462,0.160000,364.528462
1034,29.419719,30.270341,29.230341,31.230341,noise,none,0.000000,4,246.365704,364.044579,0.160000,363.884579
1035,28.809465,28.190246,27.150246,29.150246,noise,none,0.000000,4,246.365704,361.603565,0.160000,361.443565
1036,29.151482,29.316460,28.276460,30.276460,informed,none,0.000000,4,246.365704,362.971634,0.160000,362.811634
1037,29.261136,29.162117,28.122117,30.122117,noise,buy_from_mm,30.122117,3,276.487821,364.271228,0.090000,364.181228
1038,28.522753,27.835874,26.805874,28.805874,noise,buy_from_mm,28.805874,2,305.293695,362.339202,0.040000,362.299202
1039,29.864370,29.145015,28.125015,30.125015,noise,none,0.000000,2,305.293695,365.022435,0.040000,364.982435
1040,30.207051,30.121692,29.101692,31.101692,noise,sell_to_mm,29.101692,3,276.192003,366.813155,0.090000,366.723155
1041,32.861254,33.167431,32.137431,34.137431,informed,none,0.000000,3,276.192003,374.775764,0.090000,374.685764
1042,33.148407,33.028258,31.998258,33.998258,informed,none,0.000000,3,276.192003,375.637223,0.090000,375.547223
1043,33.167375,33.298932,32.268932,34.268932,informed,none,0.000000,3,276.192003,375.694127,0.090000,375.604127
1044,32.982253,32.411843,31.381843,33.381843,informed,none,0.000000,3,276.192003,375.138761,0.090000,375.048761
1045,31.602362,31.144294,30.114294,32.114294,noise,none,0.000000,3,276.192003,370.999089,0.090000,370.909089
1046,31.610970,32.393126,31.363126,33.363126,noise,none,0.000000,3,276.192003,371.024913,0.090000,370.934913
1047,32.030881,32.061839,31.031839,33.031839,noise,none,0.000000,3,276.192003,372.284647,0.090000,372.194647
1048,32.709466,33.318418,32.288418,34.288418,noise,none,0.000000,3,276.192003,374.320400,0.090000,374.230400
1049,33.165908,32.868943,31.838943,33.838943,noise,buy_from_mm,33.838943,2,310.030946,376.362762,0.040000,376.322762
1050,32.342840,32.511557,31.491557,33.491557,informed,none,0.000000,2,310.030946,374.716626,0.040000,374.676626
1051,32.090496,31.859108,30.839108,32.839108,noise,buy_from_mm,32.839108,1,342.870053,374.960550,0.010000,374.950550
1052,29.299939,29.674887,28.664887,30.664887,noise,none,0.000000,1,342.870053,372.169992,0.010000,372.159992
1053,29.259116,29.354359,28.344359,30.344359,noise,buy_from_mm,30.344359,0,373.214412,373.214412,0.000000,373.214412
1054,28.508613,28.913946,27.913946,29.913946,informed,none,0.000000,0,373.214412,373.214412,0.000000,373.214412
1055,30.094282,29.878626,28.878626,30.878626,noise,none,0.000000,0,373.214412,373.214412,0.000000,373.214412
1056,30.216555,30.613068,29.613068,31.613068,noise,none,0.000000,0,373.214412,373.214412,0.000000,373.214412
1057,31.271251,31.086326,30.086326,32.086326,informed,none,0.000000,0,373.214412,373.214412,0.000000,373.214412
1058,33.318006,33.238109,32.238109,34.238109,noise,buy_from_mm,34.238109,-1,407.452521,374.134515,0.010000,374.124515
1059,34.300085,33.913060,32.923060,34.923060,informed,none,0.000000,-1,407.452521,373.152436,0.010000,373.142436
1060,35.639429,35.376436,34.386436,36.386436,informed,none,0.000000,-1,407.452521,371.813091,0.010000,371.803091
1061,35.732939,35.661023,34.671023,36.671023,informed,none,0.000000,-1,407.452521,371.719582,0.010000,371.709582
1062,34.542744,34.837059,33.847059,35.847059,noise,buy_from_mm,35.847059,-2,443.299580,374.214093,0.040000,374.174093
1063,33.736738,34.093063,33.113063,35.113063,noise,none,0.000000,-2,443.299580,375.826104,0.040000,375.786104
1064,33.669659,33.684595,32.704595,34.704595,informed,none,0.000000,-2,443.299580,375.960262,0.040000,375.920262
1065,33.665008,34.268362,33.288362,35.288362,noise,sell_to_mm,33.288362,-1,410.011218,376.346210,0.010000,376.336210
1066,34.067041,34.407326,33.417326,35.417326,noise,none,0.000000,-1,410.011218,375.944176,0.010000,375.934176
1067,31.694570,32.029784,31.039784,33.039784,informed,none,0.000000,-1,410.011218,378.316648,0.010000,378.306648
1068,32.837089,33.558489,32.568489,34.568489,noise,none,0.000000,-1,410.011218,377.174128,0.010000,377.164128
1069,33.639074,32.720877,31.730877,33.730877,noise,sell_to_mm,31.730877,0,378.280341,378.280341,0.000000,378.280341
1070,33.106025,32.694190,31.694190,33.694190,noise,none,0.000000,0,378.280341,378.280341,0.000000,378.280341
1071,32.250234,32.451725,31.451725,33.451725,noise,none,0.000000,0,378.280341,378.280341,0.000000,378.280341
1072,31.380999,31.537419,30.537419,32.537419,informed,none,0.000000,0,378.280341,378.280341,0.000000,378.280341
1073,31.536153,32.425423,31.425423,33.425423,informed,none,0.000000,0,378.280341,378.280341,0.000000,378.280341
1074,30.986205,31.231709,30.231709,32.231709,informed,none,0.000000,0,378.280341,378.280341,0.000000,378.280341
1075,31.546851,32.462098,31.462098,33.462098,noise,none,0.000000,0,378.280341,378.280341,0.000000,378.280341
1076,31.707742,32.213526,31.213526,33.213526,informed,none,0.000000,0,378.280341,378.280341,0.000000,378.280341
1077,31.846375,31.634187,30.634187,32.634187,noise,none,0.000000,0,378.280341,378.280341,0.000000,378.280341
1078,29.972161,30.214576,29.214576,31.214576,noise,none,0.000000,0,378.280341,378.280341,0.000000,378.280341
1079,29.567862,29.400480,28.400480,30.400480,informed,none,0.000000,0,378.280341,378.280341,0.000000,378.280341
1080,28.782960,28.754630,27.754630,29.754630,noise,none,0.000000,0,378.280341,378.280341,0.000000,378.280341
1081,27.489109,28.097018,27.097018,29.097018,informed,none,0.000000,0,378.280341,378.280341,0.000000,378.280341
1082,28.311627,28.658121,27.658121,29.658121,noise,sell_to_mm,27.658121,1,350.622220,378.933846,0.010000,378.923846
1083,27.835142,27.516746,26.506746,28.506746,noise,none,0.000000,1,350.622220,378.457361,0.010000,378.447361
1084,28.201114,28.267301,27.257301,29.257301,noise,none,0.000000,1,350.622220,378.823334,0.010000,378.813334
1085,29.605188,29.043624,28.033624,30.033624,informed,none,0.000000,1,350.622220,380.227407,0.010000,380.217407
1086,28.827713,28.912400,27.902400,29.902400,noise,none,0.000000,1,350.622220,379.449933,0.010000,379.439933
1087,30.709709,29.888634,28.878634,30.878634,noise,sell_to_mm,28.878634,2,321.743585,383.163004,0.040000,383.123004
1088,31.772619,31.095061,30.075061,32.075061,informed,none,0.000000,2,321.743585,385.288823,0.040000,385.248823
1089,31.312783,31.896816,30.876816,32.876816,informed,none,0.000000,2,321.743585,384.369151,0.040000,384.329151
1090,31.249067,32.285782,31.265782,33.265782,noise,none,0.000000,2,321.743585,384.241720,0.040000,384.201720
1091,31.104028,30.893008,29.873008,31.873008,noise,none,0.000000,2,321.743585,383.951642,0.040000,383.911642
1092,30.967011,31.456340,30.436340,32.436340,noise,sell_to_mm,30.436340,3,291.307245,384.208277,0.090000,384.118277
1093,30.358752,29.640548,28.610548,30.610548,noise,none,0.000000,3,291.307245,382.383502,0.090000,382.293502
1094,29.124171,28.981699,27.951699,29.951699,noise,buy_from_mm,29.951699,2,321.258944,379.507286,0.040000,379.467286
1095,29.166941,29.413369,28.393369,30.393369,noise,none,0.000000,2,321.258944,379.592825,0.040000,379.552825
1096,28.614000,28.887775,27.867775,29.867775,noise,sell_to_mm,27.867775,3,293.391169,379.233169,0.090000,379.143169
1097,29.577464,29.820968,28.790968,30.790968,informed,none,0.000000,3,293.391169,382.123563,0.090000,382.033563
1098,28.846081,28.250365,27.220365,29.220365,informed,none,0.000000,3,293.391169,379.929411,0.090000,379.839411
1099,28.611630,29.010301,27.980301,29.980301,noise,sell_to_mm,27.980301,4,265.410868,379.857387,0.160000,379.697387
1100,29.053148,29.385440,28.345440,30.345440,noise,none,0.000000,4,265.410868,381.623461,0.160000,381.463461
1101,30.372843,29.047831,28.007831,30.007831,noise,none,0.000000,4,265.410868,386.902241,0.160000,386.742241
1102,30.260566,29.583452,28.543452,30.543452,noise,none,0.000000,4,265.410868,386.453131,0.160000,386.293131
1103,28.684495,29.225782,28.185782,30.185782,informed,none,0.000000,4,265.410868,380.148850,0.160000,379.988850
1104,27.636599,27.519701,26.479701,28.479701,noise,none,0.000000,4,265.410868,375.957263,0.160000,375.797263
1105,25.838210,25.048026,24.008026,26.008026,noise,none,0.000000,4,265.410868,368.763707,0.160000,368.603707
1106,26.004482,25.801789,24.761789,26.761789,noise,sell_to_mm,24.761789,5,240.649079,370.671487,0.250000,370.421487
1107,26.256643,26.890322,25.840322,27.840322,noise,sell_to_mm,25.840322,6,214.808757,372.348617,0.360000,371.988617
1108,25.697354,25.105632,24.045632,26.045632,informed,none,0.000000,6,214.808757,368.992882,0.360000,368.632882
1109,24.988555,25.506856,24.446856,26.446856,informed,none,0.000000,6,214.808757,364.740086,0.360000,364.380086
1110,25.799367,26.087712,25.027712,27.027712,noise,none,0.000000,6,214.808757,369.604960,0.360000,369.244960
1111,26.057251,26.834994,25.774994,27.774994,noise,none,0.000000,6,214.808757,371.152264,0.360000,370.792264
1112,26.343845,26.179565,25.119565,27.119565,informed,none,0.000000,6,214.808757,372.871827,0.360000,372.511827
1113,27.241047,27.783398,26.723398,28.723398,informed,none,0.000000,6,214.808757,378.255038,0.360000,377.895038
1114,27.260198,27.903123,26.843123,28.843123,informed,none,0.000000,6,214.808757,378.369942,0.360000,378.009942
1115,27.672269,28.354796,27.294796,29.294796,noise,none,0.000000,6,214.808757,380.842372,0.360000,380.482372
1116,27.234703,26.960500,25.900500,27.900500,informed,none,0.000000,6,214.808757,378.216977,0.360000,377.856977
1117,26.425410,26.992463,25.932463,27.932463,informed,none,0.000000,6,214.808757,373.361216,0.360000,373.001216
1118,25.777830,25.100008,24.040008,26.040008,noise,buy_from_mm,26.040008,5,240.848764,369.737913,0.250000,369.487913
1119,25.087609,24.995730,23.945730,25.945730,noise,none,0.000000,5,240.848764,366.286810,0.250000,366.036810
1120,24.344327,25.268584,24.218584,26.218584,noise,sell_to_mm,24.218584,6,216.630181,362.696144,0.360000,362.336144
1121,23.900681,24.388724,23.328724,25.328724,informed,none,0.000000,6,216.630181,360.034269,0.360000,359.674269
1122,23.980084,24.194818,23.134818,25.134818,informed,none,0.000000,6,216.630181,360.510684,0.360000,360.150684
1123,24.203046,25.001383,23.941383,25.941383,noise,none,0.000000,6,216.630181,361.848459,0.360000,361.488459
1124,24.515544,24.734871,23.674871,25.674871,noise,none,0.000000,6,216.630181,363.723444,0.360000,363.363444
1125,25.455876,25.408626,24.348626,26.348626,informed,none,0.000000,6,216.630181,369.365434,0.360000,369.005434
1126,25.000504,23.711076,22.651076,24.651076,noise,none,0.000000,6,216.630181,366.633202,0.360000,366.273202
1127,23.646940,23.748775,22.688775,24.688775,noise,none,0.000000,6,216.630181,358.511820,0.360000,358.151820
1128,23.789600,24.700114,23.640114,25.640114,informed,none,0.000000,6,216.630181,359.367780,0.360000,359.007780
1129,23.640781,22.774422,21.714422,23.714422,noise,sell_to_mm,21.714422,7,194.915758,360.401228,0.490000,359.911228
1130,21.817796,21.447537,20.377537,22.377537,noise,buy_from_mm,22.377537,6,217.293295,348.200071,0.360000,347.840071
1131,22.025225,22.210242,21.150242,23.150242,informed,none,0.000000,6,217.293295,349.444647,0.360000,349.084647
1132,22.669990,22.990379,21.930379,23.930379,informed,none,0.000000,6,217.293295,353.313233,0.360000,352.953233
1133,19.170317,19.399924,18.339924,20.339924,noise,buy_from_mm,20.339924,5,237.633219,333.484804,0.250000,333.234804
1134,19.266437,18.708816,17.658816,19.658816,informed,none,0.000000,5,237.633219,333.965406,0.250000,333.715406
1135,19.788686,20.838900,19.788900,21.788900,informed,sell_to_mm,19.788900,6,217.844318,336.576432,0.360000,336.216432
1136,19.911569,20.045581,18.985581,20.985581,noise,none,0.000000,6,217.844318,337.313734,0.360000,336.953734
1137,19.270578,20.275001,19.215001,21.215001,informed,none,0.000000,6,217.844318,333.467784,0.360000,333.107784
1138,17.827497,17.688429,16.628429,18.628429,informed,none,0.000000,6,217.844318,324.809297,0.360000,324.449297
1139,17.692479,17.229140,16.169140,18.169140,noise,none,0.000000,6,217.844318,323.999192,0.360000,323.639192
1140,19.237343,18.973138,17.913138,19.913138,noise,sell_to_mm,17.913138,7,199.931180,334.592579,0.490000,334.102579
1141,18.668570,19.735962,18.665962,20.665962,noise,sell_to_mm,18.665962,8,181.265218,330.613775,0.640000,329.973775
1142,18.265396,18.170942,17.090942,19.090942,noise,none,0.000000,8,181.265218,327.388385,0.640000,326.748385
1143,17.031568,18.265618,17.185618,19.185618,noise,sell_to_mm,17.185618,9,164.079600,317.363715,0.810000,316.553715
1144,17.124099,16.201720,15.111720,17.111720,noise,none,0.000000,9,164.079600,318.196493,0.810000,317.386493
1145,16.793547,17.334790,16.244790,18.244790,informed,none,0.000000,9,164.079600,315.221523,0.810000,314.411523
1146,16.339963,15.793241,14.703241,16.703241,noise,none,0.000000,9,164.079600,311.139264,0.810000,310.329264
1147,15.152945,15.513912,14.423912,16.423912,noise,buy_from_mm,16.423912,8,180.503513,301.727076,0.640000,301.087076
1148,15.471391,15.281006,14.201006,16.201006,informed,none,0.000000,8,180.503513,304.274637,0.640000,303.634637
1149,16.228816,16.538870,15.458870,17.458870,noise,sell_to_mm,15.458870,9,165.044642,311.103990,0.810000,310.293990
1150,14.671388,15.561622,14.471622,16.471622,informed,none,0.000000,9,165.044642,297.087136,0.810000,296.277136
1151,13.271216,13.334103,12.244103,14.244103,noise,none,0.000000,9,165.044642,284.485586,0.810000,283.675586
1152,13.458175,12.891300,11.801300,13.801300,noise,buy_from_mm,13.801300,8,178.845943,286.511344,0.640000,285.871344
1153,13.944339,14.212869,13.132869,15.132869,noise,none,0.000000,8,178.845943,290.400652,0.640000,289.760652
1154,14.765153,14.168275,13.088275,15.088275,informed,none,0.000000,8,178.845943,296.967170,0.640000,296.327170
1155,14.834480,14.280992,13.200992,15.200992,noise,none,0.000000,8,178.845943,297.521784,0.640000,296.881784
1156,15.865525,16.828042,15.748042,17.748042,informed,none,0.000000,8,178.845943,305.770141,0.640000,305.130141
1157,16.720810,16.577777,15.497777,17.497777,noise,sell_to_mm,15.497777,9,163.348166,313.835458,0.810000,313.025458
1158,15.563205,15.302980,14.212980,16.212980,noise,none,0.000000,9,163.348166,303.417015,0.810000,302.607015
1159,15.424342,14.752604,13.662604,15.662604,noise,none,0.000000,9,163.348166,302.167241,0.810000,301.357241
1160,14.412650,14.829024,13.739024,15.739024,noise,sell_to_mm,13.739024,10,149.609142,293.735637,1.000000,292.735637
1161,15.455176,14.545461,13.445461,15.445461,informed,buy_from_mm,15.445461,9,165.054603,304.151190,0.810000,303.341190
1162,14.691611,13.980463,12.890463,14.890463,informed,none,0.000000,9,165.054603,297.279105,0.810000,296.469105
1163,14.348474,14.336369,13.246369,15.246369,noise,sell_to_mm,13.246369,10,151.808234,295.292971,1.000000,294.292971
1164,14.560030,14.833890,13.733890,15.733890,informed,none,0.000000,10,151.808234,297.408534,1.000000,296.408534
1165,13.447354,13.512412,12.412412,14.412412,informed,none,0.000000,10,151.808234,286.281777,1.000000,285.281777
1166,14.158591,14.029649,12.929649,14.929649,noise,sell_to_mm,12.929649,11,138.878585,294.623081,1.210000,293.413081
1167,14.254717,14.205040,13.095040,15.095040,noise,none,0.000000,11,138.878585,295.680470,1.210000,294.470470
1168,15.636316,15.736222,14.626222,16.626222,noise,none,0.000000,11,138.878585,310.878064,1.210000,309.668064
1169,15.862586,15.336412,14.226412,16.226412,noise,none,0.000000,11,138.878585,313.367033,1.210000,312.157033
1170,16.170763,15.637084,14.527084,16.527084,noise,none,0.000000,11,138.878585,316.756979,1.210000,315.546979
1171,16.944255,17.320499,16.210499,18.210499,noise,none,0.000000,11,138.878585,325.265386,1.210000,324.055386
1172,15.886335,16.242318,15.132318,17.132318,informed,none,0.000000,11,138.878585,313.628268,1.210000,312.418268
1173,16.108266,15.501181,14.391181,16.391181,informed,none,0.000000,11,138.878585,316.069512,1.210000,314.859512
1174,15.306387,14.689169,13.579169,15.579169,informed,none,0.000000,11,138.878585,307.248839,1.210000,306.038839
1175,16.836004,16.303185,15.193185,17.193185,informed,none,0.000000,11,138.878585,324.074632,1.210000,322.864632
1176,16.495134,16.169928,15.059928,17.059928,noise,sell_to_mm,15.059928,12,123.818657,321.760265,1.440000,320.320265
1177,18.244831,17.885474,16.765474,18.765474,informed,none,0.000000,12,123.818657,342.756633,1.440000,341.316633
1178,19.498894,20.400761,19.280761,21.280761,informed,none,0.000000,12,123.818657,357.805385,1.440000,356.365385
1179,18.854267,18.188143,17.068143,19.068143,noise,none,0.000000,12,123.818657,350.069858,1.440000,348.629858
1180,18.610888,18.714842,17.594842,19.594842,noise,none,0.000000,12,123.818657,347.149315,1.440000,345.709315
1181,17.810385,17.228215,16.108215,18.108215,noise,none,0.000000,12,123.818657,337.543281,1.440000,336.103281
1182,18.464147,18.989455,17.869455,19.869455,noise,none,0.000000,12,123.818657,345.388418,1.440000,343.948418
1183,19.341712,18.770884,17.650884,19.650884,informed,none,0.000000,12,123.818657,355.919203,1.440000,354.479203
1184,17.986131,18.028260,16.908260,18.908260,noise,none,0.000000,12,123.818657,339.652233,1.440000,338.212233
1185,17.998038,17.966703,16.846703,18.846703,noise,none,0.000000,12,123.818657,339.795113,1.440000,338.355113
1186,19.523802,19.068324,17.948324,19.948324,noise,sell_to_mm,17.948324,13,105.870333,359.679759,1.690000,357.989759
1187,19.728980,20.746182,19.616182,21.616182,noise,none,0.000000,13,105.870333,362.347077,1.690000,360.657077
1188,19.981480,19.778502,18.648502,20.648502,noise,none,0.000000,13,105.870333,365.629579,1.690000,363.939579
1189,19.022998,19.666334,18.536334,20.536334,informed,none,0.000000,13,105.870333,353.169308,1.690000,351.479308
1190,19.488924,19.785985,18.655985,20.655985,informed,none,0.000000,13,105.870333,359.226347,1.690000,357.536347
1191,19.366252,19.580809,18.450809,20.450809,noise,none,0.000000,13,105.870333,357.631604,1.690000,355.941604
1192,18.646755,18.501222,17.371222,19.371222,noise,sell_to_mm,17.371222,14,88.499111,349.553683,1.960000,347.593683
1193,17.895278,18.409161,17.269161,19.269161,noise,sell_to_mm,17.269161,15,71.229951,339.659125,2.250000,337.409125
1194,18.762824,19.170195,18.020195,20.020195,noise,sell_to_mm,18.020195,16,53.209756,353.414940,2.560000,350.854940
1195,18.782450,18.966470,17.806470,19.806470,noise,none,0.000000,16,53.209756,353.728950,2.560000,351.168950
1196,19.491762,19.769943,18.609943,20.609943,noise,none,0.000000,16,53.209756,365.077950,2.560000,362.517950
1197,19.064244,18.536591,17.376591,19.376591,noise,none,0.000000,16,53.209756,358.237655,2.560000,355.677655
1198,20.094254,20.607857,19.447857,21.447857,informed,none,0.000000,16,53.209756,374.717824,2.560000,372.157824
1199,20.601153,21.394974,20.234974,22.234974,informed,none,0.000000,16,53.209756,382.828196,2.560000,380.268196
1200,22.125038,22.321351,21.161351,23.161351,informed,none,0.000000,16,53.209756,407.210359,2.560000,404.650359
1201,20.355964,20.386850,19.226850,21.226850,informed,none,0.000000,16,53.209756,378.905182,2.560000,376.345182
1202,19.841614,19.632616,18.472616,20.472616,noise,sell_to_mm,18.472616,17,34.737140,372.044581,2.890000,369.154581
1203,19.066118,19.147657,17.977657,19.977657,informed,none,0.000000,17,34.737140,358.861139,2.890000,355.971139
1204,19.989328,20.942740,19.772740,21.772740,informed,none,0.000000,17,34.737140,374.555712,2.890000,371.665712
1205,19.391678,19.829700,18.659700,20.659700,informed,none,0.000000,17,34.737140,364.395674,2.890000,361.505674
1206,19.821783,19.890244,18.720244,20.720244,informed,none,0.000000,17,34.737140,371.707453,2.890000,368.817453
1207,21.050127,21.592699,20.422699,22.422699,noise,none,0.000000,17,34.737140,392.589302,2.890000,389.699302
1208,20.685399,20.981127,19.811127,21.811127,informed,none,0.000000,17,34.737140,386.388920,2.890000,383.498920
1209,20.624766,21.499622,20.329622,22.329622,noise,none,0.000000,17,34.737140,385.358161,2.890000,382.468161
1210,19.490612,18.886280,17.716280,19.716280,noise,none,0.000000,17,34.737140,366.077551,2.890000,363.187551
1211,18.783843,18.789792,17.619792,19.619792,noise,buy_from_mm,19.619792,16,54.356933,354.898423,2.560000,352.338423
1212,15.960951,16.118567,14.958567,16.958567,noise,none,0.000000,16,54.356933,309.732154,2.560000,307.172154
1213,16.184094,16.229836,15.069836,17.069836,noise,none,0.000000,16,54.356933,313.302442,2.560000,310.742442
1214,16.799759,16.503745,15.343745,17.343745,informed,none,0.000000,16,54.356933,323.153076,2.560000,320.593076
1215,16.572340,16.601301,15.441301,17.441301,noise,none,0.000000,16,54.356933,319.514366,2.560000,316.954366
1216,15.664954,15.524775,14.364775,16.364775,noise,buy_from_mm,16.364775,15,70.721708,305.696011,2.250000,303.446011
1217,16.208164,16.302056,15.152056,17.152056,noise,none,0.000000,15,70.721708,313.844175,2.250000,311.594175
1218,15.356462,15.606620,14.456620,16.456620,informed,none,0.000000,15,70.721708,301.068632,2.250000,298.818632
1219,14.696885,15.675714,14.525714,16.525714,informed,none,0.000000,15,70.721708,291.174982,2.250000,288.924982
1220,13.520215,13.441401,12.291401,14.291401,noise,none,0.000000,15,70.721708,273.524935,2.250000,271.274935
1221,13.568269,13.558556,12.408556,14.408556,informed,none,0.000000,15,70.721708,274.245742,2.250000,271.995742
1222,14.112420,13.713648,12.563648,14.563648,noise,none,0.000000,15,70.721708,282.408010,2.250000,280.158010
1223,12.431701,12.463177,11.313177,13.313177,noise,sell_to_mm,11.313177,16,59.408531,258.315752,2.560000,255.755752
1224,10.665808,10.893976,9.733976,11.733976,noise,none,0.000000,16,59.408531,230.061463,2.560000,227.501463
1225,10.152237,9.769518,8.609518,10.609518,noise,none,0.000000,16,59.408531,221.844321,2.560000,219.284321
1226,9.988000,9.802424,8.642424,10.642424,informed,none,0.000000,16,59.408531,219.216529,2.560000,216.656529
1227,11.228853,10.418645,9.258645,11.258645,informed,none,0.000000,16,59.408531,239.070173,2.560000,236.510173
1228,10.148059,10.325308,9.165308,11.165308,noise,none,0.000000,16,59.408531,221.777479,2.560000,219.217479
1229,10.528517,10.620199,9.460199,11.460199,informed,none,0.000000,16,59.408531,227.864805,2.560000,225.304805
1230,10.803662,10.812764,9.652764,11.652764,informed,none,0.000000,16,59.408531,232.267122,2.560000,229.707122
1231,12.795609,12.365421,11.205421,13.205421,informed,none,0.000000,16,59.408531,264.138281,2.560000,261.578281
1232,13.096918,12.660966,11.500966,13.500966,informed,none,0.000000,16,59.408531,268.959211,2.560000,266.399211
1233,12.001142,12.305875,11.145875,13.145875,informed,none,0.000000,16,59.408531,251.426798,2.560000,248.866798
1234,11.891777,11.951287,10.791287,12.791287,informed,none,0.000000,16,59.408531,249.676964,2.560000,247.116964
1235,10.720997,10.874165,9.714165,11.714165,noise,none,0.000000,16,59.408531,230.944477,2.560000,228.384477
1236,11.098923,11.355299,10.195299,12.195299,informed,none,0.000000,16,59.408531,236.991305,2.560000,234.431305
1237,11.651445,11.192578,10.032578,12.032578,noise,sell_to_mm,10.032578,17,49.375953,247.450518,2.890000,244.560518
1238,12.038171,11.824102,10.654102,12.654102,informed,none,0.000000,17,49.375953,254.024853,2.890000,251.134853
1239,11.768075,11.431734,10.261734,12.261734,informed,none,0.000000,17,49.375953,249.433225,2.890000,246.543225
1240,12.349493,12.521834,11.351834,13.351834,noise,none,0.000000,17,49.375953,259.317340,2.890000,256.427340
1241,12.629554,12.323719,11.153719,13.153719,noise,buy_from_mm,13.153719,16,62.529672,264.602537,2.560000,262.042537
1242,10.765589,10.812721,9.652721,11.652721,noise,none,0.000000,16,62.529672,234.779101,2.560000,232.219101
1243,10.283148,10.458780,9.298780,11.298780,noise,sell_to_mm,9.298780,17,53.230892,228.044411,2.890000,225.154411
1244,11.049065,10.367976,9.197976,11.197976,informed,none,0.000000,17,53.230892,241.064989,2.890000,238.174989
1245,10.660310,10.181825,9.011825,11.011825,noise,buy_from_mm,11.011825,16,64.242717,234.807671,2.560000,232.247671
1246,9.256948,8.435402,7.275402,9.275402,noise,none,0.000000,16,64.242717,212.353889,2.560000,209.793889
1247,10.363603,10.376259,9.216259,11.216259,informed,none,0.000000,16,64.242717,230.060365,2.560000,227.500365
1248,11.576233,11.651746,10.491746,12.491746,noise,none,0.000000,16,64.242717,249.462453,2.560000,246.902453
1249,14.288585,14.127691,12.967691,14.967691,informed,none,0.000000,16,64.242717,292.860077,2.560000,290.300077
1250,13.619511,13.583782,12.423782,14.423782,informed,none,0.000000,16,64.242717,282.154895,2.560000,279.594895
1251,13.303797,12.904754,11.744754,13.744754,noise,sell_to_mm,11.744754,17,52.497963,278.662510,2.890000,275.772510
1252,11.318119,11.322050,10.152050,12.152050,noise,none,0.000000,17,52.497963,244.905981,2.890000,242.015981
1253,10.503966,10.341795,9.171795,11.171795,noise,buy_from_mm,11.171795,16,63.669758,231.733216,2.560000,229.173216
1254,10.772410,10.364348,9.204348,11.204348,noise,sell_to_mm,9.204348,17,54.465411,237.596385,2.890000,234.706385
1255,11.828072,12.770859,11.600859,13.600859,noise,none,0.000000,17,54.465411,255.542642,2.890000,252.652642
1256,12.776658,12.492452,11.322452,13.322452,informed,none,0.000000,17,54.465411,271.668588,2.890000,268.778588
1257,13.965181,14.747709,13.577709,15.577709,informed,none,0.000000,17,54.465411,291.873483,2.890000,288.983483
1258,12.917338,13.116678,11.946678,13.946678,informed,none,0.000000,17,54.465411,274.060154,2.890000,271.170154
1259,12.130892,11.959188,10.789188,12.789188,noise,sell_to_mm,10.789188,18,43.676223,262.032271,3.240000,258.792271
1260,11.128661,10.814795,9.634795,11.634795,informed,none,0.000000,18,43.676223,243.992129,3.240000,240.752129
1261,11.261565,11.291652,10.111652,12.111652,noise,none,0.000000,18,43.676223,246.384400,3.240000,243.144400
1262,11.204198,12.012102,10.832102,12.832102,noise,none,0.000000,18,43.676223,245.351779,3.240000,242.111779
1263,12.405554,12.049657,10.869657,12.869657,noise,sell_to_mm,10.869657,19,32.806566,268.512093,3.610000,264.902093
1264,12.077225,11.737101,10.547101,12.547101,noise,none,0.000000,19,32.806566,262.273850,3.610000,258.663850
1265,12.024717,11.198818,10.008818,12.008818,informed,buy_from_mm,12.008818,18,44.815384,261.260293,3.240000,258.020293
1266,12.468849,12.655474,11.475474,13.475474,informed,none,0.000000,18,44.815384,269.254671,3.240000,266.014671
1267,10.652719,10.730939,9.550939,11.550939,noise,none,0.000000,18,44.815384,236.564332,3.240000,233.324332
1268,11.368161,11.839692,10.659692,12.659692,informed,none,0.000000,18,44.815384,249.442277,3.240000,246.202277
1269,12.751297,12.345928,11.165928,13.165928,noise,none,0.000000,18,44.815384,274.338728,3.240000,271.098728
1270,14.635808,14.837258,13.657258,15.657258,informed,none,0.000000,18,44.815384,308.259923,3.240000,305.019923
1271,11.914231,12.029733,10.849733,12.849733,noise,sell_to_mm,10.849733,19,33.965651,260.336031,3.610000,256.726031
1272,11.625063,11.962604,10.772604,12.772604,informed,none,0.000000,19,33.965651,254.841843,3.610000,251.231843
1273,11.211465,11.343857,10.153857,12.153857,informed,none,0.000000,19,33.965651,246.983488,3.610000,243.373488
1274,11.421522,11.489197,10.299197,12.299197,noise,none,0.000000,19,33.965651,250.974573,3.610000,247.364573
1275,12.292775,12.927607,11.737607,13.737607,noise,none,0.000000,19,33.965651,267.528385,3.610000,263.918385
1276,12.059843,11.944157,10.754157,12.754157,noise,none,0.000000,19,33.965651,263.102669,3.610000,259.492669
1277,14.325203,13.932148,12.742148,14.742148,noise,none,0.000000,19,33.965651,306.144501,3.610000,302.534501
1278,14.390096,14.460337,13.270337,15.270337,noise,none,0.000000,19,33.965651,307.377485,3.610000,303.767485
1279,14.751129,14.476469,13.286469,15.286469,noise,buy_from_mm,15.286469,18,49.252121,314.772451,3.240000,311.532451
1280,14.842718,14.287662,13.107662,15.107662,noise,buy_from_mm,15.107662,17,64.359783,316.685994,2.890000,313.795994
1281,15.562430,15.980072,14.810072,16.810072,noise,none,0.000000,17,64.359783,328.921100,2.890000,326.031100
1282,17.315391,17.139324,15.969324,17.969324,noise,none,0.000000,17,64.359783,358.721430,2.890000,355.831430
1283,16.158742,16.147528,14.977528,16.977528,noise,none,0.000000,17,64.359783,339.058402,2.890000,336.168402
1284,15.556320,14.751053,13.581053,15.581053,noise,none,0.000000,17,64.359783,328.817230,2.890000,325.927230
1285,14.281797,12.745381,11.575381,13.575381,informed,buy_from_mm,13.575381,16,77.935164,306.443915,2.560000,303.883915
1286,15.325870,14.971307,13.811307,15.811307,informed,none,0.000000,16,77.935164,323.149077,2.560000,320.589077
1287,16.013462,15.805570,14.645570,16.645570,noise,none,0.000000,16,77.935164,334.150554,2.560000,331.590554
1288,15.876840,16.282165,15.122165,17.122165,noise,none,0.000000,16,77.935164,331.964599,2.560000,329.404599
1289,13.728146,13.918490,12.758490,14.758490,noise,none,0.000000,16,77.935164,297.585497,2.560000,295.025497
1290,14.223777,14.823528,13.663528,15.663528,informed,none,0.000000,16,77.935164,305.515595,2.560000,302.955595
1291,13.740982,13.714906,12.554906,14.554906,informed,none,0.000000,16,77.935164,297.790883,2.560000,295.230883
1292,13.835059,12.861824,11.701824,13.701824,noise,none,0.000000,16,77.935164,299.296113,2.560000,296.736113
1293,14.088866,14.118907,12.958907,14.958907,noise,none,0.000000,16,77.935164,303.357025,2.560000,300.797025
1294,12.777385,12.679210,11.519210,13.519210,informed,none,0.000000,16,77.935164,282.373323,2.560000,279.813323
1295,12.485564,12.505150,11.345150,13.345150,noise,none,0.000000,16,77.935164,277.704192,2.560000,275.144192
1296,12.093107,11.117521,9.957521,11.957521,noise,none,0.000000,16,77.935164,271.424873,2.560000,268.864873
1297,11.806282,11.570443,10.410443,12.410443,informed,none,0.000000,16,77.935164,266.835679,2.560000,264.275679
1298,13.170730,12.619967,11.459967,13.459967,informed,none,0.000000,16,77.935164,288.666840,2.560000,286.106840
1299,16.161112,15.139353,13.979353,15.979353,noise,none,0.000000,16,77.935164,336.512963,2.560000,333.952963
1300,14.557934,15.290119,14.130119,16.130119,noise,none,0.000000,16,77.935164,310.862106,2.560000,308.302106
1301,15.667918,16.641014,15.481014,17.481014,noise,sell_to_mm,15.481014,17,62.454150,328.808753,2.890000,325.918753
1302,15.516904,15.626649,14.456649,16.456649,noise,none,0.000000,17,62.454150,326.241518,2.890000,323.351518
1303,15.219151,15.477470,14.307470,16.307470,noise,buy_from_mm,16.307470,16,78.761620,322.268039,2.560000,319.708039
1304,15.979606,15.694312,14.534312,16.534312,noise,none,0.000000,16,78.761620,334.435319,2.560000,331.875319
1305,16.211978,16.054315,14.894315,16.894315,noise,sell_to_mm,14.894315,17,63.867305,339.470937,2.890000,336.580937
1306,15.419917,15.421162,14.251162,16.251162,informed,none,0.000000,17,63.867305,326.005886,2.890000,323.115886
1307,16.217971,15.855808,14.685808,16.685808,informed,none,0.000000,17,63.867305,339.572815,2.890000,336.682815
1308,15.668002,15.490183,14.320183,16.320183,informed,none,0.000000,17,63.867305,330.223336,2.890000,327.333336
1309,17.389490,16.979484,15.809484,17.809484,noise,none,0.000000,17,63.867305,359.488639,2.890000,356.598639
1310,18.641675,19.278100,18.108100,20.108100,informed,none,0.000000,17,63.867305,380.775783,2.890000,377.885783
1311,18.703190,17.956552,16.786552,18.786552,informed,none,0.000000,17,63.867305,381.821527,2.890000,378.931527
1312,17.746409,17.562992,16.392992,18.392992,noise,sell_to_mm,16.392992,18,47.474313,366.909675,3.240000,363.669675
1313,17.062566,16.183515,15.003515,17.003515,noise,none,0.000000,18,47.474313,354.600493,3.240000,351.360493
1314,17.527212,17.542568,16.362568,18.362568,noise,sell_to_mm,16.362568,19,31.111745,364.128783,3.610000,360.518783
1315,16.912678,16.604880,15.414880,17.414880,noise,none,0.000000,19,31.111745,352.452635,3.610000,348.842635
1316,18.108897,18.815008,17.625008,19.625008,noise,buy_from_mm,19.625008,18,50.736753,376.696899,3.240000,373.456899
1317,18.329933,18.694954,17.514954,19.514954,noise,buy_from_mm,19.514954,17,70.251708,381.860567,2.890000,378.970567
1318,18.709968,18.490683,17.320683,19.320683,informed,none,0.000000,17,70.251708,388.321164,2.890000,385.431164
1319,17.589884,18.206375,17.036375,19.036375,informed,none,0.000000,17,70.251708,369.279728,2.890000,366.389728
1320,16.632729,17.134510,15.964510,17.964510,informed,none,0.000000,17,70.251708,353.008099,2.890000,350.118099
1321,18.211132,18.561598,17.391598,19.391598,noise,sell_to_mm,17.391598,18,52.860110,380.660484,3.240000,377.420484
1322,18.224184,17.736577,16.556577,18.556577,informed,none,0.000000,18,52.860110,380.895424,3.240000,377.655424
1323,18.210434,18.507134,17.327134,19.327134,informed,none,0.000000,18,52.860110,380.647925,3.240000,377.407925
1324,18.689167,17.938255,16.758255,18.758255,informed,none,0.000000,18,52.860110,389.265109,3.240000,386.025109
1325,18.814115,18.655549,17.475549,19.475549,informed,none,0.000000,18,52.860110,391.514183,3.240000,388.274183
1326,18.298193,17.503599,16.323599,18.323599,noise,none,0.000000,18,52.860110,382.227589,3.240000,378.987589
1327,18.261145,17.566499,16.386499,18.386499,noise,none,0.000000,18,52.860110,381.560712,3.240000,378.320712
1328,18.016964,17.800382,16.620382,18.620382,informed,none,0.000000,18,52.860110,377.165454,3.240000,373.925454
1329,16.878496,16.695077,15.515077,17.515077,noise,none,0.000000,18,52.860110,356.673043,3.240000,353.433043
1330,16.976304,17.658653,16.478653,18.478653,noise,none,0.000000,18,52.860110,358.433578,3.240000,355.193578
1331,19.195362,18.719286,17.539286,19.539286,informed,none,0.000000,18,52.860110,398.376632,3.240000,395.136632
1332,19.325681,20.284749,19.104749,21.104749,noise,none,0.000000,18,52.860110,400.722371,3.240000,397.482371
1333,20.396849,20.798998,19.618998,21.618998,noise,none,0.000000,18,52.860110,420.003398,3.240000,416.763398
1334,21.682868,21.125596,19.945596,21.945596,noise,none,0.000000,18,52.860110,443.151726,3.240000,439.911726
1335,22.366247,22.048978,20.868978,22.868978,noise,sell_to_mm,20.868978,19,31.991132,456.949825,3.610000,453.339825
1336,21.041632,20.570201,19.380201,21.380201,informed,none,0.000000,19,31.991132,431.782132,3.610000,428.172132
1337,20.658882,20.348017,19.158017,21.158017,noise,buy_from_mm,21.158017,18,53.149148,425.009029,3.240000,421.769029
1338,20.733479,20.080888,18.900888,20.900888,informed,none,0.000000,18,53.149148,426.351770,3.240000,423.111770
1339,20.836656,21.705738,20.525738,22.525738,informed,none,0.000000,18,53.149148,428.208965,3.240000,424.968965
1340,21.096152,20.911780,19.731780,21.731780,noise,buy_from_mm,21.731780,17,74.880928,433.515507,2.890000,430.625507
1341,21.300584,21.254888,20.084888,22.084888,informed,none,0.000000,17,74.880928,436.990854,2.890000,434.100854
1342,22.781053,22.749978,21.579978,23.579978,noise,none,0.000000,17,74.880928,462.158826,2.890000,459.268826
1343,21.718864,21.226767,20.056767,22.056767,informed,none,0.000000,17,74.880928,444.101609,2.890000,441.211609
1344,23.437278,22.286513,21.116513,23.116513,noise,none,0.000000,17,74.880928,473.314659,2.890000,470.424659
1345,24.150223,23.881408,22.711408,24.711408,informed,none,0.000000,17,74.880928,485.434718,2.890000,482.544718
1346,24.985995,24.621918,23.451918,25.451918,noise,sell_to_mm,23.451918,18,51.429010,501.176914,3.240000,497.936914
1347,25.617446,25.988404,24.808404,26.808404,noise,buy_from_mm,26.808404,17,78.237414,513.733998,2.890000,510.843998
1348,25.139751,24.942346,23.772346,25.772346,noise,none,0.000000,17,78.237414,505.613186,2.890000,502.723186
1349,25.426754,25.448362,24.278362,26.278362,informed,none,0.000000,17,78.237414,510.492229,2.890000,507.602229
1350,24.364808,23.817993,22.647993,24.647993,informed,none,0.000000,17,78.237414,492.439144,2.890000,489.549144
1351,25.907029,26.845488,25.675488,27.675488,noise,none,0.000000,17,78.237414,518.656915,2.890000,515.766915
1352,24.348443,24.770872,23.600872,25.600872,informed,none,0.000000,17,78.237414,492.160942,2.890000,489.270942
1353,24.231983,24.229227,23.059227,25.059227,informed,none,0.000000,17,78.237414,490.181131,2.890000,487.291131
1354,25.698941,25.219626,24.049626,26.049626,noise,none,0.000000,17,78.237414,515.119419,2.890000,512.229419
1355,25.822264,26.514674,25.344674,27.344674,noise,none,0.000000,17,78.237414,517.215894,2.890000,514.325894
1356,26.250161,26.849347,25.679347,27.679347,noise,buy_from_mm,27.679347,16,105.916761,525.919335,2.560000,523.359335
1357,25.051343,24.915326,23.755326,25.755326,informed,none,0.000000,16,105.916761,506.738243,2.560000,504.178243
1358,24.646116,24.222475,23.062475,25.062475,noise,none,0.000000,16,105.916761,500.254623,2.560000,497.694623
1359,25.883811,25.889064,24.729064,26.729064,informed,none,0.000000,16,105.916761,520.057742,2.560000,517.497742
1360,25.808674,25.742884,24.582884,26.582884,noise,none,0.000000,16,105.916761,518.855543,2.560000,516.295543
1361,25.577813,26.175624,25.015624,27.015624,informed,none,0.000000,16,105.916761,515.161765,2.560000,512.601765
1362,26.115049,26.200194,25.040194,27.040194,noise,none,0.000000,16,105.916761,523.757546,2.560000,521.197546
1363,26.265478,26.156041,24.996041,26.996041,noise,none,0.000000,16,105.916761,526.164402,2.560000,523.604402
1364,26.197702,26.081841,24.921841,26.921841,informed,none,0.000000,16,105.916761,525.079990,2.560000,522.519990
1365,25.900538,25.512412,24.352412,26.352412,informed,none,0.000000,16,105.916761,520.325366,2.560000,517.765366
1366,26.761495,25.905523,24.745523,26.745523,noise,none,0.000000,16,105.916761,534.100688,2.560000,531.540688
1367,26.532644,26.919391,25.759391,27.759391,noise,sell_to_mm,25.759391,17,80.157370,531.212313,2.890000,528.322313
1368,26.236401,26.291968,25.121968,27.121968,informed,none,0.000000,17,80.157370,526.176179,2.890000,523.286179
1369,25.203497,25.310327,24.140327,26.140327,informed,none,0.000000,17,80.157370,508.616817,2.890000,505.726817
1370,24.483698,24.236123,23.066123,25.066123,noise,none,0.000000,17,80.157370,496.380235,2.890000,493.490235
1371,24.081563,24.563794,23.393794,25.393794,informed,none,0.000000,17,80.157370,489.543933,2.890000,486.653933
1372,24.591080,24.211505,23.041505,25.041505,noise,none,0.000000,17,80.157370,498.205738,2.890000,495.315738
1373,23.414603,23.318935,22.148935,24.148935,informed,none,0.000000,17,80.157370,478.205627,2.890000,475.315627
1374,24.575320,24.347667,23.177667,25.177667,informed,none,0.000000,17,80.157370,497.937817,2.890000,495.047817
1375,26.906658,26.776750,25.606750,27.606750,informed,none,0.000000,17,80.157370,537.570560,2.890000,534.680560
1376,26.919298,26.902547,25.732547,27.732547,noise,buy_from_mm,27.732547,16,107.889918,538.598690,2.560000,536.038690
1377,26.344925,25.641083,24.481083,26.481083,noise,none,0.000000,16,107.889918,529.408721,2.560000,526.848721
1378,26.118513,25.412360,24.252360,26.252360,informed,none,0.000000,16,107.889918,525.786123,2.560000,523.226123
1379,26.199005,26.160878,25.000878,27.000878,noise,buy_from_mm,27.000878,15,134.890796,527.875868,2.250000,525.625868
1380,25.450102,25.800065,24.650065,26.650065,informed,none,0.000000,15,134.890796,516.642331,2.250000,514.392331
1381,25.220067,24.659841,23.509841,25.509841,noise,none,0.000000,15,134.890796,513.191798,2.250000,510.941798
1382,25.190635,25.045864,23.895864,25.895864,informed,none,0.000000,15,134.890796,512.750318,2.250000,510.500318
1383,22.407033,22.452847,21.302847,23.302847,noise,sell_to_mm,21.302847,16,113.587949,472.100471,2.560000,469.540471
1384,22.762194,23.147517,21.987517,23.987517,noise,none,0.000000,16,113.587949,477.783046,2.560000,475.223046
1385,22.034346,20.863957,19.703957,21.703957,informed,buy_from_mm,21.703957,15,135.291906,465.807101,2.250000,463.557101
1386,20.558480,19.976179,18.826179,20.826179,noise,buy_from_mm,20.826179,14,156.118086,443.936805,1.960000,441.976805
1387,19.300882,19.393438,18.253438,20.253438,informed,none,0.000000,14,156.118086,426.330429,1.960000,424.370429
1388,19.363363,18.533221,17.393221,19.393221,informed,none,0.000000,14,156.118086,427.205172,1.960000,425.245172
1389,19.483719,19.181298,18.041298,20.041298,noise,buy_from_mm,20.041298,13,176.159384,429.447727,1.690000,427.757727
1390,18.641837,19.289680,18.159680,20.159680,informed,none,0.000000,13,176.159384,418.503264,1.690000,416.813264
1391,19.299837,19.743847,18.613847,20.613847,noise,buy_from_mm,20.613847,12,196.773231,428.371277,1.440000,426.931277
1392,18.376559,18.775457,17.655457,19.655457,noise,none,0.000000,12,196.773231,417.291936,1.440000,415.851936
1393,17.608820,17.664339,16.544339,18.544339,informed,none,0.000000,12,196.773231,408.079073,1.440000,406.639073
1394,19.174698,20.066124,18.946124,20.946124,noise,none,0.000000,12,196.773231,426.869605,1.440000,425.429605
1395,20.603129,21.145181,20.025181,22.025181,noise,none,0.000000,12,196.773231,444.010777,1.440000,442.570777
1396,21.268773,21.193711,20.073711,22.073711,noise,none,0.000000,12,196.773231,451.998503,1.440000,450.558503
1397,20.562802,20.120668,19.000668,21.000668,noise,none,0.000000,12,196.773231,443.526854,1.440000,442.086854
1398,21.313924,21.670579,20.550579,22.550579,noise,none,0.000000,12,196.773231,452.540325,1.440000,451.100325
1399,21.937623,22.262431,21.142431,23.142431,noise,sell_to_mm,21.142431,13,175.630800,460.819903,1.690000,459.129903
1400,22.452134,22.584068,21.454068,23.454068,noise,sell_to_mm,21.454068,14,154.176732,468.506609,1.960000,466.546609
1401,22.393472,21.675235,20.535235,22.535235,noise,none,0.000000,14,154.176732,467.685333,1.960000,465.725333
1402,22.132114,21.333490,20.193490,22.193490,noise,none,0.000000,14,154.176732,464.026326,1.960000,462.066326
1403,22.473511,22.329087,21.189087,23.189087,informed,none,0.000000,14,154.176732,468.805885,1.960000,466.845885
1404,21.411485,21.077655,19.937655,21.937655,informed,none,0.000000,14,154.176732,453.937519,1.960000,451.977519
1405,22.166642,22.551255,21.411255,23.411255,noise,none,0.000000,14,154.176732,464.509718,1.960000,462.549718
1406,21.755542,21.378492,20.238492,22.238492,noise,none,0.000000,14,154.176732,458.754316,1.960000,456.794316
1407,23.169771,23.003229,21.863229,23.863229,noise,none,0.000000,14,154.176732,478.553525,1.960000,476.593525
1408,22.642010,23.556799,22.416799,24.416799,noise,buy_from_mm,24.416799,13,178.593531,472.939667,1.690000,471.249667
1409,23.163868,22.443126,21.313126,23.313126,noise,none,0.000000,13,178.593531,479.723811,1.690000,478.033811
1410,22.401807,22.984019,21.854019,23.854019,noise,buy_from_mm,23.854019,12,202.447550,471.269234,1.440000,469.829234
1411,23.682106,24.078879,22.958879,24.958879,noise,none,0.000000,12,202.447550,486.632820,1.440000,485.192820
1412,22.955283,23.123728,22.003728,24.003728,noise,none,0.000000,12,202.447550,477.910945,1.440000,476.470945
1413,22.213835,22.507901,21.387901,23.387901,informed,none,0.000000,12,202.447550,469.013572,1.440000,467.573572
1414,22.356904,22.408405,21.288405,23.288405,noise,none,0.000000,12,202.447550,470.730395,1.440000,469.290395
1415,22.117069,21.770133,20.650133,22.650133,informed,none,0.000000,12,202.447550,467.852378,1.440000,466.412378
1416,22.675794,22.676683,21.556683,23.556683,noise,buy_from_mm,23.556683,11,226.004233,475.437969,1.210000,474.227969
1417,22.561675,21.885089,20.775089,22.775089,noise,none,0.000000,11,226.004233,474.182656,1.210000,472.972656
1418,22.104089,21.655009,20.545009,22.545009,noise,none,0.000000,11,226.004233,469.149208,1.210000,467.939208
1419,22.061651,22.023886,20.913886,22.913886,informed,none,0.000000,11,226.004233,468.682390,1.210000,467.472390
1420,20.318766,20.609845,19.499845,21.499845,noise,buy_from_mm,21.499845,10,247.504078,450.691741,1.000000,449.691741
1421,20.908137,21.555466,20.455466,22.455466,noise,buy_from_mm,22.455466,9,269.959545,458.132775,0.810000,457.322775
1422,20.731176,20.674113,19.584113,21.584113,noise,none,0.000000,9,269.959545,456.540131,0.810000,455.730131
1423,21.566323,21.673054,20.583054,22.583054,informed,none,0.000000,9,269.959545,464.056453,0.810000,463.246453
1424,21.822236,22.053967,20.963967,22.963967,noise,none,0.000000,9,269.959545,466.359666,0.810000,465.549666
1425,21.839973,21.223527,20.133527,22.133527,noise,none,0.000000,9,269.959545,466.519304,0.810000,465.709304
1426,22.345908,22.096881,21.006881,23.006881,informed,none,0.000000,9,269.959545,471.072720,0.810000,470.262720
1427,20.066739,19.879444,18.789444,20.789444,informed,none,0.000000,9,269.959545,450.560199,0.810000,449.750199
1428,22.414670,22.317247,21.227247,23.227247,informed,none,0.000000,9,269.959545,471.691574,0.810000,470.881574
1429,21.266830,20.990428,19.900428,21.900428,informed,none,0.000000,9,269.959545,461.361011,0.810000,460.551011
1430,20.476056,21.183829,20.093829,22.093829,noise,sell_to_mm,20.093829,10,249.865716,454.626273,1.000000,453.626273
1431,21.733792,22.547010,21.447010,23.447010,informed,none,0.000000,10,249.865716,467.203641,1.000000,466.203641
1432,22.161694,21.798339,20.698339,22.698339,informed,none,0.000000,10,249.865716,471.482653,1.000000,470.482653
1433,22.610481,22.650707,21.550707,23.550707,informed,none,0.000000,10,249.865716,475.970523,1.000000,474.970523
1434,22.539604,22.933800,21.833800,23.833800,noise,none,0.000000,10,249.865716,475.261757,1.000000,474.261757
1435,22.927187,23.602047,22.502047,24.502047,informed,none,0.000000,10,249.865716,479.137582,1.000000,478.137582
1436,22.858662,23.108655,22.008655,24.008655,noise,none,0.000000,10,249.865716,478.452332,1.000000,477.452332
1437,24.604115,25.060248,23.960248,25.960248,informed,none,0.000000,10,249.865716,495.906869,1.000000,494.906869
1438,24.606513,24.672390,23.572390,25.572390,noise,none,0.000000,10,249.865716,495.930844,1.000000,494.930844
1439,25.340139,25.973173,24.873173,26.873173,informed,none,0.000000,10,249.865716,503.267102,1.000000,502.267102
1440,24.945208,24.930746,23.830746,25.830746,noise,none,0.000000,10,249.865716,499.317795,1.000000,498.317795
1441,26.086744,26.278976,25.178976,27.178976,noise,none,0.000000,10,249.865716,510.733158,1.000000,509.733158
1442,25.792794,25.690134,24.590134,26.590134,noise,none,0.000000,10,249.865716,507.793653,1.000000,506.793653
1443,25.740285,25.281234,24.181234,26.181234,informed,none,0.000000,10,249.865716,507.268564,1.000000,506.268564
1444,28.251040,28.133921,27.033921,29.033921,informed,none,0.000000,10,249.865716,532.376115,1.000000,531.376115
1445,29.240297,29.457007,28.357007,30.357007,informed,none,0.000000,10,249.865716,542.268689,1.000000,541.268689
1446,29.836057,30.853519,29.753519,31.753519,noise,none,0.000000,10,249.865716,548.226287,1.000000,547.226287
1447,30.724505,30.994028,29.894028,31.894028,informed,none,0.000000,10,249.865716,557.110766,1.000000,556.110766
1448,30.417176,30.357573,29.257573,31.257573,noise,none,0.000000,10,249.865716,554.037475,1.000000,553.037475
1449,30.088252,30.791532,29.691532,31.691532,noise,none,0.000000,10,249.865716,550.748233,1.000000,549.748233
1450,30.416684,30.420089,29.320089,31.320089,noise,none,0.000000,10,249.865716,554.032555,1.000000,553.032555
1451,30.213474,30.861771,29.761771,31.761771,noise,none,0.000000,10,249.865716,552.000457,1.000000,551.000457
1452,30.893169,30.375953,29.275953,31.275953,noise,none,0.000000,10,249.865716,558.797409,1.000000,557.797409
1453,30.834943,30.827397,29.727397,31.727397,informed,none,0.000000,10,249.865716,558.215149,1.000000,557.215149
1454,32.529275,32.393806,31.293806,33.293806,informed,none,0.000000,10,249.865716,575.158471,1.000000,574.158471
1455,30.296310,30.337712,29.237712,31.237712,informed,none,0.000000,10,249.865716,552.828818,1.000000,551.828818
1456,31.223417,31.085841,29.985841,31.985841,informed,none,0.000000,10,249.865716,562.099886,1.000000,561.099886
1457,31.232980,31.099358,29.999358,31.999358,noise,sell_to_mm,29.999358,11,219.866358,563.429136,1.210000,562.219136
1458,31.085536,30.006516,28.896516,30.896516,noise,none,0.000000,11,219.866358,561.807255,1.210000,560.597255
1459,30.899399,31.419787,30.309787,32.309787,noise,none,0.000000,11,219.866358,559.759749,1.210000,558.549749
1460,30.953926,31.241783,30.131783,32.131783,informed,none,0.000000,11,219.866358,560.359543,1.210000,559.149543
1461,29.822885,30.513210,29.403210,31.403210,noise,buy_from_mm,31.403210,10,251.269568,549.498421,1.000000,548.498421
1462,30.945682,30.325799,29.225799,31.225799,informed,none,0.000000,10,251.269568,560.726387,1.000000,559.726387
1463,30.665970,30.391950,29.291950,31.291950,noise,none,0.000000,10,251.269568,557.929268,1.000000,556.929268
1464,30.195549,30.889553,29.789553,31.789553,noise,sell_to_mm,29.789553,11,221.480015,553.631054,1.210000,552.421054
1465,30.537828,30.611407,29.501407,31.501407,noise,none,0.000000,11,221.480015,557.396120,1.210000,556.186120
1466,29.408562,29.856749,28.746749,30.746749,noise,none,0.000000,11,221.480015,544.974196,1.210000,543.764196
1467,30.042046,29.341003,28.231003,30.231003,informed,none,0.000000,11,221.480015,551.942522,1.210000,550.732522
1468,28.301092,28.400021,27.290021,29.290021,noise,none,0.000000,11,221.480015,532.792032,1.210000,531.582032
1469,28.339277,28.466891,27.356891,29.356891,informed,none,0.000000,11,221.480015,533.212062,1.210000,532.002062
1470,28.985058,29.480033,28.370033,30.370033,informed,none,0.000000,11,221.480015,540.315658,1.210000,539.105658
1471,28.199551,28.897386,27.787386,29.787386,noise,sell_to_mm,27.787386,12,193.692629,532.087238,1.440000,530.647238
1472,28.226341,28.236242,27.116242,29.116242,noise,none,0.000000,12,193.692629,532.408725,1.440000,530.968725
1473,29.040255,29.320109,28.200109,30.200109,noise,none,0.000000,12,193.692629,542.175694,1.440000,540.735694
1474,28.455342,28.671825,27.551825,29.551825,informed,none,0.000000,12,193.692629,535.156734,1.440000,533.716734
1475,30.431058,30.698298,29.578298,31.578298,noise,none,0.000000,12,193.692629,558.865326,1.440000,557.425326
1476,31.215685,31.900428,30.780428,32.780428,noise,none,0.000000,12,193.692629,568.280854,1.440000,566.840854
1477,31.448621,31.133352,30.013352,32.013352,informed,none,0.000000,12,193.692629,571.076078,1.440000,569.636078
1478,29.610505,30.384576,29.264576,31.264576,informed,none,0.000000,12,193.692629,549.018688,1.440000,547.578688
1479,30.088027,29.691239,28.571239,30.571239,informed,none,0.000000,12,193.692629,554.748951,1.440000,553.308951
1480,30.551863,30.272454,29.152454,31.152454,noise,buy_from_mm,31.152454,11,224.845083,560.915574,1.210000,559.705574
1481,30.819826,31.175846,30.065846,32.065846,informed,none,0.000000,11,224.845083,563.863168,1.210000,562.653168
1482,31.194672,31.546476,30.436476,32.436476,informed,none,0.000000,11,224.845083,567.986477,1.210000,566.776477
1483,30.798833,30.907101,29.797101,31.797101,noise,none,0.000000,11,224.845083,563.632248,1.210000,562.422248
1484,30.680550,30.936974,29.826974,31.826974,noise,none,0.000000,11,224.845083,562.331130,1.210000,561.121130
1485,31.914119,31.376485,30.266485,32.266485,informed,none,0.000000,11,224.845083,575.900390,1.210000,574.690390
1486,31.381966,32.433201,31.323201,33.323201,noise,none,0.000000,11,224.845083,570.046712,1.210000,568.836712
1487,31.852441,31.364669,30.254669,32.254669,informed,none,0.000000,11,224.845083,575.221933,1.210000,574.011933
1488,30.558951,30.656867,29.546867,31.546867,noise,none,0.000000,11,224.845083,560.993545,1.210000,559.783545
1489,30.988747,31.034834,29.924834,31.924834,noise,none,0.000000,11,224.845083,565.721297,1.210000,564.511297
1490,29.583980,30.211820,29.101820,31.101820,noise,none,0.000000,11,224.845083,550.268866,1.210000,549.058866
1491,28.049789,27.373881,26.263881,28.263881,noise,buy_from_mm,28.263881,10,253.108965,533.606858,1.000000,532.606858
1492,26.646131,26.049377,24.949377,26.949377,noise,none,0.000000,10,253.108965,519.570279,1.000000,518.570279
1493,28.035375,27.092820,25.992820,27.992820,informed,buy_from_mm,27.992820,9,281.101785,533.420165,0.810000,532.610165
1494,27.537663,27.307605,26.217605,28.217605,noise,none,0.000000,9,281.101785,528.940750,0.810000,528.130750
1495,27.323209,27.503276,26.413276,28.413276,noise,none,0.000000,9,281.101785,527.010662,0.810000,526.200662
1496,28.799321,28.474821,27.384821,29.384821,informed,none,0.000000,9,281.101785,540.295676,0.810000,539.485676
1497,28.602846,28.277541,27.187541,29.187541,noise,buy_from_mm,29.187541,8,310.289327,539.112096,0.640000,538.472096
1498,28.644662,28.550882,27.470882,29.470882,informed,none,0.000000,8,310.289327,539.446624,0.640000,538.806624
1499,31.067871,31.059894,29.979894,31.979894,noise,sell_to_mm,29.979894,9,280.309432,559.920274,0.810000,559.110274
1500,30.697652,30.705187,29.615187,31.615187,informed,none,0.000000,9,280.309432,556.588297,0.810000,555.778297
1501,30.589567,31.312587,30.222587,32.222587,informed,none,0.000000,9,280.309432,555.615535,0.810000,554.805535
1502,30.702897,30.165000,29.075000,31.075000,noise,sell_to_mm,29.075000,10,251.234433,558.263402,1.000000,557.263402
1503,31.261894,32.012508,30.912508,32.912508,noise,buy_from_mm,32.912508,9,284.146940,565.503990,0.810000,564.693990
1504,29.906077,30.714787,29.624787,31.624787,noise,none,0.000000,9,284.146940,553.301636,0.810000,552.491636
1505,27.899542,27.744152,26.654152,28.654152,noise,none,0.000000,9,284.146940,535.242815,0.810000,534.432815
1506,26.825734,27.301420,26.211420,28.211420,informed,none,0.000000,9,284.146940,525.578546,0.810000,524.768546
1507,26.504366,26.523540,25.433540,27.433540,noise,none,0.000000,9,284.146940,522.686237,0.810000,521.876237
1508,26.481225,25.660432,24.570432,26.570432,noise,none,0.000000,9,284.146940,522.477964,0.810000,521.667964
1509,26.590636,27.101062,26.011062,28.011062,informed,none,0.000000,9,284.146940,523.462664,0.810000,522.652664
1510,27.516101,26.776630,25.686630,27.686630,noise,buy_from_mm,27.686630,8,311.833570,531.962378,0.640000,531.322378
1511,27.051885,26.451338,25.371338,27.371338,noise,none,0.000000,8,311.833570,528.248650,0.640000,527.608650
1512,27.433827,27.068085,25.988085,27.988085,noise,sell_to_mm,25.988085,9,285.845485,532.749928,0.810000,531.939928
1513,26.959348,27.933838,26.843838,28.843838,informed,none,0.000000,9,285.845485,528.479614,0.810000,527.669614
1514,27.881539,28.163815,27.073815,29.073815,noise,buy_from_mm,29.073815,8,314.919300,537.971613,0.640000,537.331613
1515,27.653221,27.206187,26.126187,28.126187,noise,buy_from_mm,28.126187,7,343.045487,536.618031,0.490000,536.128031
1516,25.972506,26.743554,25.673554,27.673554,noise,none,0.000000,7,343.045487,524.853026,0.490000,524.363026
1517,26.943425,26.389231,25.319231,27.319231,informed,none,0.000000,7,343.045487,531.649461,0.490000,531.159461
1518,28.543442,28.376017,27.306017,29.306017,noise,buy_from_mm,29.306017,6,372.351504,543.612155,0.360000,543.252155
1519,29.267624,29.720049,28.660049,30.660049,noise,none,0.000000,6,372.351504,547.957251,0.360000,547.597251
1520,28.735146,28.212657,27.152657,29.152657,informed,none,0.000000,6,372.351504,544.762380,0.360000,544.402380
1521,30.112788,29.802278,28.742278,30.742278,noise,none,0.000000,6,372.351504,553.028232,0.360000,552.668232
1522,29.574285,30.124962,29.064962,31.064962,noise,none,0.000000,6,372.351504,549.797214,0.360000,549.437214
1523,29.066869,29.422923,28.362923,30.362923,noise,none,0.000000,6,372.351504,546.752720,0.360000,546.392720
1524,29.172211,29.205481,28.145481,30.145481,noise,none,0.000000,6,372.351504,547.384769,0.360000,547.024769
1525,30.526187,30.120626,29.060626,31.060626,noise,none,0.000000,6,372.351504,555.508623,0.360000,555.148623
1526,30.991679,30.642549,29.582549,31.582549,informed,none,0.000000,6,372.351504,558.301575,0.360000,557.941575
1527,30.300291,30.025686,28.965686,30.965686,informed,none,0.000000,6,372.351504,554.153247,0.360000,553.793247
1528,29.503084,29.809024,28.749024,30.749024,noise,sell_to_mm,28.749024,7,343.602480,550.124066,0.490000,549.634066
1529,29.872646,29.830624,28.760624,30.760624,noise,none,0.000000,7,343.602480,552.711000,0.490000,552.221000
1530,29.307207,28.337676,27.267676,29.267676,informed,buy_from_mm,29.267676,6,372.870156,548.713396,0.360000,548.353396
1531,29.233329,29.824950,28.764950,30.764950,noise,none,0.000000,6,372.870156,548.270131,0.360000,547.910131
1532,28.715259,28.448692,27.388692,29.388692,noise,sell_to_mm,27.388692,7,345.481464,546.488276,0.490000,545.998276
1533,29.909974,29.611509,28.541509,30.541509,noise,none,0.000000,7,345.481464,554.851285,0.490000,554.361285
1534,30.878449,31.003842,29.933842,31.933842,informed,none,0.000000,7,345.481464,561.630604,0.490000,561.140604
1535,31.112465,30.661275,29.591275,31.591275,informed,none,0.000000,7,345.481464,563.268719,0.490000,562.778719
1536,29.616632,30.028528,28.958528,30.958528,noise,none,0.000000,7,345.481464,552.797889,0.490000,552.307889
1537,28.029104,28.557941,27.487941,29.487941,noise,sell_to_mm,27.487941,8,317.993523,542.226355,0.640000,541.586355
1538,28.133207,28.631469,27.551469,29.551469,informed,none,0.000000,8,317.993523,543.059175,0.640000,542.419175
1539,29.233833,28.965256,27.885256,29.885256,noise,none,0.000000,8,317.993523,551.864184,0.640000,551.224184
1540,30.843063,31.112089,30.032089,32.032089,noise,none,0.000000,8,317.993523,564.738027,0.640000,564.098027
1541,32.232588,31.834475,30.754475,32.754475,noise,buy_from_mm,32.754475,7,350.747998,576.376117,0.490000,575.886117
1542,31.060922,30.244088,29.174088,31.174088,noise,none,0.000000,7,350.747998,568.174454,0.490000,567.684454
1543,31.306287,31.957927,30.887927,32.887927,noise,none,0.000000,7,350.747998,569.892009,0.490000,569.402009
1544,30.939077,30.803671,29.733671,31.733671,informed,none,0.000000,7,350.747998,567.321539,0.490000,566.831539
1545,30.601310,30.518313,29.448313,31.448313,informed,none,0.000000,7,350.747998,564.957166,0.490000,564.467166
1546,30.485873,30.063578,28.993578,30.993578,noise,buy_from_mm,30.993578,6,381.741576,564.656815,0.360000,564.296815
1547,29.175677,27.807755,26.747755,28.747755,noise,none,0.000000,6,381.741576,556.795637,0.360000,556.435637
1548,30.049837,29.367219,28.307219,30.307219,noise,none,0.000000,6,381.741576,562.040600,0.360000,561.680600
1549,29.465761,29.567428,28.507428,30.507428,noise,none,0.000000,6,381.741576,558.536139,0.360000,558.176139
1550,28.629156,28.960503,27.900503,29.900503,noise,none,0.000000,6,381.741576,553.516514,0.360000,553.156514
1551,27.345619,27.617928,26.557928,28.557928,noise,none,0.000000,6,381.741576,545.815289,0.360000,545.455289
1552,26.918892,26.608266,25.548266,27.548266,noise,none,0.000000,6,381.741576,543.254926,0.360000,542.894926
1553,26.768818,27.010138,25.950138,27.950138,informed,none,0.000000,6,381.741576,542.354485,0.360000,541.994485
1554,24.453907,25.001189,23.941189,25.941189,informed,none,0.000000,6,381.741576,528.465017,0.360000,528.105017
1555,25.494533,24.817501,23.757501,25.757501,noise,none,0.000000,6,381.741576,534.708775,0.360000,534.348775
1556,26.227225,26.665891,25.605891,27.605891,informed,none,0.000000,6,381.741576,539.104928,0.360000,538.744928
1557,25.927355,25.075012,24.015012,26.015012,noise,none,0.000000,6,381.741576,537.305708,0.360000,536.945708
1558,26.511124,26.246892,25.186892,27.186892,noise,none,0.000000,6,381.741576,540.808320,0.360000,540.448320
1559,25.729703,25.747970,24.687970,26.687970,noise,none,0.000000,6,381.741576,536.119796,0.360000,535.759796
1560,26.075779,26.323223,25.263223,27.263223,informed,none,0.000000,6,381.741576,538.196250,0.360000,537.836250
1561,25.585361,26.014524,24.954524,26.954524,informed,none,0.000000,6,381.741576,535.253743,0.360000,534.893743
1562,25.919897,26.326675,25.266675,27.266675,noise,none,0.000000,6,381.741576,537.260958,0.360000,536.900958
1563,25.134578,24.964720,23.904720,25.904720,informed,none,0.000000,6,381.741576,532.549045,0.360000,532.189045
1564,23.675601,23.799067,22.739067,24.739067,noise,none,0.000000,6,381.741576,523.795179,0.360000,523.435179
1565,23.699743,22.935237,21.875237,23.875237,noise,none,0.000000,6,381.741576,523.940033,0.360000,523.580033
1566,24.034474,24.461237,23.401237,25.401237,noise,buy_from_mm,25.401237,5,407.142813,527.315183,0.250000,527.065183
1567,24.512841,24.734392,23.684392,25.684392,informed,none,0.000000,5,407.142813,529.707017,0.250000,529.457017
1568,26.515764,27.454781,26.404781,28.404781,noise,none,0.000000,5,407.142813,539.721635,0.250000,539.471635
1569,28.364699,28.957626,27.907626,29.907626,informed,none,0.000000,5,407.142813,548.966309,0.250000,548.716309
1570,29.124570,29.037749,27.987749,29.987749,informed,none,0.000000,5,407.142813,552.765665,0.250000,552.515665
1571,28.189346,28.192501,27.142501,29.142501,informed,none,0.000000,5,407.142813,548.089542,0.250000,547.839542
1572,29.245249,28.712708,27.662708,29.662708,informed,none,0.000000,5,407.142813,553.369060,0.250000,553.119060
1573,29.211050,30.006129,28.956129,30.956129,informed,none,0.000000,5,407.142813,553.198063,0.250000,552.948063
1574,28.925246,29.099701,28.049701,30.049701,informed,none,0.000000,5,407.142813,551.769042,0.250000,551.519042
1575,28.840337,28.878676,27.828676,29.828676,informed,none,0.000000,5,407.142813,551.344498,0.250000,551.094498
1576,30.663855,30.247722,29.197722,31.197722,informed,none,0.000000,5,407.142813,560.462087,0.250000,560.212087
1577,29.361376,29.220294,28.170294,30.170294,informed,none,0.000000,5,407.142813,553.949694,0.250000,553.699694
1578,29.669766,29.972401,28.922401,30.922401,noise,sell_to_mm,28.922401,6,378.220412,556.239005,0.360000,555.879005
1579,30.195851,29.679112,28.619112,30.619112,noise,none,0.000000,6,378.220412,559.395520,0.360000,559.035520
1580,29.154528,29.359772,28.299772,30.299772,noise,none,0.000000,6,378.220412,553.147582,0.360000,552.787582
1581,28.484258,28.243296,27.183296,29.183296,noise,none,0.000000,6,378.220412,549.125962,0.360000,548.765962
1582,28.440075,28.860958,27.800958,29.800958,noise,none,0.000000,6,378.220412,548.860864,0.360000,548.500864
1583,27.659920,27.740322,26.680322,28.680322,noise,buy_from_mm,28.680322,5,406.900734,545.200336,0.250000,544.950336
1584,28.575104,28.979541,27.929541,29.929541,noise,none,0.000000,5,406.900734,549.776256,0.250000,549.526256
1585,28.046567,27.822317,26.772317,28.772317,noise,none,0.000000,5,406.900734,547.133567,0.250000,546.883567
1586,27.728915,28.765456,27.715456,29.715456,informed,none,0.000000,5,406.900734,545.545311,0.250000,545.295311
1587,26.553388,27.391718,26.341718,28.341718,noise,none,0.000000,5,406.900734,539.667676,0.250000,539.417676
1588,27.440283,26.720344,25.670344,27.670344,noise,sell_to_mm,25.670344,6,381.230390,545.872090,0.360000,545.512090
1589,27.686399,28.014728,26.954728,28.954728,noise,buy_from_mm,28.954728,5,410.185118,548.617113,0.250000,548.367113
1590,29.014551,29.235040,28.185040,30.185040,noise,none,0.000000,5,410.185118,555.257872,0.250000,555.007872
1591,30.042266,29.890007,28.840007,30.840007,noise,none,0.000000,5,410.185118,560.396450,0.250000,560.146450
1592,28.557781,28.079539,27.029539,29.029539,noise,sell_to_mm,27.029539,6,383.155578,554.502265,0.360000,554.142265
1593,30.020227,29.407669,28.347669,30.347669,noise,none,0.000000,6,383.155578,563.276940,0.360000,562.916940
1594,31.054322,30.607293,29.547293,31.547293,noise,sell_to_mm,29.547293,7,353.608286,570.988543,0.490000,570.498543
1595,30.518359,30.545094,29.475094,31.475094,informed,none,0.000000,7,353.608286,567.236799,0.490000,566.746799
1596,31.390346,31.511049,30.441049,32.441049,noise,none,0.000000,7,353.608286,573.340704,0.490000,572.850704
1597,32.679374,32.412532,31.342532,33.342532,noise,buy_from_mm,33.342532,6,386.950818,583.027064,0.360000,582.667064
1598,32.489809,32.318156,31.258156,33.258156,noise,none,0.000000,6,386.950818,581.889670,0.360000,581.529670
1599,32.159475,32.218768,31.158768,33.158768,noise,none,0.000000,6,386.950818,579.907666,0.360000,579.547666
1600,31.424891,31.043423,29.983423,31.983423,noise,none,0.000000,6,386.950818,575.500166,0.360000,575.140166
1601,30.914235,30.780364,29.720364,31.720364,noise,none,0.000000,6,386.950818,572.436227,0.360000,572.076227
1602,32.701048,33.215140,32.155140,34.155140,noise,buy_from_mm,34.155140,5,421.105958,584.611199,0.250000,584.361199
1603,33.233072,34.212980,33.162980,35.162980,noise,none,0.000000,5,421.105958,587.271319,0.250000,587.021319
1604,35.121310,35.322785,34.272785,36.272785,noise,none,0.000000,5,421.105958,596.712507,0.250000,596.462507
1605,33.287327,34.139060,33.089060,35.089060,noise,buy_from_mm,35.089060,4,456.195018,589.344326,0.160000,589.184326
1606,34.070050,34.142051,33.102051,35.102051,noise,none,0.000000,4,456.195018,592.475219,0.160000,592.315219
1607,33.592102,33.470976,32.430976,34.430976,noise,sell_to_mm,32.430976,5,423.764042,591.724549,0.250000,591.474549
1608,33.496833,32.835137,31.785137,33.785137,noise,none,0.000000,5,423.764042,591.248209,0.250000,590.998209
1609,32.990688,32.461105,31.411105,33.411105,noise,none,0.000000,5,423.764042,588.717481,0.250000,588.467481
1610,31.761812,30.244950,29.194950,31.194950,informed,buy_from_mm,31.194950,4,454.958992,582.006238,0.160000,581.846238
1611,33.082170,33.364880,32.324880,34.324880,informed,none,0.000000,4,454.958992,587.287673,0.160000,587.127673
1612,33.406770,32.960406,31.920406,33.920406,informed,none,0.000000,4,454.958992,588.586073,0.160000,588.426073
1613,34.373334,34.884467,33.844467,35.844467,informed,none,0.000000,4,454.958992,592.452326,0.160000,592.292326
1614,35.284536,35.490989,34.450989,36.450989,noise,none,0.000000,4,454.958992,596.097137,0.160000,595.937137
1615,34.504504,34.395917,33.355917,35.355917,informed,none,0.000000,4,454.958992,592.977006,0.160000,592.817006
1616,33.515715,33.334898,32.294898,34.294898,noise,none,0.000000,4,454.958992,589.021850,0.160000,588.861850
1617,31.254100,31.124477,30.084477,32.084477,noise,none,0.000000,4,454.958992,579.975393,0.160000,579.815393
1618,31.526690,32.104462,31.064462,33.064462,noise,none,0.000000,4,454.958992,581.065752,0.160000,580.905752
1619,31.140859,30.946061,29.906061,31.906061,informed,none,0.000000,4,454.958992,579.522426,0.160000,579.362426
1620,31.186012,32.024320,30.984320,32.984320,noise,buy_from_mm,32.984320,3,487.943312,581.501347,0.090000,581.411347
1621,32.139998,31.586368,30.556368,32.556368,noise,none,0.000000,3,487.943312,584.363306,0.090000,584.273306
1622,32.734923,32.666404,31.636404,33.636404,informed,none,0.000000,3,487.943312,586.148081,0.090000,586.058081
1623,31.520384,31.194260,30.164260,32.164260,noise,none,0.000000,3,487.943312,582.504462,0.090000,582.414462
1624,31.599969,30.856600,29.826600,31.826600,noise,buy_from_mm,31.826600,2,519.769911,582.969849,0.040000,582.929849
1625,31.102647,31.914315,30.894315,32.894315,noise,none,0.000000,2,519.769911,581.975206,0.040000,581.935206
1626,31.338870,31.303633,30.283633,32.283633,noise,none,0.000000,2,519.769911,582.447651,0.040000,582.407651
1627,32.138269,31.562219,30.542219,32.542219,noise,buy_from_mm,32.542219,1,552.312130,584.450399,0.010000,584.440399
1628,30.594878,30.110386,29.100386,31.100386,noise,none,0.000000,1,552.312130,582.907008,0.010000,582.897008
1629,30.784941,30.411627,29.401627,31.401627,noise,none,0.000000,1,552.312130,583.097071,0.010000,583.087071
1630,31.994862,31.920767,30.910767,32.910767,noise,none,0.000000,1,552.312130,584.306992,0.010000,584.296992
1631,32.655663,33.230448,32.220448,34.220448,informed,none,0.000000,1,552.312130,584.967793,0.010000,584.957793
1632,32.957916,33.594079,32.584079,34.584079,informed,none,0.000000,1,552.312130,585.270046,0.010000,585.260046
1633,32.322566,31.744379,30.734379,32.734379,informed,none,0.000000,1,552.312130,584.634696,0.010000,584.624696
1634,31.560946,31.383937,30.373937,32.373937,noise,none,0.000000,1,552.312130,583.873076,0.010000,583.863076
1635,30.794339,30.167062,29.157062,31.157062,noise,none,0.000000,1,552.312130,583.106469,0.010000,583.096469
1636,29.929979,30.190587,29.180587,31.180587,informed,none,0.000000,1,552.312130,582.242109,0.010000,582.232109
1637,30.419411,30.779165,29.769165,31.769165,noise,sell_to_mm,29.769165,2,522.542966,583.381788,0.040000,583.341788
1638,32.372104,31.883644,30.863644,32.863644,informed,none,0.000000,2,522.542966,587.287174,0.040000,587.247174
1639,33.184446,33.229421,32.209421,34.209421,noise,none,0.000000,2,522.542966,588.911857,0.040000,588.871857
1640,33.208872,33.750798,32.730798,34.730798,noise,buy_from_mm,34.730798,1,557.273764,590.482635,0.010000,590.472635
1641,33.637235,32.630649,31.620649,33.620649,noise,sell_to_mm,31.620649,2,525.653115,592.927585,0.040000,592.887585
1642,33.030626,31.585214,30.565214,32.565214,noise,none,0.000000,2,525.653115,591.714368,0.040000,591.674368
1643,33.992046,34.126809,33.106809,35.106809,informed,none,0.000000,2,525.653115,593.637207,0.040000,593.597207
1644,34.929714,35.140930,34.120930,36.120930,informed,none,0.000000,2,525.653115,595.512543,0.040000,595.472543
1645,36.030678,35.679887,34.659887,36.659887,informed,none,0.000000,2,525.653115,597.714472,0.040000,597.674472
1646,36.622839,37.024383,36.004383,38.004383,noise,none,0.000000,2,525.653115,598.898792,0.040000,598.858792
1647,35.871863,34.987455,33.967455,35.967455,informed,none,0.000000,2,525.653115,597.396840,0.040000,597.356840
1648,36.637752,36.642787,35.622787,37.622787,noise,buy_from_mm,37.622787,1,563.275902,599.913654,0.010000,599.903654
1649,37.446999,36.621425,35.611425,37.611425,noise,none,0.000000,1,563.275902,600.722901,0.010000,600.712901
1650,35.752382,35.806970,34.796970,36.796970,informed,none,0.000000,1,563.275902,599.028284,0.010000,599.018284
1651,35.965479,36.363042,35.353042,37.353042,noise,none,0.000000,1,563.275902,599.241381,0.010000,599.231381
1652,35.229399,35.605791,34.595791,36.595791,noise,none,0.000000,1,563.275902,598.505301,0.010000,598.495301
1653,34.885475,34.906231,33.896231,35.896231,noise,none,0.000000,1,563.275902,598.161377,0.010000,598.151377
1654,35.402620,35.460595,34.450595,36.450595,noise,none,0.000000,1,563.275902,598.678522,0.010000,598.668522
1655,35.940596,35.791874,34.781874,36.781874,noise,none,0.000000,1,563.275902,599.216498,0.010000,599.206498
1656,36.025978,35.518803,34.508803,36.508803,noise,buy_from_mm,36.508803,0,599.784705,599.784705,0.000000,599.784705
1657,36.952981,36.305138,35.305138,37.305138,informed,none,0.000000,0,599.784705,599.784705,0.000000,599.784705
1658,38.212362,37.963508,36.963508,38.963508,informed,none,0.000000,0,599.784705,599.784705,0.000000,599.784705
1659,37.388376,36.294633,35.294633,37.294633,informed,buy_from_mm,37.294633,-1,637.079338,599.690962,0.010000,599.680962
1660,37.185701,36.747422,35.757422,37.757422,noise,none,0.000000,-1,637.079338,599.893637,0.010000,599.883637
1661,37.976289,37.534810,36.544810,38.544810,informed,none,0.000000,-1,637.079338,599.103049,0.010000,599.093049
1662,38.222726,38.339602,37.349602,39.349602,informed,none,0.000000,-1,637.079338,598.856612,0.010000,598.846612
1663,40.318855,40.043476,39.053476,41.053476,informed,none,0.000000,-1,637.079338,596.760483,0.010000,596.750483
1664,38.815774,39.163098,38.173098,40.173098,noise,none,0.000000,-1,637.079338,598.263565,0.010000,598.253565
1665,39.621440,39.650328,38.660328,40.660328,noise,none,0.000000,-1,637.079338,597.457898,0.010000,597.447898
1666,40.592883,39.928426,38.938426,40.938426,noise,none,0.000000,-1,637.079338,596.486455,0.010000,596.476455
1667,40.910310,40.476691,39.486691,41.486691,informed,none,0.000000,-1,637.079338,596.169028,0.010000,596.159028
1668,39.566363,39.327989,38.337989,40.337989,informed,none,0.000000,-1,637.079338,597.512976,0.010000,597.502976
1669,39.847993,39.973255,38.983255,40.983255,noise,none,0.000000,-1,637.079338,597.231346,0.010000,597.221346
1670,39.126610,38.901691,37.911691,39.911691,noise,none,0.000000,-1,637.079338,597.952728,0.010000,597.942728
1671,37.653374,37.723764,36.733764,38.733764,noise,buy_from_mm,38.733764,-2,675.813102,600.506354,0.040000,600.466354
1672,36.826974,36.252382,35.272382,37.272382,noise,none,0.000000,-2,675.813102,602.159154,0.040000,602.119154
1673,37.180987,37.108979,36.128979,38.128979,noise,buy_from_mm,38.128979,-3,713.942081,602.399120,0.090000,602.309120
1674,36.893795,35.840129,34.870129,36.870129,noise,none,0.000000,-3,713.942081,603.260697,0.090000,603.170697
1675,36.869748,36.397136,35.427136,37.427136,noise,none,0.000000,-3,713.942081,603.332836,0.090000,603.242836
1676,36.773054,36.907575,35.937575,37.937575,noise,none,0.000000,-3,713.942081,603.622919,0.090000,603.532919
1677,37.594390,38.145298,37.175298,39.175298,noise,none,0.000000,-3,713.942081,601.158910,0.090000,601.068910
1678,37.364681,37.232020,36.262020,38.262020,noise,buy_from_mm,38.262020,-4,752.204101,602.745376,0.160000,602.585376
1679,39.721170,40.333385,39.373385,41.373385,noise,buy_from_mm,41.373385,-5,793.577486,594.971635,0.250000,594.721635
1680,40.069505,40.939059,39.989059,41.989059,informed,none,0.000000,-5,793.577486,593.229963,0.250000,592.979963
1681,41.391960,41.097561,40.147561,42.147561,informed,none,0.000000,-5,793.577486,586.617686,0.250000,586.367686
1682,41.250973,40.447804,39.497804,41.497804,informed,none,0.000000,-5,793.577486,587.322623,0.250000,587.072623
1683,40.394999,39.833752,38.883752,40.883752,noise,sell_to_mm,38.883752,-4,754.693734,593.113738,0.160000,592.953738
1684,41.236171,41.595753,40.635753,42.635753,noise,none,0.000000,-4,754.693734,589.749051,0.160000,589.589051
1685,42.940310,43.407753,42.447753,44.447753,noise,none,0.000000,-4,754.693734,582.932492,0.160000,582.772492
1686,42.919373,42.546890,41.586890,43.586890,informed,none,0.000000,-4,754.693734,583.016240,0.160000,582.856240
1687,42.584769,42.915036,41.955036,43.955036,noise,none,0.000000,-4,754.693734,584.354657,0.160000,584.194657
1688,41.909270,41.587264,40.627264,42.627264,noise,none,0.000000,-4,754.693734,587.056652,0.160000,586.896652
1689,42.992942,42.888523,41.928523,43.928523,noise,none,0.000000,-4,754.693734,582.721966,0.160000,582.561966
1690,43.095730,42.606995,41.646995,43.646995,informed,none,0.000000,-4,754.693734,582.310812,0.160000,582.150812
1691,43.181972,42.573782,41.613782,43.613782,noise,none,0.000000,-4,754.693734,581.965847,0.160000,581.805847
1692,42.537370,43.368935,42.408935,44.408935,informed,none,0.000000,-4,754.693734,584.544253,0.160000,584.384253
1693,43.291373,43.581891,42.621891,44.621891,informed,none,0.000000,-4,754.693734,581.528240,0.160000,581.368240
1694,41.807623,42.557533,41.597533,43.597533,noise,none,0.000000,-4,754.693734,587.463240,0.160000,587.303240
1695,42.160724,42.460596,41.500596,43.500596,noise,sell_to_mm,41.500596,-3,713.193138,586.710966,0.090000,586.620966
1696,43.086505,43.939065,42.969065,44.969065,informed,none,0.000000,-3,713.193138,583.933624,0.090000,583.843624
1697,44.639962,44.455768,43.485768,45.485768,noise,none,0.000000,-3,713.193138,579.273252,0.090000,579.183252
1698,44.436821,43.648450,42.678450,44.678450,informed,none,0.000000,-3,713.193138,579.882677,0.090000,579.792677
1699,42.936323,42.434824,41.464824,43.464824,informed,none,0.000000,-3,713.193138,584.384168,0.090000,584.294168
1700,43.447205,43.937634,42.967634,44.967634,informed,none,0.000000,-3,713.193138,582.851523,0.090000,582.761523
1701,44.604632,44.551124,43.581124,45.581124,noise,none,0.000000,-3,713.193138,579.379242,0.090000,579.289242
1702,43.625835,43.388942,42.418942,44.418942,informed,none,0.000000,-3,713.193138,582.315634,0.090000,582.225634
1703,45.397779,45.215475,44.245475,46.245475,noise,none,0.000000,-3,713.193138,576.999803,0.090000,576.909803
1704,45.487590,46.105449,45.135449,47.135449,informed,none,0.000000,-3,713.193138,576.730367,0.090000,576.640367
1705,45.160754,44.778952,43.808952,45.808952,informed,none,0.000000,-3,713.193138,577.710877,0.090000,577.620877
1706,45.321300,45.617512,44.647512,46.647512,informed,none,0.000000,-3,713.193138,577.229237,0.090000,577.139237
1707,45.066210,45.629831,44.659831,46.659831,informed,none,0.000000,-3,713.193138,577.994507,0.090000,577.904507
1708,43.935511,43.313123,42.343123,44.343123,noise,none,0.000000,-3,713.193138,581.386607,0.090000,581.296607
1709,45.019523,44.554937,43.584937,45.584937,noise,buy_from_mm,45.584937,-4,758.778075,578.699985,0.160000,578.539985
1710,47.217499,47.326180,46.366180,48.366180,noise,none,0.000000,-4,758.778075,569.908081,0.160000,569.748081
1711,47.190187,46.902261,45.942261,47.942261,noise,sell_to_mm,45.942261,-3,712.835814,571.265254,0.090000,571.175254
1712,47.624665,47.650863,46.680863,48.680863,informed,none,0.000000,-3,712.835814,569.961820,0.090000,569.871820
1713,48.501831,49.438572,48.468572,50.468572,informed,none,0.000000,-3,712.835814,567.330322,0.090000,567.240322
1714,50.651047,50.115804,49.145804,51.145804,noise,none,0.000000,-3,712.835814,560.882674,0.090000,560.792674
1715,49.898250,50.370345,49.400345,51.400345,informed,none,0.000000,-3,712.835814,563.141064,0.090000,563.051064
1716,47.089899,47.156787,46.186787,48.186787,noise,buy_from_mm,48.186787,-4,761.022602,572.663004,0.160000,572.503004
1717,47.922458,47.674137,46.714137,48.714137,noise,none,0.000000,-4,761.022602,569.332770,0.160000,569.172770
1718,47.248061,46.575996,45.615996,47.615996,noise,sell_to_mm,45.615996,-3,715.406605,573.662424,0.090000,573.572424
1719,47.018088,47.222488,46.252488,48.252488,noise,none,0.000000,-3,715.406605,574.352340,0.090000,574.262340
1720,47.412593,47.479732,46.509732,48.509732,informed,none,0.000000,-3,715.406605,573.168826,0.090000,573.078826
1721,47.258663,47.097140,46.127140,48.127140,noise,buy_from_mm,48.127140,-4,763.533746,574.499094,0.160000,574.339094
1722,43.637641,43.642636,42.682636,44.682636,informed,none,0.000000,-4,763.533746,588.983182,0.160000,588.823182
1723,43.335625,44.596042,43.636042,45.636042,noise,sell_to_mm,43.636042,-3,719.897704,589.890828,0.090000,589.800828
1724,43.413123,43.095941,42.125941,44.125941,informed,none,0.000000,-3,719.897704,589.658335,0.090000,589.568335
1725,44.114767,43.461482,42.491482,44.491482,informed,none,0.000000,-3,719.897704,587.553401,0.090000,587.463401
1726,41.939391,42.383297,41.413297,43.413297,noise,buy_from_mm,43.413297,-4,763.311001,595.553436,0.160000,595.393436
1727,41.884569,42.383851,41.423851,43.423851,informed,none,0.000000,-4,763.311001,595.772726,0.160000,595.612726
1728,42.344294,42.466627,41.506627,43.506627,noise,none,0.000000,-4,763.311001,593.933826,0.160000,593.773826
1729,42.247178,43.411145,42.451145,44.451145,informed,sell_to_mm,42.451145,-3,720.859856,594.118322,0.090000,594.028322
1730,41.514997,41.841241,40.871241,42.871241,informed,none,0.000000,-3,720.859856,596.314865,0.090000,596.224865
1731,42.835569,43.666923,42.696923,44.696923,informed,none,0.000000,-3,720.859856,592.353150,0.090000,592.263150
1732,41.733422,41.234381,40.264381,42.264381,noise,none,0.000000,-3,720.859856,595.659591,0.090000,595.569591
1733,41.979747,42.134753,41.164753,43.164753,noise,none,0.000000,-3,720.859856,594.920616,0.090000,594.830616
1734,42.477662,42.734995,41.764995,43.764995,noise,none,0.000000,-3,720.859856,593.426870,0.090000,593.336870
1735,44.565918,44.281113,43.311113,45.311113,noise,none,0.000000,-3,720.859856,587.162103,0.090000,587.072103
1736,44.795133,44.434154,43.464154,45.464154,informed,none,0.000000,-3,720.859856,586.474459,0.090000,586.384459
1737,43.937466,44.203494,43.233494,45.233494,noise,none,0.000000,-3,720.859856,589.047459,0.090000,588.957459
1738,44.140787,44.023153,43.053153,45.053153,noise,none,0.000000,-3,720.859856,588.437497,0.090000,588.347497
1739,43.560539,43.146976,42.176976,44.176976,noise,none,0.000000,-3,720.859856,590.178238,0.090000,590.088238
1740,43.589688,44.135828,43.165828,45.165828,informed,none,0.000000,-3,720.859856,590.090792,0.090000,590.000792
1741,43.320458,43.456676,42.486676,44.486676,noise,sell_to_mm,42.486676,-2,678.373180,591.732264,0.040000,591.692264
1742,44.022145,43.027746,42.047746,44.047746,noise,none,0.000000,-2,678.373180,590.328891,0.040000,590.288891
1743,44.239013,44.915433,43.935433,45.935433,informed,none,0.000000,-2,678.373180,589.895153,0.040000,589.855153
1744,43.695875,43.120899,42.140899,44.140899,noise,none,0.000000,-2,678.373180,590.981430,0.040000,590.941430
1745,44.850236,45.404604,44.424604,46.424604,informed,none,0.000000,-2,678.373180,588.672708,0.040000,588.632708
1746,43.633547,43.416394,42.436394,44.436394,informed,none,0.000000,-2,678.373180,591.106086,0.040000,591.066086
1747,43.868482,45.095053,44.115053,46.115053,noise,none,0.000000,-2,678.373180,590.636216,0.040000,590.596216
1748,44.739160,43.420440,42.440440,44.440440,noise,buy_from_mm,44.440440,-3,722.813620,588.596139,0.090000,588.506139
1749,44.182483,44.440824,43.470824,45.470824,noise,none,0.000000,-3,722.813620,590.266172,0.090000,590.176172
1750,44.490874,44.494085,43.524085,45.524085,informed,none,0.000000,-3,722.813620,589.340999,0.090000,589.250999
1751,45.597578,44.414870,43.444870,45.444870,informed,buy_from_mm,45.444870,-4,768.258490,585.868177,0.160000,585.708177
1752,45.531823,46.377530,45.417530,47.417530,informed,none,0.000000,-4,768.258490,586.131199,0.160000,585.971199
1753,44.874082,45.056621,44.096621,46.096621,noise,none,0.000000,-4,768.258490,588.762162,0.160000,588.602162
1754,45.024570,44.520094,43.560094,45.560094,informed,none,0.000000,-4,768.258490,588.160211,0.160000,588.000211
1755,45.073566,45.199038,44.239038,46.239038,noise,none,0.000000,-4,768.258490,587.964224,0.160000,587.804224
1756,45.594586,45.608523,44.648523,46.648523,noise,none,0.000000,-4,768.258490,585.880145,0.160000,585.720145
1757,43.340566,43.607518,42.647518,44.647518,noise,none,0.000000,-4,768.258490,594.896226,0.160000,594.736226
1758,41.817123,42.331571,41.371571,43.371571,informed,none,0.000000,-4,768.258490,600.990000,0.160000,600.830000
1759,41.136620,41.931954,40.971954,42.971954,noise,none,0.000000,-4,768.258490,603.712011,0.160000,603.552011
1760,40.674478,41.090247,40.130247,42.130247,noise,none,0.000000,-4,768.258490,605.560576,0.160000,605.400576
1761,41.637164,42.557828,41.597828,43.597828,noise,none,0.000000,-4,768.258490,601.709835,0.160000,601.549835
1762,42.610250,42.068340,41.108340,43.108340,informed,none,0.000000,-4,768.258490,597.817489,0.160000,597.657489
1763,42.731839,43.884578,42.924578,44.924578,noise,none,0.000000,-4,768.258490,597.331134,0.160000,597.171134
1764,40.626421,40.966003,40.006003,42.006003,informed,none,0.000000,-4,768.258490,605.752806,0.160000,605.592806
1765,40.021420,40.238090,39.278090,41.278090,informed,none,0.000000,-4,768.258490,608.172810,0.160000,608.012810
1766,39.306182,38.384787,37.424787,39.424787,noise,none,0.000000,-4,768.258490,611.033762,0.160000,610.873762
1767,39.203325,38.704533,37.744533,39.744533,informed,none,0.000000,-4,768.258490,611.445188,0.160000,611.285188
1768,38.587889,37.976494,37.016494,39.016494,informed,none,0.000000,-4,768.258490,613.906934,0.160000,613.746934
1769,37.790463,37.909849,36.949849,38.949849,noise,none,0.000000,-4,768.258490,617.096637,0.160000,616.936637
1770,38.358427,37.644381,36.684381,38.684381,noise,buy_from_mm,38.684381,-5,806.942871,615.150737,0.250000,614.900737
1771,38.866619,38.558128,37.608128,39.608128,informed,none,0.000000,-5,806.942871,612.609775,0.250000,612.359775
1772,37.503781,37.468041,36.518041,38.518041,informed,none,0.000000,-5,806.942871,619.423964,0.250000,619.173964
1773,36.928711,36.709581,35.759581,37.759581,noise,none,0.000000,-5,806.942871,622.299318,0.250000,622.049318
1774,36.775228,36.515990,35.565990,37.565990,noise,none,0.000000,-5,806.942871,623.066730,0.250000,622.816730
1775,37.634520,37.885172,36.935172,38.935172,noise,sell_to_mm,36.935172,-4,770.007699,619.469617,0.160000,619.309617
1776,39.390279,38.322716,37.362716,39.362716,noise,none,0.000000,-4,770.007699,612.446581,0.160000,612.286581
1777,39.600417,39.626116,38.666116,40.666116,informed,none,0.000000,-4,770.007699,611.606032,0.160000,611.446032
1778,40.510870,40.304219,39.344219,41.344219,informed,none,0.000000,-4,770.007699,607.964218,0.160000,607.804218
1779,39.516136,39.269283,38.309283,40.309283,noise,buy_from_mm,40.309283,-5,810.316982,612.736300,0.250000,612.486300
1780,40.384253,40.285946,39.335946,41.335946,informed,none,0.000000,-5,810.316982,608.395715,0.250000,608.145715
1781,40.156236,40.739670,39.789670,41.789670,noise,sell_to_mm,39.789670,-4,770.527312,609.902369,0.160000,609.742369
1782,40.523232,40.720957,39.760957,41.760957,informed,none,0.000000,-4,770.527312,608.434383,0.160000,608.274383
1783,40.056153,40.055906,39.095906,41.095906,informed,none,0.000000,-4,770.527312,610.302698,0.160000,610.142698
1784,40.011655,40.468966,39.508966,41.508966,informed,none,0.000000,-4,770.527312,610.480692,0.160000,610.320692
1785,38.542404,38.887496,37.927496,39.927496,informed,none,0.000000,-4,770.527312,616.357695,0.160000,616.197695
1786,37.830559,38.020478,37.060478,39.060478,informed,none,0.000000,-4,770.527312,619.205077,0.160000,619.045077
1787,38.756941,39.309792,38.349792,40.349792,informed,none,0.000000,-4,770.527312,615.499547,0.160000,615.339547
1788,39.193929,38.663806,37.703806,39.703806,informed,none,0.000000,-4,770.527312,613.751596,0.160000,613.591596
1789,39.596545,39.073906,38.113906,40.113906,informed,none,0.000000,-4,770.527312,612.141133,0.160000,611.981133
1790,39.233990,39.108961,38.148961,40.148961,noise,buy_from_mm,40.148961,-5,810.676272,614.506322,0.250000,614.256322
1791,39.929729,39.711999,38.761999,40.761999,noise,none,0.000000,-5,810.676272,611.027625,0.250000,610.777625
1792,40.270641,40.497111,39.547111,41.547111,informed,none,0.000000,-5,810.676272,609.323065,0.250000,609.073065
1793,39.079908,39.007006,38.057006,40.057006,informed,none,0.000000,-5,810.676272,615.276735,0.250000,615.026735
1794,38.659559,39.067240,38.117240,40.117240,informed,none,0.000000,-5,810.676272,617.378478,0.250000,617.128478
1795,38.960925,39.116273,38.166273,40.166273,informed,none,0.000000,-5,810.676272,615.871646,0.250000,615.621646
1796,37.539776,37.048081,36.098081,38.098081,informed,none,0.000000,-5,810.676272,622.977391,0.250000,622.727391
1797,38.243923,37.702218,36.752218,38.752218,noise,none,0.000000,-5,810.676272,619.456655,0.250000,619.206655
1798,39.475270,39.529357,38.579357,40.579357,noise,sell_to_mm,38.579357,-4,772.096916,614.195836,0.160000,614.035836
1799,40.049863,40.858354,39.898354,41.898354,noise,buy_from_mm,41.898354,-5,813.995269,613.745954,0.250000,613.495954
1800,38.623161,38.737467,37.787467,39.787467,noise,sell_to_mm,37.787467,-4,776.207803,621.715161,0.160000,621.555161
1801,39.062197,39.042040,38.082040,40.082040,informed,none,0.000000,-4,776.207803,619.959016,0.160000,619.799016
1802,38.064424,38.990570,38.030570,40.030570,noise,none,0.000000,-4,776.207803,623.950108,0.160000,623.790108
1803,38.594279,39.619175,38.659175,40.659175,informed,sell_to_mm,38.659175,-3,737.548628,621.765792,0.090000,621.675792
1804,38.643073,37.733756,36.763756,38.763756,informed,none,0.000000,-3,737.548628,621.619409,0.090000,621.529409
1805,37.455474,37.896425,36.926425,38.926425,noise,none,0.000000,-3,737.548628,625.182205,0.090000,625.092205
1806,36.772172,36.733244,35.763244,37.763244,informed,none,0.000000,-3,737.548628,627.232112,0.090000,627.142112
1807,35.643068,35.456075,34.486075,36.486075,noise,buy_from_mm,36.486075,-4,774.034703,631.462431,0.160000,631.302431
1808,34.363847,34.665301,33.705301,35.705301,informed,none,0.000000,-4,774.034703,636.579314,0.160000,636.419314
1809,33.060737,33.679876,32.719876,34.719876,noise,none,0.000000,-4,774.034703,641.791755,0.160000,641.631755
1810,33.229137,32.447825,31.487825,33.487825,noise,none,0.000000,-4,774.034703,641.118156,0.160000,640.958156
1811,33.503280,33.629979,32.669979,34.669979,noise,none,0.000000,-4,774.034703,640.021585,0.160000,639.861585
1812,33.162573,32.402305,31.442305,33.442305,noise,sell_to_mm,31.442305,-3,742.592398,643.104678,0.090000,643.014678
1813,33.535611,33.479644,32.509644,34.509644,informed,none,0.000000,-3,742.592398,641.985566,0.090000,641.895566
1814,34.258294,34.639810,33.669810,35.669810,informed,none,0.000000,-3,742.592398,639.817518,0.090000,639.727518
1815,34.570705,33.623100,32.653100,34.653100,noise,none,0.000000,-3,742.592398,638.880283,0.090000,638.790283
1816,35.444447,34.953545,33.983545,35.983545,informed,none,0.000000,-3,742.592398,636.259058,0.090000,636.169058
1817,34.409253,34.446824,33.476824,35.476824,informed,none,0.000000,-3,742.592398,639.364638,0.090000,639.274638
1818,34.350983,33.596879,32.626879,34.626879,informed,none,0.000000,-3,742.592398,639.539449,0.090000,639.449449
1819,34.820465,36.123335,35.153335,37.153335,informed,sell_to_mm,35.153335,-2,707.439063,637.798132,0.040000,637.758132
1820,35.734675,35.671620,34.691620,36.691620,noise,none,0.000000,-2,707.439063,635.969713,0.040000,635.929713
1821,35.500456,36.199097,35.219097,37.219097,noise,none,0.000000,-2,707.439063,636.438151,0.040000,636.398151
1822,35.205683,35.499626,34.519626,36.519626,noise,none,0.000000,-2,707.439063,637.027696,0.040000,636.987696
1823,34.748436,34.068786,33.088786,35.088786,noise,none,0.000000,-2,707.439063,637.942191,0.040000,637.902191
1824,35.124171,34.621226,33.641226,35.641226,noise,none,0.000000,-2,707.439063,637.190721,0.040000,637.150721
1825,36.588111,36.793328,35.813328,37.813328,informed,none,0.000000,-2,707.439063,634.262841,0.040000,634.222841
1826,36.825148,37.365865,36.385865,38.385865,noise,none,0.000000,-2,707.439063,633.788766,0.040000,633.748766
1827,36.644030,37.158901,36.178901,38.178901,informed,none,0.000000,-2,707.439063,634.151003,0.040000,634.111003
1828,35.853663,36.364840,35.384840,37.384840,noise,buy_from_mm,37.384840,-3,744.823903,637.262913,0.090000,637.172913
1829,36.568636,37.798187,36.828187,38.828187,noise,none,0.000000,-3,744.823903,635.117995,0.090000,635.027995
1830,38.503164,37.569758,36.599758,38.599758,noise,none,0.000000,-3,744.823903,629.314412,0.090000,629.224412
1831,38.679967,39.689812,38.719812,40.719812,noise,none,0.000000,-3,744.823903,628.784003,0.090000,628.694003
1832,39.500165,39.221378,38.251378,40.251378,noise,none,0.000000,-3,744.823903,626.323408,0.090000,626.233408
1833,38.613618,38.289161,37.319161,39.319161,informed,none,0.000000,-3,744.823903,628.983049,0.090000,628.893049
1834,39.139642,38.984914,38.014914,40.014914,informed,none,0.000000,-3,744.823903,627.404978,0.090000,627.314978
1835,37.700137,37.930586,36.960586,38.960586,noise,none,0.000000,-3,744.823903,631.723493,0.090000,631.633493
1836,37.429462,37.552985,36.582985,38.582985,informed,none,0.000000,-3,744.823903,632.535519,0.090000,632.445519
1837,38.033667,37.896114,36.926114,38.926114,informed,none,0.000000,-3,744.823903,630.722903,0.090000,630.632903
1838,39.645224,39.213856,38.243856,40.243856,noise,none,0.000000,-3,744.823903,625.888231,0.090000,625.798231
1839,38.933367,38.920099,37.950099,39.950099,noise,none,0.000000,-3,744.823903,628.023803,0.090000,627.933803
1840,38.088133,37.542071,36.572071,38.572071,informed,none,0.000000,-3,744.823903,630.559506,0.090000,630.469506
1841,38.222779,37.789540,36.819540,38.819540,noise,sell_to_mm,36.819540,-2,708.004363,631.558804,0.040000,631.518804
1842,39.582436,39.169278,38.189278,40.189278,noise,buy_from_mm,40.189278,-3,748.193641,629.446332,0.090000,629.356332
1843,39.042377,38.981309,38.011309,40.011309,noise,sell_to_mm,38.011309,-2,710.182332,632.097578,0.040000,632.057578
1844,39.174177,38.960246,37.980246,39.980246,noise,sell_to_mm,37.980246,-1,672.202086,633.027910,0.010000,633.017910
1845,40.129494,40.237184,39.247184,41.247184,noise,sell_to_mm,39.247184,0,632.954903,632.954903,0.000000,632.954903
1846,41.138145,40.713789,39.713789,41.713789,informed,none,0.000000,0,632.954903,632.954903,0.000000,632.954903
1847,40.443259,40.109159,39.109159,41.109159,noise,none,0.000000,0,632.954903,632.954903,0.000000,632.954903
1848,39.696433,39.773612,38.773612,40.773612,noise,none,0.000000,0,632.954903,632.954903,0.000000,632.954903
1849,38.233167,37.604827,36.604827,38.604827,noise,sell_to_mm,36.604827,1,596.350075,634.583243,0.010000,634.573243
1850,39.031195,38.997750,37.987750,39.987750,noise,none,0.000000,1,596.350075,635.381270,0.010000,635.371270
1851,39.567128,39.417268,38.407268,40.407268,noise,none,0.000000,1,596.350075,635.917204,0.010000,635.907204
1852,39.341667,40.220892,39.210892,41.210892,noise,none,0.000000,1,596.350075,635.691742,0.010000,635.681742
1853,39.699383,38.797165,37.787165,39.787165,informed,none,0.000000,1,596.350075,636.049459,0.010000,636.039459
1854,40.273396,39.263163,38.253163,40.253163,noise,none,0.000000,1,596.350075,636.623471,0.010000,636.613471
1855,39.689287,40.093638,39.083638,41.083638,noise,none,0.000000,1,596.350075,636.039362,0.010000,636.029362
1856,38.727712,37.712296,36.702296,38.702296,noise,none,0.000000,1,596.350075,635.077787,0.010000,635.067787
1857,39.263527,39.802363,38.792363,40.792363,noise,sell_to_mm,38.792363,2,557.557712,636.084767,0.040000,636.044767
1858,40.483387,41.156321,40.136321,42.136321,noise,none,0.000000,2,557.557712,638.524485,0.040000,638.484485
1859,40.315867,41.159965,40.139965,42.139965,noise,none,0.000000,2,557.557712,638.189446,0.040000,638.149446
1860,40.439407,40.479195,39.459195,41.459195,informed,none,0.000000,2,557.557712,638.436526,0.040000,638.396526
1861,39.360611,39.369063,38.349063,40.349063,informed,none,0.000000,2,557.557712,636.278933,0.040000,636.238933
1862,39.713074,40.529118,39.509118,41.509118,noise,buy_from_mm,41.509118,1,599.066830,638.779904,0.010000,638.769904
1863,38.427614,38.543796,37.533796,39.533796,noise,none,0.000000,1,599.066830,637.494444,0.010000,637.484444
1864,36.499994,36.446404,35.436404,37.436404,noise,sell_to_mm,35.436404,2,563.630426,636.630414,0.040000,636.590414
1865,35.769004,35.612190,34.592190,36.592190,informed,none,0.000000,2,563.630426,635.168434,0.040000,635.128434
1866,37.318979,37.747031,36.727031,38.727031,noise,none,0.000000,2,563.630426,638.268383,0.040000,638.228383
1867,36.497704,36.864026,35.844026,37.844026,noise,none,0.000000,2,563.630426,636.625833,0.040000,636.585833
1868,35.270022,34.791498,33.771498,35.771498,noise,none,0.000000,2,563.630426,634.170470,0.040000,634.130470
1869,35.006399,33.871940,32.851940,34.851940,informed,buy_from_mm,34.851940,1,598.482366,633.488765,0.010000,633.478765
1870,33.830496,33.418841,32.408841,34.408841,noise,buy_from_mm,34.408841,0,632.891208,632.891208,0.000000,632.891208
1871,34.421979,34.286519,33.286519,35.286519,informed,none,0.000000,0,632.891208,632.891208,0.000000,632.891208
1872,35.064632,35.335254,34.335254,36.335254,noise,none,0.000000,0,632.891208,632.891208,0.000000,632.891208
1873,34.484519,34.917323,33.917323,35.917323,noise,sell_to_mm,33.917323,1,598.973884,633.458403,0.010000,633.448403
1874,33.564125,34.337844,33.327844,35.327844,noise,none,0.000000,1,598.973884,632.538009,0.010000,632.528009
1875,32.686985,32.740099,31.730099,33.730099,noise,none,0.000000,1,598.973884,631.660869,0.010000,631.650869
1876,32.489198,32.214311,31.204311,33.204311,informed,none,0.000000,1,598.973884,631.463082,0.010000,631.453082
1877,32.351618,32.790895,31.780895,33.780895,noise,none,0.000000,1,598.973884,631.325503,0.010000,631.315503
1878,31.589981,31.611167,30.601167,32.601167,noise,none,0.000000,1,598.973884,630.563866,0.010000,630.553866
1879,32.525333,33.102510,32.092510,34.092510,noise,none,0.000000,1,598.973884,631.499218,0.010000,631.489218
1880,33.709443,33.682710,32.672710,34.672710,noise,none,0.000000,1,598.973884,632.683327,0.010000,632.673327
1881,34.519863,34.371621,33.361621,35.361621,informed,none,0.000000,1,598.973884,633.493747,0.010000,633.483747
1882,35.749195,35.660618,34.650618,36.650618,informed,none,0.000000,1,598.973884,634.723079,0.010000,634.713079
1883,35.468797,35.725015,34.715015,36.715015,noise,none,0.000000,1,598.973884,634.442681,0.010000,634.432681
1884,36.203049,36.378033,35.368033,37.368033,noise,none,0.000000,1,598.973884,635.176934,0.010000,635.166934
1885,37.023622,37.682978,36.672978,38.672978,noise,none,0.000000,1,598.973884,635.997507,0.010000,635.987507
1886,36.403294,36.485762,35.475762,37.475762,informed,none,0.000000,1,598.973884,635.377178,0.010000,635.367178
1887,36.974913,37.148229,36.138229,38.138229,noise,none,0.000000,1,598.973884,635.948798,0.010000,635.938798
1888,36.787544,36.560376,35.550376,37.550376,noise,none,0.000000,1,598.973884,635.761428,0.010000,635.751428
1889,37.134406,36.632599,35.622599,37.622599,noise,none,0.000000,1,598.973884,636.108290,0.010000,636.098290
1890,35.994834,35.378541,34.368541,36.368541,informed,none,0.000000,1,598.973884,634.968719,0.010000,634.958719
1891,35.787673,35.749929,34.739929,36.739929,noise,none,0.000000,1,598.973884,634.761557,0.010000,634.751557
1892,34.211501,33.355466,32.345466,34.345466,noise,none,0.000000,1,598.973884,633.185386,0.010000,633.175386
1893,35.473249,36.292342,35.282342,37.282342,informed,none,0.000000,1,598.973884,634.447133,0.010000,634.437133
1894,36.318598,35.481776,34.471776,36.471776,informed,none,0.000000,1,598.973884,635.292482,0.010000,635.282482
1895,35.326049,35.556254,34.546254,36.546254,noise,none,0.000000,1,598.973884,634.299934,0.010000,634.289934
1896,34.496146,34.869637,33.859637,35.859637,noise,none,0.000000,1,598.973884,633.470030,0.010000,633.460030
1897,35.824906,35.674405,34.664405,36.664405,noise,none,0.000000,1,598.973884,634.798790,0.010000,634.788790
1898,35.640797,35.375340,34.365340,36.365340,informed,none,0.000000,1,598.973884,634.614682,0.010000,634.604682
1899,35.515224,35.097840,34.087840,36.087840,noise,none,0.000000,1,598.973884,634.489109,0.010000,634.479109
1900,34.847927,34.929239,33.919239,35.919239,informed,none,0.000000,1,598.973884,633.821812,0.010000,633.811812
1901,34.127248,33.499439,32.489439,34.489439,noise,buy_from_mm,34.489439,0,633.463323,633.463323,0.000000,633.463323
1902,32.951209,32.362518,31.362518,33.362518,informed,none,0.000000,0,633.463323,633.463323,0.000000,633.463323
1903,34.230990,33.440649,32.440649,34.440649,informed,none,0.000000,0,633.463323,633.463323,0.000000,633.463323
1904,35.029209,34.378714,33.378714,35.378714,noise,none,0.000000,0,633.463323,633.463323,0.000000,633.463323
1905,35.578022,35.344811,34.344811,36.344811,informed,none,0.000000,0,633.463323,633.463323,0.000000,633.463323
1906,37.644579,37.927836,36.927836,38.927836,informed,none,0.000000,0,633.463323,633.463323,0.000000,633.463323
1907,36.522336,36.714354,35.714354,37.714354,informed,none,0.000000,0,633.463323,633.463323,0.000000,633.463323
1908,37.405323,38.007064,37.007064,39.007064,informed,none,0.000000,0,633.463323,633.463323,0.000000,633.463323
1909,37.812206,36.830678,35.830678,37.830678,informed,none,0.000000,0,633.463323,633.463323,0.000000,633.463323
1910,37.776090,37.339403,36.339403,38.339403,noise,sell_to_mm,36.339403,1,597.123921,634.900010,0.010000,634.890010
1911,37.374142,37.347639,36.337639,38.337639,noise,buy_from_mm,38.337639,0,635.461560,635.461560,0.000000,635.461560
1912,35.041855,34.907927,33.907927,35.907927,noise,none,0.000000,0,635.461560,635.461560,0.000000,635.461560
1913,33.274738,33.721423,32.721423,34.721423,noise,none,0.000000,0,635.461560,635.461560,0.000000,635.461560
1914,31.380016,31.191132,30.191132,32.191132,informed,none,0.000000,0,635.461560,635.461560,0.000000,635.461560
1915,32.024326,31.875473,30.875473,32.875473,noise,buy_from_mm,32.875473,-1,668.337032,636.312706,0.010000,636.302706
1916,33.624128,33.565701,32.575701,34.575701,noise,buy_from_mm,34.575701,-2,702.912733,635.664476,0.040000,635.624476
1917,33.409994,32.648672,31.668672,33.668672,noise,buy_from_mm,33.668672,-3,736.581405,636.351422,0.090000,636.261422
1918,32.593384,32.356623,31.386623,33.386623,informed,none,0.000000,-3,736.581405,638.801254,0.090000,638.711254
1919,31.069218,32.167650,31.197650,33.197650,noise,sell_to_mm,31.197650,-2,705.383755,643.245319,0.040000,643.205319
1920,30.731950,30.102649,29.122649,31.122649,noise,none,0.000000,-2,705.383755,643.919855,0.040000,643.879855
1921,30.831811,30.238160,29.258160,31.258160,informed,none,0.000000,-2,705.383755,643.720132,0.040000,643.680132
1922,29.305865,29.143179,28.163179,30.163179,noise,none,0.000000,-2,705.383755,646.772025,0.040000,646.732025
1923,30.330615,29.997972,29.017972,31.017972,informed,none,0.000000,-2,705.383755,644.722526,0.040000,644.682526
1924,31.433505,31.489635,30.509635,32.509635,noise,none,0.000000,-2,705.383755,642.516746,0.040000,642.476746
1925,31.183585,31.368658,30.388658,32.388658,informed,none,0.000000,-2,705.383755,643.016586,0.040000,642.976586
1926,31.242691,31.415765,30.435765,32.435765,informed,none,0.000000,-2,705.383755,642.898374,0.040000,642.858374
1927,31.843455,31.690248,30.710248,32.710248,informed,none,0.000000,-2,705.383755,641.696845,0.040000,641.656845
1928,31.774779,32.152786,31.172786,33.172786,noise,none,0.000000,-2,705.383755,641.834196,0.040000,641.794196
1929,33.365945,33.419169,32.439169,34.439169,informed,none,0.000000,-2,705.383755,638.651866,0.040000,638.611866
1930,34.053128,34.073763,33.093763,35.093763,noise,none,0.000000,-2,705.383755,637.277499,0.040000,637.237499
1931,34.588898,34.784700,33.804700,35.804700,noise,buy_from_mm,35.804700,-3,741.188455,637.421761,0.090000,637.331761
1932,35.516122,35.179453,34.209453,36.209453,noise,none,0.000000,-3,741.188455,634.640088,0.090000,634.550088
1933,35.401696,36.079063,35.109063,37.109063,noise,none,0.000000,-3,741.188455,634.983368,0.090000,634.893368
1934,36.149191,35.709333,34.739333,36.739333,informed,none,0.000000,-3,741.188455,632.740881,0.090000,632.650881
1935,36.830713,36.869104,35.899104,37.899104,noise,none,0.000000,-3,741.188455,630.696316,0.090000,630.606316
1936,37.558746,38.277075,37.307075,39.307075,informed,none,0.000000,-3,741.188455,628.512217,0.090000,628.422217
1937,36.636977,36.899659,35.929659,37.929659,noise,sell_to_mm,35.929659,-2,705.258796,631.984842,0.040000,631.944842
1938,37.006396,36.796010,35.816010,37.816010,informed,none,0.000000,-2,705.258796,631.246003,0.040000,631.206003
1939,35.479499,34.620021,33.640021,35.640021,noise,buy_from_mm,35.640021,-3,740.898817,634.460322,0.090000,634.370322
1940,36.124186,35.844913,34.874913,36.874913,noise,buy_from_mm,36.874913,-4,777.773731,633.276988,0.160000,633.116988
1941,35.162284,34.024354,33.064354,35.064354,informed,buy_from_mm,35.064354,-5,812.838084,637.026665,0.250000,636.776665
1942,35.977336,35.412312,34.462312,36.462312,noise,none,0.000000,-5,812.838084,632.951405,0.250000,632.701405
1943,35.421050,35.587948,34.637948,36.637948,informed,none,0.000000,-5,812.838084,635.732835,0.250000,635.482835
1944,35.901385,35.380017,34.430017,36.430017,noise,none,0.000000,-5,812.838084,633.331161,0.250000,633.081161
1945,35.204179,35.706237,34.756237,36.756237,noise,none,0.000000,-5,812.838084,636.817189,0.250000,636.567189
1946,35.449995,36.096296,35.146296,37.146296,informed,none,0.000000,-5,812.838084,635.588109,0.250000,635.338109
1947,33.516877,33.795835,32.845835,34.845835,noise,none,0.000000,-5,812.838084,645.253700,0.250000,645.003700
1948,33.582442,33.188472,32.238472,34.238472,noise,none,0.000000,-5,812.838084,644.925877,0.250000,644.675877
1949,33.256810,33.684910,32.734910,34.734910,noise,none,0.000000,-5,812.838084,646.554035,0.250000,646.304035
1950,33.867126,34.004608,33.054608,35.054608,informed,none,0.000000,-5,812.838084,643.502456,0.250000,643.252456
1951,33.500062,33.484153,32.534153,34.534153,noise,none,0.000000,-5,812.838084,645.337774,0.250000,645.087774
1952,34.202865,34.348970,33.398970,35.398970,noise,buy_from_mm,35.398970,-6,848.237055,643.019865,0.360000,642.659865
1953,34.310930,34.213996,33.273996,35.273996,noise,none,0.000000,-6,848.237055,642.371476,0.360000,642.011476
1954,35.225385,35.145421,34.205421,36.205421,noise,none,0.000000,-6,848.237055,636.884744,0.360000,636.524744
1955,37.138694,37.695481,36.755481,38.755481,noise,sell_to_mm,36.755481,-5,811.481574,625.788105,0.250000,625.538105
1956,38.171495,38.021730,37.071730,39.071730,informed,none,0.000000,-5,811.481574,620.624101,0.250000,620.374101
1957,38.764013,39.891128,38.941128,40.941128,noise,buy_from_mm,40.941128,-6,852.422702,619.838625,0.360000,619.478625
1958,36.630512,37.135569,36.195569,38.195569,noise,none,0.000000,-6,852.422702,632.639631,0.360000,632.279631
1959,38.282673,39.512349,38.572349,40.572349,noise,none,0.000000,-6,852.422702,622.726663,0.360000,622.366663
1960,39.405590,39.604179,38.664179,40.664179,noise,sell_to_mm,38.664179,-5,813.758522,616.730575,0.250000,616.480575
1961,40.012760,39.410195,38.460195,40.460195,noise,none,0.000000,-5,813.758522,613.694721,0.250000,613.444721
1962,41.356200,41.663576,40.713576,42.713576,noise,none,0.000000,-5,813.758522,606.977521,0.250000,606.727521
1963,41.187488,41.554524,40.604524,42.604524,informed,none,0.000000,-5,813.758522,607.821085,0.250000,607.571085
1964,40.894541,41.771094,40.821094,42.821094,informed,none,0.000000,-5,813.758522,609.285817,0.250000,609.035817
1965,40.621228,40.510571,39.560571,41.560571,noise,none,0.000000,-5,813.758522,610.652384,0.250000,610.402384
1966,40.116395,40.449462,39.499462,41.499462,noise,none,0.000000,-5,813.758522,613.176548,0.250000,612.926548
1967,40.414148,40.900777,39.950777,41.950777,noise,none,0.000000,-5,813.758522,611.687782,0.250000,611.437782
1968,40.958544,41.244014,40.294014,42.294014,noise,none,0.000000,-5,813.758522,608.965801,0.250000,608.715801
1969,41.364764,41.333725,40.383725,42.383725,noise,none,0.000000,-5,813.758522,606.934701,0.250000,606.684701
1970,42.359523,42.499497,41.549497,43.549497,noise,none,0.000000,-5,813.758522,601.960909,0.250000,601.710909
1971,42.929003,43.552398,42.602398,44.602398,noise,buy_from_mm,44.602398,-6,858.360920,600.786905,0.360000,600.426905
1972,41.304343,40.985615,40.045615,42.045615,noise,none,0.000000,-6,858.360920,610.534862,0.360000,610.174862
1973,41.370921,41.852893,40.912893,42.912893,informed,none,0.000000,-6,858.360920,610.135395,0.360000,609.775395
1974,42.824302,42.455713,41.515713,43.515713,informed,none,0.000000,-6,858.360920,601.415110,0.360000,601.055110
1975,41.649357,41.274603,40.334603,42.334603,informed,none,0.000000,-6,858.360920,608.464780,0.360000,608.104780
1976,41.077546,41.379786,40.439786,42.439786,noise,none,0.000000,-6,858.360920,611.895642,0.360000,611.535642
1977,41.632830,41.590535,40.650535,42.650535,noise,none,0.000000,-6,858.360920,608.563941,0.360000,608.203941
1978,41.035682,41.495871,40.555871,42.555871,noise,buy_from_mm,42.555871,-7,900.916791,613.667018,0.490000,613.177018
1979,40.576644,40.148033,39.218033,41.218033,informed,none,0.000000,-7,900.916791,616.880282,0.490000,616.390282
1980,40.508131,40.873033,39.943033,41.943033,noise,sell_to_mm,39.943033,-6,860.973759,617.924973,0.360000,617.564973
1981,41.232394,41.371760,40.431760,42.431760,noise,none,0.000000,-6,860.973759,613.579394,0.360000,613.219394
1982,42.189548,42.578740,41.638740,43.638740,noise,buy_from_mm,43.638740,-7,904.612499,609.285662,0.490000,608.795662
1983,40.445750,40.411286,39.481286,41.481286,noise,none,0.000000,-7,904.612499,621.492246,0.490000,621.002246
1984,39.523074,38.785359,37.855359,39.855359,noise,none,0.000000,-7,904.612499,627.950983,0.490000,627.460983
1985,39.234134,39.743345,38.813345,40.813345,informed,none,0.000000,-7,904.612499,629.973563,0.490000,629.483563
1986,38.631246,39.233679,38.303679,40.303679,noise,none,0.000000,-7,904.612499,634.193776,0.490000,633.703776
1987,39.759061,40.111631,39.181631,41.181631,informed,none,0.000000,-7,904.612499,626.299075,0.490000,625.809075
1988,41.207388,40.902613,39.972613,41.972613,informed,none,0.000000,-7,904.612499,616.160785,0.490000,615.670785
1989,40.996384,40.254707,39.324707,41.324707,noise,none,0.000000,-7,904.612499,617.637808,0.490000,617.147808
1990,40.887439,40.237294,39.307294,41.307294,noise,buy_from_mm,41.307294,-8,945.919793,618.820277,0.640000,618.180277
1991,41.766488,41.988215,41.068215,43.068215,informed,none,0.000000,-8,945.919793,611.787887,0.640000,611.147887
1992,41.824487,42.280952,41.360952,43.360952,noise,none,0.000000,-8,945.919793,611.323899,0.640000,610.683899
1993,41.437357,41.122163,40.202163,42.202163,informed,none,0.000000,-8,945.919793,614.420940,0.640000,613.780940
1994,41.299025,41.309223,40.389223,42.389223,noise,none,0.000000,-8,945.919793,615.527591,0.640000,614.887591
1995,42.087211,41.579765,40.659765,42.659765,noise,none,0.000000,-8,945.919793,609.222108,0.640000,608.582108
1996,41.637455,42.101232,41.181232,43.181232,informed,none,0.000000,-8,945.919793,612.820156,0.640000,612.180156
1997,41.716203,41.600077,40.680077,42.680077,noise,none,0.000000,-8,945.919793,612.190169,0.640000,611.550169
1998,42.142942,42.842940,41.922940,43.922940,noise,none,0.000000,-8,945.919793,608.776260,0.640000,608.136260
1999,43.067256,43.118598,42.198598,44.198598,noise,none,0.000000,-8,945.919793,601.381745,0.640000,600.741745
2000,42.207835,41.234902,40.314902,42.314902,noise,none,0.000000,-8,945.919793,608.257112,0.640000,607.617112
