t,true_value,signal,bid,ask,trader_type,trade_side,trade_price,inventory,cash,pnl_mark_to_true,inv_penalty,risk_adj_pnl
1,-0.509965,-0.998605,-2.498605,0.501395,informed,none,0.000000,0,0.000000,0.000000,0.000000,0.000000
2,-0.636315,-1.379370,-2.879370,0.120630,noise,none,0.000000,0,0.000000,0.000000,0.000000,0.000000
3,-1.163779,-2.436030,-3.936030,-0.936030,informed,none,0.000000,0,0.000000,0.000000,0.000000,0.000000
4,-0.751392,-1.069683,-2.569683,0.430317,noise,none,0.000000,0,0.000000,0.000000,0.000000,0.000000
5,-1.792669,-2.210631,-3.710631,-0.710631,informed,none,0.000000,0,0.000000,0.000000,0.000000,0.000000
6,-0.102408,-0.729536,-2.229536,0.770464,noise,none,0.000000,0,0.000000,0.000000,0.000000,0.000000
7,0.617522,0.283930,-1.216070,1.783930,informed,none,0.000000,0,0.000000,0.000000,0.000000,0.000000
8,1.525470,0.605974,-0.894026,2.105974,informed,none,0.000000,0,0.000000,0.000000,0.000000,0.000000
9,1.902744,3.913756,2.413756,5.413756,noise,none,0.000000,0,0.000000,0.000000,0.000000,0.000000
10,0.636817,2.363810,0.863810,3.863810,noise,none,0.000000,0,0.000000,0.000000,0.000000,0.000000
11,0.286582,0.521510,-0.978490,2.021510,noise,none,0.000000,0,0.000000,0.000000,0.000000,0.000000
12,1.651408,1.961854,0.461854,3.461854,informed,none,0.000000,0,0.000000,0.000000,0.000000,0.000000
13,1.540656,2.325081,0.825081,3.825081,noise,none,0.000000,0,0.000000,0.000000,0.000000,0.000000
14,1.150695,2.137171,0.637171,3.637171,noise,none,0.000000,0,0.000000,0.000000,0.000000,0.000000
15,-0.068941,0.844572,-0.655428,2.344572,noise,sell_to_mm,-0.655428,1,0.655428,0.586487,0.010000,0.576487
16,-2.329622,-0.997938,-2.497938,0.502062,noise,none,0.000000,1,0.655428,-1.674195,0.010000,-1.684195
17,-1.767845,-0.150415,-1.650415,1.349585,noise,sell_to_mm,-1.650415,2,2.305843,-1.229847,0.040000,-1.269847
18,-2.085231,-2.422976,-3.922976,-0.922976,noise,none,0.000000,2,2.305843,-1.864618,0.040000,-1.904618
19,-2.923480,-2.712765,-4.212765,-1.212765,noise,buy_from_mm,-1.212765,1,1.093077,-1.830402,0.010000,-1.840402
20,-3.854351,-2.913625,-4.413625,-1.413625,informed,none,0.000000,1,1.093077,-2.761274,0.010000,-2.771274
21,-4.944751,-5.230013,-6.730013,-3.730013,informed,none,0.000000,1,1.093077,-3.851673,0.010000,-3.861673
22,-4.573475,-4.330955,-5.830955,-2.830955,noise,sell_to_mm,-5.830955,2,6.924032,-2.222917,0.040000,-2.262917
23,-3.709525,-4.321027,-5.821027,-2.821027,informed,none,0.000000,2,6.924032,-0.495018,0.040000,-0.535018
24,-4.468482,-5.429505,-6.929505,-3.929505,noise,buy_from_mm,-3.929505,1,2.994527,-1.473956,0.010000,-1.483956
25,-5.041054,-3.526005,-5.026005,-2.026005,noise,buy_from_mm,-2.026005,0,0.968522,0.968522,0.000000,0.968522
26,-5.872984,-7.134824,-8.634824,-5.634824,noise,none,0.000000,0,0.968522,0.968522,0.000000,0.968522
27,-5.431121,-5.262857,-6.762857,-3.762857,noise,none,0.000000,0,0.968522,0.968522,0.000000,0.968522
28,-5.515642,-4.471881,-5.971881,-2.971881,noise,none,0.000000,0,0.968522,0.968522,0.000000,0.968522
29,-5.928877,-6.484093,-7.984093,-4.984093,informed,none,0.000000,0,0.968522,0.968522,0.000000,0.968522
30,-4.551668,-1.707884,-3.207884,-0.207884,informed,sell_to_mm,-3.207884,1,4.176406,-0.375261,0.010000,-0.385261
31,-4.960807,-3.439353,-4.939353,-1.939353,noise,none,0.000000,1,4.176406,-0.784400,0.010000,-0.794400
32,-3.243113,-3.538922,-5.038922,-2.038922,informed,none,0.000000,1,4.176406,0.933293,0.010000,0.923293
33,-2.895915,-3.523125,-5.023125,-2.023125,noise,none,0.000000,1,4.176406,1.280492,0.010000,1.270492
34,-3.977040,-3.568134,-5.068134,-2.068134,noise,sell_to_mm,-5.068134,2,9.244540,1.290460,0.040000,1.250460
35,-4.294697,-5.670486,-7.170486,-4.170486,noise,none,0.000000,2,9.244540,0.655146,0.040000,0.615146
36,-4.581664,-3.033325,-4.533325,-1.533325,informed,sell_to_mm,-4.533325,3,13.777865,0.032874,0.090000,-0.057126
37,-4.405059,-4.849577,-6.349577,-3.349577,noise,none,0.000000,3,13.777865,0.562688,0.090000,0.472688
38,-3.476176,-4.161873,-5.661873,-2.661873,informed,none,0.000000,3,13.777865,3.349338,0.090000,3.259338
39,-5.244976,-5.684849,-7.184849,-4.184849,informed,none,0.000000,3,13.777865,-1.957063,0.090000,-2.047063
40,-4.073049,-4.519557,-6.019557,-3.019557,noise,none,0.000000,3,13.777865,1.558718,0.090000,1.468718
41,-4.263807,-3.809556,-5.309556,-2.309556,noise,sell_to_mm,-5.309556,4,19.087421,2.032194,0.160000,1.872194
42,-4.258020,-2.519356,-4.019356,-1.019356,noise,sell_to_mm,-4.019356,5,23.106778,1.816678,0.250000,1.566678
43,-3.608787,-2.911952,-4.411952,-1.411952,noise,buy_from_mm,-1.411952,4,21.694826,7.259680,0.160000,7.099680
44,-4.396529,-7.915873,-9.415873,-6.415873,noise,none,0.000000,4,21.694826,4.108710,0.160000,3.948710
45,-4.578501,-3.035816,-4.535816,-1.535816,noise,none,0.000000,4,21.694826,3.380823,0.160000,3.220823
46,-2.876813,-2.494534,-3.994534,-0.994534,noise,sell_to_mm,-3.994534,5,25.689359,11.305296,0.250000,11.055296
47,-2.297680,-0.681966,-2.181966,0.818034,informed,sell_to_mm,-2.181966,6,27.871325,14.085244,0.360000,13.725244
48,-2.285849,-3.172657,-4.672657,-1.672657,informed,none,0.000000,6,27.871325,14.156229,0.360000,13.796229
49,-3.630293,-2.994097,-4.494097,-1.494097,noise,none,0.000000,6,27.871325,6.089568,0.360000,5.729568
50,-0.969531,-1.330525,-2.830525,0.169475,informed,none,0.000000,6,27.871325,22.054140,0.360000,21.694140
51,-0.562520,-1.246179,-2.746179,0.253821,informed,none,0.000000,6,27.871325,24.496204,0.360000,24.136204
52,-0.670413,-1.791167,-3.291167,-0.291167,noise,buy_from_mm,-0.291167,5,27.580158,24.228091,0.250000,23.978091
53,-0.226691,-0.220461,-1.720461,1.279539,informed,none,0.000000,5,27.580158,26.446703,0.250000,26.196703
54,1.493174,2.483461,0.983461,3.983461,noise,none,0.000000,5,27.580158,35.046029,0.250000,34.796029
55,1.208837,-0.526841,-2.026841,0.973159,noise,none,0.000000,5,27.580158,33.624341,0.250000,33.374341
56,-0.580454,-1.485829,-2.985829,0.014171,noise,none,0.000000,5,27.580158,24.677889,0.250000,24.427889
57,-2.936884,-2.315105,-3.815105,-0.815105,noise,none,0.000000,5,27.580158,12.895738,0.250000,12.645738
58,-2.251178,-0.652786,-2.152786,0.847214,noise,none,0.000000,5,27.580158,16.324268,0.250000,16.074268
59,-2.949778,-1.823959,-3.323959,-0.323959,informed,none,0.000000,5,27.580158,12.831268,0.250000,12.581268
60,-2.014776,-1.902400,-3.402400,-0.402400,noise,none,0.000000,5,27.580158,17.506279,0.250000,17.256279
61,-3.237760,-3.111621,-4.611621,-1.611621,noise,none,0.000000,5,27.580158,11.391359,0.250000,11.141359
62,-2.445003,-2.466038,-3.966038,-0.966038,noise,buy_from_mm,-0.966038,4,26.614120,16.834106,0.160000,16.674106
63,-2.101304,-2.135718,-3.635718,-0.635718,noise,buy_from_mm,-0.635718,3,25.978402,19.674491,0.090000,19.584491
64,-0.461668,-1.140288,-2.640288,0.359712,noise,none,0.000000,3,25.978402,24.593398,0.090000,24.503398
65,-0.066201,-0.720511,-2.220511,0.779489,noise,none,0.000000,3,25.978402,25.779798,0.090000,25.689798
66,-0.256510,1.629796,0.129796,3.129796,noise,none,0.000000,3,25.978402,25.208871,0.090000,25.118871
67,0.557010,0.224787,-1.275213,1.724787,noise,none,0.000000,3,25.978402,27.649431,0.090000,27.559431
68,2.052121,3.742342,2.242342,5.242342,noise,buy_from_mm,5.242342,2,31.220744,35.324987,0.040000,35.284987
69,0.175293,1.356172,-0.143828,2.856172,noise,sell_to_mm,-0.143828,3,31.364571,31.890451,0.090000,31.800451
70,-0.263640,-1.294224,-2.794224,0.205776,informed,none,0.000000,3,31.364571,30.573650,0.090000,30.483650
71,-0.137773,0.979644,-0.520356,2.479644,noise,none,0.000000,3,31.364571,30.951251,0.090000,30.861251
72,-2.361581,-2.507966,-4.007966,-1.007966,noise,none,0.000000,3,31.364571,24.279829,0.090000,24.189829
73,-2.738858,-3.014217,-4.514217,-1.514217,noise,buy_from_mm,-1.514217,2,29.850354,24.372638,0.040000,24.332638
74,-3.216806,-2.696191,-4.196191,-1.196191,noise,none,0.000000,2,29.850354,23.416742,0.040000,23.376742
75,-3.331599,-5.946906,-7.446906,-4.446906,informed,buy_from_mm,-4.446906,1,25.403448,22.071849,0.010000,22.061849
76,-4.705019,-2.623750,-4.123750,-1.123750,noise,sell_to_mm,-4.123750,2,29.527199,20.117160,0.040000,20.077160
77,-3.135830,-2.802363,-4.302363,-1.302363,noise,sell_to_mm,-4.302363,3,33.829562,24.422073,0.090000,24.332073
78,-3.278769,-0.421352,-1.921352,1.078648,informed,sell_to_mm,-1.921352,4,35.750914,22.635838,0.160000,22.475838
79,-4.339972,-3.275165,-4.775165,-1.775165,noise,none,0.000000,4,35.750914,18.391025,0.160000,18.231025
80,-4.125808,-5.405563,-6.905563,-3.905563,noise,none,0.000000,4,35.750914,19.247681,0.160000,19.087681
81,-5.498417,-5.353391,-6.853391,-3.853391,noise,buy_from_mm,-3.853391,3,31.897523,15.402271,0.090000,15.312271
82,-4.434214,-4.077497,-5.577497,-2.577497,noise,none,0.000000,3,31.897523,18.594881,0.090000,18.504881
83,-4.460548,-3.563757,-5.063757,-2.063757,noise,none,0.000000,3,31.897523,18.515879,0.090000,18.425879
84,-5.104006,-5.218071,-6.718071,-3.718071,noise,none,0.000000,3,31.897523,16.585505,0.090000,16.495505
85,-5.836272,-4.728365,-6.228365,-3.228365,informed,none,0.000000,3,31.897523,14.388707,0.090000,14.298707
86,-5.557518,-5.489154,-6.989154,-3.989154,noise,none,0.000000,3,31.897523,15.224969,0.090000,15.134969
87,-5.673162,-4.609520,-6.109520,-3.109520,informed,none,0.000000,3,31.897523,14.878039,0.090000,14.788039
88,-6.655443,-7.476970,-8.976970,-5.976970,informed,none,0.000000,3,31.897523,11.931195,0.090000,11.841195
89,-6.393333,-6.448253,-7.948253,-4.948253,noise,none,0.000000,3,31.897523,12.717525,0.090000,12.627525
90,-6.752397,-7.255024,-8.755024,-5.755024,informed,none,0.000000,3,31.897523,11.640331,0.090000,11.550331
91,-5.743440,-6.821155,-8.321155,-5.321155,noise,none,0.000000,3,31.897523,14.667204,0.090000,14.577204
92,-5.920305,-5.320339,-6.820339,-3.820339,noise,none,0.000000,3,31.897523,14.136610,0.090000,14.046610
93,-5.134803,-3.889122,-5.389122,-2.389122,noise,buy_from_mm,-2.389122,2,29.508401,19.238795,0.040000,19.198795
94,-4.133667,-4.950502,-6.450502,-3.450502,noise,sell_to_mm,-6.450502,3,35.958903,23.557901,0.090000,23.467901
95,-4.009231,-6.451588,-7.951588,-4.951588,noise,none,0.000000,3,35.958903,23.931211,0.090000,23.841211
96,-4.546128,-4.441006,-5.941006,-2.941006,informed,none,0.000000,3,35.958903,22.320520,0.090000,22.230520
97,-4.477781,-3.701143,-5.201143,-2.201143,noise,none,0.000000,3,35.958903,22.525560,0.090000,22.435560
98,-4.642597,-4.486294,-5.986294,-2.986294,informed,none,0.000000,3,35.958903,22.031111,0.090000,21.941111
99,-4.592410,-3.992495,-5.492495,-2.492495,noise,none,0.000000,3,35.958903,22.181673,0.090000,22.091673
100,-3.644302,-4.108883,-5.608883,-2.608883,informed,none,0.000000,3,35.958903,25.025997,0.090000,24.935997
101,-3.164507,-3.835040,-5.335040,-2.335040,noise,none,0.000000,3,35.958903,26.465381,0.090000,26.375381
102,-2.178592,-2.311592,-3.811592,-0.811592,informed,none,0.000000,3,35.958903,29.423127,0.090000,29.333127
103,-0.745641,-1.780267,-3.280267,-0.280267,informed,none,0.000000,3,35.958903,33.721981,0.090000,33.631981
104,-2.660577,-2.279309,-3.779309,-0.779309,informed,none,0.000000,3,35.958903,27.977173,0.090000,27.887173
105,-1.070049,0.012771,-1.487229,1.512771,noise,none,0.000000,3,35.958903,32.748756,0.090000,32.658756
106,-2.554802,-2.987703,-4.487703,-1.487703,noise,none,0.000000,3,35.958903,28.294498,0.090000,28.204498
107,-0.842124,-1.371721,-2.871721,0.128279,informed,none,0.000000,3,35.958903,33.432531,0.090000,33.342531
108,-2.292875,-2.096514,-3.596514,-0.596514,noise,none,0.000000,3,35.958903,29.080277,0.090000,28.990277
109,-2.371523,-2.379875,-3.879875,-0.879875,informed,none,0.000000,3,35.958903,28.844334,0.090000,28.754334
110,-3.000684,-3.027269,-4.527269,-1.527269,noise,none,0.000000,3,35.958903,26.956852,0.090000,26.866852
111,-3.208911,-2.772374,-4.272374,-1.272374,informed,none,0.000000,3,35.958903,26.332170,0.090000,26.242170
112,-1.133666,-3.391788,-4.891788,-1.891788,noise,buy_from_mm,-1.891788,2,34.067114,31.799782,0.040000,31.759782
113,0.039186,-0.271356,-1.771356,1.228644,noise,none,0.000000,2,34.067114,34.145486,0.040000,34.105486
114,-0.183735,-0.463206,-1.963206,1.036794,noise,none,0.000000,2,34.067114,33.699645,0.040000,33.659645
115,0.149049,-0.276320,-1.776320,1.223680,noise,none,0.000000,2,34.067114,34.365213,0.040000,34.325213
116,-1.820912,-0.825421,-2.325421,0.674579,informed,none,0.000000,2,34.067114,30.425290,0.040000,30.385290
117,-1.903260,-2.693268,-4.193268,-1.193268,noise,none,0.000000,2,34.067114,30.260594,0.040000,30.220594
118,-3.050346,-2.831485,-4.331485,-1.331485,noise,none,0.000000,2,34.067114,27.966422,0.040000,27.926422
119,-3.634656,-3.244270,-4.744270,-1.744270,informed,none,0.000000,2,34.067114,26.797802,0.040000,26.757802
120,-3.408704,-4.391522,-5.891522,-2.891522,informed,none,0.000000,2,34.067114,27.249706,0.040000,27.209706
121,-2.651861,-2.659264,-4.159264,-1.159264,noise,none,0.000000,2,34.067114,28.763393,0.040000,28.723393
122,-2.564590,-3.791618,-5.291618,-2.291618,informed,none,0.000000,2,34.067114,28.937934,0.040000,28.897934
123,-2.445184,-3.292523,-4.792523,-1.792523,noise,none,0.000000,2,34.067114,29.176746,0.040000,29.136746
124,-2.407108,-3.146475,-4.646475,-1.646475,informed,none,0.000000,2,34.067114,29.252898,0.040000,29.212898
125,-2.662729,-3.423606,-4.923606,-1.923606,informed,none,0.000000,2,34.067114,28.741656,0.040000,28.701656
126,-4.085511,-4.168957,-5.668957,-2.668957,noise,none,0.000000,2,34.067114,25.896093,0.040000,25.856093
127,-3.964575,-4.722772,-6.222772,-3.222772,informed,none,0.000000,2,34.067114,26.137965,0.040000,26.097965
128,-4.166260,-3.321233,-4.821233,-1.821233,noise,none,0.000000,2,34.067114,25.734595,0.040000,25.694595
129,-4.269148,-3.180224,-4.680224,-1.680224,noise,none,0.000000,2,34.067114,25.528818,0.040000,25.488818
130,-3.917744,-3.011419,-4.511419,-1.511419,noise,none,0.000000,2,34.067114,26.231626,0.040000,26.191626
131,-4.525902,-4.619574,-6.119574,-3.119574,noise,none,0.000000,2,34.067114,25.015310,0.040000,24.975310
132,-3.100860,-1.369338,-2.869338,0.130662,noise,none,0.000000,2,34.067114,27.865395,0.040000,27.825395
133,-1.849755,-0.433902,-1.933902,1.066098,informed,none,0.000000,2,34.067114,30.367604,0.040000,30.327604
134,-2.176727,-3.902220,-5.402220,-2.402220,noise,none,0.000000,2,34.067114,29.713661,0.040000,29.673661
135,-1.081292,-2.421349,-3.921349,-0.921349,noise,buy_from_mm,-0.921349,1,33.145765,32.064473,0.010000,32.054473
136,-1.851606,-2.553762,-4.053762,-1.053762,noise,none,0.000000,1,33.145765,31.294160,0.010000,31.284160
137,-1.050141,-1.531888,-3.031888,-0.031888,noise,none,0.000000,1,33.145765,32.095624,0.010000,32.085624
138,-1.253473,0.166923,-1.333077,1.666923,noise,none,0.000000,1,33.145765,31.892293,0.010000,31.882293
139,-1.563010,-0.604443,-2.104443,0.895557,noise,none,0.000000,1,33.145765,31.582755,0.010000,31.572755
140,-0.206178,0.349229,-1.150771,1.849229,noise,none,0.000000,1,33.145765,32.939587,0.010000,32.929587
141,-0.570516,-0.430290,-1.930290,1.069710,informed,none,0.000000,1,33.145765,32.575250,0.010000,32.565250
142,-0.365095,-1.130855,-2.630855,0.369145,informed,none,0.000000,1,33.145765,32.780670,0.010000,32.770670
143,1.691205,1.892584,0.392584,3.392584,informed,none,0.000000,1,33.145765,34.836971,0.010000,34.826971
144,1.201124,1.335116,-0.164884,2.835116,informed,none,0.000000,1,33.145765,34.346890,0.010000,34.336890
145,1.670727,1.016979,-0.483021,2.516979,noise,none,0.000000,1,33.145765,34.816492,0.010000,34.806492
146,2.861637,3.183396,1.683396,4.683396,noise,none,0.000000,1,33.145765,36.007403,0.010000,35.997403
147,4.086198,5.056678,3.556678,6.556678,informed,none,0.000000,1,33.145765,37.231963,0.010000,37.221963
148,5.450611,6.036857,4.536857,7.536857,noise,none,0.000000,1,33.145765,38.596376,0.010000,38.586376
149,4.884634,5.136976,3.636976,6.636976,noise,none,0.000000,1,33.145765,38.030399,0.010000,38.020399
150,4.652229,5.344715,3.844715,6.844715,noise,buy_from_mm,6.844715,0,39.990481,39.990481,0.000000,39.990481
151,4.559327,3.122025,1.622025,4.622025,noise,none,0.000000,0,39.990481,39.990481,0.000000,39.990481
152,2.791844,2.244101,0.744101,3.744101,noise,none,0.000000,0,39.990481,39.990481,0.000000,39.990481
153,3.268528,3.560121,2.060121,5.060121,informed,none,0.000000,0,39.990481,39.990481,0.000000,39.990481
154,3.460152,2.359048,0.859048,3.859048,noise,none,0.000000,0,39.990481,39.990481,0.000000,39.990481
155,4.414408,4.762345,3.262345,6.262345,noise,none,0.000000,0,39.990481,39.990481,0.000000,39.990481
156,4.295412,5.821579,4.321579,7.321579,noise,none,0.000000,0,39.990481,39.990481,0.000000,39.990481
157,3.609375,3.564275,2.064275,5.064275,noise,buy_from_mm,5.064275,-1,45.054755,41.445380,0.010000,41.435380
158,4.403777,3.966713,2.466713,5.466713,noise,none,0.000000,-1,45.054755,40.650978,0.010000,40.640978
159,4.420480,5.244166,3.744166,6.744166,noise,none,0.000000,-1,45.054755,40.634275,0.010000,40.624275
160,5.573697,4.463177,2.963177,5.963177,noise,none,0.000000,-1,45.054755,39.481058,0.010000,39.471058
161,3.913253,5.749193,4.249193,7.249193,informed,sell_to_mm,4.249193,0,40.805563,40.805563,0.000000,40.805563
162,3.626823,4.280489,2.780489,5.780489,noise,none,0.000000,0,40.805563,40.805563,0.000000,40.805563
163,2.617586,2.745896,1.245896,4.245896,noise,none,0.000000,0,40.805563,40.805563,0.000000,40.805563
164,2.750318,1.073658,-0.426342,2.573658,informed,buy_from_mm,2.573658,-1,43.379220,40.628902,0.010000,40.618902
165,2.174937,2.463123,0.963123,3.963123,noise,none,0.000000,-1,43.379220,41.204283,0.010000,41.194283
166,3.506847,3.598592,2.098592,5.098592,informed,none,0.000000,-1,43.379220,39.872373,0.010000,39.862373
167,2.176245,2.652339,1.152339,4.152339,noise,none,0.000000,-1,43.379220,41.202975,0.010000,41.192975
168,1.356944,3.809729,2.309729,5.309729,noise,none,0.000000,-1,43.379220,42.022277,0.010000,42.012277
169,2.936992,2.057755,0.557755,3.557755,informed,none,0.000000,-1,43.379220,40.442228,0.010000,40.432228
170,1.947055,3.042048,1.542048,4.542048,informed,none,0.000000,-1,43.379220,41.432165,0.010000,41.422165
171,2.852699,1.656543,0.156543,3.156543,noise,none,0.000000,-1,43.379220,40.526522,0.010000,40.516522
172,2.134064,-0.393119,-1.893119,1.106881,noise,none,0.000000,-1,43.379220,41.245156,0.010000,41.235156
173,2.017514,1.772136,0.272136,3.272136,informed,none,0.000000,-1,43.379220,41.361706,0.010000,41.351706
174,0.648897,-0.513672,-2.013672,0.986328,informed,none,0.000000,-1,43.379220,42.730324,0.010000,42.720324
175,1.032574,1.098536,-0.401464,2.598536,noise,buy_from_mm,2.598536,-2,45.977756,43.912608,0.040000,43.872608
176,0.834229,-1.131367,-2.631367,0.368633,noise,none,0.000000,-2,45.977756,44.309299,0.040000,44.269299
177,0.466397,0.034958,-1.465042,1.534958,informed,none,0.000000,-2,45.977756,45.044963,0.040000,45.004963
178,-0.493915,-2.125601,-3.625601,-0.625601,informed,buy_from_mm,-0.625601,-3,45.352156,46.833901,0.090000,46.743901
179,0.851588,-0.778772,-2.278772,0.721228,informed,buy_from_mm,0.721228,-4,46.073383,42.667031,0.160000,42.507031
180,1.617715,2.938323,1.438323,4.438323,noise,none,0.000000,-4,46.073383,39.602523,0.160000,39.442523
181,1.745079,1.537724,0.037724,3.037724,informed,none,0.000000,-4,46.073383,39.093068,0.160000,38.933068
182,2.903178,3.814158,2.314158,5.314158,noise,sell_to_mm,2.314158,-3,43.759225,35.049690,0.090000,34.959690
183,2.387738,0.875141,-0.624859,2.375141,informed,buy_from_mm,2.375141,-4,46.134366,36.583414,0.160000,36.423414
184,1.568973,1.583199,0.083199,3.083199,informed,none,0.000000,-4,46.134366,39.858475,0.160000,39.698475
185,1.682153,2.961074,1.461074,4.461074,noise,none,0.000000,-4,46.134366,39.405755,0.160000,39.245755
186,3.134698,0.618939,-0.881061,2.118939,noise,sell_to_mm,-0.881061,-3,47.015427,37.611333,0.090000,37.521333
187,4.095156,2.868773,1.368773,4.368773,informed,none,0.000000,-3,47.015427,34.729960,0.090000,34.639960
188,5.679949,4.335149,2.835149,5.835149,noise,none,0.000000,-3,47.015427,29.975579,0.090000,29.885579
189,6.824932,6.437238,4.937238,7.937238,informed,none,0.000000,-3,47.015427,26.540629,0.090000,26.450629
190,7.415965,6.548130,5.048130,8.048130,noise,none,0.000000,-3,47.015427,24.767532,0.090000,24.677532
191,7.159394,5.541136,4.041136,7.041136,noise,none,0.000000,-3,47.015427,25.537244,0.090000,25.447244
192,6.509351,6.775392,5.275392,8.275392,noise,none,0.000000,-3,47.015427,27.487373,0.090000,27.397373
193,7.450778,7.340743,5.840743,8.840743,noise,none,0.000000,-3,47.015427,24.663093,0.090000,24.573093
194,9.280102,9.410440,7.910440,10.910440,informed,none,0.000000,-3,47.015427,19.175121,0.090000,19.085121
195,8.277165,7.873355,6.373355,9.373355,noise,none,0.000000,-3,47.015427,22.183931,0.090000,22.093931
196,9.539964,9.157625,7.657625,10.657625,informed,none,0.000000,-3,47.015427,18.395535,0.090000,18.305535
197,9.388887,9.046797,7.546797,10.546797,noise,none,0.000000,-3,47.015427,18.848765,0.090000,18.758765
198,9.270648,9.311971,7.811971,10.811971,noise,none,0.000000,-3,47.015427,19.203483,0.090000,19.113483
199,10.175330,9.812046,8.312046,11.312046,noise,none,0.000000,-3,47.015427,16.489436,0.090000,16.399436
200,9.202715,8.753422,7.253422,10.253422,informed,none,0.000000,-3,47.015427,19.407282,0.090000,19.317282
201,10.422585,10.608984,9.108984,12.108984,noise,none,0.000000,-3,47.015427,15.747671,0.090000,15.657671
202,9.629702,11.165843,9.665843,12.665843,informed,sell_to_mm,9.665843,-2,37.349584,18.090179,0.040000,18.050179
203,11.155201,10.989068,9.489068,12.489068,noise,buy_from_mm,12.489068,-3,49.838652,16.373048,0.090000,16.283048
204,11.482433,13.053479,11.553479,14.553479,noise,sell_to_mm,11.553479,-2,38.285173,15.320307,0.040000,15.280307
205,12.548013,13.415879,11.915879,14.915879,noise,none,0.000000,-2,38.285173,13.189148,0.040000,13.149148
206,12.757994,15.070595,13.570595,16.570595,noise,sell_to_mm,13.570595,-1,24.714578,11.956584,0.010000,11.946584
207,12.900474,12.997060,11.497060,14.497060,informed,none,0.000000,-1,24.714578,11.814104,0.010000,11.804104
208,13.102348,13.565687,12.065687,15.065687,noise,buy_from_mm,15.065687,-2,39.780265,13.575569,0.040000,13.535569
209,15.524642,15.930519,14.430519,17.430519,noise,none,0.000000,-2,39.780265,8.730981,0.040000,8.690981
210,13.185894,13.478803,11.978803,14.978803,noise,buy_from_mm,14.978803,-3,54.759067,15.201386,0.090000,15.111386
211,13.042594,12.573152,11.073152,14.073152,noise,none,0.000000,-3,54.759067,15.631284,0.090000,15.541284
212,12.870698,11.276766,9.776766,12.776766,noise,none,0.000000,-3,54.759067,16.146973,0.090000,16.056973
213,12.418014,11.886855,10.386855,13.386855,informed,none,0.000000,-3,54.759067,17.505026,0.090000,17.415026
214,12.383042,12.981910,11.481910,14.481910,noise,buy_from_mm,14.481910,-4,69.240977,19.708811,0.160000,19.548811
215,14.029606,15.259657,13.759657,16.759657,noise,none,0.000000,-4,69.240977,13.122552,0.160000,12.962552
216,13.516646,12.083925,10.583925,13.583925,informed,none,0.000000,-4,69.240977,15.174395,0.160000,15.014395
217,13.791690,13.196616,11.696616,14.696616,noise,buy_from_mm,14.696616,-5,83.937593,14.979146,0.250000,14.729146
218,15.423870,16.037604,14.537604,17.537604,noise,sell_to_mm,14.537604,-4,69.399989,7.704509,0.160000,7.544509
219,16.673612,19.006904,17.506904,20.506904,informed,sell_to_mm,17.506904,-3,51.893085,1.872249,0.090000,1.782249
220,16.548140,16.281064,14.781064,17.781064,noise,none,0.000000,-3,51.893085,2.248665,0.090000,2.158665
221,16.092255,14.490178,12.990178,15.990178,noise,none,0.000000,-3,51.893085,3.616319,0.090000,3.526319
222,15.744629,15.583866,14.083866,17.083866,informed,none,0.000000,-3,51.893085,4.659199,0.090000,4.569199
223,16.458202,15.741387,14.241387,17.241387,noise,sell_to_mm,14.241387,-2,37.651699,4.735295,0.040000,4.695295
224,17.129132,14.695193,13.195193,16.195193,informed,buy_from_mm,16.195193,-3,53.846892,2.459494,0.090000,2.369494
225,15.907718,15.740821,14.240821,17.240821,informed,none,0.000000,-3,53.846892,6.123738,0.090000,6.033738
226,16.094547,16.440532,14.940532,17.940532,noise,none,0.000000,-3,53.846892,5.563251,0.090000,5.473251
227,15.018725,14.918913,13.418913,16.418913,noise,sell_to_mm,13.418913,-2,40.427978,10.390529,0.040000,10.350529
228,12.875881,12.649772,11.149772,14.149772,informed,none,0.000000,-2,40.427978,14.676217,0.040000,14.636217
229,13.598950,13.459867,11.959867,14.959867,noise,none,0.000000,-2,40.427978,13.230078,0.040000,13.190078
230,12.003499,13.345216,11.845216,14.845216,informed,none,0.000000,-2,40.427978,16.420980,0.040000,16.380980
231,12.331840,10.584132,9.084132,12.084132,informed,buy_from_mm,12.084132,-3,52.512111,15.516591,0.090000,15.426591
232,11.109620,10.404679,8.904679,11.904679,noise,none,0.000000,-3,52.512111,19.183252,0.090000,19.093252
233,10.714312,10.868384,9.368384,12.368384,noise,sell_to_mm,9.368384,-2,43.143726,21.715103,0.040000,21.675103
234,9.377451,8.511128,7.011128,10.011128,noise,none,0.000000,-2,43.143726,24.388824,0.040000,24.348824
235,9.464864,7.657454,6.157454,9.157454,informed,buy_from_mm,9.157454,-3,52.301180,23.906588,0.090000,23.816588
236,8.031479,6.452118,4.952118,7.952118,informed,buy_from_mm,7.952118,-4,60.253298,28.127380,0.160000,27.967380
237,7.313918,6.762714,5.262714,8.262714,informed,none,0.000000,-4,60.253298,30.997627,0.160000,30.837627
238,6.569990,6.659541,5.159541,8.159541,noise,buy_from_mm,8.159541,-5,68.412838,35.562888,0.250000,35.312888
239,6.536681,6.229658,4.729658,7.729658,noise,buy_from_mm,7.729658,-6,76.142496,36.922413,0.360000,36.562413
240,7.448782,7.745178,6.245178,9.245178,noise,buy_from_mm,9.245178,-7,85.387675,33.246201,0.490000,32.756201
241,7.186007,7.494860,5.994860,8.994860,noise,none,0.000000,-7,85.387675,35.085628,0.490000,34.595628
242,6.496135,5.065903,3.565903,6.565903,informed,none,0.000000,-7,85.387675,39.914729,0.490000,39.424729
243,5.921965,5.072215,3.572215,6.572215,informed,none,0.000000,-7,85.387675,43.933919,0.490000,43.443919
244,7.480799,7.378909,5.878909,8.878909,informed,none,0.000000,-7,85.387675,33.022084,0.490000,32.532084
245,7.176495,7.722997,6.222997,9.222997,noise,none,0.000000,-7,85.387675,35.152211,0.490000,34.662211
246,6.713596,5.660406,4.160406,7.160406,noise,none,0.000000,-7,85.387675,38.392504,0.490000,37.902504
247,6.977800,7.018018,5.518018,8.518018,noise,none,0.000000,-7,85.387675,36.543078,0.490000,36.053078
248,5.956825,7.546169,6.046169,9.046169,noise,none,0.000000,-7,85.387675,43.689899,0.490000,43.199899
249,6.644774,5.748692,4.248692,7.248692,noise,none,0.000000,-7,85.387675,38.874256,0.490000,38.384256
250,5.273773,4.494757,2.994757,5.994757,noise,none,0.000000,-7,85.387675,48.471263,0.490000,47.981263
251,3.901887,3.167245,1.667245,4.667245,noise,none,0.000000,-7,85.387675,58.074465,0.490000,57.584465
252,2.917130,1.788043,0.288043,3.288043,informed,none,0.000000,-7,85.387675,64.967767,0.490000,64.477767
253,3.630222,3.491070,1.991070,4.991070,noise,none,0.000000,-7,85.387675,59.976123,0.490000,59.486123
254,4.149826,4.779886,3.279886,6.279886,noise,none,0.000000,-7,85.387675,56.338890,0.490000,55.848890
255,4.873532,5.294390,3.794390,6.794390,informed,none,0.000000,-7,85.387675,51.272948,0.490000,50.782948
256,5.510822,5.563468,4.063468,7.063468,noise,none,0.000000,-7,85.387675,46.811924,0.490000,46.321924
257,7.319242,7.200733,5.700733,8.700733,informed,none,0.000000,-7,85.387675,34.152984,0.490000,33.662984
258,7.005552,7.855621,6.355621,9.355621,informed,none,0.000000,-7,85.387675,36.348810,0.490000,35.858810
259,8.548667,8.204769,6.704769,9.704769,noise,none,0.000000,-7,85.387675,25.547006,0.490000,25.057006
260,8.117131,7.895946,6.395946,9.395946,noise,none,0.000000,-7,85.387675,28.567760,0.490000,28.077760
261,9.167468,8.670704,7.170704,10.170704,informed,none,0.000000,-7,85.387675,21.215396,0.490000,20.725396
262,8.602274,8.955972,7.455972,10.455972,informed,none,0.000000,-7,85.387675,25.171759,0.490000,24.681759
263,9.610034,10.961447,9.461447,12.461447,informed,none,0.000000,-7,85.387675,18.117438,0.490000,17.627438
264,8.267723,7.679998,6.179998,9.179998,informed,none,0.000000,-7,85.387675,27.513611,0.490000,27.023611
265,7.606811,6.003041,4.503041,7.503041,noise,sell_to_mm,4.503041,-6,80.884634,35.243765,0.360000,34.883765
266,8.467864,5.233092,3.733092,6.733092,noise,none,0.000000,-6,80.884634,30.077450,0.360000,29.717450
267,7.299397,7.385896,5.885896,8.885896,noise,none,0.000000,-6,80.884634,37.088254,0.360000,36.728254
268,6.570114,6.591090,5.091090,8.091090,informed,none,0.000000,-6,80.884634,41.463952,0.360000,41.103952
269,8.368133,7.365727,5.865727,8.865727,noise,none,0.000000,-6,80.884634,30.675834,0.360000,30.315834
270,9.607808,9.074061,7.574061,10.574061,noise,none,0.000000,-6,80.884634,23.237783,0.360000,22.877783
271,8.449970,7.377088,5.877088,8.877088,noise,none,0.000000,-6,80.884634,30.184816,0.360000,29.824816
272,6.832000,5.929381,4.429381,7.429381,noise,none,0.000000,-6,80.884634,39.892633,0.360000,39.532633
273,6.828764,7.684842,6.184842,9.184842,noise,sell_to_mm,6.184842,-5,74.699791,40.555971,0.250000,40.305971
274,7.031132,6.719974,5.219974,8.219974,noise,none,0.000000,-5,74.699791,39.544134,0.250000,39.294134
275,7.279273,7.220582,5.720582,8.720582,noise,none,0.000000,-5,74.699791,38.303425,0.250000,38.053425
276,7.626968,8.758436,7.258436,10.258436,noise,buy_from_mm,10.258436,-6,84.958227,39.196418,0.360000,38.836418
277,8.159262,8.244336,6.744336,9.744336,noise,buy_from_mm,9.744336,-7,94.702563,37.587726,0.490000,37.097726
278,5.962378,7.374736,5.874736,8.874736,noise,none,0.000000,-7,94.702563,52.965920,0.490000,52.475920
279,5.567964,4.664284,3.164284,6.164284,informed,none,0.000000,-7,94.702563,55.726814,0.490000,55.236814
280,6.043873,5.562827,4.062827,7.062827,informed,none,0.000000,-7,94.702563,52.395451,0.490000,51.905451
281,6.305155,7.296492,5.796492,8.796492,informed,none,0.000000,-7,94.702563,50.566475,0.490000,50.076475
282,4.679531,4.519795,3.019795,6.019795,informed,none,0.000000,-7,94.702563,61.945846,0.490000,61.455846
283,6.081637,6.114141,4.614141,7.614141,noise,buy_from_mm,7.614141,-8,102.316704,53.663608,0.640000,53.023608
284,6.847110,6.082846,4.582846,7.582846,informed,none,0.000000,-8,102.316704,47.539824,0.640000,46.899824
285,6.091046,6.761307,5.261307,8.261307,noise,none,0.000000,-8,102.316704,53.588337,0.640000,52.948337
286,5.919560,7.395280,5.895280,8.895280,noise,buy_from_mm,8.895280,-9,111.211984,57.935944,0.810000,57.125944
287,4.093679,3.824248,2.324248,5.324248,informed,none,0.000000,-9,111.211984,74.368876,0.810000,73.558876
288,4.493026,3.668930,2.168930,5.168930,noise,none,0.000000,-9,111.211984,70.774753,0.810000,69.964753
289,4.362815,2.075410,0.575410,3.575410,noise,none,0.000000,-9,111.211984,71.946645,0.810000,71.136645
290,4.752374,5.858284,4.358284,7.358284,informed,none,0.000000,-9,111.211984,68.440616,0.810000,67.630616
291,4.295655,5.435537,3.935537,6.935537,noise,none,0.000000,-9,111.211984,72.551091,0.810000,71.741091
292,5.829919,5.642089,4.142089,7.142089,noise,buy_from_mm,7.142089,-10,118.354072,60.054886,1.000000,59.054886
293,7.539601,6.116643,4.616643,7.616643,noise,none,0.000000,-10,118.354072,42.958066,1.000000,41.958066
294,6.817862,6.323888,4.823888,7.823888,noise,none,0.000000,-10,118.354072,50.175456,1.000000,49.175456
295,5.995672,4.772688,3.272688,6.272688,informed,none,0.000000,-10,118.354072,58.397348,1.000000,57.397348
296,7.882577,7.125556,5.625556,8.625556,noise,none,0.000000,-10,118.354072,39.528299,1.000000,38.528299
297,8.291009,6.909835,5.409835,8.409835,informed,none,0.000000,-10,118.354072,35.443980,1.000000,34.443980
298,10.578015,9.921838,8.421838,11.421838,noise,none,0.000000,-10,118.354072,12.573921,1.000000,11.573921
299,10.547904,12.422458,10.922458,13.922458,noise,none,0.000000,-10,118.354072,12.875034,1.000000,11.875034
300,8.638957,11.347541,9.847541,12.847541,informed,sell_to_mm,9.847541,-9,108.506531,30.755921,0.810000,29.945921
301,9.038131,10.314285,8.814285,11.814285,noise,none,0.000000,-9,108.506531,27.163348,0.810000,26.353348
302,8.362450,8.593833,7.093833,10.093833,noise,sell_to_mm,7.093833,-8,101.412698,34.513101,0.640000,33.873101
303,7.502091,8.586362,7.086362,10.086362,informed,none,0.000000,-8,101.412698,41.395969,0.640000,40.755969
304,7.991752,8.035147,6.535147,9.535147,informed,none,0.000000,-8,101.412698,37.478683,0.640000,36.838683
305,9.209617,7.553379,6.053379,9.053379,noise,buy_from_mm,9.053379,-9,110.466077,27.579528,0.810000,26.769528
306,9.927026,9.076683,7.576683,10.576683,noise,none,0.000000,-9,110.466077,21.122843,0.810000,20.312843
307,9.360159,9.512098,8.012098,11.012098,noise,none,0.000000,-9,110.466077,26.224647,0.810000,25.414647
308,9.453508,8.651339,7.151339,10.151339,noise,none,0.000000,-9,110.466077,25.384507,0.810000,24.574507
309,8.713803,8.451496,6.951496,9.951496,informed,none,0.000000,-9,110.466077,32.041853,0.810000,31.231853
310,8.234837,9.659304,8.159304,11.159304,informed,none,0.000000,-9,110.466077,36.352541,0.810000,35.542541
311,7.615001,8.186281,6.686281,9.686281,noise,none,0.000000,-9,110.466077,41.931065,0.810000,41.121065
312,6.549050,5.511484,4.011484,7.011484,noise,none,0.000000,-9,110.466077,51.524625,0.810000,50.714625
313,6.694367,8.932083,7.432083,10.432083,informed,sell_to_mm,7.432083,-8,103.033994,49.479060,0.640000,48.839060
314,7.069440,7.175906,5.675906,8.675906,noise,buy_from_mm,8.675906,-9,111.709900,48.084943,0.810000,47.274943
315,6.470996,5.700265,4.200265,7.200265,noise,none,0.000000,-9,111.709900,53.470933,0.810000,52.660933
316,6.879350,7.871782,6.371782,9.371782,noise,none,0.000000,-9,111.709900,49.795754,0.810000,48.985754
317,8.041937,9.312258,7.812258,10.812258,noise,none,0.000000,-9,111.709900,39.332465,0.810000,38.522465
318,8.004567,5.902976,4.402976,7.402976,informed,buy_from_mm,7.402976,-10,119.112876,39.067202,1.000000,38.067202
319,7.530595,6.215458,4.715458,7.715458,informed,none,0.000000,-10,119.112876,43.806925,1.000000,42.806925
320,8.099285,7.106679,5.606679,8.606679,noise,none,0.000000,-10,119.112876,38.120029,1.000000,37.120029
321,8.957781,9.229323,7.729323,10.729323,noise,none,0.000000,-10,119.112876,29.535069,1.000000,28.535069
322,9.858061,10.313781,8.813781,11.813781,informed,none,0.000000,-10,119.112876,20.532266,1.000000,19.532266
323,10.626531,10.982109,9.482109,12.482109,informed,none,0.000000,-10,119.112876,12.847561,1.000000,11.847561
324,12.005674,11.854612,10.354612,13.354612,noise,none,0.000000,-10,119.112876,-0.943861,1.000000,-1.943861
325,11.434857,11.561313,10.061313,13.061313,noise,none,0.000000,-10,119.112876,4.764304,1.000000,3.764304
326,11.221681,11.323850,9.823850,12.823850,noise,sell_to_mm,9.823850,-9,109.289026,8.293899,0.810000,7.483899
327,10.866556,10.635084,9.135084,12.135084,noise,none,0.000000,-9,109.289026,11.490021,0.810000,10.680021
328,11.173261,10.920572,9.420572,12.420572,noise,none,0.000000,-9,109.289026,8.729678,0.810000,7.919678
329,11.943901,11.637516,10.137516,13.137516,noise,none,0.000000,-9,109.289026,1.793914,0.810000,0.983914
330,12.057928,13.069099,11.569099,14.569099,noise,none,0.000000,-9,109.289026,0.767670,0.810000,-0.042330
331,11.404872,11.754951,10.254951,13.254951,informed,none,0.000000,-9,109.289026,6.645176,0.810000,5.835176
332,11.185101,9.604796,8.104796,11.104796,noise,sell_to_mm,8.104796,-8,101.184230,11.703423,0.640000,11.063423
333,11.094193,13.156560,11.656560,14.656560,informed,sell_to_mm,11.656560,-7,89.527670,11.868319,0.490000,11.378319
334,11.407020,10.509410,9.009410,12.009410,noise,none,0.000000,-7,89.527670,9.678532,0.490000,9.188532
335,11.158098,10.519212,9.019212,12.019212,informed,none,0.000000,-7,89.527670,11.420986,0.490000,10.930986
336,10.723472,11.511490,10.011490,13.011490,noise,sell_to_mm,10.011490,-6,79.516180,15.175350,0.360000,14.815350
337,10.020060,8.972423,7.472423,10.472423,informed,none,0.000000,-6,79.516180,19.395817,0.360000,19.035817
338,9.646920,8.861578,7.361578,10.361578,noise,sell_to_mm,7.361578,-5,72.154602,23.920001,0.250000,23.670001
339,9.517699,9.769882,8.269882,11.269882,noise,buy_from_mm,11.269882,-6,83.424484,26.318291,0.360000,25.958291
340,8.395377,8.415330,6.915330,9.915330,noise,none,0.000000,-6,83.424484,33.052224,0.360000,32.692224
341,8.626259,8.529239,7.029239,10.029239,noise,none,0.000000,-6,83.424484,31.666931,0.360000,31.306931
342,8.700312,7.832087,6.332087,9.332087,noise,none,0.000000,-6,83.424484,31.222614,0.360000,30.862614
343,8.650616,9.272575,7.772575,10.772575,noise,none,0.000000,-6,83.424484,31.520788,0.360000,31.160788
344,8.480303,8.607459,7.107459,10.107459,noise,none,0.000000,-6,83.424484,32.542668,0.360000,32.182668
345,8.840216,8.679050,7.179050,10.179050,noise,none,0.000000,-6,83.424484,30.383189,0.360000,30.023189
346,6.889112,7.256209,5.756209,8.756209,noise,none,0.000000,-6,83.424484,42.089814,0.360000,41.729814
347,6.975020,6.979572,5.479572,8.479572,noise,sell_to_mm,5.479572,-5,77.944912,43.069815,0.250000,42.819815
348,6.149433,5.228908,3.728908,6.728908,noise,none,0.000000,-5,77.944912,47.197746,0.250000,46.947746
349,5.487749,6.403023,4.903023,7.903023,informed,none,0.000000,-5,77.944912,50.506166,0.250000,50.256166
350,5.223906,4.567103,3.067103,6.067103,noise,none,0.000000,-5,77.944912,51.825382,0.250000,51.575382
351,5.707080,4.835038,3.335038,6.335038,noise,buy_from_mm,6.335038,-6,84.279950,50.037468,0.360000,49.677468
352,5.909383,7.930871,6.430871,9.430871,noise,none,0.000000,-6,84.279950,48.823654,0.360000,48.463654
353,6.647520,6.541779,5.041779,8.041779,informed,none,0.000000,-6,84.279950,44.394829,0.360000,44.034829
354,6.162357,7.013560,5.513560,8.513560,noise,none,0.000000,-6,84.279950,47.305809,0.360000,46.945809
355,5.545833,5.597230,4.097230,7.097230,noise,none,0.000000,-6,84.279950,51.004952,0.360000,50.644952
356,3.143048,2.909016,1.409016,4.409016,informed,none,0.000000,-6,84.279950,65.421664,0.360000,65.061664
357,1.575371,2.548133,1.048133,4.048133,noise,none,0.000000,-6,84.279950,74.827725,0.360000,74.467725
358,2.741806,5.609493,4.109493,7.109493,informed,sell_to_mm,4.109493,-5,80.170457,66.461427,0.250000,66.211427
359,2.509704,2.708122,1.208122,4.208122,informed,none,0.000000,-5,80.170457,67.621938,0.250000,67.371938
360,3.282900,4.156421,2.656421,5.656421,noise,buy_from_mm,5.656421,-6,85.826879,66.129480,0.360000,65.769480
361,2.454874,2.020841,0.520841,3.520841,informed,none,0.000000,-6,85.826879,71.097634,0.360000,70.737634
362,2.867847,2.273622,0.773622,3.773622,informed,none,0.000000,-6,85.826879,68.619795,0.360000,68.259795
363,2.158764,2.909055,1.409055,4.409055,noise,buy_from_mm,4.409055,-7,90.235934,75.124583,0.490000,74.634583
364,1.428332,1.578959,0.078959,3.078959,noise,none,0.000000,-7,90.235934,80.237610,0.490000,79.747610
365,-0.950196,-0.596540,-2.096540,0.903460,noise,buy_from_mm,0.903460,-8,91.139393,98.740965,0.640000,98.100965
366,-0.965359,-1.323006,-2.823006,0.176994,informed,none,0.000000,-8,91.139393,98.862265,0.640000,98.222265
367,-0.859383,0.089154,-1.410846,1.589154,informed,none,0.000000,-8,91.139393,98.014455,0.640000,97.374455
368,-1.722047,-2.466850,-3.966850,-0.966850,informed,none,0.000000,-8,91.139393,104.915773,0.640000,104.275773
369,-2.158772,0.763916,-0.736084,2.263916,noise,none,0.000000,-8,91.139393,108.409573,0.640000,107.769573
370,-1.339385,-2.377111,-3.877111,-0.877111,informed,none,0.000000,-8,91.139393,101.854476,0.640000,101.214476
371,-2.340768,-3.547632,-5.047632,-2.047632,informed,none,0.000000,-8,91.139393,109.865541,0.640000,109.225541
372,-3.461059,-4.205068,-5.705068,-2.705068,noise,none,0.000000,-8,91.139393,118.827862,0.640000,118.187862
373,-2.387904,-3.015294,-4.515294,-1.515294,informed,none,0.000000,-8,91.139393,110.242624,0.640000,109.602624
374,-1.096588,-0.454401,-1.954401,1.045599,noise,buy_from_mm,1.045599,-9,92.184992,102.054286,0.810000,101.244286
375,-3.078255,-2.153208,-3.653208,-0.653208,noise,none,0.000000,-9,92.184992,119.889285,0.810000,119.079285
376,-2.523412,-2.742004,-4.242004,-1.242004,informed,none,0.000000,-9,92.184992,114.895698,0.810000,114.085698
377,-4.620454,-6.295977,-7.795977,-4.795977,informed,buy_from_mm,-4.795977,-10,87.389016,133.593555,1.000000,132.593555
378,-3.571721,-4.059662,-5.559662,-2.559662,informed,none,0.000000,-10,87.389016,123.106224,1.000000,122.106224
379,-1.959921,-2.167420,-3.667420,-0.667420,informed,none,0.000000,-10,87.389016,106.988227,1.000000,105.988227
380,-1.814314,-1.405611,-2.905611,0.094389,informed,none,0.000000,-10,87.389016,105.532158,1.000000,104.532158
381,-1.284620,-2.660823,-4.160823,-1.160823,noise,none,0.000000,-10,87.389016,100.235213,1.000000,99.235213
382,-1.281695,-1.126542,-2.626542,0.373458,noise,none,0.000000,-10,87.389016,100.205970,1.000000,99.205970
383,-0.103128,1.802605,0.302605,3.302605,noise,none,0.000000,-10,87.389016,88.420293,1.000000,87.420293
384,0.202408,-1.462785,-2.962785,0.037215,informed,buy_from_mm,0.037215,-11,87.426231,85.199747,1.210000,83.989747
385,0.896109,1.851397,0.351397,3.351397,informed,none,0.000000,-11,87.426231,77.569034,1.210000,76.359034
386,-0.712494,-0.274465,-1.774465,1.225535,noise,none,0.000000,-11,87.426231,95.263660,1.210000,94.053660
387,-0.391048,-1.832507,-3.332507,-0.332507,informed,none,0.000000,-11,87.426231,91.727753,1.210000,90.517753
388,0.355888,-0.364209,-1.864209,1.135791,noise,none,0.000000,-11,87.426231,83.511464,1.210000,82.301464
389,0.550132,0.408574,-1.091426,1.908574,noise,none,0.000000,-11,87.426231,81.374775,1.210000,80.164775
390,-0.015957,-1.361578,-2.861578,0.138422,noise,none,0.000000,-11,87.426231,87.601757,1.210000,86.391757
391,0.026819,0.972976,-0.527024,2.472976,noise,buy_from_mm,2.472976,-12,89.899206,89.577384,1.440000,88.137384
392,-1.111496,-0.155736,-1.655736,1.344264,noise,none,0.000000,-12,89.899206,103.237160,1.440000,101.797160
393,-1.162292,-1.011881,-2.511881,0.488119,noise,buy_from_mm,0.488119,-13,90.387325,105.497117,1.690000,103.807117
394,-1.174198,-2.184043,-3.684043,-0.684043,informed,none,0.000000,-13,90.387325,105.651896,1.690000,103.961896
395,-0.094151,-1.091233,-2.591233,0.408767,informed,none,0.000000,-13,90.387325,91.611293,1.690000,89.921293
396,1.715630,3.005976,1.505976,4.505976,noise,none,0.000000,-13,90.387325,68.084139,1.690000,66.394139
397,3.356841,2.922291,1.422291,4.422291,noise,buy_from_mm,4.422291,-14,94.809617,47.813847,1.960000,45.853847
398,4.416582,4.803477,3.303477,6.303477,informed,none,0.000000,-14,94.809617,32.977471,1.960000,31.017471
399,4.297621,6.039000,4.539000,7.539000,noise,none,0.000000,-14,94.809617,34.642920,1.960000,32.682920
400,5.333521,4.011820,2.511820,5.511820,informed,none,0.000000,-14,94.809617,20.140329,1.960000,18.180329
401,4.774749,5.393233,3.893233,6.893233,informed,none,0.000000,-14,94.809617,27.963132,1.960000,26.003132
402,6.577462,6.692166,5.192166,8.192166,informed,none,0.000000,-14,94.809617,2.725148,1.960000,0.765148
403,6.535564,6.032211,4.532211,7.532211,noise,buy_from_mm,7.532211,-15,102.341828,4.308364,2.250000,2.058364
404,6.793278,6.506419,5.006419,8.006419,informed,none,0.000000,-15,102.341828,0.442654,2.250000,-1.807346
405,5.394499,7.419421,5.919421,8.919421,noise,none,0.000000,-15,102.341828,21.424347,2.250000,19.174347
406,5.564300,6.050388,4.550388,7.550388,noise,none,0.000000,-15,102.341828,18.877335,2.250000,16.627335
407,5.249721,6.635480,5.135480,8.135480,noise,none,0.000000,-15,102.341828,23.596013,2.250000,21.346013
408,4.863199,5.986890,4.486890,7.486890,informed,none,0.000000,-15,102.341828,29.393849,2.250000,27.143849
409,4.646471,4.241006,2.741006,5.741006,noise,sell_to_mm,2.741006,-14,99.600822,34.550232,1.960000,32.590232
410,5.762692,3.988591,2.488591,5.488591,noise,buy_from_mm,5.488591,-15,105.089413,18.649040,2.250000,16.399040
411,5.819687,4.706663,3.206663,6.206663,informed,none,0.000000,-15,105.089413,17.794107,2.250000,15.544107
412,7.087129,6.520734,5.020734,8.020734,noise,none,0.000000,-15,105.089413,-1.217522,2.250000,-3.467522
413,7.113061,7.912239,6.412239,9.412239,noise,none,0.000000,-15,105.089413,-1.606503,2.250000,-3.856503
414,6.981874,6.179082,4.679082,7.679082,noise,sell_to_mm,4.679082,-14,100.410332,2.664089,1.960000,0.704089
415,7.402178,5.318870,3.818870,6.818870,noise,none,0.000000,-14,100.410332,-3.220156,1.960000,-5.180156
416,7.088176,8.540294,7.040294,10.040294,informed,none,0.000000,-14,100.410332,1.175874,1.960000,-0.784126
417,8.437086,6.962776,5.462776,8.462776,informed,none,0.000000,-14,100.410332,-17.708867,1.960000,-19.668867
418,8.760228,8.241597,6.741597,9.741597,noise,none,0.000000,-14,100.410332,-22.232861,1.960000,-24.192861
419,9.282775,8.535917,7.035917,10.035917,noise,none,0.000000,-14,100.410332,-29.548523,1.960000,-31.508523
420,9.967052,10.798128,9.298128,12.298128,informed,none,0.000000,-14,100.410332,-39.128400,1.960000,-41.088400
421,9.845733,10.078499,8.578499,11.578499,noise,none,0.000000,-14,100.410332,-37.429926,1.960000,-39.389926
422,11.128727,11.892377,10.392377,13.392377,informed,none,0.000000,-14,100.410332,-55.391840,1.960000,-57.351840
423,10.775619,10.494623,8.994623,11.994623,informed,none,0.000000,-14,100.410332,-50.448332,1.960000,-52.408332
424,11.001319,12.063607,10.563607,13.563607,noise,none,0.000000,-14,100.410332,-53.608135,1.960000,-55.568135
425,8.984235,9.319457,7.819457,10.819457,informed,none,0.000000,-14,100.410332,-25.368952,1.960000,-27.328952
426,9.427595,8.841612,7.341612,10.341612,noise,none,0.000000,-14,100.410332,-31.576002,1.960000,-33.536002
427,10.756485,12.228334,10.728334,13.728334,noise,none,0.000000,-14,100.410332,-50.180464,1.960000,-52.140464
428,10.125278,8.714325,7.214325,10.214325,noise,none,0.000000,-14,100.410332,-41.343566,1.960000,-43.303566
429,10.212178,11.153789,9.653789,12.653789,informed,none,0.000000,-14,100.410332,-42.560160,1.960000,-44.520160
430,10.608567,9.614410,8.114410,11.114410,noise,none,0.000000,-14,100.410332,-48.109602,1.960000,-50.069602
431,9.713175,10.990248,9.490248,12.490248,informed,none,0.000000,-14,100.410332,-35.574123,1.960000,-37.534123
432,10.486864,8.723480,7.223480,10.223480,noise,none,0.000000,-14,100.410332,-46.405769,1.960000,-48.365769
433,10.830072,11.203762,9.703762,12.703762,noise,none,0.000000,-14,100.410332,-51.210676,1.960000,-53.170676
434,10.987642,10.439974,8.939974,11.939974,noise,buy_from_mm,11.939974,-15,112.350305,-52.464322,2.250000,-54.714322
435,9.742559,11.412466,9.912466,12.912466,noise,none,0.000000,-15,112.350305,-33.788078,2.250000,-36.038078
436,9.821993,10.607249,9.107249,12.107249,noise,buy_from_mm,12.107249,-16,124.457554,-32.694341,2.560000,-35.254341
437,9.576358,10.721424,9.221424,12.221424,informed,none,0.000000,-16,124.457554,-28.764178,2.560000,-31.324178
438,10.799941,9.789419,8.289419,11.289419,noise,none,0.000000,-16,124.457554,-48.341509,2.560000,-50.901509
439,9.717051,10.542593,9.042593,12.042593,noise,sell_to_mm,9.042593,-15,115.414962,-30.340804,2.250000,-32.590804
440,10.575781,9.906882,8.406882,11.406882,informed,none,0.000000,-15,115.414962,-43.221746,2.250000,-45.471746
441,9.915627,8.227058,6.727058,9.727058,noise,none,0.000000,-15,115.414962,-33.319451,2.250000,-35.569451
442,10.139220,9.696806,8.196806,11.196806,informed,none,0.000000,-15,115.414962,-36.673334,2.250000,-38.923334
443,12.145526,11.770618,10.270618,13.270618,noise,buy_from_mm,13.270618,-16,128.685579,-65.642842,2.560000,-68.202842
444,11.712750,12.677288,11.177288,14.177288,informed,none,0.000000,-16,128.685579,-58.718427,2.560000,-61.278427
445,9.845899,10.697284,9.197284,12.197284,noise,sell_to_mm,9.197284,-15,119.488295,-28.200183,2.250000,-30.450183
446,12.041073,12.612852,11.112852,14.112852,noise,none,0.000000,-15,119.488295,-61.127801,2.250000,-63.377801
447,13.481559,10.817498,9.317498,12.317498,noise,none,0.000000,-15,119.488295,-82.735092,2.250000,-84.985092
448,14.891717,14.406508,12.906508,15.906508,noise,none,0.000000,-15,119.488295,-103.887461,2.250000,-106.137461
449,13.718328,13.400989,11.900989,14.900989,informed,none,0.000000,-15,119.488295,-86.286624,2.250000,-88.536624
450,13.458166,13.212843,11.712843,14.712843,noise,sell_to_mm,11.712843,-14,107.775452,-80.638877,1.960000,-82.598877
451,12.966374,13.552489,12.052489,15.052489,noise,none,0.000000,-14,107.775452,-73.753783,1.960000,-75.713783
452,13.190418,13.449592,11.949592,14.949592,noise,none,0.000000,-14,107.775452,-76.890403,1.960000,-78.850403
453,14.397696,14.089414,12.589414,15.589414,noise,none,0.000000,-14,107.775452,-93.792295,1.960000,-95.752295
454,14.516617,15.027350,13.527350,16.527350,informed,none,0.000000,-14,107.775452,-95.457182,1.960000,-97.417182
455,14.609221,14.219707,12.719707,15.719707,informed,none,0.000000,-14,107.775452,-96.753640,1.960000,-98.713640
456,15.894839,16.017901,14.517901,17.517901,informed,none,0.000000,-14,107.775452,-114.752300,1.960000,-116.712300
457,16.163511,16.715950,15.215950,18.215950,noise,none,0.000000,-14,107.775452,-118.513703,1.960000,-120.473703
458,16.743242,17.617783,16.117783,19.117783,informed,none,0.000000,-14,107.775452,-126.629935,1.960000,-128.589935
459,13.284494,13.803626,12.303626,15.303626,noise,sell_to_mm,12.303626,-13,95.471826,-77.226601,1.690000,-78.916601
460,13.806976,14.193374,12.693374,15.693374,noise,none,0.000000,-13,95.471826,-84.018867,1.690000,-85.708867
461,12.940019,13.752012,12.252012,15.252012,informed,none,0.000000,-13,95.471826,-72.748424,1.690000,-74.438424
462,12.155968,12.320825,10.820825,13.820825,informed,none,0.000000,-13,95.471826,-62.555764,1.690000,-64.245764
463,13.713392,13.311524,11.811524,14.811524,noise,none,0.000000,-13,95.471826,-82.802267,1.690000,-84.492267
464,12.805140,13.006217,11.506217,14.506217,noise,none,0.000000,-13,95.471826,-70.994994,1.690000,-72.684994
465,12.013139,12.227367,10.727367,13.727367,noise,sell_to_mm,10.727367,-12,84.744460,-59.413205,1.440000,-60.853205
466,11.922675,11.507676,10.007676,13.007676,informed,none,0.000000,-12,84.744460,-58.327639,1.440000,-59.767639
467,10.883257,10.078411,8.578411,11.578411,noise,none,0.000000,-12,84.744460,-45.854629,1.440000,-47.294629
468,10.700953,10.049651,8.549651,11.549651,informed,none,0.000000,-12,84.744460,-43.666974,1.440000,-45.106974
469,10.855017,8.848706,7.348706,10.348706,informed,buy_from_mm,10.348706,-13,95.093166,-46.022054,1.690000,-47.712054
470,10.512047,10.913276,9.413276,12.413276,noise,none,0.000000,-13,95.093166,-41.563451,1.690000,-43.253451
471,8.861186,9.564893,8.064893,11.064893,noise,none,0.000000,-13,95.093166,-20.102247,1.690000,-21.792247
472,9.903366,9.113302,7.613302,10.613302,noise,buy_from_mm,10.613302,-14,105.706468,-32.940655,1.960000,-34.900655
473,10.116475,9.896250,8.396250,11.396250,noise,none,0.000000,-14,105.706468,-35.924179,1.960000,-37.884179
474,9.464939,10.956576,9.456576,12.456576,informed,none,0.000000,-14,105.706468,-26.802676,1.960000,-28.762676
475,8.208055,8.322918,6.822918,9.822918,informed,none,0.000000,-14,105.706468,-9.206296,1.960000,-11.166296
476,8.484319,7.724683,6.224683,9.224683,informed,none,0.000000,-14,105.706468,-13.074000,1.960000,-15.034000
477,8.526538,9.431954,7.931954,10.931954,informed,none,0.000000,-14,105.706468,-13.665059,1.960000,-15.625059
478,7.343736,9.027821,7.527821,10.527821,noise,none,0.000000,-14,105.706468,2.894171,1.960000,0.934171
479,7.102261,7.734074,6.234074,9.234074,noise,none,0.000000,-14,105.706468,6.274809,1.960000,4.314809
480,6.011067,5.492862,3.992862,6.992862,informed,none,0.000000,-14,105.706468,21.551534,1.960000,19.591534
481,6.969538,6.947280,5.447280,8.447280,noise,none,0.000000,-14,105.706468,8.132939,1.960000,6.172939
482,5.917241,6.363277,4.863277,7.863277,noise,sell_to_mm,4.863277,-13,100.843191,23.919063,1.690000,22.229063
483,7.127516,5.882195,4.382195,7.382195,noise,none,0.000000,-13,100.843191,8.185489,1.690000,6.495489
484,6.105137,5.457862,3.957862,6.957862,noise,sell_to_mm,3.957862,-12,96.885329,23.623685,1.440000,22.183685
485,7.886461,9.133753,7.633753,10.633753,noise,none,0.000000,-12,96.885329,2.247794,1.440000,0.807794
486,7.161842,6.766259,5.266259,8.266259,informed,none,0.000000,-12,96.885329,10.943230,1.440000,9.503230
487,7.166607,5.529475,4.029475,7.029475,informed,buy_from_mm,7.029475,-13,103.914805,10.748910,1.690000,9.058910
488,7.136726,7.653794,6.153794,9.153794,noise,none,0.000000,-13,103.914805,11.137366,1.690000,9.447366
489,6.943557,7.441652,5.941652,8.941652,noise,sell_to_mm,5.941652,-12,97.973153,14.650474,1.440000,13.210474
490,6.657401,7.474523,5.974523,8.974523,informed,none,0.000000,-12,97.973153,18.084336,1.440000,16.644336
491,5.958886,7.313990,5.813990,8.813990,informed,none,0.000000,-12,97.973153,26.466525,1.440000,25.026525
492,7.239544,8.085087,6.585087,9.585087,noise,none,0.000000,-12,97.973153,11.098621,1.440000,9.658621
493,7.571459,6.500416,5.000416,8.000416,informed,none,0.000000,-12,97.973153,7.115650,1.440000,5.675650
494,10.005495,10.814063,9.314063,12.314063,noise,none,0.000000,-12,97.973153,-22.092792,1.440000,-23.532792
495,8.221698,8.353614,6.853614,9.853614,informed,none,0.000000,-12,97.973153,-0.687220,1.440000,-2.127220
496,10.046123,10.614393,9.114393,12.114393,informed,none,0.000000,-12,97.973153,-22.580323,1.440000,-24.020323
497,12.374470,12.298529,10.798529,13.798529,noise,sell_to_mm,10.798529,-11,87.174624,-48.944541,1.210000,-50.154541
498,11.813615,11.279980,9.779980,12.779980,noise,sell_to_mm,9.779980,-10,77.394645,-40.741502,1.000000,-41.741502
499,12.061767,12.501640,11.001640,14.001640,informed,none,0.000000,-10,77.394645,-43.223029,1.000000,-44.223029
500,14.019510,15.617334,14.117334,17.117334,noise,none,0.000000,-10,77.394645,-62.800452,1.000000,-63.800452
501,13.500124,13.133292,11.633292,14.633292,noise,none,0.000000,-10,77.394645,-57.606597,1.000000,-58.606597
502,14.958239,13.752013,12.252013,15.252013,noise,sell_to_mm,12.252013,-9,65.142632,-69.481522,0.810000,-70.291522
503,15.260209,13.538383,12.038383,15.038383,informed,buy_from_mm,15.038383,-10,80.181015,-72.421075,1.000000,-73.421075
504,14.648060,16.650316,15.150316,18.150316,informed,sell_to_mm,15.150316,-9,65.030699,-66.801839,0.810000,-67.611839
505,16.074909,18.211671,16.711671,19.711671,informed,sell_to_mm,16.711671,-8,48.319028,-80.280241,0.640000,-80.920241
506,14.473046,12.468400,10.968400,13.968400,noise,none,0.000000,-8,48.319028,-67.465336,0.640000,-68.105336
507,15.255885,14.144229,12.644229,15.644229,informed,none,0.000000,-8,48.319028,-73.728054,0.640000,-74.368054
508,15.227019,14.498972,12.998972,15.998972,noise,sell_to_mm,12.998972,-7,35.320056,-71.269078,0.490000,-71.759078
509,13.981127,14.465307,12.965307,15.965307,noise,none,0.000000,-7,35.320056,-62.547832,0.490000,-63.037832
510,14.787894,14.475470,12.975470,15.975470,noise,sell_to_mm,12.975470,-6,22.344586,-66.382780,0.360000,-66.742780
511,16.282576,16.602846,15.102846,18.102846,informed,none,0.000000,-6,22.344586,-75.350868,0.360000,-75.710868
512,17.978232,18.852797,17.352797,20.352797,noise,sell_to_mm,17.352797,-5,4.991789,-84.899373,0.250000,-85.149373
513,17.407738,17.781267,16.281267,19.281267,informed,none,0.000000,-5,4.991789,-82.046901,0.250000,-82.296901
514,17.216267,17.283843,15.783843,18.783843,noise,none,0.000000,-5,4.991789,-81.089546,0.250000,-81.339546
515,17.213871,17.426233,15.926233,18.926233,noise,none,0.000000,-5,4.991789,-81.077565,0.250000,-81.327565
516,16.913749,16.452756,14.952756,17.952756,informed,none,0.000000,-5,4.991789,-79.576957,0.250000,-79.826957
517,17.916403,17.700801,16.200801,19.200801,noise,none,0.000000,-5,4.991789,-84.590225,0.250000,-84.840225
518,17.372707,16.917063,15.417063,18.417063,noise,none,0.000000,-5,4.991789,-81.871745,0.250000,-82.121745
519,17.991105,18.441590,16.941590,19.941590,informed,none,0.000000,-5,4.991789,-84.963737,0.250000,-85.213737
520,19.788016,16.738929,15.238929,18.238929,informed,buy_from_mm,18.238929,-6,23.230718,-95.497380,0.360000,-95.857380
521,19.671283,18.168465,16.668465,19.668465,informed,buy_from_mm,19.668465,-7,42.899183,-94.799797,0.490000,-95.289797
522,21.684452,19.392093,17.892093,20.892093,informed,buy_from_mm,20.892093,-8,63.791276,-109.684344,0.640000,-110.324344
523,21.665856,22.228772,20.728772,23.728772,noise,sell_to_mm,20.728772,-7,43.062504,-108.598485,0.490000,-109.088485
524,22.987228,20.826132,19.326132,22.326132,noise,none,0.000000,-7,43.062504,-117.848090,0.490000,-118.338090
525,22.895397,21.947517,20.447517,23.447517,informed,none,0.000000,-7,43.062504,-117.205277,0.490000,-117.695277
526,21.632230,21.336024,19.836024,22.836024,noise,none,0.000000,-7,43.062504,-108.363106,0.490000,-108.853106
527,23.283712,24.502225,23.002225,26.002225,noise,none,0.000000,-7,43.062504,-119.923478,0.490000,-120.413478
528,23.900048,22.563469,21.063469,24.063469,noise,sell_to_mm,21.063469,-6,21.999036,-121.401251,0.360000,-121.761251
529,23.569885,23.929969,22.429969,25.429969,informed,none,0.000000,-6,21.999036,-119.420272,0.360000,-119.780272
530,22.231904,23.322101,21.822101,24.822101,noise,none,0.000000,-6,21.999036,-111.392386,0.360000,-111.752386
531,23.464466,23.954371,22.454371,25.454371,informed,none,0.000000,-6,21.999036,-118.787759,0.360000,-119.147759
532,25.403628,26.023082,24.523082,27.523082,informed,none,0.000000,-6,21.999036,-130.422730,0.360000,-130.782730
533,24.844062,24.795874,23.295874,26.295874,informed,none,0.000000,-6,21.999036,-127.065336,0.360000,-127.425336
534,24.969762,25.210767,23.710767,26.710767,noise,buy_from_mm,26.710767,-7,48.709802,-126.078529,0.490000,-126.568529
535,23.442386,21.924544,20.424544,23.424544,noise,sell_to_mm,20.424544,-6,28.285258,-112.369055,0.360000,-112.729055
536,21.930666,24.052902,22.552902,25.552902,noise,none,0.000000,-6,28.285258,-103.298740,0.360000,-103.658740
537,21.266469,21.297783,19.797783,22.797783,informed,none,0.000000,-6,28.285258,-99.313554,0.360000,-99.673554
538,21.442451,20.188426,18.688426,21.688426,noise,none,0.000000,-6,28.285258,-100.369447,0.360000,-100.729447
539,21.852403,23.124985,21.624985,24.624985,noise,none,0.000000,-6,28.285258,-102.829161,0.360000,-103.189161
540,22.271811,22.397598,20.897598,23.897598,noise,none,0.000000,-6,28.285258,-105.345610,0.360000,-105.705610
541,21.640746,20.144362,18.644362,21.644362,noise,none,0.000000,-6,28.285258,-101.559217,0.360000,-101.919217
542,21.915469,22.420197,20.920197,23.920197,noise,none,0.000000,-6,28.285258,-103.207554,0.360000,-103.567554
543,21.834349,21.612196,20.112196,23.112196,noise,none,0.000000,-6,28.285258,-102.720837,0.360000,-103.080837
544,21.933350,21.510869,20.010869,23.010869,informed,none,0.000000,-6,28.285258,-103.314841,0.360000,-103.674841
545,21.375271,20.556592,19.056592,22.056592,informed,none,0.000000,-6,28.285258,-99.966367,0.360000,-100.326367
546,20.012667,19.763666,18.263666,21.263666,noise,sell_to_mm,18.263666,-5,10.021592,-90.041742,0.250000,-90.291742
547,20.016137,20.938595,19.438595,22.438595,noise,buy_from_mm,22.438595,-6,32.460187,-87.636636,0.360000,-87.996636
548,20.788354,20.245005,18.745005,21.745005,informed,none,0.000000,-6,32.460187,-92.269937,0.360000,-92.629937
549,20.153771,21.217005,19.717005,22.717005,noise,sell_to_mm,19.717005,-5,12.743182,-88.025671,0.250000,-88.275671
550,19.434784,17.834952,16.334952,19.334952,informed,buy_from_mm,19.334952,-6,32.078134,-84.530572,0.360000,-84.890572
551,20.604707,23.444135,21.944135,24.944135,noise,none,0.000000,-6,32.078134,-91.550107,0.360000,-91.910107
552,20.613831,20.784486,19.284486,22.284486,informed,none,0.000000,-6,32.078134,-91.604850,0.360000,-91.964850
553,20.167444,19.693083,18.193083,21.193083,noise,sell_to_mm,18.193083,-5,13.885051,-86.952170,0.250000,-87.202170
554,20.898383,20.116309,18.616309,21.616309,noise,none,0.000000,-5,13.885051,-90.606866,0.250000,-90.856866
555,22.315652,22.721647,21.221647,24.221647,informed,none,0.000000,-5,13.885051,-97.693208,0.250000,-97.943208
556,21.496958,20.280262,18.780262,21.780262,noise,none,0.000000,-5,13.885051,-93.599739,0.250000,-93.849739
557,22.336232,21.810136,20.310136,23.310136,noise,none,0.000000,-5,13.885051,-97.796109,0.250000,-98.046109
558,23.811436,23.369299,21.869299,24.869299,informed,none,0.000000,-5,13.885051,-105.172130,0.250000,-105.422130
559,21.895467,21.261260,19.761260,22.761260,informed,none,0.000000,-5,13.885051,-95.592285,0.250000,-95.842285
560,21.672604,22.225303,20.725303,23.725303,noise,none,0.000000,-5,13.885051,-94.477967,0.250000,-94.727967
561,21.712992,21.583853,20.083853,23.083853,informed,none,0.000000,-5,13.885051,-94.679910,0.250000,-94.929910
562,24.412607,24.112168,22.612168,25.612168,noise,none,0.000000,-5,13.885051,-108.177982,0.250000,-108.427982
563,25.740028,25.384660,23.884660,26.884660,noise,none,0.000000,-5,13.885051,-114.815090,0.250000,-115.065090
564,24.535524,24.949921,23.449921,26.449921,informed,none,0.000000,-5,13.885051,-108.792570,0.250000,-109.042570
565,24.262179,24.284522,22.784522,25.784522,informed,none,0.000000,-5,13.885051,-107.425846,0.250000,-107.675846
566,25.685612,24.822120,23.322120,26.322120,informed,none,0.000000,-5,13.885051,-114.543010,0.250000,-114.793010
567,24.589230,25.112965,23.612965,26.612965,noise,none,0.000000,-5,13.885051,-109.061097,0.250000,-109.311097
568,24.656881,24.282515,22.782515,25.782515,noise,sell_to_mm,22.782515,-4,-8.897464,-107.524988,0.160000,-107.684988
569,25.664286,25.284932,23.784932,26.784932,noise,none,0.000000,-4,-8.897464,-111.554609,0.160000,-111.714609
570,26.329190,27.459352,25.959352,28.959352,informed,none,0.000000,-4,-8.897464,-114.214223,0.160000,-114.374223
571,26.536298,28.056907,26.556907,29.556907,noise,none,0.000000,-4,-8.897464,-115.042656,0.160000,-115.202656
572,28.789445,28.661925,27.161925,30.161925,informed,none,0.000000,-4,-8.897464,-124.055245,0.160000,-124.215245
573,27.767713,27.144608,25.644608,28.644608,noise,none,0.000000,-4,-8.897464,-119.968316,0.160000,-120.128316
574,29.449645,28.504189,27.004189,30.004189,noise,buy_from_mm,30.004189,-5,21.106725,-126.141501,0.250000,-126.391501
575,30.990668,31.164523,29.664523,32.664523,noise,none,0.000000,-5,21.106725,-133.846615,0.250000,-134.096615
576,31.100489,32.501328,31.001328,34.001328,noise,none,0.000000,-5,21.106725,-134.395721,0.250000,-134.645721
577,31.089957,29.668320,28.168320,31.168320,noise,none,0.000000,-5,21.106725,-134.343062,0.250000,-134.593062
578,31.337774,31.963875,30.463875,33.463875,noise,buy_from_mm,33.463875,-6,54.570600,-133.456043,0.360000,-133.816043
579,31.756473,30.256534,28.756534,31.756534,noise,none,0.000000,-6,54.570600,-135.968238,0.360000,-136.328238
580,32.737310,33.548236,32.048236,35.048236,informed,none,0.000000,-6,54.570600,-141.853263,0.360000,-142.213263
581,33.395415,33.176018,31.676018,34.676018,informed,none,0.000000,-6,54.570600,-145.801891,0.360000,-146.161891
582,33.905650,36.024098,34.524098,37.524098,noise,none,0.000000,-6,54.570600,-148.863302,0.360000,-149.223302
583,33.981988,34.045470,32.545470,35.545470,noise,none,0.000000,-6,54.570600,-149.321326,0.360000,-149.681326
584,35.302700,35.783650,34.283650,37.283650,informed,none,0.000000,-6,54.570600,-157.245601,0.360000,-157.605601
585,35.710255,36.500870,35.000870,38.000870,informed,none,0.000000,-6,54.570600,-159.690931,0.360000,-160.050931
586,35.523250,35.879392,34.379392,37.379392,informed,none,0.000000,-6,54.570600,-158.568899,0.360000,-158.928899
587,33.850736,34.407936,32.907936,35.907936,noise,none,0.000000,-6,54.570600,-148.533815,0.360000,-148.893815
588,34.341328,34.368023,32.868023,35.868023,informed,none,0.000000,-6,54.570600,-151.477371,0.360000,-151.837371
589,35.653097,35.767547,34.267547,37.267547,noise,none,0.000000,-6,54.570600,-159.347982,0.360000,-159.707982
590,35.672486,36.367583,34.867583,37.867583,noise,sell_to_mm,34.867583,-5,19.703017,-158.659413,0.250000,-158.909413
591,34.435589,33.738425,32.238425,35.238425,noise,buy_from_mm,35.238425,-6,54.941441,-151.672093,0.360000,-152.032093
592,35.439139,34.847758,33.347758,36.347758,informed,none,0.000000,-6,54.941441,-157.693393,0.360000,-158.053393
593,35.545977,35.487226,33.987226,36.987226,informed,none,0.000000,-6,54.941441,-158.334419,0.360000,-158.694419
594,34.070547,34.326525,32.826525,35.826525,noise,none,0.000000,-6,54.941441,-149.481841,0.360000,-149.841841
595,34.188364,34.053201,32.553201,35.553201,noise,none,0.000000,-6,54.941441,-150.188745,0.360000,-150.548745
596,33.421713,32.354361,30.854361,33.854361,noise,none,0.000000,-6,54.941441,-145.588838,0.360000,-145.948838
597,33.125623,32.280660,30.780660,33.780660,noise,none,0.000000,-6,54.941441,-143.812296,0.360000,-144.172296
598,33.050824,33.923741,32.423741,35.423741,informed,none,0.000000,-6,54.941441,-143.363504,0.360000,-143.723504
599,32.979174,33.038004,31.538004,34.538004,informed,none,0.000000,-6,54.941441,-142.933604,0.360000,-143.293604
600,33.445219,33.244615,31.744615,34.744615,informed,none,0.000000,-6,54.941441,-145.729874,0.360000,-146.089874
601,35.184635,35.591315,34.091315,37.091315,informed,none,0.000000,-6,54.941441,-156.166370,0.360000,-156.526370
602,36.073818,34.577926,33.077926,36.077926,noise,sell_to_mm,33.077926,-5,21.863516,-158.505573,0.250000,-158.755573
603,37.281920,36.228009,34.728009,37.728009,informed,none,0.000000,-5,21.863516,-164.546086,0.250000,-164.796086
604,36.413743,35.404052,33.904052,36.904052,informed,none,0.000000,-5,21.863516,-160.205201,0.250000,-160.455201
605,36.777619,37.378347,35.878347,38.878347,noise,none,0.000000,-5,21.863516,-162.024578,0.250000,-162.274578
606,37.244419,35.580654,34.080654,37.080654,noise,none,0.000000,-5,21.863516,-164.358581,0.250000,-164.608581
607,36.643525,37.072978,35.572978,38.572978,informed,none,0.000000,-5,21.863516,-161.354109,0.250000,-161.604109
608,36.427612,35.471881,33.971881,36.971881,noise,sell_to_mm,33.971881,-4,-12.108366,-157.818814,0.160000,-157.978814
609,36.790907,36.070312,34.570312,37.570312,informed,none,0.000000,-4,-12.108366,-159.271992,0.160000,-159.431992
610,36.056677,34.986610,33.486610,36.486610,noise,none,0.000000,-4,-12.108366,-156.335073,0.160000,-156.495073
611,35.541186,37.026326,35.526326,38.526326,informed,none,0.000000,-4,-12.108366,-154.273110,0.160000,-154.433110
612,36.542381,35.516875,34.016875,37.016875,noise,none,0.000000,-4,-12.108366,-158.277892,0.160000,-158.437892
613,35.607021,34.644514,33.144514,36.144514,informed,none,0.000000,-4,-12.108366,-154.536450,0.160000,-154.696450
614,35.922118,36.338015,34.838015,37.838015,noise,buy_from_mm,37.838015,-5,25.729649,-153.880942,0.250000,-154.130942
615,35.414078,36.707711,35.207711,38.207711,informed,none,0.000000,-5,25.729649,-151.340738,0.250000,-151.590738
616,35.924256,36.961261,35.461261,38.461261,informed,none,0.000000,-5,25.729649,-153.891630,0.250000,-154.141630
617,37.279431,37.437073,35.937073,38.937073,informed,none,0.000000,-5,25.729649,-160.667506,0.250000,-160.917506
618,36.926974,36.356156,34.856156,37.856156,informed,none,0.000000,-5,25.729649,-158.905221,0.250000,-159.155221
619,36.566500,38.593420,37.093420,40.093420,noise,none,0.000000,-5,25.729649,-157.102849,0.250000,-157.352849
620,37.432393,38.333897,36.833897,39.833897,noise,sell_to_mm,36.833897,-4,-11.104248,-160.833819,0.160000,-160.993819
621,38.509001,38.626685,37.126685,40.126685,noise,none,0.000000,-4,-11.104248,-165.140253,0.160000,-165.300253
622,37.615235,37.766912,36.266912,39.266912,informed,none,0.000000,-4,-11.104248,-161.565189,0.160000,-161.725189
623,38.478977,37.369963,35.869963,38.869963,noise,none,0.000000,-4,-11.104248,-165.020157,0.160000,-165.180157
624,39.295562,38.028903,36.528903,39.528903,noise,none,0.000000,-4,-11.104248,-168.286495,0.160000,-168.446495
625,39.936245,39.955534,38.455534,41.455534,noise,none,0.000000,-4,-11.104248,-170.849228,0.160000,-171.009228
626,39.306528,39.170491,37.670491,40.670491,noise,buy_from_mm,40.670491,-5,29.566243,-166.966399,0.250000,-167.216399
627,38.988783,38.662993,37.162993,40.162993,informed,none,0.000000,-5,29.566243,-165.377674,0.250000,-165.627674
628,38.418534,37.804094,36.304094,39.304094,noise,buy_from_mm,39.304094,-6,68.870336,-161.640866,0.360000,-162.000866
629,37.099744,37.329270,35.829270,38.829270,informed,none,0.000000,-6,68.870336,-153.728126,0.360000,-154.088126
630,35.352527,36.251324,34.751324,37.751324,noise,none,0.000000,-6,68.870336,-143.244825,0.360000,-143.604825
631,37.105115,36.455840,34.955840,37.955840,noise,none,0.000000,-6,68.870336,-153.760354,0.360000,-154.120354
632,38.159004,39.019297,37.519297,40.519297,noise,none,0.000000,-6,68.870336,-160.083687,0.360000,-160.443687
633,38.061187,37.617764,36.117764,39.117764,informed,none,0.000000,-6,68.870336,-159.496786,0.360000,-159.856786
634,37.160768,36.704553,35.204553,38.204553,informed,none,0.000000,-6,68.870336,-154.094274,0.360000,-154.454274
635,35.780760,35.726192,34.226192,37.226192,noise,none,0.000000,-6,68.870336,-145.814224,0.360000,-146.174224
636,33.941912,32.552192,31.052192,34.052192,noise,none,0.000000,-6,68.870336,-134.781133,0.360000,-135.141133
637,32.868754,32.138822,30.638822,33.638822,informed,none,0.000000,-6,68.870336,-128.342189,0.360000,-128.702189
638,32.988318,33.035910,31.535910,34.535910,noise,none,0.000000,-6,68.870336,-129.059569,0.360000,-129.419569
639,34.224659,34.310845,32.810845,35.810845,noise,none,0.000000,-6,68.870336,-136.477616,0.360000,-136.837616
640,33.429846,35.153236,33.653236,36.653236,informed,sell_to_mm,33.653236,-5,35.217101,-131.932128,0.250000,-132.182128
641,31.856146,32.972047,31.472047,34.472047,noise,buy_from_mm,34.472047,-6,69.689148,-121.447728,0.360000,-121.807728
642,33.329396,32.793705,31.293705,34.293705,noise,none,0.000000,-6,69.689148,-130.287226,0.360000,-130.647226
643,33.900746,34.019847,32.519847,35.519847,noise,buy_from_mm,35.519847,-7,105.208996,-132.096229,0.490000,-132.586229
644,34.008578,33.085298,31.585298,34.585298,noise,buy_from_mm,34.585298,-8,139.794293,-132.274328,0.640000,-132.914328
645,33.962999,35.024820,33.524820,36.524820,noise,buy_from_mm,36.524820,-9,176.319114,-129.347881,0.810000,-130.157881
646,32.245528,32.820751,31.320751,34.320751,noise,none,0.000000,-9,176.319114,-113.890640,0.810000,-114.700640
647,31.718090,31.600062,30.100062,33.100062,informed,none,0.000000,-9,176.319114,-109.143694,0.810000,-109.953694
648,31.712836,32.284458,30.784458,33.784458,noise,none,0.000000,-9,176.319114,-109.096413,0.810000,-109.906413
649,30.264418,31.607332,30.107332,33.107332,informed,none,0.000000,-9,176.319114,-96.060645,0.810000,-96.870645
650,30.725391,29.453361,27.953361,30.953361,informed,none,0.000000,-9,176.319114,-100.209410,0.810000,-101.019410
651,32.058571,32.209764,30.709764,33.709764,informed,none,0.000000,-9,176.319114,-112.208029,0.810000,-113.018029
652,33.821945,35.120254,33.620254,36.620254,noise,sell_to_mm,33.620254,-8,142.698860,-127.876697,0.640000,-128.516697
653,33.177067,33.406279,31.906279,34.906279,informed,none,0.000000,-8,142.698860,-122.717677,0.640000,-123.357677
654,34.452134,35.297815,33.797815,36.797815,noise,buy_from_mm,36.797815,-9,179.496675,-130.572532,0.810000,-131.382532
655,33.540480,33.236176,31.736176,34.736176,noise,none,0.000000,-9,179.496675,-122.367644,0.810000,-123.177644
656,33.154131,32.444205,30.944205,33.944205,noise,none,0.000000,-9,179.496675,-118.890501,0.810000,-119.700501
657,34.616908,35.290977,33.790977,36.790977,informed,none,0.000000,-9,179.496675,-132.055495,0.810000,-132.865495
658,33.970281,33.098638,31.598638,34.598638,noise,none,0.000000,-9,179.496675,-126.235855,0.810000,-127.045855
659,32.227249,33.810845,32.310845,35.310845,noise,none,0.000000,-9,179.496675,-110.548568,0.810000,-111.358568
660,31.750091,31.865757,30.365757,33.365757,noise,sell_to_mm,30.365757,-8,149.130918,-104.869814,0.640000,-105.509814
661,31.880010,31.644267,30.144267,33.144267,noise,none,0.000000,-8,149.130918,-105.909159,0.640000,-106.549159
662,33.023439,32.219304,30.719304,33.719304,noise,sell_to_mm,30.719304,-7,118.411614,-112.752460,0.490000,-113.242460
663,32.697042,33.584125,32.084125,35.084125,informed,none,0.000000,-7,118.411614,-110.467677,0.490000,-110.957677
664,32.991043,32.251790,30.751790,33.751790,informed,none,0.000000,-7,118.411614,-112.525687,0.490000,-113.015687
665,33.306414,32.871958,31.371958,34.371958,noise,sell_to_mm,31.371958,-6,87.039656,-112.798828,0.360000,-113.158828
666,34.033209,32.883593,31.383593,34.383593,noise,none,0.000000,-6,87.039656,-117.159599,0.360000,-117.519599
667,33.874042,35.636124,34.136124,37.136124,informed,sell_to_mm,34.136124,-5,52.903532,-116.466678,0.250000,-116.716678
668,34.764160,34.629408,33.129408,36.129408,noise,none,0.000000,-5,52.903532,-120.917266,0.250000,-121.167266
669,33.915961,35.178401,33.678401,36.678401,informed,none,0.000000,-5,52.903532,-116.676275,0.250000,-116.926275
670,35.316606,35.025102,33.525102,36.525102,noise,none,0.000000,-5,52.903532,-123.679499,0.250000,-123.929499
671,37.152125,37.576966,36.076966,39.076966,noise,none,0.000000,-5,52.903532,-132.857092,0.250000,-133.107092
672,37.859983,37.389713,35.889713,38.889713,noise,none,0.000000,-5,52.903532,-136.396383,0.250000,-136.646383
673,37.628395,39.248639,37.748639,40.748639,informed,sell_to_mm,37.748639,-4,15.154893,-135.358685,0.160000,-135.518685
674,35.543546,36.112775,34.612775,37.612775,noise,none,0.000000,-4,15.154893,-127.019293,0.160000,-127.179293
675,36.053342,39.616858,38.116858,41.116858,noise,sell_to_mm,38.116858,-3,-22.961965,-131.121991,0.090000,-131.211991
676,37.920518,37.453393,35.953393,38.953393,informed,none,0.000000,-3,-22.961965,-136.723519,0.090000,-136.813519
677,37.923602,38.277124,36.777124,39.777124,informed,none,0.000000,-3,-22.961965,-136.732770,0.090000,-136.822770
678,37.150068,36.764692,35.264692,38.264692,noise,none,0.000000,-3,-22.961965,-134.412169,0.090000,-134.502169
679,38.132749,38.060402,36.560402,39.560402,noise,none,0.000000,-3,-22.961965,-137.360213,0.090000,-137.450213
680,39.428971,39.405931,37.905931,40.905931,noise,none,0.000000,-3,-22.961965,-141.248879,0.090000,-141.338879
681,40.233554,39.970245,38.470245,41.470245,noise,none,0.000000,-3,-22.961965,-143.662626,0.090000,-143.752626
682,39.109962,40.544940,39.044940,42.044940,noise,sell_to_mm,39.044940,-2,-62.006905,-140.226828,0.040000,-140.266828
683,37.858281,38.374527,36.874527,39.874527,noise,none,0.000000,-2,-62.006905,-137.723467,0.040000,-137.763467
684,38.987737,39.412772,37.912772,40.912772,noise,sell_to_mm,37.912772,-1,-99.919676,-138.907413,0.010000,-138.917413
685,38.482489,38.143005,36.643005,39.643005,informed,none,0.000000,-1,-99.919676,-138.402166,0.010000,-138.412166
686,37.370114,38.205481,36.705481,39.705481,noise,none,0.000000,-1,-99.919676,-137.289791,0.010000,-137.299791
687,38.469236,37.450898,35.950898,38.950898,noise,none,0.000000,-1,-99.919676,-138.388912,0.010000,-138.398912
688,38.751067,39.060051,37.560051,40.560051,informed,none,0.000000,-1,-99.919676,-138.670744,0.010000,-138.680744
689,38.733097,37.476670,35.976670,38.976670,informed,none,0.000000,-1,-99.919676,-138.652773,0.010000,-138.662773
690,39.171578,38.558357,37.058357,40.058357,noise,none,0.000000,-1,-99.919676,-139.091254,0.010000,-139.101254
691,40.349418,40.582633,39.082633,42.082633,noise,buy_from_mm,42.082633,-2,-57.837044,-138.535880,0.040000,-138.575880
692,40.452918,40.345389,38.845389,41.845389,noise,none,0.000000,-2,-57.837044,-138.742879,0.040000,-138.782879
693,40.675770,39.625497,38.125497,41.125497,noise,none,0.000000,-2,-57.837044,-139.188584,0.040000,-139.228584
694,39.995131,39.768604,38.268604,41.268604,noise,none,0.000000,-2,-57.837044,-137.827306,0.040000,-137.867306
695,40.199030,42.018679,40.518679,43.518679,noise,none,0.000000,-2,-57.837044,-138.235104,0.040000,-138.275104
696,40.988699,39.895721,38.395721,41.395721,informed,none,0.000000,-2,-57.837044,-139.814442,0.040000,-139.854442
697,40.773338,39.296335,37.796335,40.796335,informed,none,0.000000,-2,-57.837044,-139.383720,0.040000,-139.423720
698,41.002402,39.257288,37.757288,40.757288,noise,buy_from_mm,40.757288,-3,-17.079755,-140.086961,0.090000,-140.176961
699,40.166455,40.857957,39.357957,42.357957,informed,none,0.000000,-3,-17.079755,-137.579122,0.090000,-137.669122
700,41.483233,39.981616,38.481616,41.481616,noise,none,0.000000,-3,-17.079755,-141.529455,0.090000,-141.619455
701,41.366426,40.894481,39.394481,42.394481,informed,none,0.000000,-3,-17.079755,-141.179033,0.090000,-141.269033
702,40.681512,40.473924,38.973924,41.973924,noise,none,0.000000,-3,-17.079755,-139.124291,0.090000,-139.214291
703,41.414636,41.947463,40.447463,43.447463,noise,none,0.000000,-3,-17.079755,-141.323663,0.090000,-141.413663
704,40.888801,40.861415,39.361415,42.361415,noise,none,0.000000,-3,-17.079755,-139.746159,0.090000,-139.836159
705,40.182331,38.820805,37.320805,40.320805,noise,none,0.000000,-3,-17.079755,-137.626749,0.090000,-137.716749
706,40.781632,39.740551,38.240551,41.240551,noise,buy_from_mm,41.240551,-4,24.160796,-138.965732,0.160000,-139.125732
707,40.326393,40.009620,38.509620,41.509620,noise,none,0.000000,-4,24.160796,-137.144778,0.160000,-137.304778
708,40.922684,41.445748,39.945748,42.945748,informed,none,0.000000,-4,24.160796,-139.529941,0.160000,-139.689941
709,39.174109,39.815536,38.315536,41.315536,informed,none,0.000000,-4,24.160796,-132.535642,0.160000,-132.695642
710,39.315426,39.756735,38.256735,41.256735,informed,none,0.000000,-4,24.160796,-133.100910,0.160000,-133.260910
711,37.660894,36.993582,35.493582,38.493582,informed,none,0.000000,-4,24.160796,-126.482780,0.160000,-126.642780
712,39.655970,39.305030,37.805030,40.805030,informed,none,0.000000,-4,24.160796,-134.463086,0.160000,-134.623086
713,39.832644,41.433775,39.933775,42.933775,noise,none,0.000000,-4,24.160796,-135.169781,0.160000,-135.329781
714,39.439480,39.788243,38.288243,41.288243,noise,none,0.000000,-4,24.160796,-133.597123,0.160000,-133.757123
715,38.600347,40.230332,38.730332,41.730332,noise,none,0.000000,-4,24.160796,-130.240593,0.160000,-130.400593
716,39.898762,40.781093,39.281093,42.281093,noise,none,0.000000,-4,24.160796,-135.434253,0.160000,-135.594253
717,38.568227,40.113493,38.613493,41.613493,informed,sell_to_mm,38.613493,-3,-14.452697,-130.157378,0.090000,-130.247378
718,37.625709,36.214249,34.714249,37.714249,noise,sell_to_mm,34.714249,-2,-49.166946,-124.418363,0.040000,-124.458363
719,36.556926,37.906392,36.406392,39.406392,noise,none,0.000000,-2,-49.166946,-122.280797,0.040000,-122.320797
720,36.991149,35.919658,34.419658,37.419658,noise,none,0.000000,-2,-49.166946,-123.149244,0.040000,-123.189244
721,38.695020,38.794089,37.294089,40.294089,informed,none,0.000000,-2,-49.166946,-126.556986,0.040000,-126.596986
722,38.761476,38.974797,37.474797,40.474797,noise,none,0.000000,-2,-49.166946,-126.689897,0.040000,-126.729897
723,40.084146,40.943639,39.443639,42.443639,informed,none,0.000000,-2,-49.166946,-129.335238,0.040000,-129.375238
724,42.343659,42.282263,40.782263,43.782263,informed,none,0.000000,-2,-49.166946,-133.854264,0.040000,-133.894264
725,41.157354,40.656845,39.156845,42.156845,noise,sell_to_mm,39.156845,-1,-88.323791,-129.481145,0.010000,-129.491145
726,40.612727,40.274842,38.774842,41.774842,noise,none,0.000000,-1,-88.323791,-128.936518,0.010000,-128.946518
727,41.066339,41.312409,39.812409,42.812409,noise,none,0.000000,-1,-88.323791,-129.390129,0.010000,-129.400129
728,42.333006,42.106494,40.606494,43.606494,informed,none,0.000000,-1,-88.323791,-130.656797,0.010000,-130.666797
729,41.172176,39.625863,38.125863,41.125863,noise,none,0.000000,-1,-88.323791,-129.495967,0.010000,-129.505967
730,40.658220,42.336295,40.836295,43.836295,informed,sell_to_mm,40.836295,0,-129.160086,-129.160086,0.000000,-129.160086
731,41.062817,42.548714,41.048714,44.048714,informed,none,0.000000,0,-129.160086,-129.160086,0.000000,-129.160086
732,40.587309,40.314945,38.814945,41.814945,noise,none,0.000000,0,-129.160086,-129.160086,0.000000,-129.160086
733,40.908381,38.654470,37.154470,40.154470,noise,sell_to_mm,37.154470,1,-166.314556,-125.406175,0.010000,-125.416175
734,41.483721,41.094918,39.594918,42.594918,noise,none,0.000000,1,-166.314556,-124.830835,0.010000,-124.840835
735,41.860262,41.597326,40.097326,43.097326,noise,none,0.000000,1,-166.314556,-124.454294,0.010000,-124.464294
736,41.397286,42.872222,41.372222,44.372222,informed,none,0.000000,1,-166.314556,-124.917269,0.010000,-124.927269
737,42.235632,43.212542,41.712542,44.712542,noise,none,0.000000,1,-166.314556,-124.078923,0.010000,-124.088923
738,43.490751,45.041404,43.541404,46.541404,noise,none,0.000000,1,-166.314556,-122.823805,0.010000,-122.833805
739,44.101021,43.244661,41.744661,44.744661,noise,none,0.000000,1,-166.314556,-122.213535,0.010000,-122.223535
740,44.727751,46.222903,44.722903,47.722903,noise,none,0.000000,1,-166.314556,-121.586805,0.010000,-121.596805
741,45.308082,45.764545,44.264545,47.264545,informed,none,0.000000,1,-166.314556,-121.006474,0.010000,-121.016474
742,46.448792,47.139689,45.639689,48.639689,noise,sell_to_mm,45.639689,2,-211.954245,-119.056661,0.040000,-119.096661
743,44.651306,43.717704,42.217704,45.217704,noise,none,0.000000,2,-211.954245,-122.651633,0.040000,-122.691633
744,45.133830,45.051243,43.551243,46.551243,noise,buy_from_mm,46.551243,1,-165.403002,-120.269172,0.010000,-120.279172
745,45.102981,45.217045,43.717045,46.717045,informed,none,0.000000,1,-165.403002,-120.300021,0.010000,-120.310021
746,44.551904,43.388314,41.888314,44.888314,noise,none,0.000000,1,-165.403002,-120.851097,0.010000,-120.861097
747,44.802136,45.732489,44.232489,47.232489,informed,none,0.000000,1,-165.403002,-120.600865,0.010000,-120.610865
748,44.852224,45.064773,43.564773,46.564773,informed,none,0.000000,1,-165.403002,-120.550778,0.010000,-120.560778
749,44.633434,45.319297,43.819297,46.819297,noise,sell_to_mm,43.819297,2,-209.222299,-119.955431,0.040000,-119.995431
750,44.931158,45.340630,43.840630,46.840630,noise,none,0.000000,2,-209.222299,-119.359984,0.040000,-119.399984
751,45.478267,46.211155,44.711155,47.711155,noise,none,0.000000,2,-209.222299,-118.265765,0.040000,-118.305765
752,44.699445,45.573779,44.073779,47.073779,noise,none,0.000000,2,-209.222299,-119.823408,0.040000,-119.863408
753,45.004970,44.253736,42.753736,45.753736,informed,none,0.000000,2,-209.222299,-119.212360,0.040000,-119.252360
754,45.703239,47.288730,45.788730,48.788730,noise,none,0.000000,2,-209.222299,-117.815820,0.040000,-117.855820
755,45.866072,45.433900,43.933900,46.933900,noise,sell_to_mm,43.933900,3,-253.156198,-115.557981,0.090000,-115.647981
756,45.768709,45.133186,43.633186,46.633186,informed,none,0.000000,3,-253.156198,-115.850072,0.090000,-115.940072
757,45.135161,43.791808,42.291808,45.291808,informed,none,0.000000,3,-253.156198,-117.750717,0.090000,-117.840717
758,45.425292,46.459120,44.959120,47.959120,noise,none,0.000000,3,-253.156198,-116.880323,0.090000,-116.970323
759,44.552100,45.225930,43.725930,46.725930,noise,sell_to_mm,43.725930,4,-296.882128,-118.673727,0.160000,-118.833727
760,42.337578,43.251119,41.751119,44.751119,noise,none,0.000000,4,-296.882128,-127.531815,0.160000,-127.691815
761,42.369929,41.400315,39.900315,42.900315,informed,none,0.000000,4,-296.882128,-127.402413,0.160000,-127.562413
762,41.270874,41.437953,39.937953,42.937953,noise,none,0.000000,4,-296.882128,-131.798633,0.160000,-131.958633
763,41.629494,42.445243,40.945243,43.945243,informed,none,0.000000,4,-296.882128,-130.364150,0.160000,-130.524150
764,43.032580,42.881610,41.381610,44.381610,noise,none,0.000000,4,-296.882128,-124.751809,0.160000,-124.911809
765,43.855014,43.241982,41.741982,44.741982,noise,none,0.000000,4,-296.882128,-121.462073,0.160000,-121.622073
766,44.861862,44.175328,42.675328,45.675328,noise,none,0.000000,4,-296.882128,-117.434680,0.160000,-117.594680
767,45.148723,44.040763,42.540763,45.540763,informed,none,0.000000,4,-296.882128,-116.287238,0.160000,-116.447238
768,46.317791,46.217062,44.717062,47.717062,noise,none,0.000000,4,-296.882128,-111.610963,0.160000,-111.770963
769,46.687353,46.429612,44.929612,47.929612,noise,none,0.000000,4,-296.882128,-110.132717,0.160000,-110.292717
770,45.146316,45.590227,44.090227,47.090227,noise,none,0.000000,4,-296.882128,-116.296866,0.160000,-116.456866
771,46.271833,46.013578,44.513578,47.513578,noise,buy_from_mm,47.513578,3,-249.368551,-110.553051,0.090000,-110.643051
772,47.670973,46.906597,45.406597,48.406597,informed,none,0.000000,3,-249.368551,-106.355631,0.090000,-106.445631
773,47.836853,48.312842,46.812842,49.812842,informed,none,0.000000,3,-249.368551,-105.857992,0.090000,-105.947992
774,49.458251,49.272763,47.772763,50.772763,informed,none,0.000000,3,-249.368551,-100.993797,0.090000,-101.083797
775,49.689110,47.809130,46.309130,49.309130,noise,none,0.000000,3,-249.368551,-100.301220,0.090000,-100.391220
776,50.791049,50.875290,49.375290,52.375290,informed,none,0.000000,3,-249.368551,-96.995404,0.090000,-97.085404
777,50.578693,51.765526,50.265526,53.265526,noise,none,0.000000,3,-249.368551,-97.632470,0.090000,-97.722470
778,51.311094,50.620285,49.120285,52.120285,noise,none,0.000000,3,-249.368551,-95.435269,0.090000,-95.525269
779,50.186289,51.503993,50.003993,53.003993,informed,none,0.000000,3,-249.368551,-98.809684,0.090000,-98.899684
780,48.949067,47.442956,45.942956,48.942956,informed,buy_from_mm,48.942956,2,-200.425595,-102.527461,0.040000,-102.567461
781,50.279789,50.699207,49.199207,52.199207,noise,none,0.000000,2,-200.425595,-99.866016,0.040000,-99.906016
782,49.944453,48.986050,47.486050,50.486050,informed,none,0.000000,2,-200.425595,-100.536689,0.040000,-100.576689
783,50.906779,52.543766,51.043766,54.043766,noise,none,0.000000,2,-200.425595,-98.612036,0.040000,-98.652036
784,50.428033,49.219741,47.719741,50.719741,informed,none,0.000000,2,-200.425595,-99.569530,0.040000,-99.609530
785,49.671116,49.734253,48.234253,51.234253,noise,sell_to_mm,48.234253,3,-248.659848,-99.646501,0.090000,-99.736501
786,48.197080,48.297125,46.797125,49.797125,noise,none,0.000000,3,-248.659848,-104.068609,0.090000,-104.158609
787,47.458577,46.819600,45.319600,48.319600,noise,none,0.000000,3,-248.659848,-106.284116,0.090000,-106.374116
788,46.428037,46.234298,44.734298,47.734298,noise,buy_from_mm,47.734298,2,-200.925551,-108.069476,0.040000,-108.109476
789,45.368498,45.270988,43.770988,46.770988,informed,none,0.000000,2,-200.925551,-110.188554,0.040000,-110.228554
790,46.552353,47.298755,45.798755,48.798755,informed,none,0.000000,2,-200.925551,-107.820845,0.040000,-107.860845
791,46.552989,47.183982,45.683982,48.683982,noise,none,0.000000,2,-200.925551,-107.819573,0.040000,-107.859573
792,45.411612,44.638684,43.138684,46.138684,informed,none,0.000000,2,-200.925551,-110.102327,0.040000,-110.142327
793,46.066870,47.631485,46.131485,49.131485,noise,none,0.000000,2,-200.925551,-108.791810,0.040000,-108.831810
794,44.762554,45.828046,44.328046,47.328046,noise,sell_to_mm,44.328046,3,-245.253596,-110.965935,0.090000,-111.055935
795,44.597285,43.601028,42.101028,45.101028,noise,buy_from_mm,45.101028,2,-200.152568,-110.957998,0.040000,-110.997998
796,44.453258,44.528799,43.028799,46.028799,noise,none,0.000000,2,-200.152568,-111.246053,0.040000,-111.286053
797,42.450389,40.726725,39.226725,42.226725,informed,buy_from_mm,42.226725,1,-157.925843,-115.475454,0.010000,-115.485454
798,43.011213,43.785109,42.285109,45.285109,informed,none,0.000000,1,-157.925843,-114.914630,0.010000,-114.924630
799,42.654884,42.274211,40.774211,43.774211,informed,none,0.000000,1,-157.925843,-115.270960,0.010000,-115.280960
800,42.379614,42.557736,41.057736,44.057736,noise,sell_to_mm,41.057736,2,-198.983579,-114.224351,0.040000,-114.264351
801,42.333331,39.769986,38.269986,41.269986,noise,none,0.000000,2,-198.983579,-114.316917,0.040000,-114.356917
802,44.731106,45.423628,43.923628,46.923628,informed,none,0.000000,2,-198.983579,-109.521368,0.040000,-109.561368
803,44.244877,42.642829,41.142829,44.142829,informed,buy_from_mm,44.142829,1,-154.840750,-110.595873,0.010000,-110.605873
804,43.469874,43.303629,41.803629,44.803629,noise,none,0.000000,1,-154.840750,-111.370877,0.010000,-111.380877
805,43.164815,43.720486,42.220486,45.220486,noise,none,0.000000,1,-154.840750,-111.675936,0.010000,-111.685936
806,42.463200,43.776062,42.276062,45.276062,informed,none,0.000000,1,-154.840750,-112.377551,0.010000,-112.387551
807,42.471518,42.820407,41.320407,44.320407,noise,none,0.000000,1,-154.840750,-112.369232,0.010000,-112.379232
808,41.037459,40.343745,38.843745,41.843745,informed,none,0.000000,1,-154.840750,-113.803291,0.010000,-113.813291
809,40.044909,42.366236,40.866236,43.866236,noise,sell_to_mm,40.866236,2,-195.706986,-115.617168,0.040000,-115.657168
810,40.172009,39.753988,38.253988,41.253988,noise,sell_to_mm,38.253988,3,-233.960975,-113.444948,0.090000,-113.534948
811,40.186303,41.675559,40.175559,43.175559,noise,sell_to_mm,40.175559,4,-274.136534,-113.391322,0.160000,-113.551322
812,41.559035,42.718435,41.218435,44.218435,informed,none,0.000000,4,-274.136534,-107.900392,0.160000,-108.060392
813,41.460575,40.946738,39.446738,42.446738,noise,none,0.000000,4,-274.136534,-108.294234,0.160000,-108.454234
814,41.179404,40.514888,39.014888,42.014888,informed,none,0.000000,4,-274.136534,-109.418916,0.160000,-109.578916
815,40.716227,41.354332,39.854332,42.854332,informed,none,0.000000,4,-274.136534,-111.271626,0.160000,-111.431626
816,41.748505,41.505963,40.005963,43.005963,noise,none,0.000000,4,-274.136534,-107.142513,0.160000,-107.302513
817,40.817156,40.313105,38.813105,41.813105,informed,none,0.000000,4,-274.136534,-110.867910,0.160000,-111.027910
818,41.172288,42.317286,40.817286,43.817286,noise,none,0.000000,4,-274.136534,-109.447382,0.160000,-109.607382
819,40.757700,40.535225,39.035225,42.035225,noise,none,0.000000,4,-274.136534,-111.105733,0.160000,-111.265733
820,41.703767,42.562396,41.062396,44.062396,informed,none,0.000000,4,-274.136534,-107.321466,0.160000,-107.481466
821,42.011341,42.198755,40.698755,43.698755,noise,none,0.000000,4,-274.136534,-106.091169,0.160000,-106.251169
822,41.300554,41.262823,39.762823,42.762823,noise,none,0.000000,4,-274.136534,-108.934317,0.160000,-109.094317
823,42.530954,42.492275,40.992275,43.992275,noise,none,0.000000,4,-274.136534,-104.012718,0.160000,-104.172718
824,43.443077,43.785384,42.285384,45.285384,informed,none,0.000000,4,-274.136534,-100.364227,0.160000,-100.524227
825,43.596264,45.040348,43.540348,46.540348,noise,none,0.000000,4,-274.136534,-99.751476,0.160000,-99.911476
826,43.711528,43.077613,41.577613,44.577613,informed,none,0.000000,4,-274.136534,-99.290420,0.160000,-99.450420
827,42.330491,42.202601,40.702601,43.702601,noise,sell_to_mm,40.702601,5,-314.839135,-103.186678,0.250000,-103.436678
828,42.252526,43.345137,41.845137,44.845137,noise,sell_to_mm,41.845137,6,-356.684272,-103.169118,0.360000,-103.529118
829,41.096366,41.541988,40.041988,43.041988,noise,none,0.000000,6,-356.684272,-110.106076,0.360000,-110.466076
830,40.398116,42.066169,40.566169,43.566169,noise,sell_to_mm,40.566169,7,-397.250441,-114.463630,0.490000,-114.953630
831,41.623456,41.596390,40.096390,43.096390,noise,buy_from_mm,43.096390,6,-354.154051,-104.413314,0.360000,-104.773314
832,41.325551,40.833256,39.333256,42.333256,informed,none,0.000000,6,-354.154051,-106.200744,0.360000,-106.560744
833,41.454748,41.129739,39.629739,42.629739,informed,none,0.000000,6,-354.154051,-105.425565,0.360000,-105.785565
834,41.501259,40.595309,39.095309,42.095309,noise,none,0.000000,6,-354.154051,-105.146496,0.360000,-105.506496
835,40.507034,39.951012,38.451012,41.451012,noise,buy_from_mm,41.451012,5,-312.703039,-110.167869,0.250000,-110.417869
836,38.153851,37.069654,35.569654,38.569654,noise,sell_to_mm,35.569654,6,-348.272692,-119.349589,0.360000,-119.709589
837,38.033192,37.118314,35.618314,38.618314,noise,none,0.000000,6,-348.272692,-120.073542,0.360000,-120.433542
838,38.307420,37.533411,36.033411,39.033411,noise,none,0.000000,6,-348.272692,-118.428171,0.360000,-118.788171
839,37.604289,37.754160,36.254160,39.254160,noise,none,0.000000,6,-348.272692,-122.646958,0.360000,-123.006958
840,36.819875,36.729137,35.229137,38.229137,noise,none,0.000000,6,-348.272692,-127.353445,0.360000,-127.713445
841,36.342038,34.391721,32.891721,35.891721,informed,buy_from_mm,35.891721,5,-312.380971,-130.670780,0.250000,-130.920780
842,36.102020,35.314505,33.814505,36.814505,noise,none,0.000000,5,-312.380971,-131.870872,0.250000,-132.120872
843,37.473285,37.252009,35.752009,38.752009,informed,none,0.000000,5,-312.380971,-125.014548,0.250000,-125.264548
844,39.043030,39.090394,37.590394,40.590394,noise,none,0.000000,5,-312.380971,-117.165821,0.250000,-117.415821
845,40.257699,41.532151,40.032151,43.032151,noise,none,0.000000,5,-312.380971,-111.092478,0.250000,-111.342478
846,42.034865,42.201654,40.701654,43.701654,noise,none,0.000000,5,-312.380971,-102.206645,0.250000,-102.456645
847,42.022132,43.213451,41.713451,44.713451,informed,none,0.000000,5,-312.380971,-102.270313,0.250000,-102.520313
848,42.253746,41.358775,39.858775,42.858775,noise,buy_from_mm,42.858775,4,-269.522197,-100.507214,0.160000,-100.667214
849,42.535900,43.107741,41.607741,44.607741,informed,none,0.000000,4,-269.522197,-99.378595,0.160000,-99.538595
850,43.399862,43.376795,41.876795,44.876795,informed,none,0.000000,4,-269.522197,-95.922749,0.160000,-96.082749
851,45.098890,44.160524,42.660524,45.660524,noise,none,0.000000,4,-269.522197,-89.126638,0.160000,-89.286638
852,43.879787,45.397014,43.897014,46.897014,noise,none,0.000000,4,-269.522197,-94.003047,0.160000,-94.163047
853,43.711804,43.046538,41.546538,44.546538,noise,none,0.000000,4,-269.522197,-94.674981,0.160000,-94.834981
854,44.730417,45.889456,44.389456,47.389456,informed,none,0.000000,4,-269.522197,-90.600529,0.160000,-90.760529
855,43.975216,43.218479,41.718479,44.718479,noise,sell_to_mm,41.718479,5,-311.240676,-91.364596,0.250000,-91.614596
856,43.760440,43.525010,42.025010,45.025010,informed,none,0.000000,5,-311.240676,-92.438477,0.250000,-92.688477
857,45.172661,44.902307,43.402307,46.402307,informed,none,0.000000,5,-311.240676,-85.377370,0.250000,-85.627370
858,44.025605,44.019608,42.519608,45.519608,informed,none,0.000000,5,-311.240676,-91.112650,0.250000,-91.362650
859,45.395034,45.948636,44.448636,47.448636,informed,none,0.000000,5,-311.240676,-84.265507,0.250000,-84.515507
860,46.682650,47.021217,45.521217,48.521217,noise,sell_to_mm,45.521217,6,-356.761893,-76.665995,0.360000,-77.025995
861,45.931483,47.190592,45.690592,48.690592,informed,none,0.000000,6,-356.761893,-81.172993,0.360000,-81.532993
862,47.062058,47.496805,45.996805,48.996805,informed,none,0.000000,6,-356.761893,-74.389547,0.360000,-74.749547
863,47.053778,45.398960,43.898960,46.898960,informed,buy_from_mm,46.898960,5,-309.862933,-74.594041,0.250000,-74.844041
864,47.039800,45.811890,44.311890,47.311890,noise,none,0.000000,5,-309.862933,-74.663933,0.250000,-74.913933
865,48.686112,50.651276,49.151276,52.151276,noise,sell_to_mm,49.151276,6,-359.014209,-66.897537,0.360000,-67.257537
866,48.436490,48.049650,46.549650,49.549650,noise,none,0.000000,6,-359.014209,-68.395272,0.360000,-68.755272
867,47.693023,47.711620,46.211620,49.211620,noise,none,0.000000,6,-359.014209,-72.856068,0.360000,-73.216068
868,48.420060,48.885854,47.385854,50.385854,informed,none,0.000000,6,-359.014209,-68.493850,0.360000,-68.853850
869,46.403498,46.480765,44.980765,47.980765,informed,none,0.000000,6,-359.014209,-80.593219,0.360000,-80.953219
870,46.410116,46.747905,45.247905,48.247905,informed,none,0.000000,6,-359.014209,-80.553513,0.360000,-80.913513
871,45.236001,45.566199,44.066199,47.066199,noise,buy_from_mm,47.066199,5,-311.948010,-85.768006,0.250000,-86.018006
872,44.586213,44.477897,42.977897,45.977897,noise,sell_to_mm,42.977897,6,-354.925907,-87.408628,0.360000,-87.768628
873,44.685394,46.613037,45.113037,48.113037,noise,none,0.000000,6,-354.925907,-86.813540,0.360000,-87.173540
874,44.499366,44.251830,42.751830,45.751830,noise,sell_to_mm,42.751830,7,-397.677736,-86.182174,0.490000,-86.672174
875,45.581388,44.806721,43.306721,46.306721,noise,none,0.000000,7,-397.677736,-78.608022,0.490000,-79.098022
876,45.277744,44.723734,43.223734,46.223734,noise,buy_from_mm,46.223734,6,-351.454002,-79.787537,0.360000,-80.147537
877,46.274606,46.844676,45.344676,48.344676,noise,buy_from_mm,48.344676,5,-303.109326,-71.736297,0.250000,-71.986297
878,47.952019,47.784574,46.284574,49.284574,noise,none,0.000000,5,-303.109326,-63.349231,0.250000,-63.599231
879,48.080948,47.204883,45.704883,48.704883,noise,none,0.000000,5,-303.109326,-62.704584,0.250000,-62.954584
880,48.493211,47.938749,46.438749,49.438749,informed,none,0.000000,5,-303.109326,-60.643269,0.250000,-60.893269
881,48.317520,46.708134,45.208134,48.208134,noise,none,0.000000,5,-303.109326,-61.521727,0.250000,-61.771727
882,48.493901,47.783756,46.283756,49.283756,informed,none,0.000000,5,-303.109326,-60.639823,0.250000,-60.889823
883,49.942355,50.690137,49.190137,52.190137,informed,none,0.000000,5,-303.109326,-53.397553,0.250000,-53.647553
884,50.781090,51.683210,50.183210,53.183210,noise,sell_to_mm,50.183210,6,-353.292536,-48.605996,0.360000,-48.965996
885,51.186711,51.180528,49.680528,52.680528,noise,none,0.000000,6,-353.292536,-46.172267,0.360000,-46.532267
886,51.619640,51.878566,50.378566,53.378566,noise,buy_from_mm,53.378566,5,-299.913970,-41.815768,0.250000,-42.065768
887,50.888936,50.294089,48.794089,51.794089,noise,none,0.000000,5,-299.913970,-45.469290,0.250000,-45.719290
888,51.180651,50.410227,48.910227,51.910227,noise,none,0.000000,5,-299.913970,-44.010714,0.250000,-44.260714
889,49.774069,50.007939,48.507939,51.507939,informed,none,0.000000,5,-299.913970,-51.043624,0.250000,-51.293624
890,51.374158,51.235446,49.735446,52.735446,noise,buy_from_mm,52.735446,4,-247.178525,-41.681892,0.160000,-41.841892
891,51.740058,52.854261,51.354261,54.354261,informed,none,0.000000,4,-247.178525,-40.218293,0.160000,-40.378293
892,50.488241,51.242942,49.742942,52.742942,noise,none,0.000000,4,-247.178525,-45.225561,0.160000,-45.385561
893,51.321394,50.462398,48.962398,51.962398,noise,none,0.000000,4,-247.178525,-41.892947,0.160000,-42.052947
894,49.932601,51.710349,50.210349,53.210349,noise,none,0.000000,4,-247.178525,-47.448120,0.160000,-47.608120
895,50.377963,51.366246,49.866246,52.866246,noise,none,0.000000,4,-247.178525,-45.666671,0.160000,-45.826671
896,49.574005,50.580685,49.080685,52.080685,informed,none,0.000000,4,-247.178525,-48.882504,0.160000,-49.042504
897,48.831879,47.974548,46.474548,49.474548,noise,sell_to_mm,46.474548,5,-293.653072,-49.493678,0.250000,-49.743678
898,49.630412,48.757412,47.257412,50.257412,noise,buy_from_mm,50.257412,4,-243.395661,-44.874013,0.160000,-45.034013
899,49.210517,49.634870,48.134870,51.134870,noise,none,0.000000,4,-243.395661,-46.553594,0.160000,-46.713594
900,50.863373,51.667276,50.167276,53.167276,noise,none,0.000000,4,-243.395661,-39.942169,0.160000,-40.102169
901,50.875703,49.426620,47.926620,50.926620,noise,none,0.000000,4,-243.395661,-39.892850,0.160000,-40.052850
902,51.551638,54.362563,52.862563,55.862563,noise,none,0.000000,4,-243.395661,-37.189107,0.160000,-37.349107
903,50.198108,52.296117,50.796117,53.796117,noise,sell_to_mm,50.796117,5,-294.191778,-43.201240,0.250000,-43.451240
904,49.823654,49.108366,47.608366,50.608366,informed,none,0.000000,5,-294.191778,-45.073510,0.250000,-45.323510
905,49.554140,49.390680,47.890680,50.890680,noise,sell_to_mm,47.890680,6,-342.082458,-44.757618,0.360000,-45.117618
906,50.580932,52.675371,51.175371,54.175371,noise,none,0.000000,6,-342.082458,-38.596868,0.360000,-38.956868
907,51.795116,51.817148,50.317148,53.317148,noise,none,0.000000,6,-342.082458,-31.311764,0.360000,-31.671764
908,51.617044,49.832361,48.332361,51.332361,noise,none,0.000000,6,-342.082458,-32.380192,0.360000,-32.740192
909,51.780003,50.587465,49.087465,52.087465,informed,none,0.000000,6,-342.082458,-31.402441,0.360000,-31.762441
910,50.301815,49.184238,47.684238,50.684238,noise,none,0.000000,6,-342.082458,-40.271567,0.360000,-40.631567
911,51.123695,49.828050,48.328050,51.328050,noise,none,0.000000,6,-342.082458,-35.340287,0.360000,-35.700287
912,50.045116,50.825200,49.325200,52.325200,noise,none,0.000000,6,-342.082458,-41.811760,0.360000,-42.171760
913,48.948997,49.271633,47.771633,50.771633,noise,none,0.000000,6,-342.082458,-48.388475,0.360000,-48.748475
914,49.673075,49.783033,48.283033,51.283033,noise,buy_from_mm,51.283033,5,-290.799425,-42.434050,0.250000,-42.684050
915,48.050388,46.406095,44.906095,47.906095,noise,none,0.000000,5,-290.799425,-50.547487,0.250000,-50.797487
916,47.388132,47.971098,46.471098,49.471098,noise,none,0.000000,5,-290.799425,-53.858767,0.250000,-54.108767
917,45.922338,46.538785,45.038785,48.038785,noise,none,0.000000,5,-290.799425,-61.187736,0.250000,-61.437736
918,46.281904,46.991878,45.491878,48.491878,noise,none,0.000000,5,-290.799425,-59.389906,0.250000,-59.639906
919,47.433559,45.997536,44.497536,47.497536,noise,none,0.000000,5,-290.799425,-53.631630,0.250000,-53.881630
920,46.199496,45.406926,43.906926,46.906926,noise,none,0.000000,5,-290.799425,-59.801945,0.250000,-60.051945
921,45.613926,45.223117,43.723117,46.723117,informed,none,0.000000,5,-290.799425,-62.729795,0.250000,-62.979795
922,45.679765,44.801589,43.301589,46.301589,noise,none,0.000000,5,-290.799425,-62.400599,0.250000,-62.650599
923,46.255990,48.287399,46.787399,49.787399,informed,sell_to_mm,46.787399,6,-337.586824,-60.050887,0.360000,-60.410887
924,44.296208,44.026198,42.526198,45.526198,noise,none,0.000000,6,-337.586824,-71.809579,0.360000,-72.169579
925,44.590068,42.953003,41.453003,44.453003,informed,buy_from_mm,44.453003,5,-293.133821,-70.183479,0.250000,-70.433479
926,44.873821,44.506399,43.006399,46.006399,noise,none,0.000000,5,-293.133821,-68.764714,0.250000,-69.014714
927,43.850175,42.442781,40.942781,43.942781,noise,none,0.000000,5,-293.133821,-73.882945,0.250000,-74.132945
928,44.781368,45.028198,43.528198,46.528198,noise,none,0.000000,5,-293.133821,-69.226983,0.250000,-69.476983
929,43.368416,42.747210,41.247210,44.247210,noise,none,0.000000,5,-293.133821,-76.291739,0.250000,-76.541739
930,43.279383,43.093820,41.593820,44.593820,informed,none,0.000000,5,-293.133821,-76.736907,0.250000,-76.986907
931,43.933215,42.552581,41.052581,44.052581,informed,none,0.000000,5,-293.133821,-73.467745,0.250000,-73.717745
932,45.615238,46.288592,44.788592,47.788592,noise,none,0.000000,5,-293.133821,-65.057628,0.250000,-65.307628
933,43.944787,43.427241,41.927241,44.927241,noise,none,0.000000,5,-293.133821,-73.409888,0.250000,-73.659888
934,42.748686,42.406174,40.906174,43.906174,informed,none,0.000000,5,-293.133821,-79.390391,0.250000,-79.640391
935,44.689639,41.936671,40.436671,43.436671,noise,sell_to_mm,40.436671,6,-333.570492,-65.432660,0.360000,-65.792660
936,46.267534,46.245233,44.745233,47.745233,noise,none,0.000000,6,-333.570492,-55.965286,0.360000,-56.325286
937,46.560732,47.394957,45.894957,48.894957,noise,none,0.000000,6,-333.570492,-54.206103,0.360000,-54.566103
938,46.029996,46.959584,45.459584,48.459584,informed,none,0.000000,6,-333.570492,-57.390515,0.360000,-57.750515
939,44.106295,43.945862,42.445862,45.445862,informed,none,0.000000,6,-333.570492,-68.932725,0.360000,-69.292725
940,46.833398,46.044991,44.544991,47.544991,noise,none,0.000000,6,-333.570492,-52.570104,0.360000,-52.930104
941,46.789240,46.339626,44.839626,47.839626,noise,none,0.000000,6,-333.570492,-52.835053,0.360000,-53.195053
942,48.114678,48.209833,46.709833,49.709833,informed,none,0.000000,6,-333.570492,-44.882423,0.360000,-45.242423
943,48.529934,49.207692,47.707692,50.707692,informed,none,0.000000,6,-333.570492,-42.390887,0.360000,-42.750887
944,49.628010,49.929216,48.429216,51.429216,informed,none,0.000000,6,-333.570492,-35.802431,0.360000,-36.162431
945,49.165027,47.520195,46.020195,49.020195,noise,none,0.000000,6,-333.570492,-38.580332,0.360000,-38.940332
946,48.738397,49.542788,48.042788,51.042788,informed,none,0.000000,6,-333.570492,-41.140109,0.360000,-41.500109
947,47.624717,47.350048,45.850048,48.850048,informed,none,0.000000,6,-333.570492,-47.822189,0.360000,-48.182189
948,45.744206,43.273775,41.773775,44.773775,noise,buy_from_mm,44.773775,5,-288.796718,-60.075688,0.250000,-60.325688
949,45.248908,44.827736,43.327736,46.327736,informed,none,0.000000,5,-288.796718,-62.552180,0.250000,-62.802180
950,45.538283,45.410508,43.910508,46.910508,informed,none,0.000000,5,-288.796718,-61.105304,0.250000,-61.355304
951,44.383748,42.226250,40.726250,43.726250,noise,buy_from_mm,43.726250,4,-245.070468,-67.535476,0.160000,-67.695476
952,43.998910,44.438430,42.938430,45.938430,informed,none,0.000000,4,-245.070468,-69.074826,0.160000,-69.234826
953,44.327702,46.053415,44.553415,47.553415,noise,buy_from_mm,47.553415,3,-197.517053,-64.533948,0.090000,-64.623948
954,44.866321,43.351809,41.851809,44.851809,informed,buy_from_mm,44.851809,2,-152.665244,-62.932601,0.040000,-62.972601
955,45.153790,45.466099,43.966099,46.966099,informed,none,0.000000,2,-152.665244,-62.357663,0.040000,-62.397663
956,44.237704,44.928046,43.428046,46.428046,noise,none,0.000000,2,-152.665244,-64.189835,0.040000,-64.229835
957,45.315049,44.389021,42.889021,45.889021,noise,none,0.000000,2,-152.665244,-62.035145,0.040000,-62.075145
958,44.881269,43.325495,41.825495,44.825495,noise,none,0.000000,2,-152.665244,-62.902707,0.040000,-62.942707
959,44.972287,42.529619,41.029619,44.029619,informed,buy_from_mm,44.029619,1,-108.635624,-63.663337,0.010000,-63.673337
960,44.900636,43.983959,42.483959,45.483959,noise,sell_to_mm,42.483959,2,-151.119583,-61.318312,0.040000,-61.358312
961,43.939536,45.484617,43.984617,46.984617,noise,none,0.000000,2,-151.119583,-63.240512,0.040000,-63.280512
962,43.135245,43.253573,41.753573,44.753573,noise,buy_from_mm,44.753573,1,-106.366011,-63.230766,0.010000,-63.240766
963,44.389586,45.924399,44.424399,47.424399,informed,sell_to_mm,44.424399,2,-150.790409,-62.011237,0.040000,-62.051237
964,43.448538,43.149610,41.649610,44.649610,informed,none,0.000000,2,-150.790409,-63.893333,0.040000,-63.933333
965,43.075871,44.002198,42.502198,45.502198,informed,none,0.000000,2,-150.790409,-64.638667,0.040000,-64.678667
966,44.181233,43.083791,41.583791,44.583791,noise,none,0.000000,2,-150.790409,-62.427944,0.040000,-62.467944
967,45.006994,44.081458,42.581458,45.581458,noise,none,0.000000,2,-150.790409,-60.776421,0.040000,-60.816421
968,45.794722,44.182336,42.682336,45.682336,informed,buy_from_mm,45.682336,1,-105.108074,-59.313352,0.010000,-59.323352
969,45.801650,45.229809,43.729809,46.729809,informed,none,0.000000,1,-105.108074,-59.306423,0.010000,-59.316423
970,48.163925,48.272839,46.772839,49.772839,noise,none,0.000000,1,-105.108074,-56.944149,0.010000,-56.954149
971,49.692000,50.397734,48.897734,51.897734,informed,none,0.000000,1,-105.108074,-55.416073,0.010000,-55.426073
972,51.146321,49.630132,48.130132,51.130132,noise,none,0.000000,1,-105.108074,-53.961753,0.010000,-53.971753
973,50.206942,49.206306,47.706306,50.706306,noise,none,0.000000,1,-105.108074,-54.901132,0.010000,-54.911132
974,49.076514,49.627606,48.127606,51.127606,noise,none,0.000000,1,-105.108074,-56.031560,0.010000,-56.041560
975,49.821184,49.504479,48.004479,51.004479,noise,none,0.000000,1,-105.108074,-55.286889,0.010000,-55.296889
976,49.568557,50.035386,48.535386,51.535386,informed,none,0.000000,1,-105.108074,-55.539516,0.010000,-55.549516
977,48.413370,46.829044,45.329044,48.329044,informed,buy_from_mm,48.329044,0,-56.779029,-56.779029,0.000000,-56.779029
978,49.663202,51.814309,50.314309,53.314309,informed,sell_to_mm,50.314309,1,-107.093339,-57.430136,0.010000,-57.440136
979,49.405200,48.872862,47.372862,50.372862,noise,buy_from_mm,50.372862,0,-56.720477,-56.720477,0.000000,-56.720477
980,49.258437,49.063033,47.563033,50.563033,noise,none,0.000000,0,-56.720477,-56.720477,0.000000,-56.720477
981,49.776459,49.910680,48.410680,51.410680,noise,none,0.000000,0,-56.720477,-56.720477,0.000000,-56.720477
982,51.041221,50.087371,48.587371,51.587371,noise,none,0.000000,0,-56.720477,-56.720477,0.000000,-56.720477
983,49.573227,48.722739,47.222739,50.222739,noise,sell_to_mm,47.222739,1,-103.943216,-54.369989,0.010000,-54.379989
984,49.942404,48.833974,47.333974,50.333974,informed,none,0.000000,1,-103.943216,-54.000812,0.010000,-54.010812
985,49.159956,47.988868,46.488868,49.488868,informed,none,0.000000,1,-103.943216,-54.783260,0.010000,-54.793260
986,49.807125,50.223277,48.723277,51.723277,noise,none,0.000000,1,-103.943216,-54.136091,0.010000,-54.146091
987,50.934987,52.117872,50.617872,53.617872,informed,none,0.000000,1,-103.943216,-53.008228,0.010000,-53.018228
988,50.468802,51.125704,49.625704,52.625704,noise,buy_from_mm,52.625704,0,-51.317512,-51.317512,0.000000,-51.317512
989,50.298866,48.817313,47.317313,50.317313,noise,none,0.000000,0,-51.317512,-51.317512,0.000000,-51.317512
990,50.449868,51.753674,50.253674,53.253674,noise,none,0.000000,0,-51.317512,-51.317512,0.000000,-51.317512
991,48.259564,47.371877,45.871877,48.871877,noise,none,0.000000,0,-51.317512,-51.317512,0.000000,-51.317512
992,46.168527,44.451133,42.951133,45.951133,informed,buy_from_mm,45.951133,-1,-5.366379,-51.534905,0.010000,-51.544905
993,45.833481,45.407785,43.907785,46.907785,noise,none,0.000000,-1,-5.366379,-51.199859,0.010000,-51.209859
994,45.725614,45.475709,43.975709,46.975709,noise,none,0.000000,-1,-5.366379,-51.091992,0.010000,-51.101992
995,46.026865,46.690756,45.190756,48.190756,noise,buy_from_mm,48.190756,-2,42.824377,-49.229353,0.040000,-49.269353
996,45.522771,45.369774,43.869774,46.869774,informed,none,0.000000,-2,42.824377,-48.221164,0.040000,-48.261164
997,45.362169,45.155673,43.655673,46.655673,informed,none,0.000000,-2,42.824377,-47.899961,0.040000,-47.939961
998,45.835219,48.048976,46.548976,49.548976,noise,none,0.000000,-2,42.824377,-48.846061,0.040000,-48.886061
999,44.951899,47.089138,45.589138,48.589138,noise,none,0.000000,-2,42.824377,-47.079421,0.040000,-47.119421
1000,44.645440,45.972753,44.472753,47.472753,noise,none,0.000000,-2,42.824377,-46.466503,0.040000,-46.506503
1001,44.313314,45.769528,44.269528,47.269528,noise,none,0.000000,-2,42.824377,-45.802251,0.040000,-45.842251
1002,47.195835,48.328699,46.828699,49.828699,informed,none,0.000000,-2,42.824377,-51.567293,0.040000,-51.607293
1003,47.889166,48.836990,47.336990,50.336990,noise,buy_from_mm,50.336990,-3,93.161366,-50.506132,0.090000,-50.596132
1004,46.927064,45.912630,44.412630,47.412630,noise,none,0.000000,-3,93.161366,-47.619826,0.090000,-47.709826
1005,48.326232,48.153821,46.653821,49.653821,noise,none,0.000000,-3,93.161366,-51.817331,0.090000,-51.907331
1006,47.324708,45.604712,44.104712,47.104712,informed,buy_from_mm,47.104712,-4,140.266079,-49.032754,0.160000,-49.192754
1007,48.955881,50.616236,49.116236,52.116236,noise,buy_from_mm,52.116236,-5,192.382314,-52.397091,0.250000,-52.647091
1008,48.632368,48.126829,46.626829,49.626829,noise,none,0.000000,-5,192.382314,-50.779527,0.250000,-51.029527
1009,51.091091,50.433953,48.933953,51.933953,noise,buy_from_mm,51.933953,-6,244.316267,-62.230281,0.360000,-62.590281
1010,50.980682,50.023407,48.523407,51.523407,noise,none,0.000000,-6,244.316267,-61.567826,0.360000,-61.927826
1011,50.983065,51.698325,50.198325,53.198325,informed,none,0.000000,-6,244.316267,-61.582124,0.360000,-61.942124
1012,51.839122,53.214364,51.714364,54.714364,noise,none,0.000000,-6,244.316267,-66.718465,0.360000,-67.078465
1013,50.949257,50.231587,48.731587,51.731587,noise,none,0.000000,-6,244.316267,-61.379276,0.360000,-61.739276
1014,49.543943,50.225170,48.725170,51.725170,informed,none,0.000000,-6,244.316267,-52.947391,0.360000,-53.307391
1015,49.368479,49.724823,48.224823,51.224823,noise,none,0.000000,-6,244.316267,-51.894608,0.360000,-52.254608
1016,48.881401,49.652652,48.152652,51.152652,informed,none,0.000000,-6,244.316267,-48.972141,0.360000,-49.332141
1017,48.034815,48.402436,46.902436,49.902436,informed,none,0.000000,-6,244.316267,-43.892621,0.360000,-44.252621
1018,49.231735,50.367831,48.867831,51.867831,informed,none,0.000000,-6,244.316267,-51.074141,0.360000,-51.434141
1019,49.686021,48.454300,46.954300,49.954300,noise,none,0.000000,-6,244.316267,-53.799861,0.360000,-54.159861
1020,48.975756,47.842997,46.342997,49.342997,informed,none,0.000000,-6,244.316267,-49.538268,0.360000,-49.898268
1021,49.668007,48.825563,47.325563,50.325563,noise,none,0.000000,-6,244.316267,-53.691772,0.360000,-54.051772
1022,51.275639,49.993106,48.493106,51.493106,noise,none,0.000000,-6,244.316267,-63.337564,0.360000,-63.697564
1023,51.087124,51.215416,49.715416,52.715416,noise,none,0.000000,-6,244.316267,-62.206476,0.360000,-62.566476
1024,52.120389,52.798787,51.298787,54.298787,informed,none,0.000000,-6,244.316267,-68.406065,0.360000,-68.766065
1025,51.812781,51.902113,50.402113,53.402113,informed,none,0.000000,-6,244.316267,-66.560417,0.360000,-66.920417
1026,52.106940,51.567775,50.067775,53.067775,informed,none,0.000000,-6,244.316267,-68.325373,0.360000,-68.685373
1027,52.722722,51.934435,50.434435,53.434435,noise,none,0.000000,-6,244.316267,-72.020067,0.360000,-72.380067
1028,54.406315,54.721676,53.221676,56.221676,noise,buy_from_mm,56.221676,-7,300.537943,-80.306259,0.490000,-80.796259
1029,56.420937,57.347372,55.847372,58.847372,informed,none,0.000000,-7,300.537943,-94.408615,0.490000,-94.898615
1030,57.458311,58.301268,56.801268,59.801268,informed,none,0.000000,-7,300.537943,-101.670237,0.490000,-102.160237
1031,56.663819,55.880141,54.380141,57.380141,noise,none,0.000000,-7,300.537943,-96.108790,0.490000,-96.598790
1032,55.606364,55.285592,53.785592,56.785592,noise,none,0.000000,-7,300.537943,-88.706605,0.490000,-89.196605
1033,54.624389,54.329720,52.829720,55.829720,noise,none,0.000000,-7,300.537943,-81.832780,0.490000,-82.322780
1034,54.619712,54.661426,53.161426,56.161426,noise,sell_to_mm,53.161426,-6,247.376518,-80.341757,0.360000,-80.701757
1035,55.316681,53.471306,51.971306,54.971306,noise,none,0.000000,-6,247.376518,-84.523566,0.360000,-84.883566
1036,54.716415,54.662171,53.162171,56.162171,informed,none,0.000000,-6,247.376518,-80.921972,0.360000,-81.281972
1037,55.424982,54.775372,53.275372,56.275372,noise,none,0.000000,-6,247.376518,-85.173375,0.360000,-85.533375
1038,55.490958,56.462822,54.962822,57.962822,informed,none,0.000000,-6,247.376518,-85.569231,0.360000,-85.929231
1039,56.427537,57.768349,56.268349,59.268349,informed,none,0.000000,-6,247.376518,-91.188703,0.360000,-91.548703
1040,56.001377,53.147683,51.647683,54.647683,noise,none,0.000000,-6,247.376518,-88.631745,0.360000,-88.991745
1041,57.221032,57.599223,56.099223,59.099223,informed,none,0.000000,-6,247.376518,-95.949675,0.360000,-96.309675
1042,57.374943,56.201286,54.701286,57.701286,noise,none,0.000000,-6,247.376518,-96.873138,0.360000,-97.233138
1043,56.913474,56.601966,55.101966,58.101966,informed,none,0.000000,-6,247.376518,-94.104327,0.360000,-94.464327
1044,55.830716,56.812032,55.312032,58.312032,noise,none,0.000000,-6,247.376518,-87.607778,0.360000,-87.967778
1045,55.059299,54.772553,53.272553,56.272553,informed,none,0.000000,-6,247.376518,-82.979275,0.360000,-83.339275
1046,54.457009,52.059643,50.559643,53.559643,noise,none,0.000000,-6,247.376518,-79.365537,0.360000,-79.725537
1047,54.549348,54.439215,52.939215,55.939215,noise,none,0.000000,-6,247.376518,-79.919569,0.360000,-80.279569
1048,53.961080,54.898483,53.398483,56.398483,informed,none,0.000000,-6,247.376518,-76.389961,0.360000,-76.749961
1049,53.857888,53.002613,51.502613,54.502613,noise,sell_to_mm,51.502613,-5,195.873905,-73.415538,0.250000,-73.665538
1050,53.009268,53.079730,51.579730,54.579730,noise,sell_to_mm,51.579730,-4,144.294174,-67.742898,0.160000,-67.902898
1051,52.818638,52.672382,51.172382,54.172382,noise,buy_from_mm,54.172382,-5,198.466556,-65.626634,0.250000,-65.876634
1052,53.381511,53.615345,52.115345,55.115345,informed,none,0.000000,-5,198.466556,-68.441001,0.250000,-68.691001
1053,53.933101,53.791980,52.291980,55.291980,informed,none,0.000000,-5,198.466556,-71.198948,0.250000,-71.448948
1054,54.025115,53.994185,52.494185,55.494185,noise,none,0.000000,-5,198.466556,-71.659017,0.250000,-71.909017
1055,52.855045,52.564510,51.064510,54.064510,informed,none,0.000000,-5,198.466556,-65.808668,0.250000,-66.058668
1056,54.391715,54.282412,52.782412,55.782412,noise,buy_from_mm,55.782412,-6,254.248968,-72.101320,0.360000,-72.461320
1057,52.546505,52.442651,50.942651,53.942651,informed,none,0.000000,-6,254.248968,-61.030063,0.360000,-61.390063
1058,52.561989,54.139705,52.639705,55.639705,noise,none,0.000000,-6,254.248968,-61.122965,0.360000,-61.482965
1059,52.460819,52.824947,51.324947,54.324947,noise,none,0.000000,-6,254.248968,-60.515945,0.360000,-60.875945
1060,53.564030,53.999537,52.499537,55.499537,noise,none,0.000000,-6,254.248968,-67.135214,0.360000,-67.495214
1061,51.815662,53.436097,51.936097,54.936097,noise,none,0.000000,-6,254.248968,-56.645003,0.360000,-57.005003
1062,52.720307,54.748728,53.248728,56.248728,informed,sell_to_mm,53.248728,-5,201.000240,-62.601297,0.250000,-62.851297
1063,52.324129,52.704916,51.204916,54.204916,informed,none,0.000000,-5,201.000240,-60.620407,0.250000,-60.870407
1064,52.231701,50.998211,49.498211,52.498211,informed,none,0.000000,-5,201.000240,-60.158265,0.250000,-60.408265
1065,51.565455,50.309729,48.809729,51.809729,informed,none,0.000000,-5,201.000240,-56.827033,0.250000,-57.077033
1066,50.155726,49.740607,48.240607,51.240607,informed,none,0.000000,-5,201.000240,-49.778388,0.250000,-50.028388
1067,51.751250,51.466076,49.966076,52.966076,noise,sell_to_mm,49.966076,-4,151.034164,-55.970836,0.160000,-56.130836
1068,51.297418,50.396466,48.896466,51.896466,noise,sell_to_mm,48.896466,-3,102.137698,-51.754556,0.090000,-51.844556
1069,50.998869,50.411805,48.911805,51.911805,noise,none,0.000000,-3,102.137698,-50.858908,0.090000,-50.948908
1070,50.908060,51.648476,50.148476,53.148476,informed,none,0.000000,-3,102.137698,-50.586483,0.090000,-50.676483
1071,51.656207,52.638318,51.138318,54.138318,noise,none,0.000000,-3,102.137698,-52.830922,0.090000,-52.920922
1072,52.970920,51.460570,49.960570,52.960570,informed,buy_from_mm,52.960570,-4,155.098267,-56.785412,0.160000,-56.945412
1073,52.111431,51.086348,49.586348,52.586348,informed,none,0.000000,-4,155.098267,-53.347458,0.160000,-53.507458
1074,51.615464,52.989145,51.489145,54.489145,noise,none,0.000000,-4,155.098267,-51.363589,0.160000,-51.523589
1075,52.945085,51.655971,50.155971,53.155971,noise,none,0.000000,-4,155.098267,-56.682074,0.160000,-56.842074
1076,53.482946,54.196133,52.696133,55.696133,noise,none,0.000000,-4,155.098267,-58.833517,0.160000,-58.993517
1077,54.676809,54.915456,53.415456,56.415456,noise,buy_from_mm,56.415456,-5,211.513724,-61.870319,0.250000,-62.120319
1078,53.723844,54.393209,52.893209,55.893209,noise,none,0.000000,-5,211.513724,-57.105494,0.250000,-57.355494
1079,53.888580,54.219355,52.719355,55.719355,informed,none,0.000000,-5,211.513724,-57.929174,0.250000,-58.179174
1080,52.589237,52.863129,51.363129,54.363129,noise,none,0.000000,-5,211.513724,-51.432460,0.250000,-51.682460
1081,53.003188,52.466511,50.966511,53.966511,informed,none,0.000000,-5,211.513724,-53.502218,0.250000,-53.752218
1082,54.200125,55.126914,53.626914,56.626914,noise,none,0.000000,-5,211.513724,-59.486903,0.250000,-59.736903
1083,53.536407,54.030981,52.530981,55.530981,informed,none,0.000000,-5,211.513724,-56.168311,0.250000,-56.418311
1084,56.250043,56.620620,55.120620,58.120620,informed,none,0.000000,-5,211.513724,-69.736489,0.250000,-69.986489
1085,55.542111,54.359451,52.859451,55.859451,noise,none,0.000000,-5,211.513724,-66.196829,0.250000,-66.446829
1086,57.904211,57.712911,56.212911,59.212911,noise,none,0.000000,-5,211.513724,-78.007331,0.250000,-78.257331
1087,57.226624,58.405724,56.905724,59.905724,noise,none,0.000000,-5,211.513724,-74.619395,0.250000,-74.869395
1088,56.612922,56.208030,54.708030,57.708030,noise,buy_from_mm,57.708030,-6,269.221753,-70.455780,0.360000,-70.815780
1089,56.884461,56.977614,55.477614,58.477614,informed,none,0.000000,-6,269.221753,-72.085012,0.360000,-72.445012
1090,56.203003,56.419292,54.919292,57.919292,noise,buy_from_mm,57.919292,-7,327.141046,-66.279975,0.490000,-66.769975
1091,56.100932,55.992370,54.492370,57.492370,noise,none,0.000000,-7,327.141046,-65.565481,0.490000,-66.055481
1092,55.685162,54.735878,53.235878,56.235878,noise,none,0.000000,-7,327.141046,-62.655086,0.490000,-63.145086
1093,54.783073,54.515765,53.015765,56.015765,informed,none,0.000000,-7,327.141046,-56.340469,0.490000,-56.830469
1094,54.814814,53.117822,51.617822,54.617822,informed,buy_from_mm,54.617822,-8,381.758868,-56.759644,0.640000,-57.399644
1095,56.053046,55.338281,53.838281,56.838281,noise,none,0.000000,-8,381.758868,-66.665504,0.640000,-67.305504
1096,56.660732,57.592472,56.092472,59.092472,noise,buy_from_mm,59.092472,-9,440.851340,-69.095250,0.810000,-69.905250
1097,59.088475,58.915796,57.415796,60.415796,noise,none,0.000000,-9,440.851340,-90.944932,0.810000,-91.754932
1098,59.103656,59.033320,57.533320,60.533320,noise,none,0.000000,-9,440.851340,-91.081560,0.810000,-91.891560
1099,59.498259,59.064300,57.564300,60.564300,informed,none,0.000000,-9,440.851340,-94.632992,0.810000,-95.442992
1100,59.926274,59.819235,58.319235,61.319235,informed,none,0.000000,-9,440.851340,-98.485122,0.810000,-99.295122
1101,58.590110,61.255316,59.755316,62.755316,noise,none,0.000000,-9,440.851340,-86.459648,0.810000,-87.269648
1102,59.115762,59.069243,57.569243,60.569243,noise,sell_to_mm,57.569243,-8,383.282097,-89.643998,0.640000,-90.283998
1103,61.046560,58.822051,57.322051,60.322051,noise,none,0.000000,-8,383.282097,-105.090382,0.640000,-105.730382
1104,61.675575,61.240110,59.740110,62.740110,noise,none,0.000000,-8,383.282097,-110.122500,0.640000,-110.762500
1105,60.895473,59.993761,58.493761,61.493761,noise,none,0.000000,-8,383.282097,-103.881686,0.640000,-104.521686
1106,60.753477,61.265534,59.765534,62.765534,noise,none,0.000000,-8,383.282097,-102.745716,0.640000,-103.385716
1107,60.110345,59.386824,57.886824,60.886824,noise,sell_to_mm,57.886824,-7,325.395273,-95.377143,0.490000,-95.867143
1108,59.801778,60.843438,59.343438,62.343438,noise,none,0.000000,-7,325.395273,-93.217176,0.490000,-93.707176
1109,60.099897,62.333477,60.833477,63.833477,noise,none,0.000000,-7,325.395273,-95.304007,0.490000,-95.794007
1110,61.208923,62.776534,61.276534,64.276534,noise,none,0.000000,-7,325.395273,-103.067189,0.490000,-103.557189
1111,60.712833,61.542410,60.042410,63.042410,informed,none,0.000000,-7,325.395273,-99.594559,0.490000,-100.084559
1112,62.716152,63.326797,61.826797,64.826797,noise,none,0.000000,-7,325.395273,-113.617790,0.490000,-114.107790
1113,62.280276,60.960950,59.460950,62.460950,informed,none,0.000000,-7,325.395273,-110.566657,0.490000,-111.056657
1114,62.387719,60.717166,59.217166,62.217166,informed,buy_from_mm,62.217166,-8,387.612439,-111.489312,0.640000,-112.129312
1115,64.308115,65.464806,63.964806,66.964806,informed,none,0.000000,-8,387.612439,-126.852485,0.640000,-127.492485
1116,64.361484,63.759631,62.259631,65.259631,noise,buy_from_mm,65.259631,-9,452.872070,-126.381282,0.810000,-127.191282
1117,64.186920,64.633299,63.133299,66.133299,informed,none,0.000000,-9,452.872070,-124.810212,0.810000,-125.620212
1118,65.263100,65.857481,64.357481,67.357481,noise,none,0.000000,-9,452.872070,-134.495826,0.810000,-135.305826
1119,65.328150,64.264771,62.764771,65.764771,noise,buy_from_mm,65.764771,-10,518.636841,-134.644655,1.000000,-135.644655
1120,66.133124,66.177749,64.677749,67.677749,informed,none,0.000000,-10,518.636841,-142.694401,1.000000,-143.694401
1121,66.046801,67.343104,65.843104,68.843104,noise,none,0.000000,-10,518.636841,-141.831167,1.000000,-142.831167
1122,65.148829,66.056364,64.556364,67.556364,informed,none,0.000000,-10,518.636841,-132.851450,1.000000,-133.851450
1123,64.829695,64.407177,62.907177,65.907177,informed,none,0.000000,-10,518.636841,-129.660105,1.000000,-130.660105
1124,65.867580,66.252702,64.752702,67.752702,noise,none,0.000000,-10,518.636841,-140.038956,1.000000,-141.038956
1125,65.892766,67.102537,65.602537,68.602537,informed,none,0.000000,-10,518.636841,-140.290818,1.000000,-141.290818
1126,65.027826,63.392486,61.892486,64.892486,informed,buy_from_mm,64.892486,-11,583.529327,-131.776762,1.210000,-132.986762
1127,63.557675,64.436297,62.936297,65.936297,noise,none,0.000000,-11,583.529327,-115.605093,1.210000,-116.815093
1128,62.727749,63.640537,62.140537,65.140537,noise,sell_to_mm,62.140537,-10,521.388789,-105.888699,1.000000,-106.888699
1129,62.661754,61.514114,60.014114,63.014114,noise,sell_to_mm,60.014114,-9,461.374675,-102.581107,0.810000,-103.391107
1130,61.697473,62.060038,60.560038,63.560038,informed,none,0.000000,-9,461.374675,-93.902579,0.810000,-94.712579
1131,63.197080,61.475755,59.975755,62.975755,informed,buy_from_mm,62.975755,-10,524.350430,-107.620375,1.000000,-108.620375
1132,61.044596,62.397531,60.897531,63.897531,informed,none,0.000000,-10,524.350430,-86.095527,1.000000,-87.095527
1133,62.265253,63.911351,62.411351,65.411351,noise,none,0.000000,-10,524.350430,-98.302101,1.000000,-99.302101
1134,61.112417,60.213287,58.713287,61.713287,informed,none,0.000000,-10,524.350430,-86.773735,1.000000,-87.773735
1135,61.660183,62.773330,61.273330,64.273330,informed,none,0.000000,-10,524.350430,-92.251401,1.000000,-93.251401
1136,61.856062,62.691310,61.191310,64.191310,noise,buy_from_mm,64.191310,-11,588.541740,-91.874940,1.210000,-93.084940
1137,61.922213,60.603434,59.103434,62.103434,noise,none,0.000000,-11,588.541740,-92.602604,1.210000,-93.812604
1138,63.138283,65.509456,64.009456,67.009456,noise,none,0.000000,-11,588.541740,-105.979371,1.210000,-107.189371
1139,61.722060,60.840507,59.340507,62.340507,informed,none,0.000000,-11,588.541740,-90.400924,1.210000,-91.610924
1140,62.433758,62.834474,61.334474,64.334474,informed,none,0.000000,-11,588.541740,-98.229599,1.210000,-99.439599
1141,62.070929,63.045903,61.545903,64.545903,noise,none,0.000000,-11,588.541740,-94.238481,1.210000,-95.448481
1142,62.416492,61.216170,59.716170,62.716170,noise,none,0.000000,-11,588.541740,-98.039669,1.210000,-99.249669
1143,63.038696,63.387584,61.887584,64.887584,informed,none,0.000000,-11,588.541740,-104.883912,1.210000,-106.093912
1144,60.161186,60.734807,59.234807,62.234807,noise,none,0.000000,-11,588.541740,-73.231309,1.210000,-74.441309
1145,61.014119,59.640600,58.140600,61.140600,noise,buy_from_mm,61.140600,-12,649.682340,-82.487093,1.440000,-83.927093
1146,60.223354,61.539406,60.039406,63.039406,noise,none,0.000000,-12,649.682340,-72.997910,1.440000,-74.437910
1147,59.726158,59.967940,58.467940,61.467940,noise,buy_from_mm,61.467940,-13,711.150280,-65.289771,1.690000,-66.979771
1148,60.096925,58.665660,57.165660,60.165660,noise,none,0.000000,-13,711.150280,-70.109748,1.690000,-71.799748
1149,60.611142,60.356337,58.856337,61.856337,informed,none,0.000000,-13,711.150280,-76.794563,1.690000,-78.484563
1150,61.918485,63.311297,61.811297,64.811297,informed,none,0.000000,-13,711.150280,-93.790028,1.690000,-95.480028
1151,61.028159,59.704050,58.204050,61.204050,informed,none,0.000000,-13,711.150280,-82.215789,1.690000,-83.905789
1152,60.194337,61.044010,59.544010,62.544010,noise,sell_to_mm,59.544010,-12,651.606270,-70.725778,1.440000,-72.165778
1153,59.074609,58.911320,57.411320,60.411320,noise,none,0.000000,-12,651.606270,-57.289039,1.440000,-58.729039
1154,59.094376,57.998756,56.498756,59.498756,noise,none,0.000000,-12,651.606270,-57.526243,1.440000,-58.966243
1155,60.187794,59.677044,58.177044,61.177044,noise,none,0.000000,-12,651.606270,-70.647263,1.440000,-72.087263
1156,61.213184,61.369571,59.869571,62.869571,noise,none,0.000000,-12,651.606270,-82.951935,1.440000,-84.391935
1157,60.267365,60.997464,59.497464,62.497464,informed,none,0.000000,-12,651.606270,-71.602115,1.440000,-73.042115
1158,60.047488,59.800334,58.300334,61.300334,noise,none,0.000000,-12,651.606270,-68.963589,1.440000,-70.403589
1159,59.669257,59.177809,57.677809,60.677809,noise,none,0.000000,-12,651.606270,-64.424813,1.440000,-65.864813
1160,60.553552,60.492042,58.992042,61.992042,noise,none,0.000000,-12,651.606270,-75.036350,1.440000,-76.476350
1161,59.918748,60.430801,58.930801,61.930801,noise,none,0.000000,-12,651.606270,-67.418708,1.440000,-68.858708
1162,60.718484,60.093615,58.593615,61.593615,noise,none,0.000000,-12,651.606270,-77.015544,1.440000,-78.455544
1163,59.579266,59.405506,57.905506,60.905506,noise,none,0.000000,-12,651.606270,-63.344918,1.440000,-64.784918
1164,60.102881,59.589164,58.089164,61.089164,noise,none,0.000000,-12,651.606270,-69.628301,1.440000,-71.068301
1165,59.952552,60.265061,58.765061,61.765061,noise,sell_to_mm,58.765061,-11,592.841208,-66.636866,1.210000,-67.846866
1166,60.030343,60.172667,58.672667,61.672667,noise,sell_to_mm,58.672667,-10,534.168541,-66.134888,1.000000,-67.134888
1167,59.682596,58.818695,57.318695,60.318695,noise,none,0.000000,-10,534.168541,-62.657424,1.000000,-63.657424
1168,58.912439,61.698096,60.198096,63.198096,noise,buy_from_mm,63.198096,-11,597.366637,-50.670196,1.210000,-51.880196
1169,57.628784,57.987736,56.487736,59.487736,noise,none,0.000000,-11,597.366637,-36.549991,1.210000,-37.759991
1170,57.720232,59.600139,58.100139,61.100139,informed,sell_to_mm,58.100139,-10,539.266498,-37.935824,1.000000,-38.935824
1171,58.056442,57.875297,56.375297,59.375297,noise,none,0.000000,-10,539.266498,-41.297919,1.000000,-42.297919
1172,59.337908,58.985077,57.485077,60.485077,noise,none,0.000000,-10,539.266498,-54.112580,1.000000,-55.112580
1173,59.278160,58.949218,57.449218,60.449218,informed,none,0.000000,-10,539.266498,-53.515099,1.000000,-54.515099
1174,59.661135,60.076124,58.576124,61.576124,noise,none,0.000000,-10,539.266498,-57.344854,1.000000,-58.344854
1175,61.182258,62.167074,60.667074,63.667074,noise,none,0.000000,-10,539.266498,-72.556085,1.000000,-73.556085
1176,61.103236,63.072463,61.572463,64.572463,noise,sell_to_mm,61.572463,-9,477.694035,-72.235092,0.810000,-73.045092
1177,61.849354,61.587348,60.087348,63.087348,noise,none,0.000000,-9,477.694035,-78.950154,0.810000,-79.760154
1178,61.938739,61.960780,60.460780,63.460780,informed,none,0.000000,-9,477.694035,-79.754618,0.810000,-80.564618
1179,62.414353,62.815131,61.315131,64.315131,noise,none,0.000000,-9,477.694035,-84.035145,0.810000,-84.845145
1180,62.257737,61.969782,60.469782,63.469782,informed,none,0.000000,-9,477.694035,-82.625597,0.810000,-83.435597
1181,63.168521,62.426609,60.926609,63.926609,noise,none,0.000000,-9,477.694035,-90.822657,0.810000,-91.632657
1182,63.164017,64.647229,63.147229,66.147229,informed,none,0.000000,-9,477.694035,-90.782115,0.810000,-91.592115
1183,63.010771,62.368863,60.868863,63.868863,noise,none,0.000000,-9,477.694035,-89.402905,0.810000,-90.212905
1184,63.664712,64.212112,62.712112,65.712112,informed,none,0.000000,-9,477.694035,-95.288370,0.810000,-96.098370
1185,64.449354,63.471166,61.971166,64.971166,informed,none,0.000000,-9,477.694035,-102.350153,0.810000,-103.160153
1186,64.402045,65.093091,63.593091,66.593091,informed,none,0.000000,-9,477.694035,-101.924370,0.810000,-102.734370
1187,64.147627,62.558003,61.058003,64.058003,noise,sell_to_mm,61.058003,-8,416.636032,-96.544988,0.640000,-97.184988
1188,64.679880,64.372403,62.872403,65.872403,informed,none,0.000000,-8,416.636032,-100.803007,0.640000,-101.443007
1189,65.113458,64.042862,62.542862,65.542862,informed,none,0.000000,-8,416.636032,-104.271630,0.640000,-104.911630
1190,66.892412,65.138099,63.638099,66.638099,noise,buy_from_mm,66.638099,-9,483.274131,-118.757579,0.810000,-119.567579
1191,67.250799,67.867674,66.367674,69.367674,informed,none,0.000000,-9,483.274131,-121.983059,0.810000,-122.793059
1192,67.586543,69.141215,67.641215,70.641215,informed,sell_to_mm,67.641215,-8,415.632915,-125.059430,0.640000,-125.699430
1193,67.815281,68.316972,66.816972,69.816972,noise,none,0.000000,-8,415.632915,-126.889336,0.640000,-127.529336
1194,67.608124,66.777455,65.277455,68.277455,noise,sell_to_mm,65.277455,-7,350.355460,-122.901409,0.490000,-123.391409
1195,66.229246,64.408458,62.908458,65.908458,noise,none,0.000000,-7,350.355460,-113.249262,0.490000,-113.739262
1196,64.648860,62.985983,61.485983,64.485983,noise,none,0.000000,-7,350.355460,-102.186558,0.490000,-102.676558
1197,65.408115,65.324085,63.824085,66.824085,noise,sell_to_mm,63.824085,-6,286.531375,-105.917314,0.360000,-106.277314
1198,66.847502,66.382153,64.882153,67.882153,informed,none,0.000000,-6,286.531375,-114.553635,0.360000,-114.913635
1199,67.024752,66.943051,65.443051,68.443051,noise,none,0.000000,-6,286.531375,-115.617138,0.360000,-115.977138
1200,67.146724,66.031337,64.531337,67.531337,informed,none,0.000000,-6,286.531375,-116.348972,0.360000,-116.708972
1201,66.566371,66.320414,64.820414,67.820414,informed,none,0.000000,-6,286.531375,-112.866852,0.360000,-113.226852
1202,66.291714,65.118485,63.618485,66.618485,informed,none,0.000000,-6,286.531375,-111.218908,0.360000,-111.578908
1203,66.130034,66.659800,65.159800,68.159800,noise,none,0.000000,-6,286.531375,-110.248827,0.360000,-110.608827
1204,64.972395,66.558634,65.058634,68.058634,informed,sell_to_mm,65.058634,-5,221.472741,-103.389233,0.250000,-103.639233
1205,63.625876,63.377843,61.877843,64.877843,informed,none,0.000000,-5,221.472741,-96.656637,0.250000,-96.906637
1206,63.207735,63.337021,61.837021,64.837021,informed,none,0.000000,-5,221.472741,-94.565936,0.250000,-94.815936
1207,64.225335,64.295910,62.795910,65.795910,informed,none,0.000000,-5,221.472741,-99.653935,0.250000,-99.903935
1208,63.521052,65.266587,63.766587,66.766587,noise,buy_from_mm,66.766587,-6,288.239327,-92.886987,0.360000,-93.246987
1209,63.941399,65.388803,63.888803,66.888803,noise,none,0.000000,-6,288.239327,-95.409066,0.360000,-95.769066
1210,64.613108,64.329990,62.829990,65.829990,noise,none,0.000000,-6,288.239327,-99.439319,0.360000,-99.799319
1211,64.420761,63.800809,62.300809,65.300809,noise,sell_to_mm,62.300809,-5,225.938519,-96.165288,0.250000,-96.415288
1212,62.502723,63.265275,61.765275,64.765275,informed,none,0.000000,-5,225.938519,-86.575094,0.250000,-86.825094
1213,63.140116,62.729642,61.229642,64.229642,noise,none,0.000000,-5,225.938519,-89.762059,0.250000,-90.012059
1214,64.390640,64.682385,63.182385,66.182385,noise,none,0.000000,-5,225.938519,-96.014681,0.250000,-96.264681
1215,64.985682,65.136617,63.636617,66.636617,informed,none,0.000000,-5,225.938519,-98.989891,0.250000,-99.239891
1216,66.022668,65.760076,64.260076,67.260076,noise,none,0.000000,-5,225.938519,-104.174819,0.250000,-104.424819
1217,67.533123,66.357833,64.857833,67.857833,noise,none,0.000000,-5,225.938519,-111.727096,0.250000,-111.977096
1218,66.681321,66.417093,64.917093,67.917093,noise,none,0.000000,-5,225.938519,-107.468084,0.250000,-107.718084
1219,67.536533,66.938070,65.438070,68.438070,informed,none,0.000000,-5,225.938519,-111.744145,0.250000,-111.994145
1220,67.937588,67.439623,65.939623,68.939623,informed,none,0.000000,-5,225.938519,-113.749421,0.250000,-113.999421
1221,67.292195,69.009540,67.509540,70.509540,noise,none,0.000000,-5,225.938519,-110.522458,0.250000,-110.772458
1222,66.557988,65.997609,64.497609,67.497609,informed,none,0.000000,-5,225.938519,-106.851423,0.250000,-107.101423
1223,66.642835,67.483522,65.983522,68.983522,informed,none,0.000000,-5,225.938519,-107.275657,0.250000,-107.525657
1224,67.208890,68.535154,67.035154,70.035154,noise,none,0.000000,-5,225.938519,-110.105932,0.250000,-110.355932
1225,66.161433,64.786336,63.286336,66.286336,noise,buy_from_mm,66.286336,-6,292.224854,-104.743742,0.360000,-105.103742
1226,66.028967,68.150996,66.650996,69.650996,noise,sell_to_mm,66.650996,-5,225.573858,-104.570977,0.250000,-104.820977
1227,64.737836,64.711866,63.211866,66.211866,noise,none,0.000000,-5,225.573858,-98.115323,0.250000,-98.365323
1228,65.258270,63.893523,62.393523,65.393523,informed,none,0.000000,-5,225.573858,-100.717490,0.250000,-100.967490
1229,65.512727,64.911159,63.411159,66.411159,informed,none,0.000000,-5,225.573858,-101.989779,0.250000,-102.239779
1230,66.107624,67.647417,66.147417,69.147417,informed,sell_to_mm,66.147417,-4,159.426442,-105.004053,0.160000,-105.164053
1231,66.259052,64.631381,63.131381,66.131381,noise,none,0.000000,-4,159.426442,-105.609767,0.160000,-105.769767
1232,65.746451,66.661236,65.161236,68.161236,noise,none,0.000000,-4,159.426442,-103.559364,0.160000,-103.719364
1233,64.863886,66.264295,64.764295,67.764295,noise,none,0.000000,-4,159.426442,-100.029103,0.160000,-100.189103
1234,63.963443,64.727375,63.227375,66.227375,noise,sell_to_mm,63.227375,-3,96.199066,-95.691261,0.090000,-95.781261
1235,64.136807,65.099618,63.599618,66.599618,noise,sell_to_mm,63.599618,-2,32.599448,-95.674165,0.040000,-95.714165
1236,64.184778,63.183251,61.683251,64.683251,noise,none,0.000000,-2,32.599448,-95.770108,0.040000,-95.810108
1237,62.396130,59.994757,58.494757,61.494757,informed,buy_from_mm,61.494757,-3,94.094205,-93.094184,0.090000,-93.184184
1238,60.457031,61.320590,59.820590,62.820590,informed,none,0.000000,-3,94.094205,-87.276888,0.090000,-87.366888
1239,61.559955,61.584443,60.084443,63.084443,informed,none,0.000000,-3,94.094205,-90.585660,0.090000,-90.675660
1240,62.201756,63.148663,61.648663,64.648663,noise,none,0.000000,-3,94.094205,-92.511062,0.090000,-92.601062
1241,61.243767,61.359305,59.859305,62.859305,noise,none,0.000000,-3,94.094205,-89.637097,0.090000,-89.727097
1242,61.491852,60.939726,59.439726,62.439726,noise,none,0.000000,-3,94.094205,-90.381351,0.090000,-90.471351
1243,59.458400,60.509160,59.009160,62.009160,noise,none,0.000000,-3,94.094205,-84.280996,0.090000,-84.370996
1244,60.890739,60.088170,58.588170,61.588170,noise,buy_from_mm,61.588170,-4,155.682375,-87.880580,0.160000,-88.040580
1245,60.898494,60.580653,59.080653,62.080653,noise,none,0.000000,-4,155.682375,-87.911601,0.160000,-88.071601
1246,59.791126,59.895740,58.395740,61.395740,noise,sell_to_mm,58.395740,-3,97.286636,-82.086742,0.090000,-82.176742
1247,59.604497,61.385985,59.885985,62.885985,noise,sell_to_mm,59.885985,-2,37.400650,-81.808343,0.040000,-81.848343
1248,58.499210,58.927191,57.427191,60.427191,noise,none,0.000000,-2,37.400650,-79.597770,0.040000,-79.637770
1249,58.914020,59.039142,57.539142,60.539142,informed,none,0.000000,-2,37.400650,-80.427390,0.040000,-80.467390
1250,58.801331,59.360410,57.860410,60.860410,noise,sell_to_mm,57.860410,-1,-20.459760,-79.261091,0.010000,-79.271091
1251,58.025202,59.010968,57.510968,60.510968,noise,none,0.000000,-1,-20.459760,-78.484962,0.010000,-78.494962
1252,57.107206,57.745204,56.245204,59.245204,noise,none,0.000000,-1,-20.459760,-77.566966,0.010000,-77.576966
1253,54.315415,55.632430,54.132430,57.132430,noise,none,0.000000,-1,-20.459760,-74.775175,0.010000,-74.785175
1254,53.415181,51.432270,49.932270,52.932270,noise,none,0.000000,-1,-20.459760,-73.874941,0.010000,-73.884941
1255,53.590258,52.098712,50.598712,53.598712,noise,none,0.000000,-1,-20.459760,-74.050018,0.010000,-74.060018
1256,54.166231,55.195705,53.695705,56.695705,noise,sell_to_mm,53.695705,0,-74.155465,-74.155465,0.000000,-74.155465
1257,51.533330,51.160779,49.660779,52.660779,informed,none,0.000000,0,-74.155465,-74.155465,0.000000,-74.155465
1258,49.597609,50.029478,48.529478,51.529478,informed,none,0.000000,0,-74.155465,-74.155465,0.000000,-74.155465
1259,50.047198,50.034977,48.534977,51.534977,informed,none,0.000000,0,-74.155465,-74.155465,0.000000,-74.155465
1260,48.367165,48.901335,47.401335,50.401335,noise,none,0.000000,0,-74.155465,-74.155465,0.000000,-74.155465
1261,48.584023,49.414683,47.914683,50.914683,informed,none,0.000000,0,-74.155465,-74.155465,0.000000,-74.155465
1262,47.812944,48.415879,46.915879,49.915879,informed,none,0.000000,0,-74.155465,-74.155465,0.000000,-74.155465
1263,45.831501,45.591152,44.091152,47.091152,noise,sell_to_mm,44.091152,1,-118.246616,-72.415116,0.010000,-72.425116
1264,47.352904,45.969773,44.469773,47.469773,noise,none,0.000000,1,-118.246616,-70.893712,0.010000,-70.903712
1265,48.483469,49.094705,47.594705,50.594705,informed,none,0.000000,1,-118.246616,-69.763147,0.010000,-69.773147
1266,48.987406,46.819494,45.319494,48.319494,informed,buy_from_mm,48.319494,0,-69.927122,-69.927122,0.000000,-69.927122
1267,49.213206,49.211857,47.711857,50.711857,informed,none,0.000000,0,-69.927122,-69.927122,0.000000,-69.927122
1268,50.279814,49.480763,47.980763,50.980763,informed,none,0.000000,0,-69.927122,-69.927122,0.000000,-69.927122
1269,50.250887,50.405170,48.905170,51.905170,informed,none,0.000000,0,-69.927122,-69.927122,0.000000,-69.927122
1270,50.799155,50.493297,48.993297,51.993297,noise,none,0.000000,0,-69.927122,-69.927122,0.000000,-69.927122
1271,49.879148,52.208049,50.708049,53.708049,noise,buy_from_mm,53.708049,-1,-16.219074,-66.098222,0.010000,-66.108222
1272,49.129995,48.532760,47.032760,50.032760,noise,none,0.000000,-1,-16.219074,-65.349068,0.010000,-65.359068
1273,49.288952,48.382806,46.882806,49.882806,informed,none,0.000000,-1,-16.219074,-65.508026,0.010000,-65.518026
1274,48.373218,48.549979,47.049979,50.049979,noise,none,0.000000,-1,-16.219074,-64.592292,0.010000,-64.602292
1275,48.172687,48.547997,47.047997,50.047997,informed,none,0.000000,-1,-16.219074,-64.391761,0.010000,-64.401761
1276,48.817009,50.059843,48.559843,51.559843,informed,none,0.000000,-1,-16.219074,-65.036082,0.010000,-65.046082
1277,49.659453,51.806680,50.306680,53.306680,noise,none,0.000000,-1,-16.219074,-65.878527,0.010000,-65.888527
1278,49.173172,50.053998,48.553998,51.553998,informed,none,0.000000,-1,-16.219074,-65.392246,0.010000,-65.402246
1279,47.856575,48.215840,46.715840,49.715840,informed,none,0.000000,-1,-16.219074,-64.075649,0.010000,-64.085649
1280,48.296998,47.511692,46.011692,49.011692,informed,none,0.000000,-1,-16.219074,-64.516072,0.010000,-64.526072
1281,47.454720,47.485975,45.985975,48.985975,noise,none,0.000000,-1,-16.219074,-63.673794,0.010000,-63.683794
1282,48.532412,48.661489,47.161489,50.161489,noise,none,0.000000,-1,-16.219074,-64.751486,0.010000,-64.761486
1283,47.685870,47.801258,46.301258,49.301258,informed,none,0.000000,-1,-16.219074,-63.904944,0.010000,-63.914944
1284,46.745069,46.714422,45.214422,48.214422,noise,none,0.000000,-1,-16.219074,-62.964142,0.010000,-62.974142
1285,48.192278,48.333863,46.833863,49.833863,informed,none,0.000000,-1,-16.219074,-64.411352,0.010000,-64.421352
1286,48.083756,47.682816,46.182816,49.182816,noise,none,0.000000,-1,-16.219074,-64.302830,0.010000,-64.312830
1287,50.083319,48.356028,46.856028,49.856028,informed,buy_from_mm,49.856028,-2,33.636954,-66.529683,0.040000,-66.569683
1288,50.252572,48.404879,46.904879,49.904879,noise,sell_to_mm,46.904879,-1,-13.267924,-63.520497,0.010000,-63.530497
1289,51.264925,51.114917,49.614917,52.614917,noise,none,0.000000,-1,-13.267924,-64.532849,0.010000,-64.542849
1290,50.561838,51.681767,50.181767,53.181767,informed,none,0.000000,-1,-13.267924,-63.829763,0.010000,-63.839763
1291,51.022999,49.642134,48.142134,51.142134,informed,none,0.000000,-1,-13.267924,-64.290923,0.010000,-64.300923
1292,49.472464,50.172109,48.672109,51.672109,informed,none,0.000000,-1,-13.267924,-62.740388,0.010000,-62.750388
1293,51.117991,51.544284,50.044284,53.044284,noise,none,0.000000,-1,-13.267924,-64.385916,0.010000,-64.395916
1294,52.439356,53.211157,51.711157,54.711157,informed,none,0.000000,-1,-13.267924,-65.707280,0.010000,-65.717280
1295,53.180686,53.598253,52.098253,55.098253,noise,buy_from_mm,55.098253,-2,41.830329,-64.531044,0.040000,-64.571044
1296,52.352688,52.965172,51.465172,54.465172,informed,none,0.000000,-2,41.830329,-62.875047,0.040000,-62.915047
1297,51.472382,51.898101,50.398101,53.398101,informed,none,0.000000,-2,41.830329,-61.114436,0.040000,-61.154436
1298,51.475659,51.551124,50.051124,53.051124,noise,none,0.000000,-2,41.830329,-61.120989,0.040000,-61.160989
1299,52.290263,54.261906,52.761906,55.761906,noise,buy_from_mm,55.761906,-3,97.592234,-59.278556,0.090000,-59.368556
1300,54.296991,53.948581,52.448581,55.448581,informed,none,0.000000,-3,97.592234,-65.298738,0.090000,-65.388738
1301,53.924216,52.758178,51.258178,54.258178,noise,none,0.000000,-3,97.592234,-64.180415,0.090000,-64.270415
1302,54.367770,54.740778,53.240778,56.240778,noise,buy_from_mm,56.240778,-4,153.833012,-63.638068,0.160000,-63.798068
1303,53.867588,53.495338,51.995338,54.995338,informed,none,0.000000,-4,153.833012,-61.637339,0.160000,-61.797339
1304,53.681659,52.735659,51.235659,54.235659,noise,buy_from_mm,54.235659,-5,208.068671,-60.339626,0.250000,-60.589626
1305,53.263965,52.483047,50.983047,53.983047,informed,none,0.000000,-5,208.068671,-58.251156,0.250000,-58.501156
1306,53.893198,53.501738,52.001738,55.001738,informed,none,0.000000,-5,208.068671,-61.397321,0.250000,-61.647321
1307,52.476111,52.558257,51.058257,54.058257,informed,none,0.000000,-5,208.068671,-54.311882,0.250000,-54.561882
1308,52.823501,53.592032,52.092032,55.092032,informed,none,0.000000,-5,208.068671,-56.048835,0.250000,-56.298835
1309,51.284380,49.720547,48.220547,51.220547,informed,buy_from_mm,51.220547,-6,259.289218,-48.417063,0.360000,-48.777063
1310,49.298818,49.453256,47.953256,50.953256,informed,none,0.000000,-6,259.289218,-36.503690,0.360000,-36.863690
1311,48.989939,50.092958,48.592958,51.592958,noise,sell_to_mm,48.592958,-5,210.696260,-34.253434,0.250000,-34.503434
1312,50.797690,52.564777,51.064777,54.064777,informed,sell_to_mm,51.064777,-4,159.631483,-43.559275,0.160000,-43.719275
1313,50.872262,48.741297,47.241297,50.241297,noise,buy_from_mm,50.241297,-5,209.872781,-44.488528,0.250000,-44.738528
1314,51.925341,50.957833,49.457833,52.457833,noise,none,0.000000,-5,209.872781,-49.753923,0.250000,-50.003923
1315,52.006889,51.745119,50.245119,53.245119,informed,none,0.000000,-5,209.872781,-50.161662,0.250000,-50.411662
1316,52.775229,53.410977,51.910977,54.910977,noise,none,0.000000,-5,209.872781,-54.003363,0.250000,-54.253363
1317,52.630500,51.656717,50.156717,53.156717,noise,none,0.000000,-5,209.872781,-53.279718,0.250000,-53.529718
1318,52.124302,53.082871,51.582871,54.582871,informed,none,0.000000,-5,209.872781,-50.748731,0.250000,-50.998731
1319,52.575409,53.606827,52.106827,55.106827,noise,none,0.000000,-5,209.872781,-53.004264,0.250000,-53.254264
1320,52.267029,54.029016,52.529016,55.529016,noise,buy_from_mm,55.529016,-6,265.401796,-48.200381,0.360000,-48.560381
1321,52.635179,52.696397,51.196397,54.196397,informed,none,0.000000,-6,265.401796,-50.409276,0.360000,-50.769276
1322,52.977980,53.905069,52.405069,55.405069,noise,none,0.000000,-6,265.401796,-52.466087,0.360000,-52.826087
1323,51.667527,52.894539,51.394539,54.394539,noise,none,0.000000,-6,265.401796,-44.603366,0.360000,-44.963366
1324,51.338301,50.693258,49.193258,52.193258,informed,none,0.000000,-6,265.401796,-42.628009,0.360000,-42.988009
1325,51.384152,50.983246,49.483246,52.483246,noise,buy_from_mm,52.483246,-7,317.885042,-41.804022,0.490000,-42.294022
1326,51.932883,49.635274,48.135274,51.135274,noise,none,0.000000,-7,317.885042,-45.645138,0.490000,-46.135138
1327,51.613296,51.289482,49.789482,52.789482,informed,none,0.000000,-7,317.885042,-43.408030,0.490000,-43.898030
1328,52.947957,52.169223,50.669223,53.669223,informed,none,0.000000,-7,317.885042,-52.750656,0.490000,-53.240656
1329,52.686907,50.425745,48.925745,51.925745,noise,none,0.000000,-7,317.885042,-50.923305,0.490000,-51.413305
1330,52.424345,54.057715,52.557715,55.557715,noise,sell_to_mm,52.557715,-6,265.327327,-49.218744,0.360000,-49.578744
1331,53.986934,54.782331,53.282331,56.282331,noise,sell_to_mm,53.282331,-5,212.044997,-57.889675,0.250000,-58.139675
1332,53.686979,54.251478,52.751478,55.751478,informed,none,0.000000,-5,212.044997,-56.389898,0.250000,-56.639898
1333,52.710854,52.152512,50.652512,53.652512,noise,sell_to_mm,50.652512,-4,161.392485,-49.450930,0.160000,-49.610930
1334,52.290012,53.034704,51.534704,54.534704,noise,sell_to_mm,51.534704,-3,109.857781,-47.012254,0.090000,-47.102254
1335,53.759238,52.748715,51.248715,54.248715,informed,none,0.000000,-3,109.857781,-51.419933,0.090000,-51.509933
1336,53.636856,55.832148,54.332148,57.332148,informed,sell_to_mm,54.332148,-2,55.525633,-51.748078,0.040000,-51.788078
1337,52.769349,54.809283,53.309283,56.309283,informed,sell_to_mm,53.309283,-1,2.216350,-50.552999,0.010000,-50.562999
1338,51.336032,50.694619,49.194619,52.194619,noise,none,0.000000,-1,2.216350,-49.119682,0.010000,-49.129682
1339,51.472569,51.189255,49.689255,52.689255,noise,sell_to_mm,49.689255,0,-47.472905,-47.472905,0.000000,-47.472905
1340,52.970693,53.021237,51.521237,54.521237,noise,none,0.000000,0,-47.472905,-47.472905,0.000000,-47.472905
1341,53.796644,53.264620,51.764620,54.764620,noise,none,0.000000,0,-47.472905,-47.472905,0.000000,-47.472905
1342,54.571487,54.630238,53.130238,56.130238,noise,none,0.000000,0,-47.472905,-47.472905,0.000000,-47.472905
1343,54.712113,54.517281,53.017281,56.017281,noise,none,0.000000,0,-47.472905,-47.472905,0.000000,-47.472905
1344,54.645179,54.532081,53.032081,56.032081,noise,buy_from_mm,56.032081,-1,8.559177,-46.086002,0.010000,-46.096002
1345,55.190204,53.985894,52.485894,55.485894,noise,none,0.000000,-1,8.559177,-46.631027,0.010000,-46.641027
1346,54.970779,55.260420,53.760420,56.760420,informed,none,0.000000,-1,8.559177,-46.411602,0.010000,-46.421602
1347,54.904980,55.162652,53.662652,56.662652,noise,none,0.000000,-1,8.559177,-46.345803,0.010000,-46.355803
1348,54.091667,54.098441,52.598441,55.598441,noise,sell_to_mm,52.598441,0,-44.039265,-44.039265,0.000000,-44.039265
1349,54.707364,53.502753,52.002753,55.002753,informed,none,0.000000,0,-44.039265,-44.039265,0.000000,-44.039265
1350,52.488802,53.716037,52.216037,55.216037,informed,none,0.000000,0,-44.039265,-44.039265,0.000000,-44.039265
1351,52.347840,53.427116,51.927116,54.927116,noise,none,0.000000,0,-44.039265,-44.039265,0.000000,-44.039265
1352,52.222164,52.499909,50.999909,53.999909,noise,none,0.000000,0,-44.039265,-44.039265,0.000000,-44.039265
1353,51.873103,52.880431,51.380431,54.380431,informed,none,0.000000,0,-44.039265,-44.039265,0.000000,-44.039265
1354,52.994689,53.256152,51.756152,54.756152,noise,none,0.000000,0,-44.039265,-44.039265,0.000000,-44.039265
1355,53.084814,52.840622,51.340622,54.340622,informed,none,0.000000,0,-44.039265,-44.039265,0.000000,-44.039265
1356,52.809369,52.833935,51.333935,54.333935,noise,none,0.000000,0,-44.039265,-44.039265,0.000000,-44.039265
1357,51.106084,51.189132,49.689132,52.689132,informed,none,0.000000,0,-44.039265,-44.039265,0.000000,-44.039265
1358,50.826443,51.638954,50.138954,53.138954,noise,none,0.000000,0,-44.039265,-44.039265,0.000000,-44.039265
1359,50.188526,49.148803,47.648803,50.648803,noise,buy_from_mm,50.648803,-1,6.609538,-43.578987,0.010000,-43.588987
1360,49.398642,50.610799,49.110799,52.110799,noise,none,0.000000,-1,6.609538,-42.789103,0.010000,-42.799103
1361,50.859340,51.321335,49.821335,52.821335,informed,none,0.000000,-1,6.609538,-44.249801,0.010000,-44.259801
1362,51.763151,51.663801,50.163801,53.163801,noise,none,0.000000,-1,6.609538,-45.153613,0.010000,-45.163613
1363,52.291029,52.615443,51.115443,54.115443,informed,none,0.000000,-1,6.609538,-45.681490,0.010000,-45.691490
1364,50.050037,51.215842,49.715842,52.715842,noise,none,0.000000,-1,6.609538,-43.440499,0.010000,-43.450499
1365,51.669898,53.581273,52.081273,55.081273,informed,sell_to_mm,52.081273,0,-45.471735,-45.471735,0.000000,-45.471735
1366,50.346029,50.127107,48.627107,51.627107,noise,none,0.000000,0,-45.471735,-45.471735,0.000000,-45.471735
1367,49.835671,52.091104,50.591104,53.591104,informed,sell_to_mm,50.591104,1,-96.062839,-46.227168,0.010000,-46.237168
1368,49.728656,50.077456,48.577456,51.577456,noise,none,0.000000,1,-96.062839,-46.334183,0.010000,-46.344183
1369,49.661345,48.515447,47.015447,50.015447,informed,none,0.000000,1,-96.062839,-46.401494,0.010000,-46.411494
1370,52.834627,51.060346,49.560346,52.560346,noise,none,0.000000,1,-96.062839,-43.228211,0.010000,-43.238211
1371,52.922382,52.703773,51.203773,54.203773,informed,none,0.000000,1,-96.062839,-43.140456,0.010000,-43.150456
1372,52.586133,54.126340,52.626340,55.626340,noise,none,0.000000,1,-96.062839,-43.476705,0.010000,-43.486705
1373,53.845165,54.250740,52.750740,55.750740,noise,sell_to_mm,52.750740,2,-148.813578,-41.123249,0.040000,-41.163249
1374,52.586934,51.513084,50.013084,53.013084,noise,none,0.000000,2,-148.813578,-43.639711,0.040000,-43.679711
1375,51.683521,52.038538,50.538538,53.538538,noise,none,0.000000,2,-148.813578,-45.446536,0.040000,-45.486536
1376,52.612349,53.004148,51.504148,54.504148,informed,none,0.000000,2,-148.813578,-43.588881,0.040000,-43.628881
1377,53.500958,52.545308,51.045308,54.045308,informed,none,0.000000,2,-148.813578,-41.811662,0.040000,-41.851662
1378,52.526641,51.560803,50.060803,53.060803,noise,none,0.000000,2,-148.813578,-43.760296,0.040000,-43.800296
1379,52.308551,50.943139,49.443139,52.443139,informed,none,0.000000,2,-148.813578,-44.196476,0.040000,-44.236476
1380,54.397541,53.411578,51.911578,54.911578,informed,none,0.000000,2,-148.813578,-40.018496,0.040000,-40.058496
1381,54.257568,52.693160,51.193160,54.193160,noise,none,0.000000,2,-148.813578,-40.298443,0.040000,-40.338443
1382,54.550392,55.534929,54.034929,57.034929,informed,none,0.000000,2,-148.813578,-39.712794,0.040000,-39.752794
1383,54.156914,54.493549,52.993549,55.993549,informed,none,0.000000,2,-148.813578,-40.499749,0.040000,-40.539749
1384,53.498315,53.654223,52.154223,55.154223,informed,none,0.000000,2,-148.813578,-41.816948,0.040000,-41.856948
1385,52.906025,53.174138,51.674138,54.674138,informed,none,0.000000,2,-148.813578,-43.001529,0.040000,-43.041529
1386,53.342576,51.867272,50.367272,53.367272,informed,none,0.000000,2,-148.813578,-42.128426,0.040000,-42.168426
1387,53.097819,53.779767,52.279767,55.279767,noise,none,0.000000,2,-148.813578,-42.617940,0.040000,-42.657940
1388,51.163553,50.441981,48.941981,51.941981,informed,none,0.000000,2,-148.813578,-46.486472,0.040000,-46.526472
1389,50.766024,50.860384,49.360384,52.360384,informed,none,0.000000,2,-148.813578,-47.281530,0.040000,-47.321530
1390,49.409360,49.186991,47.686991,50.686991,noise,none,0.000000,2,-148.813578,-49.994858,0.040000,-50.034858
1391,48.452857,49.835438,48.335438,51.335438,informed,none,0.000000,2,-148.813578,-51.907864,0.040000,-51.947864
1392,48.790246,48.957102,47.457102,50.457102,noise,buy_from_mm,50.457102,1,-98.356476,-49.566230,0.010000,-49.576230
1393,49.504633,49.706642,48.206642,51.206642,noise,none,0.000000,1,-98.356476,-48.851843,0.010000,-48.861843
1394,48.204208,46.944761,45.444761,48.444761,noise,none,0.000000,1,-98.356476,-50.152268,0.010000,-50.162268
1395,48.534774,49.569472,48.069472,51.069472,noise,none,0.000000,1,-98.356476,-49.821702,0.010000,-49.831702
1396,49.397296,50.426297,48.926297,51.926297,noise,buy_from_mm,51.926297,0,-46.430179,-46.430179,0.000000,-46.430179
1397,49.730778,48.277018,46.777018,49.777018,noise,buy_from_mm,49.777018,-1,3.346839,-46.383939,0.010000,-46.393939
1398,49.890969,49.487207,47.987207,50.987207,informed,none,0.000000,-1,3.346839,-46.544130,0.010000,-46.554130
1399,50.658298,50.693220,49.193220,52.193220,noise,none,0.000000,-1,3.346839,-47.311459,0.010000,-47.321459
1400,51.356508,52.934653,51.434653,54.434653,noise,none,0.000000,-1,3.346839,-48.009669,0.010000,-48.019669
1401,50.087141,51.872623,50.372623,53.372623,noise,none,0.000000,-1,3.346839,-46.740302,0.010000,-46.750302
1402,49.309654,50.625206,49.125206,52.125206,noise,none,0.000000,-1,3.346839,-45.962815,0.010000,-45.972815
1403,49.198355,48.839098,47.339098,50.339098,noise,sell_to_mm,47.339098,0,-43.992259,-43.992259,0.000000,-43.992259
1404,50.142304,50.942772,49.442772,52.442772,noise,none,0.000000,0,-43.992259,-43.992259,0.000000,-43.992259
1405,50.741703,50.652966,49.152966,52.152966,noise,none,0.000000,0,-43.992259,-43.992259,0.000000,-43.992259
1406,50.092647,50.612250,49.112250,52.112250,noise,none,0.000000,0,-43.992259,-43.992259,0.000000,-43.992259
1407,49.261802,49.878388,48.378388,51.378388,noise,buy_from_mm,51.378388,-1,7.386129,-41.875673,0.010000,-41.885673
1408,50.338393,49.285761,47.785761,50.785761,informed,none,0.000000,-1,7.386129,-42.952264,0.010000,-42.962264
1409,51.131105,51.023795,49.523795,52.523795,informed,none,0.000000,-1,7.386129,-43.744975,0.010000,-43.754975
1410,50.349644,48.116154,46.616154,49.616154,informed,buy_from_mm,49.616154,-2,57.002284,-43.697004,0.040000,-43.737004
1411,50.076261,49.954390,48.454390,51.454390,informed,none,0.000000,-2,57.002284,-43.150238,0.040000,-43.190238
1412,51.318189,49.785669,48.285669,51.285669,informed,buy_from_mm,51.285669,-3,108.287952,-45.666615,0.090000,-45.756615
1413,50.406462,49.672250,48.172250,51.172250,noise,none,0.000000,-3,108.287952,-42.931435,0.090000,-43.021435
1414,50.152678,49.956184,48.456184,51.456184,noise,sell_to_mm,48.456184,-2,59.831768,-40.473589,0.040000,-40.513589
1415,51.268308,51.165550,49.665550,52.665550,noise,none,0.000000,-2,59.831768,-42.704848,0.040000,-42.744848
1416,50.677627,51.360065,49.860065,52.860065,informed,none,0.000000,-2,59.831768,-41.523485,0.040000,-41.563485
1417,49.750834,49.554617,48.054617,51.054617,noise,none,0.000000,-2,59.831768,-39.669900,0.040000,-39.709900
1418,49.623405,48.666983,47.166983,50.166983,informed,none,0.000000,-2,59.831768,-39.415042,0.040000,-39.455042
1419,50.037517,49.095342,47.595342,50.595342,informed,none,0.000000,-2,59.831768,-40.243266,0.040000,-40.283266
1420,48.890365,48.711702,47.211702,50.211702,informed,none,0.000000,-2,59.831768,-37.948962,0.040000,-37.988962
1421,48.856983,47.963962,46.463962,49.463962,informed,none,0.000000,-2,59.831768,-37.882198,0.040000,-37.922198
1422,49.911817,47.932420,46.432420,49.432420,informed,buy_from_mm,49.432420,-3,109.264188,-40.471263,0.090000,-40.561263
1423,49.302189,50.112291,48.612291,51.612291,noise,none,0.000000,-3,109.264188,-38.642380,0.090000,-38.732380
1424,49.174469,50.330937,48.830937,51.830937,informed,none,0.000000,-3,109.264188,-38.259220,0.090000,-38.349220
1425,48.310446,49.420409,47.920409,50.920409,informed,none,0.000000,-3,109.264188,-35.667149,0.090000,-35.757149
1426,50.687678,51.378674,49.878674,52.878674,informed,none,0.000000,-3,109.264188,-42.798846,0.090000,-42.888846
1427,51.898992,52.661188,51.161188,54.161188,noise,none,0.000000,-3,109.264188,-46.432789,0.090000,-46.522789
1428,51.613600,52.488147,50.988147,53.988147,informed,none,0.000000,-3,109.264188,-45.576611,0.090000,-45.666611
1429,51.496154,51.867982,50.367982,53.367982,noise,none,0.000000,-3,109.264188,-45.224274,0.090000,-45.314274
1430,52.503322,52.723002,51.223002,54.223002,informed,none,0.000000,-3,109.264188,-48.245778,0.090000,-48.335778
1431,53.137432,53.691389,52.191389,55.191389,noise,sell_to_mm,52.191389,-2,57.072799,-49.202066,0.040000,-49.242066
1432,55.471110,55.459440,53.959440,56.959440,noise,none,0.000000,-2,57.072799,-53.869422,0.040000,-53.909422
1433,55.372704,55.755088,54.255088,57.255088,informed,none,0.000000,-2,57.072799,-53.672609,0.040000,-53.712609
1434,54.141496,54.649217,53.149217,56.149217,noise,sell_to_mm,53.149217,-1,3.923582,-50.217914,0.010000,-50.227914
1435,52.353346,52.222357,50.722357,53.722357,informed,none,0.000000,-1,3.923582,-48.429764,0.010000,-48.439764
1436,52.416164,51.180485,49.680485,52.680485,informed,none,0.000000,-1,3.923582,-48.492582,0.010000,-48.502582
1437,53.260415,51.880389,50.380389,53.380389,informed,none,0.000000,-1,3.923582,-49.336834,0.010000,-49.346834
1438,53.509489,53.867726,52.367726,55.367726,noise,none,0.000000,-1,3.923582,-49.585908,0.010000,-49.595908
1439,51.879134,50.406950,48.906950,51.906950,informed,none,0.000000,-1,3.923582,-47.955552,0.010000,-47.965552
1440,53.158791,52.355794,50.855794,53.855794,noise,sell_to_mm,50.855794,0,-46.932212,-46.932212,0.000000,-46.932212
1441,54.109220,53.990087,52.490087,55.490087,noise,none,0.000000,0,-46.932212,-46.932212,0.000000,-46.932212
1442,53.523632,55.089771,53.589771,56.589771,noise,none,0.000000,0,-46.932212,-46.932212,0.000000,-46.932212
1443,53.615405,53.065471,51.565471,54.565471,noise,buy_from_mm,54.565471,-1,7.633259,-45.982146,0.010000,-45.992146
1444,54.167251,54.330398,52.830398,55.830398,noise,none,0.000000,-1,7.633259,-46.533992,0.010000,-46.543992
1445,54.356345,55.119068,53.619068,56.619068,noise,sell_to_mm,53.619068,0,-45.985809,-45.985809,0.000000,-45.985809
1446,53.559317,53.249669,51.749669,54.749669,noise,none,0.000000,0,-45.985809,-45.985809,0.000000,-45.985809
1447,53.329556,52.700170,51.200170,54.200170,noise,none,0.000000,0,-45.985809,-45.985809,0.000000,-45.985809
1448,52.414835,52.558918,51.058918,54.058918,noise,buy_from_mm,54.058918,-1,8.073109,-44.341725,0.010000,-44.351725
1449,53.368186,54.398293,52.898293,55.898293,noise,none,0.000000,-1,8.073109,-45.295076,0.010000,-45.305076
1450,51.871258,51.153383,49.653383,52.653383,noise,none,0.000000,-1,8.073109,-43.798148,0.010000,-43.808148
1451,49.935707,48.904363,47.404363,50.404363,noise,none,0.000000,-1,8.073109,-41.862598,0.010000,-41.872598
1452,48.224307,49.907987,48.407987,51.407987,informed,sell_to_mm,48.407987,0,-40.334877,-40.334877,0.000000,-40.334877
1453,49.060740,49.270279,47.770279,50.770279,noise,sell_to_mm,47.770279,1,-88.105157,-39.044417,0.010000,-39.054417
1454,49.334532,49.293155,47.793155,50.793155,informed,none,0.000000,1,-88.105157,-38.770625,0.010000,-38.780625
1455,47.814448,46.361815,44.861815,47.861815,informed,none,0.000000,1,-88.105157,-40.290709,0.010000,-40.300709
1456,48.845094,47.829939,46.329939,49.329939,noise,none,0.000000,1,-88.105157,-39.260063,0.010000,-39.270063
1457,47.949412,47.187804,45.687804,48.687804,noise,buy_from_mm,48.687804,0,-39.417352,-39.417352,0.000000,-39.417352
1458,48.455778,48.363742,46.863742,49.863742,noise,none,0.000000,0,-39.417352,-39.417352,0.000000,-39.417352
1459,48.992395,47.715383,46.215383,49.215383,noise,buy_from_mm,49.215383,-1,9.798030,-39.194364,0.010000,-39.204364
1460,51.013464,51.842029,50.342029,53.342029,informed,none,0.000000,-1,9.798030,-41.215433,0.010000,-41.225433
1461,49.869683,49.292997,47.792997,50.792997,noise,sell_to_mm,47.792997,0,-37.994967,-37.994967,0.000000,-37.994967
1462,50.035834,50.793461,49.293461,52.293461,informed,none,0.000000,0,-37.994967,-37.994967,0.000000,-37.994967
1463,49.027545,49.769622,48.269622,51.269622,noise,buy_from_mm,51.269622,-1,13.274656,-35.752889,0.010000,-35.762889
1464,49.047326,49.317870,47.817870,50.817870,informed,none,0.000000,-1,13.274656,-35.772670,0.010000,-35.782670
1465,49.128349,47.647184,46.147184,49.147184,noise,none,0.000000,-1,13.274656,-35.853693,0.010000,-35.863693
1466,49.613504,50.001717,48.501717,51.501717,informed,none,0.000000,-1,13.274656,-36.338849,0.010000,-36.348849
1467,48.424479,50.815529,49.315529,52.315529,noise,none,0.000000,-1,13.274656,-35.149823,0.010000,-35.159823
1468,48.380527,49.233508,47.733508,50.733508,noise,none,0.000000,-1,13.274656,-35.105871,0.010000,-35.115871
1469,50.567721,52.324202,50.824202,53.824202,noise,none,0.000000,-1,13.274656,-37.293065,0.010000,-37.303065
1470,51.990832,52.454585,50.954585,53.954585,informed,none,0.000000,-1,13.274656,-38.716177,0.010000,-38.726177
1471,52.458961,51.810793,50.310793,53.310793,noise,none,0.000000,-1,13.274656,-39.184305,0.010000,-39.194305
1472,53.690880,54.029465,52.529465,55.529465,noise,buy_from_mm,55.529465,-2,68.804121,-38.577640,0.040000,-38.617640
1473,53.905980,54.385166,52.885166,55.885166,noise,none,0.000000,-2,68.804121,-39.007839,0.040000,-39.047839
1474,54.174392,56.994610,55.494610,58.494610,informed,sell_to_mm,55.494610,-1,13.309511,-40.864881,0.010000,-40.874881
1475,56.962293,56.837486,55.337486,58.337486,informed,none,0.000000,-1,13.309511,-43.652783,0.010000,-43.662783
1476,57.532592,55.575765,54.075765,57.075765,informed,buy_from_mm,57.075765,-2,70.385276,-44.679908,0.040000,-44.719908
1477,57.150516,59.719078,58.219078,61.219078,noise,none,0.000000,-2,70.385276,-43.915757,0.040000,-43.955757
1478,57.026028,57.101263,55.601263,58.601263,noise,none,0.000000,-2,70.385276,-43.666780,0.040000,-43.706780
1479,57.092504,55.019196,53.519196,56.519196,informed,buy_from_mm,56.519196,-3,126.904472,-44.373039,0.090000,-44.463039
1480,58.814275,59.731946,58.231946,61.231946,noise,none,0.000000,-3,126.904472,-49.538354,0.090000,-49.628354
1481,59.094125,59.508527,58.008527,61.008527,noise,sell_to_mm,58.008527,-2,68.895944,-49.292305,0.040000,-49.332305
1482,57.556606,58.222988,56.722988,59.722988,informed,none,0.000000,-2,68.895944,-46.217267,0.040000,-46.257267
1483,57.467353,57.697459,56.197459,59.197459,noise,none,0.000000,-2,68.895944,-46.038761,0.040000,-46.078761
1484,56.061836,57.635122,56.135122,59.135122,noise,sell_to_mm,56.135122,-1,12.760822,-43.301014,0.010000,-43.311014
1485,55.453668,55.272176,53.772176,56.772176,noise,none,0.000000,-1,12.760822,-42.692845,0.010000,-42.702845
1486,55.880336,56.155596,54.655596,57.655596,noise,buy_from_mm,57.655596,-2,70.416418,-41.344253,0.040000,-41.384253
1487,54.777834,55.826104,54.326104,57.326104,informed,none,0.000000,-2,70.416418,-39.139251,0.040000,-39.179251
1488,55.235108,54.472902,52.972902,55.972902,noise,none,0.000000,-2,70.416418,-40.053798,0.040000,-40.093798
1489,54.949453,55.769217,54.269217,57.269217,informed,none,0.000000,-2,70.416418,-39.482489,0.040000,-39.522489
1490,54.542659,55.105973,53.605973,56.605973,noise,none,0.000000,-2,70.416418,-38.668901,0.040000,-38.708901
1491,55.425456,56.416692,54.916692,57.916692,noise,none,0.000000,-2,70.416418,-40.434495,0.040000,-40.474495
1492,54.102424,52.803645,51.303645,54.303645,noise,sell_to_mm,51.303645,-1,19.112773,-34.989651,0.010000,-34.999651
1493,53.104873,52.730069,51.230069,54.230069,informed,none,0.000000,-1,19.112773,-33.992100,0.010000,-34.002100
1494,53.414166,53.289995,51.789995,54.789995,noise,none,0.000000,-1,19.112773,-34.301393,0.010000,-34.311393
1495,53.017244,52.148842,50.648842,53.648842,informed,none,0.000000,-1,19.112773,-33.904470,0.010000,-33.914470
1496,52.709539,51.540081,50.040081,53.040081,noise,sell_to_mm,50.040081,0,-30.927307,-30.927307,0.000000,-30.927307
1497,52.192633,51.766085,50.266085,53.266085,informed,none,0.000000,0,-30.927307,-30.927307,0.000000,-30.927307
1498,53.668774,52.527185,51.027185,54.027185,noise,none,0.000000,0,-30.927307,-30.927307,0.000000,-30.927307
1499,53.859756,54.146888,52.646888,55.646888,informed,none,0.000000,0,-30.927307,-30.927307,0.000000,-30.927307
1500,53.776081,53.467967,51.967967,54.967967,informed,none,0.000000,0,-30.927307,-30.927307,0.000000,-30.927307
1501,52.294844,51.387271,49.887271,52.887271,noise,none,0.000000,0,-30.927307,-30.927307,0.000000,-30.927307
1502,51.106635,49.363069,47.863069,50.863069,informed,buy_from_mm,50.863069,-1,19.935762,-31.170873,0.010000,-31.180873
1503,52.217996,51.930963,50.430963,53.430963,noise,none,0.000000,-1,19.935762,-32.282235,0.010000,-32.292235
1504,52.068459,52.290464,50.790464,53.790464,informed,none,0.000000,-1,19.935762,-32.132697,0.010000,-32.142697
1505,51.939172,52.039244,50.539244,53.539244,informed,none,0.000000,-1,19.935762,-32.003410,0.010000,-32.013410
1506,52.216814,50.783494,49.283494,52.283494,noise,buy_from_mm,52.283494,-2,72.219256,-32.214372,0.040000,-32.254372
1507,52.141403,51.586139,50.086139,53.086139,noise,none,0.000000,-2,72.219256,-32.063550,0.040000,-32.103550
1508,52.693591,52.683105,51.183105,54.183105,informed,none,0.000000,-2,72.219256,-33.167926,0.040000,-33.207926
1509,51.905424,52.161330,50.661330,53.661330,noise,none,0.000000,-2,72.219256,-31.591591,0.040000,-31.631591
1510,52.203380,52.775957,51.275957,54.275957,noise,none,0.000000,-2,72.219256,-32.187504,0.040000,-32.227504
1511,51.276874,50.943143,49.443143,52.443143,noise,none,0.000000,-2,72.219256,-30.334493,0.040000,-30.374493
1512,51.058910,52.699437,51.199437,54.199437,informed,sell_to_mm,51.199437,-1,21.019818,-30.039092,0.010000,-30.049092
1513,51.753341,50.355816,48.855816,51.855816,noise,none,0.000000,-1,21.019818,-30.733523,0.010000,-30.743523
1514,51.121381,52.320020,50.820020,53.820020,informed,none,0.000000,-1,21.019818,-30.101562,0.010000,-30.111562
1515,50.213210,49.165463,47.665463,50.665463,noise,none,0.000000,-1,21.019818,-29.193392,0.010000,-29.203392
1516,49.398419,48.706637,47.206637,50.206637,informed,none,0.000000,-1,21.019818,-28.378600,0.010000,-28.388600
1517,51.144683,52.554632,51.054632,54.054632,noise,buy_from_mm,54.054632,-2,75.074450,-27.214915,0.040000,-27.254915
1518,51.081629,50.754676,49.254676,52.254676,informed,none,0.000000,-2,75.074450,-27.088809,0.040000,-27.128809
1519,51.575502,52.104272,50.604272,53.604272,noise,sell_to_mm,50.604272,-1,24.470178,-27.105324,0.010000,-27.115324
1520,52.529659,53.413239,51.913239,54.913239,noise,none,0.000000,-1,24.470178,-28.059482,0.010000,-28.069482
1521,53.572749,53.362508,51.862508,54.862508,informed,none,0.000000,-1,24.470178,-29.102571,0.010000,-29.112571
1522,52.305255,52.947396,51.447396,54.447396,informed,none,0.000000,-1,24.470178,-27.835077,0.010000,-27.845077
1523,52.424629,53.259258,51.759258,54.759258,noise,buy_from_mm,54.759258,-2,79.229436,-25.619823,0.040000,-25.659823
1524,50.600459,50.428517,48.928517,51.928517,noise,buy_from_mm,51.928517,-3,131.157953,-20.643423,0.090000,-20.733423
1525,51.003900,51.365167,49.865167,52.865167,informed,none,0.000000,-3,131.157953,-21.853746,0.090000,-21.943746
1526,52.429620,52.471524,50.971524,53.971524,informed,none,0.000000,-3,131.157953,-26.130907,0.090000,-26.220907
1527,53.107922,52.850347,51.350347,54.350347,noise,none,0.000000,-3,131.157953,-28.165812,0.090000,-28.255812
1528,54.000233,53.845957,52.345957,55.345957,noise,none,0.000000,-3,131.157953,-30.842747,0.090000,-30.932747
1529,54.772340,53.906903,52.406903,55.406903,informed,none,0.000000,-3,131.157953,-33.159066,0.090000,-33.249066
1530,54.296882,53.823022,52.323022,55.323022,noise,buy_from_mm,55.323022,-4,186.480975,-30.706553,0.160000,-30.866553
1531,53.556799,54.212005,52.712005,55.712005,noise,none,0.000000,-4,186.480975,-27.746220,0.160000,-27.906220
1532,53.658691,53.745970,52.245970,55.245970,informed,none,0.000000,-4,186.480975,-28.153790,0.160000,-28.313790
1533,54.765234,55.392841,53.892841,56.892841,noise,buy_from_mm,56.892841,-5,243.373816,-30.452354,0.250000,-30.702354
1534,55.703859,55.262395,53.762395,56.762395,informed,none,0.000000,-5,243.373816,-35.145478,0.250000,-35.395478
1535,55.166190,54.880347,53.380347,56.380347,noise,none,0.000000,-5,243.373816,-32.457136,0.250000,-32.707136
1536,55.493800,55.418203,53.918203,56.918203,noise,none,0.000000,-5,243.373816,-34.095183,0.250000,-34.345183
1537,56.141490,57.059755,55.559755,58.559755,informed,none,0.000000,-5,243.373816,-37.333634,0.250000,-37.583634
1538,54.309889,53.355707,51.855707,54.855707,noise,none,0.000000,-5,243.373816,-28.175631,0.250000,-28.425631
1539,56.309014,55.905662,54.405662,57.405662,informed,none,0.000000,-5,243.373816,-38.171256,0.250000,-38.421256
1540,58.252395,57.969135,56.469135,59.469135,informed,none,0.000000,-5,243.373816,-47.888157,0.250000,-48.138157
1541,56.681457,56.675768,55.175768,58.175768,informed,none,0.000000,-5,243.373816,-40.033470,0.250000,-40.283470
1542,56.010901,52.377578,50.877578,53.877578,informed,buy_from_mm,53.877578,-6,297.251394,-38.814014,0.360000,-39.174014
1543,56.918646,58.047461,56.547461,59.547461,informed,none,0.000000,-6,297.251394,-44.260483,0.360000,-44.620483
1544,58.109799,58.668169,57.168169,60.168169,noise,none,0.000000,-6,297.251394,-51.407401,0.360000,-51.767401
1545,57.605398,56.010457,54.510457,57.510457,noise,none,0.000000,-6,297.251394,-48.380995,0.360000,-48.740995
1546,56.422578,56.688909,55.188909,58.188909,informed,none,0.000000,-6,297.251394,-41.284077,0.360000,-41.644077
1547,57.265068,56.452432,54.952432,57.952432,informed,none,0.000000,-6,297.251394,-46.339014,0.360000,-46.699014
1548,56.509234,54.613419,53.113419,56.113419,noise,none,0.000000,-6,297.251394,-41.804011,0.360000,-42.164011
1549,56.431526,56.520889,55.020889,58.020889,noise,none,0.000000,-6,297.251394,-41.337763,0.360000,-41.697763
1550,56.342264,55.839792,54.339792,57.339792,noise,sell_to_mm,54.339792,-5,242.911602,-38.799715,0.250000,-39.049715
1551,56.534686,56.626928,55.126928,58.126928,noise,none,0.000000,-5,242.911602,-39.761828,0.250000,-40.011828
1552,57.417621,57.526426,56.026426,59.026426,informed,none,0.000000,-5,242.911602,-44.176503,0.250000,-44.426503
1553,57.550217,57.395732,55.895732,58.895732,noise,none,0.000000,-5,242.911602,-44.839485,0.250000,-45.089485
1554,57.697811,57.842058,56.342058,59.342058,informed,none,0.000000,-5,242.911602,-45.577453,0.250000,-45.827453
1555,56.667659,55.560812,54.060812,57.060812,informed,none,0.000000,-5,242.911602,-40.426691,0.250000,-40.676691
1556,55.077974,54.629197,53.129197,56.129197,informed,none,0.000000,-5,242.911602,-32.478267,0.250000,-32.728267
1557,54.389850,54.903731,53.403731,56.403731,noise,none,0.000000,-5,242.911602,-29.037649,0.250000,-29.287649
1558,52.730013,49.761222,48.261222,51.261222,noise,none,0.000000,-5,242.911602,-20.738462,0.250000,-20.988462
1559,53.995201,53.594297,52.094297,55.094297,noise,none,0.000000,-5,242.911602,-27.064401,0.250000,-27.314401
1560,54.480837,54.860247,53.360247,56.360247,informed,none,0.000000,-5,242.911602,-29.492582,0.250000,-29.742582
1561,53.774263,53.549992,52.049992,55.049992,informed,none,0.000000,-5,242.911602,-25.959711,0.250000,-26.209711
1562,53.906019,54.143234,52.643234,55.643234,informed,none,0.000000,-5,242.911602,-26.618491,0.250000,-26.868491
1563,51.920707,51.086648,49.586648,52.586648,noise,none,0.000000,-5,242.911602,-16.691931,0.250000,-16.941931
1564,52.523945,53.221657,51.721657,54.721657,noise,none,0.000000,-5,242.911602,-19.708124,0.250000,-19.958124
1565,51.502120,50.906346,49.406346,52.406346,noise,sell_to_mm,49.406346,-4,193.505256,-12.503225,0.160000,-12.663225
1566,50.973057,51.782235,50.282235,53.282235,noise,buy_from_mm,53.282235,-5,246.787491,-8.077792,0.250000,-8.327792
1567,51.881603,52.013427,50.513427,53.513427,noise,none,0.000000,-5,246.787491,-12.620522,0.250000,-12.870522
1568,52.195631,52.190168,50.690168,53.690168,noise,none,0.000000,-5,246.787491,-14.190666,0.250000,-14.440666
1569,51.025292,50.975617,49.475617,52.475617,noise,none,0.000000,-5,246.787491,-8.338967,0.250000,-8.588967
1570,49.538157,50.809808,49.309808,52.309808,noise,none,0.000000,-5,246.787491,-0.903296,0.250000,-1.153296
1571,48.880614,49.523896,48.023896,51.023896,noise,none,0.000000,-5,246.787491,2.384422,0.250000,2.134422
1572,49.612392,50.983637,49.483637,52.483637,noise,none,0.000000,-5,246.787491,-1.274467,0.250000,-1.524467
1573,51.616734,51.232789,49.732789,52.732789,informed,none,0.000000,-5,246.787491,-11.296181,0.250000,-11.546181
1574,51.286717,50.414248,48.914248,51.914248,noise,none,0.000000,-5,246.787491,-9.646096,0.250000,-9.896096
1575,52.798990,53.063753,51.563753,54.563753,noise,none,0.000000,-5,246.787491,-17.207461,0.250000,-17.457461
1576,54.487844,55.186985,53.686985,56.686985,noise,none,0.000000,-5,246.787491,-25.651730,0.250000,-25.901730
1577,55.152486,52.858401,51.358401,54.358401,noise,buy_from_mm,54.358401,-6,301.145892,-29.769023,0.360000,-30.129023
1578,56.083971,56.463314,54.963314,57.963314,informed,none,0.000000,-6,301.145892,-35.357933,0.360000,-35.717933
1579,56.179586,57.945401,56.445401,59.445401,noise,sell_to_mm,56.445401,-5,244.700491,-36.197441,0.250000,-36.447441
1580,54.944654,54.100806,52.600806,55.600806,noise,none,0.000000,-5,244.700491,-30.022781,0.250000,-30.272781
1581,54.892312,55.594553,54.094553,57.094553,noise,none,0.000000,-5,244.700491,-29.761067,0.250000,-30.011067
1582,54.597371,55.201546,53.701546,56.701546,noise,buy_from_mm,56.701546,-6,301.402037,-26.182191,0.360000,-26.542191
1583,53.982708,51.709799,50.209799,53.209799,informed,buy_from_mm,53.209799,-7,354.611836,-23.267120,0.490000,-23.757120
1584,54.320841,52.685079,51.185079,54.185079,noise,none,0.000000,-7,354.611836,-25.634052,0.490000,-26.124052
1585,55.093810,52.992030,51.492030,54.492030,informed,buy_from_mm,54.492030,-8,409.103867,-31.646613,0.640000,-32.286613
1586,54.559459,53.374012,51.874012,54.874012,informed,none,0.000000,-8,409.103867,-27.371803,0.640000,-28.011803
1587,57.041695,57.314333,55.814333,58.814333,noise,none,0.000000,-8,409.103867,-47.229692,0.640000,-47.869692
1588,57.354370,57.648809,56.148809,59.148809,informed,none,0.000000,-8,409.103867,-49.731092,0.640000,-50.371092
1589,55.240409,57.158502,55.658502,58.658502,noise,none,0.000000,-8,409.103867,-32.819404,0.640000,-33.459404
1590,55.031010,57.024619,55.524619,58.524619,informed,sell_to_mm,55.524619,-7,353.579248,-31.637823,0.490000,-32.127823
1591,54.125652,54.082582,52.582582,55.582582,noise,none,0.000000,-7,353.579248,-25.300317,0.490000,-25.790317
1592,54.281340,55.727092,54.227092,57.227092,informed,none,0.000000,-7,353.579248,-26.390131,0.490000,-26.880131
1593,55.521860,55.707455,54.207455,57.207455,informed,none,0.000000,-7,353.579248,-35.073774,0.490000,-35.563774
1594,57.052419,55.505299,54.005299,57.005299,informed,buy_from_mm,57.005299,-8,410.584547,-45.834804,0.640000,-46.474804
1595,57.291516,59.915904,58.415904,61.415904,noise,none,0.000000,-8,410.584547,-47.747579,0.640000,-48.387579
1596,56.062347,54.621056,53.121056,56.121056,noise,buy_from_mm,56.121056,-9,466.705603,-37.855519,0.810000,-38.665519
1597,56.515518,55.652186,54.152186,57.152186,noise,none,0.000000,-9,466.705603,-41.934059,0.810000,-42.744059
1598,55.223896,54.706537,53.206537,56.206537,informed,none,0.000000,-9,466.705603,-30.309462,0.810000,-31.119462
1599,56.108018,55.927270,54.427270,57.427270,informed,none,0.000000,-9,466.705603,-38.266563,0.810000,-39.076563
1600,57.567176,58.079977,56.579977,59.579977,noise,none,0.000000,-9,466.705603,-51.398981,0.810000,-52.208981
1601,57.727405,58.872346,57.372346,60.372346,informed,none,0.000000,-9,466.705603,-52.841046,0.810000,-53.651046
1602,59.062370,59.736929,58.236929,61.236929,informed,none,0.000000,-9,466.705603,-64.855726,0.810000,-65.665726
1603,59.294055,61.094728,59.594728,62.594728,noise,none,0.000000,-9,466.705603,-66.940895,0.810000,-67.750895
1604,60.377935,59.711003,58.211003,61.211003,informed,none,0.000000,-9,466.705603,-76.695811,0.810000,-77.505811
1605,59.940860,59.966334,58.466334,61.466334,noise,none,0.000000,-9,466.705603,-72.762136,0.810000,-73.572136
1606,60.958061,60.635343,59.135343,62.135343,noise,none,0.000000,-9,466.705603,-81.916943,0.810000,-82.726943
1607,62.206062,63.028459,61.528459,64.528459,informed,none,0.000000,-9,466.705603,-93.148955,0.810000,-93.958955
1608,60.206136,60.324791,58.824791,61.824791,informed,none,0.000000,-9,466.705603,-75.149618,0.810000,-75.959618
1609,60.148478,59.916478,58.416478,61.416478,informed,none,0.000000,-9,466.705603,-74.630698,0.810000,-75.440698
1610,59.939398,59.471827,57.971827,60.971827,noise,none,0.000000,-9,466.705603,-72.748976,0.810000,-73.558976
1611,60.098797,61.051746,59.551746,62.551746,noise,none,0.000000,-9,466.705603,-74.183568,0.810000,-74.993568
1612,59.394241,59.130956,57.630956,60.630956,noise,buy_from_mm,60.630956,-10,527.336559,-66.605847,1.000000,-67.605847
1613,57.937798,58.748955,57.248955,60.248955,noise,none,0.000000,-10,527.336559,-52.041418,1.000000,-53.041418
1614,57.721189,55.914695,54.414695,57.414695,noise,none,0.000000,-10,527.336559,-49.875335,1.000000,-50.875335
1615,58.106034,56.658575,55.158575,58.158575,informed,none,0.000000,-10,527.336559,-53.723779,1.000000,-54.723779
1616,58.107546,58.295838,56.795838,59.795838,noise,none,0.000000,-10,527.336559,-53.738903,1.000000,-54.738903
1617,58.432186,59.473286,57.973286,60.973286,informed,none,0.000000,-10,527.336559,-56.985300,1.000000,-57.985300
1618,59.224662,61.103604,59.603604,62.603604,noise,none,0.000000,-10,527.336559,-64.910065,1.000000,-65.910065
1619,58.167651,55.738348,54.238348,57.238348,noise,sell_to_mm,54.238348,-9,473.098211,-50.410652,0.810000,-51.220652
1620,58.245607,58.634621,57.134621,60.134621,noise,buy_from_mm,60.134621,-10,533.232831,-49.223237,1.000000,-50.223237
1621,57.824702,58.863143,57.363143,60.363143,noise,none,0.000000,-10,533.232831,-45.014188,1.000000,-46.014188
1622,58.125102,57.979265,56.479265,59.479265,noise,none,0.000000,-10,533.232831,-48.018185,1.000000,-49.018185
1623,57.786873,58.140566,56.640566,59.640566,noise,none,0.000000,-10,533.232831,-44.635903,1.000000,-45.635903
1624,57.115949,57.838284,56.338284,59.338284,noise,sell_to_mm,56.338284,-9,476.894548,-37.148996,0.810000,-37.958996
1625,56.672612,55.736846,54.236846,57.236846,informed,none,0.000000,-9,476.894548,-33.158962,0.810000,-33.968962
1626,56.453027,56.675704,55.175704,58.175704,noise,buy_from_mm,58.175704,-10,535.070252,-29.460018,1.000000,-30.460018
1627,57.661137,59.362585,57.862585,60.862585,noise,none,0.000000,-10,535.070252,-41.541122,1.000000,-42.541122
1628,55.849679,56.879709,55.379709,58.379709,noise,buy_from_mm,58.379709,-11,593.449961,-20.896503,1.210000,-22.106503
1629,54.339923,56.034300,54.534300,57.534300,noise,none,0.000000,-11,593.449961,-4.289188,1.210000,-5.499188
1630,54.563106,55.107326,53.607326,56.607326,noise,buy_from_mm,56.607326,-12,650.057287,-4.699990,1.440000,-6.139990
1631,53.369458,52.156089,50.656089,53.656089,informed,none,0.000000,-12,650.057287,9.623792,1.440000,8.183792
1632,52.737486,52.725646,51.225646,54.225646,noise,none,0.000000,-12,650.057287,17.207458,1.440000,15.767458
1633,50.708241,51.524850,50.024850,53.024850,informed,none,0.000000,-12,650.057287,41.558389,1.440000,40.118389
1634,51.126668,50.959191,49.459191,52.459191,noise,none,0.000000,-12,650.057287,36.537271,1.440000,35.097271
1635,52.655808,51.831050,50.331050,53.331050,noise,sell_to_mm,50.331050,-11,599.726237,20.512346,1.210000,19.302346
1636,52.091985,52.116538,50.616538,53.616538,informed,none,0.000000,-11,599.726237,26.714399,1.210000,25.504399
1637,52.023683,51.582737,50.082737,53.082737,noise,buy_from_mm,53.082737,-12,652.808974,28.524783,1.440000,27.084783
1638,54.330903,54.952715,53.452715,56.452715,noise,none,0.000000,-12,652.808974,0.838138,1.440000,-0.601862
1639,55.008919,53.800264,52.300264,55.300264,noise,none,0.000000,-12,652.808974,-7.298050,1.440000,-8.738050
1640,55.824377,55.820551,54.320551,57.320551,noise,none,0.000000,-12,652.808974,-17.083554,1.440000,-18.523554
1641,55.541176,53.596921,52.096921,55.096921,noise,none,0.000000,-12,652.808974,-13.685136,1.440000,-15.125136
1642,55.878890,57.278053,55.778053,58.778053,noise,buy_from_mm,58.778053,-13,711.587027,-14.838548,1.690000,-16.528548
1643,58.328568,58.688621,57.188621,60.188621,informed,none,0.000000,-13,711.587027,-46.684364,1.690000,-48.374364
1644,58.227487,58.824741,57.324741,60.324741,noise,none,0.000000,-13,711.587027,-45.370303,1.690000,-47.060303
1645,58.899843,58.607440,57.107440,60.107440,noise,buy_from_mm,60.107440,-14,771.694466,-52.903335,1.960000,-54.863335
1646,59.220259,59.713729,58.213729,61.213729,noise,buy_from_mm,61.213729,-15,832.908195,-55.395684,2.250000,-57.645684
1647,59.436088,59.323052,57.823052,60.823052,noise,none,0.000000,-15,832.908195,-58.633128,2.250000,-60.883128
1648,59.530373,58.931318,57.431318,60.431318,noise,buy_from_mm,60.431318,-16,893.339513,-59.146451,2.560000,-61.706451
1649,61.235565,61.506303,60.006303,63.006303,noise,none,0.000000,-16,893.339513,-86.429525,2.560000,-88.989525
1650,60.696666,59.145069,57.645069,60.645069,noise,none,0.000000,-16,893.339513,-77.807139,2.560000,-80.367139
1651,62.198515,62.996858,61.496858,64.496858,informed,none,0.000000,-16,893.339513,-101.836725,2.560000,-104.396725
1652,61.423351,61.262880,59.762880,62.762880,informed,none,0.000000,-16,893.339513,-89.434101,2.560000,-91.994101
1653,62.828017,62.715927,61.215927,64.215927,informed,none,0.000000,-16,893.339513,-111.908751,2.560000,-114.468751
1654,62.657389,63.118046,61.618046,64.618046,informed,none,0.000000,-16,893.339513,-109.178718,2.560000,-111.738718
1655,62.708121,63.829909,62.329909,65.329909,noise,none,0.000000,-16,893.339513,-109.990425,2.560000,-112.550425
1656,62.808909,61.939923,60.439923,63.439923,noise,none,0.000000,-16,893.339513,-111.603031,2.560000,-114.163031
1657,63.247518,62.077362,60.577362,63.577362,noise,none,0.000000,-16,893.339513,-118.620773,2.560000,-121.180773
1658,64.660892,65.163005,63.663005,66.663005,noise,none,0.000000,-16,893.339513,-141.234758,2.560000,-143.794758
1659,65.506552,67.003773,65.503773,68.503773,informed,none,0.000000,-16,893.339513,-154.765312,2.560000,-157.325312
1660,65.997243,66.524304,65.024304,68.024304,noise,none,0.000000,-16,893.339513,-162.616378,2.560000,-165.176378
1661,66.259059,67.214321,65.714321,68.714321,informed,none,0.000000,-16,893.339513,-166.805432,2.560000,-169.365432
1662,65.258955,66.010041,64.510041,67.510041,informed,none,0.000000,-16,893.339513,-150.803764,2.560000,-153.363764
1663,63.779628,63.851512,62.351512,65.351512,informed,none,0.000000,-16,893.339513,-127.134540,2.560000,-129.694540
1664,64.413088,63.648697,62.148697,65.148697,noise,sell_to_mm,62.148697,-15,831.190816,-135.005509,2.250000,-137.255509
1665,65.277033,65.293950,63.793950,66.793950,noise,none,0.000000,-15,831.190816,-147.964680,2.250000,-150.214680
1666,63.744820,64.983528,63.483528,66.483528,noise,none,0.000000,-15,831.190816,-124.981489,2.250000,-127.231489
1667,64.308957,64.472649,62.972649,65.972649,noise,buy_from_mm,65.972649,-16,897.163465,-131.779854,2.560000,-134.339854
1668,62.710957,62.963339,61.463339,64.463339,noise,none,0.000000,-16,897.163465,-106.211839,2.560000,-108.771839
1669,62.127842,64.186553,62.686553,65.686553,noise,sell_to_mm,62.686553,-15,834.476912,-97.440713,2.250000,-99.690713
1670,62.636124,61.802286,60.302286,63.302286,informed,none,0.000000,-15,834.476912,-105.064949,2.250000,-107.314949
1671,60.940739,61.387140,59.887140,62.887140,informed,none,0.000000,-15,834.476912,-79.634176,2.250000,-81.884176
1672,60.913750,60.513817,59.013817,62.013817,informed,none,0.000000,-15,834.476912,-79.229333,2.250000,-81.479333
1673,61.037187,60.271903,58.771903,61.771903,noise,buy_from_mm,61.771903,-16,896.248815,-80.346183,2.560000,-82.906183
1674,60.119628,58.798460,57.298460,60.298460,noise,none,0.000000,-16,896.248815,-65.665230,2.560000,-68.225230
1675,60.191713,59.316145,57.816145,60.816145,informed,none,0.000000,-16,896.248815,-66.818593,2.560000,-69.378593
1676,59.729709,58.753354,57.253354,60.253354,informed,none,0.000000,-16,896.248815,-59.426526,2.560000,-61.986526
1677,59.876580,58.984120,57.484120,60.484120,informed,none,0.000000,-16,896.248815,-61.776462,2.560000,-64.336462
1678,61.324537,62.482223,60.982223,63.982223,noise,none,0.000000,-16,896.248815,-84.943778,2.560000,-87.503778
1679,62.445088,62.607298,61.107298,64.107298,noise,none,0.000000,-16,896.248815,-102.872587,2.560000,-105.432587
1680,62.828248,62.937365,61.437365,64.437365,informed,none,0.000000,-16,896.248815,-109.003149,2.560000,-111.563149
1681,61.271714,63.278261,61.778261,64.778261,noise,none,0.000000,-16,896.248815,-84.098611,2.560000,-86.658611
1682,62.264654,60.353727,58.853727,61.853727,noise,none,0.000000,-16,896.248815,-99.985649,2.560000,-102.545649
1683,60.918877,64.441759,62.941759,65.941759,informed,sell_to_mm,62.941759,-15,833.307056,-80.476098,2.250000,-82.726098
1684,61.909359,64.102515,62.602515,65.602515,informed,sell_to_mm,62.602515,-14,770.704540,-96.026486,1.960000,-97.986486
1685,62.340368,61.262084,59.762084,62.762084,informed,none,0.000000,-14,770.704540,-102.060611,1.960000,-104.020611
1686,63.628445,63.401824,61.901824,64.901824,noise,sell_to_mm,61.901824,-13,708.802717,-118.367063,1.690000,-120.057063
1687,63.430203,64.671555,63.171555,66.171555,informed,none,0.000000,-13,708.802717,-115.789920,1.690000,-117.479920
1688,63.374924,63.704088,62.204088,65.204088,noise,none,0.000000,-13,708.802717,-115.071296,1.690000,-116.761296
1689,64.341768,66.290031,64.790031,67.790031,noise,none,0.000000,-13,708.802717,-127.640270,1.690000,-129.330270
1690,64.167459,63.263661,61.763661,64.763661,informed,none,0.000000,-13,708.802717,-125.374249,1.690000,-127.064249
1691,64.434755,62.777986,61.277986,64.277986,noise,none,0.000000,-13,708.802717,-128.849096,1.690000,-130.539096
1692,64.852492,66.382028,64.882028,67.882028,informed,sell_to_mm,64.882028,-12,643.920689,-134.309213,1.440000,-135.749213
1693,64.681807,65.046270,63.546270,66.546270,noise,none,0.000000,-12,643.920689,-132.260992,1.440000,-133.700992
1694,63.867556,64.331264,62.831264,65.831264,informed,none,0.000000,-12,643.920689,-122.489985,1.440000,-123.929985
1695,63.366263,65.401612,63.901612,66.901612,informed,sell_to_mm,63.901612,-11,580.019077,-117.009816,1.210000,-118.219816
1696,64.234102,62.604686,61.104686,64.104686,informed,buy_from_mm,64.104686,-12,644.123763,-126.685460,1.440000,-128.125460
1697,65.214641,64.361407,62.861407,65.861407,informed,none,0.000000,-12,644.123763,-138.451933,1.440000,-139.891933
1698,66.943037,68.056934,66.556934,69.556934,noise,none,0.000000,-12,644.123763,-159.192675,1.440000,-160.632675
1699,69.226569,68.915364,67.415364,70.415364,noise,none,0.000000,-12,644.123763,-186.595064,1.440000,-188.035064
1700,68.687250,68.155311,66.655311,69.655311,noise,none,0.000000,-12,644.123763,-180.123239,1.440000,-181.563239
1701,67.917221,68.100306,66.600306,69.600306,informed,none,0.000000,-12,644.123763,-170.882885,1.440000,-172.322885
1702,68.896678,67.976096,66.476096,69.476096,noise,none,0.000000,-12,644.123763,-182.636374,1.440000,-184.076374
1703,69.559494,69.944811,68.444811,71.444811,noise,none,0.000000,-12,644.123763,-190.590160,1.440000,-192.030160
1704,69.711965,68.592283,67.092283,70.092283,noise,none,0.000000,-12,644.123763,-192.419819,1.440000,-193.859819
1705,69.299919,70.405099,68.905099,71.905099,informed,none,0.000000,-12,644.123763,-187.475262,1.440000,-188.915262
1706,70.232510,69.189119,67.689119,70.689119,informed,none,0.000000,-12,644.123763,-198.666355,1.440000,-200.106355
1707,70.023420,68.145613,66.645613,69.645613,noise,buy_from_mm,69.645613,-13,713.769376,-196.535090,1.690000,-198.225090
1708,70.292616,70.566661,69.066661,72.066661,informed,none,0.000000,-13,713.769376,-200.034631,1.690000,-201.724631
1709,69.075088,69.725236,68.225236,71.225236,informed,none,0.000000,-13,713.769376,-184.206765,1.690000,-185.896765
1710,69.228588,68.654564,67.154564,70.154564,noise,sell_to_mm,67.154564,-12,646.614812,-184.128240,1.440000,-185.568240
1711,69.334447,70.582990,69.082990,72.082990,noise,none,0.000000,-12,646.614812,-185.398554,1.440000,-186.838554
1712,69.020787,70.361636,68.861636,71.861636,noise,none,0.000000,-12,646.614812,-181.634627,1.440000,-183.074627
1713,68.578165,67.391159,65.891159,68.891159,informed,none,0.000000,-12,646.614812,-176.323163,1.440000,-177.763163
1714,70.354470,71.236473,69.736473,72.736473,noise,buy_from_mm,72.736473,-13,719.351285,-195.256823,1.690000,-196.946823
1715,69.557622,68.870885,67.370885,70.370885,noise,buy_from_mm,70.370885,-14,789.722170,-184.084536,1.960000,-186.044536
1716,69.837965,70.703298,69.203298,72.203298,informed,none,0.000000,-14,789.722170,-188.009339,1.960000,-189.969339
1717,70.545595,69.819795,68.319795,71.319795,informed,none,0.000000,-14,789.722170,-197.916155,1.960000,-199.876155
1718,68.823071,67.033192,65.533192,68.533192,informed,buy_from_mm,68.533192,-15,858.255362,-174.090706,2.250000,-176.340706
1719,68.899627,68.797221,67.297221,70.297221,informed,none,0.000000,-15,858.255362,-175.239045,2.250000,-177.489045
1720,68.755815,69.838623,68.338623,71.338623,noise,none,0.000000,-15,858.255362,-173.081867,2.250000,-175.331867
1721,67.850127,69.309173,67.809173,70.809173,noise,sell_to_mm,67.809173,-14,790.446189,-159.455590,1.960000,-161.415590
1722,68.007196,67.460084,65.960084,68.960084,informed,none,0.000000,-14,790.446189,-161.654559,1.960000,-163.614559
1723,67.276225,67.810768,66.310768,69.310768,noise,none,0.000000,-14,790.446189,-151.420968,1.960000,-153.380968
1724,68.098970,68.364629,66.864629,69.864629,noise,sell_to_mm,66.864629,-13,723.581560,-161.705054,1.690000,-163.395054
1725,70.474542,70.501589,69.001589,72.001589,informed,none,0.000000,-13,723.581560,-192.587481,1.690000,-194.277481
1726,71.600064,71.927490,70.427490,73.427490,noise,none,0.000000,-13,723.581560,-207.219269,1.690000,-208.909269
1727,73.621984,73.251026,71.751026,74.751026,noise,none,0.000000,-13,723.581560,-233.504231,1.690000,-235.194231
1728,73.848187,75.112007,73.612007,76.612007,noise,sell_to_mm,73.612007,-12,649.969553,-236.208695,1.440000,-237.648695
1729,74.533320,76.148717,74.648717,77.648717,noise,none,0.000000,-12,649.969553,-244.430288,1.440000,-245.870288
1730,75.343552,75.579328,74.079328,77.079328,informed,none,0.000000,-12,649.969553,-254.153075,1.440000,-255.593075
1731,76.085055,76.735279,75.235279,78.235279,informed,none,0.000000,-12,649.969553,-263.051107,1.440000,-264.491107
1732,76.288662,76.675932,75.175932,78.175932,informed,none,0.000000,-12,649.969553,-265.494390,1.440000,-266.934390
1733,76.539384,77.514520,76.014520,79.014520,informed,none,0.000000,-12,649.969553,-268.503049,1.440000,-269.943049
1734,75.423601,75.722868,74.222868,77.222868,informed,none,0.000000,-12,649.969553,-255.113654,1.440000,-256.553654
1735,75.390658,76.496356,74.996356,77.996356,informed,none,0.000000,-12,649.969553,-254.718349,1.440000,-256.158349
1736,75.163042,75.579827,74.079827,77.079827,noise,none,0.000000,-12,649.969553,-251.986951,1.440000,-253.426951
1737,75.077441,74.848712,73.348712,76.348712,informed,none,0.000000,-12,649.969553,-250.959738,1.440000,-252.399738
1738,75.502337,74.977456,73.477456,76.477456,noise,none,0.000000,-12,649.969553,-256.058493,1.440000,-257.498493
1739,74.912394,73.501915,72.001915,75.001915,informed,none,0.000000,-12,649.969553,-248.979181,1.440000,-250.419181
1740,74.636234,73.538520,72.038520,75.038520,informed,none,0.000000,-12,649.969553,-245.665261,1.440000,-247.105261
1741,73.916002,75.830552,74.330552,77.330552,noise,buy_from_mm,77.330552,-13,727.300105,-233.607916,1.690000,-235.297916
1742,74.438862,74.401636,72.901636,75.901636,noise,none,0.000000,-13,727.300105,-240.405101,1.690000,-242.095101
1743,73.537338,74.836002,73.336002,76.336002,informed,none,0.000000,-13,727.300105,-228.685290,1.690000,-230.375290
1744,73.829083,72.306374,70.806374,73.806374,informed,buy_from_mm,73.806374,-14,801.106478,-232.500679,1.960000,-234.460679
1745,72.125171,69.002239,67.502239,70.502239,noise,sell_to_mm,67.502239,-13,733.604239,-204.022980,1.690000,-205.712980
1746,71.803825,72.605140,71.105140,74.105140,noise,none,0.000000,-13,733.604239,-199.845485,1.690000,-201.535485
1747,70.719646,72.106804,70.606804,73.606804,informed,none,0.000000,-13,733.604239,-185.751157,1.690000,-187.441157
1748,71.201729,73.023535,71.523535,74.523535,noise,sell_to_mm,71.523535,-12,662.080704,-192.340050,1.440000,-193.780050
1749,72.499165,72.575950,71.075950,74.075950,informed,none,0.000000,-12,662.080704,-207.909270,1.440000,-209.349270
1750,72.984442,73.199288,71.699288,74.699288,noise,none,0.000000,-12,662.080704,-213.732599,1.440000,-215.172599
1751,72.836857,70.603222,69.103222,72.103222,informed,buy_from_mm,72.103222,-13,734.183926,-212.695211,1.690000,-214.385211
1752,72.628878,72.120292,70.620292,73.620292,noise,none,0.000000,-13,734.183926,-209.991493,1.690000,-211.681493
1753,73.726128,74.415472,72.915472,75.915472,noise,none,0.000000,-13,734.183926,-224.255733,1.690000,-225.945733
1754,72.037197,72.489511,70.989511,73.989511,informed,none,0.000000,-13,734.183926,-202.299638,1.690000,-203.989638
1755,71.283554,71.871841,70.371841,73.371841,noise,sell_to_mm,70.371841,-12,663.812085,-191.590565,1.440000,-193.030565
1756,72.159186,71.855606,70.355606,73.355606,informed,none,0.000000,-12,663.812085,-202.098144,1.440000,-203.538144
1757,71.439171,71.408490,69.908490,72.908490,noise,none,0.000000,-12,663.812085,-193.457970,1.440000,-194.897970
1758,72.157391,70.165371,68.665371,71.665371,noise,none,0.000000,-12,663.812085,-202.076611,1.440000,-203.516611
1759,74.109809,73.840197,72.340197,75.340197,noise,buy_from_mm,75.340197,-13,739.152282,-224.275240,1.690000,-225.965240
1760,75.318515,75.475204,73.975204,76.975204,noise,buy_from_mm,76.975204,-14,816.127486,-238.331720,1.960000,-240.291720
1761,75.681142,75.916752,74.416752,77.416752,noise,none,0.000000,-14,816.127486,-243.408503,1.960000,-245.368503
1762,77.323398,77.570677,76.070677,79.070677,informed,none,0.000000,-14,816.127486,-266.400083,1.960000,-268.360083
1763,74.478601,72.563918,71.063918,74.063918,noise,none,0.000000,-14,816.127486,-226.572930,1.960000,-228.532930
1764,74.430711,74.980433,73.480433,76.480433,noise,none,0.000000,-14,816.127486,-225.902463,1.960000,-227.862463
1765,74.210687,74.419907,72.919907,75.919907,noise,buy_from_mm,75.919907,-15,892.047393,-221.112907,2.250000,-223.362907
1766,72.912392,73.785295,72.285295,75.285295,informed,none,0.000000,-15,892.047393,-201.638490,2.250000,-203.888490
1767,72.437030,73.025593,71.525593,74.525593,noise,none,0.000000,-15,892.047393,-194.508055,2.250000,-196.758055
1768,75.943276,75.685734,74.185734,77.185734,noise,none,0.000000,-15,892.047393,-247.101742,2.250000,-249.351742
1769,75.530676,75.492063,73.992063,76.992063,informed,none,0.000000,-15,892.047393,-240.912752,2.250000,-243.162752
1770,73.920002,73.599822,72.099822,75.099822,noise,sell_to_mm,72.099822,-14,819.947571,-214.932459,1.960000,-216.892459
1771,72.926809,72.334962,70.834962,73.834962,informed,none,0.000000,-14,819.947571,-201.027760,1.960000,-202.987760
1772,72.863248,71.137411,69.637411,72.637411,noise,none,0.000000,-14,819.947571,-200.137898,1.960000,-202.097898
1773,70.845566,70.164765,68.664765,71.664765,informed,none,0.000000,-14,819.947571,-171.890349,1.960000,-173.850349
1774,70.074379,70.302512,68.802512,71.802512,noise,sell_to_mm,68.802512,-13,751.145059,-159.821870,1.690000,-161.511870
1775,68.476863,69.328941,67.828941,70.828941,noise,buy_from_mm,70.828941,-14,821.974000,-136.702087,1.960000,-138.662087
1776,68.844959,70.344914,68.844914,71.844914,noise,buy_from_mm,71.844914,-15,893.818914,-138.855477,2.250000,-141.105477
1777,70.111989,70.377987,68.877987,71.877987,noise,none,0.000000,-15,893.818914,-157.860914,2.250000,-160.110914
1778,70.485716,70.325678,68.825678,71.825678,informed,none,0.000000,-15,893.818914,-163.466830,2.250000,-165.716830
1779,70.474250,70.440241,68.940241,71.940241,noise,buy_from_mm,71.940241,-16,965.759155,-161.828838,2.560000,-164.388838
1780,70.078665,73.092510,71.592510,74.592510,noise,sell_to_mm,71.592510,-15,894.166645,-157.013335,2.250000,-159.263335
1781,69.362383,68.751945,67.251945,70.251945,informed,none,0.000000,-15,894.166645,-146.269103,2.250000,-148.519103
1782,70.344379,68.488718,66.988718,69.988718,informed,buy_from_mm,69.988718,-16,964.155363,-161.354706,2.560000,-163.914706
1783,70.099004,69.318264,67.818264,70.818264,noise,sell_to_mm,67.818264,-15,896.337099,-155.147959,2.250000,-157.397959
1784,69.726486,70.228132,68.728132,71.728132,noise,none,0.000000,-15,896.337099,-149.560186,2.250000,-151.810186
1785,72.071569,72.375805,70.875805,73.875805,informed,none,0.000000,-15,896.337099,-184.736432,2.250000,-186.986432
1786,72.413393,71.699353,70.199353,73.199353,noise,none,0.000000,-15,896.337099,-189.863788,2.250000,-192.113788
1787,73.552485,74.182315,72.682315,75.682315,noise,none,0.000000,-15,896.337099,-206.950173,2.250000,-209.200173
1788,73.051468,73.702354,72.202354,75.202354,noise,none,0.000000,-15,896.337099,-199.434920,2.250000,-201.684920
1789,72.905287,72.442433,70.942433,73.942433,noise,none,0.000000,-15,896.337099,-197.242200,2.250000,-199.492200
1790,73.155236,72.386075,70.886075,73.886075,informed,none,0.000000,-15,896.337099,-200.991448,2.250000,-203.241448
1791,72.611618,73.688096,72.188096,75.188096,noise,buy_from_mm,75.188096,-16,971.525196,-190.260695,2.560000,-192.820695
1792,72.219177,72.544118,71.044118,74.044118,noise,none,0.000000,-16,971.525196,-183.981643,2.560000,-186.541643
1793,73.043241,72.976226,71.476226,74.476226,noise,none,0.000000,-16,971.525196,-197.166653,2.560000,-199.726653
1794,72.661631,73.133203,71.633203,74.633203,noise,buy_from_mm,74.633203,-17,1046.158398,-189.089323,2.890000,-191.979323
1795,72.390662,71.959153,70.459153,73.459153,informed,none,0.000000,-17,1046.158398,-184.482861,2.890000,-187.372861
1796,72.005723,72.077664,70.577664,73.577664,noise,sell_to_mm,70.577664,-16,975.580734,-176.510838,2.560000,-179.070838
1797,71.409446,70.991032,69.491032,72.491032,noise,none,0.000000,-16,975.580734,-166.970408,2.560000,-169.530408
1798,72.352851,71.667099,70.167099,73.167099,noise,none,0.000000,-16,975.580734,-182.064878,2.560000,-184.624878
1799,72.829210,73.787124,72.287124,75.287124,informed,none,0.000000,-16,975.580734,-189.686626,2.560000,-192.246626
1800,71.687438,72.527840,71.027840,74.027840,noise,sell_to_mm,71.027840,-15,904.552894,-170.758682,2.250000,-173.008682
1801,72.476426,72.519091,71.019091,74.019091,informed,none,0.000000,-15,904.552894,-182.593494,2.250000,-184.843494
1802,72.560345,72.964294,71.464294,74.464294,informed,none,0.000000,-15,904.552894,-183.852287,2.250000,-186.102287
1803,72.440404,70.407625,68.907625,71.907625,noise,none,0.000000,-15,904.552894,-182.053164,2.250000,-184.303164
1804,71.693218,72.204769,70.704769,73.704769,noise,none,0.000000,-15,904.552894,-170.845372,2.250000,-173.095372
1805,72.260269,71.534420,70.034420,73.034420,noise,none,0.000000,-15,904.552894,-179.351144,2.250000,-181.601144
1806,71.164500,70.494502,68.994502,71.994502,informed,none,0.000000,-15,904.552894,-162.914610,2.250000,-165.164610
1807,71.207333,69.271504,67.771504,70.771504,noise,buy_from_mm,70.771504,-16,975.324397,-163.992932,2.560000,-166.552932
1808,70.238595,69.111103,67.611103,70.611103,noise,none,0.000000,-16,975.324397,-148.493124,2.560000,-151.053124
1809,69.190753,68.951163,67.451163,70.451163,informed,none,0.000000,-16,975.324397,-131.727649,2.560000,-134.287649
1810,67.771005,67.487491,65.987491,68.987491,noise,sell_to_mm,65.987491,-15,909.336906,-107.228175,2.250000,-109.478175
1811,68.742031,69.732022,68.232022,71.232022,informed,none,0.000000,-15,909.336906,-121.793563,2.250000,-124.043563
1812,68.988888,68.911557,67.411557,70.411557,informed,none,0.000000,-15,909.336906,-125.496409,2.250000,-127.746409
1813,68.620472,67.646777,66.146777,69.146777,informed,none,0.000000,-15,909.336906,-119.970178,2.250000,-122.220178
1814,68.834248,69.341104,67.841104,70.841104,informed,none,0.000000,-15,909.336906,-123.176819,2.250000,-125.426819
1815,68.769200,69.753448,68.253448,71.253448,noise,buy_from_mm,71.253448,-16,980.590354,-119.716844,2.560000,-122.276844
1816,68.516670,67.774479,66.274479,69.274479,noise,none,0.000000,-16,980.590354,-115.676371,2.560000,-118.236371
1817,68.650820,68.838118,67.338118,70.338118,informed,none,0.000000,-16,980.590354,-117.822766,2.560000,-120.382766
1818,69.354896,70.856133,69.356133,72.356133,noise,buy_from_mm,72.356133,-17,1052.946487,-126.086738,2.890000,-128.976738
1819,67.804877,67.525893,66.025893,69.025893,noise,none,0.000000,-17,1052.946487,-99.736423,2.890000,-102.626423
1820,67.618211,66.889627,65.389627,68.389627,informed,none,0.000000,-17,1052.946487,-96.563096,2.890000,-99.453096
1821,68.666539,67.967858,66.467858,69.467858,noise,sell_to_mm,66.467858,-16,986.478629,-112.185990,2.560000,-114.745990
1822,68.542298,68.485570,66.985570,69.985570,noise,none,0.000000,-16,986.478629,-110.198142,2.560000,-112.758142
1823,68.607617,68.045033,66.545033,69.545033,noise,sell_to_mm,66.545033,-15,919.933596,-109.180655,2.250000,-111.430655
1824,71.410511,71.299380,69.799380,72.799380,noise,none,0.000000,-15,919.933596,-151.224074,2.250000,-153.474074
1825,71.480775,71.340455,69.840455,72.840455,informed,none,0.000000,-15,919.933596,-152.278032,2.250000,-154.528032
1826,70.897461,71.964692,70.464692,73.464692,noise,sell_to_mm,70.464692,-14,849.468903,-143.095548,1.960000,-145.055548
1827,71.547817,73.491412,71.991412,74.991412,informed,sell_to_mm,71.991412,-13,777.477491,-152.644127,1.690000,-154.334127
1828,72.510983,71.530657,70.030657,73.030657,noise,none,0.000000,-13,777.477491,-165.165288,1.690000,-166.855288
1829,71.526673,72.781777,71.281777,74.281777,noise,buy_from_mm,74.281777,-14,851.759269,-149.614154,1.960000,-151.574154
1830,72.408840,72.550349,71.050349,74.050349,noise,none,0.000000,-14,851.759269,-161.964496,1.960000,-163.924496
1831,73.404729,72.861048,71.361048,74.361048,noise,none,0.000000,-14,851.759269,-175.906930,1.960000,-177.866930
1832,74.173160,76.746623,75.246623,78.246623,informed,sell_to_mm,75.246623,-13,776.512646,-187.738437,1.690000,-189.428437
1833,73.064606,73.152986,71.652986,74.652986,noise,none,0.000000,-13,776.512646,-173.327234,1.690000,-175.017234
1834,73.268077,71.786676,70.286676,73.286676,noise,none,0.000000,-13,776.512646,-175.972352,1.690000,-177.662352
1835,74.291403,74.338399,72.838399,75.838399,informed,none,0.000000,-13,776.512646,-189.275590,1.690000,-190.965590
1836,75.406527,75.684324,74.184324,77.184324,noise,buy_from_mm,77.184324,-14,853.696970,-201.994415,1.960000,-203.954415
1837,75.183027,74.830593,73.330593,76.330593,informed,none,0.000000,-14,853.696970,-198.865407,1.960000,-200.825407
1838,75.690216,76.274897,74.774897,77.774897,informed,none,0.000000,-14,853.696970,-205.966058,1.960000,-207.926058
1839,75.173758,77.700065,76.200065,79.200065,noise,none,0.000000,-14,853.696970,-198.735647,1.960000,-200.695647
1840,75.479151,73.077980,71.577980,74.577980,noise,none,0.000000,-14,853.696970,-203.011146,1.960000,-204.971146
1841,76.313396,78.249123,76.749123,79.749123,informed,sell_to_mm,76.749123,-13,776.947847,-215.126296,1.690000,-216.816296
1842,74.611206,73.989216,72.489216,75.489216,noise,none,0.000000,-13,776.947847,-192.997828,1.690000,-194.687828
1843,76.262481,75.726321,74.226321,77.226321,noise,buy_from_mm,77.226321,-14,854.174168,-213.500562,1.960000,-215.460562
1844,76.204813,75.659070,74.159070,77.159070,noise,none,0.000000,-14,854.174168,-212.693216,1.960000,-214.653216
1845,75.448212,76.027081,74.527081,77.527081,noise,none,0.000000,-14,854.174168,-202.100800,1.960000,-204.060800
1846,75.874043,76.609460,75.109460,78.109460,noise,none,0.000000,-14,854.174168,-208.062438,1.960000,-210.022438
1847,75.734757,73.113378,71.613378,74.613378,informed,buy_from_mm,74.613378,-15,928.787546,-207.233812,2.250000,-209.483812
1848,76.133293,75.920933,74.420933,77.420933,informed,none,0.000000,-15,928.787546,-213.211848,2.250000,-215.461848
1849,76.700064,73.891082,72.391082,75.391082,informed,buy_from_mm,75.391082,-16,1004.178628,-223.022400,2.560000,-225.582400
1850,76.025928,77.719780,76.219780,79.219780,informed,sell_to_mm,76.219780,-15,927.958848,-212.430072,2.250000,-214.680072
1851,78.156772,79.435760,77.935760,80.935760,noise,sell_to_mm,77.935760,-14,850.023088,-244.171727,1.960000,-246.131727
1852,77.176285,77.078767,75.578767,78.578767,noise,none,0.000000,-14,850.023088,-230.444896,1.960000,-232.404896
1853,78.902034,78.532663,77.032663,80.032663,informed,none,0.000000,-14,850.023088,-254.605383,1.960000,-256.565383
1854,78.138057,78.329123,76.829123,79.829123,noise,none,0.000000,-14,850.023088,-243.909708,1.960000,-245.869708
1855,78.056186,78.464736,76.964736,79.964736,noise,none,0.000000,-14,850.023088,-242.763511,1.960000,-244.723511
1856,79.056603,79.479094,77.979094,80.979094,informed,none,0.000000,-14,850.023088,-256.769355,1.960000,-258.729355
1857,79.276328,78.641467,77.141467,80.141467,noise,none,0.000000,-14,850.023088,-259.845498,1.960000,-261.805498
1858,79.945642,80.014028,78.514028,81.514028,noise,none,0.000000,-14,850.023088,-269.215894,1.960000,-271.175894
1859,79.034869,79.068282,77.568282,80.568282,noise,buy_from_mm,80.568282,-15,930.591370,-254.931672,2.250000,-257.181672
1860,79.473922,79.263508,77.763508,80.763508,informed,none,0.000000,-15,930.591370,-261.517466,2.250000,-263.767466
1861,78.798087,78.251591,76.751591,79.751591,informed,none,0.000000,-15,930.591370,-251.379929,2.250000,-253.629929
1862,77.396712,76.761202,75.261202,78.261202,noise,none,0.000000,-15,930.591370,-230.359312,2.250000,-232.609312
1863,76.961056,76.818279,75.318279,78.318279,noise,sell_to_mm,75.318279,-14,855.273091,-222.181689,1.960000,-224.141689
1864,77.177860,77.444671,75.944671,78.944671,informed,none,0.000000,-14,855.273091,-225.216955,1.960000,-227.176955
1865,77.975620,77.647825,76.147825,79.147825,noise,none,0.000000,-14,855.273091,-236.385596,1.960000,-238.345596
1866,79.555479,78.754421,77.254421,80.254421,informed,none,0.000000,-14,855.273091,-258.503613,1.960000,-260.463613
1867,81.513264,81.301025,79.801025,82.801025,noise,none,0.000000,-14,855.273091,-285.912612,1.960000,-287.872612
1868,80.997572,82.447195,80.947195,83.947195,informed,none,0.000000,-14,855.273091,-278.692911,1.960000,-280.652911
1869,81.443684,80.872361,79.372361,82.372361,noise,none,0.000000,-14,855.273091,-284.938491,1.960000,-286.898491
1870,81.648990,81.408627,79.908627,82.908627,informed,none,0.000000,-14,855.273091,-287.812767,1.960000,-289.772767
1871,81.839213,79.910902,78.410902,81.410902,noise,none,0.000000,-14,855.273091,-290.475888,1.960000,-292.435888
1872,82.115324,82.646816,81.146816,84.146816,noise,none,0.000000,-14,855.273091,-294.341442,1.960000,-296.301442
1873,82.803442,81.290275,79.790275,82.790275,informed,buy_from_mm,82.790275,-15,938.063366,-303.988264,2.250000,-306.238264
1874,83.806809,84.766793,83.266793,86.266793,informed,none,0.000000,-15,938.063366,-319.038763,2.250000,-321.288763
1875,84.965900,84.518149,83.018149,86.018149,noise,none,0.000000,-15,938.063366,-336.425129,2.250000,-338.675129
1876,85.490899,87.824922,86.324922,89.324922,noise,none,0.000000,-15,938.063366,-344.300126,2.250000,-346.550126
1877,85.207262,84.638625,83.138625,86.138625,noise,buy_from_mm,86.138625,-16,1024.201991,-339.114208,2.560000,-341.674208
1878,84.283379,83.241971,81.741971,84.741971,informed,none,0.000000,-16,1024.201991,-324.332080,2.560000,-326.892080
1879,85.067964,85.695517,84.195517,87.195517,noise,none,0.000000,-16,1024.201991,-336.885435,2.560000,-339.445435
1880,85.202367,83.251974,81.751974,84.751974,noise,none,0.000000,-16,1024.201991,-339.035879,2.560000,-341.595879
1881,86.671692,88.679637,87.179637,90.179637,informed,sell_to_mm,87.179637,-15,937.022354,-363.053021,2.250000,-365.303021
1882,86.803751,87.508009,86.008009,89.008009,informed,none,0.000000,-15,937.022354,-365.033912,2.250000,-367.283912
1883,85.789076,88.315450,86.815450,89.815450,noise,none,0.000000,-15,937.022354,-349.813786,2.250000,-352.063786
1884,84.672628,86.063414,84.563414,87.563414,informed,none,0.000000,-15,937.022354,-333.067064,2.250000,-335.317064
1885,84.175477,84.502492,83.002492,86.002492,informed,none,0.000000,-15,937.022354,-325.609806,2.250000,-327.859806
1886,84.424419,83.701443,82.201443,85.201443,informed,none,0.000000,-15,937.022354,-329.343930,2.250000,-331.593930
1887,84.111957,82.423781,80.923781,83.923781,noise,buy_from_mm,83.923781,-16,1020.946135,-324.845175,2.560000,-327.405175
1888,84.529795,83.181957,81.681957,84.681957,informed,none,0.000000,-16,1020.946135,-331.530579,2.560000,-334.090579
1889,84.607003,84.562933,83.062933,86.062933,noise,none,0.000000,-16,1020.946135,-332.765908,2.560000,-335.325908
1890,83.037983,83.304078,81.804078,84.804078,informed,none,0.000000,-16,1020.946135,-307.661589,2.560000,-310.221589
1891,82.898006,82.137770,80.637770,83.637770,noise,none,0.000000,-16,1020.946135,-305.421966,2.560000,-307.981966
1892,83.712496,85.586026,84.086026,87.086026,noise,none,0.000000,-16,1020.946135,-318.453798,2.560000,-321.013798
1893,84.101768,83.458256,81.958256,84.958256,noise,none,0.000000,-16,1020.946135,-324.682159,2.560000,-327.242159
1894,85.305582,85.363047,83.863047,86.863047,noise,sell_to_mm,83.863047,-15,937.083088,-342.500636,2.250000,-344.750636
1895,82.979164,82.352837,80.852837,83.852837,noise,none,0.000000,-15,937.083088,-307.604371,2.250000,-309.854371
1896,82.821844,81.450076,79.950076,82.950076,noise,buy_from_mm,82.950076,-16,1020.033165,-305.116339,2.560000,-307.676339
1897,84.728745,85.760693,84.260693,87.260693,noise,sell_to_mm,84.260693,-15,935.772472,-335.158702,2.250000,-337.408702
1898,83.357664,82.481119,80.981119,83.981119,informed,none,0.000000,-15,935.772472,-314.592488,2.250000,-316.842488
1899,84.040586,83.631067,82.131067,85.131067,informed,none,0.000000,-15,935.772472,-324.836319,2.250000,-327.086319
1900,85.139348,84.853219,83.353219,86.353219,informed,none,0.000000,-15,935.772472,-341.317750,2.250000,-343.567750
1901,83.612632,81.338209,79.838209,82.838209,noise,none,0.000000,-15,935.772472,-318.417001,2.250000,-320.667001
1902,82.857024,83.664102,82.164102,85.164102,noise,none,0.000000,-15,935.772472,-307.082893,2.250000,-309.332893
1903,81.789452,80.602423,79.102423,82.102423,noise,buy_from_mm,82.102423,-16,1017.874895,-290.756336,2.560000,-293.316336
1904,82.869150,82.664300,81.164300,84.164300,noise,none,0.000000,-16,1017.874895,-308.031498,2.560000,-310.591498
1905,84.132686,83.800397,82.300397,85.300397,informed,none,0.000000,-16,1017.874895,-328.248080,2.560000,-330.808080
1906,85.582772,84.407638,82.907638,85.907638,noise,none,0.000000,-16,1017.874895,-351.449453,2.560000,-354.009453
1907,86.029553,85.605877,84.105877,87.105877,informed,none,0.000000,-16,1017.874895,-358.597951,2.560000,-361.157951
1908,85.603078,86.034948,84.534948,87.534948,informed,none,0.000000,-16,1017.874895,-351.774358,2.560000,-354.334358
1909,85.371172,85.682339,84.182339,87.182339,noise,buy_from_mm,87.182339,-17,1105.057234,-346.252690,2.890000,-349.142690
1910,85.167952,84.825242,83.325242,86.325242,noise,sell_to_mm,83.325242,-16,1021.731992,-340.955237,2.560000,-343.515237
1911,86.727826,84.261426,82.761426,85.761426,informed,buy_from_mm,85.761426,-17,1107.493418,-366.879624,2.890000,-369.769624
1912,86.679418,87.319504,85.819504,88.819504,informed,none,0.000000,-17,1107.493418,-366.056685,2.890000,-368.946685
1913,85.985671,86.532116,85.032116,88.032116,noise,none,0.000000,-17,1107.493418,-354.262994,2.890000,-357.152994
1914,87.210866,87.875018,86.375018,89.375018,informed,none,0.000000,-17,1107.493418,-375.091297,2.890000,-377.981297
1915,86.730205,87.920599,86.420599,89.420599,noise,none,0.000000,-17,1107.493418,-366.920075,2.890000,-369.810075
1916,87.869394,87.781046,86.281046,89.281046,informed,none,0.000000,-17,1107.493418,-386.286284,2.890000,-389.176284
1917,88.003550,87.411710,85.911710,88.911710,informed,none,0.000000,-17,1107.493418,-388.566928,2.890000,-391.456928
1918,89.301732,88.410531,86.910531,89.910531,informed,none,0.000000,-17,1107.493418,-410.636021,2.890000,-413.526021
1919,88.620067,89.649456,88.149456,91.149456,informed,none,0.000000,-17,1107.493418,-399.047719,2.890000,-401.937719
1920,87.102460,87.801488,86.301488,89.301488,noise,none,0.000000,-17,1107.493418,-373.248397,2.890000,-376.138397
1921,88.720937,87.380565,85.880565,88.880565,informed,none,0.000000,-17,1107.493418,-400.762503,2.890000,-403.652503
1922,87.264989,86.528738,85.028738,88.028738,informed,none,0.000000,-17,1107.493418,-376.011388,2.890000,-378.901388
1923,87.665007,88.571715,87.071715,90.071715,noise,none,0.000000,-17,1107.493418,-382.811709,2.890000,-385.701709
1924,87.361177,85.857453,84.357453,87.357453,noise,none,0.000000,-17,1107.493418,-377.646584,2.890000,-380.536584
1925,86.103302,86.608521,85.108521,88.108521,informed,none,0.000000,-17,1107.493418,-356.262720,2.890000,-359.152720
1926,87.369965,88.426292,86.926292,89.926292,informed,none,0.000000,-17,1107.493418,-377.795994,2.890000,-380.685994
1927,85.573834,84.778930,83.278930,86.278930,informed,none,0.000000,-17,1107.493418,-347.261768,2.890000,-350.151768
1928,86.477002,87.788723,86.288723,89.288723,informed,none,0.000000,-17,1107.493418,-362.615608,2.890000,-365.505608
1929,86.287031,86.633306,85.133306,88.133306,noise,none,0.000000,-17,1107.493418,-359.386105,2.890000,-362.276105
1930,86.677334,86.980797,85.480797,88.480797,informed,none,0.000000,-17,1107.493418,-366.021267,2.890000,-368.911267
1931,87.536056,87.758930,86.258930,89.258930,noise,sell_to_mm,86.258930,-16,1021.234488,-379.342407,2.560000,-381.902407
1932,87.635467,88.202207,86.702207,89.702207,noise,none,0.000000,-16,1021.234488,-380.932976,2.560000,-383.492976
1933,87.825258,88.450792,86.950792,89.950792,noise,buy_from_mm,89.950792,-17,1111.185280,-381.844112,2.890000,-384.734112
1934,88.488290,87.208722,85.708722,88.708722,informed,none,0.000000,-17,1111.185280,-393.115643,2.890000,-396.005643
1935,88.497829,88.284552,86.784552,89.784552,informed,none,0.000000,-17,1111.185280,-393.277815,2.890000,-396.167815
1936,89.070005,88.372687,86.872687,89.872687,informed,none,0.000000,-17,1111.185280,-403.004803,2.890000,-405.894803
1937,86.333249,84.680478,83.180478,86.180478,noise,sell_to_mm,83.180478,-16,1028.004802,-353.327178,2.560000,-355.887178
1938,88.034229,87.225520,85.725520,88.725520,noise,none,0.000000,-16,1028.004802,-380.542867,2.560000,-383.102867
1939,88.133766,86.710109,85.210109,88.210109,informed,none,0.000000,-16,1028.004802,-382.135456,2.560000,-384.695456
1940,88.209425,87.451223,85.951223,88.951223,noise,none,0.000000,-16,1028.004802,-383.345997,2.560000,-385.905997
1941,88.602875,89.359590,87.859590,90.859590,noise,none,0.000000,-16,1028.004802,-389.641196,2.560000,-392.201196
1942,89.349042,89.733014,88.233014,91.233014,informed,none,0.000000,-16,1028.004802,-401.579871,2.560000,-404.139871
1943,91.069153,90.390054,88.890054,91.890054,noise,none,0.000000,-16,1028.004802,-429.101649,2.560000,-431.661649
1944,90.556122,89.623418,88.123418,91.123418,informed,none,0.000000,-16,1028.004802,-420.893155,2.560000,-423.453155
1945,90.477459,90.651131,89.151131,92.151131,noise,none,0.000000,-16,1028.004802,-419.634539,2.560000,-422.194539
1946,87.511893,88.223844,86.723844,89.723844,informed,none,0.000000,-16,1028.004802,-372.185482,2.560000,-374.745482
1947,87.184231,86.208364,84.708364,87.708364,noise,none,0.000000,-16,1028.004802,-366.942891,2.560000,-369.502891
1948,87.345543,85.814473,84.314473,87.314473,noise,none,0.000000,-16,1028.004802,-369.523891,2.560000,-372.083891
1949,86.397913,86.569475,85.069475,88.069475,noise,none,0.000000,-16,1028.004802,-354.361800,2.560000,-356.921800
1950,84.983406,84.598676,83.098676,86.098676,informed,none,0.000000,-16,1028.004802,-331.729701,2.560000,-334.289701
1951,83.552566,82.532510,81.032510,84.032510,informed,none,0.000000,-16,1028.004802,-308.836254,2.560000,-311.396254
1952,85.954568,84.734470,83.234470,86.234470,noise,none,0.000000,-16,1028.004802,-347.268292,2.560000,-349.828292
1953,85.572377,83.521800,82.021800,85.021800,informed,buy_from_mm,85.021800,-17,1113.026602,-341.703801,2.890000,-344.593801
1954,86.141193,87.826780,86.326780,89.326780,informed,sell_to_mm,86.326780,-16,1026.699821,-351.559274,2.560000,-354.119274
1955,88.052931,89.023950,87.523950,90.523950,informed,none,0.000000,-16,1026.699821,-382.147072,2.560000,-384.707072
1956,87.657881,86.679807,85.179807,88.179807,noise,sell_to_mm,85.179807,-15,941.520014,-373.348206,2.250000,-375.598206
1957,88.869524,88.281842,86.781842,89.781842,informed,none,0.000000,-15,941.520014,-391.522847,2.250000,-393.772847
1958,88.856663,86.712019,85.212019,88.212019,noise,none,0.000000,-15,941.520014,-391.329934,2.250000,-393.579934
1959,88.929637,91.401289,89.901289,92.901289,noise,none,0.000000,-15,941.520014,-392.424547,2.250000,-394.674547
1960,88.783396,88.713558,87.213558,90.213558,noise,none,0.000000,-15,941.520014,-390.230925,2.250000,-392.480925
1961,87.417631,86.774817,85.274817,88.274817,informed,none,0.000000,-15,941.520014,-369.744455,2.250000,-371.994455
1962,87.630172,86.551362,85.051362,88.051362,noise,none,0.000000,-15,941.520014,-372.932570,2.250000,-375.182570
1963,87.716725,89.108412,87.608412,90.608412,informed,none,0.000000,-15,941.520014,-374.230862,2.250000,-376.480862
1964,86.841475,86.028647,84.528647,87.528647,informed,none,0.000000,-15,941.520014,-361.102116,2.250000,-363.352116
1965,86.384685,85.817976,84.317976,87.317976,noise,none,0.000000,-15,941.520014,-354.250265,2.250000,-356.500265
1966,86.252167,87.539471,86.039471,89.039471,noise,buy_from_mm,89.039471,-16,1030.559486,-349.475192,2.560000,-352.035192
1967,87.662329,87.223590,85.723590,88.723590,informed,none,0.000000,-16,1030.559486,-372.037784,2.560000,-374.597784
1968,88.939556,89.562516,88.062516,91.062516,informed,none,0.000000,-16,1030.559486,-392.473410,2.560000,-395.033410
1969,89.632377,89.216626,87.716626,90.716626,noise,buy_from_mm,90.716626,-17,1121.276112,-402.474301,2.890000,-405.364301
1970,91.736359,91.732439,90.232439,93.232439,noise,sell_to_mm,90.232439,-16,1031.043673,-436.738077,2.560000,-439.298077
1971,91.213290,91.590803,90.090803,93.090803,informed,none,0.000000,-16,1031.043673,-428.368960,2.560000,-430.928960
1972,92.754831,92.672467,91.172467,94.172467,informed,none,0.000000,-16,1031.043673,-453.033624,2.560000,-455.593624
1973,93.051370,92.258587,90.758587,93.758587,noise,none,0.000000,-16,1031.043673,-457.778240,2.560000,-460.338240
1974,93.014502,93.280504,91.780504,94.780504,informed,none,0.000000,-16,1031.043673,-457.188357,2.560000,-459.748357
1975,95.768228,96.190807,94.690807,97.690807,noise,none,0.000000,-16,1031.043673,-501.247978,2.560000,-503.807978
1976,95.439159,96.206411,94.706411,97.706411,informed,none,0.000000,-16,1031.043673,-495.982866,2.560000,-498.542866
1977,93.556782,93.269549,91.769549,94.769549,informed,none,0.000000,-16,1031.043673,-465.864843,2.560000,-468.424843
1978,93.255347,92.914851,91.414851,94.414851,informed,none,0.000000,-16,1031.043673,-461.041882,2.560000,-463.601882
1979,92.037312,90.825610,89.325610,92.325610,informed,none,0.000000,-16,1031.043673,-441.553319,2.560000,-444.113319
1980,93.008905,91.581167,90.081167,93.081167,noise,buy_from_mm,93.081167,-17,1124.124840,-457.026550,2.890000,-459.916550
1981,93.721528,92.887738,91.387738,94.387738,noise,none,0.000000,-17,1124.124840,-469.141131,2.890000,-472.031131
1982,93.427550,94.280321,92.780321,95.780321,noise,sell_to_mm,92.780321,-16,1031.344520,-463.496278,2.560000,-466.056278
1983,94.858434,94.335723,92.835723,95.835723,informed,none,0.000000,-16,1031.344520,-486.390429,2.560000,-488.950429
1984,93.684988,95.239851,93.739851,96.739851,informed,sell_to_mm,93.739851,-15,937.604669,-467.670151,2.250000,-469.920151
1985,94.498993,94.263915,92.763915,95.763915,noise,none,0.000000,-15,937.604669,-479.880227,2.250000,-482.130227
1986,94.786887,94.451212,92.951212,95.951212,noise,none,0.000000,-15,937.604669,-484.198631,2.250000,-486.448631
1987,95.520111,95.017407,93.517407,96.517407,informed,none,0.000000,-15,937.604669,-495.196994,2.250000,-497.446994
1988,96.962343,96.682875,95.182875,98.182875,informed,none,0.000000,-15,937.604669,-516.830477,2.250000,-519.080477
1989,98.129755,98.070559,96.570559,99.570559,informed,none,0.000000,-15,937.604669,-534.341663,2.250000,-536.591663
1990,97.968573,98.656604,97.156604,100.156604,informed,none,0.000000,-15,937.604669,-531.923929,2.250000,-534.173929
1991,98.001400,98.961738,97.461738,100.461738,noise,none,0.000000,-15,937.604669,-532.416327,2.250000,-534.666327
1992,99.630600,99.896760,98.396760,101.396760,noise,none,0.000000,-15,937.604669,-556.854332,2.250000,-559.104332
1993,99.100121,97.901298,96.401298,99.401298,noise,sell_to_mm,96.401298,-14,841.203371,-546.198325,1.960000,-548.158325
1994,99.784847,97.790338,96.290338,99.290338,noise,buy_from_mm,99.290338,-15,940.493709,-556.278991,2.250000,-558.528991
1995,101.303083,101.969360,100.469360,103.469360,noise,buy_from_mm,103.469360,-16,1043.963069,-576.886260,2.560000,-579.446260
1996,101.789047,99.981039,98.481039,101.481039,noise,none,0.000000,-16,1043.963069,-584.661688,2.560000,-587.221688
1997,101.907793,101.732661,100.232661,103.232661,noise,buy_from_mm,103.232661,-17,1147.195730,-585.236750,2.890000,-588.126750
1998,101.679958,102.541344,101.041344,104.041344,noise,none,0.000000,-17,1147.195730,-581.363560,2.890000,-584.253560
1999,102.515546,102.358874,100.858874,103.858874,noise,buy_from_mm,103.858874,-18,1251.054604,-594.225219,3.240000,-597.465219
2000,103.341138,104.943118,103.443118,106.443118,noise,none,0.000000,-18,1251.054604,-609.085878,3.240000,-612.325878
