t,true_value,signal,bid,ask,trader_type,trade_side,trade_price,inventory,cash,pnl_mark_to_true,inv_penalty,risk_adj_pnl
1,0.337691,1.343196,-0.656804,3.343196,noise,none,0.000000,0,0.000000,0.000000,0.000000,0.000000
2,0.421510,-4.954206,-6.954206,-2.954206,informed,buy_from_mm,-2.954206,-1,-2.954206,-3.375716,0.010000,-3.385716
3,1.807529,0.789721,-1.210279,2.789721,informed,none,0.000000,-1,-2.954206,-4.761735,0.010000,-4.771735
4,2.222526,0.596739,-1.403261,2.596739,noise,buy_from_mm,2.596739,-2,-0.357467,-4.802518,0.040000,-4.842518
5,1.521684,0.957904,-1.042096,2.957904,noise,none,0.000000,-2,-0.357467,-3.400834,0.040000,-3.440834
6,0.744855,1.725591,-0.274409,3.725591,informed,none,0.000000,-2,-0.357467,-1.847176,0.040000,-1.887176
7,-0.555139,2.654878,0.654878,4.654878,noise,none,0.000000,-2,-0.357467,0.752812,0.040000,0.712812
8,-0.422125,-1.209564,-3.209564,0.790436,noise,none,0.000000,-2,-0.357467,0.486783,0.040000,0.446783
9,0.356559,-0.432917,-2.432917,1.567083,informed,none,0.000000,-2,-0.357467,-1.070584,0.040000,-1.110584
10,-1.636962,0.211435,-1.788565,2.211435,noise,none,0.000000,-2,-0.357467,2.916458,0.040000,2.876458
11,-1.412422,2.932648,0.932648,4.932648,noise,sell_to_mm,0.932648,-1,-1.290115,0.122307,0.010000,0.112307
12,-2.008717,-2.900623,-4.900623,-0.900623,informed,none,0.000000,-1,-1.290115,0.718602,0.010000,0.708602
13,-1.945406,-0.716000,-2.716000,1.284000,noise,none,0.000000,-1,-1.290115,0.655291,0.010000,0.645291
14,-1.089254,-2.608399,-4.608399,-0.608399,noise,none,0.000000,-1,-1.290115,-0.200860,0.010000,-0.210860
15,-0.671763,1.318249,-0.681751,3.318249,noise,none,0.000000,-1,-1.290115,-0.618351,0.010000,-0.628351
16,0.775931,3.333637,1.333637,5.333637,informed,sell_to_mm,1.333637,0,-2.623751,-2.623751,0.000000,-2.623751
17,0.722818,3.456499,1.456499,5.456499,noise,none,0.000000,0,-2.623751,-2.623751,0.000000,-2.623751
18,0.911368,1.706689,-0.293311,3.706689,noise,none,0.000000,0,-2.623751,-2.623751,0.000000,-2.623751
19,0.084887,0.493148,-1.506852,2.493148,noise,none,0.000000,0,-2.623751,-2.623751,0.000000,-2.623751
20,0.384213,0.519987,-1.480013,2.519987,informed,none,0.000000,0,-2.623751,-2.623751,0.000000,-2.623751
21,-0.100657,0.085167,-1.914833,2.085167,informed,none,0.000000,0,-2.623751,-2.623751,0.000000,-2.623751
22,1.536727,3.008378,1.008378,5.008378,noise,buy_from_mm,5.008378,-1,2.384626,0.847899,0.010000,0.837899
23,1.694907,0.077625,-1.922375,2.077625,noise,none,0.000000,-1,2.384626,0.689719,0.010000,0.679719
24,2.659973,0.272317,-1.727683,2.272317,noise,none,0.000000,-1,2.384626,-0.275347,0.010000,-0.285347
25,1.769732,1.937079,-0.062921,3.937079,informed,none,0.000000,-1,2.384626,0.614894,0.010000,0.604894
26,2.102831,-0.094494,-2.094494,1.905506,informed,buy_from_mm,1.905506,-2,4.290132,0.084471,0.040000,0.044471
27,3.135926,6.919947,4.919947,8.919947,noise,sell_to_mm,4.919947,-1,-0.629815,-3.765740,0.010000,-3.775740
28,2.687752,1.601751,-0.398249,3.601751,noise,none,0.000000,-1,-0.629815,-3.317567,0.010000,-3.327567
29,2.927802,4.402578,2.402578,6.402578,noise,none,0.000000,-1,-0.629815,-3.557617,0.010000,-3.567617
30,2.145814,1.740296,-0.259704,3.740296,noise,none,0.000000,-1,-0.629815,-2.775629,0.010000,-2.785629
31,2.733144,0.260234,-1.739766,2.260234,noise,none,0.000000,-1,-0.629815,-3.362959,0.010000,-3.372959
32,2.429453,4.514998,2.514998,6.514998,noise,none,0.000000,-1,-0.629815,-3.059267,0.010000,-3.069267
33,3.965896,4.535445,2.535445,6.535445,informed,none,0.000000,-1,-0.629815,-4.595711,0.010000,-4.605711
34,5.782785,4.667179,2.667179,6.667179,informed,none,0.000000,-1,-0.629815,-6.412600,0.010000,-6.422600
35,7.160414,7.585000,5.585000,9.585000,informed,none,0.000000,-1,-0.629815,-7.790229,0.010000,-7.800229
36,6.460533,7.633370,5.633370,9.633370,noise,none,0.000000,-1,-0.629815,-7.090348,0.010000,-7.100348
37,6.855343,4.876754,2.876754,6.876754,informed,none,0.000000,-1,-0.629815,-7.485158,0.010000,-7.495158
38,6.101442,7.986480,5.986480,9.986480,informed,none,0.000000,-1,-0.629815,-6.731256,0.010000,-6.741256
39,7.652686,5.237964,3.237964,7.237964,noise,sell_to_mm,3.237964,0,-3.867779,-3.867779,0.000000,-3.867779
40,7.783930,5.691740,3.691740,7.691740,noise,none,0.000000,0,-3.867779,-3.867779,0.000000,-3.867779
41,6.784230,7.175122,5.175122,9.175122,informed,none,0.000000,0,-3.867779,-3.867779,0.000000,-3.867779
42,9.108721,8.161222,6.161222,10.161222,informed,none,0.000000,0,-3.867779,-3.867779,0.000000,-3.867779
43,8.693528,5.301280,3.301280,7.301280,noise,none,0.000000,0,-3.867779,-3.867779,0.000000,-3.867779
44,7.868832,6.905974,4.905974,8.905974,informed,none,0.000000,0,-3.867779,-3.867779,0.000000,-3.867779
45,7.591357,9.906195,7.906195,11.906195,noise,none,0.000000,0,-3.867779,-3.867779,0.000000,-3.867779
46,7.713756,5.714812,3.714812,7.714812,noise,none,0.000000,0,-3.867779,-3.867779,0.000000,-3.867779
47,7.426657,5.340645,3.340645,7.340645,noise,sell_to_mm,3.340645,1,-7.208424,0.218233,0.010000,0.208233
48,5.970995,6.099765,4.099765,8.099765,noise,none,0.000000,1,-7.208424,-1.237429,0.010000,-1.247429
49,8.144989,5.753214,3.753214,7.753214,noise,none,0.000000,1,-7.208424,0.936565,0.010000,0.926565
50,7.791576,7.974578,5.974578,9.974578,noise,none,0.000000,1,-7.208424,0.583152,0.010000,0.573152
51,8.051234,1.775535,-0.224465,3.775535,noise,none,0.000000,1,-7.208424,0.842809,0.010000,0.832809
52,7.940499,9.345974,7.345974,11.345974,noise,none,0.000000,1,-7.208424,0.732075,0.010000,0.722075
53,8.271244,7.910828,5.910828,9.910828,noise,none,0.000000,1,-7.208424,1.062820,0.010000,1.052820
54,8.619612,10.276194,8.276194,12.276194,noise,none,0.000000,1,-7.208424,1.411187,0.010000,1.401187
55,9.000808,7.351736,5.351736,9.351736,informed,none,0.000000,1,-7.208424,1.792384,0.010000,1.782384
56,8.665498,3.251007,1.251007,5.251007,informed,buy_from_mm,5.251007,0,-1.957417,-1.957417,0.000000,-1.957417
57,10.787369,10.144752,8.144752,12.144752,noise,none,0.000000,0,-1.957417,-1.957417,0.000000,-1.957417
58,11.243551,9.205158,7.205158,11.205158,noise,buy_from_mm,11.205158,-1,9.247741,-1.995811,0.010000,-2.005811
59,10.753000,10.091283,8.091283,12.091283,informed,none,0.000000,-1,9.247741,-1.505259,0.010000,-1.515259
60,10.105061,8.038906,6.038906,10.038906,noise,sell_to_mm,6.038906,0,3.208835,3.208835,0.000000,3.208835
61,8.944811,4.660999,2.660999,6.660999,noise,none,0.000000,0,3.208835,3.208835,0.000000,3.208835
62,7.815173,4.555053,2.555053,6.555053,informed,buy_from_mm,6.555053,-1,9.763888,1.948715,0.010000,1.938715
63,7.051151,8.294712,6.294712,10.294712,informed,none,0.000000,-1,9.763888,2.712737,0.010000,2.702737
64,7.044949,7.753858,5.753858,9.753858,noise,none,0.000000,-1,9.763888,2.718939,0.010000,2.708939
65,7.108470,3.862485,1.862485,5.862485,noise,none,0.000000,-1,9.763888,2.655418,0.010000,2.645418
66,8.545224,10.761232,8.761232,12.761232,noise,buy_from_mm,12.761232,-2,22.525119,5.434672,0.040000,5.394672
67,8.670775,11.111064,9.111064,13.111064,informed,sell_to_mm,9.111064,-1,13.414055,4.743280,0.010000,4.733280
68,10.268661,9.043189,7.043189,11.043189,informed,none,0.000000,-1,13.414055,3.145394,0.010000,3.135394
69,11.640098,10.749801,8.749801,12.749801,informed,none,0.000000,-1,13.414055,1.773957,0.010000,1.763957
70,11.510398,13.863613,11.863613,15.863613,informed,sell_to_mm,11.863613,0,1.550442,1.550442,0.000000,1.550442
71,10.966732,12.871176,10.871176,14.871176,informed,none,0.000000,0,1.550442,1.550442,0.000000,1.550442
72,12.316099,15.259838,13.259838,17.259838,noise,none,0.000000,0,1.550442,1.550442,0.000000,1.550442
73,12.049570,13.993486,11.993486,15.993486,informed,none,0.000000,0,1.550442,1.550442,0.000000,1.550442
74,13.478339,12.537542,10.537542,14.537542,noise,none,0.000000,0,1.550442,1.550442,0.000000,1.550442
75,13.159381,15.072164,13.072164,17.072164,noise,none,0.000000,0,1.550442,1.550442,0.000000,1.550442
76,11.977389,10.084509,8.084509,12.084509,informed,none,0.000000,0,1.550442,1.550442,0.000000,1.550442
77,12.567516,11.508797,9.508797,13.508797,noise,none,0.000000,0,1.550442,1.550442,0.000000,1.550442
78,11.402473,11.966254,9.966254,13.966254,noise,sell_to_mm,9.966254,1,-8.415812,2.986662,0.010000,2.976662
79,10.976275,10.025651,8.025651,12.025651,informed,none,0.000000,1,-8.415812,2.560464,0.010000,2.550464
80,12.193105,12.036849,10.036849,14.036849,noise,buy_from_mm,14.036849,0,5.621037,5.621037,0.000000,5.621037
81,13.706829,12.251412,10.251412,14.251412,noise,none,0.000000,0,5.621037,5.621037,0.000000,5.621037
82,12.312928,14.976975,12.976975,16.976975,noise,none,0.000000,0,5.621037,5.621037,0.000000,5.621037
83,12.734621,10.512444,8.512444,12.512444,informed,buy_from_mm,12.512444,-1,18.133481,5.398860,0.010000,5.388860
84,10.760938,11.371747,9.371747,13.371747,noise,none,0.000000,-1,18.133481,7.372544,0.010000,7.362544
85,11.031174,11.086190,9.086190,13.086190,informed,none,0.000000,-1,18.133481,7.102307,0.010000,7.092307
86,9.681659,7.513587,5.513587,9.513587,informed,buy_from_mm,9.513587,-2,27.647068,8.283750,0.040000,8.243750
87,8.748563,5.469531,3.469531,7.469531,noise,none,0.000000,-2,27.647068,10.149942,0.040000,10.109942
88,8.307185,8.643645,6.643645,10.643645,informed,none,0.000000,-2,27.647068,11.032699,0.040000,10.992699
89,8.088951,2.296184,0.296184,4.296184,noise,none,0.000000,-2,27.647068,11.469166,0.040000,11.429166
90,9.307486,11.067695,9.067695,13.067695,noise,none,0.000000,-2,27.647068,9.032095,0.040000,8.992095
91,7.619056,7.499131,5.499131,9.499131,informed,none,0.000000,-2,27.647068,12.408956,0.040000,12.368956
92,8.423118,9.048497,7.048497,11.048497,noise,none,0.000000,-2,27.647068,10.800832,0.040000,10.760832
93,7.189246,6.575730,4.575730,8.575730,noise,none,0.000000,-2,27.647068,13.268577,0.040000,13.228577
94,6.726677,6.205535,4.205535,8.205535,noise,none,0.000000,-2,27.647068,14.193714,0.040000,14.153714
95,7.087467,11.604328,9.604328,13.604328,noise,buy_from_mm,13.604328,-3,41.251396,19.988994,0.090000,19.898994
96,6.346800,7.228542,5.228542,9.228542,noise,buy_from_mm,9.228542,-4,50.479938,25.092739,0.160000,24.932739
97,5.552862,3.078313,1.078313,5.078313,noise,sell_to_mm,1.078313,-3,49.401625,32.743038,0.090000,32.653038
98,4.033523,6.047111,4.047111,8.047111,noise,buy_from_mm,8.047111,-4,57.448736,41.314644,0.160000,41.154644
99,2.606255,0.930090,-1.069910,2.930090,informed,none,0.000000,-4,57.448736,47.023717,0.160000,46.863717
100,3.138451,2.675546,0.675546,4.675546,informed,none,0.000000,-4,57.448736,44.894931,0.160000,44.734931
101,2.537225,2.843251,0.843251,4.843251,informed,none,0.000000,-4,57.448736,47.299836,0.160000,47.139836
102,1.705727,0.227387,-1.772613,2.227387,noise,none,0.000000,-4,57.448736,50.625828,0.160000,50.465828
103,1.733357,3.238524,1.238524,5.238524,informed,none,0.000000,-4,57.448736,50.515307,0.160000,50.355307
104,0.007023,-4.036476,-6.036476,-2.036476,informed,buy_from_mm,-2.036476,-5,55.412260,55.377142,0.250000,55.127142
105,-0.520512,1.618244,-0.381756,3.618244,informed,sell_to_mm,-0.381756,-4,55.794015,57.876062,0.160000,57.716062
106,-0.047994,0.983369,-1.016631,2.983369,informed,none,0.000000,-4,55.794015,55.985993,0.160000,55.825993
107,-1.191813,-0.715154,-2.715154,1.284846,noise,sell_to_mm,-2.715154,-3,58.509169,62.084606,0.090000,61.994606
108,-1.316577,0.093783,-1.906217,2.093783,informed,none,0.000000,-3,58.509169,62.458900,0.090000,62.368900
109,-1.833691,-1.130922,-3.130922,0.869078,informed,none,0.000000,-3,58.509169,64.010243,0.090000,63.920243
110,-2.457860,-5.982623,-7.982623,-3.982623,noise,none,0.000000,-3,58.509169,65.882749,0.090000,65.792749
111,-3.980878,-3.718570,-5.718570,-1.718570,informed,none,0.000000,-3,58.509169,70.451802,0.090000,70.361802
112,-1.454942,-0.334699,-2.334699,1.665301,noise,none,0.000000,-3,58.509169,62.873993,0.090000,62.783993
113,-2.109149,-0.429671,-2.429671,1.570329,informed,none,0.000000,-3,58.509169,64.836614,0.090000,64.746614
114,-2.374629,0.104346,-1.895654,2.104346,informed,sell_to_mm,-1.895654,-2,60.404823,65.154082,0.040000,65.114082
115,-2.910538,-5.792242,-7.792242,-3.792242,informed,buy_from_mm,-3.792242,-3,56.612581,65.344193,0.090000,65.254193
116,-4.979428,-3.665433,-5.665433,-1.665433,noise,none,0.000000,-3,56.612581,71.550865,0.090000,71.460865
117,-5.109713,-4.448275,-6.448275,-2.448275,noise,buy_from_mm,-2.448275,-4,54.164305,74.603158,0.160000,74.443158
118,-5.399678,-2.722603,-4.722603,-0.722603,noise,sell_to_mm,-4.722603,-3,58.886908,75.085942,0.090000,74.995942
119,-6.087599,-9.445354,-11.445354,-7.445354,informed,buy_from_mm,-7.445354,-4,51.441554,75.791950,0.160000,75.631950
120,-6.157825,-3.737931,-5.737931,-1.737931,noise,buy_from_mm,-1.737931,-5,49.703623,80.492748,0.250000,80.242748
121,-6.408185,-8.484064,-10.484064,-6.484064,noise,buy_from_mm,-6.484064,-6,43.219559,81.668667,0.360000,81.308667
122,-4.825080,-6.040193,-8.040193,-4.040193,noise,none,0.000000,-6,43.219559,72.170040,0.360000,71.810040
123,-3.567992,-3.275949,-5.275949,-1.275949,informed,none,0.000000,-6,43.219559,64.627513,0.360000,64.267513
124,-3.889658,-5.366932,-7.366932,-3.366932,noise,none,0.000000,-6,43.219559,66.557505,0.360000,66.197505
125,-5.116885,-7.742485,-9.742485,-5.742485,informed,buy_from_mm,-5.742485,-7,37.477073,73.295270,0.490000,72.805270
126,-6.208521,-7.265449,-9.265449,-5.265449,informed,none,0.000000,-7,37.477073,80.936720,0.490000,80.446720
127,-5.573543,-5.245789,-7.245789,-3.245789,informed,none,0.000000,-7,37.477073,76.491871,0.490000,76.001871
128,-3.049794,-4.067793,-6.067793,-2.067793,informed,none,0.000000,-7,37.477073,58.825629,0.490000,58.335629
129,-2.076674,-2.189823,-4.189823,-0.189823,noise,sell_to_mm,-4.189823,-6,41.666897,54.126943,0.360000,53.766943
130,-3.456766,-4.170044,-6.170044,-2.170044,informed,none,0.000000,-6,41.666897,62.407494,0.360000,62.047494
131,-3.811985,-3.907790,-5.907790,-1.907790,informed,none,0.000000,-6,41.666897,64.538808,0.360000,64.178808
132,-3.092648,-3.366023,-5.366023,-1.366023,noise,none,0.000000,-6,41.666897,60.222783,0.360000,59.862783
133,-1.137278,0.300386,-1.699614,2.300386,noise,buy_from_mm,2.300386,-7,43.967283,51.928231,0.490000,51.438231
134,-1.286320,-4.865247,-6.865247,-2.865247,noise,none,0.000000,-7,43.967283,52.971526,0.490000,52.481526
135,-1.760201,-2.669863,-4.669863,-0.669863,informed,none,0.000000,-7,43.967283,56.288690,0.490000,55.798690
136,-2.104320,-1.023209,-3.023209,0.976791,noise,none,0.000000,-7,43.967283,58.697522,0.490000,58.207522
137,-1.425624,0.760675,-1.239325,2.760675,informed,sell_to_mm,-1.239325,-6,45.206608,53.760354,0.360000,53.400354
138,-1.440931,-1.318904,-3.318904,0.681096,noise,none,0.000000,-6,45.206608,53.852194,0.360000,53.492194
139,-1.223332,-3.748739,-5.748739,-1.748739,informed,buy_from_mm,-1.748739,-7,43.457869,52.021195,0.490000,51.531195
140,-0.784402,-0.770082,-2.770082,1.229918,informed,none,0.000000,-7,43.457869,48.948682,0.490000,48.458682
141,-0.281264,-1.167000,-3.167000,0.833000,informed,none,0.000000,-7,43.457869,45.426717,0.490000,44.936717
142,-1.265187,-1.112332,-3.112332,0.887668,noise,sell_to_mm,-3.112332,-6,46.570201,54.161321,0.360000,53.801321
143,-1.009969,-2.468811,-4.468811,-0.468811,noise,none,0.000000,-6,46.570201,52.630018,0.360000,52.270018
144,-1.536117,-1.380517,-3.380517,0.619483,noise,buy_from_mm,0.619483,-7,47.189683,57.942506,0.490000,57.452506
145,-1.215657,0.349478,-1.650522,2.349478,noise,buy_from_mm,2.349478,-8,49.539161,59.264415,0.640000,58.624415
146,-0.128074,1.728926,-0.271074,3.728926,informed,none,0.000000,-8,49.539161,50.563751,0.640000,49.923751
147,-0.454237,-3.374931,-5.374931,-1.374931,noise,none,0.000000,-8,49.539161,53.173053,0.640000,52.533053
148,-0.350071,-0.292468,-2.292468,1.707532,noise,none,0.000000,-8,49.539161,52.339729,0.640000,51.699729
149,-0.471875,0.310812,-1.689188,2.310812,noise,none,0.000000,-8,49.539161,53.314159,0.640000,52.674159
150,0.257034,-2.272928,-4.272928,-0.272928,noise,sell_to_mm,-4.272928,-7,53.812089,52.012853,0.490000,51.522853
151,-0.048561,1.565020,-0.434980,3.565020,noise,none,0.000000,-7,53.812089,54.152017,0.490000,53.662017
152,-0.175910,1.088635,-0.911365,3.088635,noise,none,0.000000,-7,53.812089,55.043456,0.490000,54.553456
153,-1.209172,-0.189523,-2.189523,1.810477,noise,none,0.000000,-7,53.812089,62.276291,0.490000,61.786291
154,-1.959362,1.300913,-0.699087,3.300913,informed,sell_to_mm,-0.699087,-6,54.511176,66.267349,0.360000,65.907349
155,-1.262192,0.144127,-1.855873,2.144127,noise,sell_to_mm,-1.855873,-5,56.367049,62.678010,0.250000,62.428010
156,-1.050834,-4.267229,-6.267229,-2.267229,noise,sell_to_mm,-6.267229,-4,62.634278,66.837615,0.160000,66.677615
157,-1.091754,-0.809866,-2.809866,1.190134,informed,none,0.000000,-4,62.634278,67.001295,0.160000,66.841295
158,-0.372818,-1.688570,-3.688570,0.311430,informed,none,0.000000,-4,62.634278,64.125549,0.160000,63.965549
159,-0.472696,-1.335829,-3.335829,0.664171,noise,none,0.000000,-4,62.634278,64.525060,0.160000,64.365060
160,-0.109091,0.953301,-1.046699,2.953301,noise,none,0.000000,-4,62.634278,63.070641,0.160000,62.910641
161,-0.904792,-3.370022,-5.370022,-1.370022,noise,buy_from_mm,-1.370022,-5,61.264256,65.788217,0.250000,65.538217
162,0.101082,-2.449158,-4.449158,-0.449158,noise,none,0.000000,-5,61.264256,60.758844,0.250000,60.508844
163,-0.586706,-0.824168,-2.824168,1.175832,informed,none,0.000000,-5,61.264256,64.197784,0.250000,63.947784
164,-0.940028,-2.505372,-4.505372,-0.505372,informed,none,0.000000,-5,61.264256,65.964394,0.250000,65.714394
165,-0.064995,2.929333,0.929333,4.929333,informed,sell_to_mm,0.929333,-4,60.334923,60.594901,0.160000,60.434901
166,-2.392393,0.031632,-1.968368,2.031632,noise,none,0.000000,-4,60.334923,69.904494,0.160000,69.744494
167,-4.046613,-2.465719,-4.465719,-0.465719,informed,none,0.000000,-4,60.334923,76.521376,0.160000,76.361376
168,-4.116971,-1.279204,-3.279204,0.720796,noise,buy_from_mm,0.720796,-5,61.055719,81.640572,0.250000,81.390572
169,-4.991352,-3.611585,-5.611585,-1.611585,noise,none,0.000000,-5,61.055719,86.012479,0.250000,85.762479
170,-2.923628,-7.182678,-9.182678,-5.182678,informed,buy_from_mm,-5.182678,-6,55.873041,73.414810,0.360000,73.054810
171,-2.894897,-3.936414,-5.936414,-1.936414,noise,sell_to_mm,-5.936414,-5,61.809455,76.283938,0.250000,76.033938
172,-2.326585,-0.262072,-2.262072,1.737928,informed,sell_to_mm,-2.262072,-4,64.071527,73.377867,0.160000,73.217867
173,-1.963975,-2.920517,-4.920517,-0.920517,informed,none,0.000000,-4,64.071527,71.927427,0.160000,71.767427
174,-0.587213,0.726127,-1.273873,2.726127,informed,none,0.000000,-4,64.071527,66.420378,0.160000,66.260378
175,-1.679128,-1.935220,-3.935220,0.064780,noise,none,0.000000,-4,64.071527,70.788037,0.160000,70.628037
176,-1.711096,2.565041,0.565041,4.565041,noise,none,0.000000,-4,64.071527,70.915910,0.160000,70.755910
177,-0.649466,0.776953,-1.223047,2.776953,informed,none,0.000000,-4,64.071527,66.669393,0.160000,66.509393
178,-1.426757,-2.214830,-4.214830,-0.214830,noise,none,0.000000,-4,64.071527,69.778553,0.160000,69.618553
179,-1.380386,-0.015437,-2.015437,1.984563,noise,buy_from_mm,1.984563,-5,66.056090,72.958018,0.250000,72.708018
180,-1.616404,0.030516,-1.969484,2.030516,informed,none,0.000000,-5,66.056090,74.138111,0.250000,73.888111
181,-2.267959,-4.352356,-6.352356,-2.352356,noise,sell_to_mm,-6.352356,-4,72.408446,81.480283,0.160000,81.320283
182,-1.246188,-4.394408,-6.394408,-2.394408,noise,none,0.000000,-4,72.408446,77.393199,0.160000,77.233199
183,0.725131,3.110614,1.110614,5.110614,noise,none,0.000000,-4,72.408446,69.507922,0.160000,69.347922
184,3.324188,2.974293,0.974293,4.974293,noise,none,0.000000,-4,72.408446,59.111692,0.160000,58.951692
185,2.148274,-0.197423,-2.197423,1.802577,noise,sell_to_mm,-2.197423,-3,74.605869,68.161047,0.090000,68.071047
186,2.773851,2.879188,0.879188,4.879188,noise,none,0.000000,-3,74.605869,66.284316,0.090000,66.194316
187,2.202367,5.565371,3.565371,7.565371,noise,buy_from_mm,7.565371,-4,82.171241,73.361771,0.160000,73.201771
188,2.552954,3.597287,1.597287,5.597287,informed,none,0.000000,-4,82.171241,71.959423,0.160000,71.799423
189,2.710011,1.712637,-0.287363,3.712637,informed,none,0.000000,-4,82.171241,71.331195,0.160000,71.171195
190,2.913034,0.910047,-1.089953,2.910047,noise,none,0.000000,-4,82.171241,70.519105,0.160000,70.359105
191,1.784211,3.953314,1.953314,5.953314,noise,none,0.000000,-4,82.171241,75.034398,0.160000,74.874398
192,2.371712,1.747205,-0.252795,3.747205,noise,buy_from_mm,3.747205,-5,85.918446,74.059886,0.250000,73.809886
193,2.241956,3.418027,1.418027,5.418027,informed,none,0.000000,-5,85.918446,74.708668,0.250000,74.458668
194,2.656503,3.371462,1.371462,5.371462,noise,none,0.000000,-5,85.918446,72.635930,0.250000,72.385930
195,5.016257,5.134969,3.134969,7.134969,informed,none,0.000000,-5,85.918446,60.837163,0.250000,60.587163
196,3.911364,2.578992,0.578992,4.578992,noise,sell_to_mm,0.578992,-4,85.339453,69.693998,0.160000,69.533998
197,3.464204,2.381767,0.381767,4.381767,noise,none,0.000000,-4,85.339453,71.482637,0.160000,71.322637
198,3.296465,3.046307,1.046307,5.046307,noise,none,0.000000,-4,85.339453,72.153594,0.160000,71.993594
199,3.599206,1.192672,-0.807328,3.192672,noise,none,0.000000,-4,85.339453,70.942629,0.160000,70.782629
200,2.936229,4.552059,2.552059,6.552059,informed,none,0.000000,-4,85.339453,73.594537,0.160000,73.434537
201,3.494717,3.695769,1.695769,5.695769,informed,none,0.000000,-4,85.339453,71.360587,0.160000,71.200587
202,4.441389,0.461897,-1.538103,2.461897,informed,buy_from_mm,2.461897,-5,87.801351,65.594407,0.250000,65.344407
203,4.181296,6.847317,4.847317,8.847317,noise,buy_from_mm,8.847317,-6,96.648668,71.560891,0.360000,71.200891
204,5.314781,7.984172,5.984172,9.984172,noise,none,0.000000,-6,96.648668,64.759982,0.360000,64.399982
205,4.445159,6.893570,4.893570,8.893570,noise,none,0.000000,-6,96.648668,69.977713,0.360000,69.617713
206,2.800721,0.388933,-1.611067,2.388933,noise,none,0.000000,-6,96.648668,79.844341,0.360000,79.484341
207,2.556651,3.087137,1.087137,5.087137,informed,none,0.000000,-6,96.648668,81.308764,0.360000,80.948764
208,2.866108,2.563605,0.563605,4.563605,noise,none,0.000000,-6,96.648668,79.452022,0.360000,79.092022
209,2.692900,-0.025361,-2.025361,1.974639,informed,buy_from_mm,1.974639,-7,98.623307,79.773011,0.490000,79.283011
210,3.477739,0.230547,-1.769453,2.230547,noise,sell_to_mm,-1.769453,-6,100.392761,79.526329,0.360000,79.166329
211,4.852602,5.779877,3.779877,7.779877,noise,none,0.000000,-6,100.392761,71.277152,0.360000,70.917152
212,5.813160,7.733515,5.733515,9.733515,noise,buy_from_mm,9.733515,-7,110.126275,69.434158,0.490000,68.944158
213,6.620493,3.853455,1.853455,5.853455,informed,buy_from_mm,5.853455,-8,115.979730,63.015782,0.640000,62.375782
214,5.700621,7.942818,5.942818,9.942818,noise,sell_to_mm,5.942818,-7,110.036912,70.132567,0.490000,69.642567
215,4.373175,4.240532,2.240532,6.240532,noise,none,0.000000,-7,110.036912,79.424684,0.490000,78.934684
216,2.879449,2.280434,0.280434,4.280434,noise,none,0.000000,-7,110.036912,89.880768,0.490000,89.390768
217,2.463229,-1.429384,-3.429384,0.570616,noise,buy_from_mm,0.570616,-8,110.607528,90.901692,0.640000,90.261692
218,2.760442,0.889192,-1.110808,2.889192,noise,none,0.000000,-8,110.607528,88.523993,0.640000,87.883993
219,3.440749,2.291273,0.291273,4.291273,informed,none,0.000000,-8,110.607528,83.081534,0.640000,82.441534
220,3.071270,1.560526,-0.439474,3.560526,informed,none,0.000000,-8,110.607528,86.037370,0.640000,85.397370
221,3.618206,3.260770,1.260770,5.260770,informed,none,0.000000,-8,110.607528,81.661881,0.640000,81.021881
222,3.961980,5.464004,3.464004,7.464004,noise,sell_to_mm,3.464004,-7,107.143524,79.409663,0.490000,78.919663
223,3.524975,0.479365,-1.520635,2.479365,noise,none,0.000000,-7,107.143524,82.468699,0.490000,81.978699
224,3.282597,3.451950,1.451950,5.451950,noise,none,0.000000,-7,107.143524,84.165344,0.490000,83.675344
225,1.650672,3.964834,1.964834,5.964834,informed,sell_to_mm,1.964834,-6,105.178690,95.274659,0.360000,94.914659
226,1.494636,2.017406,0.017406,4.017406,noise,none,0.000000,-6,105.178690,96.210872,0.360000,95.850872
227,2.862334,4.595933,2.595933,6.595933,noise,sell_to_mm,2.595933,-5,102.582757,88.271088,0.250000,88.021088
228,3.130654,3.049709,1.049709,5.049709,informed,none,0.000000,-5,102.582757,86.929487,0.250000,86.679487
229,0.914266,1.056404,-0.943596,3.056404,informed,none,0.000000,-5,102.582757,98.011425,0.250000,97.761425
230,2.155364,0.507960,-1.492040,2.507960,noise,none,0.000000,-5,102.582757,91.805935,0.250000,91.555935
231,1.196945,0.650394,-1.349606,2.650394,noise,none,0.000000,-5,102.582757,96.598030,0.250000,96.348030
232,1.209077,0.498833,-1.501167,2.498833,noise,buy_from_mm,2.498833,-6,105.081590,97.827126,0.360000,97.467126
233,-0.465277,2.071835,0.071835,4.071835,noise,none,0.000000,-6,105.081590,107.873250,0.360000,107.513250
234,-0.518235,-2.751518,-4.751518,-0.751518,noise,none,0.000000,-6,105.081590,108.191000,0.360000,107.831000
235,-2.021983,-3.600399,-5.600399,-1.600399,noise,none,0.000000,-6,105.081590,117.213489,0.360000,116.853489
236,-1.029657,-3.397100,-5.397100,-1.397100,informed,buy_from_mm,-1.397100,-7,103.684490,110.892089,0.490000,110.402089
237,0.798495,2.337253,0.337253,4.337253,informed,none,0.000000,-7,103.684490,98.095027,0.490000,97.605027
238,3.302865,5.893812,3.893812,7.893812,noise,none,0.000000,-7,103.684490,80.564434,0.490000,80.074434
239,2.068568,-0.484414,-2.484414,1.515586,noise,none,0.000000,-7,103.684490,89.204511,0.490000,88.714511
240,0.547060,1.829177,-0.170823,3.829177,noise,none,0.000000,-7,103.684490,99.855067,0.490000,99.365067
241,0.410254,2.651411,0.651411,4.651411,noise,sell_to_mm,0.651411,-6,103.033079,100.571558,0.360000,100.211558
242,0.961902,-0.643674,-2.643674,1.356326,noise,none,0.000000,-6,103.033079,97.261668,0.360000,96.901668
243,0.163205,1.942592,-0.057408,3.942592,informed,none,0.000000,-6,103.033079,102.053850,0.360000,101.693850
244,-0.142136,0.873042,-1.126958,2.873042,informed,none,0.000000,-6,103.033079,103.885896,0.360000,103.525896
245,0.275297,-0.713689,-2.713689,1.286311,noise,none,0.000000,-6,103.033079,101.381299,0.360000,101.021299
246,0.345278,2.020671,0.020671,4.020671,noise,sell_to_mm,0.020671,-5,103.012408,101.286019,0.250000,101.036019
247,0.418500,4.128690,2.128690,6.128690,informed,sell_to_mm,2.128690,-4,100.883718,99.209719,0.160000,99.049719
248,-0.556218,-1.658801,-3.658801,0.341199,noise,none,0.000000,-4,100.883718,103.108589,0.160000,102.948589
249,1.120207,0.103991,-1.896009,2.103991,informed,none,0.000000,-4,100.883718,96.402890,0.160000,96.242890
250,2.694703,0.768237,-1.231763,2.768237,informed,none,0.000000,-4,100.883718,90.104908,0.160000,89.944908
251,1.238919,1.284821,-0.715179,3.284821,informed,none,0.000000,-4,100.883718,95.928043,0.160000,95.768043
252,0.837158,0.478617,-1.521383,2.478617,informed,none,0.000000,-4,100.883718,97.535086,0.160000,97.375086
253,1.882048,2.170657,0.170657,4.170657,noise,none,0.000000,-4,100.883718,93.355528,0.160000,93.195528
254,0.704543,1.887004,-0.112996,3.887004,noise,buy_from_mm,3.887004,-5,104.770722,101.248005,0.250000,100.998005
255,1.927448,2.984405,0.984405,4.984405,noise,none,0.000000,-5,104.770722,95.133481,0.250000,94.883481
256,3.111896,8.781256,6.781256,10.781256,noise,none,0.000000,-5,104.770722,89.211243,0.250000,88.961243
257,2.928380,2.581023,0.581023,4.581023,noise,none,0.000000,-5,104.770722,90.128821,0.250000,89.878821
258,4.667232,6.412764,4.412764,8.412764,informed,none,0.000000,-5,104.770722,81.434561,0.250000,81.184561
259,3.503370,5.255726,3.255726,7.255726,noise,none,0.000000,-5,104.770722,87.253873,0.250000,87.003873
260,4.763022,3.166445,1.166445,5.166445,informed,none,0.000000,-5,104.770722,80.955610,0.250000,80.705610
261,5.040941,4.143276,2.143276,6.143276,noise,buy_from_mm,6.143276,-6,110.913997,80.668349,0.360000,80.308349
262,4.514528,2.636215,0.636215,4.636215,informed,none,0.000000,-6,110.913997,83.826828,0.360000,83.466828
263,3.157265,5.575341,3.575341,7.575341,noise,none,0.000000,-6,110.913997,91.970410,0.360000,91.610410
264,2.668803,3.289971,1.289971,5.289971,noise,none,0.000000,-6,110.913997,94.901181,0.360000,94.541181
265,1.928047,2.101939,0.101939,4.101939,informed,none,0.000000,-6,110.913997,99.345715,0.360000,98.985715
266,0.460553,1.200701,-0.799299,3.200701,informed,none,0.000000,-6,110.913997,108.150682,0.360000,107.790682
267,-1.021409,3.481540,1.481540,5.481540,noise,none,0.000000,-6,110.913997,117.042451,0.360000,116.682451
268,-0.244035,-1.392643,-3.392643,0.607357,informed,none,0.000000,-6,110.913997,112.378207,0.360000,112.018207
269,-0.692024,-3.260120,-5.260120,-1.260120,informed,buy_from_mm,-1.260120,-7,109.653877,114.498042,0.490000,114.008042
270,-0.054959,0.505088,-1.494912,2.505088,informed,none,0.000000,-7,109.653877,110.038590,0.490000,109.548590
271,0.585975,2.533013,0.533013,4.533013,noise,sell_to_mm,0.533013,-6,109.120865,105.605016,0.360000,105.245016
272,1.544778,0.395962,-1.604038,2.395962,noise,sell_to_mm,-1.604038,-5,110.724902,103.001011,0.250000,102.751011
273,0.096380,1.131490,-0.868510,3.131490,noise,none,0.000000,-5,110.724902,110.243002,0.250000,109.993002
274,1.123454,-0.571178,-2.571178,1.428822,noise,none,0.000000,-5,110.724902,105.107630,0.250000,104.857630
275,1.702887,3.801033,1.801033,5.801033,noise,none,0.000000,-5,110.724902,102.210466,0.250000,101.960466
276,2.629220,0.806857,-1.193143,2.806857,noise,none,0.000000,-5,110.724902,97.578802,0.250000,97.328802
277,2.872768,2.462478,0.462478,4.462478,informed,none,0.000000,-5,110.724902,96.361063,0.250000,96.111063
278,2.926113,3.239454,1.239454,5.239454,noise,sell_to_mm,1.239454,-4,109.485448,97.780996,0.160000,97.620996
279,2.950468,2.782644,0.782644,4.782644,informed,none,0.000000,-4,109.485448,97.683577,0.160000,97.523577
280,3.975787,5.927425,3.927425,7.927425,informed,none,0.000000,-4,109.485448,93.582299,0.160000,93.422299
281,4.162250,0.203827,-1.796173,2.203827,noise,none,0.000000,-4,109.485448,92.836448,0.160000,92.676448
282,3.426925,4.232310,2.232310,6.232310,noise,buy_from_mm,6.232310,-5,115.717759,98.583135,0.250000,98.333135
283,5.331934,0.913202,-1.086798,2.913202,noise,buy_from_mm,2.913202,-6,118.630960,86.639358,0.360000,86.279358
284,4.094330,3.114908,1.114908,5.114908,noise,buy_from_mm,5.114908,-7,123.745869,95.085558,0.490000,94.595558
285,4.784347,4.595932,2.595932,6.595932,noise,none,0.000000,-7,123.745869,90.255443,0.490000,89.765443
286,3.767329,3.505824,1.505824,5.505824,informed,none,0.000000,-7,123.745869,97.374567,0.490000,96.884567
287,3.268546,2.330014,0.330014,4.330014,noise,none,0.000000,-7,123.745869,100.866045,0.490000,100.376045
288,3.179822,3.906327,1.906327,5.906327,noise,buy_from_mm,5.906327,-8,129.652196,104.213621,0.640000,103.573621
289,3.537583,4.219966,2.219966,6.219966,noise,none,0.000000,-8,129.652196,101.351528,0.640000,100.711528
290,4.058013,1.932200,-0.067800,3.932200,informed,buy_from_mm,3.932200,-9,133.584396,97.062282,0.810000,96.252282
291,4.413251,5.903979,3.903979,7.903979,noise,none,0.000000,-9,133.584396,93.865139,0.810000,93.055139
292,3.245364,4.525084,2.525084,6.525084,informed,none,0.000000,-9,133.584396,104.376123,0.810000,103.566123
293,2.114650,3.991080,1.991080,5.991080,noise,none,0.000000,-9,133.584396,114.552547,0.810000,113.742547
294,0.302403,5.309894,3.309894,7.309894,noise,none,0.000000,-9,133.584396,130.862772,0.810000,130.052772
295,-0.878174,0.587640,-1.412360,2.587640,informed,none,0.000000,-9,133.584396,141.487964,0.810000,140.677964
296,-1.611075,-2.303238,-4.303238,-0.303238,noise,sell_to_mm,-4.303238,-8,137.887633,150.776232,0.640000,150.136232
297,-0.665527,-3.428576,-5.428576,-1.428576,noise,none,0.000000,-8,137.887633,143.211848,0.640000,142.571848
298,-0.322936,0.267930,-1.732070,2.267930,noise,none,0.000000,-8,137.887633,140.471119,0.640000,139.831119
299,1.718763,1.970456,-0.029544,3.970456,informed,none,0.000000,-8,137.887633,124.137526,0.640000,123.497526
300,2.192944,1.459900,-0.540100,3.459900,noise,sell_to_mm,-0.540100,-7,138.427733,123.077123,0.490000,122.587123
301,2.732799,4.002516,2.002516,6.002516,informed,none,0.000000,-7,138.427733,119.298143,0.490000,118.808143
302,2.511800,4.659122,2.659122,6.659122,informed,sell_to_mm,2.659122,-6,135.768611,120.697814,0.360000,120.337814
303,3.889914,2.157845,0.157845,4.157845,informed,none,0.000000,-6,135.768611,112.429126,0.360000,112.069126
304,3.219722,1.625518,-0.374482,3.625518,noise,none,0.000000,-6,135.768611,116.450276,0.360000,116.090276
305,4.021871,7.179773,5.179773,9.179773,informed,sell_to_mm,5.179773,-5,130.588838,110.479482,0.250000,110.229482
306,5.880070,3.951178,1.951178,5.951178,noise,none,0.000000,-5,130.588838,101.188488,0.250000,100.938488
307,7.821167,5.793173,3.793173,7.793173,noise,none,0.000000,-5,130.588838,91.483002,0.250000,91.233002
308,7.435645,8.595389,6.595389,10.595389,noise,sell_to_mm,6.595389,-4,123.993449,94.250869,0.160000,94.090869
309,8.102339,5.326263,3.326263,7.326263,noise,none,0.000000,-4,123.993449,91.584094,0.160000,91.424094
310,8.669552,10.436546,8.436546,12.436546,informed,none,0.000000,-4,123.993449,89.315242,0.160000,89.155242
311,8.051622,8.042862,6.042862,10.042862,noise,none,0.000000,-4,123.993449,91.786960,0.160000,91.626960
312,8.616393,9.335021,7.335021,11.335021,informed,none,0.000000,-4,123.993449,89.527875,0.160000,89.367875
313,8.209352,5.931984,3.931984,7.931984,noise,none,0.000000,-4,123.993449,91.156041,0.160000,90.996041
314,6.744877,5.701278,3.701278,7.701278,noise,none,0.000000,-4,123.993449,97.013940,0.160000,96.853940
315,5.091659,3.710018,1.710018,5.710018,noise,none,0.000000,-4,123.993449,103.626813,0.160000,103.466813
316,3.762202,8.104955,6.104955,10.104955,informed,sell_to_mm,6.104955,-3,117.888494,106.601888,0.090000,106.511888
317,3.917912,2.741966,0.741966,4.741966,noise,buy_from_mm,4.741966,-4,122.630461,106.958812,0.160000,106.798812
318,5.111585,6.040167,4.040167,8.040167,noise,sell_to_mm,4.040167,-3,118.590294,103.255538,0.090000,103.165538
319,5.013555,3.128609,1.128609,5.128609,informed,none,0.000000,-3,118.590294,103.549630,0.090000,103.459630
320,3.665100,3.823226,1.823226,5.823226,informed,none,0.000000,-3,118.590294,107.594995,0.090000,107.504995
321,3.495365,-0.541653,-2.541653,1.458347,noise,none,0.000000,-3,118.590294,108.104199,0.090000,108.014199
322,2.089854,4.537897,2.537897,6.537897,noise,buy_from_mm,6.537897,-4,125.128191,116.768777,0.160000,116.608777
323,2.012984,3.187422,1.187422,5.187422,informed,none,0.000000,-4,125.128191,117.076254,0.160000,116.916254
324,3.463994,1.345348,-0.654652,3.345348,informed,buy_from_mm,3.345348,-5,128.473539,111.153569,0.250000,110.903569
325,3.325600,3.120541,1.120541,5.120541,noise,sell_to_mm,1.120541,-4,127.352998,114.050598,0.160000,113.890598
326,1.800684,-1.776613,-3.776613,0.223387,noise,none,0.000000,-4,127.352998,120.150263,0.160000,119.990263
327,1.630887,0.960833,-1.039167,2.960833,informed,none,0.000000,-4,127.352998,120.829451,0.160000,120.669451
328,1.689524,4.262171,2.262171,6.262171,informed,sell_to_mm,2.262171,-3,125.090828,120.022257,0.090000,119.932257
329,2.784860,4.049041,2.049041,6.049041,informed,none,0.000000,-3,125.090828,116.736249,0.090000,116.646249
330,2.205493,0.917313,-1.082687,2.917313,noise,none,0.000000,-3,125.090828,118.474347,0.090000,118.384347
331,3.458560,5.116720,3.116720,7.116720,noise,none,0.000000,-3,125.090828,114.715148,0.090000,114.625148
332,3.546945,3.647715,1.647715,5.647715,noise,sell_to_mm,1.647715,-2,123.443112,116.349222,0.040000,116.309222
333,1.027247,-0.489542,-2.489542,1.510458,noise,none,0.000000,-2,123.443112,121.388619,0.040000,121.348619
334,-0.730985,-0.070842,-2.070842,1.929158,informed,none,0.000000,-2,123.443112,124.905082,0.040000,124.865082
335,-1.059763,-3.565353,-5.565353,-1.565353,noise,sell_to_mm,-5.565353,-1,129.008465,130.068228,0.010000,130.058228
336,-2.934286,-0.254985,-2.254985,1.745015,noise,buy_from_mm,1.745015,-2,130.753480,136.622052,0.040000,136.582052
337,-3.082637,-5.928436,-7.928436,-3.928436,noise,none,0.000000,-2,130.753480,136.918754,0.040000,136.878754
338,-1.693825,-4.165365,-6.165365,-2.165365,noise,none,0.000000,-2,130.753480,134.141131,0.040000,134.101131
339,-1.791898,-2.812100,-4.812100,-0.812100,informed,none,0.000000,-2,130.753480,134.337277,0.040000,134.297277
340,-1.403940,1.763065,-0.236935,3.763065,informed,sell_to_mm,-0.236935,-1,130.990415,132.394355,0.010000,132.384355
341,-0.974175,1.571992,-0.428008,3.571992,noise,none,0.000000,-1,130.990415,131.964590,0.010000,131.954590
342,-1.452816,1.206676,-0.793324,3.206676,noise,buy_from_mm,3.206676,-2,134.197091,137.102722,0.040000,137.062722
343,0.925903,1.880506,-0.119494,3.880506,noise,none,0.000000,-2,134.197091,132.345286,0.040000,132.305286
344,-0.119368,-1.736079,-3.736079,0.263921,informed,none,0.000000,-2,134.197091,134.435827,0.040000,134.395827
345,-0.160675,0.003535,-1.996465,2.003535,informed,none,0.000000,-2,134.197091,134.518442,0.040000,134.478442
346,-0.888585,0.165663,-1.834337,2.165663,informed,none,0.000000,-2,134.197091,135.974261,0.040000,135.934261
347,-0.659213,1.657498,-0.342502,3.657498,informed,sell_to_mm,-0.342502,-1,134.539593,135.198806,0.010000,135.188806
348,0.363184,0.487258,-1.512742,2.487258,noise,none,0.000000,-1,134.539593,134.176409,0.010000,134.166409
349,0.150995,1.605457,-0.394543,3.605457,informed,none,0.000000,-1,134.539593,134.388598,0.010000,134.378598
350,-0.655444,-2.788898,-4.788898,-0.788898,informed,buy_from_mm,-0.788898,-2,133.750695,135.061582,0.040000,135.021582
351,-1.997895,-2.991835,-4.991835,-0.991835,noise,none,0.000000,-2,133.750695,137.746484,0.040000,137.706484
352,-3.592978,-4.668324,-6.668324,-2.668324,informed,none,0.000000,-2,133.750695,140.936651,0.040000,140.896651
353,-3.705379,-2.846119,-4.846119,-0.846119,noise,none,0.000000,-2,133.750695,141.161452,0.040000,141.121452
354,-3.647258,-3.867139,-5.867139,-1.867139,noise,none,0.000000,-2,133.750695,141.045210,0.040000,141.005210
355,-3.452206,-5.259703,-7.259703,-3.259703,informed,none,0.000000,-2,133.750695,140.655106,0.040000,140.615106
356,-4.348576,-4.178805,-6.178805,-2.178805,noise,none,0.000000,-2,133.750695,142.447847,0.040000,142.407847
357,-5.089930,-4.844542,-6.844542,-2.844542,noise,none,0.000000,-2,133.750695,143.930554,0.040000,143.890554
358,-3.361354,-7.475450,-9.475450,-5.475450,noise,none,0.000000,-2,133.750695,140.473402,0.040000,140.433402
359,-3.133061,-4.569799,-6.569799,-2.569799,noise,sell_to_mm,-6.569799,-1,140.320494,143.453555,0.010000,143.443555
360,-2.836698,-3.339135,-5.339135,-1.339135,informed,none,0.000000,-1,140.320494,143.157192,0.010000,143.147192
361,-3.506371,-4.491191,-6.491191,-2.491191,noise,none,0.000000,-1,140.320494,143.826865,0.010000,143.816865
362,-3.359045,-5.570282,-7.570282,-3.570282,noise,sell_to_mm,-7.570282,0,147.890776,147.890776,0.000000,147.890776
363,-3.246572,-3.808770,-5.808770,-1.808770,noise,sell_to_mm,-5.808770,1,153.699546,150.452974,0.010000,150.442974
364,-4.253197,-4.797326,-6.797326,-2.797326,noise,none,0.000000,1,153.699546,149.446349,0.010000,149.436349
365,-6.043152,-8.211202,-10.211202,-6.211202,informed,buy_from_mm,-6.211202,0,147.488344,147.488344,0.000000,147.488344
366,-4.314842,-5.391001,-7.391001,-3.391001,noise,none,0.000000,0,147.488344,147.488344,0.000000,147.488344
367,-3.759267,-0.478214,-2.478214,1.521786,noise,sell_to_mm,-2.478214,1,149.966557,146.207291,0.010000,146.197291
368,-5.944011,-7.530008,-9.530008,-5.530008,noise,none,0.000000,1,149.966557,144.022547,0.010000,144.012547
369,-7.520818,-6.017710,-8.017710,-4.017710,informed,none,0.000000,1,149.966557,142.445739,0.010000,142.435739
370,-6.392720,-6.435795,-8.435795,-4.435795,noise,none,0.000000,1,149.966557,143.573837,0.010000,143.563837
371,-6.978723,-8.143629,-10.143629,-6.143629,informed,none,0.000000,1,149.966557,142.987834,0.010000,142.977834
372,-6.979002,-0.980877,-2.980877,1.019123,noise,sell_to_mm,-2.980877,2,152.947434,138.989430,0.040000,138.949430
373,-7.049496,-7.320167,-9.320167,-5.320167,noise,none,0.000000,2,152.947434,138.848443,0.040000,138.808443
374,-6.695537,-6.615119,-8.615119,-4.615119,informed,none,0.000000,2,152.947434,139.556361,0.040000,139.516361
375,-7.049555,-7.065135,-9.065135,-5.065135,noise,none,0.000000,2,152.947434,138.848323,0.040000,138.808323
376,-8.257876,-7.518185,-9.518185,-5.518185,noise,none,0.000000,2,152.947434,136.431683,0.040000,136.391683
377,-10.130658,-11.623570,-13.623570,-9.623570,informed,none,0.000000,2,152.947434,132.686118,0.040000,132.646118
378,-8.561972,-4.367846,-6.367846,-2.367846,noise,none,0.000000,2,152.947434,135.823490,0.040000,135.783490
379,-8.170635,-7.422497,-9.422497,-5.422497,noise,none,0.000000,2,152.947434,136.606164,0.040000,136.566164
380,-8.198820,-5.975486,-7.975486,-3.975486,noise,none,0.000000,2,152.947434,136.549794,0.040000,136.509794
381,-5.503291,-5.874948,-7.874948,-3.874948,noise,none,0.000000,2,152.947434,141.940852,0.040000,141.900852
382,-7.941002,-9.196637,-11.196637,-7.196637,informed,none,0.000000,2,152.947434,137.065431,0.040000,137.025431
383,-7.584657,-8.092763,-10.092763,-6.092763,informed,none,0.000000,2,152.947434,137.778120,0.040000,137.738120
384,-8.321733,-9.113936,-11.113936,-7.113936,informed,none,0.000000,2,152.947434,136.303969,0.040000,136.263969
385,-8.613985,-6.813429,-8.813429,-4.813429,noise,none,0.000000,2,152.947434,135.719465,0.040000,135.679465
386,-9.174468,-13.985575,-15.985575,-11.985575,informed,buy_from_mm,-11.985575,1,140.961859,131.787391,0.010000,131.777391
387,-8.519595,-6.675985,-8.675985,-4.675985,informed,none,0.000000,1,140.961859,132.442264,0.010000,132.432264
388,-7.697888,-8.451818,-10.451818,-6.451818,noise,sell_to_mm,-10.451818,2,151.413677,136.017900,0.040000,135.977900
389,-7.275878,-7.363755,-9.363755,-5.363755,noise,sell_to_mm,-9.363755,3,160.777432,138.949798,0.090000,138.859798
390,-7.522012,-7.110014,-9.110014,-5.110014,noise,sell_to_mm,-9.110014,4,169.887446,139.799397,0.160000,139.639397
391,-7.224934,-5.112172,-7.112172,-3.112172,noise,none,0.000000,4,169.887446,140.987711,0.160000,140.827711
392,-7.429270,-8.740027,-10.740027,-6.740027,noise,none,0.000000,4,169.887446,140.170364,0.160000,140.010364
393,-7.686539,-7.269455,-9.269455,-5.269455,noise,buy_from_mm,-5.269455,3,164.617991,141.558376,0.090000,141.468376
394,-7.213500,-8.877671,-10.877671,-6.877671,informed,none,0.000000,3,164.617991,142.977490,0.090000,142.887490
395,-6.013730,-4.020261,-6.020261,-2.020261,informed,none,0.000000,3,164.617991,146.576802,0.090000,146.486802
396,-5.080781,-6.230760,-8.230760,-4.230760,noise,none,0.000000,3,164.617991,149.375649,0.090000,149.285649
397,-5.799363,-5.592350,-7.592350,-3.592350,noise,sell_to_mm,-7.592350,4,172.210341,149.012888,0.160000,148.852888
398,-5.594181,-1.738380,-3.738380,0.261620,informed,sell_to_mm,-3.738380,5,175.948721,147.977818,0.250000,147.727818
399,-5.854566,-2.399653,-4.399653,-0.399653,noise,none,0.000000,5,175.948721,146.675893,0.250000,146.425893
400,-6.755306,-7.243283,-9.243283,-5.243283,noise,none,0.000000,5,175.948721,142.172192,0.250000,141.922192
401,-5.147214,-3.150767,-5.150767,-1.150767,noise,none,0.000000,5,175.948721,150.212651,0.250000,149.962651
402,-4.100540,-1.661306,-3.661306,0.338694,noise,none,0.000000,5,175.948721,155.446022,0.250000,155.196022
403,-4.090612,-4.451617,-6.451617,-2.451617,noise,none,0.000000,5,175.948721,155.495660,0.250000,155.245660
404,-5.370554,-5.245177,-7.245177,-3.245177,informed,none,0.000000,5,175.948721,149.095952,0.250000,148.845952
405,-5.542252,-5.227986,-7.227986,-3.227986,informed,none,0.000000,5,175.948721,148.237463,0.250000,147.987463
406,-5.435495,-8.501950,-10.501950,-6.501950,informed,buy_from_mm,-6.501950,4,169.446772,147.704791,0.160000,147.544791
407,-4.935368,-4.509658,-6.509658,-2.509658,informed,none,0.000000,4,169.446772,149.705298,0.160000,149.545298
408,-5.140602,-8.486071,-10.486071,-6.486071,informed,buy_from_mm,-6.486071,3,162.960700,147.538896,0.090000,147.448896
409,-3.560881,-3.236667,-5.236667,-1.236667,noise,none,0.000000,3,162.960700,152.278056,0.090000,152.188056
410,-3.413856,-2.878594,-4.878594,-0.878594,informed,none,0.000000,3,162.960700,152.719132,0.090000,152.629132
411,-2.086649,-0.469585,-2.469585,1.530415,noise,none,0.000000,3,162.960700,156.700754,0.090000,156.610754
412,-1.337605,-0.523652,-2.523652,1.476348,noise,none,0.000000,3,162.960700,158.947885,0.090000,158.857885
413,-0.912604,-4.136895,-6.136895,-2.136895,informed,buy_from_mm,-2.136895,2,160.823805,158.998597,0.040000,158.958597
414,-1.372016,0.805117,-1.194883,2.805117,noise,buy_from_mm,2.805117,1,163.628923,162.256907,0.010000,162.246907
415,-1.786481,-0.277632,-2.277632,1.722368,informed,none,0.000000,1,163.628923,161.842441,0.010000,161.832441
416,-1.031281,0.911433,-1.088567,2.911433,noise,none,0.000000,1,163.628923,162.597642,0.010000,162.587642
417,-1.233903,-2.662476,-4.662476,-0.662476,informed,none,0.000000,1,163.628923,162.395020,0.010000,162.385020
418,-1.439379,-1.219698,-3.219698,0.780302,noise,none,0.000000,1,163.628923,162.189544,0.010000,162.179544
419,-0.526238,1.099482,-0.900518,3.099482,informed,none,0.000000,1,163.628923,163.102685,0.010000,163.092685
420,-0.791712,-3.229804,-5.229804,-1.229804,noise,sell_to_mm,-5.229804,2,168.858726,167.275302,0.040000,167.235302
421,-1.746567,-1.649376,-3.649376,0.350624,informed,none,0.000000,2,168.858726,165.365593,0.040000,165.325593
422,-1.761078,-7.424375,-9.424375,-5.424375,noise,buy_from_mm,-5.424375,1,163.434352,161.673273,0.010000,161.663273
423,-2.364058,-2.132206,-4.132206,-0.132206,noise,buy_from_mm,-0.132206,0,163.302146,163.302146,0.000000,163.302146
424,-3.724627,-4.835008,-6.835008,-2.835008,informed,none,0.000000,0,163.302146,163.302146,0.000000,163.302146
425,-4.209973,-1.278226,-3.278226,0.721774,informed,sell_to_mm,-3.278226,1,166.580371,162.370398,0.010000,162.360398
426,-3.686997,-5.270042,-7.270042,-3.270042,noise,buy_from_mm,-3.270042,0,163.310329,163.310329,0.000000,163.310329
427,-3.819881,-3.715004,-5.715004,-1.715004,informed,none,0.000000,0,163.310329,163.310329,0.000000,163.310329
428,-4.300142,-4.682250,-6.682250,-2.682250,noise,none,0.000000,0,163.310329,163.310329,0.000000,163.310329
429,-3.396024,-0.857098,-2.857098,1.142902,noise,none,0.000000,0,163.310329,163.310329,0.000000,163.310329
430,-6.926000,-9.159924,-11.159924,-7.159924,informed,buy_from_mm,-7.159924,-1,156.150405,163.076405,0.010000,163.066405
431,-5.521309,-4.989962,-6.989962,-2.989962,informed,none,0.000000,-1,156.150405,161.671714,0.010000,161.661714
432,-5.760510,-8.430967,-10.430967,-6.430967,noise,none,0.000000,-1,156.150405,161.910915,0.010000,161.900915
433,-6.564693,-8.608904,-10.608904,-6.608904,noise,none,0.000000,-1,156.150405,162.715097,0.010000,162.705097
434,-7.036366,-8.598803,-10.598803,-6.598803,noise,sell_to_mm,-10.598803,0,166.749208,166.749208,0.000000,166.749208
435,-7.593467,-9.808756,-11.808756,-7.808756,informed,buy_from_mm,-7.808756,-1,158.940452,166.533919,0.010000,166.523919
436,-7.970420,-7.697678,-9.697678,-5.697678,noise,none,0.000000,-1,158.940452,166.910872,0.010000,166.900872
437,-9.642846,-10.928155,-12.928155,-8.928155,informed,none,0.000000,-1,158.940452,168.583298,0.010000,168.573298
438,-10.053766,-11.572931,-13.572931,-9.572931,noise,none,0.000000,-1,158.940452,168.994218,0.010000,168.984218
439,-10.722105,-11.338802,-13.338802,-9.338802,informed,none,0.000000,-1,158.940452,169.662557,0.010000,169.652557
440,-9.045027,-7.157376,-9.157376,-5.157376,noise,sell_to_mm,-9.157376,0,168.097828,168.097828,0.000000,168.097828
441,-10.082162,-6.148186,-8.148186,-4.148186,noise,buy_from_mm,-4.148186,-1,163.949642,174.031804,0.010000,174.021804
442,-9.774836,-12.920260,-14.920260,-10.920260,informed,buy_from_mm,-10.920260,-2,153.029382,172.579054,0.040000,172.539054
443,-9.691247,-8.631307,-10.631307,-6.631307,noise,buy_from_mm,-6.631307,-3,146.398075,175.471816,0.090000,175.381816
444,-8.689104,-11.137063,-13.137063,-9.137063,informed,buy_from_mm,-9.137063,-4,137.261012,172.017429,0.160000,171.857429
445,-8.135128,-6.416897,-8.416897,-4.416897,informed,none,0.000000,-4,137.261012,169.801525,0.160000,169.641525
446,-7.991102,-7.336962,-9.336962,-5.336962,noise,none,0.000000,-4,137.261012,169.225419,0.160000,169.065419
447,-8.630464,-7.579281,-9.579281,-5.579281,noise,none,0.000000,-4,137.261012,171.782868,0.160000,171.622868
448,-9.086742,-12.091091,-14.091091,-10.091091,informed,buy_from_mm,-10.091091,-5,127.169921,172.603631,0.250000,172.353631
449,-8.589030,-10.115075,-12.115075,-8.115075,noise,none,0.000000,-5,127.169921,170.115070,0.250000,169.865070
450,-8.805684,-9.658951,-11.658951,-7.658951,informed,none,0.000000,-5,127.169921,171.198340,0.250000,170.948340
451,-8.621871,-8.429548,-10.429548,-6.429548,noise,none,0.000000,-5,127.169921,170.279275,0.250000,170.029275
452,-9.608691,-7.764767,-9.764767,-5.764767,informed,none,0.000000,-5,127.169921,175.213375,0.250000,174.963375
453,-9.286234,-9.044346,-11.044346,-7.044346,informed,none,0.000000,-5,127.169921,173.601090,0.250000,173.351090
454,-9.562254,-6.588134,-8.588134,-4.588134,noise,buy_from_mm,-4.588134,-6,122.581787,179.955313,0.360000,179.595313
455,-10.908086,-12.460339,-14.460339,-10.460339,noise,none,0.000000,-6,122.581787,188.030301,0.360000,187.670301
456,-11.930973,-9.859711,-11.859711,-7.859711,informed,sell_to_mm,-11.859711,-5,134.441498,194.096363,0.250000,193.846363
457,-11.087617,-12.548807,-14.548807,-10.548807,noise,buy_from_mm,-10.548807,-6,123.892691,190.418393,0.360000,190.058393
458,-11.973020,-11.259021,-13.259021,-9.259021,informed,none,0.000000,-6,123.892691,195.730813,0.360000,195.370813
459,-13.370570,-12.916731,-14.916731,-10.916731,informed,none,0.000000,-6,123.892691,204.116111,0.360000,203.756111
460,-15.110816,-15.115212,-17.115212,-13.115212,informed,none,0.000000,-6,123.892691,214.557585,0.360000,214.197585
461,-14.486287,-17.260593,-19.260593,-15.260593,noise,sell_to_mm,-19.260593,-5,143.153284,215.584720,0.250000,215.334720
462,-14.171907,-16.651913,-18.651913,-14.651913,informed,buy_from_mm,-14.651913,-6,128.501370,213.532813,0.360000,213.172813
463,-13.911472,-14.551817,-16.551817,-12.551817,noise,none,0.000000,-6,128.501370,211.970200,0.360000,211.610200
464,-14.257736,-14.493227,-16.493227,-12.493227,noise,none,0.000000,-6,128.501370,214.047783,0.360000,213.687783
465,-14.177518,-14.925340,-16.925340,-12.925340,informed,none,0.000000,-6,128.501370,213.566477,0.360000,213.206477
466,-14.741920,-17.145841,-19.145841,-15.145841,noise,none,0.000000,-6,128.501370,216.952890,0.360000,216.592890
467,-13.868779,-18.071652,-20.071652,-16.071652,informed,buy_from_mm,-16.071652,-7,112.429718,209.511174,0.490000,209.021174
468,-14.379358,-13.281388,-15.281388,-11.281388,noise,buy_from_mm,-11.281388,-8,101.148330,216.183191,0.640000,215.543191
469,-15.789972,-13.719080,-15.719080,-11.719080,informed,sell_to_mm,-15.719080,-7,116.867410,227.397211,0.490000,226.907211
470,-16.695908,-19.759048,-21.759048,-17.759048,informed,buy_from_mm,-17.759048,-8,99.108362,232.675629,0.640000,232.035629
471,-15.306281,-15.210725,-17.210725,-13.210725,noise,none,0.000000,-8,99.108362,221.558607,0.640000,220.918607
472,-14.550404,-14.959423,-16.959423,-12.959423,noise,sell_to_mm,-16.959423,-7,116.067786,217.920612,0.490000,217.430612
473,-14.354783,-13.862616,-15.862616,-11.862616,noise,sell_to_mm,-15.862616,-6,131.930402,218.059098,0.360000,217.699098
474,-14.746802,-14.873483,-16.873483,-12.873483,noise,sell_to_mm,-16.873483,-5,148.803884,222.537895,0.250000,222.287895
475,-14.705300,-10.824169,-12.824169,-8.824169,informed,sell_to_mm,-12.824169,-4,161.628054,220.449253,0.160000,220.289253
476,-13.970442,-17.450724,-19.450724,-15.450724,noise,none,0.000000,-4,161.628054,217.509823,0.160000,217.349823
477,-13.841395,-13.460548,-15.460548,-11.460548,noise,none,0.000000,-4,161.628054,216.993632,0.160000,216.833632
478,-14.990427,-13.559754,-15.559754,-11.559754,noise,none,0.000000,-4,161.628054,221.589761,0.160000,221.429761
479,-15.232362,-14.874574,-16.874574,-12.874574,informed,none,0.000000,-4,161.628054,222.557501,0.160000,222.397501
480,-14.749338,-13.675015,-15.675015,-11.675015,noise,buy_from_mm,-11.675015,-5,149.953039,223.699726,0.250000,223.449726
481,-14.192051,-16.759739,-18.759739,-14.759739,noise,none,0.000000,-5,149.953039,220.913291,0.250000,220.663291
482,-15.028558,-13.044124,-15.044124,-11.044124,noise,sell_to_mm,-15.044124,-4,164.997162,225.111395,0.160000,224.951395
483,-14.396474,-15.019427,-17.019427,-13.019427,noise,none,0.000000,-4,164.997162,222.583059,0.160000,222.423059
484,-13.938085,-13.228962,-15.228962,-11.228962,noise,none,0.000000,-4,164.997162,220.749504,0.160000,220.589504
485,-13.715919,-15.410761,-17.410761,-13.410761,noise,none,0.000000,-4,164.997162,219.860840,0.160000,219.700840
486,-13.511475,-13.609176,-15.609176,-11.609176,informed,none,0.000000,-4,164.997162,219.043062,0.160000,218.883062
487,-11.228287,-13.927258,-15.927258,-11.927258,noise,none,0.000000,-4,164.997162,209.910310,0.160000,209.750310
488,-12.566453,-10.994607,-12.994607,-8.994607,noise,none,0.000000,-4,164.997162,215.262973,0.160000,215.102973
489,-11.607869,-11.536584,-13.536584,-9.536584,informed,none,0.000000,-4,164.997162,211.428640,0.160000,211.268640
490,-12.527127,-14.398447,-16.398447,-12.398447,informed,none,0.000000,-4,164.997162,215.105669,0.160000,214.945669
491,-12.388471,-11.925876,-13.925876,-9.925876,informed,none,0.000000,-4,164.997162,214.551046,0.160000,214.391046
492,-12.551106,-12.619006,-14.619006,-10.619006,noise,buy_from_mm,-10.619006,-5,154.378157,217.133688,0.250000,216.883688
493,-13.790903,-12.092562,-14.092562,-10.092562,informed,none,0.000000,-5,154.378157,223.332674,0.250000,223.082674
494,-13.691438,-15.543839,-17.543839,-13.543839,informed,none,0.000000,-5,154.378157,222.835348,0.250000,222.585348
495,-13.551797,-14.617240,-16.617240,-12.617240,noise,none,0.000000,-5,154.378157,222.137140,0.250000,221.887140
496,-14.438951,-14.513554,-16.513554,-12.513554,informed,none,0.000000,-5,154.378157,226.572910,0.250000,226.322910
497,-14.956037,-15.147706,-17.147706,-13.147706,noise,none,0.000000,-5,154.378157,229.158340,0.250000,228.908340
498,-15.334912,-19.693889,-21.693889,-17.693889,noise,none,0.000000,-5,154.378157,231.052717,0.250000,230.802717
499,-15.121205,-14.835524,-16.835524,-12.835524,informed,none,0.000000,-5,154.378157,229.984181,0.250000,229.734181
500,-15.351242,-12.942482,-14.942482,-10.942482,noise,none,0.000000,-5,154.378157,231.134367,0.250000,230.884367
501,-14.377708,-16.787395,-18.787395,-14.787395,noise,none,0.000000,-5,154.378157,226.266696,0.250000,226.016696
502,-13.246449,-15.695427,-17.695427,-13.695427,informed,buy_from_mm,-13.695427,-6,140.682730,220.161427,0.360000,219.801427
503,-11.754106,-15.724342,-17.724342,-13.724342,noise,none,0.000000,-6,140.682730,211.207368,0.360000,210.847368
504,-10.673192,-10.538471,-12.538471,-8.538471,noise,buy_from_mm,-8.538471,-7,132.144259,206.856602,0.490000,206.366602
505,-9.624908,-10.093038,-12.093038,-8.093038,noise,sell_to_mm,-12.093038,-6,144.237297,201.986748,0.360000,201.626748
506,-10.083608,-8.925632,-10.925632,-6.925632,informed,none,0.000000,-6,144.237297,204.738947,0.360000,204.378947
507,-10.840652,-8.871001,-10.871001,-6.871001,noise,sell_to_mm,-10.871001,-5,155.108298,209.311560,0.250000,209.061560
508,-9.885995,-9.655260,-11.655260,-7.655260,informed,none,0.000000,-5,155.108298,204.538275,0.250000,204.288275
509,-9.491656,-8.345484,-10.345484,-6.345484,noise,buy_from_mm,-6.345484,-6,148.762815,205.712752,0.360000,205.352752
510,-8.946845,-8.415553,-10.415553,-6.415553,informed,none,0.000000,-6,148.762815,202.443883,0.360000,202.083883
511,-8.260227,-8.248828,-10.248828,-6.248828,noise,buy_from_mm,-6.248828,-7,142.513986,200.335573,0.490000,199.845573
512,-8.980815,-6.931849,-8.931849,-4.931849,informed,sell_to_mm,-8.931849,-6,151.445836,205.330725,0.360000,204.970725
513,-8.223817,-8.565307,-10.565307,-6.565307,noise,buy_from_mm,-6.565307,-7,144.880529,202.447245,0.490000,201.957245
514,-6.798714,-8.609994,-10.609994,-6.609994,informed,none,0.000000,-7,144.880529,192.471529,0.490000,191.981529
515,-7.610390,-9.466639,-11.466639,-7.466639,noise,buy_from_mm,-7.466639,-8,137.413890,198.297012,0.640000,197.657012
516,-6.282460,-5.461040,-7.461040,-3.461040,informed,none,0.000000,-8,137.413890,187.673571,0.640000,187.033571
517,-6.491481,-8.077035,-10.077035,-6.077035,informed,none,0.000000,-8,137.413890,189.345736,0.640000,188.705736
518,-5.764734,-7.330011,-9.330011,-5.330011,noise,none,0.000000,-8,137.413890,183.531762,0.640000,182.891762
519,-5.795834,-5.122242,-7.122242,-3.122242,noise,none,0.000000,-8,137.413890,183.780565,0.640000,183.140565
520,-5.703139,-6.692422,-8.692422,-4.692422,informed,none,0.000000,-8,137.413890,183.039002,0.640000,182.399002
521,-5.408521,-5.693839,-7.693839,-3.693839,noise,none,0.000000,-8,137.413890,180.682060,0.640000,180.042060
522,-4.414231,-3.763583,-5.763583,-1.763583,noise,none,0.000000,-8,137.413890,172.727735,0.640000,172.087735
523,-3.980149,-4.091705,-6.091705,-2.091705,informed,none,0.000000,-8,137.413890,169.255080,0.640000,168.615080
524,-4.363559,-2.544617,-4.544617,-0.544617,informed,none,0.000000,-8,137.413890,172.322360,0.640000,171.682360
525,-4.788528,-7.612889,-9.612889,-5.612889,informed,buy_from_mm,-5.612889,-9,131.801001,174.897755,0.810000,174.087755
526,-5.174503,-6.733472,-8.733472,-4.733472,noise,buy_from_mm,-4.733472,-10,127.067529,178.812561,1.000000,177.812561
527,-5.733850,-3.290638,-5.290638,-1.290638,noise,none,0.000000,-10,127.067529,184.406031,1.000000,183.406031
528,-5.505327,-8.601198,-10.601198,-6.601198,informed,buy_from_mm,-6.601198,-11,120.466331,181.024930,1.210000,179.814930
529,-6.333086,-7.923827,-9.923827,-5.923827,informed,none,0.000000,-11,120.466331,190.130281,1.210000,188.920281
530,-6.528663,-3.040063,-5.040063,-1.040063,noise,none,0.000000,-11,120.466331,192.281627,1.210000,191.071627
531,-7.270635,-5.682145,-7.682145,-3.682145,noise,none,0.000000,-11,120.466331,200.443320,1.210000,199.233320
532,-8.236764,-8.160378,-10.160378,-6.160378,noise,none,0.000000,-11,120.466331,211.070733,1.210000,209.860733
533,-8.790456,-10.347877,-12.347877,-8.347877,noise,none,0.000000,-11,120.466331,217.161350,1.210000,215.951350
534,-7.656535,-7.759832,-9.759832,-5.759832,noise,none,0.000000,-11,120.466331,204.688216,1.210000,203.478216
535,-8.030295,-6.668108,-8.668108,-4.668108,informed,none,0.000000,-11,120.466331,208.799573,1.210000,207.589573
536,-6.799626,-6.239048,-8.239048,-4.239048,informed,none,0.000000,-11,120.466331,195.262215,1.210000,194.052215
537,-6.205339,-6.610176,-8.610176,-4.610176,informed,none,0.000000,-11,120.466331,188.725058,1.210000,187.515058
538,-7.181073,-8.756168,-10.756168,-6.756168,noise,none,0.000000,-11,120.466331,199.458133,1.210000,198.248133
539,-5.931423,-9.605504,-11.605504,-7.605504,noise,none,0.000000,-11,120.466331,185.711980,1.210000,184.501980
540,-4.697191,-4.559850,-6.559850,-2.559850,informed,none,0.000000,-11,120.466331,172.135432,1.210000,170.925432
541,-6.005177,-6.015264,-8.015264,-4.015264,noise,sell_to_mm,-8.015264,-10,128.481595,188.533361,1.000000,187.533361
542,-4.515162,-7.205403,-9.205403,-5.205403,informed,buy_from_mm,-5.205403,-11,123.276191,172.942975,1.210000,171.732975
543,-3.804289,-4.231994,-6.231994,-2.231994,noise,buy_from_mm,-2.231994,-12,121.044197,166.695670,1.440000,165.255670
544,-2.953611,-1.063632,-3.063632,0.936368,informed,none,0.000000,-12,121.044197,156.487529,1.440000,155.047529
545,-2.447575,-3.374567,-5.374567,-1.374567,noise,none,0.000000,-12,121.044197,150.415101,1.440000,148.975101
546,-0.594405,-1.163991,-3.163991,0.836009,informed,none,0.000000,-12,121.044197,128.177058,1.440000,126.737058
547,0.489954,-3.497441,-5.497441,-1.497441,informed,buy_from_mm,-1.497441,-13,119.546756,113.177353,1.690000,111.487353
548,0.066812,0.539905,-1.460095,2.539905,noise,sell_to_mm,-1.460095,-12,121.006851,120.205101,1.440000,118.765101
549,1.123985,-1.052698,-3.052698,0.947302,noise,buy_from_mm,0.947302,-13,121.954153,107.342343,1.690000,105.652343
550,-0.134398,-1.268941,-3.268941,0.731059,informed,none,0.000000,-13,121.954153,123.701332,1.690000,122.011332
551,0.219578,2.711971,0.711971,4.711971,noise,none,0.000000,-13,121.954153,119.099640,1.690000,117.409640
552,1.486226,3.165127,1.165127,5.165127,noise,none,0.000000,-13,121.954153,102.633218,1.690000,100.943218
553,2.442320,1.823707,-0.176293,3.823707,noise,none,0.000000,-13,121.954153,90.203994,1.690000,88.513994
554,5.289283,6.159653,4.159653,8.159653,noise,sell_to_mm,4.159653,-12,117.794500,54.323107,1.440000,52.883107
555,6.612327,8.960922,6.960922,10.960922,noise,none,0.000000,-12,117.794500,38.446574,1.440000,37.006574
556,8.837111,8.962282,6.962282,10.962282,noise,sell_to_mm,6.962282,-11,110.832219,13.623994,1.210000,12.413994
557,9.211788,9.726757,7.726757,11.726757,noise,none,0.000000,-11,110.832219,9.502549,1.210000,8.292549
558,9.908600,4.627563,2.627563,6.627563,noise,buy_from_mm,6.627563,-12,117.459781,-1.443416,1.440000,-2.883416
559,9.419365,8.287722,6.287722,10.287722,noise,buy_from_mm,10.287722,-13,127.747503,5.295755,1.690000,3.605755
560,8.097360,8.288869,6.288869,10.288869,noise,none,0.000000,-13,127.747503,22.481823,1.690000,20.791823
561,8.598488,9.807192,7.807192,11.807192,noise,none,0.000000,-13,127.747503,15.967165,1.690000,14.277165
562,7.310954,6.494486,4.494486,8.494486,informed,none,0.000000,-13,127.747503,32.705102,1.690000,31.015102
563,8.183296,3.604314,1.604314,5.604314,noise,none,0.000000,-13,127.747503,21.364656,1.690000,19.674656
564,7.785786,5.526505,3.526505,7.526505,informed,buy_from_mm,7.526505,-14,135.274008,26.273006,1.960000,24.313006
565,7.238589,9.175484,7.175484,11.175484,noise,none,0.000000,-14,135.274008,33.933766,1.960000,31.973766
566,7.232178,7.838091,5.838091,9.838091,noise,none,0.000000,-14,135.274008,34.023520,1.960000,32.063520
567,6.957331,6.682681,4.682681,8.682681,informed,none,0.000000,-14,135.274008,37.871381,1.960000,35.911381
568,6.313469,6.105321,4.105321,8.105321,noise,none,0.000000,-14,135.274008,46.885447,1.960000,44.925447
569,7.016644,11.313429,9.313429,13.313429,noise,none,0.000000,-14,135.274008,37.040989,1.960000,35.080989
570,7.721939,4.534794,2.534794,6.534794,noise,none,0.000000,-14,135.274008,27.166860,1.960000,25.206860
571,8.693250,8.529189,6.529189,10.529189,noise,none,0.000000,-14,135.274008,13.568513,1.960000,11.608513
572,8.339981,8.646068,6.646068,10.646068,noise,none,0.000000,-14,135.274008,18.514272,1.960000,16.554272
573,8.077034,4.880613,2.880613,6.880613,noise,none,0.000000,-14,135.274008,22.195526,1.960000,20.235526
574,8.482014,10.836394,8.836394,12.836394,informed,sell_to_mm,8.836394,-13,126.437614,16.171429,1.690000,14.481429
575,8.465910,7.173503,5.173503,9.173503,noise,none,0.000000,-13,126.437614,16.380786,1.690000,14.690786
576,9.210653,8.982066,6.982066,10.982066,noise,none,0.000000,-13,126.437614,6.699120,1.690000,5.009120
577,7.507447,1.501506,-0.498494,3.501506,informed,buy_from_mm,3.501506,-14,129.939120,24.834860,1.960000,22.874860
578,6.900152,3.746077,1.746077,5.746077,informed,buy_from_mm,5.746077,-15,135.685197,32.182914,2.250000,29.932914
579,7.283393,7.749898,5.749898,9.749898,noise,none,0.000000,-15,135.685197,26.434301,2.250000,24.184301
580,8.693769,10.735185,8.735185,12.735185,noise,none,0.000000,-15,135.685197,5.278658,2.250000,3.028658
581,8.309708,6.372751,4.372751,8.372751,noise,none,0.000000,-15,135.685197,11.039573,2.250000,8.789573
582,6.711074,8.180607,6.180607,10.180607,noise,none,0.000000,-15,135.685197,35.019092,2.250000,32.769092
583,5.359043,5.346841,3.346841,7.346841,noise,none,0.000000,-15,135.685197,55.299552,2.250000,53.049552
584,5.242710,4.332287,2.332287,6.332287,noise,none,0.000000,-15,135.685197,57.044547,2.250000,54.794547
585,5.992491,5.065865,3.065865,7.065865,informed,none,0.000000,-15,135.685197,45.797839,2.250000,43.547839
586,8.198375,9.581482,7.581482,11.581482,informed,none,0.000000,-15,135.685197,12.709568,2.250000,10.459568
587,7.670914,8.890194,6.890194,10.890194,noise,none,0.000000,-15,135.685197,20.621480,2.250000,18.371480
588,6.989688,6.551800,4.551800,8.551800,noise,buy_from_mm,8.551800,-16,144.236997,32.401985,2.560000,29.841985
589,8.302456,6.684636,4.684636,8.684636,informed,none,0.000000,-16,144.236997,11.397706,2.560000,8.837706
590,6.822996,7.290006,5.290006,9.290006,informed,none,0.000000,-16,144.236997,35.069055,2.560000,32.509055
591,7.128178,5.493685,3.493685,7.493685,noise,buy_from_mm,7.493685,-17,151.730682,30.551653,2.890000,27.661653
592,9.670296,14.307648,12.307648,16.307648,noise,none,0.000000,-17,151.730682,-12.664351,2.890000,-15.554351
593,9.668997,9.146280,7.146280,11.146280,informed,none,0.000000,-17,151.730682,-12.642264,2.890000,-15.532264
594,10.110781,10.072621,8.072621,12.072621,noise,none,0.000000,-17,151.730682,-20.152587,2.890000,-23.042587
595,8.434016,2.828646,0.828646,4.828646,noise,none,0.000000,-17,151.730682,8.352412,2.890000,5.462412
596,7.866984,10.163637,8.163637,12.163637,noise,sell_to_mm,8.163637,-16,143.567045,17.695305,2.560000,15.135305
597,7.741460,7.630909,5.630909,9.630909,noise,none,0.000000,-16,143.567045,19.703680,2.560000,17.143680
598,7.298742,5.972290,3.972290,7.972290,noise,none,0.000000,-16,143.567045,26.787168,2.560000,24.227168
599,6.860782,5.740918,3.740918,7.740918,noise,none,0.000000,-16,143.567045,33.794541,2.560000,31.234541
600,8.285035,10.356861,8.356861,12.356861,noise,buy_from_mm,12.356861,-17,155.923906,15.078304,2.890000,12.188304
601,8.188333,8.685950,6.685950,10.685950,informed,none,0.000000,-17,155.923906,16.722251,2.890000,13.832251
602,7.953178,9.943178,7.943178,11.943178,informed,none,0.000000,-17,155.923906,20.719873,2.890000,17.829873
603,6.548849,7.624280,5.624280,9.624280,noise,none,0.000000,-17,155.923906,44.593478,2.890000,41.703478
604,7.002912,10.097408,8.097408,12.097408,informed,sell_to_mm,8.097408,-16,147.826498,35.779899,2.560000,33.219899
605,7.559296,4.863653,2.863653,6.863653,noise,none,0.000000,-16,147.826498,26.877763,2.560000,24.317763
606,5.470332,6.174471,4.174471,8.174471,noise,sell_to_mm,4.174471,-15,143.652026,61.597040,2.250000,59.347040
607,6.565022,10.173188,8.173188,12.173188,informed,sell_to_mm,8.173188,-14,135.478839,43.568535,1.960000,41.608535
608,6.756212,4.909541,2.909541,6.909541,informed,none,0.000000,-14,135.478839,40.891876,1.960000,38.931876
609,7.678454,8.580258,6.580258,10.580258,noise,none,0.000000,-14,135.478839,27.980479,1.960000,26.020479
610,7.954860,1.365924,-0.634076,3.365924,informed,buy_from_mm,3.365924,-15,138.844763,19.521863,2.250000,17.271863
611,7.481018,8.415093,6.415093,10.415093,informed,none,0.000000,-15,138.844763,26.629497,2.250000,24.379497
612,7.568983,6.607607,4.607607,8.607607,noise,sell_to_mm,4.607607,-14,134.237156,28.271397,1.960000,26.311397
613,8.197111,8.251663,6.251663,10.251663,noise,buy_from_mm,10.251663,-15,144.488819,21.532160,2.250000,19.282160
614,9.357440,9.218093,7.218093,11.218093,noise,none,0.000000,-15,144.488819,4.127212,2.250000,1.877212
615,9.507156,11.233975,9.233975,13.233975,informed,none,0.000000,-15,144.488819,1.881473,2.250000,-0.368527
616,9.349706,12.485855,10.485855,14.485855,noise,none,0.000000,-15,144.488819,4.243229,2.250000,1.993229
617,8.442744,6.759905,4.759905,8.759905,noise,buy_from_mm,8.759905,-16,153.248724,18.164815,2.560000,15.604815
618,10.626252,9.241671,7.241671,11.241671,noise,none,0.000000,-16,153.248724,-16.771310,2.560000,-19.331310
619,9.928591,9.972313,7.972313,11.972313,informed,none,0.000000,-16,153.248724,-5.608735,2.560000,-8.168735
620,10.510326,9.169814,7.169814,11.169814,informed,none,0.000000,-16,153.248724,-14.916495,2.560000,-17.476495
621,9.423132,6.211829,4.211829,8.211829,noise,buy_from_mm,8.211829,-17,161.460552,1.267311,2.890000,-1.622689
622,9.054974,9.426530,7.426530,11.426530,informed,none,0.000000,-17,161.460552,7.525995,2.890000,4.635995
623,8.491349,3.974743,1.974743,5.974743,noise,none,0.000000,-17,161.460552,17.107619,2.890000,14.217619
624,8.537424,6.119710,4.119710,8.119710,noise,none,0.000000,-17,161.460552,16.324349,2.890000,13.434349
625,9.445199,8.248838,6.248838,10.248838,informed,none,0.000000,-17,161.460552,0.892167,2.890000,-1.997833
626,8.060298,6.953517,4.953517,8.953517,informed,none,0.000000,-17,161.460552,24.435493,2.890000,21.545493
627,10.786492,8.115507,6.115507,10.115507,noise,none,0.000000,-17,161.460552,-21.909818,2.890000,-24.799818
628,11.473707,9.372659,7.372659,11.372659,informed,buy_from_mm,11.372659,-18,172.833212,-33.693515,3.240000,-36.933515
629,11.303882,13.136187,11.136187,15.136187,noise,buy_from_mm,15.136187,-19,187.969399,-26.804360,3.610000,-30.414360
630,13.117718,12.717962,10.717962,14.717962,noise,buy_from_mm,14.717962,-20,202.687361,-59.666997,4.000000,-63.666997
631,14.319497,9.624144,7.624144,11.624144,informed,buy_from_mm,11.624144,-21,214.311505,-86.397933,4.410000,-90.807933
632,15.470131,15.089870,13.089870,17.089870,noise,sell_to_mm,13.089870,-20,201.221636,-108.180990,4.000000,-112.180990
633,16.096561,12.161966,10.161966,14.161966,noise,none,0.000000,-20,201.221636,-120.709589,4.000000,-124.709589
634,15.151558,15.047827,13.047827,17.047827,informed,none,0.000000,-20,201.221636,-101.809521,4.000000,-105.809521
635,14.887926,17.800849,15.800849,19.800849,informed,sell_to_mm,15.800849,-19,185.420787,-97.449807,3.610000,-101.059807
636,16.080938,17.688741,15.688741,19.688741,informed,none,0.000000,-19,185.420787,-120.117034,3.610000,-123.727034
637,16.526664,16.419494,14.419494,18.419494,noise,none,0.000000,-19,185.420787,-128.585830,3.610000,-132.195830
638,16.686598,17.877284,15.877284,19.877284,informed,none,0.000000,-19,185.420787,-131.624583,3.610000,-135.234583
639,16.959720,16.053003,14.053003,18.053003,noise,none,0.000000,-19,185.420787,-136.813902,3.610000,-140.423902
640,16.687711,19.728180,17.728180,21.728180,informed,sell_to_mm,17.728180,-18,167.692607,-132.686194,3.240000,-135.926194
641,18.768876,19.109449,17.109449,21.109449,noise,none,0.000000,-18,167.692607,-170.147156,3.240000,-173.387156
642,16.933807,19.004600,17.004600,21.004600,noise,none,0.000000,-18,167.692607,-137.115918,3.240000,-140.355918
643,16.934570,18.416483,16.416483,20.416483,noise,none,0.000000,-18,167.692607,-137.129660,3.240000,-140.369660
644,17.875173,15.864828,13.864828,17.864828,informed,buy_from_mm,17.864828,-19,185.557435,-154.070845,3.610000,-157.680845
645,17.396191,19.106654,17.106654,21.106654,noise,none,0.000000,-19,185.557435,-144.970187,3.610000,-148.580187
646,17.913599,18.031534,16.031534,20.031534,informed,none,0.000000,-19,185.557435,-154.800944,3.610000,-158.410944
647,16.522563,12.484499,10.484499,14.484499,informed,buy_from_mm,14.484499,-20,200.041934,-130.409317,4.000000,-134.409317
648,16.432702,15.926904,13.926904,17.926904,noise,none,0.000000,-20,200.041934,-128.612102,4.000000,-132.612102
649,16.040560,17.113195,15.113195,19.113195,informed,none,0.000000,-20,200.041934,-120.769268,4.000000,-124.769268
650,15.384520,16.675669,14.675669,18.675669,noise,none,0.000000,-20,200.041934,-107.648460,4.000000,-111.648460
651,16.607953,18.906217,16.906217,20.906217,noise,none,0.000000,-20,200.041934,-132.117131,4.000000,-136.117131
652,17.893107,17.966750,15.966750,19.966750,noise,sell_to_mm,15.966750,-19,184.075184,-155.893842,3.610000,-159.503842
653,18.530254,18.936339,16.936339,20.936339,informed,none,0.000000,-19,184.075184,-167.999637,3.610000,-171.609637
654,18.250037,19.468280,17.468280,21.468280,noise,none,0.000000,-19,184.075184,-162.675514,3.610000,-166.285514
655,20.398220,18.414429,16.414429,20.414429,informed,none,0.000000,-19,184.075184,-203.490998,3.610000,-207.100998
656,19.663956,20.376517,18.376517,22.376517,noise,buy_from_mm,22.376517,-20,206.451702,-186.827416,4.000000,-190.827416
657,19.581035,18.121540,16.121540,20.121540,noise,none,0.000000,-20,206.451702,-185.168995,4.000000,-189.168995
658,20.423115,18.719448,16.719448,20.719448,informed,none,0.000000,-20,206.451702,-202.010606,4.000000,-206.010606
659,21.086437,20.557557,18.557557,22.557557,informed,none,0.000000,-20,206.451702,-215.277032,4.000000,-219.277032
660,21.284772,19.388008,17.388008,21.388008,noise,none,0.000000,-20,206.451702,-219.243743,4.000000,-223.243743
661,22.513041,23.211777,21.211777,25.211777,noise,none,0.000000,-20,206.451702,-243.809118,4.000000,-247.809118
662,22.322238,22.101772,20.101772,24.101772,noise,sell_to_mm,20.101772,-19,186.349930,-237.772585,3.610000,-241.382585
663,23.307778,23.654753,21.654753,25.654753,noise,none,0.000000,-19,186.349930,-256.497854,3.610000,-260.107854
664,23.289949,24.366148,22.366148,26.366148,noise,buy_from_mm,26.366148,-20,212.716078,-253.082906,4.000000,-257.082906
665,22.970493,20.560494,18.560494,22.560494,noise,none,0.000000,-20,212.716078,-246.693785,4.000000,-250.693785
666,22.961659,21.958786,19.958786,23.958786,noise,sell_to_mm,19.958786,-19,192.757293,-243.514222,3.610000,-247.124222
667,22.076532,22.950809,20.950809,24.950809,informed,none,0.000000,-19,192.757293,-226.696812,3.610000,-230.306812
668,20.529777,22.152769,20.152769,24.152769,noise,none,0.000000,-19,192.757293,-197.308467,3.610000,-200.918467
669,21.792021,20.066326,18.066326,22.066326,noise,sell_to_mm,18.066326,-18,174.690966,-217.565413,3.240000,-220.805413
670,21.552087,23.549742,21.549742,25.549742,noise,none,0.000000,-18,174.690966,-213.246604,3.240000,-216.486604
671,20.788098,21.431865,19.431865,23.431865,informed,none,0.000000,-18,174.690966,-199.494791,3.240000,-202.734791
672,21.191970,21.835763,19.835763,23.835763,noise,sell_to_mm,19.835763,-17,154.855203,-205.408279,2.890000,-208.298279
673,20.833576,22.375120,20.375120,24.375120,noise,none,0.000000,-17,154.855203,-199.315589,2.890000,-202.205589
674,20.827625,22.470112,20.470112,24.470112,noise,none,0.000000,-17,154.855203,-199.214424,2.890000,-202.104424
675,21.104884,18.697972,16.697972,20.697972,informed,buy_from_mm,20.697972,-18,175.553175,-204.334729,3.240000,-207.574729
676,20.698031,21.664464,19.664464,23.664464,informed,none,0.000000,-18,175.553175,-197.011381,3.240000,-200.251381
677,21.554667,20.898813,18.898813,22.898813,informed,none,0.000000,-18,175.553175,-212.430837,3.240000,-215.670837
678,21.293820,23.591296,21.591296,25.591296,noise,sell_to_mm,21.591296,-17,153.961879,-208.033058,2.890000,-210.923058
679,20.295221,19.399706,17.399706,21.399706,noise,buy_from_mm,21.399706,-18,175.361585,-189.952400,3.240000,-193.192400
680,20.077156,22.819625,20.819625,24.819625,noise,none,0.000000,-18,175.361585,-186.027219,3.240000,-189.267219
681,17.827734,16.460767,14.460767,18.460767,noise,none,0.000000,-18,175.361585,-145.537635,3.240000,-148.777635
682,16.583909,15.551977,13.551977,17.551977,noise,none,0.000000,-18,175.361585,-123.148786,3.240000,-126.388786
683,14.721484,14.813015,12.813015,16.813015,noise,none,0.000000,-18,175.361585,-89.625135,3.240000,-92.865135
684,13.958208,15.603751,13.603751,17.603751,informed,none,0.000000,-18,175.361585,-75.886163,3.240000,-79.126163
685,13.470204,14.080524,12.080524,16.080524,noise,none,0.000000,-18,175.361585,-67.102094,3.240000,-70.342094
686,11.317312,11.000353,9.000353,13.000353,noise,buy_from_mm,13.000353,-19,188.361938,-26.666984,3.610000,-30.276984
687,12.360090,15.729918,13.729918,17.729918,noise,none,0.000000,-19,188.361938,-46.479772,3.610000,-50.089772
688,11.803328,8.222322,6.222322,10.222322,informed,buy_from_mm,10.222322,-20,198.584260,-37.482309,4.000000,-41.482309
689,12.520621,11.598242,9.598242,13.598242,noise,none,0.000000,-20,198.584260,-51.828155,4.000000,-55.828155
690,11.734545,11.313398,9.313398,13.313398,noise,none,0.000000,-20,198.584260,-36.106642,4.000000,-40.106642
691,13.738869,13.442393,11.442393,15.442393,noise,none,0.000000,-20,198.584260,-76.193111,4.000000,-80.193111
692,14.365770,12.164328,10.164328,14.164328,informed,buy_from_mm,14.164328,-21,212.748588,-88.932589,4.410000,-93.342589
693,14.361202,18.480559,16.480559,20.480559,noise,none,0.000000,-21,212.748588,-88.836651,4.410000,-93.246651
694,14.037182,13.437998,11.437998,15.437998,noise,none,0.000000,-21,212.748588,-82.032234,4.410000,-86.442234
695,15.231191,12.899646,10.899646,14.899646,noise,none,0.000000,-21,212.748588,-107.106433,4.410000,-111.516433
696,16.356239,13.071326,11.071326,15.071326,informed,buy_from_mm,15.071326,-22,227.819914,-132.017333,4.840000,-136.857333
697,17.716228,16.807976,14.807976,18.807976,noise,none,0.000000,-22,227.819914,-161.937098,4.840000,-166.777098
698,16.315146,12.467679,10.467679,14.467679,noise,none,0.000000,-22,227.819914,-131.113298,4.840000,-135.953298
699,17.504648,15.070658,13.070658,17.070658,informed,buy_from_mm,17.070658,-23,244.890572,-157.716321,5.290000,-163.006321
700,17.081119,17.801878,15.801878,19.801878,informed,none,0.000000,-23,244.890572,-147.975169,5.290000,-153.265169
701,17.555898,22.053542,20.053542,24.053542,noise,buy_from_mm,24.053542,-24,268.944115,-152.397433,5.760000,-158.157433
702,17.867603,18.373619,16.373619,20.373619,noise,sell_to_mm,16.373619,-23,252.570496,-158.384373,5.290000,-163.674373
703,19.742790,22.236056,20.236056,24.236056,informed,sell_to_mm,20.236056,-22,232.334439,-202.006951,4.840000,-206.846951
704,19.959440,21.658791,19.658791,23.658791,informed,none,0.000000,-22,232.334439,-206.773231,4.840000,-211.613231
705,20.142317,22.927324,20.927324,24.927324,informed,sell_to_mm,20.927324,-21,211.407116,-211.581543,4.410000,-215.991543
706,19.056438,18.952839,16.952839,20.952839,noise,none,0.000000,-21,211.407116,-188.778089,4.410000,-193.188089
707,17.622050,15.665521,13.665521,17.665521,noise,none,0.000000,-21,211.407116,-158.655931,4.410000,-163.065931
708,17.188078,19.302390,17.302390,21.302390,noise,buy_from_mm,21.302390,-22,232.709505,-145.428210,4.840000,-150.268210
709,17.338553,15.194331,13.194331,17.194331,noise,buy_from_mm,17.194331,-23,249.903837,-148.882874,5.290000,-154.172874
710,17.428139,17.796851,15.796851,19.796851,noise,none,0.000000,-23,249.903837,-150.943369,5.290000,-156.233369
711,14.950195,13.251830,11.251830,15.251830,noise,none,0.000000,-23,249.903837,-93.950644,5.290000,-99.240644
712,15.487764,17.066060,15.066060,19.066060,noise,buy_from_mm,19.066060,-24,268.969897,-102.736435,5.760000,-108.496435
713,14.840135,15.436386,13.436386,17.436386,informed,none,0.000000,-24,268.969897,-87.193336,5.760000,-92.953336
714,14.033730,17.026886,15.026886,19.026886,informed,sell_to_mm,15.026886,-23,253.943010,-68.832769,5.290000,-74.122769
715,14.527276,17.086572,15.086572,19.086572,noise,none,0.000000,-23,253.943010,-80.184336,5.290000,-85.474336
716,12.680266,12.390091,10.390091,14.390091,informed,none,0.000000,-23,253.943010,-37.703099,5.290000,-42.993099
717,13.614058,9.917664,7.917664,11.917664,noise,buy_from_mm,11.917664,-24,265.860674,-60.876720,5.760000,-66.636720
718,13.683235,11.873974,9.873974,13.873974,noise,buy_from_mm,13.873974,-25,279.734648,-62.346228,6.250000,-68.596228
719,14.913154,15.810790,13.810790,17.810790,noise,none,0.000000,-25,279.734648,-93.094203,6.250000,-99.344203
720,16.139921,15.941192,13.941192,17.941192,informed,none,0.000000,-25,279.734648,-123.763385,6.250000,-130.013385
721,13.870709,18.020099,16.020099,20.020099,noise,sell_to_mm,16.020099,-24,263.714549,-69.182478,5.760000,-74.942478
722,16.002947,18.239439,16.239439,20.239439,noise,none,0.000000,-24,263.714549,-120.356174,5.760000,-126.116174
723,14.590124,12.374849,10.374849,14.374849,noise,none,0.000000,-24,263.714549,-86.448432,5.760000,-92.208432
724,15.983690,17.334206,15.334206,19.334206,noise,none,0.000000,-24,263.714549,-119.894022,5.760000,-125.654022
725,18.217348,16.419941,14.419941,18.419941,informed,none,0.000000,-24,263.714549,-173.501814,5.760000,-179.261814
726,18.033058,17.652636,15.652636,19.652636,noise,buy_from_mm,19.652636,-25,283.367184,-167.459266,6.250000,-173.709266
727,17.525506,14.667565,12.667565,16.667565,informed,buy_from_mm,16.667565,-26,300.034749,-155.628403,6.760000,-162.388403
728,15.816822,15.578583,13.578583,17.578583,noise,none,0.000000,-26,300.034749,-111.202621,6.760000,-117.962621
729,16.346262,15.964200,13.964200,17.964200,noise,sell_to_mm,13.964200,-25,286.070550,-122.586006,6.250000,-128.836006
730,17.248577,18.333811,16.333811,20.333811,noise,buy_from_mm,20.333811,-26,306.404361,-142.058633,6.760000,-148.818633
731,16.747524,16.340253,14.340253,18.340253,noise,none,0.000000,-26,306.404361,-129.031275,6.760000,-135.791275
732,16.117692,16.265670,14.265670,18.265670,noise,none,0.000000,-26,306.404361,-112.655635,6.760000,-119.415635
733,15.403365,17.068312,15.068312,19.068312,informed,none,0.000000,-26,306.404361,-94.083127,6.760000,-100.843127
734,15.416357,14.233352,12.233352,16.233352,noise,none,0.000000,-26,306.404361,-94.420924,6.760000,-101.180924
735,15.918857,17.984304,15.984304,19.984304,informed,sell_to_mm,15.984304,-25,290.420057,-107.551363,6.250000,-113.801363
736,14.154847,15.847623,13.847623,17.847623,noise,none,0.000000,-25,290.420057,-63.451112,6.250000,-69.701112
737,14.677837,12.053623,10.053623,14.053623,informed,buy_from_mm,14.053623,-26,304.473680,-77.150079,6.760000,-83.910079
738,15.070953,15.921190,13.921190,17.921190,informed,none,0.000000,-26,304.473680,-87.371101,6.760000,-94.131101
739,14.828124,16.654973,14.654973,18.654973,noise,none,0.000000,-26,304.473680,-81.057541,6.760000,-87.817541
740,15.099527,14.550323,12.550323,16.550323,informed,none,0.000000,-26,304.473680,-88.114012,6.760000,-94.874012
741,15.615500,12.320457,10.320457,14.320457,noise,sell_to_mm,10.320457,-25,294.153223,-96.234276,6.250000,-102.484276
742,14.880017,13.863712,11.863712,15.863712,noise,sell_to_mm,11.863712,-24,282.289511,-74.830894,5.760000,-80.590894
743,13.099495,14.871823,12.871823,16.871823,noise,sell_to_mm,12.871823,-23,269.417688,-31.870686,5.290000,-37.160686
744,13.005073,13.305513,11.305513,15.305513,informed,none,0.000000,-23,269.417688,-29.699002,5.290000,-34.989002
745,13.256369,14.929005,12.929005,16.929005,noise,none,0.000000,-23,269.417688,-35.478803,5.290000,-40.768803
746,12.608921,13.316721,11.316721,15.316721,noise,none,0.000000,-23,269.417688,-20.587493,5.290000,-25.877493
747,11.446919,13.566059,11.566059,15.566059,informed,sell_to_mm,11.566059,-22,257.851629,6.019420,4.840000,1.179420
748,10.712493,8.649147,6.649147,10.649147,noise,sell_to_mm,6.649147,-21,251.202481,26.240119,4.410000,21.830119
749,9.983205,8.013216,6.013216,10.013216,noise,sell_to_mm,6.013216,-20,245.189266,45.525161,4.000000,41.525161
750,9.712371,9.154205,7.154205,11.154205,noise,buy_from_mm,11.154205,-21,256.343470,52.383678,4.410000,47.973678
751,9.566766,9.761342,7.761342,11.761342,noise,none,0.000000,-21,256.343470,55.441389,4.410000,51.031389
752,9.238817,10.544322,8.544322,12.544322,noise,buy_from_mm,12.544322,-22,268.887793,65.633818,4.840000,60.793818
753,7.552859,8.758868,6.758868,10.758868,informed,none,0.000000,-22,268.887793,102.724904,4.840000,97.884904
754,8.729525,5.835935,3.835935,7.835935,noise,buy_from_mm,7.835935,-23,276.723727,75.944649,5.290000,70.654649
755,9.712249,7.966698,5.966698,9.966698,informed,none,0.000000,-23,276.723727,53.342006,5.290000,48.052006
756,10.827222,11.982642,9.982642,13.982642,noise,none,0.000000,-23,276.723727,27.697615,5.290000,22.407615
757,10.906526,13.248853,11.248853,15.248853,informed,sell_to_mm,11.248853,-22,265.474875,25.531312,4.840000,20.691312
758,12.070786,10.363644,8.363644,12.363644,noise,none,0.000000,-22,265.474875,-0.082413,4.840000,-4.922413
759,11.103920,11.108272,9.108272,13.108272,informed,none,0.000000,-22,265.474875,21.188644,4.840000,16.348644
760,10.420210,9.055069,7.055069,11.055069,informed,none,0.000000,-22,265.474875,36.230254,4.840000,31.390254
761,9.983043,12.728635,10.728635,14.728635,informed,sell_to_mm,10.728635,-21,254.746239,45.102326,4.410000,40.692326
762,10.109723,14.024192,12.024192,16.024192,noise,none,0.000000,-21,254.746239,42.442059,4.410000,38.032059
763,11.838638,12.290634,10.290634,14.290634,noise,none,0.000000,-21,254.746239,6.134832,4.410000,1.724832
764,11.957800,12.288872,10.288872,14.288872,noise,none,0.000000,-21,254.746239,3.632447,4.410000,-0.777553
765,12.459914,11.199949,9.199949,13.199949,informed,none,0.000000,-21,254.746239,-6.911945,4.410000,-11.321945
766,12.793460,14.750087,12.750087,16.750087,noise,none,0.000000,-21,254.746239,-13.916419,4.410000,-18.326419
767,15.103367,15.267704,13.267704,17.267704,informed,none,0.000000,-21,254.746239,-62.424472,4.410000,-66.834472
768,15.554634,14.321756,12.321756,16.321756,noise,none,0.000000,-21,254.746239,-71.901072,4.410000,-76.311072
769,13.913453,15.800860,13.800860,17.800860,noise,none,0.000000,-21,254.746239,-37.436278,4.410000,-41.846278
770,14.430301,10.493885,8.493885,12.493885,noise,buy_from_mm,12.493885,-22,267.240125,-50.226506,4.840000,-55.066506
771,15.621232,12.981067,10.981067,14.981067,noise,none,0.000000,-22,267.240125,-76.426988,4.840000,-81.266988
772,15.110818,14.811647,12.811647,16.811647,noise,sell_to_mm,12.811647,-21,254.428478,-62.898691,4.410000,-67.308691
773,17.013077,15.852161,13.852161,17.852161,noise,none,0.000000,-21,254.428478,-102.846133,4.410000,-107.256133
774,15.402676,14.905713,12.905713,16.905713,informed,none,0.000000,-21,254.428478,-69.027724,4.410000,-73.437724
775,15.146447,12.933435,10.933435,14.933435,noise,none,0.000000,-21,254.428478,-63.646914,4.410000,-68.056914
776,16.601058,19.568413,17.568413,21.568413,informed,sell_to_mm,17.568413,-20,236.860065,-95.161094,4.000000,-99.161094
777,15.688006,12.561029,10.561029,14.561029,noise,none,0.000000,-20,236.860065,-76.900053,4.000000,-80.900053
778,15.175657,17.956925,15.956925,19.956925,noise,none,0.000000,-20,236.860065,-66.653067,4.000000,-70.653067
779,15.018200,17.908363,15.908363,19.908363,noise,none,0.000000,-20,236.860065,-63.503931,4.000000,-67.503931
780,16.159743,18.152850,16.152850,20.152850,informed,none,0.000000,-20,236.860065,-86.334800,4.000000,-90.334800
781,15.632002,17.862268,15.862268,19.862268,informed,sell_to_mm,15.862268,-19,220.997797,-76.010245,3.610000,-79.620245
782,14.058301,11.004009,9.004009,13.004009,noise,none,0.000000,-19,220.997797,-46.109929,3.610000,-49.719929
783,14.578045,13.631820,11.631820,15.631820,informed,none,0.000000,-19,220.997797,-55.985060,3.610000,-59.595060
784,14.566463,14.440006,12.440006,16.440006,noise,none,0.000000,-19,220.997797,-55.765004,3.610000,-59.375004
785,13.287920,13.534683,11.534683,15.534683,informed,none,0.000000,-19,220.997797,-31.472686,3.610000,-35.082686
786,14.031758,13.500597,11.500597,15.500597,noise,none,0.000000,-19,220.997797,-45.605607,3.610000,-49.215607
787,14.665006,18.298608,16.298608,20.298608,noise,none,0.000000,-19,220.997797,-57.637325,3.610000,-61.247325
788,13.947809,9.830790,7.830790,11.830790,informed,buy_from_mm,11.830790,-20,232.828587,-46.127599,4.000000,-50.127599
789,13.939736,14.377149,12.377149,16.377149,noise,sell_to_mm,12.377149,-19,220.451438,-44.403553,3.610000,-48.013553
790,14.094809,15.493533,13.493533,17.493533,informed,none,0.000000,-19,220.451438,-47.349927,3.610000,-50.959927
791,13.909267,12.911943,10.911943,14.911943,noise,none,0.000000,-19,220.451438,-43.824644,3.610000,-47.434644
792,13.229477,13.775590,11.775590,15.775590,noise,none,0.000000,-19,220.451438,-30.908619,3.610000,-34.518619
793,13.501829,14.653032,12.653032,16.653032,noise,none,0.000000,-19,220.451438,-36.083314,3.610000,-39.693314
794,14.570719,16.576336,14.576336,18.576336,informed,sell_to_mm,14.576336,-18,205.875102,-56.397846,3.240000,-59.637846
795,13.081912,14.428176,12.428176,16.428176,informed,none,0.000000,-18,205.875102,-29.599308,3.240000,-32.839308
796,10.273868,13.183377,11.183377,15.183377,informed,sell_to_mm,11.183377,-17,194.691725,20.035960,2.890000,17.145960
797,11.414174,13.623623,11.623623,15.623623,noise,none,0.000000,-17,194.691725,0.650763,2.890000,-2.239237
798,11.270743,14.690514,12.690514,16.690514,noise,none,0.000000,-17,194.691725,3.089094,2.890000,0.199094
799,11.801811,12.408269,10.408269,14.408269,informed,none,0.000000,-17,194.691725,-5.939065,2.890000,-8.829065
800,13.062985,13.172080,11.172080,15.172080,informed,none,0.000000,-17,194.691725,-27.379018,2.890000,-30.269018
801,14.023766,17.142018,15.142018,19.142018,informed,sell_to_mm,15.142018,-16,179.549706,-44.830547,2.560000,-47.390547
802,14.214590,13.459388,11.459388,15.459388,noise,none,0.000000,-16,179.549706,-47.883733,2.560000,-50.443733
803,15.992026,17.563765,15.563765,19.563765,noise,none,0.000000,-16,179.549706,-76.322711,2.560000,-78.882711
804,15.449541,17.369928,15.369928,19.369928,informed,none,0.000000,-16,179.549706,-67.642952,2.560000,-70.202952
805,15.658830,18.783623,16.783623,20.783623,informed,sell_to_mm,16.783623,-15,162.766084,-72.116364,2.250000,-74.366364
806,15.062288,19.304849,17.304849,21.304849,noise,none,0.000000,-15,162.766084,-63.168239,2.250000,-65.418239
807,14.001145,13.391332,11.391332,15.391332,noise,none,0.000000,-15,162.766084,-47.251092,2.250000,-49.501092
808,14.568630,14.393077,12.393077,16.393077,informed,none,0.000000,-15,162.766084,-55.763361,2.250000,-58.013361
809,14.130812,16.473843,14.473843,18.473843,informed,sell_to_mm,14.473843,-14,148.292240,-49.539124,1.960000,-51.499124
810,14.662756,9.481453,7.481453,11.481453,noise,none,0.000000,-14,148.292240,-56.986344,1.960000,-58.946344
811,14.175095,15.558842,13.558842,17.558842,noise,sell_to_mm,13.558842,-13,134.733398,-49.542832,1.690000,-51.232832
812,13.357253,12.767443,10.767443,14.767443,noise,none,0.000000,-13,134.733398,-38.910887,1.690000,-40.600887
813,13.517484,15.217365,13.217365,17.217365,noise,sell_to_mm,13.217365,-12,121.516033,-40.693779,1.440000,-42.133779
814,14.469515,13.713326,11.713326,15.713326,informed,none,0.000000,-12,121.516033,-52.118143,1.440000,-53.558143
815,13.513263,15.971939,13.971939,17.971939,noise,buy_from_mm,17.971939,-13,139.487972,-36.184450,1.690000,-37.874450
816,14.811264,14.594146,12.594146,16.594146,noise,none,0.000000,-13,139.487972,-53.058455,1.690000,-54.748455
817,15.789798,18.169024,16.169024,20.169024,noise,none,0.000000,-13,139.487972,-65.779402,1.690000,-67.469402
818,14.690126,13.989742,11.989742,15.989742,noise,none,0.000000,-13,139.487972,-51.483661,1.690000,-53.173661
819,14.248575,12.988326,10.988326,14.988326,informed,none,0.000000,-13,139.487972,-45.743507,1.690000,-47.433507
820,14.556769,12.653361,10.653361,14.653361,noise,none,0.000000,-13,139.487972,-49.750024,1.690000,-51.440024
821,15.595253,16.660620,14.660620,18.660620,informed,none,0.000000,-13,139.487972,-63.250319,1.690000,-64.940319
822,16.787777,14.763880,12.763880,16.763880,noise,none,0.000000,-13,139.487972,-78.753125,1.690000,-80.443125
823,16.697033,19.081062,17.081062,21.081062,informed,sell_to_mm,17.081062,-12,122.406911,-77.957488,1.440000,-79.397488
824,17.784392,17.096331,15.096331,19.096331,noise,none,0.000000,-12,122.406911,-91.005790,1.440000,-92.445790
825,17.458164,19.487557,17.487557,21.487557,informed,sell_to_mm,17.487557,-11,104.919354,-87.120452,1.210000,-88.330452
826,16.967592,17.410205,15.410205,19.410205,informed,none,0.000000,-11,104.919354,-81.724162,1.210000,-82.934162
827,15.298431,14.303640,12.303640,16.303640,noise,none,0.000000,-11,104.919354,-63.363385,1.210000,-64.573385
828,14.838932,12.823089,10.823089,14.823089,noise,none,0.000000,-11,104.919354,-58.308894,1.210000,-59.518894
829,14.199490,12.783597,10.783597,14.783597,noise,sell_to_mm,10.783597,-10,94.135757,-47.859139,1.000000,-48.859139
830,12.903813,11.490434,9.490434,13.490434,noise,sell_to_mm,9.490434,-9,84.645323,-31.488993,0.810000,-32.298993
831,11.313775,9.264531,7.264531,11.264531,informed,buy_from_mm,11.264531,-10,95.909854,-17.227896,1.000000,-18.227896
832,10.389973,12.700417,10.700417,14.700417,informed,sell_to_mm,10.700417,-9,85.209437,-8.300322,0.810000,-9.110322
833,10.818951,9.677175,7.677175,11.677175,informed,none,0.000000,-9,85.209437,-12.161119,0.810000,-12.971119
834,9.666195,6.782732,4.782732,8.782732,informed,buy_from_mm,8.782732,-10,93.992169,-2.669781,1.000000,-3.669781
835,9.207854,11.126301,9.126301,13.126301,noise,none,0.000000,-10,93.992169,1.913625,1.000000,0.913625
836,9.126671,13.316151,11.316151,15.316151,noise,none,0.000000,-10,93.992169,2.725458,1.000000,1.725458
837,9.468361,8.746683,6.746683,10.746683,noise,none,0.000000,-10,93.992169,-0.691436,1.000000,-1.691436
838,9.846718,9.854825,7.854825,11.854825,informed,none,0.000000,-10,93.992169,-4.475011,1.000000,-5.475011
839,10.141454,10.463536,8.463536,12.463536,noise,none,0.000000,-10,93.992169,-7.422373,1.000000,-8.422373
840,10.210041,13.119922,11.119922,15.119922,noise,buy_from_mm,15.119922,-11,109.112091,-3.198356,1.210000,-4.408356
841,8.856289,4.345611,2.345611,6.345611,informed,buy_from_mm,6.345611,-12,115.457702,9.182230,1.440000,7.742230
842,10.010621,12.440941,10.440941,14.440941,noise,none,0.000000,-12,115.457702,-4.669751,1.440000,-6.109751
843,11.174609,8.148608,6.148608,10.148608,informed,buy_from_mm,10.148608,-13,125.606310,-19.663605,1.690000,-21.353605
844,11.553329,8.062507,6.062507,10.062507,informed,buy_from_mm,10.062507,-14,135.668817,-26.077796,1.960000,-28.037796
845,12.316756,12.588243,10.588243,14.588243,noise,sell_to_mm,10.588243,-13,125.080573,-35.037261,1.690000,-36.727261
846,12.154110,12.031907,10.031907,14.031907,noise,none,0.000000,-13,125.080573,-32.922854,1.690000,-34.612854
847,13.222650,17.757530,15.757530,19.757530,noise,sell_to_mm,15.757530,-12,109.323043,-49.348758,1.440000,-50.788758
848,15.716277,15.591912,13.591912,17.591912,noise,none,0.000000,-12,109.323043,-79.272287,1.440000,-80.712287
849,16.074053,13.079165,11.079165,15.079165,informed,buy_from_mm,15.079165,-13,124.402208,-84.560486,1.690000,-86.250486
850,15.045202,16.374492,14.374492,18.374492,informed,none,0.000000,-13,124.402208,-71.185418,1.690000,-72.875418
851,14.836499,14.856793,12.856793,16.856793,informed,none,0.000000,-13,124.402208,-68.472285,1.690000,-70.162285
852,14.603095,15.952686,13.952686,17.952686,informed,none,0.000000,-13,124.402208,-65.438021,1.690000,-67.128021
853,14.551320,17.470499,15.470499,19.470499,informed,sell_to_mm,15.470499,-12,108.931709,-65.684132,1.440000,-67.124132
854,14.231544,12.588723,10.588723,14.588723,noise,sell_to_mm,10.588723,-11,98.342986,-58.203993,1.210000,-59.413993
855,15.120761,15.811767,13.811767,17.811767,noise,none,0.000000,-11,98.342986,-67.985382,1.210000,-69.195382
856,13.852970,12.905642,10.905642,14.905642,noise,buy_from_mm,14.905642,-12,113.248628,-52.987018,1.440000,-54.427018
857,11.489076,15.206294,13.206294,17.206294,noise,none,0.000000,-12,113.248628,-24.620289,1.440000,-26.060289
858,12.158893,15.043723,13.043723,17.043723,noise,none,0.000000,-12,113.248628,-32.658086,1.440000,-34.098086
859,11.910939,9.833057,7.833057,11.833057,informed,buy_from_mm,11.833057,-13,125.081685,-29.760520,1.690000,-31.450520
860,11.223600,8.658053,6.658053,10.658053,noise,none,0.000000,-13,125.081685,-20.825109,1.690000,-22.515109
861,12.013443,11.900798,9.900798,13.900798,noise,none,0.000000,-13,125.081685,-31.093075,1.690000,-32.783075
862,12.138212,13.080379,11.080379,15.080379,noise,buy_from_mm,15.080379,-14,140.162064,-29.772909,1.960000,-31.732909
863,10.550614,12.215283,10.215283,14.215283,informed,none,0.000000,-14,140.162064,-7.546533,1.960000,-9.506533
864,10.195291,13.357141,11.357141,15.357141,noise,none,0.000000,-14,140.162064,-2.572008,1.960000,-4.532008
865,10.474417,7.355650,5.355650,9.355650,noise,none,0.000000,-14,140.162064,-6.479778,1.960000,-8.439778
866,9.816605,8.171847,6.171847,10.171847,noise,none,0.000000,-14,140.162064,2.729594,1.960000,0.769594
867,9.804259,10.385329,8.385329,12.385329,noise,none,0.000000,-14,140.162064,2.902439,1.960000,0.942439
868,9.701922,8.460481,6.460481,10.460481,noise,none,0.000000,-14,140.162064,4.335162,1.960000,2.375162
869,9.332990,11.441636,9.441636,13.441636,informed,sell_to_mm,9.441636,-13,130.720427,9.391563,1.690000,7.701563
870,9.127430,9.759724,7.759724,11.759724,noise,none,0.000000,-13,130.720427,12.063841,1.690000,10.373841
871,7.958220,10.167670,8.167670,12.167670,informed,sell_to_mm,8.167670,-12,122.552758,27.054119,1.440000,25.614119
872,8.230328,12.267637,10.267637,14.267637,noise,none,0.000000,-12,122.552758,23.788825,1.440000,22.348825
873,8.110711,8.862921,6.862921,10.862921,informed,none,0.000000,-12,122.552758,25.224226,1.440000,23.784226
874,8.188200,9.727757,7.727757,11.727757,informed,none,0.000000,-12,122.552758,24.294360,1.440000,22.854360
875,6.731083,3.192195,1.192195,5.192195,noise,none,0.000000,-12,122.552758,41.779760,1.440000,40.339760
876,6.049012,6.582546,4.582546,8.582546,informed,none,0.000000,-12,122.552758,49.964608,1.440000,48.524608
877,5.956760,5.861478,3.861478,7.861478,noise,sell_to_mm,3.861478,-11,118.691280,53.166919,1.210000,51.956919
878,7.417271,7.220097,5.220097,9.220097,noise,none,0.000000,-11,118.691280,37.101299,1.210000,35.891299
879,8.951436,4.504878,2.504878,6.504878,noise,buy_from_mm,6.504878,-12,125.196159,17.778926,1.440000,16.338926
880,8.750181,9.104347,7.104347,11.104347,noise,buy_from_mm,11.104347,-13,136.300505,22.548156,1.690000,20.858156
881,8.797030,8.574588,6.574588,10.574588,informed,none,0.000000,-13,136.300505,21.939122,1.690000,20.249122
882,8.937811,8.549261,6.549261,10.549261,informed,none,0.000000,-13,136.300505,20.108960,1.690000,18.418960
883,9.681661,9.097226,7.097226,11.097226,noise,sell_to_mm,7.097226,-12,129.203280,13.023353,1.440000,11.583353
884,9.207949,12.095258,10.095258,14.095258,informed,sell_to_mm,10.095258,-11,119.108022,17.820587,1.210000,16.610587
885,9.601990,9.628849,7.628849,11.628849,informed,none,0.000000,-11,119.108022,13.486134,1.210000,12.276134
886,10.335853,7.447666,5.447666,9.447666,noise,buy_from_mm,9.447666,-12,128.555688,4.525446,1.440000,3.085446
887,12.768193,11.820018,9.820018,13.820018,noise,none,0.000000,-12,128.555688,-24.662630,1.440000,-26.102630
888,12.817619,7.760263,5.760263,9.760263,informed,buy_from_mm,9.760263,-13,138.315951,-28.313089,1.690000,-30.003089
889,12.839471,16.642981,14.642981,18.642981,informed,sell_to_mm,14.642981,-12,123.672970,-30.400684,1.440000,-31.840684
890,12.487119,11.672847,9.672847,13.672847,noise,none,0.000000,-12,123.672970,-26.172458,1.440000,-27.612458
891,9.780491,10.034330,8.034330,12.034330,informed,none,0.000000,-12,123.672970,6.307075,1.440000,4.867075
892,8.898552,9.456581,7.456581,11.456581,informed,none,0.000000,-12,123.672970,16.890347,1.440000,15.450347
893,8.973713,12.261880,10.261880,14.261880,noise,none,0.000000,-12,123.672970,15.988414,1.440000,14.548414
894,9.601414,9.814053,7.814053,11.814053,noise,none,0.000000,-12,123.672970,8.456005,1.440000,7.016005
895,8.791790,4.417686,2.417686,6.417686,informed,buy_from_mm,6.417686,-13,130.090656,15.797391,1.690000,14.107391
896,9.391042,7.771461,5.771461,9.771461,noise,none,0.000000,-13,130.090656,8.007116,1.690000,6.317116
897,9.775538,9.722188,7.722188,11.722188,noise,none,0.000000,-13,130.090656,3.008661,1.690000,1.318661
898,11.310507,13.748072,11.748072,15.748072,informed,sell_to_mm,11.748072,-12,118.342584,-17.383506,1.440000,-18.823506
899,11.439256,8.710663,6.710663,10.710663,noise,none,0.000000,-12,118.342584,-18.928490,1.440000,-20.368490
900,9.428674,11.377863,9.377863,13.377863,informed,none,0.000000,-12,118.342584,5.198492,1.440000,3.758492
901,8.332078,3.853899,1.853899,5.853899,informed,buy_from_mm,5.853899,-13,124.196482,15.879471,1.690000,14.189471
902,7.498284,8.695468,6.695468,10.695468,noise,none,0.000000,-13,124.196482,26.718789,1.690000,25.028789
903,7.536385,6.558936,4.558936,8.558936,informed,none,0.000000,-13,124.196482,26.223475,1.690000,24.533475
904,8.065292,10.631820,8.631820,12.631820,noise,sell_to_mm,8.631820,-12,115.564662,18.781157,1.440000,17.341157
905,7.625128,7.873762,5.873762,9.873762,informed,none,0.000000,-12,115.564662,24.063124,1.440000,22.623124
906,7.373727,6.513295,4.513295,8.513295,noise,buy_from_mm,8.513295,-13,124.077958,28.219512,1.690000,26.529512
907,7.110060,4.039505,2.039505,6.039505,noise,buy_from_mm,6.039505,-14,130.117463,30.576619,1.960000,28.616619
908,7.987855,9.585909,7.585909,11.585909,noise,none,0.000000,-14,130.117463,18.287491,1.960000,16.327491
909,7.220134,4.148635,2.148635,6.148635,noise,none,0.000000,-14,130.117463,29.035581,1.960000,27.075581
910,7.631445,9.208851,7.208851,11.208851,informed,none,0.000000,-14,130.117463,23.277230,1.960000,21.317230
911,6.682505,8.962788,6.962788,10.962788,informed,sell_to_mm,6.962788,-13,123.154675,36.282106,1.690000,34.592106
912,6.876679,9.294659,7.294659,11.294659,noise,none,0.000000,-13,123.154675,33.757842,1.690000,32.067842
913,8.255460,6.897423,4.897423,8.897423,informed,none,0.000000,-13,123.154675,15.833694,1.690000,14.143694
914,8.162945,10.623119,8.623119,12.623119,noise,none,0.000000,-13,123.154675,17.036389,1.690000,15.346389
915,9.360337,9.652879,7.652879,11.652879,noise,none,0.000000,-13,123.154675,1.470289,1.690000,-0.219711
916,7.805909,6.516195,4.516195,8.516195,informed,none,0.000000,-13,123.154675,21.677864,1.690000,19.987864
917,9.436909,13.311290,11.311290,15.311290,noise,none,0.000000,-13,123.154675,0.474856,1.690000,-1.215144
918,8.130534,7.029250,5.029250,9.029250,informed,none,0.000000,-13,123.154675,17.457731,1.690000,15.767731
919,8.907678,9.620386,7.620386,11.620386,noise,none,0.000000,-13,123.154675,7.354858,1.690000,5.664858
920,9.512112,7.946416,5.946416,9.946416,informed,none,0.000000,-13,123.154675,-0.502785,1.690000,-2.192785
921,10.321499,12.622852,10.622852,14.622852,informed,sell_to_mm,10.622852,-12,112.531823,-11.326167,1.440000,-12.766167
922,10.417299,12.790298,10.790298,14.790298,noise,buy_from_mm,14.790298,-13,127.322121,-8.102763,1.690000,-9.792763
923,10.628889,14.047333,12.047333,16.047333,noise,buy_from_mm,16.047333,-14,143.369455,-5.434988,1.960000,-7.394988
924,10.115343,9.777226,7.777226,11.777226,noise,buy_from_mm,11.777226,-15,155.146681,3.416540,2.250000,1.166540
925,9.572941,6.540505,4.540505,8.540505,noise,none,0.000000,-15,155.146681,11.552558,2.250000,9.302558
926,10.213928,10.854735,8.854735,12.854735,noise,none,0.000000,-15,155.146681,1.937754,2.250000,-0.312246
927,9.855491,15.321839,13.321839,17.321839,noise,none,0.000000,-15,155.146681,7.314319,2.250000,5.064319
928,8.004357,7.649787,5.649787,9.649787,noise,buy_from_mm,9.649787,-16,164.796468,36.726761,2.560000,34.166761
929,6.550545,7.885817,5.885817,9.885817,informed,none,0.000000,-16,164.796468,59.987740,2.560000,57.427740
930,7.343734,7.798153,5.798153,9.798153,noise,none,0.000000,-16,164.796468,47.296726,2.560000,44.736726
931,5.811333,3.434696,1.434696,5.434696,noise,buy_from_mm,5.434696,-17,170.231165,71.438501,2.890000,68.548501
932,4.984280,5.031070,3.031070,7.031070,noise,none,0.000000,-17,170.231165,85.498400,2.890000,82.608400
933,7.997053,6.220796,4.220796,8.220796,noise,none,0.000000,-17,170.231165,34.281258,2.890000,31.391258
934,8.537557,7.385815,5.385815,9.385815,noise,none,0.000000,-17,170.231165,25.092694,2.890000,22.202694
935,7.593345,7.469013,5.469013,9.469013,noise,sell_to_mm,5.469013,-16,164.762152,43.268632,2.560000,40.708632
936,6.229716,7.054210,5.054210,9.054210,noise,sell_to_mm,5.054210,-15,159.707942,66.262206,2.250000,64.012206
937,8.789939,6.644032,4.644032,8.644032,noise,none,0.000000,-15,159.707942,27.858852,2.250000,25.608852
938,7.956687,12.769458,10.769458,14.769458,noise,none,0.000000,-15,159.707942,40.357642,2.250000,38.107642
939,8.003084,12.083791,10.083791,14.083791,informed,sell_to_mm,10.083791,-14,149.624151,37.580969,1.960000,35.620969
940,6.985086,10.874400,8.874400,12.874400,noise,buy_from_mm,12.874400,-15,162.498550,57.722262,2.250000,55.472262
941,6.390792,6.645956,4.645956,8.645956,informed,none,0.000000,-15,162.498550,66.636671,2.250000,64.386671
942,4.992648,5.753938,3.753938,7.753938,noise,none,0.000000,-15,162.498550,87.608833,2.250000,85.358833
943,4.069210,4.926813,2.926813,6.926813,informed,none,0.000000,-15,162.498550,101.460406,2.250000,99.210406
944,2.400401,2.659705,0.659705,4.659705,noise,none,0.000000,-15,162.498550,126.492542,2.250000,124.242542
945,2.716288,1.670622,-0.329378,3.670622,noise,none,0.000000,-15,162.498550,121.754226,2.250000,119.504226
946,2.469861,1.161652,-0.838348,3.161652,noise,none,0.000000,-15,162.498550,125.450635,2.250000,123.200635
947,1.729087,4.301484,2.301484,6.301484,noise,none,0.000000,-15,162.498550,136.562241,2.250000,134.312241
948,2.859450,0.385566,-1.614434,2.385566,informed,buy_from_mm,2.385566,-16,164.884117,119.132909,2.560000,116.572909
949,2.875770,3.640728,1.640728,5.640728,noise,buy_from_mm,5.640728,-17,170.524845,121.636748,2.890000,118.746748
950,2.527231,1.356648,-0.643352,3.356648,informed,none,0.000000,-17,170.524845,127.561921,2.890000,124.671921
951,2.263377,0.454711,-1.545289,2.454711,informed,none,0.000000,-17,170.524845,132.047443,2.890000,129.157443
952,0.917959,-1.503464,-3.503464,0.496536,noise,none,0.000000,-17,170.524845,154.919535,2.890000,152.029535
953,1.264677,-0.467524,-2.467524,1.532476,informed,none,0.000000,-17,170.524845,149.025330,2.890000,146.135330
954,3.302143,1.246089,-0.753911,3.246089,noise,none,0.000000,-17,170.524845,114.388419,2.890000,111.498419
955,2.652617,4.658578,2.658578,6.658578,informed,sell_to_mm,2.658578,-16,167.866267,125.424393,2.560000,122.864393
956,2.012610,2.494044,0.494044,4.494044,noise,none,0.000000,-16,167.866267,135.664506,2.560000,133.104506
957,0.974358,0.335694,-1.664306,2.335694,informed,none,0.000000,-16,167.866267,152.276538,2.560000,149.716538
958,1.939395,-0.656475,-2.656475,1.343525,informed,buy_from_mm,1.343525,-17,169.209793,136.240084,2.890000,133.350084
959,1.855976,1.302359,-0.697641,3.302359,informed,none,0.000000,-17,169.209793,137.658202,2.890000,134.768202
960,0.429364,0.552750,-1.447250,2.552750,noise,none,0.000000,-17,169.209793,161.910606,2.890000,159.020606
961,1.520426,0.565519,-1.434481,2.565519,informed,none,0.000000,-17,169.209793,143.362551,2.890000,140.472551
962,0.970265,1.421957,-0.578043,3.421957,noise,none,0.000000,-17,169.209793,152.715284,2.890000,149.825284
963,-0.552966,1.398323,-0.601677,3.398323,noise,none,0.000000,-17,169.209793,178.610220,2.890000,175.720220
964,-0.437043,-1.552759,-3.552759,0.447241,noise,none,0.000000,-17,169.209793,176.639521,2.890000,173.749521
965,-1.180068,-2.772282,-4.772282,-0.772282,informed,none,0.000000,-17,169.209793,189.270955,2.890000,186.380955
966,-2.646098,1.872100,-0.127900,3.872100,noise,none,0.000000,-17,169.209793,214.193462,2.890000,211.303462
967,-2.531920,-4.363508,-6.363508,-2.363508,informed,none,0.000000,-17,169.209793,212.252425,2.890000,209.362425
968,-2.670445,1.414804,-0.585196,3.414804,noise,none,0.000000,-17,169.209793,214.607363,2.890000,211.717363
969,-2.426470,-0.370480,-2.370480,1.629520,informed,sell_to_mm,-2.370480,-16,171.580272,210.403800,2.560000,207.843800
970,-2.892789,-0.939505,-2.939505,1.060495,noise,buy_from_mm,1.060495,-17,172.640768,221.818179,2.890000,218.928179
971,-3.063120,-3.478119,-5.478119,-1.478119,noise,none,0.000000,-17,172.640768,224.713808,2.890000,221.823808
972,-2.613783,-1.961858,-3.961858,0.038142,informed,none,0.000000,-17,172.640768,217.075075,2.890000,214.185075
973,-1.408919,-4.771240,-6.771240,-2.771240,noise,buy_from_mm,-2.771240,-18,169.869527,195.230075,3.240000,191.990075
974,-2.087895,-2.745855,-4.745855,-0.745855,noise,none,0.000000,-18,169.869527,207.451637,3.240000,204.211637
975,-3.114783,-3.907256,-5.907256,-1.907256,informed,none,0.000000,-18,169.869527,225.935628,3.240000,222.695628
976,-1.420273,3.348976,1.348976,5.348976,noise,none,0.000000,-18,169.869527,195.434449,3.240000,192.194449
977,-0.164251,-1.748354,-3.748354,0.251646,noise,buy_from_mm,0.251646,-19,170.121173,173.241934,3.610000,169.631934
978,0.901041,-0.476208,-2.476208,1.523792,noise,none,0.000000,-19,170.121173,153.001402,3.610000,149.391402
979,0.841534,-2.223448,-4.223448,-0.223448,informed,buy_from_mm,-0.223448,-20,169.897725,153.067054,4.000000,149.067054
980,2.986754,1.227303,-0.772697,3.227303,noise,none,0.000000,-20,169.897725,110.162636,4.000000,106.162636
981,3.699720,3.129955,1.129955,5.129955,noise,none,0.000000,-20,169.897725,95.903329,4.000000,91.903329
982,3.992935,6.828195,4.828195,8.828195,noise,sell_to_mm,4.828195,-19,165.069531,89.203768,3.610000,85.593768
983,2.435697,-1.208088,-3.208088,0.791912,informed,buy_from_mm,0.791912,-20,165.861442,117.147504,4.000000,113.147504
984,2.565935,7.165769,5.165769,9.165769,informed,sell_to_mm,5.165769,-19,160.695674,111.942900,3.610000,108.332900
985,2.436619,3.521317,1.521317,5.521317,noise,sell_to_mm,1.521317,-18,159.174357,115.315218,3.240000,112.075218
986,2.884369,1.244189,-0.755811,3.244189,informed,none,0.000000,-18,159.174357,107.255711,3.240000,104.015711
987,3.663285,3.138703,1.138703,5.138703,noise,none,0.000000,-18,159.174357,93.235225,3.240000,89.995225
988,2.165124,1.068445,-0.931555,3.068445,noise,none,0.000000,-18,159.174357,120.202127,3.240000,116.962127
989,2.874159,2.765685,0.765685,4.765685,noise,none,0.000000,-18,159.174357,107.439498,3.240000,104.199498
990,2.976761,5.421482,3.421482,7.421482,noise,none,0.000000,-18,159.174357,105.592661,3.240000,102.352661
991,2.274695,-2.346315,-4.346315,-0.346315,noise,none,0.000000,-18,159.174357,118.229855,3.240000,114.989855
992,2.827955,4.006957,2.006957,6.006957,informed,none,0.000000,-18,159.174357,108.271163,3.240000,105.031163
993,2.984004,3.371284,1.371284,5.371284,noise,none,0.000000,-18,159.174357,105.462288,3.240000,102.222288
994,4.065610,6.029500,4.029500,8.029500,noise,none,0.000000,-18,159.174357,85.993378,3.240000,82.753378
995,3.725173,2.752627,0.752627,4.752627,noise,none,0.000000,-18,159.174357,92.121248,3.240000,88.881248
996,2.338340,1.751405,-0.248595,3.751405,noise,buy_from_mm,3.751405,-19,162.925763,118.497307,3.610000,114.887307
997,1.984187,3.839811,1.839811,5.839811,informed,none,0.000000,-19,162.925763,125.226219,3.610000,121.616219
998,4.440106,8.217278,6.217278,10.217278,noise,buy_from_mm,10.217278,-20,173.143040,84.340922,4.000000,80.340922
999,4.167940,1.384177,-0.615823,3.384177,noise,sell_to_mm,-0.615823,-19,173.758863,94.568004,3.610000,90.958004
1000,4.216319,1.853836,-0.146164,3.853836,noise,buy_from_mm,3.853836,-20,177.612699,93.286322,4.000000,89.286322
1001,3.221130,1.999664,-0.000336,3.999664,noise,sell_to_mm,-0.000336,-19,177.613034,116.411570,3.610000,112.801570
1002,1.228905,0.961074,-1.038926,2.961074,informed,none,0.000000,-19,177.613034,154.263848,3.610000,150.653848
1003,0.937886,2.467530,0.467530,4.467530,noise,none,0.000000,-19,177.613034,159.793207,3.610000,156.183207
1004,2.472561,3.729658,1.729658,5.729658,noise,none,0.000000,-19,177.613034,130.634369,3.610000,127.024369
1005,2.737241,3.765520,1.765520,5.765520,informed,none,0.000000,-19,177.613034,125.605450,3.610000,121.995450
1006,4.300751,1.994203,-0.005797,3.994203,noise,none,0.000000,-19,177.613034,95.898767,3.610000,92.288767
1007,5.479237,5.735635,3.735635,7.735635,informed,none,0.000000,-19,177.613034,73.507526,3.610000,69.897526
1008,4.338711,2.534601,0.534601,4.534601,noise,none,0.000000,-19,177.613034,95.177524,3.610000,91.567524
1009,3.956485,0.918860,-1.081140,2.918860,noise,buy_from_mm,2.918860,-20,180.531895,101.402196,4.000000,97.402196
1010,3.923003,0.603204,-1.396796,2.603204,noise,none,0.000000,-20,180.531895,102.071841,4.000000,98.071841
1011,3.750837,5.152260,3.152260,7.152260,noise,none,0.000000,-20,180.531895,105.515149,4.000000,101.515149
1012,4.751915,4.416453,2.416453,6.416453,noise,none,0.000000,-20,180.531895,85.493599,4.000000,81.493599
1013,5.631548,3.127949,1.127949,5.127949,noise,none,0.000000,-20,180.531895,67.900940,4.000000,63.900940
1014,4.864706,2.847003,0.847003,4.847003,noise,none,0.000000,-20,180.531895,83.237777,4.000000,79.237777
1015,5.066317,3.710247,1.710247,5.710247,informed,none,0.000000,-20,180.531895,79.205562,4.000000,75.205562
1016,4.787770,4.443296,2.443296,6.443296,informed,none,0.000000,-20,180.531895,84.776498,4.000000,80.776498
1017,4.832453,5.724359,3.724359,7.724359,informed,none,0.000000,-20,180.531895,83.882833,4.000000,79.882833
1018,3.374352,4.421588,2.421588,6.421588,informed,none,0.000000,-20,180.531895,113.044860,4.000000,109.044860
1019,1.867464,2.624316,0.624316,4.624316,noise,none,0.000000,-20,180.531895,143.182614,4.000000,139.182614
1020,1.287827,-0.584882,-2.584882,1.415118,informed,none,0.000000,-20,180.531895,154.775352,4.000000,150.775352
1021,-0.089082,2.008783,0.008783,4.008783,informed,sell_to_mm,0.008783,-19,180.523112,182.215672,3.610000,178.605672
1022,-1.158326,0.463091,-1.536909,2.463091,noise,buy_from_mm,2.463091,-20,182.986203,206.152718,4.000000,202.152718
1023,-2.702210,-2.415878,-4.415878,-0.415878,noise,none,0.000000,-20,182.986203,237.030405,4.000000,233.030405
1024,-2.445618,-8.849446,-10.849446,-6.849446,noise,none,0.000000,-20,182.986203,231.898567,4.000000,227.898567
1025,-1.992503,-4.443147,-6.443147,-2.443147,noise,buy_from_mm,-2.443147,-21,180.543055,222.385611,4.410000,217.975611
1026,-3.086538,-2.833578,-4.833578,-0.833578,noise,none,0.000000,-21,180.543055,245.360348,4.410000,240.950348
1027,-5.050818,-5.177486,-7.177486,-3.177486,noise,none,0.000000,-21,180.543055,286.610239,4.410000,282.200239
1028,-3.538239,-2.395317,-4.395317,-0.395317,informed,none,0.000000,-21,180.543055,254.846080,4.410000,250.436080
1029,-3.085291,-2.137642,-4.137642,-0.137642,noise,sell_to_mm,-4.137642,-20,184.680697,246.386526,4.000000,242.386526
1030,-3.911400,-5.881959,-7.881959,-3.881959,noise,none,0.000000,-20,184.680697,262.908695,4.000000,258.908695
1031,-3.533732,-6.102268,-8.102268,-4.102268,noise,none,0.000000,-20,184.680697,255.355340,4.000000,251.355340
1032,-5.629816,-4.636105,-6.636105,-2.636105,noise,sell_to_mm,-6.636105,-19,191.316802,298.283315,3.610000,294.673315
1033,-4.789045,-2.639953,-4.639953,-0.639953,informed,sell_to_mm,-4.639953,-18,195.956755,282.159565,3.240000,278.919565
1034,-4.307134,-4.765483,-6.765483,-2.765483,noise,none,0.000000,-18,195.956755,273.485172,3.240000,270.245172
1035,-2.815534,0.958422,-1.041578,2.958422,noise,none,0.000000,-18,195.956755,246.636370,3.240000,243.396370
1036,-3.614151,-3.304839,-5.304839,-1.304839,noise,sell_to_mm,-5.304839,-17,201.261594,262.702162,2.890000,259.812162
1037,-3.910215,-3.418214,-5.418214,-1.418214,informed,none,0.000000,-17,201.261594,267.735256,2.890000,264.845256
1038,-2.740391,-5.649124,-7.649124,-3.649124,informed,buy_from_mm,-3.649124,-18,197.612471,246.939505,3.240000,243.699505
1039,-2.687569,-2.126021,-4.126021,-0.126021,noise,sell_to_mm,-4.126021,-17,201.738492,247.427168,2.890000,244.537168
1040,-2.299421,-3.411552,-5.411552,-1.411552,noise,buy_from_mm,-1.411552,-18,200.326940,241.716519,3.240000,238.476519
1041,-2.406501,-6.007263,-8.007263,-4.007263,noise,buy_from_mm,-4.007263,-19,196.319677,242.043189,3.610000,238.433189
1042,-1.674614,-3.981365,-5.981365,-1.981365,informed,buy_from_mm,-1.981365,-20,194.338312,227.830582,4.000000,223.830582
1043,-0.220766,-0.028744,-2.028744,1.971256,noise,buy_from_mm,1.971256,-21,196.309568,200.945645,4.410000,196.535645
1044,1.298141,2.113924,0.113924,4.113924,informed,none,0.000000,-21,196.309568,169.048611,4.410000,164.638611
1045,2.402199,3.768998,1.768998,5.768998,noise,none,0.000000,-21,196.309568,145.863389,4.410000,141.453389
1046,2.762370,4.922038,2.922038,6.922038,noise,none,0.000000,-21,196.309568,138.299795,4.410000,133.889795
1047,2.642731,4.649684,2.649684,6.649684,noise,sell_to_mm,2.649684,-20,193.659884,140.805272,4.000000,136.805272
1048,1.683584,2.111194,0.111194,4.111194,informed,none,0.000000,-20,193.659884,159.988205,4.000000,155.988205
1049,0.213257,1.965246,-0.034754,3.965246,informed,none,0.000000,-20,193.659884,189.394738,4.000000,185.394738
1050,-1.053036,2.817281,0.817281,4.817281,noise,none,0.000000,-20,193.659884,214.720612,4.000000,210.720612
1051,-0.333566,-1.383450,-3.383450,0.616550,noise,none,0.000000,-20,193.659884,200.331210,4.000000,196.331210
1052,-0.640224,0.593927,-1.406073,2.593927,noise,none,0.000000,-20,193.659884,206.464358,4.000000,202.464358
1053,-2.317949,-2.904415,-4.904415,-0.904415,noise,none,0.000000,-20,193.659884,240.018864,4.000000,236.018864
1054,-2.711035,-3.090323,-5.090323,-1.090323,noise,none,0.000000,-20,193.659884,247.880593,4.000000,243.880593
1055,-2.238828,-2.452266,-4.452266,-0.452266,noise,sell_to_mm,-4.452266,-19,198.112150,240.649878,3.610000,237.039878
1056,-2.858371,-3.223814,-5.223814,-1.223814,noise,none,0.000000,-19,198.112150,252.421194,3.610000,248.811194
1057,-2.271636,-5.206065,-7.206065,-3.206065,informed,buy_from_mm,-3.206065,-20,194.906085,240.338805,4.000000,236.338805
1058,-0.527435,-0.372312,-2.372312,1.627688,noise,none,0.000000,-20,194.906085,205.454794,4.000000,201.454794
1059,-0.554255,0.332472,-1.667528,2.332472,noise,none,0.000000,-20,194.906085,205.991175,4.000000,201.991175
1060,-0.001533,-0.957625,-2.957625,1.042375,noise,buy_from_mm,1.042375,-21,195.948461,195.980649,4.410000,191.570649
1061,0.284908,0.965843,-1.034157,2.965843,noise,none,0.000000,-21,195.948461,189.965390,4.410000,185.555390
1062,1.640167,-6.697616,-8.697616,-4.697616,informed,buy_from_mm,-4.697616,-22,191.250844,155.167165,4.840000,150.327165
1063,0.015967,-0.073487,-2.073487,1.926513,noise,none,0.000000,-22,191.250844,190.899563,4.840000,186.059563
1064,0.589850,2.947598,0.947598,4.947598,noise,none,0.000000,-22,191.250844,178.274148,4.840000,173.434148
1065,0.663056,1.821369,-0.178631,3.821369,noise,sell_to_mm,-0.178631,-21,191.429476,177.505305,4.410000,173.095305
1066,-0.879669,-3.448641,-5.448641,-1.448641,informed,buy_from_mm,-1.448641,-22,189.980834,209.333563,4.840000,204.493563
1067,-0.562267,-0.138179,-2.138179,1.861821,informed,none,0.000000,-22,189.980834,202.350700,4.840000,197.510700
1068,1.396700,0.624725,-1.375275,2.624725,noise,none,0.000000,-22,189.980834,159.253430,4.840000,154.413430
1069,2.325131,1.738589,-0.261411,3.738589,informed,none,0.000000,-22,189.980834,138.827946,4.840000,133.987946
1070,1.631884,5.711044,3.711044,7.711044,informed,sell_to_mm,3.711044,-21,186.269790,152.000229,4.410000,147.590229
1071,3.264661,3.513453,1.513453,5.513453,noise,none,0.000000,-21,186.269790,117.711915,4.410000,113.301915
1072,2.154871,3.784497,1.784497,5.784497,noise,none,0.000000,-21,186.269790,141.017489,4.410000,136.607489
1073,2.967222,3.484685,1.484685,5.484685,noise,none,0.000000,-21,186.269790,123.958129,4.410000,119.548129
1074,2.162755,0.322666,-1.677334,2.322666,informed,none,0.000000,-21,186.269790,140.851941,4.410000,136.441941
1075,1.141537,-0.940665,-2.940665,1.059335,informed,buy_from_mm,1.059335,-22,187.329125,162.215308,4.840000,157.375308
1076,-0.403692,-2.963635,-4.963635,-0.963635,noise,sell_to_mm,-4.963635,-21,192.292760,200.770291,4.410000,196.360291
1077,-0.310016,-1.575573,-3.575573,0.424427,noise,sell_to_mm,-3.575573,-20,195.868333,202.068645,4.000000,198.068645
1078,-0.856396,-3.640574,-5.640574,-1.640574,informed,buy_from_mm,-1.640574,-21,194.227759,212.212075,4.410000,207.802075
1079,-0.019118,-0.756631,-2.756631,1.243369,noise,none,0.000000,-21,194.227759,194.629227,4.410000,190.219227
1080,0.053387,1.846576,-0.153424,3.846576,informed,none,0.000000,-21,194.227759,193.106639,4.410000,188.696639
1081,-0.466781,-0.796666,-2.796666,1.203334,noise,sell_to_mm,-2.796666,-20,197.024425,206.360042,4.000000,202.360042
1082,-1.179297,-0.688703,-2.688703,1.311297,informed,none,0.000000,-20,197.024425,220.610371,4.000000,216.610371
1083,-1.105369,-2.586958,-4.586958,-0.586958,informed,none,0.000000,-20,197.024425,219.131799,4.000000,215.131799
1084,-1.850978,-2.908306,-4.908306,-0.908306,noise,none,0.000000,-20,197.024425,234.043991,4.000000,230.043991
1085,-2.286166,-3.170786,-5.170786,-1.170786,informed,none,0.000000,-20,197.024425,242.747746,4.000000,238.747746
1086,-1.585702,-0.943835,-2.943835,1.056165,noise,none,0.000000,-20,197.024425,228.738459,4.000000,224.738459
1087,-0.958988,-4.432016,-6.432016,-2.432016,noise,none,0.000000,-20,197.024425,216.204194,4.000000,212.204194
1088,-2.595779,-0.696259,-2.696259,1.303741,noise,buy_from_mm,1.303741,-21,198.328166,252.839534,4.410000,248.429534
1089,-2.158989,-2.105361,-4.105361,-0.105361,noise,none,0.000000,-21,198.328166,243.666928,4.410000,239.256928
1090,-2.566572,-9.962640,-11.962640,-7.962640,noise,none,0.000000,-21,198.328166,252.226169,4.410000,247.816169
1091,-2.122161,-4.860274,-6.860274,-2.860274,noise,none,0.000000,-21,198.328166,242.893538,4.410000,238.483538
1092,-2.025255,1.869290,-0.130710,3.869290,noise,buy_from_mm,3.869290,-22,202.197456,246.753062,4.840000,241.913062
1093,-1.281310,2.843002,0.843002,4.843002,noise,buy_from_mm,4.843002,-23,207.040457,236.510598,5.290000,231.220598
1094,-2.156052,-0.889179,-2.889179,1.110821,noise,none,0.000000,-23,207.040457,256.629662,5.290000,251.339662
1095,-2.476688,-1.783229,-3.783229,0.216771,noise,none,0.000000,-23,207.040457,264.004275,5.290000,258.714275
1096,-2.319433,-0.263392,-2.263392,1.736608,noise,none,0.000000,-23,207.040457,260.387409,5.290000,255.097409
1097,-2.914314,-2.206124,-4.206124,-0.206124,noise,none,0.000000,-23,207.040457,274.069688,5.290000,268.779688
1098,-3.999154,-7.551325,-9.551325,-5.551325,noise,none,0.000000,-23,207.040457,299.020995,5.290000,293.730995
1099,-4.381811,-5.096236,-7.096236,-3.096236,noise,none,0.000000,-23,207.040457,307.822111,5.290000,302.532111
1100,-4.928071,-4.507864,-6.507864,-2.507864,noise,none,0.000000,-23,207.040457,320.386085,5.290000,315.096085
1101,-6.378262,-4.322781,-6.322781,-2.322781,informed,sell_to_mm,-6.322781,-22,213.363238,353.685009,4.840000,348.845009
1102,-5.886945,-7.437754,-9.437754,-5.437754,noise,none,0.000000,-22,213.363238,342.876027,4.840000,338.036027
1103,-5.695473,-6.712659,-8.712659,-4.712659,noise,none,0.000000,-22,213.363238,338.663652,4.840000,333.823652
1104,-7.033601,-9.414193,-11.414193,-7.414193,noise,none,0.000000,-22,213.363238,368.102462,4.840000,363.262462
1105,-7.629190,-6.113621,-8.113621,-4.113621,noise,none,0.000000,-22,213.363238,381.205424,4.840000,376.365424
1106,-8.171925,-6.030803,-8.030803,-4.030803,noise,none,0.000000,-22,213.363238,393.145586,4.840000,388.305586
1107,-7.890097,-7.509514,-9.509514,-5.509514,informed,none,0.000000,-22,213.363238,386.945383,4.840000,382.105383
1108,-8.684882,-8.432564,-10.432564,-6.432564,noise,none,0.000000,-22,213.363238,404.430640,4.840000,399.590640
1109,-8.977458,-9.422806,-11.422806,-7.422806,informed,none,0.000000,-22,213.363238,410.867314,4.840000,406.027314
1110,-7.620088,-7.438831,-9.438831,-5.438831,informed,none,0.000000,-22,213.363238,381.005170,4.840000,376.165170
1111,-7.371326,-5.608029,-7.608029,-3.608029,noise,none,0.000000,-22,213.363238,375.532404,4.840000,370.692404
1112,-8.405161,-10.869493,-12.869493,-8.869493,informed,buy_from_mm,-8.869493,-23,204.493746,397.812448,5.290000,392.522448
1113,-8.326328,-8.341817,-10.341817,-6.341817,noise,none,0.000000,-23,204.493746,395.999286,5.290000,390.709286
1114,-6.633546,-7.200119,-9.200119,-5.200119,informed,none,0.000000,-23,204.493746,357.065315,5.290000,351.775315
1115,-5.186522,-3.004525,-5.004525,-1.004525,informed,sell_to_mm,-5.004525,-22,209.498271,323.601746,4.840000,318.761746
1116,-3.678571,-3.186656,-5.186656,-1.186656,noise,buy_from_mm,-1.186656,-23,208.311615,292.918754,5.290000,287.628754
1117,-3.801889,-4.378330,-6.378330,-2.378330,informed,none,0.000000,-23,208.311615,295.755071,5.290000,290.465071
1118,-1.822213,-3.192733,-5.192733,-1.192733,noise,none,0.000000,-23,208.311615,250.222505,5.290000,244.932505
1119,-1.842294,-0.814275,-2.814275,1.185725,informed,none,0.000000,-23,208.311615,250.684375,5.290000,245.394375
1120,-0.742424,2.253271,0.253271,4.253271,noise,buy_from_mm,4.253271,-24,212.564886,230.383059,5.760000,224.623059
1121,-1.440571,1.508454,-0.491546,3.508454,informed,sell_to_mm,-0.491546,-23,213.056432,246.189565,5.290000,240.899565
1122,0.690090,-0.685432,-2.685432,1.314568,noise,none,0.000000,-23,213.056432,197.184364,5.290000,191.894364
1123,0.267408,-2.299458,-4.299458,-0.299458,noise,none,0.000000,-23,213.056432,206.906043,5.290000,201.616043
1124,0.597578,2.018231,0.018231,4.018231,informed,none,0.000000,-23,213.056432,199.312130,5.290000,194.022130
1125,0.323347,-0.541057,-2.541057,1.458943,informed,none,0.000000,-23,213.056432,205.619446,5.290000,200.329446
1126,0.897321,0.173366,-1.826634,2.173366,noise,none,0.000000,-23,213.056432,192.418051,5.290000,187.128051
1127,1.347273,2.601735,0.601735,4.601735,informed,none,0.000000,-23,213.056432,182.069156,5.290000,176.779156
1128,1.492991,3.209100,1.209100,5.209100,noise,none,0.000000,-23,213.056432,178.717646,5.290000,173.427646
1129,0.135908,1.446252,-0.553748,3.446252,informed,none,0.000000,-23,213.056432,209.930550,5.290000,204.640550
1130,-1.245041,3.261001,1.261001,5.261001,informed,sell_to_mm,1.261001,-22,211.795431,239.186342,4.840000,234.346342
1131,-0.315834,-2.391245,-4.391245,-0.391245,informed,buy_from_mm,-0.391245,-23,211.404185,218.668373,5.290000,213.378373
1132,1.435064,3.837487,1.837487,5.837487,noise,buy_from_mm,5.837487,-24,217.241672,182.800145,5.760000,177.040145
1133,1.902567,0.423002,-1.576998,2.423002,noise,none,0.000000,-24,217.241672,171.580075,5.760000,165.820075
1134,2.350049,-0.309691,-2.309691,1.690309,informed,buy_from_mm,1.690309,-25,218.931982,160.180760,6.250000,153.930760
1135,2.743286,1.166336,-0.833664,3.166336,noise,sell_to_mm,-0.833664,-24,219.765645,153.926782,5.760000,148.166782
1136,2.038074,0.571218,-1.428782,2.571218,informed,none,0.000000,-24,219.765645,170.851870,5.760000,165.091870
1137,1.948204,1.527735,-0.472265,3.527735,informed,none,0.000000,-24,219.765645,173.008757,5.760000,167.248757
1138,3.067711,2.021066,0.021066,4.021066,noise,none,0.000000,-24,219.765645,146.140587,5.760000,140.380587
1139,1.913949,2.745969,0.745969,4.745969,informed,none,0.000000,-24,219.765645,173.830863,5.760000,168.070863
1140,2.521059,0.700662,-1.299338,2.700662,noise,none,0.000000,-24,219.765645,159.260222,5.760000,153.500222
1141,1.034560,-1.506640,-3.506640,0.493360,informed,buy_from_mm,0.493360,-25,220.259005,194.395009,6.250000,188.145009
1142,1.273378,-1.310266,-3.310266,0.689734,noise,sell_to_mm,-3.310266,-24,223.569271,193.008211,5.760000,187.248211
1143,-0.136405,-3.964559,-5.964559,-1.964559,noise,sell_to_mm,-5.964559,-23,229.533830,232.671140,5.290000,227.381140
1144,-2.239795,0.442160,-1.557840,2.442160,informed,sell_to_mm,-1.557840,-22,231.091671,280.367162,4.840000,275.527162
1145,-0.516879,-0.587109,-2.587109,1.412891,noise,none,0.000000,-22,231.091671,242.463002,4.840000,237.623002
1146,-0.497208,-0.715783,-2.715783,1.284217,informed,none,0.000000,-22,231.091671,242.030237,4.840000,237.190237
1147,0.197203,0.332286,-1.667714,2.332286,informed,none,0.000000,-22,231.091671,226.753208,4.840000,221.913208
1148,0.025415,0.266473,-1.733527,2.266473,informed,none,0.000000,-22,231.091671,230.532549,4.840000,225.692549
1149,0.580809,-0.246983,-2.246983,1.753017,noise,sell_to_mm,-2.246983,-21,233.338653,221.141662,4.410000,216.731662
1150,1.270106,-0.589888,-2.589888,1.410112,noise,none,0.000000,-21,233.338653,206.666418,4.410000,202.256418
1151,0.699804,3.720011,1.720011,5.720011,informed,sell_to_mm,1.720011,-20,231.618642,217.622564,4.000000,213.622564
1152,0.758236,-0.278088,-2.278088,1.721912,noise,none,0.000000,-20,231.618642,216.453918,4.000000,212.453918
1153,1.458492,2.216543,0.216543,4.216543,informed,none,0.000000,-20,231.618642,202.448801,4.000000,198.448801
1154,1.280292,0.858106,-1.141894,2.858106,noise,none,0.000000,-20,231.618642,206.012801,4.000000,202.012801
1155,0.585223,-0.586751,-2.586751,1.413249,informed,none,0.000000,-20,231.618642,219.914178,4.000000,215.914178
1156,0.633908,2.512295,0.512295,4.512295,noise,none,0.000000,-20,231.618642,218.940483,4.000000,214.940483
1157,1.642587,2.474085,0.474085,4.474085,informed,none,0.000000,-20,231.618642,198.766905,4.000000,194.766905
1158,0.900995,1.362603,-0.637397,3.362603,noise,none,0.000000,-20,231.618642,213.598746,4.000000,209.598746
1159,1.375945,0.351518,-1.648482,2.351518,noise,none,0.000000,-20,231.618642,204.099752,4.000000,200.099752
1160,0.842420,2.728583,0.728583,4.728583,noise,none,0.000000,-20,231.618642,214.770249,4.000000,210.770249
1161,0.682633,3.578211,1.578211,5.578211,noise,none,0.000000,-20,231.618642,217.965990,4.000000,213.965990
1162,0.945662,-1.242195,-3.242195,0.757805,noise,buy_from_mm,0.757805,-21,232.376447,212.517547,4.410000,208.107547
1163,1.349316,3.071378,1.071378,5.071378,informed,none,0.000000,-21,232.376447,204.040805,4.410000,199.630805
1164,1.213009,1.202300,-0.797700,3.202300,noise,none,0.000000,-21,232.376447,206.903255,4.410000,202.493255
1165,-0.418352,-0.364952,-2.364952,1.635048,informed,none,0.000000,-21,232.376447,241.161834,4.410000,236.751834
1166,-1.574197,-0.982126,-2.982126,1.017874,noise,none,0.000000,-21,232.376447,265.434584,4.410000,261.024584
1167,0.384236,-1.727024,-3.727024,0.272976,informed,buy_from_mm,0.272976,-22,232.649423,224.196235,4.840000,219.356235
1168,0.461821,-0.200530,-2.200530,1.799470,noise,none,0.000000,-22,232.649423,222.489355,4.840000,217.649355
1169,-0.131484,-2.229976,-4.229976,-0.229976,informed,buy_from_mm,-0.229976,-23,232.419447,235.443578,5.290000,230.153578
1170,-0.241569,-2.187609,-4.187609,-0.187609,informed,none,0.000000,-23,232.419447,237.975536,5.290000,232.685536
1171,1.011638,0.442355,-1.557645,2.442355,noise,buy_from_mm,2.442355,-24,234.861802,210.582488,5.760000,204.822488
1172,0.485779,-4.610282,-6.610282,-2.610282,noise,none,0.000000,-24,234.861802,223.203094,5.760000,217.443094
1173,0.649294,1.205951,-0.794049,3.205951,informed,none,0.000000,-24,234.861802,219.278748,5.760000,213.518748
1174,0.058226,-0.330300,-2.330300,1.669700,informed,none,0.000000,-24,234.861802,233.464374,5.760000,227.704374
1175,-0.044521,5.277224,3.277224,7.277224,informed,sell_to_mm,3.277224,-23,231.584578,232.608557,5.290000,227.318557
1176,0.425369,1.135605,-0.864395,3.135605,noise,none,0.000000,-23,231.584578,221.801101,5.290000,216.511101
1177,1.023711,1.866025,-0.133975,3.866025,noise,none,0.000000,-23,231.584578,208.039226,5.290000,202.749226
1178,1.814710,0.844104,-1.155896,2.844104,noise,buy_from_mm,2.844104,-24,234.428682,190.875630,5.760000,185.115630
1179,0.413205,3.167173,1.167173,5.167173,informed,sell_to_mm,1.167173,-23,233.261509,223.757799,5.290000,218.467799
1180,1.081385,3.208064,1.208064,5.208064,informed,sell_to_mm,1.208064,-22,232.053445,208.262966,4.840000,203.422966
1181,-0.046607,0.741492,-1.258508,2.741492,noise,none,0.000000,-22,232.053445,233.078794,4.840000,228.238794
1182,0.564167,1.754524,-0.245476,3.754524,informed,none,0.000000,-22,232.053445,219.641779,4.840000,214.801779
1183,3.563697,3.866259,1.866259,5.866259,noise,buy_from_mm,5.866259,-23,237.919703,155.954668,5.290000,150.664668
1184,6.427079,7.593500,5.593500,9.593500,noise,none,0.000000,-23,237.919703,90.096876,5.290000,84.806876
1185,6.748785,7.561004,5.561004,9.561004,noise,none,0.000000,-23,237.919703,82.697639,5.290000,77.407639
1186,5.844493,4.791335,2.791335,6.791335,informed,none,0.000000,-23,237.919703,103.496363,5.290000,98.206363
1187,4.426385,3.724291,1.724291,5.724291,noise,buy_from_mm,5.724291,-24,243.643994,137.410759,5.760000,131.650759
1188,4.991006,4.939555,2.939555,6.939555,noise,none,0.000000,-24,243.643994,123.859845,5.760000,118.099845
1189,5.105960,7.476489,5.476489,9.476489,informed,sell_to_mm,5.476489,-23,238.167505,120.730427,5.290000,115.440427
1190,6.167586,8.349377,6.349377,10.349377,noise,buy_from_mm,10.349377,-24,248.516883,100.494822,5.760000,94.734822
1191,3.921823,3.482907,1.482907,5.482907,informed,none,0.000000,-24,248.516883,154.393119,5.760000,148.633119
1192,4.212753,4.914816,2.914816,6.914816,noise,none,0.000000,-24,248.516883,147.410818,5.760000,141.650818
1193,3.794874,4.110651,2.110651,6.110651,noise,none,0.000000,-24,248.516883,157.439916,5.760000,151.679916
1194,4.288257,2.222226,0.222226,4.222226,noise,none,0.000000,-24,248.516883,145.598717,5.760000,139.838717
1195,4.566845,3.433994,1.433994,5.433994,noise,none,0.000000,-24,248.516883,138.912615,5.760000,133.152615
1196,6.647070,4.692710,2.692710,6.692710,noise,none,0.000000,-24,248.516883,88.987214,5.760000,83.227214
1197,6.194825,3.783298,1.783298,5.783298,noise,buy_from_mm,5.783298,-25,254.300181,99.429546,6.250000,93.179546
1198,6.206562,4.652573,2.652573,6.652573,informed,none,0.000000,-25,254.300181,99.136127,6.250000,92.886127
1199,6.762849,7.278359,5.278359,9.278359,noise,none,0.000000,-25,254.300181,85.228961,6.250000,78.978961
1200,7.977901,9.133427,7.133427,11.133427,informed,none,0.000000,-25,254.300181,54.852660,6.250000,48.602660
1201,8.233657,10.043189,8.043189,12.043189,noise,none,0.000000,-25,254.300181,48.458744,6.250000,42.208744
1202,8.153972,8.035905,6.035905,10.035905,noise,none,0.000000,-25,254.300181,50.450871,6.250000,44.200871
1203,8.155351,9.177425,7.177425,11.177425,informed,none,0.000000,-25,254.300181,50.416404,6.250000,44.166404
1204,7.650626,12.766711,10.766711,14.766711,noise,none,0.000000,-25,254.300181,63.034524,6.250000,56.784524
1205,5.884690,9.831576,7.831576,11.831576,informed,sell_to_mm,7.831576,-24,246.468605,105.236043,5.760000,99.476043
1206,6.839834,9.488738,7.488738,11.488738,noise,none,0.000000,-24,246.468605,82.312581,5.760000,76.552581
1207,7.072893,6.330706,4.330706,8.330706,noise,buy_from_mm,8.330706,-25,254.799311,77.976975,6.250000,71.726975
1208,7.987283,6.222065,4.222065,8.222065,informed,none,0.000000,-25,254.799311,55.117248,6.250000,48.867248
1209,6.031295,7.281345,5.281345,9.281345,noise,none,0.000000,-25,254.799311,104.016947,6.250000,97.766947
1210,5.478547,7.839833,5.839833,9.839833,informed,sell_to_mm,5.839833,-24,248.959478,117.474361,5.760000,111.714361
1211,6.442344,5.661722,3.661722,7.661722,informed,none,0.000000,-24,248.959478,94.343231,5.760000,88.583231
1212,6.679372,8.122714,6.122714,10.122714,noise,none,0.000000,-24,248.959478,88.654549,5.760000,82.894549
1213,5.882454,6.526668,4.526668,8.526668,noise,none,0.000000,-24,248.959478,107.780581,5.760000,102.020581
1214,6.807038,4.940472,2.940472,6.940472,noise,none,0.000000,-24,248.959478,85.590575,5.760000,79.830575
1215,5.690612,3.160999,1.160999,5.160999,noise,buy_from_mm,5.160999,-25,254.120477,111.855170,6.250000,105.605170
1216,6.215499,6.261089,4.261089,8.261089,informed,none,0.000000,-25,254.120477,98.732997,6.250000,92.482997
1217,7.029237,11.117600,9.117600,13.117600,informed,sell_to_mm,9.117600,-24,245.002877,76.301180,5.760000,70.541180
1218,5.813585,3.747774,1.747774,5.747774,noise,none,0.000000,-24,245.002877,105.476836,5.760000,99.716836
1219,4.226902,3.382246,1.382246,5.382246,informed,none,0.000000,-24,245.002877,143.557227,5.760000,137.797227
1220,6.283433,7.734847,5.734847,9.734847,noise,none,0.000000,-24,245.002877,94.200474,5.760000,88.440474
1221,4.829800,4.747164,2.747164,6.747164,noise,none,0.000000,-24,245.002877,129.087676,5.760000,123.327676
1222,4.036277,5.873046,3.873046,7.873046,noise,sell_to_mm,3.873046,-23,241.129831,148.295451,5.290000,143.005451
1223,4.659624,5.876179,3.876179,7.876179,informed,none,0.000000,-23,241.129831,133.958485,5.290000,128.668485
1224,4.019134,0.825226,-1.174774,2.825226,noise,none,0.000000,-23,241.129831,148.689747,5.290000,143.399747
1225,4.553499,0.040251,-1.959749,2.040251,noise,none,0.000000,-23,241.129831,136.399357,5.290000,131.109357
1226,2.648740,5.592081,3.592081,7.592081,informed,sell_to_mm,3.592081,-22,237.537750,179.265465,4.840000,174.425465
1227,3.391882,3.879580,1.879580,5.879580,informed,none,0.000000,-22,237.537750,162.916342,4.840000,158.076342
1228,2.362303,2.875148,0.875148,4.875148,noise,sell_to_mm,0.875148,-21,236.662602,187.054229,4.410000,182.644229
1229,3.973180,2.986481,0.986481,4.986481,noise,none,0.000000,-21,236.662602,153.225811,4.410000,148.815811
1230,3.572376,4.131244,2.131244,6.131244,informed,none,0.000000,-21,236.662602,161.642696,4.410000,157.232696
1231,3.899239,2.063604,0.063604,4.063604,noise,none,0.000000,-21,236.662602,154.778573,4.410000,150.368573
1232,4.485476,3.662651,1.662651,5.662651,noise,none,0.000000,-21,236.662602,142.467612,4.410000,138.057612
1233,3.943809,4.427692,2.427692,6.427692,noise,none,0.000000,-21,236.662602,153.842623,4.410000,149.432623
1234,3.884637,4.001547,2.001547,6.001547,noise,none,0.000000,-21,236.662602,155.085234,4.410000,150.675234
1235,5.663539,7.125146,5.125146,9.125146,noise,none,0.000000,-21,236.662602,117.728285,4.410000,113.318285
1236,7.016329,7.801099,5.801099,9.801099,noise,buy_from_mm,9.801099,-22,246.463701,92.104457,4.840000,87.264457
1237,8.730031,12.285364,10.285364,14.285364,noise,none,0.000000,-22,246.463701,54.403023,4.840000,49.563023
1238,9.401503,7.310801,5.310801,9.310801,noise,none,0.000000,-22,246.463701,39.630627,4.840000,34.790627
1239,9.617610,8.254167,6.254167,10.254167,noise,sell_to_mm,6.254167,-21,240.209534,38.239727,4.410000,33.829727
1240,8.406844,9.539405,7.539405,11.539405,informed,none,0.000000,-21,240.209534,63.665819,4.410000,59.255819
1241,9.631289,7.870013,5.870013,9.870013,noise,none,0.000000,-21,240.209534,37.952458,4.410000,33.542458
1242,10.143647,9.424610,7.424610,11.424610,noise,none,0.000000,-21,240.209534,27.192946,4.410000,22.782946
1243,10.926608,9.785662,7.785662,11.785662,informed,none,0.000000,-21,240.209534,10.750772,4.410000,6.340772
1244,11.288176,11.403070,9.403070,13.403070,noise,none,0.000000,-21,240.209534,3.157843,4.410000,-1.252157
1245,11.093171,13.077840,11.077840,15.077840,noise,none,0.000000,-21,240.209534,7.252933,4.410000,2.842933
1246,10.692429,14.076699,12.076699,16.076699,noise,buy_from_mm,16.076699,-22,256.286232,21.052805,4.840000,16.212805
1247,11.550617,12.491899,10.491899,14.491899,noise,none,0.000000,-22,256.286232,2.172660,4.840000,-2.667340
1248,11.682795,14.904679,12.904679,16.904679,noise,none,0.000000,-22,256.286232,-0.735268,4.840000,-5.575268
1249,10.701755,10.011455,8.011455,12.011455,noise,sell_to_mm,8.011455,-21,248.274777,23.537931,4.410000,19.127931
1250,9.371219,8.933073,6.933073,10.933073,noise,sell_to_mm,6.933073,-20,241.341704,53.917326,4.000000,49.917326
1251,9.032173,7.910918,5.910918,9.910918,noise,none,0.000000,-20,241.341704,60.698236,4.000000,56.698236
1252,9.877245,11.356081,9.356081,13.356081,informed,none,0.000000,-20,241.341704,43.796802,4.000000,39.796802
1253,9.779636,11.088329,9.088329,13.088329,noise,none,0.000000,-20,241.341704,45.748975,4.000000,41.748975
1254,8.489994,9.740185,7.740185,11.740185,noise,none,0.000000,-20,241.341704,71.541825,4.000000,67.541825
1255,8.393600,4.939701,2.939701,6.939701,noise,none,0.000000,-20,241.341704,73.469711,4.000000,69.469711
1256,8.049877,4.855875,2.855875,6.855875,informed,buy_from_mm,6.855875,-21,248.197579,79.150168,4.410000,74.740168
1257,7.904924,6.188630,4.188630,8.188630,informed,none,0.000000,-21,248.197579,82.194181,4.410000,77.784181
1258,7.548532,4.837315,2.837315,6.837315,noise,none,0.000000,-21,248.197579,89.678400,4.410000,85.268400
1259,7.285793,5.077311,3.077311,7.077311,informed,buy_from_mm,7.077311,-22,255.274890,94.987452,4.840000,90.147452
1260,8.277178,8.157865,6.157865,10.157865,informed,none,0.000000,-22,255.274890,73.176968,4.840000,68.336968
1261,7.869380,10.363623,8.363623,12.363623,informed,sell_to_mm,8.363623,-21,246.911267,81.654281,4.410000,77.244281
1262,8.867474,10.079375,8.079375,12.079375,noise,none,0.000000,-21,246.911267,60.694311,4.410000,56.284311
1263,6.793037,7.609920,5.609920,9.609920,informed,none,0.000000,-21,246.911267,104.257484,4.410000,99.847484
1264,5.787398,6.515320,4.515320,8.515320,informed,none,0.000000,-21,246.911267,125.375919,4.410000,120.965919
1265,5.618252,4.224523,2.224523,6.224523,informed,none,0.000000,-21,246.911267,128.927981,4.410000,124.517981
1266,4.725562,4.965439,2.965439,6.965439,informed,none,0.000000,-21,246.911267,147.674457,4.410000,143.264457
1267,3.264504,1.023594,-0.976406,3.023594,informed,buy_from_mm,3.023594,-22,249.934862,178.115771,4.840000,173.275771
1268,2.320440,3.228394,1.228394,5.228394,noise,sell_to_mm,1.228394,-21,248.706468,199.977234,4.410000,195.567234
1269,2.369887,4.029265,2.029265,6.029265,noise,none,0.000000,-21,248.706468,198.938847,4.410000,194.528847
1270,3.249411,4.506982,2.506982,6.506982,noise,sell_to_mm,2.506982,-20,246.199486,181.211268,4.000000,177.211268
1271,3.893354,2.172951,0.172951,4.172951,noise,sell_to_mm,0.172951,-19,246.026535,172.052810,3.610000,168.442810
1272,3.005302,4.202725,2.202725,6.202725,noise,none,0.000000,-19,246.026535,188.925793,3.610000,185.315793
1273,4.005284,3.949523,1.949523,5.949523,informed,none,0.000000,-19,246.026535,169.926131,3.610000,166.316131
1274,2.426612,1.084954,-0.915046,3.084954,noise,buy_from_mm,3.084954,-20,249.111488,200.579246,4.000000,196.579246
1275,5.096460,2.033570,0.033570,4.033570,informed,buy_from_mm,4.033570,-21,253.145059,146.119407,4.410000,141.709407
1276,4.393387,3.374643,1.374643,5.374643,noise,none,0.000000,-21,253.145059,160.883928,4.410000,156.473928
1277,4.155660,10.211782,8.211782,12.211782,informed,sell_to_mm,8.211782,-20,244.933277,161.820076,4.000000,157.820076
1278,3.174965,3.148193,1.148193,5.148193,noise,none,0.000000,-20,244.933277,181.433967,4.000000,177.433967
1279,1.618702,-0.179973,-2.179973,1.820027,noise,sell_to_mm,-2.179973,-19,247.113251,216.357916,3.610000,212.747916
1280,0.943382,-1.202960,-3.202960,0.797040,informed,buy_from_mm,0.797040,-20,247.910290,229.042652,4.000000,225.042652
1281,1.885509,2.863655,0.863655,4.863655,noise,none,0.000000,-20,247.910290,210.200111,4.000000,206.200111
1282,3.615574,3.432176,1.432176,5.432176,noise,none,0.000000,-20,247.910290,175.598819,4.000000,171.598819
1283,4.019624,3.168577,1.168577,5.168577,informed,none,0.000000,-20,247.910290,167.517804,4.000000,163.517804
1284,4.060099,7.285447,5.285447,9.285447,noise,none,0.000000,-20,247.910290,166.708315,4.000000,162.708315
1285,5.336530,5.944976,3.944976,7.944976,informed,none,0.000000,-20,247.910290,141.179695,4.000000,137.179695
1286,5.800391,6.811465,4.811465,8.811465,noise,none,0.000000,-20,247.910290,131.902471,4.000000,127.902471
1287,4.487739,6.737659,4.737659,8.737659,informed,sell_to_mm,4.737659,-19,243.172631,157.905596,3.610000,154.295596
1288,4.410756,2.764007,0.764007,4.764007,informed,none,0.000000,-19,243.172631,159.368270,3.610000,155.758270
1289,3.196874,4.545766,2.545766,6.545766,noise,none,0.000000,-19,243.172631,182.432031,3.610000,178.822031
1290,2.693048,4.801734,2.801734,6.801734,informed,sell_to_mm,2.801734,-18,240.370897,191.896026,3.240000,188.656026
1291,2.553998,2.709002,0.709002,4.709002,informed,none,0.000000,-18,240.370897,194.398940,3.240000,191.158940
1292,1.053629,2.826790,0.826790,4.826790,noise,none,0.000000,-18,240.370897,221.405572,3.240000,218.165572
1293,1.407475,1.283800,-0.716200,3.283800,noise,none,0.000000,-18,240.370897,215.036347,3.240000,211.796347
1294,1.553014,1.832816,-0.167184,3.832816,noise,none,0.000000,-18,240.370897,212.416639,3.240000,209.176639
1295,0.181354,-2.559703,-4.559703,-0.559703,noise,none,0.000000,-18,240.370897,237.106528,3.240000,233.866528
1296,0.244312,-3.248013,-5.248013,-1.248013,noise,none,0.000000,-18,240.370897,235.973287,3.240000,232.733287
1297,0.656025,1.659827,-0.340173,3.659827,noise,buy_from_mm,3.659827,-19,244.030723,231.566247,3.610000,227.956247
1298,1.075084,2.965030,0.965030,4.965030,noise,sell_to_mm,0.965030,-18,243.065693,223.714177,3.240000,220.474177
1299,1.519629,2.770440,0.770440,4.770440,noise,none,0.000000,-18,243.065693,215.712368,3.240000,212.472368
1300,0.675379,1.465406,-0.534594,3.465406,noise,none,0.000000,-18,243.065693,230.908871,3.240000,227.668871
1301,0.615538,-1.111971,-3.111971,0.888029,noise,none,0.000000,-18,243.065693,231.986016,3.240000,228.746016
1302,1.222326,-0.911922,-2.911922,1.088078,noise,sell_to_mm,-2.911922,-17,245.977615,225.198065,2.890000,222.308065
1303,1.066321,-3.882884,-5.882884,-1.882884,informed,buy_from_mm,-1.882884,-18,244.094731,224.900960,3.240000,221.660960
1304,0.275843,1.968804,-0.031196,3.968804,noise,none,0.000000,-18,244.094731,239.129566,3.240000,235.889566
1305,-1.312116,-2.118874,-4.118874,-0.118874,informed,none,0.000000,-18,244.094731,267.712813,3.240000,264.472813
1306,-0.878932,-1.595021,-3.595021,0.404979,noise,none,0.000000,-18,244.094731,259.915506,3.240000,256.675506
1307,-0.827477,2.343951,0.343951,4.343951,noise,sell_to_mm,0.343951,-17,243.750781,257.817886,2.890000,254.927886
1308,-1.757746,-2.998064,-4.998064,-0.998064,noise,buy_from_mm,-0.998064,-18,242.752716,274.392148,3.240000,271.152148
1309,-0.394003,-0.128620,-2.128620,1.871380,noise,none,0.000000,-18,242.752716,249.844766,3.240000,246.604766
1310,-1.769795,-2.438652,-4.438652,-0.438652,noise,none,0.000000,-18,242.752716,274.609028,3.240000,271.369028
1311,-0.976244,-3.559722,-5.559722,-1.559722,noise,sell_to_mm,-5.559722,-17,248.312438,264.908590,2.890000,262.018590
1312,-1.280614,-1.174369,-3.174369,0.825631,informed,none,0.000000,-17,248.312438,270.082871,2.890000,267.192871
1313,0.038837,0.521084,-1.478916,2.521084,noise,buy_from_mm,2.521084,-18,250.833522,250.134455,3.240000,246.894455
1314,2.312567,-0.488667,-2.488667,1.511333,noise,sell_to_mm,-2.488667,-17,253.322189,214.008552,2.890000,211.118552
1315,1.582186,1.015076,-0.984924,3.015076,noise,none,0.000000,-17,253.322189,226.425029,2.890000,223.535029
1316,2.542246,3.226059,1.226059,5.226059,informed,none,0.000000,-17,253.322189,210.104002,2.890000,207.214002
1317,2.716850,1.077746,-0.922254,3.077746,informed,none,0.000000,-17,253.322189,207.135732,2.890000,204.245732
1318,1.979575,3.460334,1.460334,5.460334,noise,sell_to_mm,1.460334,-16,251.861855,220.188655,2.560000,217.628655
1319,3.242254,2.377994,0.377994,4.377994,noise,none,0.000000,-16,251.861855,199.985798,2.560000,197.425798
1320,2.429706,2.264091,0.264091,4.264091,noise,none,0.000000,-16,251.861855,212.986561,2.560000,210.426561
1321,1.271953,2.701299,0.701299,4.701299,noise,none,0.000000,-16,251.861855,231.510600,2.560000,228.950600
1322,0.977783,1.822068,-0.177932,3.822068,noise,buy_from_mm,3.822068,-17,255.683923,239.061620,2.890000,236.171620
1323,1.905150,3.712804,1.712804,5.712804,noise,sell_to_mm,1.712804,-16,253.971119,223.488715,2.560000,220.928715
1324,2.596271,4.994686,2.994686,6.994686,noise,none,0.000000,-16,253.971119,212.430785,2.560000,209.870785
1325,2.948904,3.941445,1.941445,5.941445,informed,none,0.000000,-16,253.971119,206.788656,2.560000,204.228656
1326,1.552037,2.396725,0.396725,4.396725,informed,none,0.000000,-16,253.971119,229.138530,2.560000,226.578530
1327,1.474918,1.636740,-0.363260,3.636740,informed,none,0.000000,-16,253.971119,230.372426,2.560000,227.812426
1328,1.762957,0.560374,-1.439626,2.560374,noise,none,0.000000,-16,253.971119,225.763808,2.560000,223.203808
1329,1.375487,-0.286138,-2.286138,1.713862,noise,none,0.000000,-16,253.971119,231.963323,2.560000,229.403323
1330,2.560486,0.912695,-1.087305,2.912695,noise,buy_from_mm,2.912695,-17,256.883814,213.355547,2.890000,210.465547
1331,1.382571,3.018354,1.018354,5.018354,noise,sell_to_mm,1.018354,-16,255.865460,233.744319,2.560000,231.184319
1332,1.348778,3.004011,1.004011,5.004011,noise,sell_to_mm,1.004011,-15,254.861449,234.629781,2.250000,232.379781
1333,0.839861,0.717229,-1.282771,2.717229,noise,none,0.000000,-15,254.861449,242.263539,2.250000,240.013539
1334,1.123060,4.338699,2.338699,6.338699,noise,buy_from_mm,6.338699,-16,261.200148,243.231191,2.560000,240.671191
1335,0.038980,-1.126022,-3.126022,0.873978,noise,none,0.000000,-16,261.200148,260.576464,2.560000,258.016464
1336,1.123037,-0.629057,-2.629057,1.370943,noise,none,0.000000,-16,261.200148,243.231554,2.560000,240.671554
1337,2.143938,2.943383,0.943383,4.943383,noise,none,0.000000,-16,261.200148,226.897139,2.560000,224.337139
1338,2.380051,-0.748157,-2.748157,1.251843,noise,buy_from_mm,1.251843,-17,262.451991,221.991123,2.890000,219.101123
1339,2.852007,5.768491,3.768491,7.768491,noise,none,0.000000,-17,262.451991,213.967869,2.890000,211.077869
1340,3.082285,3.098080,1.098080,5.098080,noise,none,0.000000,-17,262.451991,210.053138,2.890000,207.163138
1341,3.777127,4.252162,2.252162,6.252162,noise,none,0.000000,-17,262.451991,198.240832,2.890000,195.350832
1342,4.762304,4.894639,2.894639,6.894639,informed,none,0.000000,-17,262.451991,181.492824,2.890000,178.602824
1343,4.242784,7.135562,5.135562,9.135562,informed,sell_to_mm,5.135562,-16,257.316429,189.431885,2.560000,186.871885
1344,3.029312,0.856903,-1.143097,2.856903,informed,buy_from_mm,2.856903,-17,260.173332,208.675026,2.890000,205.785026
1345,4.409421,5.843579,3.843579,7.843579,noise,none,0.000000,-17,260.173332,185.213173,2.890000,182.323173
1346,3.698194,4.022439,2.022439,6.022439,noise,sell_to_mm,2.022439,-16,258.150893,198.979784,2.560000,196.419784
1347,5.095834,6.724867,4.724867,8.724867,noise,buy_from_mm,8.724867,-17,266.875760,180.246589,2.890000,177.356589
1348,5.275721,7.729911,5.729911,9.729911,informed,sell_to_mm,5.729911,-16,261.145850,176.734312,2.560000,174.174312
1349,5.392820,4.810117,2.810117,6.810117,noise,none,0.000000,-16,261.145850,174.860733,2.560000,172.300733
1350,5.129565,3.468039,1.468039,5.468039,informed,none,0.000000,-16,261.145850,179.072809,2.560000,176.512809
1351,6.055857,5.352418,3.352418,7.352418,informed,none,0.000000,-16,261.145850,164.252133,2.560000,161.692133
1352,4.474800,3.777155,1.777155,5.777155,informed,none,0.000000,-16,261.145850,189.549045,2.560000,186.989045
1353,3.975035,6.837189,4.837189,8.837189,informed,sell_to_mm,4.837189,-15,256.308661,196.683129,2.250000,194.433129
1354,3.985373,3.919732,1.919732,5.919732,noise,none,0.000000,-15,256.308661,196.528073,2.250000,194.278073
1355,3.835879,2.746352,0.746352,4.746352,noise,none,0.000000,-15,256.308661,198.770471,2.250000,196.520471
1356,3.834153,5.006312,3.006312,7.006312,noise,none,0.000000,-15,256.308661,198.796359,2.250000,196.546359
1357,3.846302,1.170689,-0.829311,3.170689,noise,none,0.000000,-15,256.308661,198.614129,2.250000,196.364129
1358,3.111898,4.548863,2.548863,6.548863,noise,sell_to_mm,2.548863,-14,253.759798,210.193229,1.960000,208.233229
1359,2.576606,3.423953,1.423953,5.423953,informed,none,0.000000,-14,253.759798,217.687308,1.960000,215.727308
1360,2.912676,3.876108,1.876108,5.876108,noise,none,0.000000,-14,253.759798,212.982341,1.960000,211.022341
1361,3.143919,4.221390,2.221390,6.221390,informed,none,0.000000,-14,253.759798,209.744939,1.960000,207.784939
1362,3.791893,5.214273,3.214273,7.214273,noise,none,0.000000,-14,253.759798,200.673296,1.960000,198.713296
1363,4.185240,5.683792,3.683792,7.683792,noise,none,0.000000,-14,253.759798,195.166433,1.960000,193.206433
1364,3.055764,4.181244,2.181244,6.181244,noise,none,0.000000,-14,253.759798,210.979109,1.960000,209.019109
1365,2.173926,2.670939,0.670939,4.670939,informed,none,0.000000,-14,253.759798,223.324838,1.960000,221.364838
1366,3.451083,5.247197,3.247197,7.247197,noise,none,0.000000,-14,253.759798,205.444635,1.960000,203.484635
1367,4.509962,3.395635,1.395635,5.395635,informed,none,0.000000,-14,253.759798,190.620336,1.960000,188.660336
1368,4.281138,6.531656,4.531656,8.531656,informed,sell_to_mm,4.531656,-13,249.228142,193.573346,1.690000,191.883346
1369,2.940246,2.299448,0.299448,4.299448,noise,none,0.000000,-13,249.228142,211.004950,1.690000,209.314950
1370,2.236635,3.058068,1.058068,5.058068,noise,none,0.000000,-13,249.228142,220.151886,1.690000,218.461886
1371,1.218847,0.594143,-1.405857,2.594143,noise,none,0.000000,-13,249.228142,233.383132,1.690000,231.693132
1372,1.797020,4.530819,2.530819,6.530819,informed,sell_to_mm,2.530819,-12,246.697323,225.133082,1.440000,223.693082
1373,1.784603,1.892034,-0.107966,3.892034,informed,none,0.000000,-12,246.697323,225.282084,1.440000,223.842084
1374,1.750433,1.330793,-0.669207,3.330793,noise,none,0.000000,-12,246.697323,225.692131,1.440000,224.252131
1375,3.202566,4.434633,2.434633,6.434633,noise,none,0.000000,-12,246.697323,208.266531,1.440000,206.826531
1376,2.250330,4.542696,2.542696,6.542696,informed,sell_to_mm,2.542696,-11,244.154627,219.401002,1.210000,218.191002
1377,1.964754,-1.492307,-3.492307,0.507693,noise,none,0.000000,-11,244.154627,222.542329,1.210000,221.332329
1378,2.537848,-0.616304,-2.616304,1.383696,noise,none,0.000000,-11,244.154627,216.238294,1.210000,215.028294
1379,2.013142,3.449731,1.449731,5.449731,informed,none,0.000000,-11,244.154627,222.010070,1.210000,220.800070
1380,2.261100,-0.152691,-2.152691,1.847309,informed,buy_from_mm,1.847309,-12,246.001936,218.868740,1.440000,217.428740
1381,2.371797,0.452820,-1.547180,2.452820,noise,none,0.000000,-12,246.001936,217.540367,1.440000,216.100367
1382,2.242052,-0.466310,-2.466310,1.533690,informed,buy_from_mm,1.533690,-13,247.535626,218.388948,1.690000,216.698948
1383,2.484673,3.355672,1.355672,5.355672,informed,none,0.000000,-13,247.535626,215.234875,1.690000,213.544875
1384,1.608967,-0.713433,-2.713433,1.286567,noise,none,0.000000,-13,247.535626,226.619051,1.690000,224.929051
1385,0.666399,1.671689,-0.328311,3.671689,noise,none,0.000000,-13,247.535626,238.872436,1.690000,237.182436
1386,-0.200892,-2.544914,-4.544914,-0.544914,noise,sell_to_mm,-4.544914,-12,252.080541,254.491250,1.440000,253.051250
1387,0.614566,2.992724,0.992724,4.992724,noise,none,0.000000,-12,252.080541,244.705747,1.440000,243.265747
1388,-0.539723,-0.610503,-2.610503,1.389497,informed,none,0.000000,-12,252.080541,258.557221,1.440000,257.117221
1389,-0.766599,-1.004136,-3.004136,0.995864,noise,none,0.000000,-12,252.080541,261.279729,1.440000,259.839729
1390,-0.424977,0.120245,-1.879755,2.120245,noise,none,0.000000,-12,252.080541,257.180266,1.440000,255.740266
1391,-0.377670,3.634385,1.634385,5.634385,informed,sell_to_mm,1.634385,-11,250.446156,254.600523,1.210000,253.390523
1392,-1.180819,1.935739,-0.064261,3.935739,informed,sell_to_mm,-0.064261,-10,250.510417,262.318608,1.000000,261.318608
1393,-1.652353,-2.247696,-4.247696,-0.247696,noise,buy_from_mm,-0.247696,-11,250.262721,268.438601,1.210000,267.228601
1394,-3.091206,-3.289424,-5.289424,-1.289424,noise,none,0.000000,-11,250.262721,284.265986,1.210000,283.055986
1395,-2.323539,-3.225341,-5.225341,-1.225341,informed,none,0.000000,-11,250.262721,275.821651,1.210000,274.611651
1396,-2.354958,-1.780750,-3.780750,0.219250,noise,buy_from_mm,0.219250,-12,250.481971,278.741467,1.440000,277.301467
1397,-2.945932,-1.310543,-3.310543,0.689457,noise,none,0.000000,-12,250.481971,285.833152,1.440000,284.393152
1398,-3.127666,-5.789686,-7.789686,-3.789686,informed,buy_from_mm,-3.789686,-13,246.692285,287.351945,1.690000,285.661945
1399,-2.936642,-5.193250,-7.193250,-3.193250,informed,buy_from_mm,-3.193250,-14,243.499035,284.612026,1.960000,282.652026
1400,-3.663689,-5.228991,-7.228991,-3.228991,noise,none,0.000000,-14,243.499035,294.790678,1.960000,292.830678
1401,-4.414372,-3.518602,-5.518602,-1.518602,noise,buy_from_mm,-1.518602,-15,241.980433,308.196017,2.250000,305.946017
1402,-5.522176,-4.182191,-6.182191,-2.182191,noise,sell_to_mm,-6.182191,-14,248.162624,325.473091,1.960000,323.513091
1403,-7.012859,-5.995818,-7.995818,-3.995818,noise,none,0.000000,-14,248.162624,346.342653,1.960000,344.382653
1404,-4.830074,-4.465035,-6.465035,-2.465035,informed,none,0.000000,-14,248.162624,315.783659,1.960000,313.823659
1405,-5.056902,-6.608655,-8.608655,-4.608655,informed,none,0.000000,-14,248.162624,318.959254,1.960000,316.999254
1406,-5.531362,-5.281105,-7.281105,-3.281105,noise,sell_to_mm,-7.281105,-13,255.443728,327.351438,1.690000,325.661438
1407,-4.508481,-2.188297,-4.188297,-0.188297,informed,sell_to_mm,-4.188297,-12,259.632025,313.733799,1.440000,312.293799
1408,-5.497698,-6.603288,-8.603288,-4.603288,informed,none,0.000000,-12,259.632025,325.604399,1.440000,324.164399
1409,-5.544738,-6.408731,-8.408731,-4.408731,informed,none,0.000000,-12,259.632025,326.168879,1.440000,324.728879
1410,-4.669920,-5.259290,-7.259290,-3.259290,noise,none,0.000000,-12,259.632025,315.671067,1.440000,314.231067
1411,-4.094318,1.514198,-0.485802,3.514198,informed,sell_to_mm,-0.485802,-11,260.117827,305.155324,1.210000,303.945324
1412,-5.370794,-3.244089,-5.244089,-1.244089,noise,none,0.000000,-11,260.117827,319.196555,1.210000,317.986555
1413,-3.485736,-4.284336,-6.284336,-2.284336,informed,none,0.000000,-11,260.117827,298.460918,1.210000,297.250918
1414,-3.684941,-1.459344,-3.459344,0.540656,informed,sell_to_mm,-3.459344,-10,263.577170,300.426582,1.000000,299.426582
1415,-2.926361,-2.868207,-4.868207,-0.868207,noise,none,0.000000,-10,263.577170,292.840778,1.000000,291.840778
1416,-5.150097,-4.750063,-6.750063,-2.750063,noise,none,0.000000,-10,263.577170,315.078142,1.000000,314.078142
1417,-4.181566,-7.306636,-9.306636,-5.306636,noise,buy_from_mm,-5.306636,-11,258.270535,304.267757,1.210000,303.057757
1418,-3.876596,-3.053574,-5.053574,-1.053574,noise,none,0.000000,-11,258.270535,300.913093,1.210000,299.703093
1419,-4.780140,-6.423034,-8.423034,-4.423034,informed,none,0.000000,-11,258.270535,310.852080,1.210000,309.642080
1420,-5.864316,-6.354972,-8.354972,-4.354972,informed,none,0.000000,-11,258.270535,322.778015,1.210000,321.568015
1421,-6.652712,-7.921699,-9.921699,-5.921699,noise,none,0.000000,-11,258.270535,331.450362,1.210000,330.240362
1422,-7.169489,-8.886919,-10.886919,-6.886919,noise,none,0.000000,-11,258.270535,337.134910,1.210000,335.924910
1423,-7.262715,-8.383826,-10.383826,-6.383826,noise,none,0.000000,-11,258.270535,338.160404,1.210000,336.950404
1424,-7.717418,-11.844319,-13.844319,-9.844319,informed,buy_from_mm,-9.844319,-12,248.426216,341.035237,1.440000,339.595237
1425,-6.531514,-8.147486,-10.147486,-6.147486,informed,none,0.000000,-12,248.426216,326.804380,1.440000,325.364380
1426,-6.384846,-4.495443,-6.495443,-2.495443,noise,none,0.000000,-12,248.426216,325.044371,1.440000,323.604371
1427,-6.965285,-3.436222,-5.436222,-1.436222,noise,none,0.000000,-12,248.426216,332.009632,1.440000,330.569632
1428,-7.399818,-7.231510,-9.231510,-5.231510,informed,none,0.000000,-12,248.426216,337.224036,1.440000,335.784036
1429,-6.999216,-10.878988,-12.878988,-8.878988,noise,sell_to_mm,-12.878988,-11,261.305204,338.296576,1.210000,337.086576
1430,-7.620516,-7.201189,-9.201189,-5.201189,informed,none,0.000000,-11,261.305204,345.130876,1.210000,343.920876
1431,-8.679795,-9.170436,-11.170436,-7.170436,noise,none,0.000000,-11,261.305204,356.782952,1.210000,355.572952
1432,-8.327903,-8.997875,-10.997875,-6.997875,informed,none,0.000000,-11,261.305204,352.912140,1.210000,351.702140
1433,-9.061883,-8.074309,-10.074309,-6.074309,noise,none,0.000000,-11,261.305204,360.985918,1.210000,359.775918
1434,-7.690396,-4.348562,-6.348562,-2.348562,noise,none,0.000000,-11,261.305204,345.899555,1.210000,344.689555
1435,-8.039796,-7.427074,-9.427074,-5.427074,noise,none,0.000000,-11,261.305204,349.742965,1.210000,348.532965
1436,-9.092963,-8.455509,-10.455509,-6.455509,informed,none,0.000000,-11,261.305204,361.327792,1.210000,360.117792
1437,-7.049881,-8.693553,-10.693553,-6.693553,noise,none,0.000000,-11,261.305204,338.853893,1.210000,337.643893
1438,-7.965205,-8.643730,-10.643730,-6.643730,informed,none,0.000000,-11,261.305204,348.922461,1.210000,347.712461
1439,-8.219246,-10.992210,-12.992210,-8.992210,informed,buy_from_mm,-8.992210,-12,252.312994,350.943947,1.440000,349.503947
1440,-6.782863,-7.964390,-9.964390,-5.964390,noise,buy_from_mm,-5.964390,-13,246.348604,334.525824,1.690000,332.835824
1441,-6.329207,-4.331556,-6.331556,-2.331556,informed,none,0.000000,-13,246.348604,328.628300,1.690000,326.938300
1442,-6.491287,-9.167158,-11.167158,-7.167158,noise,sell_to_mm,-11.167158,-12,257.515762,335.411201,1.440000,333.971201
1443,-6.696517,-7.998950,-9.998950,-5.998950,informed,none,0.000000,-12,257.515762,337.873962,1.440000,336.433962
1444,-7.201581,-6.521819,-8.521819,-4.521819,noise,none,0.000000,-12,257.515762,343.934739,1.440000,342.494739
1445,-6.578168,-8.513982,-10.513982,-6.513982,informed,none,0.000000,-12,257.515762,336.453781,1.440000,335.013781
1446,-5.436476,-4.224510,-6.224510,-2.224510,noise,none,0.000000,-12,257.515762,322.753478,1.440000,321.313478
1447,-5.775521,-4.144946,-6.144946,-2.144946,informed,none,0.000000,-12,257.515762,326.822014,1.440000,325.382014
1448,-4.582263,-2.842573,-4.842573,-0.842573,noise,sell_to_mm,-4.842573,-11,262.358335,312.763230,1.210000,311.553230
1449,-4.993591,-6.403751,-8.403751,-4.403751,noise,none,0.000000,-11,262.358335,317.287832,1.210000,316.077832
1450,-3.788234,-7.924692,-9.924692,-5.924692,noise,buy_from_mm,-5.924692,-12,256.433643,301.892450,1.440000,300.452450
1451,-2.749622,-2.982700,-4.982700,-0.982700,noise,none,0.000000,-12,256.433643,289.429104,1.440000,287.989104
1452,-1.702956,-0.719450,-2.719450,1.280550,noise,none,0.000000,-12,256.433643,276.869113,1.440000,275.429113
1453,-1.665909,-3.453045,-5.453045,-1.453045,noise,sell_to_mm,-5.453045,-11,261.886688,280.211690,1.210000,279.001690
1454,-1.657102,-1.838377,-3.838377,0.161623,noise,none,0.000000,-11,261.886688,280.114814,1.210000,278.904814
1455,-0.947960,-2.852614,-4.852614,-0.852614,informed,none,0.000000,-11,261.886688,272.314249,1.210000,271.104249
1456,-1.502707,-2.693051,-4.693051,-0.693051,informed,none,0.000000,-11,261.886688,278.416467,1.210000,277.206467
1457,-3.032884,1.126145,-0.873855,3.126145,informed,sell_to_mm,-0.873855,-10,262.760543,293.089384,1.000000,292.089384
1458,-4.136400,-3.792246,-5.792246,-1.792246,noise,none,0.000000,-10,262.760543,304.124542,1.000000,303.124542
1459,-3.855148,-1.211254,-3.211254,0.788746,noise,none,0.000000,-10,262.760543,301.312020,1.000000,300.312020
1460,-4.408362,-6.080697,-8.080697,-4.080697,informed,none,0.000000,-10,262.760543,306.844160,1.000000,305.844160
1461,-3.192988,-2.880259,-4.880259,-0.880259,noise,none,0.000000,-10,262.760543,294.690425,1.000000,293.690425
1462,-2.028596,-0.132896,-2.132896,1.867104,noise,none,0.000000,-10,262.760543,283.046500,1.000000,282.046500
1463,-2.069609,-1.889053,-3.889053,0.110947,informed,none,0.000000,-10,262.760543,283.456638,1.000000,282.456638
1464,-2.589190,-0.402241,-2.402241,1.597759,informed,sell_to_mm,-2.402241,-9,265.162784,288.465495,0.810000,287.655495
1465,-2.656614,-4.244812,-6.244812,-2.244812,noise,none,0.000000,-9,265.162784,289.072306,0.810000,288.262306
1466,-2.231090,-5.835648,-7.835648,-3.835648,informed,buy_from_mm,-3.835648,-10,261.327135,283.638036,1.000000,282.638036
1467,-1.308207,-0.589414,-2.589414,1.410586,informed,none,0.000000,-10,261.327135,274.409207,1.000000,273.409207
1468,-2.605043,-0.273962,-2.273962,1.726038,informed,sell_to_mm,-2.273962,-9,263.601098,287.046486,0.810000,286.236486
1469,-1.940706,-2.512348,-4.512348,-0.512348,noise,buy_from_mm,-0.512348,-10,263.088750,282.495806,1.000000,281.495806
1470,-2.021817,-1.247333,-3.247333,0.752667,noise,none,0.000000,-10,263.088750,283.306916,1.000000,282.306916
1471,-1.590488,-0.463278,-2.463278,1.536722,informed,none,0.000000,-10,263.088750,278.993634,1.000000,277.993634
1472,-1.534260,-1.884397,-3.884397,0.115603,noise,buy_from_mm,0.115603,-11,263.204352,280.081211,1.210000,278.871211
1473,-1.940153,-1.790720,-3.790720,0.209280,noise,none,0.000000,-11,263.204352,284.546034,1.210000,283.336034
1474,-1.825471,-4.729959,-6.729959,-2.729959,informed,buy_from_mm,-2.729959,-12,260.474394,282.380042,1.440000,280.940042
1475,-3.858827,-5.072630,-7.072630,-3.072630,informed,none,0.000000,-12,260.474394,306.780317,1.440000,305.340317
1476,-2.531542,-3.714470,-5.714470,-1.714470,noise,buy_from_mm,-1.714470,-13,258.759924,291.669972,1.690000,289.979972
1477,-2.619611,-2.434351,-4.434351,-0.434351,informed,none,0.000000,-13,258.759924,292.814865,1.690000,291.124865
1478,-4.043598,-4.491087,-6.491087,-2.491087,informed,none,0.000000,-13,258.759924,311.326699,1.690000,309.636699
1479,-7.065613,-8.299829,-10.299829,-6.299829,informed,none,0.000000,-13,258.759924,350.612897,1.690000,348.922897
1480,-8.541804,-5.895600,-7.895600,-3.895600,noise,none,0.000000,-13,258.759924,369.803370,1.690000,368.113370
1481,-8.756558,-7.032475,-9.032475,-5.032475,informed,none,0.000000,-13,258.759924,372.595178,1.690000,370.905178
1482,-9.708080,-8.342236,-10.342236,-6.342236,informed,none,0.000000,-13,258.759924,384.964959,1.690000,383.274959
1483,-10.973057,-13.133833,-15.133833,-11.133833,noise,none,0.000000,-13,258.759924,401.409665,1.690000,399.719665
1484,-12.925144,-11.134282,-13.134282,-9.134282,informed,none,0.000000,-13,258.759924,426.786790,1.690000,425.096790
1485,-13.273420,-13.170331,-15.170331,-11.170331,noise,none,0.000000,-13,258.759924,431.314385,1.690000,429.624385
1486,-14.346014,-18.499985,-20.499985,-16.499985,noise,buy_from_mm,-16.499985,-14,242.259939,443.104138,1.960000,441.144138
1487,-15.293551,-12.583398,-14.583398,-10.583398,noise,sell_to_mm,-14.583398,-13,256.843337,455.659506,1.690000,453.969506
1488,-15.079085,-17.936734,-19.936734,-15.936734,noise,none,0.000000,-13,256.843337,452.871441,1.690000,451.181441
1489,-14.648373,-13.298704,-15.298704,-11.298704,noise,none,0.000000,-13,256.843337,447.272184,1.690000,445.582184
1490,-14.650663,-13.437432,-15.437432,-11.437432,informed,none,0.000000,-13,256.843337,447.301960,1.690000,445.611960
1491,-14.608514,-14.602394,-16.602394,-12.602394,informed,none,0.000000,-13,256.843337,446.754025,1.690000,445.064025
1492,-14.023605,-10.827846,-12.827846,-8.827846,informed,sell_to_mm,-12.827846,-12,269.671183,437.954446,1.440000,436.514446
1493,-14.827868,-13.143501,-15.143501,-11.143501,noise,sell_to_mm,-15.143501,-11,284.814684,447.921236,1.210000,446.711236
1494,-15.578406,-15.737632,-17.737632,-13.737632,noise,none,0.000000,-11,284.814684,456.177152,1.210000,454.967152
1495,-17.034217,-18.529987,-20.529987,-16.529987,noise,none,0.000000,-11,284.814684,472.191076,1.210000,470.981076
1496,-16.541232,-12.367809,-14.367809,-10.367809,noise,none,0.000000,-11,284.814684,466.768238,1.210000,465.558238
1497,-14.848482,-13.475094,-15.475094,-11.475094,noise,none,0.000000,-11,284.814684,448.147988,1.210000,446.937988
1498,-16.303176,-17.577378,-19.577378,-15.577378,noise,buy_from_mm,-15.577378,-12,269.237306,464.875419,1.440000,463.435419
1499,-15.815242,-17.941284,-19.941284,-15.941284,noise,none,0.000000,-12,269.237306,459.020209,1.440000,457.580209
1500,-17.227234,-18.021794,-20.021794,-16.021794,noise,none,0.000000,-12,269.237306,475.964118,1.440000,474.524118
1501,-18.556388,-17.022073,-19.022073,-15.022073,noise,none,0.000000,-12,269.237306,491.913962,1.440000,490.473962
1502,-17.332642,-17.591653,-19.591653,-15.591653,noise,sell_to_mm,-19.591653,-11,288.828959,479.488017,1.210000,478.278017
1503,-16.564533,-17.426086,-19.426086,-15.426086,informed,none,0.000000,-11,288.828959,471.038824,1.210000,469.828824
1504,-16.023336,-13.598424,-15.598424,-11.598424,noise,none,0.000000,-11,288.828959,465.085655,1.210000,463.875655
1505,-14.780627,-17.471456,-19.471456,-15.471456,noise,buy_from_mm,-15.471456,-12,273.357504,450.725033,1.440000,449.285033
1506,-14.470334,-14.301391,-16.301391,-12.301391,noise,none,0.000000,-12,273.357504,447.001515,1.440000,445.561515
1507,-16.880715,-13.980207,-15.980207,-11.980207,informed,sell_to_mm,-15.980207,-11,289.337711,475.025579,1.210000,473.815579
1508,-15.976963,-16.205914,-18.205914,-14.205914,noise,none,0.000000,-11,289.337711,465.084300,1.210000,463.874300
1509,-15.200085,-15.046675,-17.046675,-13.046675,informed,none,0.000000,-11,289.337711,456.538643,1.210000,455.328643
1510,-13.654765,-16.075664,-18.075664,-14.075664,noise,none,0.000000,-11,289.337711,439.540121,1.210000,438.330121
1511,-12.521315,-11.417616,-13.417616,-9.417616,noise,buy_from_mm,-9.417616,-12,279.920095,430.175875,1.440000,428.735875
1512,-11.375130,-9.267714,-11.267714,-7.267714,noise,buy_from_mm,-7.267714,-13,272.652380,420.529070,1.690000,418.839070
1513,-12.877071,-15.472739,-17.472739,-13.472739,noise,none,0.000000,-13,272.652380,440.054309,1.690000,438.364309
1514,-13.264937,-15.238475,-17.238475,-13.238475,noise,none,0.000000,-13,272.652380,445.096556,1.690000,443.406556
1515,-13.589614,-12.801849,-14.801849,-10.801849,noise,sell_to_mm,-14.801849,-12,287.454229,450.529602,1.440000,449.089602
1516,-15.262876,-16.626105,-18.626105,-14.626105,noise,none,0.000000,-12,287.454229,470.608738,1.440000,469.168738
1517,-14.112503,-13.812880,-15.812880,-11.812880,informed,none,0.000000,-12,287.454229,456.804271,1.440000,455.364271
1518,-14.000337,-13.311719,-15.311719,-11.311719,noise,none,0.000000,-12,287.454229,455.458278,1.440000,454.018278
1519,-13.121376,-11.342128,-13.342128,-9.342128,noise,none,0.000000,-12,287.454229,444.910743,1.440000,443.470743
1520,-12.882420,-12.150140,-14.150140,-10.150140,informed,none,0.000000,-12,287.454229,442.043266,1.440000,440.603266
1521,-13.389787,-12.649615,-14.649615,-10.649615,informed,none,0.000000,-12,287.454229,448.131676,1.440000,446.691676
1522,-14.797508,-14.474340,-16.474340,-12.474340,informed,none,0.000000,-12,287.454229,465.024322,1.440000,463.584322
1523,-15.364635,-16.433911,-18.433911,-14.433911,noise,none,0.000000,-12,287.454229,471.829853,1.440000,470.389853
1524,-15.213919,-16.553579,-18.553579,-14.553579,informed,none,0.000000,-12,287.454229,470.021253,1.440000,468.581253
1525,-15.383550,-14.486378,-16.486378,-12.486378,noise,none,0.000000,-12,287.454229,472.056828,1.440000,470.616828
1526,-15.325397,-17.795711,-19.795711,-15.795711,noise,none,0.000000,-12,287.454229,471.358988,1.440000,469.918988
1527,-15.768100,-17.674920,-19.674920,-15.674920,noise,buy_from_mm,-15.674920,-13,271.779309,476.764605,1.690000,475.074605
1528,-16.457025,-16.082729,-18.082729,-14.082729,noise,none,0.000000,-13,271.779309,485.720632,1.690000,484.030632
1529,-15.057142,-12.710073,-14.710073,-10.710073,noise,none,0.000000,-13,271.779309,467.522149,1.690000,465.832149
1530,-13.974339,-14.473829,-16.473829,-12.473829,informed,none,0.000000,-13,271.779309,453.445719,1.690000,451.755719
1531,-14.464810,-15.409468,-17.409468,-13.409468,noise,buy_from_mm,-13.409468,-14,258.369841,460.877179,1.960000,458.917179
1532,-13.395058,-11.568750,-13.568750,-9.568750,noise,sell_to_mm,-13.568750,-13,271.938590,446.074344,1.690000,444.384344
1533,-12.739946,-13.436606,-15.436606,-11.436606,informed,none,0.000000,-13,271.938590,437.557895,1.690000,435.867895
1534,-11.764633,-12.034615,-14.034615,-10.034615,noise,none,0.000000,-13,271.938590,424.878825,1.690000,423.188825
1535,-11.695838,-12.267063,-14.267063,-10.267063,noise,buy_from_mm,-10.267063,-14,261.671528,425.413259,1.960000,423.453259
1536,-12.071676,-14.668773,-16.668773,-12.668773,noise,none,0.000000,-14,261.671528,430.674989,1.960000,428.714989
1537,-12.165584,-10.854716,-12.854716,-8.854716,informed,none,0.000000,-14,261.671528,431.989707,1.960000,430.029707
1538,-12.880674,-12.681035,-14.681035,-10.681035,informed,none,0.000000,-14,261.671528,442.000967,1.960000,440.040967
1539,-12.062817,-7.747200,-9.747200,-5.747200,informed,sell_to_mm,-9.747200,-13,271.418727,428.235344,1.690000,426.545344
1540,-11.970832,-14.043793,-16.043793,-12.043793,informed,buy_from_mm,-12.043793,-14,259.374934,426.966588,1.960000,425.006588
1541,-12.804637,-9.746933,-11.746933,-7.746933,noise,none,0.000000,-14,259.374934,438.639856,1.960000,436.679856
1542,-12.596850,-16.146167,-18.146167,-14.146167,noise,sell_to_mm,-18.146167,-13,277.521102,441.280149,1.690000,439.590149
1543,-11.843979,-11.560257,-13.560257,-9.560257,noise,none,0.000000,-13,277.521102,431.492826,1.690000,429.802826
1544,-10.846155,-11.398483,-13.398483,-9.398483,noise,none,0.000000,-13,277.521102,418.521116,1.690000,416.831116
1545,-10.138366,-8.705162,-10.705162,-6.705162,noise,none,0.000000,-13,277.521102,409.319859,1.690000,407.629859
1546,-10.911742,-8.166297,-10.166297,-6.166297,informed,sell_to_mm,-10.166297,-12,287.687398,418.628305,1.440000,417.188305
1547,-10.515010,-11.385476,-13.385476,-9.385476,noise,none,0.000000,-12,287.687398,413.867522,1.440000,412.427522
1548,-9.939044,-9.793512,-11.793512,-7.793512,noise,none,0.000000,-12,287.687398,406.955923,1.440000,405.515923
1549,-10.166975,-12.099342,-14.099342,-10.099342,noise,none,0.000000,-12,287.687398,409.691101,1.440000,408.251101
1550,-9.754750,-10.946281,-12.946281,-8.946281,informed,none,0.000000,-12,287.687398,404.744394,1.440000,403.304394
1551,-11.043528,-8.082113,-10.082113,-6.082113,noise,sell_to_mm,-10.082113,-11,297.769511,419.248322,1.210000,418.038322
1552,-11.152455,-14.702887,-16.702887,-12.702887,noise,buy_from_mm,-12.702887,-12,285.066625,418.896086,1.440000,417.456086
1553,-12.496462,-9.741092,-11.741092,-7.741092,noise,none,0.000000,-12,285.066625,435.024166,1.440000,433.584166
1554,-11.530356,-12.860265,-14.860265,-10.860265,noise,sell_to_mm,-14.860265,-11,299.926890,426.760802,1.210000,425.550802
1555,-11.684348,-15.714811,-17.714811,-13.714811,informed,buy_from_mm,-13.714811,-12,286.212079,426.424249,1.440000,424.984249
1556,-12.446483,-9.657569,-11.657569,-7.657569,informed,sell_to_mm,-11.657569,-11,297.869648,434.780965,1.210000,433.570965
1557,-12.880905,-14.275913,-16.275913,-12.275913,noise,none,0.000000,-11,297.869648,439.559599,1.210000,438.349599
1558,-11.880519,-16.629657,-18.629657,-14.629657,informed,buy_from_mm,-14.629657,-12,283.239991,425.806217,1.440000,424.366217
1559,-14.126102,-16.121749,-18.121749,-14.121749,noise,none,0.000000,-12,283.239991,452.753214,1.440000,451.313214
1560,-13.659223,-12.320231,-14.320231,-10.320231,informed,none,0.000000,-12,283.239991,447.150670,1.440000,445.710670
1561,-14.356754,-9.375867,-11.375867,-7.375867,noise,none,0.000000,-12,283.239991,455.521043,1.440000,454.081043
1562,-14.254865,-13.271263,-15.271263,-11.271263,informed,none,0.000000,-12,283.239991,454.298372,1.440000,452.858372
1563,-13.491250,-14.764048,-16.764048,-12.764048,noise,buy_from_mm,-12.764048,-13,270.475943,445.862192,1.690000,444.172192
1564,-13.098678,-12.097740,-14.097740,-10.097740,noise,none,0.000000,-13,270.475943,440.758759,1.690000,439.068759
1565,-13.327367,-14.985791,-16.985791,-12.985791,noise,none,0.000000,-13,270.475943,443.731711,1.690000,442.041711
1566,-13.143185,-17.662169,-19.662169,-15.662169,noise,none,0.000000,-13,270.475943,441.337351,1.690000,439.647351
1567,-12.131427,-13.383956,-15.383956,-11.383956,noise,buy_from_mm,-11.383956,-14,259.091987,428.931962,1.960000,426.971962
1568,-12.092749,-10.406546,-12.406546,-8.406546,noise,buy_from_mm,-8.406546,-15,250.685440,432.076674,2.250000,429.826674
1569,-13.293349,-13.652787,-15.652787,-11.652787,informed,none,0.000000,-15,250.685440,450.085677,2.250000,447.835677
1570,-13.554034,-12.905171,-14.905171,-10.905171,noise,none,0.000000,-15,250.685440,453.995949,2.250000,451.745949
1571,-13.017138,-13.584217,-15.584217,-11.584217,noise,none,0.000000,-15,250.685440,445.942514,2.250000,443.692514
1572,-12.464891,-12.619032,-14.619032,-10.619032,informed,none,0.000000,-15,250.685440,437.658805,2.250000,435.408805
1573,-11.307173,-9.768361,-11.768361,-7.768361,informed,none,0.000000,-15,250.685440,420.293038,2.250000,418.043038
1574,-12.674711,-12.947898,-14.947898,-10.947898,noise,none,0.000000,-15,250.685440,440.806104,2.250000,438.556104
1575,-13.496659,-11.917455,-13.917455,-9.917455,noise,none,0.000000,-15,250.685440,453.135325,2.250000,450.885325
1576,-11.660046,-13.413666,-15.413666,-11.413666,informed,none,0.000000,-15,250.685440,425.586128,2.250000,423.336128
1577,-11.268645,-12.715708,-14.715708,-10.715708,noise,none,0.000000,-15,250.685440,419.715119,2.250000,417.465119
1578,-12.212401,-12.252857,-14.252857,-10.252857,informed,none,0.000000,-15,250.685440,433.871457,2.250000,431.621457
1579,-10.844476,-15.101248,-17.101248,-13.101248,noise,buy_from_mm,-13.101248,-16,237.584192,411.095804,2.560000,408.535804
1580,-9.903748,-10.163763,-12.163763,-8.163763,noise,none,0.000000,-16,237.584192,396.044164,2.560000,393.484164
1581,-9.161685,-7.203608,-9.203608,-5.203608,informed,none,0.000000,-16,237.584192,384.171159,2.560000,381.611159
1582,-8.250908,-7.309550,-9.309550,-5.309550,noise,none,0.000000,-16,237.584192,369.598716,2.560000,367.038716
1583,-8.297889,-9.153985,-11.153985,-7.153985,noise,buy_from_mm,-7.153985,-17,230.430207,371.494326,2.890000,368.604326
1584,-8.789290,-7.126598,-9.126598,-5.126598,noise,buy_from_mm,-5.126598,-18,225.303609,383.510833,3.240000,380.270833
1585,-8.436163,-10.118907,-12.118907,-8.118907,informed,none,0.000000,-18,225.303609,377.154550,3.240000,373.914550
1586,-7.191784,-8.185119,-10.185119,-6.185119,noise,none,0.000000,-18,225.303609,354.755713,3.240000,351.515713
1587,-7.589605,-9.312108,-11.312108,-7.312108,informed,none,0.000000,-18,225.303609,361.916507,3.240000,358.676507
1588,-9.526199,-7.672454,-9.672454,-5.672454,informed,none,0.000000,-18,225.303609,396.775185,3.240000,393.535185
1589,-9.242410,-9.159880,-11.159880,-7.159880,noise,none,0.000000,-18,225.303609,391.666996,3.240000,388.426996
1590,-9.539237,-7.217219,-9.217219,-5.217219,noise,none,0.000000,-18,225.303609,397.009882,3.240000,393.769882
1591,-9.755792,-11.753944,-13.753944,-9.753944,informed,none,0.000000,-18,225.303609,400.907856,3.240000,397.667856
1592,-11.103809,-13.449251,-15.449251,-11.449251,informed,buy_from_mm,-11.449251,-19,213.854358,424.826729,3.610000,421.216729
1593,-8.621766,-7.749858,-9.749858,-5.749858,informed,none,0.000000,-19,213.854358,377.667910,3.610000,374.057910
1594,-10.476019,-6.928129,-8.928129,-4.928129,noise,none,0.000000,-19,213.854358,412.898722,3.610000,409.288722
1595,-12.732916,-11.420215,-13.420215,-9.420215,informed,none,0.000000,-19,213.854358,455.779753,3.610000,452.169753
1596,-11.089057,-12.683439,-14.683439,-10.683439,noise,none,0.000000,-19,213.854358,424.546443,3.610000,420.936443
1597,-12.100271,-15.835371,-17.835371,-13.835371,noise,none,0.000000,-19,213.854358,443.759504,3.610000,440.149504
1598,-12.001356,-11.453148,-13.453148,-9.453148,noise,none,0.000000,-19,213.854358,441.880117,3.610000,438.270117
1599,-12.418950,-10.039758,-12.039758,-8.039758,noise,none,0.000000,-19,213.854358,449.814411,3.610000,446.204411
1600,-12.004593,-13.158569,-15.158569,-11.158569,informed,none,0.000000,-19,213.854358,441.941622,3.610000,438.331622
1601,-12.038272,-9.959050,-11.959050,-7.959050,noise,none,0.000000,-19,213.854358,442.581518,3.610000,438.971518
1602,-12.929590,-15.479815,-17.479815,-13.479815,noise,none,0.000000,-19,213.854358,459.516560,3.610000,455.906560
1603,-12.726489,-12.675030,-14.675030,-10.675030,informed,none,0.000000,-19,213.854358,455.657647,3.610000,452.047647
1604,-14.484243,-18.232705,-20.232705,-16.232705,noise,none,0.000000,-19,213.854358,489.054982,3.610000,485.444982
1605,-14.767816,-13.584586,-15.584586,-11.584586,noise,none,0.000000,-19,213.854358,494.442870,3.610000,490.832870
1606,-15.674914,-15.647127,-17.647127,-13.647127,noise,none,0.000000,-19,213.854358,511.677727,3.610000,508.067727
1607,-15.149237,-14.487069,-16.487069,-12.487069,noise,none,0.000000,-19,213.854358,501.689866,3.610000,498.079866
1608,-13.844283,-13.127773,-15.127773,-11.127773,noise,none,0.000000,-19,213.854358,476.895740,3.610000,473.285740
1609,-12.609040,-9.959487,-11.959487,-7.959487,noise,sell_to_mm,-11.959487,-18,225.813845,452.776561,3.240000,449.536561
1610,-11.697338,-10.207299,-12.207299,-8.207299,noise,none,0.000000,-18,225.813845,436.365927,3.240000,433.125927
1611,-10.923448,-12.061197,-14.061197,-10.061197,informed,none,0.000000,-18,225.813845,422.435907,3.240000,419.195907
1612,-11.163656,-11.983578,-13.983578,-9.983578,noise,buy_from_mm,-9.983578,-19,215.830268,427.939725,3.610000,424.329725
1613,-12.486779,-10.873881,-12.873881,-8.873881,noise,none,0.000000,-19,215.830268,453.079065,3.610000,449.469065
1614,-10.603199,-8.293395,-10.293395,-6.293395,informed,sell_to_mm,-10.293395,-18,226.123662,416.981239,3.240000,413.741239
1615,-10.943520,-14.573247,-16.573247,-12.573247,noise,none,0.000000,-18,226.123662,423.107022,3.240000,419.867022
1616,-12.979166,-10.601014,-12.601014,-8.601014,informed,sell_to_mm,-12.601014,-17,238.724676,459.370499,2.890000,456.480499
1617,-13.843247,-15.441182,-17.441182,-13.441182,informed,none,0.000000,-17,238.724676,474.059880,2.890000,471.169880
1618,-13.521963,-13.002741,-15.002741,-11.002741,noise,none,0.000000,-17,238.724676,468.598043,2.890000,465.708043
1619,-14.793848,-15.149348,-17.149348,-13.149348,noise,none,0.000000,-17,238.724676,490.220086,2.890000,487.330086
1620,-15.025416,-15.790605,-17.790605,-13.790605,noise,none,0.000000,-17,238.724676,494.156755,2.890000,491.266755
1621,-14.177690,-12.256795,-14.256795,-10.256795,noise,none,0.000000,-17,238.724676,479.745411,2.890000,476.855411
1622,-12.658187,-17.597208,-19.597208,-15.597208,noise,none,0.000000,-17,238.724676,453.913857,2.890000,451.023857
1623,-11.228898,-11.885839,-13.885839,-9.885839,noise,none,0.000000,-17,238.724676,429.615939,2.890000,426.725939
1624,-9.808444,-11.570117,-13.570117,-9.570117,informed,none,0.000000,-17,238.724676,405.468228,2.890000,402.578228
1625,-8.175181,-7.123823,-9.123823,-5.123823,informed,none,0.000000,-17,238.724676,377.702757,2.890000,374.812757
1626,-9.248370,-8.737119,-10.737119,-6.737119,informed,none,0.000000,-17,238.724676,395.946958,2.890000,393.056958
1627,-9.232647,-7.068561,-9.068561,-5.068561,noise,sell_to_mm,-9.068561,-16,247.793237,395.515581,2.560000,392.955581
1628,-8.759467,-9.888051,-11.888051,-7.888051,informed,none,0.000000,-16,247.793237,387.944716,2.560000,385.384716
1629,-8.168056,-7.520057,-9.520057,-5.520057,informed,none,0.000000,-16,247.793237,378.482133,2.560000,375.922133
1630,-7.733892,-7.158551,-9.158551,-5.158551,informed,none,0.000000,-16,247.793237,371.535515,2.560000,368.975515
1631,-7.008382,-7.870859,-9.870859,-5.870859,informed,none,0.000000,-16,247.793237,359.927347,2.560000,357.367347
1632,-8.687781,-9.277118,-11.277118,-7.277118,noise,none,0.000000,-16,247.793237,386.797732,2.560000,384.237732
1633,-9.128992,-7.074914,-9.074914,-5.074914,noise,none,0.000000,-16,247.793237,393.857113,2.560000,391.297113
1634,-9.427362,-10.922050,-12.922050,-8.922050,noise,buy_from_mm,-8.922050,-17,238.871187,399.136340,2.890000,396.246340
1635,-8.640354,-13.413718,-15.413718,-11.413718,noise,none,0.000000,-17,238.871187,385.757211,2.890000,382.867211
1636,-6.145152,-7.311305,-9.311305,-5.311305,noise,none,0.000000,-17,238.871187,343.338772,2.890000,340.448772
1637,-8.234200,-10.051772,-12.051772,-8.051772,noise,sell_to_mm,-12.051772,-16,250.922959,382.670155,2.560000,380.110155
1638,-7.782196,-8.178327,-10.178327,-6.178327,informed,none,0.000000,-16,250.922959,375.438098,2.560000,372.878098
1639,-6.614732,-6.577085,-8.577085,-4.577085,noise,none,0.000000,-16,250.922959,356.758672,2.560000,354.198672
1640,-6.987100,-7.342062,-9.342062,-5.342062,informed,none,0.000000,-16,250.922959,362.716561,2.560000,360.156561
1641,-7.863812,-7.106391,-9.106391,-5.106391,noise,none,0.000000,-16,250.922959,376.743956,2.560000,374.183956
1642,-8.401076,-6.937504,-8.937504,-4.937504,noise,none,0.000000,-16,250.922959,385.340174,2.560000,382.780174
1643,-8.432029,-8.651113,-10.651113,-6.651113,informed,none,0.000000,-16,250.922959,385.835420,2.560000,383.275420
1644,-7.670911,-5.937977,-7.937977,-3.937977,informed,none,0.000000,-16,250.922959,373.657531,2.560000,371.097531
1645,-7.594814,-7.094989,-9.094989,-5.094989,informed,none,0.000000,-16,250.922959,372.439975,2.560000,369.879975
1646,-9.558608,-11.414361,-13.414361,-9.414361,noise,sell_to_mm,-13.414361,-15,264.337320,407.716440,2.250000,405.466440
1647,-8.417072,-11.946185,-13.946185,-9.946185,noise,none,0.000000,-15,264.337320,390.593406,2.250000,388.343406
1648,-7.153618,-8.762783,-10.762783,-6.762783,informed,none,0.000000,-15,264.337320,371.641595,2.250000,369.391595
1649,-6.572848,-3.815334,-5.815334,-1.815334,noise,none,0.000000,-15,264.337320,362.930040,2.250000,360.680040
1650,-8.285800,-5.366393,-7.366393,-3.366393,noise,buy_from_mm,-3.366393,-16,260.970927,393.543730,2.560000,390.983730
1651,-11.345483,-10.383430,-12.383430,-8.383430,informed,none,0.000000,-16,260.970927,442.498652,2.560000,439.938652
1652,-10.733293,-7.859435,-9.859435,-5.859435,noise,none,0.000000,-16,260.970927,432.703613,2.560000,430.143613
1653,-11.011110,-8.768411,-10.768411,-6.768411,noise,none,0.000000,-16,260.970927,437.148684,2.560000,434.588684
1654,-11.710922,-15.634372,-17.634372,-13.634372,noise,none,0.000000,-16,260.970927,448.345679,2.560000,445.785679
1655,-11.469732,-10.761312,-12.761312,-8.761312,noise,none,0.000000,-16,260.970927,444.486634,2.560000,441.926634
1656,-12.026770,-12.119265,-14.119265,-10.119265,informed,none,0.000000,-16,260.970927,453.399253,2.560000,450.839253
1657,-11.582990,-12.636104,-14.636104,-10.636104,noise,sell_to_mm,-14.636104,-15,275.607031,449.351883,2.250000,447.101883
1658,-11.669852,-14.681092,-16.681092,-12.681092,informed,buy_from_mm,-12.681092,-16,262.925939,449.643564,2.560000,447.083564
1659,-10.024869,-7.543612,-9.543612,-5.543612,informed,sell_to_mm,-9.543612,-15,272.469550,422.842586,2.250000,420.592586
1660,-10.022073,-8.214018,-10.214018,-6.214018,informed,none,0.000000,-15,272.469550,422.800638,2.250000,420.550638
1661,-10.913921,-9.385191,-11.385191,-7.385191,noise,none,0.000000,-15,272.469550,436.178359,2.250000,433.928359
1662,-9.926778,-12.462752,-14.462752,-10.462752,noise,none,0.000000,-15,272.469550,421.371214,2.250000,419.121214
1663,-10.215270,-5.354815,-7.354815,-3.354815,noise,none,0.000000,-15,272.469550,425.698604,2.250000,423.448604
1664,-10.679760,-8.926856,-10.926856,-6.926856,noise,none,0.000000,-15,272.469550,432.665948,2.250000,430.415948
1665,-11.866830,-12.364030,-14.364030,-10.364030,noise,none,0.000000,-15,272.469550,450.471995,2.250000,448.221995
1666,-12.804986,-13.379202,-15.379202,-11.379202,informed,none,0.000000,-15,272.469550,464.544340,2.250000,462.294340
1667,-12.793402,-11.825444,-13.825444,-9.825444,informed,none,0.000000,-15,272.469550,464.370586,2.250000,462.120586
1668,-11.845333,-15.653854,-17.653854,-13.653854,noise,sell_to_mm,-17.653854,-14,290.123405,455.958065,1.960000,453.998065
1669,-12.710787,-16.354738,-18.354738,-14.354738,informed,buy_from_mm,-14.354738,-15,275.768667,466.430468,2.250000,464.180468
1670,-12.160839,-8.333610,-10.333610,-6.333610,noise,none,0.000000,-15,275.768667,458.181258,2.250000,455.931258
1671,-12.039627,-14.483187,-16.483187,-12.483187,noise,none,0.000000,-15,275.768667,456.363065,2.250000,454.113065
1672,-11.961648,-13.435180,-15.435180,-11.435180,noise,sell_to_mm,-15.435180,-14,291.203847,458.666922,1.960000,456.706922
1673,-9.421048,-10.057601,-12.057601,-8.057601,informed,none,0.000000,-14,291.203847,423.098518,1.960000,421.138518
1674,-8.507988,-8.200603,-10.200603,-6.200603,informed,none,0.000000,-14,291.203847,410.315682,1.960000,408.355682
1675,-8.937421,-10.027748,-12.027748,-8.027748,noise,none,0.000000,-14,291.203847,416.327739,1.960000,414.367739
1676,-7.829560,-6.513267,-8.513267,-4.513267,noise,none,0.000000,-14,291.203847,400.817692,1.960000,398.857692
1677,-7.977205,-8.457170,-10.457170,-6.457170,noise,none,0.000000,-14,291.203847,402.884717,1.960000,400.924717
1678,-7.800117,-9.593549,-11.593549,-7.593549,noise,buy_from_mm,-7.593549,-15,283.610298,400.612049,2.250000,398.362049
1679,-7.083620,-3.658874,-5.658874,-1.658874,noise,none,0.000000,-15,283.610298,389.864592,2.250000,387.614592
1680,-5.165799,-5.944205,-7.944205,-3.944205,informed,none,0.000000,-15,283.610298,361.097278,2.250000,358.847278
1681,-5.797801,-7.338431,-9.338431,-5.338431,informed,none,0.000000,-15,283.610298,370.577307,2.250000,368.327307
1682,-6.423482,-8.842562,-10.842562,-6.842562,noise,sell_to_mm,-10.842562,-14,294.452860,384.381601,1.960000,382.421601
1683,-6.484895,-2.332396,-4.332396,-0.332396,noise,buy_from_mm,-0.332396,-15,294.120464,391.393884,2.250000,389.143884
1684,-7.509090,-6.649219,-8.649219,-4.649219,noise,none,0.000000,-15,294.120464,406.756807,2.250000,404.506807
1685,-5.886566,-9.001890,-11.001890,-7.001890,noise,none,0.000000,-15,294.120464,382.418959,2.250000,380.168959
1686,-5.171179,-4.059282,-6.059282,-2.059282,noise,sell_to_mm,-6.059282,-14,300.179746,372.576258,1.960000,370.616258
1687,-4.646720,-2.412879,-4.412879,-0.412879,noise,none,0.000000,-14,300.179746,365.233831,1.960000,363.273831
1688,-5.264766,-6.538405,-8.538405,-4.538405,noise,none,0.000000,-14,300.179746,373.886469,1.960000,371.926469
1689,-6.896139,-6.813998,-8.813998,-4.813998,informed,none,0.000000,-14,300.179746,396.725691,1.960000,394.765691
1690,-8.508977,-7.382513,-9.382513,-5.382513,informed,none,0.000000,-14,300.179746,419.305427,1.960000,417.345427
1691,-7.739065,-8.227684,-10.227684,-6.227684,noise,none,0.000000,-14,300.179746,408.526659,1.960000,406.566659
1692,-7.414244,-10.326847,-12.326847,-8.326847,informed,buy_from_mm,-8.326847,-15,291.852899,403.066558,2.250000,400.816558
1693,-7.791992,-9.057621,-11.057621,-7.057621,noise,sell_to_mm,-11.057621,-14,302.910519,411.998407,1.960000,410.038407
1694,-8.374746,-3.347048,-5.347048,-1.347048,noise,buy_from_mm,-1.347048,-15,301.563471,427.184664,2.250000,424.934664
1695,-9.191444,-7.233668,-9.233668,-5.233668,noise,none,0.000000,-15,301.563471,439.435136,2.250000,437.185136
1696,-10.027321,-12.525098,-14.525098,-10.525098,noise,buy_from_mm,-10.525098,-16,291.038373,451.475515,2.560000,448.915515
1697,-8.915095,-8.593644,-10.593644,-6.593644,noise,none,0.000000,-16,291.038373,433.679896,2.560000,431.119896
1698,-6.974815,-6.573285,-8.573285,-4.573285,informed,none,0.000000,-16,291.038373,402.635408,2.560000,400.075408
1699,-6.878301,-8.717836,-10.717836,-6.717836,noise,none,0.000000,-16,291.038373,401.091196,2.560000,398.531196
1700,-6.192068,-4.272934,-6.272934,-2.272934,informed,none,0.000000,-16,291.038373,390.111453,2.560000,387.551453
1701,-5.976636,-2.031155,-4.031155,-0.031155,informed,sell_to_mm,-4.031155,-15,295.069527,384.719062,2.250000,382.469062
1702,-6.492320,-8.025508,-10.025508,-6.025508,noise,none,0.000000,-15,295.069527,392.454330,2.250000,390.204330
1703,-5.309309,-3.490516,-5.490516,-1.490516,noise,none,0.000000,-15,295.069527,374.709155,2.250000,372.459155
1704,-6.113420,-4.385369,-6.385369,-2.385369,noise,none,0.000000,-15,295.069527,386.770834,2.250000,384.520834
1705,-6.630508,-3.107220,-5.107220,-1.107220,noise,none,0.000000,-15,295.069527,394.527152,2.250000,392.277152
1706,-6.561706,-2.845317,-4.845317,-0.845317,noise,none,0.000000,-15,295.069527,393.495123,2.250000,391.245123
1707,-6.966836,-3.677140,-5.677140,-1.677140,informed,sell_to_mm,-5.677140,-14,300.746667,398.282370,1.960000,396.322370
1708,-6.028312,-3.413513,-5.413513,-1.413513,noise,sell_to_mm,-5.413513,-13,306.160180,384.528236,1.690000,382.838236
1709,-5.602529,-2.786916,-4.786916,-0.786916,informed,sell_to_mm,-4.786916,-12,310.947096,378.177446,1.440000,376.737446
1710,-5.445802,-4.261708,-6.261708,-2.261708,informed,none,0.000000,-12,310.947096,376.296717,1.440000,374.856717
1711,-3.923861,-7.776059,-9.776059,-5.776059,noise,none,0.000000,-12,310.947096,358.033425,1.440000,356.593425
1712,-4.007047,-4.298153,-6.298153,-2.298153,noise,buy_from_mm,-2.298153,-13,308.648943,360.740558,1.690000,359.050558
1713,-4.938529,-5.067826,-7.067826,-3.067826,informed,none,0.000000,-13,308.648943,372.849817,1.690000,371.159817
1714,-5.701194,-4.085001,-6.085001,-2.085001,informed,none,0.000000,-13,308.648943,382.764465,1.690000,381.074465
1715,-5.795369,-5.944989,-7.944989,-3.944989,noise,sell_to_mm,-7.944989,-12,316.593932,386.138361,1.440000,384.698361
1716,-6.128239,-5.299903,-7.299903,-3.299903,noise,none,0.000000,-12,316.593932,390.132797,1.440000,388.692797
1717,-5.328614,-10.123433,-12.123433,-8.123433,noise,buy_from_mm,-8.123433,-13,308.470499,377.742480,1.690000,376.052480
1718,-4.168002,-6.208951,-8.208951,-4.208951,noise,sell_to_mm,-8.208951,-12,316.679450,366.695476,1.440000,365.255476
1719,-6.442982,-6.713385,-8.713385,-4.713385,noise,none,0.000000,-12,316.679450,393.995240,1.440000,392.555240
1720,-7.440516,-11.480342,-13.480342,-9.480342,noise,sell_to_mm,-13.480342,-11,330.159792,412.005473,1.210000,410.795473
1721,-6.816478,-6.713906,-8.713906,-4.713906,informed,none,0.000000,-11,330.159792,405.141047,1.210000,403.931047
1722,-7.727174,-7.203487,-9.203487,-5.203487,informed,none,0.000000,-11,330.159792,415.158711,1.210000,413.948711
1723,-6.502637,-7.459483,-9.459483,-5.459483,noise,none,0.000000,-11,330.159792,401.688799,1.210000,400.478799
1724,-5.754218,-5.411067,-7.411067,-3.411067,noise,sell_to_mm,-7.411067,-10,337.570859,395.113039,1.000000,394.113039
1725,-5.674432,-7.866149,-9.866149,-5.866149,informed,buy_from_mm,-5.866149,-11,331.704710,394.123467,1.210000,392.913467
1726,-7.958656,-9.836741,-11.836741,-7.836741,informed,none,0.000000,-11,331.704710,419.249929,1.210000,418.039929
1727,-6.537502,-9.200254,-11.200254,-7.200254,informed,buy_from_mm,-7.200254,-12,324.504456,402.954484,1.440000,401.514484
1728,-5.667855,-8.719628,-10.719628,-6.719628,noise,buy_from_mm,-6.719628,-13,317.784827,391.466943,1.690000,389.776943
1729,-4.533268,-3.407333,-5.407333,-1.407333,informed,none,0.000000,-13,317.784827,376.717312,1.690000,375.027312
1730,-5.891021,-6.582151,-8.582151,-4.582151,informed,none,0.000000,-13,317.784827,394.368096,1.690000,392.678096
1731,-6.986448,-6.265007,-8.265007,-4.265007,noise,none,0.000000,-13,317.784827,408.608655,1.690000,406.918655
1732,-6.509222,-5.953048,-7.953048,-3.953048,noise,none,0.000000,-13,317.784827,402.404719,1.690000,400.714719
1733,-5.252637,-5.886699,-7.886699,-3.886699,informed,none,0.000000,-13,317.784827,386.069106,1.690000,384.379106
1734,-6.817702,-9.662963,-11.662963,-7.662963,noise,sell_to_mm,-11.662963,-12,329.447790,411.260209,1.440000,409.820209
1735,-7.163798,-10.178965,-12.178965,-8.178965,informed,buy_from_mm,-8.178965,-13,321.268825,414.398206,1.690000,412.708206
1736,-8.168720,-10.102601,-12.102601,-8.102601,informed,none,0.000000,-13,321.268825,427.462188,1.690000,425.772188
1737,-9.711259,-11.423685,-13.423685,-9.423685,informed,none,0.000000,-13,321.268825,447.515192,1.690000,445.825192
1738,-10.595997,-11.993738,-13.993738,-9.993738,noise,sell_to_mm,-13.993738,-12,335.262564,462.414532,1.440000,460.974532
1739,-9.155055,-10.169497,-12.169497,-8.169497,informed,none,0.000000,-12,335.262564,445.123228,1.440000,443.683228
1740,-8.843181,-9.082203,-11.082203,-7.082203,informed,none,0.000000,-12,335.262564,441.380741,1.440000,439.940741
1741,-8.065871,-4.258923,-6.258923,-2.258923,noise,none,0.000000,-12,335.262564,432.053020,1.440000,430.613020
1742,-6.577883,-6.965084,-8.965084,-4.965084,noise,buy_from_mm,-4.965084,-13,330.297480,415.809963,1.690000,414.119963
1743,-7.207703,-1.662609,-3.662609,0.337391,informed,sell_to_mm,-3.662609,-12,333.960089,420.452529,1.440000,419.012529
1744,-6.116660,-2.886927,-4.886927,-0.886927,informed,sell_to_mm,-4.886927,-11,338.847016,406.130274,1.210000,404.920274
1745,-5.819379,-5.331489,-7.331489,-3.331489,noise,none,0.000000,-11,338.847016,402.860187,1.210000,401.650187
1746,-5.647846,-5.343549,-7.343549,-3.343549,noise,none,0.000000,-11,338.847016,400.973320,1.210000,399.763320
1747,-6.306865,-4.285329,-6.285329,-2.285329,noise,none,0.000000,-11,338.847016,408.222527,1.210000,407.012527
1748,-7.096415,-6.306751,-8.306751,-4.306751,informed,none,0.000000,-11,338.847016,416.907576,1.210000,415.697576
1749,-7.157757,-4.648885,-6.648885,-2.648885,informed,sell_to_mm,-6.648885,-10,345.495901,417.073471,1.000000,416.073471
1750,-6.808810,-6.624753,-8.624753,-4.624753,noise,none,0.000000,-10,345.495901,413.584004,1.000000,412.584004
1751,-7.361589,-8.790129,-10.790129,-6.790129,noise,none,0.000000,-10,345.495901,419.111790,1.000000,418.111790
1752,-6.199990,-5.565646,-7.565646,-3.565646,informed,none,0.000000,-10,345.495901,407.495805,1.000000,406.495805
1753,-6.052694,-6.126726,-8.126726,-4.126726,noise,none,0.000000,-10,345.495901,406.022840,1.000000,405.022840
1754,-6.659805,-5.580199,-7.580199,-3.580199,noise,buy_from_mm,-3.580199,-11,341.915702,415.173554,1.210000,413.963554
1755,-7.082736,-6.354457,-8.354457,-4.354457,informed,none,0.000000,-11,341.915702,419.825801,1.210000,418.615801
1756,-5.382867,-5.296152,-7.296152,-3.296152,noise,none,0.000000,-11,341.915702,401.127243,1.210000,399.917243
1757,-4.552226,-4.470779,-6.470779,-2.470779,noise,buy_from_mm,-2.470779,-12,339.444923,394.071631,1.440000,392.631631
1758,-3.486091,-1.144144,-3.144144,0.855856,informed,sell_to_mm,-3.144144,-11,342.589067,380.936073,1.210000,379.726073
1759,-4.259243,-6.046117,-8.046117,-4.046117,informed,none,0.000000,-11,342.589067,389.440739,1.210000,388.230739
1760,-3.863435,-4.762521,-6.762521,-2.762521,noise,none,0.000000,-11,342.589067,385.086851,1.210000,383.876851
1761,-3.806827,-1.162489,-3.162489,0.837511,informed,sell_to_mm,-3.162489,-10,345.751556,383.819822,1.000000,382.819822
1762,-3.957793,-3.144741,-5.144741,-1.144741,noise,none,0.000000,-10,345.751556,385.329490,1.000000,384.329490
1763,-4.587343,-3.231582,-5.231582,-1.231582,informed,none,0.000000,-10,345.751556,391.624983,1.000000,390.624983
1764,-2.968122,-5.664596,-7.664596,-3.664596,noise,none,0.000000,-10,345.751556,375.432780,1.000000,374.432780
1765,-2.710617,-3.231716,-5.231716,-1.231716,noise,sell_to_mm,-5.231716,-9,350.983272,375.378821,0.810000,374.568821
1766,-2.382648,1.619825,-0.380175,3.619825,noise,none,0.000000,-9,350.983272,372.427107,0.810000,371.617107
1767,-0.528856,-0.147902,-2.147902,1.852098,informed,none,0.000000,-9,350.983272,355.742972,0.810000,354.932972
1768,-0.265120,1.596279,-0.403721,3.596279,informed,none,0.000000,-9,350.983272,353.369350,0.810000,352.559350
1769,0.756858,3.003883,1.003883,5.003883,noise,buy_from_mm,5.003883,-10,355.987155,348.418572,1.000000,347.418572
1770,0.461544,-0.907945,-2.907945,1.092055,noise,none,0.000000,-10,355.987155,351.371716,1.000000,350.371716
1771,1.338725,4.916231,2.916231,6.916231,informed,sell_to_mm,2.916231,-9,353.070924,341.022401,0.810000,340.212401
1772,2.314558,0.677569,-1.322431,2.677569,informed,none,0.000000,-9,353.070924,332.239902,0.810000,331.429902
1773,1.885697,4.676382,2.676382,6.676382,informed,sell_to_mm,2.676382,-8,350.394542,335.308969,0.640000,334.668969
1774,0.491155,-1.787873,-3.787873,0.212127,informed,buy_from_mm,0.212127,-9,350.606669,346.186273,0.810000,345.376273
1775,-0.222276,0.694077,-1.305923,2.694077,noise,none,0.000000,-9,350.606669,352.607155,0.810000,351.797155
1776,-1.475905,-0.171759,-2.171759,1.828241,noise,none,0.000000,-9,350.606669,363.889816,0.810000,363.079816
1777,-3.256885,-2.191073,-4.191073,-0.191073,informed,none,0.000000,-9,350.606669,379.918638,0.810000,379.108638
1778,-5.393754,-7.271514,-9.271514,-5.271514,noise,buy_from_mm,-5.271514,-10,345.335156,399.272694,1.000000,398.272694
1779,-6.162108,-6.995628,-8.995628,-4.995628,informed,none,0.000000,-10,345.335156,406.956235,1.000000,405.956235
1780,-5.229990,-2.024945,-4.024945,-0.024945,noise,sell_to_mm,-4.024945,-9,349.360101,396.430013,0.810000,395.620013
1781,-6.092639,-7.051621,-9.051621,-5.051621,noise,none,0.000000,-9,349.360101,404.193850,0.810000,403.383850
1782,-6.297370,-7.909216,-9.909216,-5.909216,informed,none,0.000000,-9,349.360101,406.036430,0.810000,405.226430
1783,-5.337702,-8.398738,-10.398738,-6.398738,noise,none,0.000000,-9,349.360101,397.399419,0.810000,396.589419
1784,-3.961985,-5.132324,-7.132324,-3.132324,noise,none,0.000000,-9,349.360101,385.017965,0.810000,384.207965
1785,-2.636838,-0.875677,-2.875677,1.124323,noise,none,0.000000,-9,349.360101,373.091644,0.810000,372.281644
1786,-4.608010,-6.835563,-8.835563,-4.835563,informed,buy_from_mm,-4.835563,-10,344.524538,390.604642,1.000000,389.604642
1787,-4.573559,-6.528868,-8.528868,-4.528868,noise,none,0.000000,-10,344.524538,390.260132,1.000000,389.260132
1788,-4.312860,-4.147737,-6.147737,-2.147737,informed,none,0.000000,-10,344.524538,387.653140,1.000000,386.653140
1789,-3.595825,-6.983305,-8.983305,-4.983305,noise,none,0.000000,-10,344.524538,380.482787,1.000000,379.482787
1790,-5.239467,-7.760807,-9.760807,-5.760807,informed,buy_from_mm,-5.760807,-11,338.763730,396.397866,1.210000,395.187866
1791,-5.129859,-6.700053,-8.700053,-4.700053,informed,none,0.000000,-11,338.763730,395.192184,1.210000,393.982184
1792,-5.555523,-6.093836,-8.093836,-4.093836,noise,none,0.000000,-11,338.763730,399.874482,1.210000,398.664482
1793,-6.147041,-7.122253,-9.122253,-5.122253,noise,sell_to_mm,-9.122253,-10,347.885984,409.356392,1.000000,408.356392
1794,-5.205866,-6.206242,-8.206242,-4.206242,noise,none,0.000000,-10,347.885984,399.944642,1.000000,398.944642
1795,-5.358721,-6.825186,-8.825186,-4.825186,informed,none,0.000000,-10,347.885984,401.473196,1.000000,400.473196
1796,-5.682587,-9.513289,-11.513289,-7.513289,noise,none,0.000000,-10,347.885984,404.711851,1.000000,403.711851
1797,-5.860787,-7.199191,-9.199191,-5.199191,noise,sell_to_mm,-9.199191,-9,357.085174,409.832258,0.810000,409.022258
1798,-6.177014,-3.588165,-5.588165,-1.588165,noise,none,0.000000,-9,357.085174,412.678300,0.810000,411.868300
1799,-7.411466,-7.569247,-9.569247,-5.569247,noise,none,0.000000,-9,357.085174,423.788364,0.810000,422.978364
1800,-8.160222,-8.209423,-10.209423,-6.209423,informed,none,0.000000,-9,357.085174,430.527175,0.810000,429.717175
1801,-7.549434,-7.470170,-9.470170,-5.470170,informed,none,0.000000,-9,357.085174,425.030079,0.810000,424.220079
1802,-7.251902,-6.240722,-8.240722,-4.240722,informed,none,0.000000,-9,357.085174,422.352292,0.810000,421.542292
1803,-8.331071,-5.695317,-7.695317,-3.695317,noise,none,0.000000,-9,357.085174,432.064818,0.810000,431.254818
1804,-8.169740,-8.817903,-10.817903,-6.817903,noise,none,0.000000,-9,357.085174,430.612837,0.810000,429.802837
1805,-8.851173,-7.801915,-9.801915,-5.801915,informed,none,0.000000,-9,357.085174,436.745729,0.810000,435.935729
1806,-7.618527,-7.236960,-9.236960,-5.236960,noise,none,0.000000,-9,357.085174,425.651916,0.810000,424.841916
1807,-7.676855,-3.440253,-5.440253,-1.440253,noise,none,0.000000,-9,357.085174,426.176871,0.810000,425.366871
1808,-6.778956,-7.880203,-9.880203,-5.880203,informed,none,0.000000,-9,357.085174,418.095778,0.810000,417.285778
1809,-6.685088,-6.703392,-8.703392,-4.703392,noise,none,0.000000,-9,357.085174,417.250969,0.810000,416.440969
1810,-7.538475,-5.092268,-7.092268,-3.092268,informed,sell_to_mm,-7.092268,-8,364.177443,424.485239,0.640000,423.845239
1811,-7.049155,-11.082613,-13.082613,-9.082613,informed,buy_from_mm,-9.082613,-9,355.094829,418.537227,0.810000,417.727227
1812,-6.287726,-4.439343,-6.439343,-2.439343,noise,none,0.000000,-9,355.094829,411.684364,0.810000,410.874364
1813,-6.628755,-6.673416,-8.673416,-4.673416,informed,none,0.000000,-9,355.094829,414.753626,0.810000,413.943626
1814,-6.505436,-8.426899,-10.426899,-6.426899,informed,none,0.000000,-9,355.094829,413.643751,0.810000,412.833751
1815,-7.130924,-5.862432,-7.862432,-3.862432,noise,none,0.000000,-9,355.094829,419.273143,0.810000,418.463143
1816,-9.144823,-10.375068,-12.375068,-8.375068,noise,none,0.000000,-9,355.094829,437.398233,0.810000,436.588233
1817,-10.301519,-9.360507,-11.360507,-7.360507,informed,none,0.000000,-9,355.094829,447.808499,0.810000,446.998499
1818,-8.784990,-8.560740,-10.560740,-6.560740,noise,none,0.000000,-9,355.094829,434.159739,0.810000,433.349739
1819,-8.169291,-6.323534,-8.323534,-4.323534,informed,none,0.000000,-9,355.094829,428.618446,0.810000,427.808446
1820,-8.701111,-6.204034,-8.204034,-4.204034,informed,sell_to_mm,-8.204034,-8,363.298863,432.907748,0.640000,432.267748
1821,-8.516720,-10.866975,-12.866975,-8.866975,informed,buy_from_mm,-8.866975,-9,354.431888,431.082370,0.810000,430.272370
1822,-6.775874,-4.322698,-6.322698,-2.322698,noise,buy_from_mm,-2.322698,-10,352.109190,419.867927,1.000000,418.867927
1823,-8.103692,-6.324739,-8.324739,-4.324739,noise,none,0.000000,-10,352.109190,433.146112,1.000000,432.146112
1824,-7.533734,-9.169654,-11.169654,-7.169654,informed,none,0.000000,-10,352.109190,427.446534,1.000000,426.446534
1825,-8.495086,-3.613670,-5.613670,-1.613670,noise,sell_to_mm,-5.613670,-9,357.722861,434.178631,0.810000,433.368631
1826,-8.401884,-10.545749,-12.545749,-8.545749,informed,buy_from_mm,-8.545749,-10,349.177112,433.195949,1.000000,432.195949
1827,-10.236596,-8.584014,-10.584014,-6.584014,noise,buy_from_mm,-6.584014,-11,342.593098,455.195652,1.210000,453.985652
1828,-11.117136,-11.718042,-13.718042,-9.718042,noise,none,0.000000,-11,342.593098,464.881597,1.210000,463.671597
1829,-11.622741,-12.864058,-14.864058,-10.864058,noise,buy_from_mm,-10.864058,-12,331.729040,471.201933,1.440000,469.761933
1830,-12.549667,-14.227612,-16.227612,-12.227612,informed,none,0.000000,-12,331.729040,482.325045,1.440000,480.885045
1831,-12.346239,-12.028736,-14.028736,-10.028736,noise,none,0.000000,-12,331.729040,479.883910,1.440000,478.443910
1832,-11.970006,-14.091874,-16.091874,-12.091874,noise,none,0.000000,-12,331.729040,475.369107,1.440000,473.929107
1833,-12.222551,-10.212781,-12.212781,-8.212781,informed,sell_to_mm,-12.212781,-11,343.941821,478.389882,1.210000,477.179882
1834,-12.483181,-15.624938,-17.624938,-13.624938,informed,buy_from_mm,-13.624938,-12,330.316883,480.115058,1.440000,478.675058
1835,-11.462172,-11.784964,-13.784964,-9.784964,noise,none,0.000000,-12,330.316883,467.862951,1.440000,466.422951
1836,-10.563573,-12.196151,-14.196151,-10.196151,noise,none,0.000000,-12,330.316883,457.079757,1.440000,455.639757
1837,-11.567909,-10.489029,-12.489029,-8.489029,informed,none,0.000000,-12,330.316883,469.131790,1.440000,467.691790
1838,-13.925346,-15.230736,-17.230736,-13.230736,noise,none,0.000000,-12,330.316883,497.421030,1.440000,495.981030
1839,-13.608216,-12.822305,-14.822305,-10.822305,noise,none,0.000000,-12,330.316883,493.615478,1.440000,492.175478
1840,-13.451530,-12.119927,-14.119927,-10.119927,noise,none,0.000000,-12,330.316883,491.735238,1.440000,490.295238
1841,-13.722149,-16.679417,-18.679417,-14.679417,informed,buy_from_mm,-14.679417,-13,315.637466,494.025403,1.690000,492.335403
1842,-13.946545,-17.879700,-19.879700,-15.879700,informed,buy_from_mm,-15.879700,-14,299.757766,495.009402,1.960000,493.049402
1843,-14.345935,-15.444601,-17.444601,-13.444601,noise,none,0.000000,-14,299.757766,500.600860,1.960000,498.640860
1844,-14.541856,-15.643589,-17.643589,-13.643589,informed,none,0.000000,-14,299.757766,503.343748,1.960000,501.383748
1845,-13.232083,-12.669964,-14.669964,-10.669964,noise,none,0.000000,-14,299.757766,485.006929,1.960000,483.046929
1846,-14.755757,-14.687639,-16.687639,-12.687639,noise,buy_from_mm,-12.687639,-15,287.070127,508.406489,2.250000,506.156489
1847,-14.480861,-15.818900,-17.818900,-13.818900,informed,none,0.000000,-15,287.070127,504.283047,2.250000,502.033047
1848,-14.539456,-13.785772,-15.785772,-11.785772,informed,none,0.000000,-15,287.070127,505.161972,2.250000,502.911972
1849,-15.722468,-11.458914,-13.458914,-9.458914,informed,sell_to_mm,-13.458914,-14,300.529042,520.643589,1.960000,518.683589
1850,-16.827307,-18.483218,-20.483218,-16.483218,noise,none,0.000000,-14,300.529042,536.111343,1.960000,534.151343
1851,-15.620761,-14.961208,-16.961208,-12.961208,noise,none,0.000000,-14,300.529042,519.219690,1.960000,517.259690
1852,-14.906507,-16.139388,-18.139388,-14.139388,noise,none,0.000000,-14,300.529042,509.220133,1.960000,507.260133
1853,-16.660409,-13.170876,-15.170876,-11.170876,noise,none,0.000000,-14,300.529042,533.774772,1.960000,531.814772
1854,-16.915915,-15.910839,-17.910839,-13.910839,noise,none,0.000000,-14,300.529042,537.351857,1.960000,535.391857
1855,-15.648654,-14.295918,-16.295918,-12.295918,informed,none,0.000000,-14,300.529042,519.610198,1.960000,517.650198
1856,-15.819293,-16.815299,-18.815299,-14.815299,noise,none,0.000000,-14,300.529042,521.999147,1.960000,520.039147
1857,-16.327268,-19.423635,-21.423635,-17.423635,noise,none,0.000000,-14,300.529042,529.110800,1.960000,527.150800
1858,-14.503099,-14.851991,-16.851991,-12.851991,informed,none,0.000000,-14,300.529042,503.572421,1.960000,501.612421
1859,-16.067391,-11.165808,-13.165808,-9.165808,noise,none,0.000000,-14,300.529042,525.472517,1.960000,523.512517
1860,-15.440906,-14.655837,-16.655837,-12.655837,noise,sell_to_mm,-16.655837,-13,317.184879,517.916658,1.690000,516.226658
1861,-15.448971,-15.979102,-17.979102,-13.979102,noise,none,0.000000,-13,317.184879,518.021506,1.690000,516.331506
1862,-14.331519,-15.644225,-17.644225,-13.644225,noise,none,0.000000,-13,317.184879,503.494631,1.690000,501.804631
1863,-14.670473,-13.988371,-15.988371,-11.988371,noise,sell_to_mm,-15.988371,-12,333.173250,509.218921,1.440000,507.778921
1864,-13.718834,-15.181396,-17.181396,-13.181396,noise,none,0.000000,-12,333.173250,497.799262,1.440000,496.359262
1865,-12.149664,-10.137796,-12.137796,-8.137796,informed,sell_to_mm,-12.137796,-11,345.311046,478.957347,1.210000,477.747347
1866,-12.305179,-11.927855,-13.927855,-9.927855,informed,none,0.000000,-11,345.311046,480.668011,1.210000,479.458011
1867,-14.001351,-17.727871,-19.727871,-15.727871,informed,buy_from_mm,-15.727871,-12,329.583175,497.599390,1.440000,496.159390
1868,-14.713229,-13.516497,-15.516497,-11.516497,noise,none,0.000000,-12,329.583175,506.141924,1.440000,504.701924
1869,-15.745047,-14.697395,-16.697395,-12.697395,noise,buy_from_mm,-12.697395,-13,316.885780,521.571393,1.690000,519.881393
1870,-15.168970,-14.079615,-16.079615,-12.079615,informed,none,0.000000,-13,316.885780,514.082394,1.690000,512.392394
1871,-14.251513,-17.317046,-19.317046,-15.317046,noise,none,0.000000,-13,316.885780,502.155445,1.690000,500.465445
1872,-14.804910,-14.765296,-16.765296,-12.765296,informed,none,0.000000,-13,316.885780,509.349609,1.690000,507.659609
1873,-16.271114,-15.836211,-17.836211,-13.836211,noise,none,0.000000,-13,316.885780,528.410267,1.690000,526.720267
1874,-16.262474,-17.118877,-19.118877,-15.118877,informed,none,0.000000,-13,316.885780,528.297947,1.690000,526.607947
1875,-16.917773,-23.926706,-25.926706,-21.926706,informed,buy_from_mm,-21.926706,-14,294.959074,531.807899,1.960000,529.847899
1876,-16.285947,-14.182102,-16.182102,-12.182102,noise,none,0.000000,-14,294.959074,522.962331,1.960000,521.002331
1877,-16.817544,-15.801927,-17.801927,-13.801927,noise,none,0.000000,-14,294.959074,530.404686,1.960000,528.444686
1878,-17.338057,-16.508502,-18.508502,-14.508502,noise,sell_to_mm,-18.508502,-13,313.467577,538.862323,1.690000,537.172323
1879,-17.078357,-18.465326,-20.465326,-16.465326,informed,none,0.000000,-13,313.467577,535.486223,1.690000,533.796223
1880,-16.947949,-13.246681,-15.246681,-11.246681,informed,sell_to_mm,-15.246681,-12,328.714258,532.089648,1.440000,530.649648
1881,-16.890843,-15.417066,-17.417066,-13.417066,noise,buy_from_mm,-13.417066,-13,315.297192,534.878154,1.690000,533.188154
1882,-17.361400,-11.595823,-13.595823,-9.595823,informed,sell_to_mm,-13.595823,-12,328.893014,537.229814,1.440000,535.789814
1883,-17.970490,-19.434878,-21.434878,-17.434878,noise,none,0.000000,-12,328.893014,544.538892,1.440000,543.098892
1884,-18.831316,-20.345525,-22.345525,-18.345525,noise,none,0.000000,-12,328.893014,554.868811,1.440000,553.428811
1885,-19.081572,-18.703485,-20.703485,-16.703485,informed,none,0.000000,-12,328.893014,557.871881,1.440000,556.431881
1886,-18.042520,-17.155245,-19.155245,-15.155245,noise,none,0.000000,-12,328.893014,545.403258,1.440000,543.963258
1887,-16.535791,-15.588912,-17.588912,-13.588912,informed,none,0.000000,-12,328.893014,527.322508,1.440000,525.882508
1888,-15.227347,-17.268912,-19.268912,-15.268912,informed,buy_from_mm,-15.268912,-13,313.624102,511.579616,1.690000,509.889616
1889,-14.487302,-18.453120,-20.453120,-16.453120,noise,none,0.000000,-13,313.624102,501.959032,1.690000,500.269032
1890,-12.989820,-10.463843,-12.463843,-8.463843,noise,buy_from_mm,-8.463843,-14,305.160259,487.017732,1.960000,485.057732
1891,-11.620227,-9.946911,-11.946911,-7.946911,noise,none,0.000000,-14,305.160259,467.843433,1.960000,465.883433
1892,-9.737320,-11.134194,-13.134194,-9.134194,noise,buy_from_mm,-9.134194,-15,296.026065,442.085871,2.250000,439.835871
1893,-8.401108,-6.575157,-8.575157,-4.575157,informed,none,0.000000,-15,296.026065,422.042690,2.250000,419.792690
1894,-7.880980,-7.776159,-9.776159,-5.776159,noise,sell_to_mm,-9.776159,-14,305.802224,416.135942,1.960000,414.175942
1895,-6.785091,-4.747446,-6.747446,-2.747446,informed,sell_to_mm,-6.747446,-13,312.549670,400.755856,1.690000,399.065856
1896,-4.944744,-5.093191,-7.093191,-3.093191,noise,sell_to_mm,-7.093191,-12,319.642861,378.979790,1.440000,377.539790
1897,-6.134175,-5.945056,-7.945056,-3.945056,noise,sell_to_mm,-7.945056,-11,327.587917,395.063837,1.210000,393.853837
1898,-8.460445,-4.350017,-6.350017,-2.350017,noise,none,0.000000,-11,327.587917,420.652810,1.210000,419.442810
1899,-9.415832,-8.413916,-10.413916,-6.413916,informed,none,0.000000,-11,327.587917,431.162068,1.210000,429.952068
1900,-10.220821,-12.024372,-14.024372,-10.024372,noise,sell_to_mm,-14.024372,-10,341.612288,443.820498,1.000000,442.820498
1901,-9.390214,-9.780134,-11.780134,-7.780134,informed,none,0.000000,-10,341.612288,435.514429,1.000000,434.514429
1902,-10.442828,-12.877276,-14.877276,-10.877276,informed,buy_from_mm,-10.877276,-11,330.735012,445.606116,1.210000,444.396116
1903,-10.839599,-11.651150,-13.651150,-9.651150,noise,none,0.000000,-11,330.735012,449.970601,1.210000,448.760601
1904,-11.341802,-11.944211,-13.944211,-9.944211,informed,none,0.000000,-11,330.735012,455.494832,1.210000,454.284832
1905,-11.879724,-10.204242,-12.204242,-8.204242,noise,none,0.000000,-11,330.735012,461.411971,1.210000,460.201971
1906,-10.506949,-9.230123,-11.230123,-7.230123,noise,none,0.000000,-11,330.735012,446.311454,1.210000,445.101454
1907,-13.347026,-13.951420,-15.951420,-11.951420,informed,none,0.000000,-11,330.735012,477.552300,1.210000,476.342300
1908,-12.903255,-13.338744,-15.338744,-11.338744,informed,none,0.000000,-11,330.735012,472.670819,1.210000,471.460819
1909,-15.078170,-13.272758,-15.272758,-11.272758,informed,none,0.000000,-11,330.735012,496.594882,1.210000,495.384882
1910,-14.868126,-18.637225,-20.637225,-16.637225,informed,buy_from_mm,-16.637225,-12,314.097787,492.515303,1.440000,491.075303
1911,-14.784724,-14.181657,-16.181657,-12.181657,noise,sell_to_mm,-16.181657,-11,330.279444,492.911411,1.210000,491.701411
1912,-15.114072,-16.104380,-18.104380,-14.104380,informed,none,0.000000,-11,330.279444,496.534231,1.210000,495.324231
1913,-14.954728,-13.165352,-15.165352,-11.165352,informed,none,0.000000,-11,330.279444,494.781457,1.210000,493.571457
1914,-14.070615,-13.116638,-15.116638,-11.116638,noise,none,0.000000,-11,330.279444,485.056210,1.210000,483.846210
1915,-14.363473,-16.589129,-18.589129,-14.589129,noise,none,0.000000,-11,330.279444,488.277643,1.210000,487.067643
1916,-15.946968,-17.595085,-19.595085,-15.595085,noise,sell_to_mm,-19.595085,-10,349.874529,509.344211,1.000000,508.344211
1917,-16.596290,-15.669206,-17.669206,-13.669206,informed,none,0.000000,-10,349.874529,515.837428,1.000000,514.837428
1918,-19.202468,-21.771903,-23.771903,-19.771903,noise,none,0.000000,-10,349.874529,541.899211,1.000000,540.899211
1919,-16.240914,-17.216564,-19.216564,-15.216564,noise,buy_from_mm,-15.216564,-11,334.657965,513.308019,1.210000,512.098019
1920,-15.143751,-18.861376,-20.861376,-16.861376,informed,buy_from_mm,-16.861376,-12,317.796589,499.521601,1.440000,498.081601
1921,-14.325309,-12.873538,-14.873538,-10.873538,noise,none,0.000000,-12,317.796589,489.700302,1.440000,488.260302
1922,-15.642706,-17.050095,-19.050095,-15.050095,noise,sell_to_mm,-19.050095,-11,336.846684,508.916451,1.210000,507.706451
1923,-16.088377,-16.759431,-18.759431,-14.759431,informed,none,0.000000,-11,336.846684,513.818827,1.210000,512.608827
1924,-15.972784,-19.333735,-21.333735,-17.333735,noise,buy_from_mm,-17.333735,-12,319.512949,511.186354,1.440000,509.746354
1925,-15.808096,-16.431197,-18.431197,-14.431197,noise,buy_from_mm,-14.431197,-13,305.081752,510.587005,1.690000,508.897005
1926,-16.364934,-14.916821,-16.916821,-12.916821,noise,none,0.000000,-13,305.081752,517.825895,1.690000,516.135895
1927,-16.086014,-20.250589,-22.250589,-18.250589,noise,none,0.000000,-13,305.081752,514.199941,1.690000,512.509941
1928,-17.571115,-18.076332,-20.076332,-16.076332,informed,none,0.000000,-13,305.081752,533.506253,1.690000,531.816253
1929,-16.335706,-14.869969,-16.869969,-12.869969,noise,none,0.000000,-13,305.081752,517.445936,1.690000,515.755936
1930,-15.286812,-12.671594,-14.671594,-10.671594,noise,none,0.000000,-13,305.081752,503.810303,1.690000,502.120303
1931,-14.226381,-17.775303,-19.775303,-15.775303,noise,buy_from_mm,-15.775303,-14,289.306449,488.475786,1.960000,486.515786
1932,-16.431972,-18.543331,-20.543331,-16.543331,noise,none,0.000000,-14,289.306449,519.354056,1.960000,517.394056
1933,-16.379376,-19.440594,-21.440594,-17.440594,noise,sell_to_mm,-21.440594,-13,310.747043,523.678931,1.690000,521.988931
1934,-17.617896,-17.163026,-19.163026,-15.163026,informed,none,0.000000,-13,310.747043,539.779695,1.690000,538.089695
1935,-18.219841,-15.761851,-17.761851,-13.761851,noise,none,0.000000,-13,310.747043,547.604977,1.690000,545.914977
1936,-17.860003,-15.757378,-17.757378,-13.757378,informed,sell_to_mm,-17.757378,-12,328.504421,542.824453,1.440000,541.384453
1937,-17.572964,-15.708149,-17.708149,-13.708149,noise,buy_from_mm,-13.708149,-13,314.796272,543.244809,1.690000,541.554809
1938,-16.223473,-16.198273,-18.198273,-14.198273,noise,none,0.000000,-13,314.796272,525.701427,1.690000,524.011427
1939,-15.533123,-15.450632,-17.450632,-13.450632,noise,none,0.000000,-13,314.796272,516.726876,1.690000,515.036876
1940,-14.927187,-16.387511,-18.387511,-14.387511,informed,none,0.000000,-13,314.796272,508.849698,1.690000,507.159698
1941,-15.959443,-12.950991,-14.950991,-10.950991,noise,buy_from_mm,-10.950991,-14,303.845281,527.277478,1.960000,525.317478
1942,-15.042030,-17.178759,-19.178759,-15.178759,noise,sell_to_mm,-19.178759,-13,323.024040,518.570436,1.690000,516.880436
1943,-15.492530,-15.691891,-17.691891,-13.691891,noise,none,0.000000,-13,323.024040,524.426927,1.690000,522.736927
1944,-14.274026,-14.472146,-16.472146,-12.472146,informed,none,0.000000,-13,323.024040,508.586379,1.690000,506.896379
1945,-14.431391,-13.386650,-15.386650,-11.386650,informed,none,0.000000,-13,323.024040,510.632124,1.690000,508.942124
1946,-13.238281,-14.612787,-16.612787,-12.612787,informed,none,0.000000,-13,323.024040,495.121694,1.690000,493.431694
1947,-13.600837,-10.238985,-12.238985,-8.238985,noise,none,0.000000,-13,323.024040,499.834918,1.690000,498.144918
1948,-12.837513,-10.835789,-12.835789,-8.835789,noise,buy_from_mm,-8.835789,-14,314.188251,493.913427,1.960000,491.953427
1949,-13.524488,-12.197200,-14.197200,-10.197200,informed,none,0.000000,-14,314.188251,503.531081,1.960000,501.571081
1950,-15.085123,-14.662900,-16.662900,-12.662900,noise,buy_from_mm,-12.662900,-15,301.525352,527.802199,2.250000,525.552199
1951,-15.596901,-16.060411,-18.060411,-14.060411,informed,none,0.000000,-15,301.525352,535.478870,2.250000,533.228870
1952,-16.206412,-14.299438,-16.299438,-12.299438,noise,none,0.000000,-15,301.525352,544.621535,2.250000,542.371535
1953,-13.642877,-14.153432,-16.153432,-12.153432,noise,none,0.000000,-15,301.525352,506.168505,2.250000,503.918505
1954,-12.616022,-13.017275,-15.017275,-11.017275,informed,none,0.000000,-15,301.525352,490.765677,2.250000,488.515677
1955,-11.992672,-11.262855,-13.262855,-9.262855,informed,none,0.000000,-15,301.525352,481.415428,2.250000,479.165428
1956,-10.263812,-8.389182,-10.389182,-6.389182,noise,buy_from_mm,-6.389182,-16,295.136170,459.357155,2.560000,456.797155
1957,-10.166338,-12.123877,-14.123877,-10.123877,informed,none,0.000000,-16,295.136170,457.797583,2.560000,455.237583
1958,-13.648187,-14.077060,-16.077060,-12.077060,informed,none,0.000000,-16,295.136170,513.507166,2.560000,510.947166
1959,-13.126469,-14.719912,-16.719912,-12.719912,informed,none,0.000000,-16,295.136170,505.159673,2.560000,502.599673
1960,-11.373860,-10.408649,-12.408649,-8.408649,noise,none,0.000000,-16,295.136170,477.117924,2.560000,474.557924
1961,-10.137006,-11.270200,-13.270200,-9.270200,noise,sell_to_mm,-13.270200,-15,308.406369,460.461465,2.250000,458.211465
1962,-10.029722,-8.570391,-10.570391,-6.570391,noise,none,0.000000,-15,308.406369,458.852203,2.250000,456.602203
1963,-10.934928,-11.574385,-13.574385,-9.574385,informed,none,0.000000,-15,308.406369,472.430291,2.250000,470.180291
1964,-11.968374,-12.145440,-14.145440,-10.145440,noise,none,0.000000,-15,308.406369,487.931978,2.250000,485.681978
1965,-12.633090,-11.665469,-13.665469,-9.665469,informed,none,0.000000,-15,308.406369,497.902721,2.250000,495.652721
1966,-12.264658,-13.416071,-15.416071,-11.416071,noise,none,0.000000,-15,308.406369,492.376241,2.250000,490.126241
1967,-11.154618,-12.781158,-14.781158,-10.781158,informed,none,0.000000,-15,308.406369,475.725636,2.250000,473.475636
1968,-10.123909,-10.799988,-12.799988,-8.799988,noise,sell_to_mm,-12.799988,-14,321.206358,462.941087,1.960000,460.981087
1969,-10.499682,-10.939298,-12.939298,-8.939298,informed,none,0.000000,-14,321.206358,468.201905,1.960000,466.241905
1970,-12.079394,-12.450765,-14.450765,-10.450765,noise,none,0.000000,-14,321.206358,490.317878,1.960000,488.357878
1971,-11.881086,-11.532883,-13.532883,-9.532883,informed,none,0.000000,-14,321.206358,487.541560,1.960000,485.581560
1972,-12.850462,-13.797356,-15.797356,-11.797356,informed,none,0.000000,-14,321.206358,501.112824,1.960000,499.152824
1973,-12.141994,-12.137971,-14.137971,-10.137971,informed,none,0.000000,-14,321.206358,491.194273,1.960000,489.234273
1974,-11.684996,-13.786215,-15.786215,-11.786215,noise,none,0.000000,-14,321.206358,484.796301,1.960000,482.836301
1975,-12.203488,-12.105708,-14.105708,-10.105708,informed,none,0.000000,-14,321.206358,492.055193,1.960000,490.095193
1976,-11.926699,-12.731914,-14.731914,-10.731914,noise,none,0.000000,-14,321.206358,488.180137,1.960000,486.220137
1977,-11.015786,-12.172360,-14.172360,-10.172360,informed,none,0.000000,-14,321.206358,475.427367,1.960000,473.467367
1978,-10.795098,-11.634800,-13.634800,-9.634800,noise,buy_from_mm,-9.634800,-15,311.571557,473.498028,2.250000,471.248028
1979,-10.075853,-10.701371,-12.701371,-8.701371,informed,none,0.000000,-15,311.571557,462.709347,2.250000,460.459347
1980,-11.840574,-12.071770,-14.071770,-10.071770,noise,none,0.000000,-15,311.571557,489.180172,2.250000,486.930172
1981,-10.459173,-9.901525,-11.901525,-7.901525,noise,none,0.000000,-15,311.571557,468.459149,2.250000,466.209149
1982,-9.552029,-7.925593,-9.925593,-5.925593,noise,none,0.000000,-15,311.571557,454.851995,2.250000,452.601995
1983,-9.477784,-5.319916,-7.319916,-3.319916,noise,none,0.000000,-15,311.571557,453.738318,2.250000,451.488318
1984,-9.153747,-10.705654,-12.705654,-8.705654,noise,buy_from_mm,-8.705654,-16,302.865903,449.325852,2.560000,446.765852
1985,-9.174313,-5.108019,-7.108019,-3.108019,informed,sell_to_mm,-7.108019,-15,309.973922,447.588623,2.250000,445.338623
1986,-10.128974,-8.487439,-10.487439,-6.487439,noise,none,0.000000,-15,309.973922,461.908533,2.250000,459.658533
1987,-11.428900,-8.814912,-10.814912,-6.814912,noise,none,0.000000,-15,309.973922,481.407429,2.250000,479.157429
1988,-10.911108,-10.292413,-12.292413,-8.292413,informed,none,0.000000,-15,309.973922,473.640545,2.250000,471.390545
1989,-11.781478,-9.443269,-11.443269,-7.443269,informed,sell_to_mm,-11.443269,-14,321.417192,486.357882,1.960000,484.397882
1990,-12.937003,-16.571269,-18.571269,-14.571269,informed,buy_from_mm,-14.571269,-15,306.845923,500.900966,2.250000,498.650966
1991,-13.324334,-10.720279,-12.720279,-8.720279,noise,sell_to_mm,-12.720279,-14,319.566202,506.106874,1.960000,504.146874
1992,-15.381091,-16.348046,-18.348046,-14.348046,noise,buy_from_mm,-14.348046,-15,305.218156,535.934518,2.250000,533.684518
1993,-15.215459,-16.233418,-18.233418,-14.233418,noise,none,0.000000,-15,305.218156,533.450044,2.250000,531.200044
1994,-14.469129,-15.252505,-17.252505,-13.252505,noise,none,0.000000,-15,305.218156,522.255089,2.250000,520.005089
1995,-15.440738,-17.044893,-19.044893,-15.044893,informed,none,0.000000,-15,305.218156,536.829221,2.250000,534.579221
1996,-14.893823,-17.329413,-19.329413,-15.329413,informed,buy_from_mm,-15.329413,-16,289.888743,528.189916,2.560000,525.629916
1997,-13.418337,-13.897289,-15.897289,-11.897289,noise,none,0.000000,-16,289.888743,504.582135,2.560000,502.022135
1998,-12.805520,-12.360821,-14.360821,-10.360821,noise,none,0.000000,-16,289.888743,494.777058,2.560000,492.217058
1999,-13.087840,-13.727457,-15.727457,-11.727457,noise,none,0.000000,-16,289.888743,499.294178,2.560000,496.734178
2000,-12.754214,-11.421416,-13.421416,-9.421416,noise,none,0.000000,-16,289.888743,493.956172,2.560000,491.396172
