t,true_value,signal,bid,ask,trader_type,trade_side,trade_price,inventory,cash,pnl_mark_to_true,inv_penalty,risk_adj_pnl
1,-0.112404,-0.919498,-2.169498,0.330502,noise,none,0.000000,0,0.000000,0.000000,0.000000,0.000000
2,-0.506628,-0.313092,-1.563092,0.936908,noise,none,0.000000,0,0.000000,0.000000,0.000000,0.000000
3,-0.129062,-0.164042,-1.414042,1.085958,noise,none,0.000000,0,0.000000,0.000000,0.000000,0.000000
4,-0.657240,0.280852,-0.969148,1.530852,noise,none,0.000000,0,0.000000,0.000000,0.000000,0.000000
5,-0.362358,-0.214675,-1.464675,1.035325,informed,none,0.000000,0,0.000000,0.000000,0.000000,0.000000
6,-0.140532,0.752272,-0.497728,2.002272,informed,none,0.000000,0,0.000000,0.000000,0.000000,0.000000
7,-1.117973,-0.345708,-1.595708,0.904292,informed,none,0.000000,0,0.000000,0.000000,0.000000,0.000000
8,-0.418212,-0.168174,-1.418174,1.081826,noise,none,0.000000,0,0.000000,0.000000,0.000000,0.000000
9,-2.148568,-1.935511,-3.185511,-0.685511,informed,none,0.000000,0,0.000000,0.000000,0.000000,0.000000
10,-3.211957,-3.783317,-5.033317,-2.533317,informed,none,0.000000,0,0.000000,0.000000,0.000000,0.000000
11,-1.890884,-2.651806,-3.901806,-1.401806,informed,none,0.000000,0,0.000000,0.000000,0.000000,0.000000
12,-0.659941,-0.974286,-2.224286,0.275714,informed,none,0.000000,0,0.000000,0.000000,0.000000,0.000000
13,-1.041491,-0.959378,-2.209378,0.290622,noise,none,0.000000,0,0.000000,0.000000,0.000000,0.000000
14,-1.377144,-0.593809,-1.843809,0.656191,noise,none,0.000000,0,0.000000,0.000000,0.000000,0.000000
15,-0.575145,-1.156409,-2.406409,0.093591,noise,none,0.000000,0,0.000000,0.000000,0.000000,0.000000
16,2.189456,2.093509,0.843509,3.343509,noise,none,0.000000,0,0.000000,0.000000,0.000000,0.000000
17,0.200467,0.275049,-0.974951,1.525049,noise,none,0.000000,0,0.000000,0.000000,0.000000,0.000000
18,-0.613210,-0.753474,-2.003474,0.496526,noise,sell_to_mm,-2.003474,1,2.003474,1.390264,0.010000,1.380264
19,0.425626,-0.132857,-1.382857,1.117143,noise,none,0.000000,1,2.003474,2.429100,0.010000,2.419100
20,1.151592,0.738102,-0.511898,1.988102,noise,sell_to_mm,-0.511898,2,2.515372,4.818555,0.040000,4.778555
21,1.614424,1.519946,0.269946,2.769946,noise,sell_to_mm,0.269946,3,2.245426,7.088699,0.090000,6.998699
22,0.220837,0.494901,-0.755099,1.744901,informed,none,0.000000,3,2.245426,2.907937,0.090000,2.817937
23,-1.029444,-0.726314,-1.976314,0.523686,noise,none,0.000000,3,2.245426,-0.842906,0.090000,-0.932906
24,-1.692002,-1.390892,-2.640892,-0.140892,noise,none,0.000000,3,2.245426,-2.830579,0.090000,-2.920579
25,-1.232403,-1.132366,-2.382366,0.117634,informed,none,0.000000,3,2.245426,-1.451783,0.090000,-1.541783
26,0.927250,1.451310,0.201310,2.701310,informed,none,0.000000,3,2.245426,5.027177,0.090000,4.937177
27,1.122110,1.471866,0.221866,2.721866,informed,none,0.000000,3,2.245426,5.611755,0.090000,5.521755
28,-0.480858,-0.579194,-1.829194,0.670806,noise,buy_from_mm,0.670806,2,2.916232,1.954515,0.040000,1.914515
29,-0.594872,-0.155893,-1.405893,1.094107,noise,none,0.000000,2,2.916232,1.726488,0.040000,1.686488
30,-1.638465,-0.993916,-2.243916,0.256084,noise,none,0.000000,2,2.916232,-0.360699,0.040000,-0.400699
31,-1.758467,-1.711093,-2.961093,-0.461093,noise,none,0.000000,2,2.916232,-0.600703,0.040000,-0.640703
32,-1.191922,-1.028690,-2.278690,0.221310,noise,sell_to_mm,-2.278690,3,5.194922,1.619157,0.090000,1.529157
33,-0.137327,-0.011781,-1.261781,1.238219,noise,none,0.000000,3,5.194922,4.782942,0.090000,4.692942
34,1.147611,0.792749,-0.457251,2.042749,informed,none,0.000000,3,5.194922,8.637755,0.090000,8.547755
35,0.654529,0.220133,-1.029867,1.470133,informed,none,0.000000,3,5.194922,7.158508,0.090000,7.068508
36,0.831554,1.930385,0.680385,3.180385,noise,sell_to_mm,0.680385,4,4.514537,7.840754,0.160000,7.680754
37,1.264044,1.384338,0.134338,2.634338,noise,buy_from_mm,2.634338,3,7.148875,10.941006,0.090000,10.851006
38,0.983772,1.071644,-0.178356,2.321644,noise,none,0.000000,3,7.148875,10.100193,0.090000,10.010193
39,0.509620,0.799225,-0.450775,2.049225,noise,none,0.000000,3,7.148875,8.677737,0.090000,8.587737
40,1.231231,1.077313,-0.172687,2.327313,informed,none,0.000000,3,7.148875,10.842568,0.090000,10.752568
41,1.206361,1.060756,-0.189244,2.310756,informed,none,0.000000,3,7.148875,10.767959,0.090000,10.677959
42,1.310544,0.749315,-0.500685,1.999315,noise,none,0.000000,3,7.148875,11.080507,0.090000,10.990507
43,1.377963,1.280394,0.030394,2.530394,informed,none,0.000000,3,7.148875,11.282765,0.090000,11.192765
44,1.813296,1.857681,0.607681,3.107681,noise,none,0.000000,3,7.148875,12.588763,0.090000,12.498763
45,2.880229,2.533411,1.283411,3.783411,informed,none,0.000000,3,7.148875,15.789561,0.090000,15.699561
46,2.372091,2.468141,1.218141,3.718141,informed,none,0.000000,3,7.148875,14.265149,0.090000,14.175149
47,2.794358,2.705390,1.455390,3.955390,noise,none,0.000000,3,7.148875,15.531948,0.090000,15.441948
48,2.459574,2.628903,1.378903,3.878903,noise,sell_to_mm,1.378903,4,5.769972,15.608268,0.160000,15.448268
49,3.400886,3.217028,1.967028,4.467028,noise,none,0.000000,4,5.769972,19.373515,0.160000,19.213515
50,3.603577,3.916580,2.666580,5.166580,informed,none,0.000000,4,5.769972,20.184282,0.160000,20.024282
51,1.300583,1.203193,-0.046807,2.453193,noise,buy_from_mm,2.453193,3,8.223165,12.124915,0.090000,12.034915
52,1.326658,1.275385,0.025385,2.525385,noise,none,0.000000,3,8.223165,12.203138,0.090000,12.113138
53,0.410936,1.121972,-0.128028,2.371972,noise,none,0.000000,3,8.223165,9.455974,0.090000,9.365974
54,1.130834,0.168568,-1.081432,1.418568,informed,none,0.000000,3,8.223165,11.615668,0.090000,11.525668
55,0.401258,0.249481,-1.000519,1.499481,noise,none,0.000000,3,8.223165,9.426938,0.090000,9.336938
56,-0.204751,0.934358,-0.315642,2.184358,informed,none,0.000000,3,8.223165,7.608911,0.090000,7.518911
57,-2.471721,-2.508274,-3.758274,-1.258274,noise,none,0.000000,3,8.223165,0.808002,0.090000,0.718002
58,-4.205961,-5.132648,-6.382648,-3.882648,noise,none,0.000000,3,8.223165,-4.394719,0.090000,-4.484719
59,-4.802109,-5.224192,-6.474192,-3.974192,noise,sell_to_mm,-6.474192,4,14.697357,-4.511079,0.160000,-4.671079
60,-4.799763,-3.947445,-5.197445,-2.697445,noise,none,0.000000,4,14.697357,-4.501694,0.160000,-4.661694
61,-4.574148,-5.463021,-6.713021,-4.213021,informed,none,0.000000,4,14.697357,-3.599236,0.160000,-3.759236
62,-4.129033,-3.344340,-4.594340,-2.094340,informed,none,0.000000,4,14.697357,-1.818775,0.160000,-1.978775
63,-2.540813,-2.850260,-4.100260,-1.600260,informed,none,0.000000,4,14.697357,4.534105,0.160000,4.374105
64,-3.305982,-3.364166,-4.614166,-2.114166,informed,none,0.000000,4,14.697357,1.473429,0.160000,1.313429
65,-2.797945,-3.469279,-4.719279,-2.219279,informed,none,0.000000,4,14.697357,3.505579,0.160000,3.345579
66,-2.402780,-1.481304,-2.731304,-0.231304,noise,none,0.000000,4,14.697357,5.086238,0.160000,4.926238
67,0.064199,1.027749,-0.222251,2.277749,noise,none,0.000000,4,14.697357,14.954151,0.160000,14.794151
68,1.316376,1.805557,0.555557,3.055557,noise,none,0.000000,4,14.697357,19.962862,0.160000,19.802862
69,1.741860,2.371611,1.121611,3.621611,noise,none,0.000000,4,14.697357,21.664797,0.160000,21.504797
70,1.397929,1.414627,0.164627,2.664627,noise,buy_from_mm,2.664627,3,17.361984,21.555770,0.090000,21.465770
71,0.558553,-0.992539,-2.242539,0.257461,informed,buy_from_mm,0.257461,2,17.619445,18.736552,0.040000,18.696552
72,0.232913,1.001221,-0.248779,2.251221,informed,none,0.000000,2,17.619445,18.085271,0.040000,18.045271
73,1.227606,1.077812,-0.172188,2.327812,informed,none,0.000000,2,17.619445,20.074657,0.040000,20.034657
74,1.577936,1.576458,0.326458,2.826458,noise,sell_to_mm,0.326458,3,17.292987,22.026794,0.090000,21.936794
75,1.887882,0.920710,-0.329290,2.170710,noise,none,0.000000,3,17.292987,22.956632,0.090000,22.866632
76,1.321813,0.937138,-0.312862,2.187138,noise,buy_from_mm,2.187138,2,19.480125,22.123751,0.040000,22.083751
77,1.923249,1.860378,0.610378,3.110378,noise,none,0.000000,2,19.480125,23.326622,0.040000,23.286622
78,1.846322,2.282422,1.032422,3.532422,noise,none,0.000000,2,19.480125,23.172770,0.040000,23.132770
79,0.178937,0.725159,-0.524841,1.975159,informed,none,0.000000,2,19.480125,19.837998,0.040000,19.797998
80,0.304697,0.175482,-1.074518,1.425482,noise,none,0.000000,2,19.480125,20.089519,0.040000,20.049519
81,0.376667,-0.013968,-1.263968,1.236032,informed,none,0.000000,2,19.480125,20.233459,0.040000,20.193459
82,2.394686,2.013707,0.763707,3.263707,informed,none,0.000000,2,19.480125,24.269497,0.040000,24.229497
83,2.958833,2.885243,1.635243,4.135243,noise,none,0.000000,2,19.480125,25.397790,0.040000,25.357790
84,2.422306,1.801905,0.551905,3.051905,noise,sell_to_mm,0.551905,3,18.928220,26.195139,0.090000,26.105139
85,2.330154,2.086805,0.836805,3.336805,informed,none,0.000000,3,18.928220,25.918683,0.090000,25.828683
86,2.161303,1.744867,0.494867,2.994867,noise,buy_from_mm,2.994867,2,21.923087,26.245694,0.040000,26.205694
87,2.149698,1.958451,0.708451,3.208451,noise,sell_to_mm,0.708451,3,21.214636,27.663731,0.090000,27.573731
88,2.736458,2.532987,1.282987,3.782987,noise,none,0.000000,3,21.214636,29.424010,0.090000,29.334010
89,2.207796,3.239676,1.989676,4.489676,informed,none,0.000000,3,21.214636,27.838024,0.090000,27.748024
90,3.608391,4.223308,2.973308,5.473308,noise,buy_from_mm,5.473308,2,26.687944,33.904726,0.040000,33.864726
91,4.818114,5.336709,4.086709,6.586709,noise,none,0.000000,2,26.687944,36.324173,0.040000,36.284173
92,6.790263,6.571042,5.321042,7.821042,informed,none,0.000000,2,26.687944,40.268469,0.040000,40.228469
93,7.409576,7.579844,6.329844,8.829844,noise,none,0.000000,2,26.687944,41.507097,0.040000,41.467097
94,6.618214,6.581138,5.331138,7.831138,noise,buy_from_mm,7.831138,1,34.519082,41.137296,0.010000,41.127296
95,7.839553,7.471616,6.221616,8.721616,noise,none,0.000000,1,34.519082,42.358635,0.010000,42.348635
96,7.938859,8.227938,6.977938,9.477938,informed,none,0.000000,1,34.519082,42.457941,0.010000,42.447941
97,8.072499,7.538701,6.288701,8.788701,noise,none,0.000000,1,34.519082,42.591581,0.010000,42.581581
98,8.592680,9.431240,8.181240,10.681240,noise,none,0.000000,1,34.519082,43.111762,0.010000,43.101762
99,6.477076,7.380846,6.130846,8.630846,noise,none,0.000000,1,34.519082,40.996158,0.010000,40.986158
100,5.551212,5.427561,4.177561,6.677561,noise,buy_from_mm,6.677561,0,41.196643,41.196643,0.000000,41.196643
101,5.782330,5.811728,4.561728,7.061728,noise,none,0.000000,0,41.196643,41.196643,0.000000,41.196643
102,4.393029,5.880628,4.630628,7.130628,informed,sell_to_mm,4.630628,1,36.566015,40.959045,0.010000,40.949045
103,3.938321,4.293449,3.043449,5.543449,noise,none,0.000000,1,36.566015,40.504337,0.010000,40.494337
104,3.575954,3.612978,2.362978,4.862978,noise,none,0.000000,1,36.566015,40.141969,0.010000,40.131969
105,5.486590,5.785181,4.535181,7.035181,informed,none,0.000000,1,36.566015,42.052605,0.010000,42.042605
106,4.127343,3.519595,2.269595,4.769595,noise,none,0.000000,1,36.566015,40.693358,0.010000,40.683358
107,4.269708,4.730390,3.480390,5.980390,noise,sell_to_mm,3.480390,2,33.085626,41.625041,0.040000,41.585041
108,3.587007,2.834969,1.584969,4.084969,informed,none,0.000000,2,33.085626,40.259640,0.040000,40.219640
109,3.847591,3.577685,2.327685,4.827685,noise,none,0.000000,2,33.085626,40.780807,0.040000,40.740807
110,2.805858,2.124251,0.874251,3.374251,informed,none,0.000000,2,33.085626,38.697341,0.040000,38.657341
111,3.153921,3.147753,1.897753,4.397753,informed,none,0.000000,2,33.085626,39.393467,0.040000,39.353467
112,3.988139,4.179348,2.929348,5.429348,noise,none,0.000000,2,33.085626,41.061903,0.040000,41.021903
113,2.728136,3.519667,2.269667,4.769667,noise,none,0.000000,2,33.085626,38.541897,0.040000,38.501897
114,2.742937,2.620415,1.370415,3.870415,noise,none,0.000000,2,33.085626,38.571500,0.040000,38.531500
115,1.859954,2.599355,1.349355,3.849355,noise,buy_from_mm,3.849355,1,36.934981,38.794934,0.010000,38.784934
116,1.460399,1.780920,0.530920,3.030920,noise,none,0.000000,1,36.934981,38.395380,0.010000,38.385380
117,1.022309,1.615756,0.365756,2.865756,noise,none,0.000000,1,36.934981,37.957290,0.010000,37.947290
118,0.445601,0.965579,-0.284421,2.215579,informed,none,0.000000,1,36.934981,37.380582,0.010000,37.370582
119,0.846456,0.914818,-0.335182,2.164818,noise,none,0.000000,1,36.934981,37.781436,0.010000,37.771436
120,-2.011557,-1.922110,-3.172110,-0.672110,noise,none,0.000000,1,36.934981,34.923424,0.010000,34.913424
121,-0.603417,-1.066067,-2.316067,0.183933,informed,none,0.000000,1,36.934981,36.331564,0.010000,36.321564
122,-1.386521,-1.041261,-2.291261,0.208739,noise,none,0.000000,1,36.934981,35.548460,0.010000,35.538460
123,-2.280129,-2.007113,-3.257113,-0.757113,noise,none,0.000000,1,36.934981,34.654852,0.010000,34.644852
124,-4.129752,-4.721875,-5.971875,-3.471875,informed,none,0.000000,1,36.934981,32.805229,0.010000,32.795229
125,-4.166685,-3.844318,-5.094318,-2.594318,noise,none,0.000000,1,36.934981,32.768295,0.010000,32.758295
126,-3.273587,-2.856683,-4.106683,-1.606683,noise,buy_from_mm,-1.606683,0,35.328298,35.328298,0.000000,35.328298
127,-1.395174,-0.743276,-1.993276,0.506724,noise,none,0.000000,0,35.328298,35.328298,0.000000,35.328298
128,-0.784938,-0.784629,-2.034629,0.465371,informed,none,0.000000,0,35.328298,35.328298,0.000000,35.328298
129,-0.838792,-1.258215,-2.508215,-0.008215,noise,none,0.000000,0,35.328298,35.328298,0.000000,35.328298
130,-2.076423,-2.547090,-3.797090,-1.297090,informed,none,0.000000,0,35.328298,35.328298,0.000000,35.328298
131,-3.118015,-3.136180,-4.386180,-1.886180,noise,none,0.000000,0,35.328298,35.328298,0.000000,35.328298
132,-1.591862,-1.231234,-2.481234,0.018766,informed,none,0.000000,0,35.328298,35.328298,0.000000,35.328298
133,-0.987465,-0.722240,-1.972240,0.527760,informed,none,0.000000,0,35.328298,35.328298,0.000000,35.328298
134,-0.480708,-1.328801,-2.578801,-0.078801,noise,buy_from_mm,-0.078801,-1,35.249497,35.730205,0.010000,35.720205
135,-0.009767,0.777407,-0.472593,2.027407,informed,none,0.000000,-1,35.249497,35.259264,0.010000,35.249264
136,-0.139263,1.056686,-0.193314,2.306686,noise,none,0.000000,-1,35.249497,35.388760,0.010000,35.378760
137,-1.275470,-1.953164,-3.203164,-0.703164,noise,none,0.000000,-1,35.249497,36.524967,0.010000,36.514967
138,-1.087804,-1.556685,-2.806685,-0.306685,noise,none,0.000000,-1,35.249497,36.337301,0.010000,36.327301
139,0.384274,0.868268,-0.381732,2.118268,informed,none,0.000000,-1,35.249497,34.865223,0.010000,34.855223
140,-1.054479,-0.825068,-2.075068,0.424932,noise,none,0.000000,-1,35.249497,36.303976,0.010000,36.293976
141,-0.988399,-0.809464,-2.059464,0.440536,informed,none,0.000000,-1,35.249497,36.237897,0.010000,36.227897
142,-1.351746,-1.513036,-2.763036,-0.263036,noise,none,0.000000,-1,35.249497,36.601243,0.010000,36.591243
143,-0.619013,-0.848371,-2.098371,0.401629,noise,sell_to_mm,-2.098371,0,37.347869,37.347869,0.000000,37.347869
144,-0.531196,-0.285016,-1.535016,0.964984,informed,none,0.000000,0,37.347869,37.347869,0.000000,37.347869
145,-1.512625,-1.893300,-3.143300,-0.643300,informed,none,0.000000,0,37.347869,37.347869,0.000000,37.347869
146,-2.762378,-2.965693,-4.215693,-1.715693,noise,none,0.000000,0,37.347869,37.347869,0.000000,37.347869
147,-2.184105,-1.945379,-3.195379,-0.695379,noise,none,0.000000,0,37.347869,37.347869,0.000000,37.347869
148,-1.233386,-0.594656,-1.844656,0.655344,noise,none,0.000000,0,37.347869,37.347869,0.000000,37.347869
149,-1.004372,-1.340220,-2.590220,-0.090220,noise,sell_to_mm,-2.590220,1,39.938089,38.933717,0.010000,38.923717
150,-0.773570,-2.014862,-3.264862,-0.764862,noise,none,0.000000,1,39.938089,39.164520,0.010000,39.154520
151,-0.977366,-0.768085,-2.018085,0.481915,informed,none,0.000000,1,39.938089,38.960723,0.010000,38.950723
152,-0.049014,-0.207253,-1.457253,1.042747,noise,none,0.000000,1,39.938089,39.889076,0.010000,39.879076
153,-1.162756,-0.914110,-2.164110,0.335890,informed,none,0.000000,1,39.938089,38.775333,0.010000,38.765333
154,-0.367815,-0.444667,-1.694667,0.805333,noise,buy_from_mm,0.805333,0,40.743422,40.743422,0.000000,40.743422
155,-0.230894,0.734677,-0.515323,1.984677,noise,none,0.000000,0,40.743422,40.743422,0.000000,40.743422
156,1.877868,1.231843,-0.018157,2.481843,noise,none,0.000000,0,40.743422,40.743422,0.000000,40.743422
157,3.865062,3.926005,2.676005,5.176005,noise,none,0.000000,0,40.743422,40.743422,0.000000,40.743422
158,3.685104,3.803205,2.553205,5.053205,noise,none,0.000000,0,40.743422,40.743422,0.000000,40.743422
159,4.626823,3.574547,2.324547,4.824547,noise,none,0.000000,0,40.743422,40.743422,0.000000,40.743422
160,4.346752,4.205590,2.955590,5.455590,informed,none,0.000000,0,40.743422,40.743422,0.000000,40.743422
161,5.330788,5.154101,3.904101,6.404101,informed,none,0.000000,0,40.743422,40.743422,0.000000,40.743422
162,4.322952,5.231182,3.981182,6.481182,noise,none,0.000000,0,40.743422,40.743422,0.000000,40.743422
163,5.705945,5.597675,4.347675,6.847675,informed,none,0.000000,0,40.743422,40.743422,0.000000,40.743422
164,5.102020,4.396841,3.146841,5.646841,informed,none,0.000000,0,40.743422,40.743422,0.000000,40.743422
165,5.335731,5.571154,4.321154,6.821154,noise,buy_from_mm,6.821154,-1,47.564576,42.228844,0.010000,42.218844
166,5.679956,4.891151,3.641151,6.141151,informed,none,0.000000,-1,47.564576,41.884620,0.010000,41.874620
167,5.594626,5.979946,4.729946,7.229946,informed,none,0.000000,-1,47.564576,41.969950,0.010000,41.959950
168,5.587720,5.091134,3.841134,6.341134,noise,none,0.000000,-1,47.564576,41.976856,0.010000,41.966856
169,6.375805,6.557750,5.307750,7.807750,noise,none,0.000000,-1,47.564576,41.188771,0.010000,41.178771
170,6.047475,6.546848,5.296848,7.796848,noise,none,0.000000,-1,47.564576,41.517101,0.010000,41.507101
171,5.616968,6.203831,4.953831,7.453831,informed,none,0.000000,-1,47.564576,41.947607,0.010000,41.937607
172,5.542555,6.599396,5.349396,7.849396,informed,none,0.000000,-1,47.564576,42.022021,0.010000,42.012021
173,6.117370,6.603379,5.353379,7.853379,noise,buy_from_mm,7.853379,-2,55.417955,43.183214,0.040000,43.143214
174,5.681816,5.803293,4.553293,7.053293,informed,none,0.000000,-2,55.417955,44.054322,0.040000,44.014322
175,4.634912,4.474839,3.224839,5.724839,noise,none,0.000000,-2,55.417955,46.148130,0.040000,46.108130
176,6.047169,5.302877,4.052877,6.552877,noise,sell_to_mm,4.052877,-1,51.365078,45.317909,0.010000,45.307909
177,6.794110,6.137417,4.887417,7.387417,informed,none,0.000000,-1,51.365078,44.570968,0.010000,44.560968
178,7.274015,7.088586,5.838586,8.338586,informed,none,0.000000,-1,51.365078,44.091063,0.010000,44.081063
179,7.445671,6.618448,5.368448,7.868448,informed,none,0.000000,-1,51.365078,43.919407,0.010000,43.909407
180,8.064376,8.175540,6.925540,9.425540,informed,none,0.000000,-1,51.365078,43.300702,0.010000,43.290702
181,6.574627,6.298297,5.048297,7.548297,noise,none,0.000000,-1,51.365078,44.790451,0.010000,44.780451
182,5.414894,4.658045,3.408045,5.908045,informed,none,0.000000,-1,51.365078,45.950184,0.010000,45.940184
183,5.210001,5.737096,4.487096,6.987096,noise,none,0.000000,-1,51.365078,46.155077,0.010000,46.145077
184,4.603516,5.042290,3.792290,6.292290,informed,none,0.000000,-1,51.365078,46.761562,0.010000,46.751562
185,5.085461,5.234771,3.984771,6.484771,noise,none,0.000000,-1,51.365078,46.279617,0.010000,46.269617
186,4.023030,4.108820,2.858820,5.358820,informed,none,0.000000,-1,51.365078,47.342048,0.010000,47.332048
187,2.600301,1.648014,0.398014,2.898014,noise,none,0.000000,-1,51.365078,48.764777,0.010000,48.754777
188,2.369394,2.188113,0.938113,3.438113,noise,none,0.000000,-1,51.365078,48.995683,0.010000,48.985683
189,2.949874,2.707520,1.457520,3.957520,noise,buy_from_mm,3.957520,-2,55.322597,49.422850,0.040000,49.382850
190,4.988227,4.933702,3.683702,6.183702,informed,none,0.000000,-2,55.322597,45.346144,0.040000,45.306144
191,4.433893,4.636023,3.386023,5.886023,noise,buy_from_mm,5.886023,-3,61.208620,47.906943,0.090000,47.816943
192,2.428468,2.245268,0.995268,3.495268,noise,none,0.000000,-3,61.208620,53.923217,0.090000,53.833217
193,3.295648,3.410744,2.160744,4.660744,informed,none,0.000000,-3,61.208620,51.321676,0.090000,51.231676
194,2.927344,3.290245,2.040245,4.540245,noise,buy_from_mm,4.540245,-4,65.748866,54.039491,0.160000,53.879491
195,2.059164,1.621467,0.371467,2.871467,informed,none,0.000000,-4,65.748866,57.512210,0.160000,57.352210
196,1.204472,1.444698,0.194698,2.694698,informed,none,0.000000,-4,65.748866,60.930976,0.160000,60.770976
197,1.459375,1.692974,0.442974,2.942974,noise,none,0.000000,-4,65.748866,59.911367,0.160000,59.751367
198,3.140919,2.845580,1.595580,4.095580,noise,none,0.000000,-4,65.748866,53.185189,0.160000,53.025189
199,3.700417,2.874264,1.624264,4.124264,noise,none,0.000000,-4,65.748866,50.947199,0.160000,50.787199
200,2.831341,2.704869,1.454869,3.954869,noise,none,0.000000,-4,65.748866,54.423501,0.160000,54.263501
201,4.833236,4.483790,3.233790,5.733790,noise,none,0.000000,-4,65.748866,46.415921,0.160000,46.255921
202,4.914313,4.797659,3.547659,6.047659,informed,none,0.000000,-4,65.748866,46.091613,0.160000,45.931613
203,4.857468,4.882574,3.632574,6.132574,informed,none,0.000000,-4,65.748866,46.318995,0.160000,46.158995
204,5.787923,5.864116,4.614116,7.114116,informed,none,0.000000,-4,65.748866,42.597175,0.160000,42.437175
205,6.927645,6.898143,5.648143,8.148143,informed,none,0.000000,-4,65.748866,38.038287,0.160000,37.878287
206,7.100222,6.926019,5.676019,8.176019,noise,none,0.000000,-4,65.748866,37.347979,0.160000,37.187979
207,8.764261,9.443413,8.193413,10.693413,informed,none,0.000000,-4,65.748866,30.691824,0.160000,30.531824
208,9.550527,10.131781,8.881781,11.381781,noise,none,0.000000,-4,65.748866,27.546759,0.160000,27.386759
209,8.882391,8.782158,7.532158,10.032158,noise,none,0.000000,-4,65.748866,30.219301,0.160000,30.059301
210,7.286608,7.443394,6.193394,8.693394,informed,none,0.000000,-4,65.748866,36.602435,0.160000,36.442435
211,8.596008,8.984019,7.734019,10.234019,noise,none,0.000000,-4,65.748866,31.364833,0.160000,31.204833
212,8.725571,8.324378,7.074378,9.574378,informed,none,0.000000,-4,65.748866,30.846581,0.160000,30.686581
213,10.887476,11.016819,9.766819,12.266819,noise,sell_to_mm,9.766819,-3,55.982047,23.319619,0.090000,23.229619
214,9.480232,9.303999,8.053999,10.553999,informed,none,0.000000,-3,55.982047,27.541351,0.090000,27.451351
215,8.630171,8.473846,7.223846,9.723846,noise,none,0.000000,-3,55.982047,30.091534,0.090000,30.001534
216,9.628702,9.187721,7.937721,10.437721,informed,none,0.000000,-3,55.982047,27.095941,0.090000,27.005941
217,10.690801,11.196194,9.946194,12.446194,informed,none,0.000000,-3,55.982047,23.909643,0.090000,23.819643
218,11.108415,11.380607,10.130607,12.630607,noise,sell_to_mm,10.130607,-2,45.851440,23.634611,0.040000,23.594611
219,10.166052,10.079181,8.829181,11.329181,noise,none,0.000000,-2,45.851440,25.519336,0.040000,25.479336
220,8.692307,8.893970,7.643970,10.143970,informed,none,0.000000,-2,45.851440,28.466826,0.040000,28.426826
221,8.232764,7.576856,6.326856,8.826856,noise,none,0.000000,-2,45.851440,29.385913,0.040000,29.345913
222,7.934393,7.358044,6.108044,8.608044,noise,buy_from_mm,8.608044,-3,54.459484,30.656307,0.090000,30.566307
223,8.351857,8.071355,6.821355,9.321355,informed,none,0.000000,-3,54.459484,29.403913,0.090000,29.313913
224,8.148463,7.484457,6.234457,8.734457,noise,none,0.000000,-3,54.459484,30.014094,0.090000,29.924094
225,8.049078,8.163571,6.913571,9.413571,noise,none,0.000000,-3,54.459484,30.312252,0.090000,30.222252
226,10.244531,10.715634,9.465634,11.965634,noise,none,0.000000,-3,54.459484,23.725892,0.090000,23.635892
227,8.611330,9.216524,7.966524,10.466524,noise,none,0.000000,-3,54.459484,28.625493,0.090000,28.535493
228,7.869356,7.124313,5.874313,8.374313,informed,none,0.000000,-3,54.459484,30.851415,0.090000,30.761415
229,6.911348,7.409031,6.159031,8.659031,noise,none,0.000000,-3,54.459484,33.725440,0.090000,33.635440
230,7.545486,7.038158,5.788158,8.288158,noise,none,0.000000,-3,54.459484,31.823025,0.090000,31.733025
231,6.966987,8.176418,6.926418,9.426418,noise,none,0.000000,-3,54.459484,33.558522,0.090000,33.468522
232,7.379693,7.695826,6.445826,8.945826,informed,none,0.000000,-3,54.459484,32.320404,0.090000,32.230404
233,7.559099,7.450625,6.200625,8.700625,noise,sell_to_mm,6.200625,-2,48.258859,33.140661,0.040000,33.100661
234,8.797247,9.727719,8.477719,10.977719,informed,none,0.000000,-2,48.258859,30.664365,0.040000,30.624365
235,9.147501,9.697731,8.447731,10.947731,noise,buy_from_mm,10.947731,-3,59.206590,31.764087,0.090000,31.674087
236,10.280520,9.933249,8.683249,11.183249,informed,none,0.000000,-3,59.206590,28.365030,0.090000,28.275030
237,11.444837,11.798300,10.548300,13.048300,noise,none,0.000000,-3,59.206590,24.872077,0.090000,24.782077
238,12.441006,11.959218,10.709218,13.209218,informed,none,0.000000,-3,59.206590,21.883570,0.090000,21.793570
239,12.079228,12.558689,11.308689,13.808689,noise,none,0.000000,-3,59.206590,22.968907,0.090000,22.878907
240,12.111866,12.868235,11.618235,14.118235,noise,none,0.000000,-3,59.206590,22.870991,0.090000,22.780991
241,11.251974,10.636847,9.386847,11.886847,informed,none,0.000000,-3,59.206590,25.450669,0.090000,25.360669
242,10.606775,9.940323,8.690323,11.190323,noise,none,0.000000,-3,59.206590,27.386265,0.090000,27.296265
243,8.163673,8.021755,6.771755,9.271755,noise,none,0.000000,-3,59.206590,34.715569,0.090000,34.625569
244,7.611176,7.208931,5.958931,8.458931,noise,none,0.000000,-3,59.206590,36.373063,0.090000,36.283063
245,5.934151,6.590546,5.340546,7.840546,noise,none,0.000000,-3,59.206590,41.404137,0.090000,41.314137
246,7.746601,8.735104,7.485104,9.985104,informed,none,0.000000,-3,59.206590,35.966787,0.090000,35.876787
247,8.911469,9.220278,7.970278,10.470278,noise,none,0.000000,-3,59.206590,32.472183,0.090000,32.382183
248,8.099105,6.991844,5.741844,8.241844,noise,none,0.000000,-3,59.206590,34.909274,0.090000,34.819274
249,8.513562,9.114076,7.864076,10.364076,noise,none,0.000000,-3,59.206590,33.665903,0.090000,33.575903
250,8.026036,7.859412,6.609412,9.109412,noise,buy_from_mm,9.109412,-4,68.316002,36.211858,0.160000,36.051858
251,7.247441,7.731893,6.481893,8.981893,informed,none,0.000000,-4,68.316002,39.326238,0.160000,39.166238
252,7.754033,7.180098,5.930098,8.430098,noise,sell_to_mm,5.930098,-3,62.385903,39.123805,0.090000,39.033805
253,9.053523,8.806155,7.556155,10.056155,informed,none,0.000000,-3,62.385903,35.225334,0.090000,35.135334
254,10.034616,10.515471,9.265471,11.765471,informed,none,0.000000,-3,62.385903,32.282056,0.090000,32.192056
255,9.211858,9.159839,7.909839,10.409839,noise,none,0.000000,-3,62.385903,34.750330,0.090000,34.660330
256,9.547614,11.065077,9.815077,12.315077,informed,sell_to_mm,9.815077,-2,52.570827,33.475599,0.040000,33.435599
257,10.899238,10.503214,9.253214,11.753214,informed,none,0.000000,-2,52.570827,30.772350,0.040000,30.732350
258,9.566354,9.284471,8.034471,10.534471,noise,none,0.000000,-2,52.570827,33.438119,0.040000,33.398119
259,10.273991,10.687545,9.437545,11.937545,noise,none,0.000000,-2,52.570827,32.022844,0.040000,31.982844
260,10.088596,10.674004,9.424004,11.924004,noise,none,0.000000,-2,52.570827,32.393635,0.040000,32.353635
261,10.279983,11.126495,9.876495,12.376495,informed,none,0.000000,-2,52.570827,32.010860,0.040000,31.970860
262,11.625337,11.942003,10.692003,13.192003,noise,buy_from_mm,13.192003,-3,65.762830,30.886819,0.090000,30.796819
263,11.322894,12.150460,10.900460,13.400460,noise,none,0.000000,-3,65.762830,31.794147,0.090000,31.704147
264,10.997473,12.209484,10.959484,13.459484,informed,none,0.000000,-3,65.762830,32.770411,0.090000,32.680411
265,10.112734,9.352618,8.102618,10.602618,informed,none,0.000000,-3,65.762830,35.424629,0.090000,35.334629
266,10.134328,10.012023,8.762023,11.262023,informed,none,0.000000,-3,65.762830,35.359846,0.090000,35.269846
267,9.417026,9.533774,8.283774,10.783774,noise,sell_to_mm,8.283774,-2,57.479056,38.645004,0.040000,38.605004
268,8.902715,8.847456,7.597456,10.097456,informed,none,0.000000,-2,57.479056,39.673626,0.040000,39.633626
269,8.525607,8.350664,7.100664,9.600664,informed,none,0.000000,-2,57.479056,40.427842,0.040000,40.387842
270,9.785132,9.266773,8.016773,10.516773,noise,none,0.000000,-2,57.479056,37.908792,0.040000,37.868792
271,10.211374,9.700312,8.450312,10.950312,informed,none,0.000000,-2,57.479056,37.056308,0.040000,37.016308
272,11.295494,11.789696,10.539696,13.039696,noise,none,0.000000,-2,57.479056,34.888068,0.040000,34.848068
273,12.343129,12.746613,11.496613,13.996613,noise,none,0.000000,-2,57.479056,32.792797,0.040000,32.752797
274,11.845340,12.005662,10.755662,13.255662,informed,none,0.000000,-2,57.479056,33.788376,0.040000,33.748376
275,13.476571,13.120393,11.870393,14.370393,noise,none,0.000000,-2,57.479056,30.525913,0.040000,30.485913
276,12.701302,12.413474,11.163474,13.663474,informed,none,0.000000,-2,57.479056,32.076451,0.040000,32.036451
277,12.628536,12.067980,10.817980,13.317980,noise,none,0.000000,-2,57.479056,32.221985,0.040000,32.181985
278,12.650223,12.292674,11.042674,13.542674,noise,none,0.000000,-2,57.479056,32.178609,0.040000,32.138609
279,15.704146,15.667671,14.417671,16.917671,noise,none,0.000000,-2,57.479056,26.070763,0.040000,26.030763
280,16.179956,16.512870,15.262870,17.762870,informed,none,0.000000,-2,57.479056,25.119143,0.040000,25.079143
281,15.309424,15.968991,14.718991,17.218991,informed,none,0.000000,-2,57.479056,26.860208,0.040000,26.820208
282,15.053734,14.640885,13.390885,15.890885,noise,none,0.000000,-2,57.479056,27.371588,0.040000,27.331588
283,15.008841,14.308785,13.058785,15.558785,informed,none,0.000000,-2,57.479056,27.461374,0.040000,27.421374
284,14.408552,13.949813,12.699813,15.199813,informed,none,0.000000,-2,57.479056,28.661951,0.040000,28.621951
285,14.793412,13.776096,12.526096,15.026096,informed,none,0.000000,-2,57.479056,27.892232,0.040000,27.852232
286,15.114188,14.481354,13.231354,15.731354,informed,none,0.000000,-2,57.479056,27.250681,0.040000,27.210681
287,13.573376,13.210310,11.960310,14.460310,informed,none,0.000000,-2,57.479056,30.332304,0.040000,30.292304
288,12.584555,12.506581,11.256581,13.756581,noise,none,0.000000,-2,57.479056,32.309946,0.040000,32.269946
289,12.066031,12.034548,10.784548,13.284548,informed,none,0.000000,-2,57.479056,33.346995,0.040000,33.306995
290,13.268530,13.722259,12.472259,14.972259,noise,none,0.000000,-2,57.479056,30.941997,0.040000,30.901997
291,12.360866,12.832654,11.582654,14.082654,noise,buy_from_mm,14.082654,-3,71.561709,34.479111,0.090000,34.389111
292,13.747115,13.899335,12.649335,15.149335,noise,none,0.000000,-3,71.561709,30.320365,0.090000,30.230365
293,14.287168,14.958162,13.708162,16.208162,noise,none,0.000000,-3,71.561709,28.700206,0.090000,28.610206
294,13.817949,13.006220,11.756220,14.256220,noise,buy_from_mm,14.256220,-4,85.817930,30.546135,0.160000,30.386135
295,14.163660,14.752908,13.502908,16.002908,informed,none,0.000000,-4,85.817930,29.163289,0.160000,29.003289
296,15.190059,14.578500,13.328500,15.828500,noise,none,0.000000,-4,85.817930,25.057695,0.160000,24.897695
297,17.358960,17.637924,16.387924,18.887924,noise,none,0.000000,-4,85.817930,16.382089,0.160000,16.222089
298,16.259184,16.046698,14.796698,17.296698,noise,sell_to_mm,14.796698,-3,71.021232,22.243679,0.090000,22.153679
299,17.010916,17.050094,15.800094,18.300094,informed,none,0.000000,-3,71.021232,19.988484,0.090000,19.898484
300,15.811230,16.352993,15.102993,17.602993,informed,none,0.000000,-3,71.021232,23.587543,0.090000,23.497543
301,14.726629,14.663060,13.413060,15.913060,informed,none,0.000000,-3,71.021232,26.841343,0.090000,26.751343
302,15.794239,16.057073,14.807073,17.307073,noise,none,0.000000,-3,71.021232,23.638515,0.090000,23.548515
303,14.482857,14.058928,12.808928,15.308928,noise,none,0.000000,-3,71.021232,27.572662,0.090000,27.482662
304,14.580023,14.654922,13.404922,15.904922,noise,none,0.000000,-3,71.021232,27.281163,0.090000,27.191163
305,15.419057,16.027640,14.777640,17.277640,noise,none,0.000000,-3,71.021232,24.764061,0.090000,24.674061
306,14.766903,15.174060,13.924060,16.424060,noise,none,0.000000,-3,71.021232,26.720523,0.090000,26.630523
307,15.968534,16.344971,15.094971,17.594971,informed,none,0.000000,-3,71.021232,23.115629,0.090000,23.025629
308,18.020314,17.290086,16.040086,18.540086,informed,none,0.000000,-3,71.021232,16.960291,0.090000,16.870291
309,18.734981,18.991501,17.741501,20.241501,noise,none,0.000000,-3,71.021232,14.816290,0.090000,14.726290
310,19.069953,18.409894,17.159894,19.659894,informed,none,0.000000,-3,71.021232,13.811373,0.090000,13.721373
311,19.151013,19.756644,18.506644,21.006644,informed,none,0.000000,-3,71.021232,13.568192,0.090000,13.478192
312,19.077928,18.267124,17.017124,19.517124,noise,sell_to_mm,17.017124,-2,54.004108,15.848252,0.040000,15.808252
313,18.708733,18.857094,17.607094,20.107094,noise,none,0.000000,-2,54.004108,16.586642,0.040000,16.546642
314,17.698430,17.669036,16.419036,18.919036,informed,none,0.000000,-2,54.004108,18.607248,0.040000,18.567248
315,17.528165,17.900334,16.650334,19.150334,noise,none,0.000000,-2,54.004108,18.947778,0.040000,18.907778
316,16.513935,16.213076,14.963076,17.463076,informed,none,0.000000,-2,54.004108,20.976237,0.040000,20.936237
317,15.849456,15.078640,13.828640,16.328640,informed,none,0.000000,-2,54.004108,22.305195,0.040000,22.265195
318,16.141390,16.157482,14.907482,17.407482,informed,none,0.000000,-2,54.004108,21.721327,0.040000,21.681327
319,15.802694,16.030937,14.780937,17.280937,noise,sell_to_mm,14.780937,-1,39.223171,23.420477,0.010000,23.410477
320,16.018043,14.906263,13.656263,16.156263,noise,none,0.000000,-1,39.223171,23.205128,0.010000,23.195128
321,15.546799,16.316544,15.066544,17.566544,noise,sell_to_mm,15.066544,0,24.156627,24.156627,0.000000,24.156627
322,15.598296,15.653894,14.403894,16.903894,noise,none,0.000000,0,24.156627,24.156627,0.000000,24.156627
323,17.504013,17.824622,16.574622,19.074622,noise,none,0.000000,0,24.156627,24.156627,0.000000,24.156627
324,17.760986,17.919741,16.669741,19.169741,noise,none,0.000000,0,24.156627,24.156627,0.000000,24.156627
325,18.462142,18.017201,16.767201,19.267201,noise,none,0.000000,0,24.156627,24.156627,0.000000,24.156627
326,18.474707,18.999926,17.749926,20.249926,informed,none,0.000000,0,24.156627,24.156627,0.000000,24.156627
327,19.783804,19.413399,18.163399,20.663399,informed,none,0.000000,0,24.156627,24.156627,0.000000,24.156627
328,20.010148,19.857401,18.607401,21.107401,noise,none,0.000000,0,24.156627,24.156627,0.000000,24.156627
329,20.535595,20.622210,19.372210,21.872210,noise,none,0.000000,0,24.156627,24.156627,0.000000,24.156627
330,21.166942,21.660346,20.410346,22.910346,noise,none,0.000000,0,24.156627,24.156627,0.000000,24.156627
331,21.299354,21.127152,19.877152,22.377152,informed,none,0.000000,0,24.156627,24.156627,0.000000,24.156627
332,19.736195,20.375057,19.125057,21.625057,noise,none,0.000000,0,24.156627,24.156627,0.000000,24.156627
333,18.464901,18.651283,17.401283,19.901283,noise,none,0.000000,0,24.156627,24.156627,0.000000,24.156627
334,17.454855,17.553198,16.303198,18.803198,informed,none,0.000000,0,24.156627,24.156627,0.000000,24.156627
335,17.571387,17.743016,16.493016,18.993016,noise,none,0.000000,0,24.156627,24.156627,0.000000,24.156627
336,16.673548,16.961652,15.711652,18.211652,informed,none,0.000000,0,24.156627,24.156627,0.000000,24.156627
337,17.543018,17.617832,16.367832,18.867832,informed,none,0.000000,0,24.156627,24.156627,0.000000,24.156627
338,16.870072,16.315899,15.065899,17.565899,noise,none,0.000000,0,24.156627,24.156627,0.000000,24.156627
339,16.742677,17.193066,15.943066,18.443066,noise,sell_to_mm,15.943066,1,8.213561,24.956238,0.010000,24.946238
340,15.410611,14.966378,13.716378,16.216378,noise,buy_from_mm,16.216378,0,24.429939,24.429939,0.000000,24.429939
341,15.943458,16.058586,14.808586,17.308586,informed,none,0.000000,0,24.429939,24.429939,0.000000,24.429939
342,15.371087,14.393489,13.143489,15.643489,informed,none,0.000000,0,24.429939,24.429939,0.000000,24.429939
343,15.087634,15.226419,13.976419,16.476419,informed,none,0.000000,0,24.429939,24.429939,0.000000,24.429939
344,15.057924,14.881836,13.631836,16.131836,informed,none,0.000000,0,24.429939,24.429939,0.000000,24.429939
345,13.721467,14.310989,13.060989,15.560989,informed,none,0.000000,0,24.429939,24.429939,0.000000,24.429939
346,12.085758,11.427503,10.177503,12.677503,noise,none,0.000000,0,24.429939,24.429939,0.000000,24.429939
347,11.035170,11.150008,9.900008,12.400008,informed,none,0.000000,0,24.429939,24.429939,0.000000,24.429939
348,10.019423,9.607327,8.357327,10.857327,informed,none,0.000000,0,24.429939,24.429939,0.000000,24.429939
349,10.353128,10.163643,8.913643,11.413643,noise,none,0.000000,0,24.429939,24.429939,0.000000,24.429939
350,10.952966,11.566416,10.316416,12.816416,informed,none,0.000000,0,24.429939,24.429939,0.000000,24.429939
351,10.924245,10.978997,9.728997,12.228997,informed,none,0.000000,0,24.429939,24.429939,0.000000,24.429939
352,10.811542,10.265681,9.015681,11.515681,noise,buy_from_mm,11.515681,-1,35.945621,25.134078,0.010000,25.124078
353,11.886051,10.902231,9.652231,12.152231,noise,none,0.000000,-1,35.945621,24.059570,0.010000,24.049570
354,11.017068,11.339671,10.089671,12.589671,informed,none,0.000000,-1,35.945621,24.928552,0.010000,24.918552
355,12.422723,12.219836,10.969836,13.469836,informed,none,0.000000,-1,35.945621,23.522898,0.010000,23.512898
356,11.811040,11.929728,10.679728,13.179728,noise,none,0.000000,-1,35.945621,24.134581,0.010000,24.124581
357,12.687001,12.026412,10.776412,13.276412,informed,none,0.000000,-1,35.945621,23.258620,0.010000,23.248620
358,13.371564,13.008985,11.758985,14.258985,noise,none,0.000000,-1,35.945621,22.574057,0.010000,22.564057
359,12.455368,12.590034,11.340034,13.840034,informed,none,0.000000,-1,35.945621,23.490253,0.010000,23.480253
360,12.982289,13.273387,12.023387,14.523387,noise,buy_from_mm,14.523387,-2,50.469008,24.504429,0.040000,24.464429
361,13.364237,13.561960,12.311960,14.811960,noise,none,0.000000,-2,50.469008,23.740535,0.040000,23.700535
362,14.054759,14.626748,13.376748,15.876748,noise,buy_from_mm,15.876748,-3,66.345756,24.181478,0.090000,24.091478
363,14.886279,15.458979,14.208979,16.708979,informed,none,0.000000,-3,66.345756,21.686920,0.090000,21.596920
364,14.490504,12.880773,11.630773,14.130773,informed,buy_from_mm,14.130773,-4,80.476528,22.514513,0.160000,22.354513
365,14.853773,14.517293,13.267293,15.767293,noise,none,0.000000,-4,80.476528,21.061436,0.160000,20.901436
366,15.005282,14.508461,13.258461,15.758461,noise,buy_from_mm,15.758461,-5,96.234989,21.208579,0.250000,20.958579
367,14.965545,14.829332,13.579332,16.079332,informed,none,0.000000,-5,96.234989,21.407263,0.250000,21.157263
368,14.851406,15.094546,13.844546,16.344546,noise,buy_from_mm,16.344546,-6,112.579535,23.471101,0.360000,23.111101
369,14.535005,14.821895,13.571895,16.071895,informed,none,0.000000,-6,112.579535,25.369508,0.360000,25.009508
370,14.678294,14.845457,13.595457,16.095457,noise,none,0.000000,-6,112.579535,24.509770,0.360000,24.149770
371,14.681733,15.461444,14.211444,16.711444,noise,sell_to_mm,14.211444,-5,98.368091,24.959427,0.250000,24.709427
372,15.182659,15.600536,14.350536,16.850536,noise,buy_from_mm,16.850536,-6,115.218627,24.122670,0.360000,23.762670
373,15.626300,14.707397,13.457397,15.957397,noise,none,0.000000,-6,115.218627,21.460825,0.360000,21.100825
374,14.992745,14.583726,13.333726,15.833726,informed,none,0.000000,-6,115.218627,25.262158,0.360000,24.902158
375,15.758785,15.968483,14.718483,17.218483,informed,none,0.000000,-6,115.218627,20.665920,0.360000,20.305920
376,15.402303,15.372248,14.122248,16.622248,informed,none,0.000000,-6,115.218627,22.804808,0.360000,22.444808
377,15.035596,15.046504,13.796504,16.296504,noise,buy_from_mm,16.296504,-7,131.515131,26.265957,0.490000,25.775957
378,13.912737,14.768657,13.518657,16.018657,informed,none,0.000000,-7,131.515131,34.125970,0.490000,33.635970
379,13.696418,13.842690,12.592690,15.092690,informed,none,0.000000,-7,131.515131,35.640204,0.490000,35.150204
380,14.525212,14.314797,13.064797,15.564797,informed,none,0.000000,-7,131.515131,29.838649,0.490000,29.348649
381,15.862004,15.389115,14.139115,16.639115,informed,none,0.000000,-7,131.515131,20.481103,0.490000,19.991103
382,15.983932,16.204276,14.954276,17.454276,noise,none,0.000000,-7,131.515131,19.627609,0.490000,19.137609
383,14.620748,14.276116,13.026116,15.526116,noise,sell_to_mm,13.026116,-6,118.489015,30.764529,0.360000,30.404529
384,15.568092,15.460749,14.210749,16.710749,noise,sell_to_mm,14.210749,-5,104.278266,26.437806,0.250000,26.187806
385,16.234507,15.475627,14.225627,16.725627,noise,none,0.000000,-5,104.278266,23.105732,0.250000,22.855732
386,13.882930,14.306429,13.056429,15.556429,informed,none,0.000000,-5,104.278266,34.863616,0.250000,34.613616
387,12.481846,12.514730,11.264730,13.764730,noise,none,0.000000,-5,104.278266,41.869037,0.250000,41.619037
388,11.292538,11.212100,9.962100,12.462100,noise,none,0.000000,-5,104.278266,47.815578,0.250000,47.565578
389,11.331207,11.738922,10.488922,12.988922,noise,none,0.000000,-5,104.278266,47.622229,0.250000,47.372229
390,12.153965,12.493010,11.243010,13.743010,noise,none,0.000000,-5,104.278266,43.508440,0.250000,43.258440
391,13.516089,13.860902,12.610902,15.110902,informed,none,0.000000,-5,104.278266,36.697820,0.250000,36.447820
392,14.784844,14.183693,12.933693,15.433693,noise,none,0.000000,-5,104.278266,30.354048,0.250000,30.104048
393,14.798542,15.347735,14.097735,16.597735,noise,none,0.000000,-5,104.278266,30.285558,0.250000,30.035558
394,15.811368,16.114122,14.864122,17.364122,noise,buy_from_mm,17.364122,-6,121.642388,26.774179,0.360000,26.414179
395,15.738899,15.098588,13.848588,16.348588,noise,none,0.000000,-6,121.642388,27.208994,0.360000,26.848994
396,15.150451,14.676578,13.426578,15.926578,noise,none,0.000000,-6,121.642388,30.739681,0.360000,30.379681
397,15.044645,14.949452,13.699452,16.199452,noise,none,0.000000,-6,121.642388,31.374517,0.360000,31.014517
398,14.456849,15.190084,13.940084,16.440084,informed,none,0.000000,-6,121.642388,34.901293,0.360000,34.541293
399,14.527117,15.402379,14.152379,16.652379,noise,sell_to_mm,14.152379,-5,107.490009,34.854422,0.250000,34.604422
400,15.364922,14.294719,13.044719,15.544719,noise,buy_from_mm,15.544719,-6,123.034728,30.845196,0.360000,30.485196
401,14.077836,14.216056,12.966056,15.466056,noise,none,0.000000,-6,123.034728,38.567710,0.360000,38.207710
402,13.418367,13.097778,11.847778,14.347778,informed,none,0.000000,-6,123.034728,42.524528,0.360000,42.164528
403,13.942985,15.018146,13.768146,16.268146,noise,none,0.000000,-6,123.034728,39.376815,0.360000,39.016815
404,13.594372,13.945877,12.695877,15.195877,noise,none,0.000000,-6,123.034728,41.468495,0.360000,41.108495
405,11.371516,11.454396,10.204396,12.704396,noise,none,0.000000,-6,123.034728,54.805631,0.360000,54.445631
406,11.220288,10.985301,9.735301,12.235301,noise,buy_from_mm,12.235301,-7,135.270029,56.728011,0.490000,56.238011
407,12.325853,11.093981,9.843981,12.343981,informed,none,0.000000,-7,135.270029,48.989059,0.490000,48.499059
408,13.813471,13.919835,12.669835,15.169835,noise,none,0.000000,-7,135.270029,38.575733,0.490000,38.085733
409,13.985926,14.189315,12.939315,15.439315,noise,none,0.000000,-7,135.270029,37.368545,0.490000,36.878545
410,13.171897,13.905279,12.655279,15.155279,noise,none,0.000000,-7,135.270029,43.066750,0.490000,42.576750
411,11.644764,11.219977,9.969977,12.469977,noise,buy_from_mm,12.469977,-8,147.740006,54.581891,0.640000,53.941891
412,11.711156,10.180985,8.930985,11.430985,noise,none,0.000000,-8,147.740006,54.050754,0.640000,53.410754
413,11.790940,11.381310,10.131310,12.631310,informed,none,0.000000,-8,147.740006,53.412485,0.640000,52.772485
414,12.135207,11.563685,10.313685,12.813685,noise,none,0.000000,-8,147.740006,50.658350,0.640000,50.018350
415,12.249664,12.388617,11.138617,13.638617,noise,none,0.000000,-8,147.740006,49.742695,0.640000,49.102695
416,12.636070,12.665670,11.415670,13.915670,noise,none,0.000000,-8,147.740006,46.651444,0.640000,46.011444
417,11.979806,12.665226,11.415226,13.915226,noise,sell_to_mm,11.415226,-7,136.324780,52.466140,0.490000,51.976140
418,12.497790,12.321202,11.071202,13.571202,informed,none,0.000000,-7,136.324780,48.840248,0.490000,48.350248
419,12.726930,12.700414,11.450414,13.950414,noise,buy_from_mm,13.950414,-8,150.275194,48.459752,0.640000,47.819752
420,12.776219,13.169488,11.919488,14.419488,informed,none,0.000000,-8,150.275194,48.065441,0.640000,47.425441
421,13.004819,13.205509,11.955509,14.455509,informed,none,0.000000,-8,150.275194,46.236639,0.640000,45.596639
422,13.156011,13.638524,12.388524,14.888524,noise,none,0.000000,-8,150.275194,45.027108,0.640000,44.387108
423,12.364501,13.138403,11.888403,14.388403,noise,none,0.000000,-8,150.275194,51.359185,0.640000,50.719185
424,11.176967,11.289210,10.039210,12.539210,noise,none,0.000000,-8,150.275194,60.859458,0.640000,60.219458
425,9.343034,9.094056,7.844056,10.344056,noise,buy_from_mm,10.344056,-9,160.619250,76.531941,0.810000,75.721941
426,10.094673,10.265048,9.015048,11.515048,informed,none,0.000000,-9,160.619250,69.767196,0.810000,68.957196
427,9.428504,9.365027,8.115027,10.615027,informed,none,0.000000,-9,160.619250,75.762714,0.810000,74.952714
428,8.966171,8.802241,7.552241,10.052241,informed,none,0.000000,-9,160.619250,79.923710,0.810000,79.113710
429,10.031192,10.922954,9.672954,12.172954,informed,none,0.000000,-9,160.619250,70.338526,0.810000,69.528526
430,10.825155,10.957163,9.707163,12.207163,informed,none,0.000000,-9,160.619250,63.192859,0.810000,62.382859
431,11.352816,10.547470,9.297470,11.797470,informed,none,0.000000,-9,160.619250,58.443904,0.810000,57.633904
432,11.758239,12.466078,11.216078,13.716078,noise,buy_from_mm,13.716078,-10,174.335328,56.752942,1.000000,55.752942
433,13.778398,13.879859,12.629859,15.129859,informed,none,0.000000,-10,174.335328,36.551350,1.000000,35.551350
434,14.526986,13.592721,12.342721,14.842721,noise,sell_to_mm,12.342721,-9,161.992607,31.249729,0.810000,30.439729
435,16.092570,15.091369,13.841369,16.341369,noise,none,0.000000,-9,161.992607,17.159474,0.810000,16.349474
436,16.462616,17.179671,15.929671,18.429671,informed,none,0.000000,-9,161.992607,13.829067,0.810000,13.019067
437,15.021913,14.202744,12.952744,15.452744,informed,none,0.000000,-9,161.992607,26.795390,0.810000,25.985390
438,14.007812,14.314848,13.064848,15.564848,informed,none,0.000000,-9,161.992607,35.922301,0.810000,35.112301
439,12.795442,13.131059,11.881059,14.381059,noise,none,0.000000,-9,161.992607,46.833627,0.810000,46.023627
440,13.371307,13.539835,12.289835,14.789835,informed,none,0.000000,-9,161.992607,41.650846,0.810000,40.840846
441,12.954686,13.236752,11.986752,14.486752,noise,sell_to_mm,11.986752,-8,150.005855,46.368367,0.640000,45.728367
442,13.054442,13.215881,11.965881,14.465881,noise,buy_from_mm,14.465881,-9,164.471737,46.981754,0.810000,46.171754
443,11.644775,11.899474,10.649474,13.149474,noise,sell_to_mm,10.649474,-8,153.822262,60.664064,0.640000,60.024064
444,12.559145,12.234700,10.984700,13.484700,noise,none,0.000000,-8,153.822262,53.349101,0.640000,52.709101
445,12.446278,13.171035,11.921035,14.421035,noise,none,0.000000,-8,153.822262,54.252040,0.640000,53.612040
446,11.833199,11.584919,10.334919,12.834919,informed,none,0.000000,-8,153.822262,59.156673,0.640000,58.516673
447,9.686062,10.105690,8.855690,11.355690,informed,none,0.000000,-8,153.822262,76.333763,0.640000,75.693763
448,9.875822,9.892055,8.642055,11.142055,informed,none,0.000000,-8,153.822262,74.815687,0.640000,74.175687
449,9.665473,10.344569,9.094569,11.594569,informed,none,0.000000,-8,153.822262,76.498478,0.640000,75.858478
450,11.085702,10.687850,9.437850,11.937850,informed,none,0.000000,-8,153.822262,65.136645,0.640000,64.496645
451,11.295839,11.456683,10.206683,12.706683,noise,none,0.000000,-8,153.822262,63.455548,0.640000,62.815548
452,13.107106,13.005786,11.755786,14.255786,noise,none,0.000000,-8,153.822262,48.965417,0.640000,48.325417
453,14.437888,13.956238,12.706238,15.206238,noise,none,0.000000,-8,153.822262,38.319154,0.640000,37.679154
454,13.595627,13.733859,12.483859,14.983859,noise,none,0.000000,-8,153.822262,45.057248,0.640000,44.417248
455,11.705146,11.692244,10.442244,12.942244,noise,buy_from_mm,12.942244,-9,166.764506,61.418196,0.810000,60.608196
456,12.296095,12.905896,11.655896,14.155896,noise,buy_from_mm,14.155896,-10,180.920402,57.959457,1.000000,56.959457
457,11.064262,11.147578,9.897578,12.397578,noise,none,0.000000,-10,180.920402,70.277780,1.000000,69.277780
458,8.984838,9.546374,8.296374,10.796374,noise,none,0.000000,-10,180.920402,91.072023,1.000000,90.072023
459,9.345718,9.186896,7.936896,10.436896,noise,buy_from_mm,10.436896,-11,191.357298,88.554396,1.210000,87.344396
460,9.678217,9.993304,8.743304,11.243304,noise,none,0.000000,-11,191.357298,84.896910,1.210000,83.686910
461,10.347434,9.615916,8.365916,10.865916,informed,none,0.000000,-11,191.357298,77.535527,1.210000,76.325527
462,11.009638,10.361471,9.111471,11.611471,informed,none,0.000000,-11,191.357298,70.251285,1.210000,69.041285
463,11.907168,12.390704,11.140704,13.640704,informed,none,0.000000,-11,191.357298,60.378448,1.210000,59.168448
464,13.866490,13.956200,12.706200,15.206200,informed,none,0.000000,-11,191.357298,38.825912,1.210000,37.615912
465,13.084764,14.061474,12.811474,15.311474,noise,buy_from_mm,15.311474,-12,206.668772,49.651604,1.440000,48.211604
466,12.156197,11.776400,10.526400,13.026400,noise,buy_from_mm,13.026400,-13,219.695172,61.664612,1.690000,59.974612
467,11.600520,11.546452,10.296452,12.796452,noise,sell_to_mm,10.296452,-12,209.398719,70.192480,1.440000,68.752480
468,11.136051,10.927705,9.677705,12.177705,noise,none,0.000000,-12,209.398719,75.766113,1.440000,74.326113
469,11.782559,11.847906,10.597906,13.097906,informed,none,0.000000,-12,209.398719,68.008015,1.440000,66.568015
470,11.840668,11.539819,10.289819,12.789819,informed,none,0.000000,-12,209.398719,67.310706,1.440000,65.870706
471,11.245518,11.899132,10.649132,13.149132,informed,none,0.000000,-12,209.398719,74.452499,1.440000,73.012499
472,10.598774,11.129745,9.879745,12.379745,noise,none,0.000000,-12,209.398719,82.213430,1.440000,80.773430
473,8.913020,8.351763,7.101763,9.601763,informed,none,0.000000,-12,209.398719,102.442476,1.440000,101.002476
474,10.957800,10.023540,8.773540,11.273540,informed,none,0.000000,-12,209.398719,77.905116,1.440000,76.465116
475,11.352127,11.634536,10.384536,12.884536,informed,none,0.000000,-12,209.398719,73.173192,1.440000,71.733192
476,13.469807,12.744792,11.494792,13.994792,noise,none,0.000000,-12,209.398719,47.761030,1.440000,46.321030
477,11.375164,11.478533,10.228533,12.728533,informed,none,0.000000,-12,209.398719,72.896747,1.440000,71.456747
478,11.859621,12.350334,11.100334,13.600334,informed,none,0.000000,-12,209.398719,67.083262,1.440000,65.643262
479,11.208453,11.057570,9.807570,12.307570,informed,none,0.000000,-12,209.398719,74.897287,1.440000,73.457287
480,10.507112,10.452683,9.202683,11.702683,informed,none,0.000000,-12,209.398719,83.313375,1.440000,81.873375
481,11.783581,12.406450,11.156450,13.656450,noise,buy_from_mm,13.656450,-13,223.055170,69.868619,1.690000,68.178619
482,9.979229,9.875391,8.625391,11.125391,noise,sell_to_mm,8.625391,-12,214.429779,94.679028,1.440000,93.239028
483,10.303562,10.531332,9.281332,11.781332,noise,buy_from_mm,11.781332,-13,226.211111,92.264799,1.690000,90.574799
484,10.008488,10.266310,9.016310,11.516310,informed,none,0.000000,-13,226.211111,96.100769,1.690000,94.410769
485,9.304907,8.709729,7.459729,9.959729,informed,none,0.000000,-13,226.211111,105.247318,1.690000,103.557318
486,8.505726,9.082477,7.832477,10.332477,noise,none,0.000000,-13,226.211111,115.636673,1.690000,113.946673
487,7.166061,6.734334,5.484334,7.984334,noise,none,0.000000,-13,226.211111,133.052320,1.690000,131.362320
488,7.404930,7.987388,6.737388,9.237388,noise,none,0.000000,-13,226.211111,129.947021,1.690000,128.257021
489,5.357045,5.631503,4.381503,6.881503,informed,none,0.000000,-13,226.211111,156.569532,1.690000,154.879532
490,4.951883,5.176193,3.926193,6.426193,informed,none,0.000000,-13,226.211111,161.836633,1.690000,160.146633
491,4.108736,4.395224,3.145224,5.645224,informed,none,0.000000,-13,226.211111,172.797547,1.690000,171.107547
492,3.856270,3.565671,2.315671,4.815671,informed,none,0.000000,-13,226.211111,176.079602,1.690000,174.389602
493,3.864598,3.033555,1.783555,4.283555,noise,none,0.000000,-13,226.211111,175.971341,1.690000,174.281341
494,2.302317,2.228575,0.978575,3.478575,informed,none,0.000000,-13,226.211111,196.280992,1.690000,194.590992
495,3.555627,3.544199,2.294199,4.794199,noise,sell_to_mm,2.294199,-12,223.916912,181.249387,1.440000,179.809387
496,5.567358,6.097973,4.847973,7.347973,informed,none,0.000000,-12,223.916912,157.108619,1.440000,155.668619
497,3.010355,3.299645,2.049645,4.549645,informed,none,0.000000,-12,223.916912,187.792655,1.440000,186.352655
498,1.946463,1.758918,0.508918,3.008918,noise,none,0.000000,-12,223.916912,200.559354,1.440000,199.119354
499,3.625657,4.408459,3.158459,5.658459,informed,none,0.000000,-12,223.916912,180.409030,1.440000,178.969030
500,4.124021,4.324418,3.074418,5.574418,informed,none,0.000000,-12,223.916912,174.428657,1.440000,172.988657
501,3.208425,2.998001,1.748001,4.248001,noise,buy_from_mm,4.248001,-13,228.164913,186.455394,1.690000,184.765394
502,1.651633,0.714094,-0.535906,1.964094,informed,none,0.000000,-13,228.164913,206.693688,1.690000,205.003688
503,1.304748,1.529497,0.279497,2.779497,noise,none,0.000000,-13,228.164913,211.203183,1.690000,209.513183
504,2.344780,2.756777,1.506777,4.006777,noise,buy_from_mm,4.006777,-14,232.171690,199.344774,1.960000,197.384774
505,3.151613,3.604824,2.354824,4.854824,noise,none,0.000000,-14,232.171690,188.049113,1.960000,186.089113
506,4.471929,4.617392,3.367392,5.867392,noise,none,0.000000,-14,232.171690,169.564690,1.960000,167.604690
507,3.597362,3.598438,2.348438,4.848438,informed,none,0.000000,-14,232.171690,181.808619,1.960000,179.848619
508,2.277232,2.298345,1.048345,3.548345,informed,none,0.000000,-14,232.171690,200.290436,1.960000,198.330436
509,2.006464,1.171030,-0.078970,2.421030,noise,sell_to_mm,-0.078970,-13,232.250660,206.166629,1.690000,204.476629
510,2.161476,1.857117,0.607117,3.107117,informed,none,0.000000,-13,232.250660,204.151469,1.690000,202.461469
511,3.445258,3.219982,1.969982,4.469982,informed,none,0.000000,-13,232.250660,187.462301,1.690000,185.772301
512,3.122857,3.632689,2.382689,4.882689,noise,none,0.000000,-13,232.250660,191.653522,1.690000,189.963522
513,2.526656,2.570645,1.320645,3.820645,informed,none,0.000000,-13,232.250660,199.404126,1.690000,197.714126
514,3.014825,2.452600,1.202600,3.702600,noise,buy_from_mm,3.702600,-14,235.953260,193.745707,1.960000,191.785707
515,3.483537,3.780493,2.530493,5.030493,noise,none,0.000000,-14,235.953260,187.183740,1.960000,185.223740
516,3.123771,3.081054,1.831054,4.331054,noise,none,0.000000,-14,235.953260,192.220469,1.960000,190.260469
517,3.020538,2.687754,1.437754,3.937754,informed,none,0.000000,-14,235.953260,193.665727,1.960000,191.705727
518,2.876018,2.974367,1.724367,4.224367,informed,none,0.000000,-14,235.953260,195.689005,1.960000,193.729005
519,1.687809,1.358109,0.108109,2.608109,noise,buy_from_mm,2.608109,-15,238.561369,213.244237,2.250000,210.994237
520,0.877054,0.671109,-0.578891,1.921109,noise,none,0.000000,-15,238.561369,225.405560,2.250000,223.155560
521,1.331702,1.970141,0.720141,3.220141,noise,none,0.000000,-15,238.561369,218.585835,2.250000,216.335835
522,2.501955,1.558487,0.308487,2.808487,informed,none,0.000000,-15,238.561369,201.032041,2.250000,198.782041
523,2.041677,2.365305,1.115305,3.615305,noise,buy_from_mm,3.615305,-16,242.176673,209.509843,2.560000,206.949843
524,1.790396,1.891182,0.641182,3.141182,noise,none,0.000000,-16,242.176673,213.530333,2.560000,210.970333
525,3.275611,3.301776,2.051776,4.551776,noise,none,0.000000,-16,242.176673,189.766902,2.560000,187.206902
526,3.843204,3.542966,2.292966,4.792966,noise,none,0.000000,-16,242.176673,180.685413,2.560000,178.125413
527,2.601013,3.724833,2.474833,4.974833,noise,none,0.000000,-16,242.176673,200.560458,2.560000,198.000458
528,2.410070,2.416101,1.166101,3.666101,noise,buy_from_mm,3.666101,-17,245.842775,204.871591,2.890000,201.981591
529,2.974423,3.613998,2.363998,4.863998,noise,buy_from_mm,4.863998,-18,250.706773,197.167165,3.240000,193.927165
530,4.175407,3.713470,2.463470,4.963470,noise,none,0.000000,-18,250.706773,175.549444,3.240000,172.309444
531,4.504862,4.628748,3.378748,5.878748,noise,none,0.000000,-18,250.706773,169.619250,3.240000,166.379250
532,3.877125,4.587659,3.337659,5.837659,noise,none,0.000000,-18,250.706773,180.918531,3.240000,177.678531
533,3.724723,3.314748,2.064748,4.564748,informed,none,0.000000,-18,250.706773,183.661752,3.240000,180.421752
534,3.785382,4.349422,3.099422,5.599422,noise,none,0.000000,-18,250.706773,182.569888,3.240000,179.329888
535,5.446111,5.804141,4.554141,7.054141,noise,none,0.000000,-18,250.706773,152.676779,3.240000,149.436779
536,3.849401,4.564934,3.314934,5.814934,noise,none,0.000000,-18,250.706773,181.417556,3.240000,178.177556
537,5.813516,6.102663,4.852663,7.352663,noise,sell_to_mm,4.852663,-17,245.854109,147.024330,2.890000,144.134330
538,6.501545,7.212511,5.962511,8.462511,noise,none,0.000000,-17,245.854109,135.327843,2.890000,132.437843
539,6.396250,7.041402,5.791402,8.291402,noise,none,0.000000,-17,245.854109,137.117858,2.890000,134.227858
540,4.628675,4.273734,3.023734,5.523734,noise,buy_from_mm,5.523734,-18,251.377843,168.061696,3.240000,164.821696
541,6.099022,6.695404,5.445404,7.945404,noise,sell_to_mm,5.445404,-17,245.932439,142.249065,2.890000,139.359065
542,5.479592,5.183677,3.933677,6.433677,noise,none,0.000000,-17,245.932439,152.779376,2.890000,149.889376
543,5.847148,5.299438,4.049438,6.549438,noise,none,0.000000,-17,245.932439,146.530927,2.890000,143.640927
544,7.595772,7.501490,6.251490,8.751490,noise,buy_from_mm,8.751490,-18,254.683929,117.960029,3.240000,114.720029
545,8.157783,8.320576,7.070576,9.570576,informed,none,0.000000,-18,254.683929,107.843835,3.240000,104.603835
546,8.600249,7.811659,6.561659,9.061659,noise,none,0.000000,-18,254.683929,99.879447,3.240000,96.639447
547,7.428378,8.190845,6.940845,9.440845,noise,none,0.000000,-18,254.683929,120.973133,3.240000,117.733133
548,6.433777,6.510418,5.260418,7.760418,noise,none,0.000000,-18,254.683929,138.875950,3.240000,135.635950
549,7.451767,8.559174,7.309174,9.809174,noise,none,0.000000,-18,254.683929,120.552115,3.240000,117.312115
550,8.089462,9.348460,8.098460,10.598460,informed,sell_to_mm,8.098460,-17,246.585469,109.064614,2.890000,106.174614
551,8.604011,9.581800,8.331800,10.831800,noise,buy_from_mm,10.831800,-18,257.417268,102.545072,3.240000,99.305072
552,9.333324,8.328001,7.078001,9.578001,noise,none,0.000000,-18,257.417268,89.417435,3.240000,86.177435
553,8.484873,9.123902,7.873902,10.373902,noise,none,0.000000,-18,257.417268,104.689556,3.240000,101.449556
554,8.307066,8.013105,6.763105,9.263105,informed,none,0.000000,-18,257.417268,107.890076,3.240000,104.650076
555,10.161468,10.020587,8.770587,11.270587,noise,none,0.000000,-18,257.417268,74.510844,3.240000,71.270844
556,12.496184,13.082678,11.832678,14.332678,noise,none,0.000000,-18,257.417268,32.485953,3.240000,29.245953
557,12.961992,12.496224,11.246224,13.746224,informed,none,0.000000,-18,257.417268,24.101415,3.240000,20.861415
558,11.663135,11.654911,10.404911,12.904911,informed,none,0.000000,-18,257.417268,47.480846,3.240000,44.240846
559,10.595667,10.720080,9.470080,11.970080,noise,none,0.000000,-18,257.417268,66.695271,3.240000,63.455271
560,11.372360,11.274043,10.024043,12.524043,informed,none,0.000000,-18,257.417268,52.714790,3.240000,49.474790
561,11.451898,12.151970,10.901970,13.401970,informed,none,0.000000,-18,257.417268,51.283108,3.240000,48.043108
562,11.640985,11.040236,9.790236,12.290236,noise,none,0.000000,-18,257.417268,47.879532,3.240000,44.639532
563,10.870004,10.864806,9.614806,12.114806,noise,none,0.000000,-18,257.417268,61.757205,3.240000,58.517205
564,11.875297,12.214416,10.964416,13.464416,noise,none,0.000000,-18,257.417268,43.661918,3.240000,40.421918
565,12.081620,11.328790,10.078790,12.578790,noise,buy_from_mm,12.578790,-19,269.996058,40.445274,3.610000,36.835274
566,12.956519,12.718141,11.468141,13.968141,informed,none,0.000000,-19,269.996058,23.822191,3.610000,20.212191
567,13.891632,13.452051,12.202051,14.702051,noise,none,0.000000,-19,269.996058,6.055047,3.610000,2.445047
568,13.235280,13.321857,12.071857,14.571857,noise,none,0.000000,-19,269.996058,18.525742,3.610000,14.915742
569,12.799245,12.389267,11.139267,13.639267,noise,none,0.000000,-19,269.996058,26.810405,3.610000,23.200405
570,14.025752,14.177447,12.927447,15.427447,informed,none,0.000000,-19,269.996058,3.506767,3.610000,-0.103233
571,14.645895,14.556903,13.306903,15.806903,noise,sell_to_mm,13.306903,-18,256.689155,-6.936958,3.240000,-10.176958
572,15.363532,15.294739,14.044739,16.544739,informed,none,0.000000,-18,256.689155,-19.854425,3.240000,-23.094425
573,14.085440,13.812025,12.562025,15.062025,noise,none,0.000000,-18,256.689155,3.151243,3.240000,-0.088757
574,14.768915,14.309824,13.059824,15.559824,informed,none,0.000000,-18,256.689155,-9.151322,3.240000,-12.391322
575,16.196973,15.818687,14.568687,17.068687,noise,none,0.000000,-18,256.689155,-34.856358,3.240000,-38.096358
576,16.206570,16.238216,14.988216,17.488216,noise,sell_to_mm,14.988216,-17,241.700939,-33.810752,2.890000,-36.700752
577,16.274404,15.842536,14.592536,17.092536,noise,none,0.000000,-17,241.700939,-34.963925,2.890000,-37.853925
578,15.356762,14.818800,13.568800,16.068800,informed,none,0.000000,-17,241.700939,-19.364014,2.890000,-22.254014
579,14.639884,15.120157,13.870157,16.370157,noise,sell_to_mm,13.870157,-16,227.830782,-6.407354,2.560000,-8.967354
580,15.071308,15.363151,14.113151,16.613151,informed,none,0.000000,-16,227.830782,-13.310140,2.560000,-15.870140
581,15.744667,15.768202,14.518202,17.018202,noise,none,0.000000,-16,227.830782,-24.083891,2.560000,-26.643891
582,14.735715,14.952895,13.702895,16.202895,noise,none,0.000000,-16,227.830782,-7.940654,2.560000,-10.500654
583,14.538980,14.648290,13.398290,15.898290,informed,none,0.000000,-16,227.830782,-4.792891,2.560000,-7.352891
584,16.259333,15.622597,14.372597,16.872597,noise,none,0.000000,-16,227.830782,-32.318545,2.560000,-34.878545
585,15.247500,14.992468,13.742468,16.242468,noise,sell_to_mm,13.742468,-15,214.088315,-14.624192,2.250000,-16.874192
586,16.233835,16.769080,15.519080,18.019080,informed,none,0.000000,-15,214.088315,-29.419206,2.250000,-31.669206
587,14.747135,13.925440,12.675440,15.175440,noise,none,0.000000,-15,214.088315,-7.118716,2.250000,-9.368716
588,16.374127,16.337880,15.087880,17.587880,noise,buy_from_mm,17.587880,-16,231.676195,-30.309831,2.560000,-32.869831
589,16.442299,16.726302,15.476302,17.976302,noise,none,0.000000,-16,231.676195,-31.400588,2.560000,-33.960588
590,17.840911,17.675332,16.425332,18.925332,noise,none,0.000000,-16,231.676195,-53.778377,2.560000,-56.338377
591,17.841961,17.698956,16.448956,18.948956,informed,none,0.000000,-16,231.676195,-53.795182,2.560000,-56.355182
592,17.568254,17.806439,16.556439,19.056439,informed,none,0.000000,-16,231.676195,-49.415877,2.560000,-51.975877
593,17.349843,17.598051,16.348051,18.848051,informed,none,0.000000,-16,231.676195,-45.921301,2.560000,-48.481301
594,16.843803,16.869853,15.619853,18.119853,noise,sell_to_mm,15.619853,-15,216.056342,-36.600710,2.250000,-38.850710
595,18.330487,18.881356,17.631356,20.131356,noise,none,0.000000,-15,216.056342,-58.900959,2.250000,-61.150959
596,18.658074,18.863010,17.613010,20.113010,informed,none,0.000000,-15,216.056342,-63.814771,2.250000,-66.064771
597,18.204450,18.695756,17.445756,19.945756,noise,none,0.000000,-15,216.056342,-57.010411,2.250000,-59.260411
598,17.247632,17.261687,16.011687,18.511687,informed,none,0.000000,-15,216.056342,-42.658136,2.250000,-44.908136
599,16.566231,16.103665,14.853665,17.353665,informed,none,0.000000,-15,216.056342,-32.437116,2.250000,-34.687116
600,16.568504,16.822245,15.572245,18.072245,noise,none,0.000000,-15,216.056342,-32.471220,2.250000,-34.721220
601,19.270498,18.398717,17.148717,19.648717,informed,none,0.000000,-15,216.056342,-73.001123,2.250000,-75.251123
602,19.803323,20.239142,18.989142,21.489142,noise,none,0.000000,-15,216.056342,-80.993505,2.250000,-83.243505
603,18.985048,18.355232,17.105232,19.605232,noise,none,0.000000,-15,216.056342,-68.719373,2.250000,-70.969373
604,19.611988,19.824041,18.574041,21.074041,noise,sell_to_mm,18.574041,-14,197.482301,-77.085532,1.960000,-79.045532
605,19.313712,18.890178,17.640178,20.140178,informed,none,0.000000,-14,197.482301,-72.909673,1.960000,-74.869673
606,20.721013,20.104953,18.854953,21.354953,noise,none,0.000000,-14,197.482301,-92.611885,1.960000,-94.571885
607,21.851015,21.600764,20.350764,22.850764,informed,none,0.000000,-14,197.482301,-108.431914,1.960000,-110.391914
608,22.573025,23.341980,22.091980,24.591980,informed,none,0.000000,-14,197.482301,-118.540047,1.960000,-120.500047
609,22.926496,23.128418,21.878418,24.378418,noise,buy_from_mm,24.378418,-15,221.860718,-122.036721,2.250000,-124.286721
610,22.040359,22.637639,21.387639,23.887639,informed,none,0.000000,-15,221.860718,-108.744661,2.250000,-110.994661
611,20.739075,20.803239,19.553239,22.053239,noise,none,0.000000,-15,221.860718,-89.225410,2.250000,-91.475410
612,20.543088,21.007821,19.757821,22.257821,noise,none,0.000000,-15,221.860718,-86.285608,2.250000,-88.535608
613,20.635043,20.396235,19.146235,21.646235,noise,none,0.000000,-15,221.860718,-87.664921,2.250000,-89.914921
614,22.525267,21.706012,20.456012,22.956012,noise,none,0.000000,-15,221.860718,-116.018294,2.250000,-118.268294
615,22.256445,21.777006,20.527006,23.027006,informed,none,0.000000,-15,221.860718,-111.985963,2.250000,-114.235963
616,21.247900,21.226040,19.976040,22.476040,noise,sell_to_mm,19.976040,-14,201.884678,-95.585919,1.960000,-97.545919
617,21.527137,21.432863,20.182863,22.682863,informed,none,0.000000,-14,201.884678,-99.495239,1.960000,-101.455239
618,21.753238,22.224355,20.974355,23.474355,noise,none,0.000000,-14,201.884678,-102.660648,1.960000,-104.620648
619,21.667620,21.930302,20.680302,23.180302,noise,buy_from_mm,23.180302,-15,225.064980,-99.949327,2.250000,-102.199327
620,21.424613,21.915972,20.665972,23.165972,informed,none,0.000000,-15,225.064980,-96.304209,2.250000,-98.554209
621,21.654687,22.066395,20.816395,23.316395,informed,none,0.000000,-15,225.064980,-99.755321,2.250000,-102.005321
622,20.928186,20.969765,19.719765,22.219765,noise,sell_to_mm,19.719765,-14,205.345215,-87.649382,1.960000,-89.609382
623,20.410173,20.702732,19.452732,21.952732,noise,none,0.000000,-14,205.345215,-80.397209,1.960000,-82.357209
624,21.574725,21.105183,19.855183,22.355183,noise,none,0.000000,-14,205.345215,-96.700933,1.960000,-98.660933
625,22.765050,21.741702,20.491702,22.991702,informed,none,0.000000,-14,205.345215,-113.365485,1.960000,-115.325485
626,23.077940,23.296412,22.046412,24.546412,noise,none,0.000000,-14,205.345215,-117.745945,1.960000,-119.705945
627,22.105755,22.097298,20.847298,23.347298,noise,sell_to_mm,20.847298,-13,184.497917,-102.876900,1.690000,-104.566900
628,22.369711,23.475459,22.225459,24.725459,informed,none,0.000000,-13,184.497917,-106.308332,1.690000,-107.998332
629,22.609677,21.911609,20.661609,23.161609,informed,none,0.000000,-13,184.497917,-109.427887,1.690000,-111.117887
630,23.990295,23.740471,22.490471,24.990471,informed,none,0.000000,-13,184.497917,-127.375918,1.690000,-129.065918
631,23.992881,25.014128,23.764128,26.264128,noise,sell_to_mm,23.764128,-12,160.733789,-127.180787,1.440000,-128.620787
632,24.257266,24.072903,22.822903,25.322903,informed,none,0.000000,-12,160.733789,-130.353406,1.440000,-131.793406
633,21.911328,22.238959,20.988959,23.488959,noise,none,0.000000,-12,160.733789,-102.202150,1.440000,-103.642150
634,24.070455,23.880402,22.630402,25.130402,informed,none,0.000000,-12,160.733789,-128.111672,1.440000,-129.551672
635,25.069573,25.106044,23.856044,26.356044,informed,none,0.000000,-12,160.733789,-140.101092,1.440000,-141.541092
636,23.769666,23.180439,21.930439,24.430439,noise,none,0.000000,-12,160.733789,-124.502200,1.440000,-125.942200
637,22.351556,22.051447,20.801447,23.301447,noise,none,0.000000,-12,160.733789,-107.484878,1.440000,-108.924878
638,22.649740,22.677346,21.427346,23.927346,noise,none,0.000000,-12,160.733789,-111.063093,1.440000,-112.503093
639,22.263640,23.292855,22.042855,24.542855,informed,none,0.000000,-12,160.733789,-106.429894,1.440000,-107.869894
640,20.684455,20.660554,19.410554,21.910554,noise,sell_to_mm,19.410554,-11,141.323235,-86.205775,1.210000,-87.415775
641,21.291356,21.189000,19.939000,22.439000,informed,none,0.000000,-11,141.323235,-92.881677,1.210000,-94.091677
642,21.149042,21.709671,20.459671,22.959671,noise,none,0.000000,-11,141.323235,-91.316224,1.210000,-92.526224
643,19.819651,20.741827,19.491827,21.991827,informed,none,0.000000,-11,141.323235,-76.692926,1.210000,-77.902926
644,21.969763,22.036136,20.786136,23.286136,noise,none,0.000000,-11,141.323235,-100.344153,1.210000,-101.554153
645,22.692450,22.674561,21.424561,23.924561,informed,none,0.000000,-11,141.323235,-108.293714,1.210000,-109.503714
646,20.776013,21.201670,19.951670,22.451670,noise,none,0.000000,-11,141.323235,-87.212904,1.210000,-88.422904
647,20.974120,20.370358,19.120358,21.620358,informed,none,0.000000,-11,141.323235,-89.392090,1.210000,-90.602090
648,21.898493,22.136244,20.886244,23.386244,noise,none,0.000000,-11,141.323235,-99.560190,1.210000,-100.770190
649,22.655268,21.515631,20.265631,22.765631,noise,buy_from_mm,22.765631,-12,164.088865,-107.774349,1.440000,-109.214349
650,22.538866,22.847234,21.597234,24.097234,informed,none,0.000000,-12,164.088865,-106.377532,1.440000,-107.817532
651,22.414695,22.002180,20.752180,23.252180,noise,buy_from_mm,23.252180,-13,187.341045,-104.049988,1.690000,-105.739988
652,21.614870,21.675648,20.425648,22.925648,noise,none,0.000000,-13,187.341045,-93.652266,1.690000,-95.342266
653,22.074468,22.388826,21.138826,23.638826,informed,none,0.000000,-13,187.341045,-99.627041,1.690000,-101.317041
654,22.810671,22.908552,21.658552,24.158552,informed,none,0.000000,-13,187.341045,-109.197682,1.690000,-110.887682
655,22.319080,22.226558,20.976558,23.476558,noise,none,0.000000,-13,187.341045,-102.806990,1.690000,-104.496990
656,23.031674,22.481008,21.231008,23.731008,noise,none,0.000000,-13,187.341045,-112.070718,1.690000,-113.760718
657,22.729359,22.441985,21.191985,23.691985,noise,none,0.000000,-13,187.341045,-108.140623,1.690000,-109.830623
658,22.180250,22.112203,20.862203,23.362203,informed,none,0.000000,-13,187.341045,-101.002199,1.690000,-102.692199
659,20.995793,20.197811,18.947811,21.447811,noise,none,0.000000,-13,187.341045,-85.604261,1.690000,-87.294261
660,22.598002,22.747479,21.497479,23.997479,noise,none,0.000000,-13,187.341045,-106.432974,1.690000,-108.122974
661,21.605425,21.638652,20.388652,22.888652,informed,none,0.000000,-13,187.341045,-93.529481,1.690000,-95.219481
662,22.408727,22.367358,21.117358,23.617358,informed,none,0.000000,-13,187.341045,-103.972402,1.690000,-105.662402
663,21.304793,21.220887,19.970887,22.470887,informed,none,0.000000,-13,187.341045,-89.621264,1.690000,-91.311264
664,20.347098,20.959229,19.709229,22.209229,noise,none,0.000000,-13,187.341045,-77.171227,1.690000,-78.861227
665,21.006345,21.624166,20.374166,22.874166,noise,none,0.000000,-13,187.341045,-85.741438,1.690000,-87.431438
666,21.097861,22.095800,20.845800,23.345800,informed,none,0.000000,-13,187.341045,-86.931153,1.690000,-88.621153
667,21.031840,21.339025,20.089025,22.589025,informed,none,0.000000,-13,187.341045,-86.072873,1.690000,-87.762873
668,19.575959,19.678907,18.428907,20.928907,noise,none,0.000000,-13,187.341045,-67.146427,1.690000,-68.836427
669,17.674069,17.058561,15.808561,18.308561,informed,none,0.000000,-13,187.341045,-42.421850,1.690000,-44.111850
670,19.866291,20.071294,18.821294,21.321294,informed,none,0.000000,-13,187.341045,-70.920735,1.690000,-72.610735
671,19.297850,19.256647,18.006647,20.506647,noise,sell_to_mm,18.006647,-12,169.334399,-62.239798,1.440000,-63.679798
672,17.014979,16.516970,15.266970,17.766970,informed,none,0.000000,-12,169.334399,-34.845354,1.440000,-36.285354
673,16.503660,16.302437,15.052437,17.552437,noise,none,0.000000,-12,169.334399,-28.709522,1.440000,-30.149522
674,16.848399,16.985012,15.735012,18.235012,informed,none,0.000000,-12,169.334399,-32.846387,1.440000,-34.286387
675,17.140671,17.378649,16.128649,18.628649,noise,buy_from_mm,18.628649,-13,187.963048,-34.865671,1.690000,-36.555671
676,17.465850,16.668574,15.418574,17.918574,noise,none,0.000000,-13,187.963048,-39.093000,1.690000,-40.783000
677,17.901242,17.205044,15.955044,18.455044,noise,none,0.000000,-13,187.963048,-44.753094,1.690000,-46.443094
678,16.927152,17.644873,16.394873,18.894873,noise,buy_from_mm,18.894873,-14,206.857920,-30.122206,1.960000,-32.082206
679,17.733435,17.766794,16.516794,19.016794,informed,none,0.000000,-14,206.857920,-41.410163,1.960000,-43.370163
680,17.045193,16.840696,15.590696,18.090696,noise,none,0.000000,-14,206.857920,-31.774782,1.960000,-33.734782
681,17.961917,18.233796,16.983796,19.483796,noise,none,0.000000,-14,206.857920,-44.608914,1.960000,-46.568914
682,18.001845,18.022996,16.772996,19.272996,informed,none,0.000000,-14,206.857920,-45.167909,1.960000,-47.127909
683,18.045372,18.469604,17.219604,19.719604,informed,none,0.000000,-14,206.857920,-45.777284,1.960000,-47.737284
684,17.013280,16.857730,15.607730,18.107730,noise,none,0.000000,-14,206.857920,-31.327998,1.960000,-33.287998
685,16.249654,16.553088,15.303088,17.803088,informed,none,0.000000,-14,206.857920,-20.637231,1.960000,-22.597231
686,14.354100,14.248747,12.998747,15.498747,informed,none,0.000000,-14,206.857920,5.900520,1.960000,3.940520
687,14.366143,14.021481,12.771481,15.271481,informed,none,0.000000,-14,206.857920,5.731915,1.960000,3.771915
688,14.448481,14.583742,13.333742,15.833742,noise,buy_from_mm,15.833742,-15,222.691662,5.964450,2.250000,3.714450
689,14.405772,13.948008,12.698008,15.198008,informed,none,0.000000,-15,222.691662,6.605089,2.250000,4.355089
690,14.092475,13.499899,12.249899,14.749899,informed,none,0.000000,-15,222.691662,11.304539,2.250000,9.054539
691,16.961799,17.024586,15.774586,18.274586,informed,none,0.000000,-15,222.691662,-31.735319,2.250000,-33.985319
692,17.047589,16.127145,14.877145,17.377145,noise,none,0.000000,-15,222.691662,-33.022176,2.250000,-35.272176
693,16.426729,15.431599,14.181599,16.681599,informed,none,0.000000,-15,222.691662,-23.709266,2.250000,-25.959266
694,17.098428,17.225875,15.975875,18.475875,noise,none,0.000000,-15,222.691662,-33.784755,2.250000,-36.034755
695,18.335643,18.023647,16.773647,19.273647,informed,none,0.000000,-15,222.691662,-52.342977,2.250000,-54.592977
696,20.920683,21.079496,19.829496,22.329496,informed,none,0.000000,-15,222.691662,-91.118589,2.250000,-93.368589
697,19.634298,19.692894,18.442894,20.942894,informed,none,0.000000,-15,222.691662,-71.822808,2.250000,-74.072808
698,19.273529,19.296876,18.046876,20.546876,informed,none,0.000000,-15,222.691662,-66.411277,2.250000,-68.661277
699,19.391287,19.659225,18.409225,20.909225,noise,none,0.000000,-15,222.691662,-68.177643,2.250000,-70.427643
700,18.539562,17.548545,16.298545,18.798545,noise,none,0.000000,-15,222.691662,-55.401767,2.250000,-57.651767
701,20.059418,20.388059,19.138059,21.638059,noise,buy_from_mm,21.638059,-16,244.329722,-76.620960,2.560000,-79.180960
702,19.297399,19.933358,18.683358,21.183358,noise,none,0.000000,-16,244.329722,-64.428665,2.560000,-66.988665
703,19.038354,19.717728,18.467728,20.967728,noise,none,0.000000,-16,244.329722,-60.283947,2.560000,-62.843947
704,19.227156,19.757142,18.507142,21.007142,noise,none,0.000000,-16,244.329722,-63.304774,2.560000,-65.864774
705,20.057821,20.148175,18.898175,21.398175,noise,none,0.000000,-16,244.329722,-76.595415,2.560000,-79.155415
706,19.264623,19.147186,17.897186,20.397186,noise,none,0.000000,-16,244.329722,-63.904244,2.560000,-66.464244
707,19.811425,19.939830,18.689830,21.189830,informed,none,0.000000,-16,244.329722,-72.653080,2.560000,-75.213080
708,19.661020,19.885610,18.635610,21.135610,noise,none,0.000000,-16,244.329722,-70.246596,2.560000,-72.806596
709,19.033674,18.929973,17.679973,20.179973,noise,sell_to_mm,17.679973,-15,226.649749,-58.855354,2.250000,-61.105354
710,20.078380,19.237153,17.987153,20.487153,informed,none,0.000000,-15,226.649749,-74.525958,2.250000,-76.775958
711,20.106441,20.348220,19.098220,21.598220,informed,none,0.000000,-15,226.649749,-74.946861,2.250000,-77.196861
712,18.551562,18.629350,17.379350,19.879350,noise,none,0.000000,-15,226.649749,-51.623676,2.250000,-53.873676
713,19.852110,20.101861,18.851861,21.351861,noise,none,0.000000,-15,226.649749,-71.131894,2.250000,-73.381894
714,18.269346,17.920595,16.670595,19.170595,noise,none,0.000000,-15,226.649749,-47.390440,2.250000,-49.640440
715,18.175670,18.188968,16.938968,19.438968,noise,none,0.000000,-15,226.649749,-45.985301,2.250000,-48.235301
716,19.607993,19.534082,18.284082,20.784082,noise,buy_from_mm,20.784082,-16,247.433831,-66.294061,2.560000,-68.854061
717,18.717825,18.762117,17.512117,20.012117,informed,none,0.000000,-16,247.433831,-52.051371,2.560000,-54.611371
718,19.647001,19.713508,18.463508,20.963508,noise,buy_from_mm,20.963508,-17,268.397339,-65.601670,2.890000,-68.491670
719,18.205658,18.253364,17.003364,19.503364,noise,none,0.000000,-17,268.397339,-41.098853,2.890000,-43.988853
720,18.100236,18.097650,16.847650,19.347650,informed,none,0.000000,-17,268.397339,-39.306680,2.890000,-42.196680
721,17.857331,18.277744,17.027744,19.527744,noise,none,0.000000,-17,268.397339,-35.177290,2.890000,-38.067290
722,19.036870,19.096300,17.846300,20.346300,noise,sell_to_mm,17.846300,-16,250.551039,-54.038882,2.560000,-56.598882
723,19.409098,19.135504,17.885504,20.385504,informed,none,0.000000,-16,250.551039,-59.994522,2.560000,-62.554522
724,21.308453,20.647734,19.397734,21.897734,noise,none,0.000000,-16,250.551039,-90.384214,2.560000,-92.944214
725,22.264942,22.414573,21.164573,23.664573,noise,none,0.000000,-16,250.551039,-105.688034,2.560000,-108.248034
726,21.217810,20.603401,19.353401,21.853401,informed,none,0.000000,-16,250.551039,-88.933922,2.560000,-91.493922
727,20.865869,21.563654,20.313654,22.813654,noise,sell_to_mm,20.313654,-15,230.237385,-82.750652,2.250000,-85.000652
728,22.109068,22.280988,21.030988,23.530988,noise,none,0.000000,-15,230.237385,-101.398629,2.250000,-103.648629
729,21.106086,20.485180,19.235180,21.735180,noise,none,0.000000,-15,230.237385,-86.353913,2.250000,-88.603913
730,20.099996,19.873532,18.623532,21.123532,informed,none,0.000000,-15,230.237385,-71.262554,2.250000,-73.512554
731,19.467416,19.611456,18.361456,20.861456,noise,none,0.000000,-15,230.237385,-61.773860,2.250000,-64.023860
732,19.862577,18.533296,17.283296,19.783296,informed,buy_from_mm,19.783296,-16,250.020681,-67.780557,2.560000,-70.340557
733,19.809325,19.382591,18.132591,20.632591,noise,none,0.000000,-16,250.020681,-66.928518,2.560000,-69.488518
734,18.677139,19.311879,18.061879,20.561879,noise,none,0.000000,-16,250.020681,-48.813551,2.560000,-51.373551
735,17.755093,17.618701,16.368701,18.868701,informed,none,0.000000,-16,250.020681,-34.060810,2.560000,-36.620810
736,20.494346,20.969645,19.719645,22.219645,noise,none,0.000000,-16,250.020681,-77.888858,2.560000,-80.448858
737,22.654167,21.995074,20.745074,23.245074,noise,none,0.000000,-16,250.020681,-112.445997,2.560000,-115.005997
738,23.626176,23.751241,22.501241,25.001241,noise,none,0.000000,-16,250.020681,-127.998139,2.560000,-130.558139
739,21.985728,21.038784,19.788784,22.288784,noise,sell_to_mm,19.788784,-15,230.231897,-99.554016,2.250000,-101.804016
740,21.647203,21.809819,20.559819,23.059819,noise,sell_to_mm,20.559819,-14,209.672078,-93.388764,1.960000,-95.348764
741,21.245573,21.484270,20.234270,22.734270,noise,none,0.000000,-14,209.672078,-87.765949,1.960000,-89.725949
742,22.056741,22.558174,21.308174,23.808174,informed,none,0.000000,-14,209.672078,-99.122301,1.960000,-101.082301
743,22.619305,22.394139,21.144139,23.644139,noise,none,0.000000,-14,209.672078,-106.998195,1.960000,-108.958195
744,22.178909,22.403867,21.153867,23.653867,informed,none,0.000000,-14,209.672078,-100.832654,1.960000,-102.792654
745,21.982198,21.782230,20.532230,23.032230,informed,none,0.000000,-14,209.672078,-98.078689,1.960000,-100.038689
746,22.466748,22.129640,20.879640,23.379640,noise,none,0.000000,-14,209.672078,-104.862388,1.960000,-106.822388
747,21.501674,21.868288,20.618288,23.118288,informed,none,0.000000,-14,209.672078,-91.351351,1.960000,-93.311351
748,20.576553,20.080898,18.830898,21.330898,noise,none,0.000000,-14,209.672078,-78.399661,1.960000,-80.359661
749,18.961166,18.662782,17.412782,19.912782,informed,none,0.000000,-14,209.672078,-55.784246,1.960000,-57.744246
750,18.637375,18.815507,17.565507,20.065507,noise,sell_to_mm,17.565507,-13,192.106571,-50.179299,1.690000,-51.869299
751,17.692030,17.924299,16.674299,19.174299,noise,none,0.000000,-13,192.106571,-37.889818,1.690000,-39.579818
752,18.342712,19.000530,17.750530,20.250530,noise,none,0.000000,-13,192.106571,-46.348683,1.690000,-48.038683
753,17.476010,17.229849,15.979849,18.479849,informed,none,0.000000,-13,192.106571,-35.081564,1.690000,-36.771564
754,18.035803,18.326628,17.076628,19.576628,noise,none,0.000000,-13,192.106571,-42.358867,1.690000,-44.048867
755,19.041071,19.833316,18.583316,21.083316,informed,none,0.000000,-13,192.106571,-55.427357,1.690000,-57.117357
756,18.643865,18.364896,17.114896,19.614896,noise,none,0.000000,-13,192.106571,-50.263680,1.690000,-51.953680
757,20.142763,18.933421,17.683421,20.183421,noise,sell_to_mm,17.683421,-12,174.423150,-67.290010,1.440000,-68.730010
758,20.112417,19.603308,18.353308,20.853308,noise,none,0.000000,-12,174.423150,-66.925854,1.440000,-68.365854
759,20.552949,21.165809,19.915809,22.415809,informed,none,0.000000,-12,174.423150,-72.212237,1.440000,-73.652237
760,23.512611,23.770511,22.520511,25.020511,noise,none,0.000000,-12,174.423150,-107.728188,1.440000,-109.168188
761,22.862621,22.740491,21.490491,23.990491,informed,none,0.000000,-12,174.423150,-99.928303,1.440000,-101.368303
762,23.519548,23.794457,22.544457,25.044457,informed,none,0.000000,-12,174.423150,-107.811431,1.440000,-109.251431
763,21.242034,20.733662,19.483662,21.983662,informed,none,0.000000,-12,174.423150,-80.481256,1.440000,-81.921256
764,20.843314,19.958073,18.708073,21.208073,noise,buy_from_mm,21.208073,-13,195.631222,-75.331858,1.690000,-77.021858
765,21.516250,20.772989,19.522989,22.022989,noise,none,0.000000,-13,195.631222,-84.080024,1.690000,-85.770024
766,21.622001,21.530558,20.280558,22.780558,informed,none,0.000000,-13,195.631222,-85.454793,1.690000,-87.144793
767,22.941942,22.994324,21.744324,24.244324,informed,none,0.000000,-13,195.631222,-102.614026,1.690000,-104.304026
768,19.991075,19.962170,18.712170,21.212170,noise,none,0.000000,-13,195.631222,-64.252753,1.690000,-65.942753
769,18.911212,18.391966,17.141966,19.641966,noise,none,0.000000,-13,195.631222,-50.214529,1.690000,-51.904529
770,18.843211,18.637311,17.387311,19.887311,noise,none,0.000000,-13,195.631222,-49.330526,1.690000,-51.020526
771,19.690599,19.681412,18.431412,20.931412,informed,none,0.000000,-13,195.631222,-60.346563,1.690000,-62.036563
772,20.368643,21.404409,20.154409,22.654409,noise,sell_to_mm,20.154409,-12,175.476813,-68.946904,1.440000,-70.386904
773,19.645978,20.067489,18.817489,21.317489,noise,none,0.000000,-12,175.476813,-60.274926,1.440000,-61.714926
774,19.742732,19.869924,18.619924,21.119924,noise,none,0.000000,-12,175.476813,-61.435974,1.440000,-62.875974
775,18.867584,18.981535,17.731535,20.231535,informed,none,0.000000,-12,175.476813,-50.934194,1.440000,-52.374194
776,19.832117,20.095173,18.845173,21.345173,informed,none,0.000000,-12,175.476813,-62.508590,1.440000,-63.948590
777,20.006531,20.159995,18.909995,21.409995,noise,none,0.000000,-12,175.476813,-64.601560,1.440000,-66.041560
778,20.830004,20.624894,19.374894,21.874894,informed,none,0.000000,-12,175.476813,-74.483238,1.440000,-75.923238
779,18.984371,18.641236,17.391236,19.891236,noise,none,0.000000,-12,175.476813,-52.335645,1.440000,-53.775645
780,17.968731,18.295343,17.045343,19.545343,noise,none,0.000000,-12,175.476813,-40.147958,1.440000,-41.587958
781,18.484994,19.033543,17.783543,20.283543,informed,none,0.000000,-12,175.476813,-46.343121,1.440000,-47.783121
782,20.035818,20.663176,19.413176,21.913176,noise,buy_from_mm,21.913176,-13,197.389989,-63.075640,1.690000,-64.765640
783,19.294890,19.109258,17.859258,20.359258,informed,none,0.000000,-13,197.389989,-53.443583,1.690000,-55.133583
784,19.611230,20.370651,19.120651,21.620651,informed,none,0.000000,-13,197.389989,-57.555999,1.690000,-59.245999
785,19.382785,19.317793,18.067793,20.567793,noise,none,0.000000,-13,197.389989,-54.586215,1.690000,-56.276215
786,19.434777,19.449033,18.199033,20.699033,noise,none,0.000000,-13,197.389989,-55.262107,1.690000,-56.952107
787,18.867552,18.954209,17.704209,20.204209,noise,sell_to_mm,17.704209,-12,179.685780,-46.724846,1.440000,-48.164846
788,20.234291,19.796134,18.546134,21.046134,informed,none,0.000000,-12,179.685780,-63.125713,1.440000,-64.565713
789,22.383412,22.188353,20.938353,23.438353,noise,none,0.000000,-12,179.685780,-88.915161,1.440000,-90.355161
790,23.087741,22.461534,21.211534,23.711534,noise,none,0.000000,-12,179.685780,-97.367112,1.440000,-98.807112
791,24.082552,24.460778,23.210778,25.710778,informed,none,0.000000,-12,179.685780,-109.304843,1.440000,-110.744843
792,23.816131,24.022063,22.772063,25.272063,noise,none,0.000000,-12,179.685780,-106.107794,1.440000,-107.547794
793,25.172910,24.457372,23.207372,25.707372,noise,buy_from_mm,25.707372,-13,205.393152,-121.854677,1.690000,-123.544677
794,24.350019,24.374419,23.124419,25.624419,informed,none,0.000000,-13,205.393152,-111.157099,1.690000,-112.847099
795,24.456040,24.781369,23.531369,26.031369,noise,sell_to_mm,23.531369,-12,181.861783,-111.610693,1.440000,-113.050693
796,24.322706,24.172292,22.922292,25.422292,informed,none,0.000000,-12,181.861783,-110.010692,1.440000,-111.450692
797,24.569486,24.560013,23.310013,25.810013,noise,none,0.000000,-12,181.861783,-112.972053,1.440000,-114.412053
798,24.697577,24.922030,23.672030,26.172030,informed,none,0.000000,-12,181.861783,-114.509145,1.440000,-115.949145
799,23.586620,24.387671,23.137671,25.637671,noise,none,0.000000,-12,181.861783,-101.177656,1.440000,-102.617656
800,24.657998,23.265555,22.015555,24.515555,informed,buy_from_mm,24.515555,-13,206.377338,-114.176639,1.690000,-115.866639
801,22.962341,23.174250,21.924250,24.424250,noise,none,0.000000,-13,206.377338,-92.133089,1.690000,-93.823089
802,23.293978,24.498312,23.248312,25.748312,informed,none,0.000000,-13,206.377338,-96.444372,1.690000,-98.134372
803,23.470497,23.157786,21.907786,24.407786,informed,none,0.000000,-13,206.377338,-98.739121,1.690000,-100.429121
804,24.077457,23.935444,22.685444,25.185444,noise,buy_from_mm,25.185444,-14,231.562782,-105.521615,1.960000,-107.481615
805,26.172593,26.012680,24.762680,27.262680,informed,none,0.000000,-14,231.562782,-134.853518,1.960000,-136.813518
806,26.364848,26.603872,25.353872,27.853872,noise,none,0.000000,-14,231.562782,-137.545096,1.960000,-139.505096
807,25.380845,25.142295,23.892295,26.392295,noise,buy_from_mm,26.392295,-15,257.955078,-122.757603,2.250000,-125.007603
808,25.612764,25.877402,24.627402,27.127402,noise,none,0.000000,-15,257.955078,-126.236375,2.250000,-128.486375
809,26.257482,25.953874,24.703874,27.203874,noise,none,0.000000,-15,257.955078,-135.907150,2.250000,-138.157150
810,26.709313,27.729527,26.479527,28.979527,noise,sell_to_mm,26.479527,-14,231.475551,-142.454829,1.960000,-144.414829
811,24.891980,25.740191,24.490191,26.990191,informed,none,0.000000,-14,231.475551,-117.012166,1.960000,-118.972166
812,23.834886,23.786620,22.536620,25.036620,informed,none,0.000000,-14,231.475551,-102.212852,1.960000,-104.172852
813,23.438187,23.356602,22.106602,24.606602,noise,sell_to_mm,22.106602,-13,209.368949,-95.327484,1.690000,-97.017484
814,23.095102,23.728757,22.478757,24.978757,informed,none,0.000000,-13,209.368949,-90.867381,1.690000,-92.557381
815,23.519684,22.840729,21.590729,24.090729,noise,none,0.000000,-13,209.368949,-96.386948,1.690000,-98.076948
816,25.466973,25.547396,24.297396,26.797396,noise,none,0.000000,-13,209.368949,-121.701700,1.690000,-123.391700
817,24.836221,24.899725,23.649725,26.149725,informed,none,0.000000,-13,209.368949,-113.501921,1.690000,-115.191921
818,26.421335,26.093065,24.843065,27.343065,noise,buy_from_mm,27.343065,-14,236.712014,-133.186677,1.960000,-135.146677
819,27.647389,28.000254,26.750254,29.250254,noise,buy_from_mm,29.250254,-15,265.962268,-148.748564,2.250000,-150.998564
820,27.769692,27.894852,26.644852,29.144852,informed,none,0.000000,-15,265.962268,-150.583114,2.250000,-152.833114
821,26.076502,26.183851,24.933851,27.433851,noise,buy_from_mm,27.433851,-16,293.396119,-123.827912,2.560000,-126.387912
822,27.494216,27.519057,26.269057,28.769057,noise,none,0.000000,-16,293.396119,-146.511342,2.560000,-149.071342
823,27.427426,27.544867,26.294867,28.794867,noise,none,0.000000,-16,293.396119,-145.442692,2.560000,-148.002692
824,27.303028,26.419973,25.169973,27.669973,noise,none,0.000000,-16,293.396119,-143.452323,2.560000,-146.012323
825,26.798819,26.513776,25.263776,27.763776,noise,buy_from_mm,27.763776,-17,321.159895,-134.420024,2.890000,-137.310024
826,25.912645,26.347762,25.097762,27.597762,noise,none,0.000000,-17,321.159895,-119.355069,2.890000,-122.245069
827,27.050051,27.329377,26.079377,28.579377,informed,none,0.000000,-17,321.159895,-138.690976,2.890000,-141.580976
828,26.901264,27.410571,26.160571,28.660571,noise,none,0.000000,-17,321.159895,-136.161587,2.890000,-139.051587
829,26.556989,26.621220,25.371220,27.871220,noise,none,0.000000,-17,321.159895,-130.308914,2.890000,-133.198914
830,28.108646,28.013479,26.763479,29.263479,informed,none,0.000000,-17,321.159895,-156.687080,2.890000,-159.577080
831,26.591865,26.365524,25.115524,27.615524,informed,none,0.000000,-17,321.159895,-130.901811,2.890000,-133.791811
832,26.137268,26.123574,24.873574,27.373574,noise,none,0.000000,-17,321.159895,-123.173653,2.890000,-126.063653
833,26.609066,27.402177,26.152177,28.652177,informed,none,0.000000,-17,321.159895,-131.194235,2.890000,-134.084235
834,25.227559,25.052672,23.802672,26.302672,noise,buy_from_mm,26.302672,-18,347.462567,-106.633496,3.240000,-109.873496
835,24.532398,24.035274,22.785274,25.285274,informed,none,0.000000,-18,347.462567,-94.120598,3.240000,-97.360598
836,24.339889,24.356436,23.106436,25.606436,informed,none,0.000000,-18,347.462567,-90.655444,3.240000,-93.895444
837,23.349706,23.082749,21.832749,24.332749,informed,none,0.000000,-18,347.462567,-72.832145,3.240000,-76.072145
838,24.756559,26.475351,25.225351,27.725351,noise,sell_to_mm,25.225351,-17,322.237216,-98.624287,2.890000,-101.514287
839,22.428367,23.092343,21.842343,24.342343,informed,none,0.000000,-17,322.237216,-59.045030,2.890000,-61.935030
840,22.332081,22.867278,21.617278,24.117278,informed,none,0.000000,-17,322.237216,-57.408156,2.890000,-60.298156
841,22.522683,22.072241,20.822241,23.322241,noise,buy_from_mm,23.322241,-18,345.559457,-59.848832,3.240000,-63.088832
842,23.245857,23.564996,22.314996,24.814996,noise,none,0.000000,-18,345.559457,-72.865960,3.240000,-76.105960
843,22.868808,22.202337,20.952337,23.452337,noise,sell_to_mm,20.952337,-17,324.607121,-64.162614,2.890000,-67.052614
844,23.634802,23.876675,22.626675,25.126675,noise,none,0.000000,-17,324.607121,-77.184521,2.890000,-80.074521
845,23.361599,23.252513,22.002513,24.502513,noise,sell_to_mm,22.002513,-16,302.604608,-71.180971,2.560000,-73.740971
846,23.802468,23.742110,22.492110,24.992110,informed,none,0.000000,-16,302.604608,-78.234872,2.560000,-80.794872
847,24.392664,24.180803,22.930803,25.430803,noise,buy_from_mm,25.430803,-17,328.035412,-86.639871,2.890000,-89.529871
848,23.137867,22.756769,21.506769,24.006769,noise,sell_to_mm,21.506769,-16,306.528643,-63.677228,2.560000,-66.237228
849,21.674311,20.727829,19.477829,21.977829,informed,none,0.000000,-16,306.528643,-40.260329,2.560000,-42.820329
850,22.603837,21.753991,20.503991,23.003991,informed,none,0.000000,-16,306.528643,-55.132750,2.560000,-57.692750
851,22.874469,22.344938,21.094938,23.594938,informed,none,0.000000,-16,306.528643,-59.462869,2.560000,-62.022869
852,23.116776,23.545804,22.295804,24.795804,noise,none,0.000000,-16,306.528643,-63.339775,2.560000,-65.899775
853,24.931633,25.494265,24.244265,26.744265,noise,none,0.000000,-16,306.528643,-92.377493,2.560000,-94.937493
854,24.393029,23.852020,22.602020,25.102020,noise,none,0.000000,-16,306.528643,-83.759823,2.560000,-86.319823
855,22.932077,22.688638,21.438638,23.938638,noise,buy_from_mm,23.938638,-17,330.467281,-59.378033,2.890000,-62.268033
856,24.364907,23.883877,22.633877,25.133877,noise,none,0.000000,-17,330.467281,-83.736141,2.890000,-86.626141
857,25.686371,26.085230,24.835230,27.335230,noise,none,0.000000,-17,330.467281,-106.201031,2.890000,-109.091031
858,26.444457,27.104728,25.854728,28.354728,informed,none,0.000000,-17,330.467281,-119.088482,2.890000,-121.978482
859,25.713485,25.054936,23.804936,26.304936,informed,none,0.000000,-17,330.467281,-106.661967,2.890000,-109.551967
860,26.203833,26.122603,24.872603,27.372603,noise,sell_to_mm,24.872603,-16,305.594678,-113.666642,2.560000,-116.226642
861,26.813957,27.771018,26.521018,29.021018,noise,none,0.000000,-16,305.594678,-123.428633,2.560000,-125.988633
862,25.919436,26.614850,25.364850,27.864850,noise,none,0.000000,-16,305.594678,-109.116305,2.560000,-111.676305
863,26.773503,26.785202,25.535202,28.035202,informed,none,0.000000,-16,305.594678,-122.781363,2.560000,-125.341363
864,26.540706,25.594114,24.344114,26.844114,noise,none,0.000000,-16,305.594678,-119.056619,2.560000,-121.616619
865,27.571877,27.446543,26.196543,28.696543,noise,none,0.000000,-16,305.594678,-135.555358,2.560000,-138.115358
866,27.464229,27.866845,26.616845,29.116845,informed,none,0.000000,-16,305.594678,-133.832988,2.560000,-136.392988
867,28.949664,28.988220,27.738220,30.238220,informed,none,0.000000,-16,305.594678,-157.599954,2.560000,-160.159954
868,29.345717,28.829238,27.579238,30.079238,noise,none,0.000000,-16,305.594678,-163.936800,2.560000,-166.496800
869,30.116282,28.689957,27.439957,29.939957,noise,none,0.000000,-16,305.594678,-176.265834,2.560000,-178.825834
870,28.208042,28.046350,26.796350,29.296350,informed,none,0.000000,-16,305.594678,-145.733987,2.560000,-148.293987
871,28.605747,28.580930,27.330930,29.830930,noise,none,0.000000,-16,305.594678,-152.097279,2.560000,-154.657279
872,27.876230,27.422446,26.172446,28.672446,noise,sell_to_mm,26.172446,-15,279.422232,-138.721217,2.250000,-140.971217
873,28.362582,28.398604,27.148604,29.648604,noise,none,0.000000,-15,279.422232,-146.016497,2.250000,-148.266497
874,27.929320,28.315682,27.065682,29.565682,informed,none,0.000000,-15,279.422232,-139.517575,2.250000,-141.767575
875,26.845171,27.171617,25.921617,28.421617,informed,none,0.000000,-15,279.422232,-123.255338,2.250000,-125.505338
876,27.343462,27.093128,25.843128,28.343128,informed,none,0.000000,-15,279.422232,-130.729702,2.250000,-132.979702
877,27.013105,27.017878,25.767878,28.267878,noise,none,0.000000,-15,279.422232,-125.774338,2.250000,-128.024338
878,27.483624,27.373132,26.123132,28.623132,informed,none,0.000000,-15,279.422232,-132.832121,2.250000,-135.082121
879,27.392557,27.793355,26.543355,29.043355,informed,none,0.000000,-15,279.422232,-131.466124,2.250000,-133.716124
880,27.429813,28.397998,27.147998,29.647998,noise,none,0.000000,-15,279.422232,-132.024970,2.250000,-134.274970
881,28.116277,27.701349,26.451349,28.951349,noise,sell_to_mm,26.451349,-14,252.970883,-140.656992,1.960000,-142.616992
882,27.329656,27.007942,25.757942,28.257942,informed,none,0.000000,-14,252.970883,-129.644302,1.960000,-131.604302
883,27.071956,26.463298,25.213298,27.713298,informed,none,0.000000,-14,252.970883,-126.036508,1.960000,-127.996508
884,27.311466,27.643250,26.393250,28.893250,noise,none,0.000000,-14,252.970883,-129.389634,1.960000,-131.349634
885,26.504214,26.740720,25.490720,27.990720,noise,none,0.000000,-14,252.970883,-118.088117,1.960000,-120.048117
886,27.364163,28.407937,27.157937,29.657937,noise,sell_to_mm,27.157937,-13,225.812946,-129.921174,1.690000,-131.611174
887,25.544768,25.416548,24.166548,26.666548,noise,none,0.000000,-13,225.812946,-106.269036,1.690000,-107.959036
888,25.972047,26.372198,25.122198,27.622198,informed,none,0.000000,-13,225.812946,-111.823664,1.690000,-113.513664
889,26.237256,26.039985,24.789985,27.289985,informed,none,0.000000,-13,225.812946,-115.271385,1.690000,-116.961385
890,27.663072,28.585292,27.335292,29.835292,noise,none,0.000000,-13,225.812946,-133.806995,1.690000,-135.496995
891,28.166022,28.216823,26.966823,29.466823,informed,none,0.000000,-13,225.812946,-140.345344,1.690000,-142.035344
892,28.059084,28.283997,27.033997,29.533997,noise,none,0.000000,-13,225.812946,-138.955140,1.690000,-140.645140
893,27.982666,27.307810,26.057810,28.557810,informed,none,0.000000,-13,225.812946,-137.961709,1.690000,-139.651709
894,28.328299,28.311087,27.061087,29.561087,informed,none,0.000000,-13,225.812946,-142.454937,1.690000,-144.144937
895,28.751367,28.705583,27.455583,29.955583,noise,none,0.000000,-13,225.812946,-147.954824,1.690000,-149.644824
896,27.234020,27.114842,25.864842,28.364842,noise,none,0.000000,-13,225.812946,-128.229319,1.690000,-129.919319
897,28.130145,28.444247,27.194247,29.694247,noise,buy_from_mm,29.694247,-14,255.507192,-138.314835,1.960000,-140.274835
898,27.794686,27.415678,26.165678,28.665678,noise,none,0.000000,-14,255.507192,-133.618415,1.960000,-135.578415
899,28.044025,28.652620,27.402620,29.902620,noise,none,0.000000,-14,255.507192,-137.109161,1.960000,-139.069161
900,27.911412,26.990364,25.740364,28.240364,informed,none,0.000000,-14,255.507192,-135.252574,1.960000,-137.212574
901,29.613171,29.948463,28.698463,31.198463,noise,none,0.000000,-14,255.507192,-159.077203,1.960000,-161.037203
902,28.605647,28.118597,26.868597,29.368597,noise,none,0.000000,-14,255.507192,-144.971866,1.960000,-146.931866
903,29.171437,28.361953,27.111953,29.611953,noise,none,0.000000,-14,255.507192,-152.892926,1.960000,-154.852926
904,28.468319,28.221694,26.971694,29.471694,noise,sell_to_mm,26.971694,-13,228.535499,-141.552651,1.690000,-143.242651
905,28.118704,27.919758,26.669758,29.169758,informed,none,0.000000,-13,228.535499,-137.007650,1.690000,-138.697650
906,27.870264,27.520868,26.270868,28.770868,noise,buy_from_mm,28.770868,-14,257.306367,-132.877331,1.960000,-134.837331
907,27.276306,26.771847,25.521847,28.021847,noise,none,0.000000,-14,257.306367,-124.561924,1.960000,-126.521924
908,28.179908,28.367611,27.117611,29.617611,noise,buy_from_mm,29.617611,-15,286.923978,-135.774648,2.250000,-138.024648
909,27.479957,27.725915,26.475915,28.975915,noise,none,0.000000,-15,286.923978,-125.275373,2.250000,-127.525373
910,27.840884,27.329424,26.079424,28.579424,noise,none,0.000000,-15,286.923978,-130.689277,2.250000,-132.939277
911,28.355802,27.481306,26.231306,28.731306,noise,none,0.000000,-15,286.923978,-138.413047,2.250000,-140.663047
912,30.308887,30.980486,29.730486,32.230486,informed,none,0.000000,-15,286.923978,-167.709327,2.250000,-169.959327
913,29.902174,28.854717,27.604717,30.104717,informed,none,0.000000,-15,286.923978,-161.608630,2.250000,-163.858630
914,29.334123,29.773489,28.523489,31.023489,informed,none,0.000000,-15,286.923978,-153.087862,2.250000,-155.337862
915,28.261048,29.008587,27.758587,30.258587,noise,none,0.000000,-15,286.923978,-136.991737,2.250000,-139.241737
916,29.165109,29.116933,27.866933,30.366933,noise,none,0.000000,-15,286.923978,-150.552651,2.250000,-152.802651
917,28.493850,28.841280,27.591280,30.091280,noise,none,0.000000,-15,286.923978,-140.483769,2.250000,-142.733769
918,26.765455,26.955522,25.705522,28.205522,noise,sell_to_mm,25.705522,-14,261.218456,-113.497919,1.960000,-115.457919
919,26.778019,27.169784,25.919784,28.419784,noise,none,0.000000,-14,261.218456,-113.673817,1.960000,-115.633817
920,27.098023,26.480962,25.230962,27.730962,noise,none,0.000000,-14,261.218456,-118.153866,1.960000,-120.113866
921,27.590943,27.962769,26.712769,29.212769,informed,none,0.000000,-14,261.218456,-125.054742,1.960000,-127.014742
922,27.515724,27.625404,26.375404,28.875404,noise,sell_to_mm,26.375404,-13,234.843052,-122.861364,1.690000,-124.551364
923,27.612736,27.402520,26.152520,28.652520,noise,none,0.000000,-13,234.843052,-124.122516,1.690000,-125.812516
924,29.573004,28.298787,27.048787,29.548787,informed,buy_from_mm,29.548787,-14,264.391839,-149.630221,1.960000,-151.590221
925,29.290570,29.277478,28.027478,30.527478,noise,none,0.000000,-14,264.391839,-145.676139,1.960000,-147.636139
926,28.723815,29.145330,27.895330,30.395330,informed,none,0.000000,-14,264.391839,-137.741565,1.960000,-139.701565
927,28.408303,27.668510,26.418510,28.918510,noise,none,0.000000,-14,264.391839,-133.324397,1.960000,-135.284397
928,26.439422,27.444781,26.194781,28.694781,informed,none,0.000000,-14,264.391839,-105.760073,1.960000,-107.720073
929,27.748699,28.011546,26.761546,29.261546,noise,none,0.000000,-14,264.391839,-124.089949,1.960000,-126.049949
930,27.432846,27.308969,26.058969,28.558969,informed,none,0.000000,-14,264.391839,-119.668000,1.960000,-121.628000
931,28.978692,30.578789,29.328789,31.828789,informed,sell_to_mm,29.328789,-13,235.063050,-141.659944,1.690000,-143.349944
932,27.804499,27.491974,26.241974,28.741974,informed,none,0.000000,-13,235.063050,-126.395432,1.690000,-128.085432
933,26.001045,25.696754,24.446754,26.946754,informed,none,0.000000,-13,235.063050,-102.950538,1.690000,-104.640538
934,25.732655,25.172909,23.922909,26.422909,informed,none,0.000000,-13,235.063050,-99.461462,1.690000,-101.151462
935,27.942336,26.620535,25.370535,27.870535,noise,none,0.000000,-13,235.063050,-128.187313,1.690000,-129.877313
936,27.490209,26.921815,25.671815,28.171815,noise,none,0.000000,-13,235.063050,-122.309672,1.690000,-123.999672
937,27.868070,27.851210,26.601210,29.101210,informed,none,0.000000,-13,235.063050,-127.221858,1.690000,-128.911858
938,30.223313,29.969192,28.719192,31.219192,informed,none,0.000000,-13,235.063050,-157.840013,1.690000,-159.530013
939,31.321667,31.657470,30.407470,32.907470,informed,none,0.000000,-13,235.063050,-172.118621,1.690000,-173.808621
940,31.550883,32.458709,31.208709,33.708709,informed,none,0.000000,-13,235.063050,-175.098431,1.690000,-176.788431
941,32.991147,33.261379,32.011379,34.511379,informed,none,0.000000,-13,235.063050,-193.821855,1.690000,-195.511855
942,33.574190,33.229324,31.979324,34.479324,noise,none,0.000000,-13,235.063050,-201.401420,1.690000,-203.091420
943,33.740853,33.601684,32.351684,34.851684,informed,none,0.000000,-13,235.063050,-203.568039,1.690000,-205.258039
944,33.769875,34.140134,32.890134,35.390134,informed,none,0.000000,-13,235.063050,-203.945320,1.690000,-205.635320
945,33.159308,33.914409,32.664409,35.164409,noise,buy_from_mm,35.164409,-14,270.227459,-194.002851,1.960000,-195.962851
946,31.927259,31.399263,30.149263,32.649263,noise,sell_to_mm,30.149263,-13,240.078196,-174.976175,1.690000,-176.666175
947,32.173487,31.917700,30.667700,33.167700,informed,none,0.000000,-13,240.078196,-178.177138,1.690000,-179.867138
948,31.154927,32.228651,30.978651,33.478651,noise,none,0.000000,-13,240.078196,-164.935859,1.690000,-166.625859
949,30.951558,30.702468,29.452468,31.952468,noise,none,0.000000,-13,240.078196,-162.292059,1.690000,-163.982059
950,31.585921,32.052618,30.802618,33.302618,noise,none,0.000000,-13,240.078196,-170.538777,1.690000,-172.228777
951,30.962254,30.305941,29.055941,31.555941,informed,none,0.000000,-13,240.078196,-162.431104,1.690000,-164.121104
952,29.062482,29.634947,28.384947,30.884947,informed,none,0.000000,-13,240.078196,-137.734071,1.690000,-139.424071
953,29.276646,29.684562,28.434562,30.934562,noise,none,0.000000,-13,240.078196,-140.518202,1.690000,-142.208202
954,29.541402,29.690578,28.440578,30.940578,informed,none,0.000000,-13,240.078196,-143.960035,1.690000,-145.650035
955,29.577428,29.327756,28.077756,30.577756,noise,buy_from_mm,30.577756,-14,270.655952,-143.428035,1.960000,-145.388035
956,29.164441,28.900220,27.650220,30.150220,noise,none,0.000000,-14,270.655952,-137.646227,1.960000,-139.606227
957,29.464964,29.544555,28.294555,30.794555,noise,sell_to_mm,28.294555,-13,242.361397,-140.683138,1.690000,-142.373138
958,29.477294,29.905834,28.655834,31.155834,noise,none,0.000000,-13,242.361397,-140.843426,1.690000,-142.533426
959,27.862332,27.908831,26.658831,29.158831,informed,none,0.000000,-13,242.361397,-119.848921,1.690000,-121.538921
960,27.561758,27.072215,25.822215,28.322215,noise,buy_from_mm,28.322215,-14,270.683612,-115.180994,1.960000,-117.140994
961,28.278449,29.258971,28.008971,30.508971,informed,none,0.000000,-14,270.683612,-125.214667,1.960000,-127.174667
962,26.725725,26.208231,24.958231,27.458231,noise,sell_to_mm,24.958231,-13,245.725381,-101.709043,1.690000,-103.399043
963,27.088916,28.457257,27.207257,29.707257,informed,sell_to_mm,27.207257,-12,218.518124,-106.548870,1.440000,-107.988870
964,27.085936,27.666075,26.416075,28.916075,noise,none,0.000000,-12,218.518124,-106.513111,1.440000,-107.953111
965,25.619073,25.562807,24.312807,26.812807,noise,none,0.000000,-12,218.518124,-88.910757,1.440000,-90.350757
966,27.362437,27.664168,26.414168,28.914168,informed,none,0.000000,-12,218.518124,-109.831121,1.440000,-111.271121
967,27.717960,28.663809,27.413809,29.913809,informed,none,0.000000,-12,218.518124,-114.097398,1.440000,-115.537398
968,27.620890,27.977001,26.727001,29.227001,informed,none,0.000000,-12,218.518124,-112.932556,1.440000,-114.372556
969,27.439922,27.538209,26.288209,28.788209,noise,none,0.000000,-12,218.518124,-110.760939,1.440000,-112.200939
970,26.909232,25.891172,24.641172,27.141172,noise,none,0.000000,-12,218.518124,-104.392665,1.440000,-105.832665
971,26.983273,26.843521,25.593521,28.093521,noise,none,0.000000,-12,218.518124,-105.281155,1.440000,-106.721155
972,28.913076,29.818381,28.568381,31.068381,noise,none,0.000000,-12,218.518124,-128.438793,1.440000,-129.878793
973,29.114673,28.439932,27.189932,29.689932,informed,none,0.000000,-12,218.518124,-130.857956,1.440000,-132.297956
974,29.673290,29.360664,28.110664,30.610664,informed,none,0.000000,-12,218.518124,-137.561352,1.440000,-139.001352
975,29.748001,29.947288,28.697288,31.197288,informed,none,0.000000,-12,218.518124,-138.457894,1.440000,-139.897894
976,29.846300,29.433108,28.183108,30.683108,informed,none,0.000000,-12,218.518124,-139.637479,1.440000,-141.077479
977,27.946553,27.719104,26.469104,28.969104,informed,none,0.000000,-12,218.518124,-116.840510,1.440000,-118.280510
978,27.902248,28.330100,27.080100,29.580100,informed,none,0.000000,-12,218.518124,-116.308852,1.440000,-117.748852
979,27.526872,27.624766,26.374766,28.874766,noise,none,0.000000,-12,218.518124,-111.804336,1.440000,-113.244336
980,29.046479,29.865109,28.615109,31.115109,noise,none,0.000000,-12,218.518124,-130.039620,1.440000,-131.479620
981,30.074411,29.895910,28.645910,31.145910,noise,sell_to_mm,28.645910,-11,189.872213,-140.946310,1.210000,-142.156310
982,31.943222,30.859112,29.609112,32.109112,noise,none,0.000000,-11,189.872213,-161.503226,1.210000,-162.713226
983,32.385086,32.104627,30.854627,33.354627,noise,buy_from_mm,33.354627,-12,223.226840,-165.394197,1.440000,-166.834197
984,30.526794,30.555969,29.305969,31.805969,noise,none,0.000000,-12,223.226840,-143.094688,1.440000,-144.534688
985,29.054682,29.060871,27.810871,30.310871,noise,buy_from_mm,30.310871,-13,253.537711,-124.173153,1.690000,-125.863153
986,30.014234,30.469107,29.219107,31.719107,informed,none,0.000000,-13,253.537711,-136.647334,1.690000,-138.337334
987,28.303413,28.267167,27.017167,29.517167,noise,none,0.000000,-13,253.537711,-114.406664,1.690000,-116.096664
988,26.853720,27.324752,26.074752,28.574752,noise,none,0.000000,-13,253.537711,-95.560647,1.690000,-97.250647
989,27.503899,26.768618,25.518618,28.018618,informed,none,0.000000,-13,253.537711,-104.012982,1.690000,-105.702982
990,28.089311,28.118248,26.868248,29.368248,informed,none,0.000000,-13,253.537711,-111.623336,1.690000,-113.313336
991,27.761260,27.824699,26.574699,29.074699,informed,none,0.000000,-13,253.537711,-107.358673,1.690000,-109.048673
992,27.149386,27.643405,26.393405,28.893405,noise,sell_to_mm,26.393405,-12,227.144306,-98.648327,1.440000,-100.088327
993,25.462266,25.452876,24.202876,26.702876,noise,sell_to_mm,24.202876,-11,202.941429,-77.143496,1.210000,-78.353496
994,23.992127,23.206499,21.956499,24.456499,informed,none,0.000000,-11,202.941429,-60.971965,1.210000,-62.181965
995,23.835527,23.751070,22.501070,25.001070,noise,none,0.000000,-11,202.941429,-59.249371,1.210000,-60.459371
996,22.972412,23.386152,22.136152,24.636152,noise,none,0.000000,-11,202.941429,-49.755105,1.210000,-50.965105
997,23.642391,23.800852,22.550852,25.050852,informed,none,0.000000,-11,202.941429,-57.124871,1.210000,-58.334871
998,22.803073,22.503832,21.253832,23.753832,informed,none,0.000000,-11,202.941429,-47.892369,1.210000,-49.102369
999,21.727962,21.504792,20.254792,22.754792,noise,sell_to_mm,20.254792,-10,182.686638,-34.592978,1.000000,-35.592978
1000,21.283823,20.810952,19.560952,22.060952,noise,sell_to_mm,19.560952,-9,163.125686,-28.428722,0.810000,-29.238722
1001,22.934212,22.627920,21.377920,23.877920,noise,sell_to_mm,21.377920,-8,141.747766,-41.725930,0.640000,-42.365930
1002,22.998137,23.694545,22.444545,24.944545,noise,none,0.000000,-8,141.747766,-42.237326,0.640000,-42.877326
1003,23.530074,23.848667,22.598667,25.098667,noise,none,0.000000,-8,141.747766,-46.492827,0.640000,-47.132827
1004,22.656248,23.425484,22.175484,24.675484,noise,none,0.000000,-8,141.747766,-39.502217,0.640000,-40.142217
1005,23.397703,22.688735,21.438735,23.938735,informed,none,0.000000,-8,141.747766,-45.433855,0.640000,-46.073855
1006,22.504613,22.642380,21.392380,23.892380,noise,none,0.000000,-8,141.747766,-38.289134,0.640000,-38.929134
1007,22.573123,23.557061,22.307061,24.807061,informed,none,0.000000,-8,141.747766,-38.837217,0.640000,-39.477217
1008,22.335181,22.557286,21.307286,23.807286,noise,buy_from_mm,23.807286,-9,165.555052,-35.461579,0.810000,-36.271579
1009,22.900524,23.136929,21.886929,24.386929,noise,none,0.000000,-9,165.555052,-40.549666,0.810000,-41.359666
1010,22.380215,23.045518,21.795518,24.295518,noise,none,0.000000,-9,165.555052,-35.866883,0.810000,-36.676883
1011,22.318528,22.912375,21.662375,24.162375,informed,none,0.000000,-9,165.555052,-35.311703,0.810000,-36.121703
1012,23.210089,23.466665,22.216665,24.716665,noise,none,0.000000,-9,165.555052,-43.335750,0.810000,-44.145750
1013,22.893622,22.134585,20.884585,23.384585,informed,none,0.000000,-9,165.555052,-40.487548,0.810000,-41.297548
1014,22.502716,22.535760,21.285760,23.785760,noise,none,0.000000,-9,165.555052,-36.969389,0.810000,-37.779389
1015,22.342020,23.108606,21.858606,24.358606,noise,none,0.000000,-9,165.555052,-35.523129,0.810000,-36.333129
1016,21.277637,21.952764,20.702764,23.202764,noise,none,0.000000,-9,165.555052,-25.943678,0.810000,-26.753678
1017,20.897050,20.554312,19.304312,21.804312,informed,none,0.000000,-9,165.555052,-22.518397,0.810000,-23.328397
1018,21.775430,22.327683,21.077683,23.577683,noise,none,0.000000,-9,165.555052,-30.423820,0.810000,-31.233820
1019,21.106922,20.582069,19.332069,21.832069,noise,none,0.000000,-9,165.555052,-24.407250,0.810000,-25.217250
1020,21.394406,20.795945,19.545945,22.045945,informed,none,0.000000,-9,165.555052,-26.994601,0.810000,-27.804601
1021,23.606298,23.675246,22.425246,24.925246,noise,none,0.000000,-9,165.555052,-46.901632,0.810000,-47.711632
1022,24.194509,24.177386,22.927386,25.427386,noise,none,0.000000,-9,165.555052,-52.195527,0.810000,-53.005527
1023,23.703785,25.094367,23.844367,26.344367,informed,sell_to_mm,23.844367,-8,141.710685,-47.919598,0.640000,-48.559598
1024,23.495591,24.048535,22.798535,25.298535,informed,none,0.000000,-8,141.710685,-46.254040,0.640000,-46.894040
1025,23.151249,23.154549,21.904549,24.404549,noise,none,0.000000,-8,141.710685,-43.499307,0.640000,-44.139307
1026,23.779145,23.857281,22.607281,25.107281,noise,buy_from_mm,25.107281,-9,166.817966,-47.194337,0.810000,-48.004337
1027,24.106067,23.222096,21.972096,24.472096,informed,none,0.000000,-9,166.817966,-50.136638,0.810000,-50.946638
1028,24.859546,24.532651,23.282651,25.782651,informed,none,0.000000,-9,166.817966,-56.917945,0.810000,-57.727945
1029,25.783455,26.181864,24.931864,27.431864,noise,none,0.000000,-9,166.817966,-65.233127,0.810000,-66.043127
1030,25.394770,24.956785,23.706785,26.206785,noise,none,0.000000,-9,166.817966,-61.734965,0.810000,-62.544965
1031,26.871140,26.951016,25.701016,28.201016,informed,none,0.000000,-9,166.817966,-75.022296,0.810000,-75.832296
1032,26.488052,27.723146,26.473146,28.973146,noise,sell_to_mm,26.473146,-8,140.344820,-71.559597,0.640000,-72.199597
1033,27.668533,27.860472,26.610472,29.110472,informed,none,0.000000,-8,140.344820,-81.003442,0.640000,-81.643442
1034,28.751144,28.707523,27.457523,29.957523,noise,none,0.000000,-8,140.344820,-89.664328,0.640000,-90.304328
1035,27.511423,27.840523,26.590523,29.090523,noise,none,0.000000,-8,140.344820,-79.746568,0.640000,-80.386568
1036,28.195048,28.391321,27.141321,29.641321,informed,none,0.000000,-8,140.344820,-85.215560,0.640000,-85.855560
1037,26.862349,26.636797,25.386797,27.886797,noise,none,0.000000,-8,140.344820,-74.553972,0.640000,-75.193972
1038,27.600639,27.890720,26.640720,29.140720,informed,none,0.000000,-8,140.344820,-80.460288,0.640000,-81.100288
1039,26.427517,26.759744,25.509744,28.009744,noise,sell_to_mm,25.509744,-7,114.835077,-70.157544,0.490000,-70.647544
1040,25.102350,25.652427,24.402427,26.902427,noise,buy_from_mm,26.902427,-8,141.737504,-59.081299,0.640000,-59.721299
1041,24.146206,23.887852,22.637852,25.137852,noise,sell_to_mm,22.637852,-7,119.099652,-49.923791,0.490000,-50.413791
1042,25.276894,26.319878,25.069878,27.569878,noise,none,0.000000,-7,119.099652,-57.838605,0.490000,-58.328605
1043,26.126411,26.062792,24.812792,27.312792,informed,none,0.000000,-7,119.099652,-63.785223,0.490000,-64.275223
1044,26.171010,26.318646,25.068646,27.568646,informed,none,0.000000,-7,119.099652,-64.097417,0.490000,-64.587417
1045,27.432127,26.979526,25.729526,28.229526,noise,none,0.000000,-7,119.099652,-72.925240,0.490000,-73.415240
1046,26.705866,26.640903,25.390903,27.890903,noise,sell_to_mm,25.390903,-6,93.708750,-66.526446,0.360000,-66.886446
1047,26.842696,26.712554,25.462554,27.962554,noise,buy_from_mm,27.962554,-7,121.671304,-66.227565,0.490000,-66.717565
1048,24.939001,24.862464,23.612464,26.112464,noise,none,0.000000,-7,121.671304,-52.901704,0.490000,-53.391704
1049,24.040780,24.497870,23.247870,25.747870,noise,none,0.000000,-7,121.671304,-46.614159,0.490000,-47.104159
1050,24.096939,24.032559,22.782559,25.282559,noise,none,0.000000,-7,121.671304,-47.007272,0.490000,-47.497272
1051,22.890552,22.437648,21.187648,23.687648,noise,none,0.000000,-7,121.671304,-38.562563,0.490000,-39.052563
1052,22.979586,23.062997,21.812997,24.312997,noise,sell_to_mm,21.812997,-6,99.858307,-38.019209,0.360000,-38.379209
1053,23.991849,24.385208,23.135208,25.635208,noise,none,0.000000,-6,99.858307,-44.092786,0.360000,-44.452786
1054,23.838178,23.065114,21.815114,24.315114,noise,none,0.000000,-6,99.858307,-43.170760,0.360000,-43.530760
1055,24.231795,24.483759,23.233759,25.733759,noise,none,0.000000,-6,99.858307,-45.532463,0.360000,-45.892463
1056,23.444513,22.971876,21.721876,24.221876,informed,none,0.000000,-6,99.858307,-40.808770,0.360000,-41.168770
1057,23.674192,23.286109,22.036109,24.536109,informed,none,0.000000,-6,99.858307,-42.186846,0.360000,-42.546846
1058,23.705881,24.364083,23.114083,25.614083,noise,none,0.000000,-6,99.858307,-42.376982,0.360000,-42.736982
1059,23.588901,23.581520,22.331520,24.831520,noise,none,0.000000,-6,99.858307,-41.675100,0.360000,-42.035100
1060,22.345632,22.245601,20.995601,23.495601,informed,none,0.000000,-6,99.858307,-34.215486,0.360000,-34.575486
1061,22.196682,21.359655,20.109655,22.609655,noise,none,0.000000,-6,99.858307,-33.321783,0.360000,-33.681783
1062,22.638992,22.732177,21.482177,23.982177,noise,buy_from_mm,23.982177,-7,123.840484,-34.632460,0.490000,-35.122460
1063,21.393722,21.674754,20.424754,22.924754,informed,none,0.000000,-7,123.840484,-25.915569,0.490000,-26.405569
1064,21.343865,21.402253,20.152253,22.652253,informed,none,0.000000,-7,123.840484,-25.566572,0.490000,-26.056572
1065,22.061890,21.593808,20.343808,22.843808,noise,none,0.000000,-7,123.840484,-30.592747,0.490000,-31.082747
1066,22.895895,23.412407,22.162407,24.662407,informed,none,0.000000,-7,123.840484,-36.430784,0.490000,-36.920784
1067,23.036424,23.271869,22.021869,24.521869,informed,none,0.000000,-7,123.840484,-37.414483,0.490000,-37.904483
1068,22.349697,22.042925,20.792925,23.292925,informed,none,0.000000,-7,123.840484,-32.607395,0.490000,-33.097395
1069,22.280607,21.963811,20.713811,23.213811,informed,none,0.000000,-7,123.840484,-32.123766,0.490000,-32.613766
1070,22.062589,21.945212,20.695212,23.195212,noise,none,0.000000,-7,123.840484,-30.597637,0.490000,-31.087637
1071,22.831126,22.969508,21.719508,24.219508,noise,none,0.000000,-7,123.840484,-35.977399,0.490000,-36.467399
1072,22.858352,23.960908,22.710908,25.210908,noise,none,0.000000,-7,123.840484,-36.167983,0.490000,-36.657983
1073,22.176530,22.556635,21.306635,23.806635,noise,buy_from_mm,23.806635,-8,147.647119,-29.765118,0.640000,-30.405118
1074,20.282109,20.737034,19.487034,21.987034,noise,none,0.000000,-8,147.647119,-14.609752,0.640000,-15.249752
1075,19.719479,18.985289,17.735289,20.235289,informed,none,0.000000,-8,147.647119,-10.108713,0.640000,-10.748713
1076,19.281514,18.680800,17.430800,19.930800,noise,none,0.000000,-8,147.647119,-6.604997,0.640000,-7.244997
1077,20.439353,19.788738,18.538738,21.038738,noise,none,0.000000,-8,147.647119,-15.867701,0.640000,-16.507701
1078,20.319954,20.917152,19.667152,22.167152,noise,none,0.000000,-8,147.647119,-14.912514,0.640000,-15.552514
1079,21.092159,20.577010,19.327010,21.827010,noise,none,0.000000,-8,147.647119,-21.090152,0.640000,-21.730152
1080,22.021843,21.665836,20.415836,22.915836,noise,sell_to_mm,20.415836,-7,127.231282,-26.921620,0.490000,-27.411620
1081,21.957698,21.332192,20.082192,22.582192,noise,none,0.000000,-7,127.231282,-26.472603,0.490000,-26.962603
1082,21.508871,20.904564,19.654564,22.154564,informed,none,0.000000,-7,127.231282,-23.330815,0.490000,-23.820815
1083,21.415031,21.506142,20.256142,22.756142,noise,none,0.000000,-7,127.231282,-22.673932,0.490000,-23.163932
1084,20.056453,20.873665,19.623665,22.123665,informed,none,0.000000,-7,127.231282,-13.163890,0.490000,-13.653890
1085,20.160038,20.311246,19.061246,21.561246,noise,none,0.000000,-7,127.231282,-13.888986,0.490000,-14.378986
1086,20.907370,21.371600,20.121600,22.621600,noise,none,0.000000,-7,127.231282,-19.120311,0.490000,-19.610311
1087,22.242628,21.856524,20.606524,23.106524,informed,none,0.000000,-7,127.231282,-28.467112,0.490000,-28.957112
1088,22.637455,23.146386,21.896386,24.396386,informed,none,0.000000,-7,127.231282,-31.230905,0.490000,-31.720905
1089,21.515042,21.866638,20.616638,23.116638,informed,none,0.000000,-7,127.231282,-23.374013,0.490000,-23.864013
1090,21.225329,20.799980,19.549980,22.049980,noise,none,0.000000,-7,127.231282,-21.346021,0.490000,-21.836021
1091,21.768550,22.040959,20.790959,23.290959,noise,sell_to_mm,20.790959,-6,106.440323,-24.170975,0.360000,-24.530975
1092,22.833325,23.466772,22.216772,24.716772,noise,none,0.000000,-6,106.440323,-30.559625,0.360000,-30.919625
1093,22.328924,22.558589,21.308589,23.808589,noise,none,0.000000,-6,106.440323,-27.533221,0.360000,-27.893221
1094,21.807403,21.516331,20.266331,22.766331,informed,none,0.000000,-6,106.440323,-24.404096,0.360000,-24.764096
1095,21.923448,22.323850,21.073850,23.573850,informed,none,0.000000,-6,106.440323,-25.100366,0.360000,-25.460366
1096,22.516032,22.339070,21.089070,23.589070,noise,none,0.000000,-6,106.440323,-28.655871,0.360000,-29.015871
1097,23.595255,23.954758,22.704758,25.204758,noise,none,0.000000,-6,106.440323,-35.131208,0.360000,-35.491208
1098,24.778605,24.498780,23.248780,25.748780,noise,none,0.000000,-6,106.440323,-42.231309,0.360000,-42.591309
1099,25.419934,26.519240,25.269240,27.769240,informed,none,0.000000,-6,106.440323,-46.079280,0.360000,-46.439280
1100,24.559877,24.343089,23.093089,25.593089,informed,none,0.000000,-6,106.440323,-40.918940,0.360000,-41.278940
1101,23.910942,23.097999,21.847999,24.347999,informed,none,0.000000,-6,106.440323,-37.025331,0.360000,-37.385331
1102,24.504355,24.988838,23.738838,26.238838,noise,none,0.000000,-6,106.440323,-40.585807,0.360000,-40.945807
1103,25.285632,25.467302,24.217302,26.717302,noise,sell_to_mm,24.217302,-5,82.223021,-44.205140,0.250000,-44.455140
1104,26.292986,26.205013,24.955013,27.455013,informed,none,0.000000,-5,82.223021,-49.241908,0.250000,-49.491908
1105,26.981687,27.324431,26.074431,28.574431,informed,none,0.000000,-5,82.223021,-52.685412,0.250000,-52.935412
1106,27.635546,27.966588,26.716588,29.216588,noise,none,0.000000,-5,82.223021,-55.954708,0.250000,-56.204708
1107,27.349805,27.516449,26.266449,28.766449,informed,none,0.000000,-5,82.223021,-54.526004,0.250000,-54.776004
1108,27.369231,27.427073,26.177073,28.677073,informed,none,0.000000,-5,82.223021,-54.623133,0.250000,-54.873133
1109,28.398060,27.868677,26.618677,29.118677,informed,none,0.000000,-5,82.223021,-59.767281,0.250000,-60.017281
1110,27.920808,27.803411,26.553411,29.053411,noise,none,0.000000,-5,82.223021,-57.381018,0.250000,-57.631018
1111,26.036136,25.606788,24.356788,26.856788,informed,none,0.000000,-5,82.223021,-47.957659,0.250000,-48.207659
1112,24.498077,24.463594,23.213594,25.713594,informed,none,0.000000,-5,82.223021,-40.267365,0.250000,-40.517365
1113,23.127170,23.749553,22.499553,24.999553,informed,none,0.000000,-5,82.223021,-33.412829,0.250000,-33.662829
1114,24.179041,24.606287,23.356287,25.856287,informed,none,0.000000,-5,82.223021,-38.672185,0.250000,-38.922185
1115,24.604101,23.485660,22.235660,24.735660,informed,none,0.000000,-5,82.223021,-40.797486,0.250000,-41.047486
1116,25.581878,25.639530,24.389530,26.889530,noise,sell_to_mm,24.389530,-4,57.833491,-44.494020,0.160000,-44.654020
1117,25.251817,25.562044,24.312044,26.812044,noise,none,0.000000,-4,57.833491,-43.173777,0.160000,-43.333777
1118,27.020089,25.663209,24.413209,26.913209,informed,buy_from_mm,26.913209,-5,84.746701,-50.353746,0.250000,-50.603746
1119,27.651277,28.104789,26.854789,29.354789,noise,none,0.000000,-5,84.746701,-53.509686,0.250000,-53.759686
1120,26.724791,26.503183,25.253183,27.753183,noise,sell_to_mm,25.253183,-4,59.493517,-47.405646,0.160000,-47.565646
1121,26.250346,25.919049,24.669049,27.169049,informed,none,0.000000,-4,59.493517,-45.507865,0.160000,-45.667865
1122,26.392672,26.694464,25.444464,27.944464,noise,sell_to_mm,25.444464,-3,34.049054,-45.128963,0.090000,-45.218963
1123,25.115594,24.318880,23.068880,25.568880,noise,none,0.000000,-3,34.049054,-41.297729,0.090000,-41.387729
1124,24.255169,23.778947,22.528947,25.028947,noise,none,0.000000,-3,34.049054,-38.716454,0.090000,-38.806454
1125,25.724854,24.950515,23.700515,26.200515,noise,sell_to_mm,23.700515,-2,10.348538,-41.101169,0.040000,-41.141169
1126,24.043609,23.468088,22.218088,24.718088,noise,buy_from_mm,24.718088,-3,35.066626,-37.064201,0.090000,-37.154201
1127,25.089788,24.955651,23.705651,26.205651,noise,sell_to_mm,23.705651,-2,11.360975,-38.818601,0.040000,-38.858601
1128,25.151552,25.253146,24.003146,26.503146,informed,none,0.000000,-2,11.360975,-38.942129,0.040000,-38.982129
1129,26.741431,26.183784,24.933784,27.433784,noise,none,0.000000,-2,11.360975,-42.121886,0.040000,-42.161886
1130,27.059978,26.769544,25.519544,28.019544,informed,none,0.000000,-2,11.360975,-42.758980,0.040000,-42.798980
1131,26.875656,26.955819,25.705819,28.205819,informed,none,0.000000,-2,11.360975,-42.390337,0.040000,-42.430337
1132,27.403298,27.213731,25.963731,28.463731,informed,none,0.000000,-2,11.360975,-43.445620,0.040000,-43.485620
1133,27.488353,27.564350,26.314350,28.814350,noise,none,0.000000,-2,11.360975,-43.615730,0.040000,-43.655730
1134,27.679754,27.681370,26.431370,28.931370,noise,none,0.000000,-2,11.360975,-43.998533,0.040000,-44.038533
1135,28.210021,28.656699,27.406699,29.906699,informed,none,0.000000,-2,11.360975,-45.059066,0.040000,-45.099066
1136,27.843689,27.690297,26.440297,28.940297,noise,none,0.000000,-2,11.360975,-44.326402,0.040000,-44.366402
1137,28.455164,28.027212,26.777212,29.277212,noise,none,0.000000,-2,11.360975,-45.549352,0.040000,-45.589352
1138,27.759695,27.644741,26.394741,28.894741,informed,none,0.000000,-2,11.360975,-44.158415,0.040000,-44.198415
1139,27.483805,27.699594,26.449594,28.949594,noise,sell_to_mm,26.449594,-1,-15.088619,-42.572424,0.010000,-42.582424
1140,26.529372,27.363582,26.113582,28.613582,noise,sell_to_mm,26.113582,0,-41.202201,-41.202201,0.000000,-41.202201
1141,25.703143,25.297593,24.047593,26.547593,noise,buy_from_mm,26.547593,-1,-14.654609,-40.357751,0.010000,-40.367751
1142,24.879567,23.878157,22.628157,25.128157,noise,none,0.000000,-1,-14.654609,-39.534175,0.010000,-39.544175
1143,25.225894,25.063592,23.813592,26.313592,informed,none,0.000000,-1,-14.654609,-39.880502,0.010000,-39.890502
1144,23.872668,23.867553,22.617553,25.117553,informed,none,0.000000,-1,-14.654609,-38.527276,0.010000,-38.537276
1145,24.529493,24.406956,23.156956,25.656956,noise,buy_from_mm,25.656956,-2,11.002347,-38.056640,0.040000,-38.096640
1146,24.403687,24.063013,22.813013,25.313013,informed,none,0.000000,-2,11.002347,-37.805026,0.040000,-37.845026
1147,24.234428,23.934920,22.684920,25.184920,noise,none,0.000000,-2,11.002347,-37.466510,0.040000,-37.506510
1148,23.053200,22.842643,21.592643,24.092643,informed,none,0.000000,-2,11.002347,-35.104052,0.040000,-35.144052
1149,23.175711,23.195854,21.945854,24.445854,noise,none,0.000000,-2,11.002347,-35.349075,0.040000,-35.389075
1150,23.364816,22.749523,21.499523,23.999523,informed,none,0.000000,-2,11.002347,-35.727284,0.040000,-35.767284
1151,22.971804,22.626180,21.376180,23.876180,noise,buy_from_mm,23.876180,-3,34.878527,-34.036884,0.090000,-34.126884
1152,23.646162,23.384971,22.134971,24.634971,informed,none,0.000000,-3,34.878527,-36.059958,0.090000,-36.149958
1153,22.987198,23.310926,22.060926,24.560926,noise,none,0.000000,-3,34.878527,-34.083067,0.090000,-34.173067
1154,22.301349,21.721455,20.471455,22.971455,noise,none,0.000000,-3,34.878527,-32.025521,0.090000,-32.115521
1155,21.805915,21.690646,20.440646,22.940646,noise,none,0.000000,-3,34.878527,-30.539216,0.090000,-30.629216
1156,21.044974,20.932539,19.682539,22.182539,informed,none,0.000000,-3,34.878527,-28.256395,0.090000,-28.346395
1157,21.355094,21.006852,19.756852,22.256852,noise,none,0.000000,-3,34.878527,-29.186753,0.090000,-29.276753
1158,21.339566,21.737671,20.487671,22.987671,noise,buy_from_mm,22.987671,-4,57.866198,-27.492067,0.160000,-27.652067
1159,20.686811,20.246710,18.996710,21.496710,noise,none,0.000000,-4,57.866198,-24.881046,0.160000,-25.041046
1160,19.683639,18.376744,17.126744,19.626744,noise,none,0.000000,-4,57.866198,-20.868359,0.160000,-21.028359
1161,20.771538,20.851580,19.601580,22.101580,informed,none,0.000000,-4,57.866198,-25.219956,0.160000,-25.379956
1162,20.133303,20.372951,19.122951,21.622951,informed,none,0.000000,-4,57.866198,-22.667016,0.160000,-22.827016
1163,21.247880,20.071274,18.821274,21.321274,informed,none,0.000000,-4,57.866198,-27.125322,0.160000,-27.285322
1164,22.859680,22.682554,21.432554,23.932554,noise,none,0.000000,-4,57.866198,-33.572523,0.160000,-33.732523
1165,23.062934,23.805877,22.555877,25.055877,informed,none,0.000000,-4,57.866198,-34.385538,0.160000,-34.545538
1166,23.261659,23.396541,22.146541,24.646541,informed,none,0.000000,-4,57.866198,-35.180438,0.160000,-35.340438
1167,24.121649,24.133559,22.883559,25.383559,informed,none,0.000000,-4,57.866198,-38.620396,0.160000,-38.780396
1168,24.640715,24.748698,23.498698,25.998698,informed,none,0.000000,-4,57.866198,-40.696660,0.160000,-40.856660
1169,24.742387,24.438417,23.188417,25.688417,noise,none,0.000000,-4,57.866198,-41.103352,0.160000,-41.263352
1170,24.528987,24.851589,23.601589,26.101589,informed,none,0.000000,-4,57.866198,-40.249751,0.160000,-40.409751
1171,25.247897,25.479189,24.229189,26.729189,noise,none,0.000000,-4,57.866198,-43.125388,0.160000,-43.285388
1172,25.417943,26.026178,24.776178,27.276178,noise,buy_from_mm,27.276178,-5,85.142376,-41.947340,0.250000,-42.197340
1173,24.913005,23.839698,22.589698,25.089698,noise,sell_to_mm,22.589698,-4,62.552679,-37.099342,0.160000,-37.259342
1174,24.605950,24.020056,22.770056,25.270056,noise,none,0.000000,-4,62.552679,-35.871123,0.160000,-36.031123
1175,24.900062,24.269227,23.019227,25.519227,noise,buy_from_mm,25.519227,-5,88.071905,-36.428403,0.250000,-36.678403
1176,24.249203,24.752052,23.502052,26.002052,informed,none,0.000000,-5,88.071905,-33.174107,0.250000,-33.424107
1177,24.140451,25.032188,23.782188,26.282188,informed,none,0.000000,-5,88.071905,-32.630349,0.250000,-32.880349
1178,22.217483,22.019996,20.769996,23.269996,noise,none,0.000000,-5,88.071905,-23.015512,0.250000,-23.265512
1179,22.314232,22.492856,21.242856,23.742856,noise,buy_from_mm,23.742856,-6,111.814761,-22.070630,0.360000,-22.430630
1180,22.294295,22.651162,21.401162,23.901162,noise,none,0.000000,-6,111.814761,-21.951009,0.360000,-22.311009
1181,23.698056,23.525223,22.275223,24.775223,informed,none,0.000000,-6,111.814761,-30.373576,0.360000,-30.733576
1182,23.366111,23.999445,22.749445,25.249445,noise,buy_from_mm,25.249445,-7,137.064207,-26.498569,0.490000,-26.988569
1183,22.831673,23.253901,22.003901,24.503901,noise,none,0.000000,-7,137.064207,-22.757506,0.490000,-23.247506
1184,22.947019,22.143280,20.893280,23.393280,informed,none,0.000000,-7,137.064207,-23.564925,0.490000,-24.054925
1185,22.772665,22.987545,21.737545,24.237545,noise,buy_from_mm,24.237545,-8,161.301752,-20.879565,0.640000,-21.519565
1186,21.373495,21.134556,19.884556,22.384556,noise,sell_to_mm,19.884556,-7,141.417196,-8.197273,0.490000,-8.687273
1187,21.616662,22.223790,20.973790,23.473790,noise,none,0.000000,-7,141.417196,-9.899438,0.490000,-10.389438
1188,21.078485,20.993216,19.743216,22.243216,noise,none,0.000000,-7,141.417196,-6.132202,0.490000,-6.622202
1189,22.094086,21.613436,20.363436,22.863436,noise,none,0.000000,-7,141.417196,-13.241404,0.490000,-13.731404
1190,21.375094,22.735217,21.485217,23.985217,informed,sell_to_mm,21.485217,-6,119.931978,-8.318584,0.360000,-8.678584
1191,21.408920,21.537152,20.287152,22.787152,noise,none,0.000000,-6,119.931978,-8.521544,0.360000,-8.881544
1192,20.335646,19.974740,18.724740,21.224740,noise,buy_from_mm,21.224740,-7,141.156719,-1.192802,0.490000,-1.682802
1193,21.006656,21.063520,19.813520,22.313520,informed,none,0.000000,-7,141.156719,-5.889872,0.490000,-6.379872
1194,20.943036,20.857856,19.607856,22.107856,noise,none,0.000000,-7,141.156719,-5.444530,0.490000,-5.934530
1195,19.694263,20.167750,18.917750,21.417750,noise,none,0.000000,-7,141.156719,3.296879,0.490000,2.806879
1196,21.545610,22.771491,21.521491,24.021491,informed,none,0.000000,-7,141.156719,-9.662553,0.490000,-10.152553
1197,22.361490,22.229218,20.979218,23.479218,noise,none,0.000000,-7,141.156719,-15.373714,0.490000,-15.863714
1198,21.836047,22.121788,20.871788,23.371788,noise,none,0.000000,-7,141.156719,-11.695608,0.490000,-12.185608
1199,21.537990,21.542608,20.292608,22.792608,noise,none,0.000000,-7,141.156719,-9.609214,0.490000,-10.099214
1200,20.976250,21.246109,19.996109,22.496109,noise,sell_to_mm,19.996109,-6,121.160610,-4.696892,0.360000,-5.056892
1201,20.812593,20.351137,19.101137,21.601137,noise,none,0.000000,-6,121.160610,-3.714946,0.360000,-4.074946
1202,21.426403,21.734590,20.484590,22.984590,noise,buy_from_mm,22.984590,-7,144.145199,-5.839624,0.490000,-6.329624
1203,20.820867,21.236379,19.986379,22.486379,noise,none,0.000000,-7,144.145199,-1.600870,0.490000,-2.090870
1204,22.055680,21.866490,20.616490,23.116490,noise,sell_to_mm,20.616490,-6,123.528710,-8.805372,0.360000,-9.165372
1205,22.354417,21.974672,20.724672,23.224672,informed,none,0.000000,-6,123.528710,-10.597793,0.360000,-10.957793
1206,21.314332,21.002656,19.752656,22.252656,informed,none,0.000000,-6,123.528710,-4.357281,0.360000,-4.717281
1207,21.871860,22.507146,21.257146,23.757146,noise,none,0.000000,-6,123.528710,-7.702452,0.360000,-8.062452
1208,19.950855,19.256845,18.006845,20.506845,informed,none,0.000000,-6,123.528710,3.823577,0.360000,3.463577
1209,20.571739,20.367463,19.117463,21.617463,informed,none,0.000000,-6,123.528710,0.098276,0.360000,-0.261724
1210,20.071483,19.732470,18.482470,20.982470,noise,none,0.000000,-6,123.528710,3.099812,0.360000,2.739812
1211,19.664209,20.033990,18.783990,21.283990,informed,none,0.000000,-6,123.528710,5.543458,0.360000,5.183458
1212,19.183144,19.015977,17.765977,20.265977,informed,none,0.000000,-6,123.528710,8.429844,0.360000,8.069844
1213,19.234737,18.890169,17.640169,20.140169,informed,none,0.000000,-6,123.528710,8.120290,0.360000,7.760290
1214,18.558395,18.046863,16.796863,19.296863,noise,none,0.000000,-6,123.528710,12.178342,0.360000,11.818342
1215,18.466683,18.389454,17.139454,19.639454,noise,sell_to_mm,17.139454,-5,106.389255,14.055841,0.250000,13.805841
1216,18.384612,19.538073,18.288073,20.788073,noise,sell_to_mm,18.288073,-4,88.101182,14.562735,0.160000,14.402735
1217,18.578240,19.083624,17.833624,20.333624,informed,none,0.000000,-4,88.101182,13.788222,0.160000,13.628222
1218,18.820293,19.067342,17.817342,20.317342,informed,none,0.000000,-4,88.101182,12.820009,0.160000,12.660009
1219,18.207073,18.055410,16.805410,19.305410,informed,none,0.000000,-4,88.101182,15.272890,0.160000,15.112890
1220,16.590489,16.554167,15.304167,17.804167,informed,none,0.000000,-4,88.101182,21.739228,0.160000,21.579228
1221,15.710502,16.303430,15.053430,17.553430,noise,none,0.000000,-4,88.101182,25.259173,0.160000,25.099173
1222,16.457045,15.690073,14.440073,16.940073,informed,none,0.000000,-4,88.101182,22.273001,0.160000,22.113001
1223,14.936457,14.677449,13.427449,15.927449,informed,none,0.000000,-4,88.101182,28.355352,0.160000,28.195352
1224,13.856542,14.644943,13.394943,15.894943,noise,buy_from_mm,15.894943,-5,103.996126,34.713417,0.250000,34.463417
1225,14.944745,14.733748,13.483748,15.983748,informed,none,0.000000,-5,103.996126,29.272400,0.250000,29.022400
1226,15.058185,15.703769,14.453769,16.953769,informed,none,0.000000,-5,103.996126,28.705202,0.250000,28.455202
1227,14.583232,14.165939,12.915939,15.415939,informed,none,0.000000,-5,103.996126,31.079966,0.250000,30.829966
1228,14.001787,13.709035,12.459035,14.959035,noise,sell_to_mm,12.459035,-4,91.537090,35.529943,0.160000,35.369943
1229,13.569587,13.548567,12.298567,14.798567,informed,none,0.000000,-4,91.537090,37.258741,0.160000,37.098741
1230,15.104976,15.547373,14.297373,16.797373,informed,none,0.000000,-4,91.537090,31.117187,0.160000,30.957187
1231,14.489493,13.213127,11.963127,14.463127,noise,none,0.000000,-4,91.537090,33.579120,0.160000,33.419120
1232,14.107171,13.726473,12.476473,14.976473,informed,none,0.000000,-4,91.537090,35.108405,0.160000,34.948405
1233,12.548998,12.475392,11.225392,13.725392,informed,none,0.000000,-4,91.537090,41.341097,0.160000,41.181097
1234,11.476609,12.008180,10.758180,13.258180,noise,none,0.000000,-4,91.537090,45.630653,0.160000,45.470653
1235,10.171027,9.464580,8.214580,10.714580,noise,none,0.000000,-4,91.537090,50.852980,0.160000,50.692980
1236,9.983040,9.681632,8.431632,10.931632,noise,none,0.000000,-4,91.537090,51.604932,0.160000,51.444932
1237,10.248883,10.087563,8.837563,11.337563,informed,none,0.000000,-4,91.537090,50.541556,0.160000,50.381556
1238,10.043500,9.593028,8.343028,10.843028,informed,none,0.000000,-4,91.537090,51.363089,0.160000,51.203089
1239,10.016841,11.282526,10.032526,12.532526,informed,sell_to_mm,10.032526,-3,81.504564,51.454042,0.090000,51.364042
1240,8.348179,8.433273,7.183273,9.683273,noise,none,0.000000,-3,81.504564,56.460027,0.090000,56.370027
1241,9.659829,9.602284,8.352284,10.852284,informed,none,0.000000,-3,81.504564,52.525077,0.090000,52.435077
1242,9.418851,8.910386,7.660386,10.160386,noise,none,0.000000,-3,81.504564,53.248011,0.090000,53.158011
1243,7.173669,6.777147,5.527147,8.027147,noise,none,0.000000,-3,81.504564,59.983557,0.090000,59.893557
1244,7.395293,6.647210,5.397210,7.897210,informed,none,0.000000,-3,81.504564,59.318685,0.090000,59.228685
1245,7.486964,6.642010,5.392010,7.892010,noise,none,0.000000,-3,81.504564,59.043671,0.090000,58.953671
1246,7.188044,6.709475,5.459475,7.959475,informed,none,0.000000,-3,81.504564,59.940431,0.090000,59.850431
1247,7.086393,8.170603,6.920603,9.420603,noise,none,0.000000,-3,81.504564,60.245387,0.090000,60.155387
1248,5.394217,5.248234,3.998234,6.498234,noise,none,0.000000,-3,81.504564,65.321915,0.090000,65.231915
1249,4.205050,3.930141,2.680141,5.180141,noise,buy_from_mm,5.180141,-4,86.684706,69.864507,0.160000,69.704507
1250,3.616143,2.075093,0.825093,3.325093,noise,none,0.000000,-4,86.684706,72.220136,0.160000,72.060136
1251,2.019743,2.576682,1.326682,3.826682,noise,none,0.000000,-4,86.684706,78.605733,0.160000,78.445733
1252,0.818845,0.310654,-0.939346,1.560654,noise,none,0.000000,-4,86.684706,83.409327,0.160000,83.249327
1253,0.573318,0.777890,-0.472110,2.027890,informed,none,0.000000,-4,86.684706,84.391433,0.160000,84.231433
1254,0.057924,-0.103410,-1.353410,1.146590,noise,buy_from_mm,1.146590,-5,87.831296,87.541674,0.250000,87.291674
1255,-0.201232,0.110412,-1.139588,1.360412,informed,none,0.000000,-5,87.831296,88.837458,0.250000,88.587458
1256,-2.728194,-2.828273,-4.078273,-1.578273,noise,sell_to_mm,-4.078273,-4,91.909568,102.822346,0.160000,102.662346
1257,-4.258257,-3.710971,-4.960971,-2.460971,informed,none,0.000000,-4,91.909568,108.942596,0.160000,108.782596
1258,-3.423029,-3.196235,-4.446235,-1.946235,noise,none,0.000000,-4,91.909568,105.601685,0.160000,105.441685
1259,-3.769496,-4.164919,-5.414919,-2.914919,noise,none,0.000000,-4,91.909568,106.987554,0.160000,106.827554
1260,-6.299759,-6.213925,-7.463925,-4.963925,informed,none,0.000000,-4,91.909568,117.108602,0.160000,116.948602
1261,-5.633193,-6.285419,-7.535419,-5.035419,noise,none,0.000000,-4,91.909568,114.442342,0.160000,114.282342
1262,-5.922955,-5.973823,-7.223823,-4.723823,noise,none,0.000000,-4,91.909568,115.601387,0.160000,115.441387
1263,-7.364060,-7.896149,-9.146149,-6.646149,noise,none,0.000000,-4,91.909568,121.365810,0.160000,121.205810
1264,-7.217791,-7.525927,-8.775927,-6.275927,noise,none,0.000000,-4,91.909568,120.780734,0.160000,120.620734
1265,-6.855393,-6.491839,-7.741839,-5.241839,informed,none,0.000000,-4,91.909568,119.331139,0.160000,119.171139
1266,-6.534143,-7.041518,-8.291518,-5.791518,noise,none,0.000000,-4,91.909568,118.046141,0.160000,117.886141
1267,-5.024582,-5.422400,-6.672400,-4.172400,noise,none,0.000000,-4,91.909568,112.007895,0.160000,111.847895
1268,-6.885771,-6.624214,-7.874214,-5.374214,informed,none,0.000000,-4,91.909568,119.452652,0.160000,119.292652
1269,-6.836451,-6.787791,-8.037791,-5.537791,informed,none,0.000000,-4,91.909568,119.255374,0.160000,119.095374
1270,-7.231697,-7.280498,-8.530498,-6.030498,informed,none,0.000000,-4,91.909568,120.836357,0.160000,120.676357
1271,-8.041987,-8.877853,-10.127853,-7.627853,informed,none,0.000000,-4,91.909568,124.077516,0.160000,123.917516
1272,-7.709245,-7.294133,-8.544133,-6.044133,informed,none,0.000000,-4,91.909568,122.746547,0.160000,122.586547
1273,-7.824187,-7.960784,-9.210784,-6.710784,informed,none,0.000000,-4,91.909568,123.206317,0.160000,123.046317
1274,-7.932331,-7.858389,-9.108389,-6.608389,noise,buy_from_mm,-6.608389,-5,85.301179,124.962836,0.250000,124.712836
1275,-9.464208,-9.126705,-10.376705,-7.876705,noise,buy_from_mm,-7.876705,-6,77.424474,134.209720,0.360000,133.849720
1276,-11.978480,-10.634595,-11.884595,-9.384595,noise,sell_to_mm,-11.884595,-5,89.309069,149.201469,0.250000,148.951469
1277,-12.694662,-13.700994,-14.950994,-12.450994,informed,none,0.000000,-5,89.309069,152.782377,0.250000,152.532377
1278,-11.982653,-11.695886,-12.945886,-10.445886,informed,none,0.000000,-5,89.309069,149.222332,0.250000,148.972332
1279,-13.627981,-13.433018,-14.683018,-12.183018,informed,none,0.000000,-5,89.309069,157.448975,0.250000,157.198975
1280,-10.858620,-10.431186,-11.681186,-9.181186,informed,none,0.000000,-5,89.309069,143.602168,0.250000,143.352168
1281,-11.887820,-11.976121,-13.226121,-10.726121,informed,none,0.000000,-5,89.309069,148.748170,0.250000,148.498170
1282,-12.984579,-12.816861,-14.066861,-11.566861,informed,none,0.000000,-5,89.309069,154.231963,0.250000,153.981963
1283,-13.118206,-13.151755,-14.401755,-11.901755,informed,none,0.000000,-5,89.309069,154.900098,0.250000,154.650098
1284,-12.834823,-12.784593,-14.034593,-11.534593,informed,none,0.000000,-5,89.309069,153.483184,0.250000,153.233184
1285,-13.491541,-13.575794,-14.825794,-12.325794,noise,none,0.000000,-5,89.309069,156.766772,0.250000,156.516772
1286,-13.451592,-13.183220,-14.433220,-11.933220,informed,none,0.000000,-5,89.309069,156.567031,0.250000,156.317031
1287,-13.935965,-14.107019,-15.357019,-12.857019,informed,none,0.000000,-5,89.309069,158.988896,0.250000,158.738896
1288,-13.667636,-13.872989,-15.122989,-12.622989,informed,none,0.000000,-5,89.309069,157.647247,0.250000,157.397247
1289,-14.350432,-14.036680,-15.286680,-12.786680,noise,sell_to_mm,-15.286680,-4,104.595749,161.997478,0.160000,161.837478
1290,-10.854851,-10.926693,-12.176693,-9.676693,noise,none,0.000000,-4,104.595749,148.015152,0.160000,147.855152
1291,-10.102681,-9.725350,-10.975350,-8.475350,informed,none,0.000000,-4,104.595749,145.006475,0.160000,144.846475
1292,-7.618678,-8.179501,-9.429501,-6.929501,informed,none,0.000000,-4,104.595749,135.070462,0.160000,134.910462
1293,-6.342834,-5.971716,-7.221716,-4.721716,noise,buy_from_mm,-4.721716,-5,99.874033,131.588204,0.250000,131.338204
1294,-6.064629,-6.013147,-7.263147,-4.763147,noise,none,0.000000,-5,99.874033,130.197179,0.250000,129.947179
1295,-6.248828,-6.567252,-7.817252,-5.317252,noise,buy_from_mm,-5.317252,-6,94.556781,132.049749,0.360000,131.689749
1296,-6.826121,-7.042874,-8.292874,-5.792874,noise,buy_from_mm,-5.792874,-7,88.763906,136.546753,0.490000,136.056753
1297,-7.538306,-7.571300,-8.821300,-6.321300,informed,none,0.000000,-7,88.763906,141.532051,0.490000,141.042051
1298,-8.479927,-9.578619,-10.828619,-8.328619,informed,none,0.000000,-7,88.763906,148.123396,0.490000,147.633396
1299,-11.472435,-12.054107,-13.304107,-10.804107,noise,buy_from_mm,-10.804107,-8,77.959799,169.739280,0.640000,169.099280
1300,-11.846448,-12.114181,-13.364181,-10.864181,informed,none,0.000000,-8,77.959799,172.731385,0.640000,172.091385
1301,-12.425331,-12.075784,-13.325784,-10.825784,noise,none,0.000000,-8,77.959799,177.362449,0.640000,176.722449
1302,-11.472860,-10.987974,-12.237974,-9.737974,noise,none,0.000000,-8,77.959799,169.742681,0.640000,169.102681
1303,-11.886521,-11.349777,-12.599777,-10.099777,noise,none,0.000000,-8,77.959799,173.051968,0.640000,172.411968
1304,-10.864249,-11.621300,-12.871300,-10.371300,noise,buy_from_mm,-10.371300,-9,67.588499,165.366743,0.810000,164.556743
1305,-12.032157,-12.656226,-13.906226,-11.406226,informed,none,0.000000,-9,67.588499,175.877917,0.810000,175.067917
1306,-12.741672,-12.602861,-13.852861,-11.352861,informed,none,0.000000,-9,67.588499,182.263549,0.810000,181.453549
1307,-12.475894,-12.508567,-13.758567,-11.258567,noise,none,0.000000,-9,67.588499,179.871548,0.810000,179.061548
1308,-12.979161,-13.383624,-14.633624,-12.133624,informed,none,0.000000,-9,67.588499,184.400953,0.810000,183.590953
1309,-13.887734,-13.419320,-14.669320,-12.169320,informed,none,0.000000,-9,67.588499,192.578107,0.810000,191.768107
1310,-14.408699,-14.828234,-16.078234,-13.578234,noise,none,0.000000,-9,67.588499,197.266794,0.810000,196.456794
1311,-15.432359,-15.354059,-16.604059,-14.104059,informed,none,0.000000,-9,67.588499,206.479731,0.810000,205.669731
1312,-15.057811,-15.121359,-16.371359,-13.871359,informed,none,0.000000,-9,67.588499,203.108795,0.810000,202.298795
1313,-14.321866,-14.592706,-15.842706,-13.342706,noise,none,0.000000,-9,67.588499,196.485293,0.810000,195.675293
1314,-14.954504,-15.651990,-16.901990,-14.401990,informed,none,0.000000,-9,67.588499,202.179035,0.810000,201.369035
1315,-14.070288,-14.004329,-15.254329,-12.754329,informed,none,0.000000,-9,67.588499,194.221093,0.810000,193.411093
1316,-14.261196,-15.705562,-16.955562,-14.455562,noise,buy_from_mm,-14.455562,-10,53.132937,195.744900,1.000000,194.744900
1317,-13.851388,-14.452497,-15.702497,-13.202497,noise,none,0.000000,-10,53.132937,191.646819,1.000000,190.646819
1318,-13.516721,-14.297276,-15.547276,-13.047276,informed,none,0.000000,-10,53.132937,188.300143,1.000000,187.300143
1319,-13.251228,-12.036864,-13.286864,-10.786864,noise,buy_from_mm,-10.786864,-11,42.346074,188.109584,1.210000,186.899584
1320,-13.175120,-13.119234,-14.369234,-11.869234,noise,none,0.000000,-11,42.346074,187.272392,1.210000,186.062392
1321,-10.762365,-10.720217,-11.970217,-9.470217,informed,none,0.000000,-11,42.346074,160.732084,1.210000,159.522084
1322,-9.646423,-9.479850,-10.729850,-8.229850,informed,none,0.000000,-11,42.346074,148.456725,1.210000,147.246725
1323,-10.095824,-10.362978,-11.612978,-9.112978,informed,none,0.000000,-11,42.346074,153.400136,1.210000,152.190136
1324,-10.355770,-9.964966,-11.214966,-8.714966,noise,buy_from_mm,-8.714966,-12,33.631108,157.900354,1.440000,156.460354
1325,-10.622890,-9.804484,-11.054484,-8.554484,noise,none,0.000000,-12,33.631108,161.105785,1.440000,159.665785
1326,-9.311630,-9.736671,-10.986671,-8.486671,informed,none,0.000000,-12,33.631108,145.370669,1.440000,143.930669
1327,-9.869722,-8.921526,-10.171526,-7.671526,informed,none,0.000000,-12,33.631108,152.067769,1.440000,150.627769
1328,-10.674741,-10.924897,-12.174897,-9.674897,informed,none,0.000000,-12,33.631108,161.727996,1.440000,160.287996
1329,-10.161885,-10.058889,-11.308889,-8.808889,noise,none,0.000000,-12,33.631108,155.573723,1.440000,154.133723
1330,-10.445014,-10.173108,-11.423108,-8.923108,noise,none,0.000000,-12,33.631108,158.971276,1.440000,157.531276
1331,-9.733055,-10.055596,-11.305596,-8.805596,informed,none,0.000000,-12,33.631108,150.427773,1.440000,148.987773
1332,-10.015642,-9.970615,-11.220615,-8.720615,noise,buy_from_mm,-8.720615,-13,24.910493,155.113845,1.690000,153.423845
1333,-9.237481,-8.646682,-9.896682,-7.396682,noise,none,0.000000,-13,24.910493,144.997751,1.690000,143.307751
1334,-8.725837,-9.453552,-10.703552,-8.203552,noise,none,0.000000,-13,24.910493,138.346376,1.690000,136.656376
1335,-8.732061,-9.169188,-10.419188,-7.919188,informed,none,0.000000,-13,24.910493,138.427280,1.690000,136.737280
1336,-10.040100,-10.240996,-11.490996,-8.990996,noise,none,0.000000,-13,24.910493,155.431790,1.690000,153.741790
1337,-10.354704,-9.018932,-10.268932,-7.768932,noise,sell_to_mm,-10.268932,-12,35.179425,159.435871,1.440000,157.995871
1338,-9.008834,-8.131448,-9.381448,-6.881448,noise,none,0.000000,-12,35.179425,143.285428,1.440000,141.845428
1339,-9.990351,-10.309187,-11.559187,-9.059187,informed,none,0.000000,-12,35.179425,155.063640,1.440000,153.623640
1340,-9.185079,-8.467658,-9.717658,-7.217658,noise,none,0.000000,-12,35.179425,145.400374,1.440000,143.960374
1341,-11.999511,-12.039780,-13.289780,-10.789780,noise,none,0.000000,-12,35.179425,179.173561,1.440000,177.733561
1342,-12.539984,-11.855791,-13.105791,-10.605791,informed,none,0.000000,-12,35.179425,185.659235,1.440000,184.219235
1343,-12.173675,-11.279212,-12.529212,-10.029212,informed,none,0.000000,-12,35.179425,181.263522,1.440000,179.823522
1344,-12.427461,-11.253736,-12.503736,-10.003736,noise,none,0.000000,-12,35.179425,184.308962,1.440000,182.868962
1345,-13.644793,-14.306731,-15.556731,-13.056731,noise,none,0.000000,-12,35.179425,198.916945,1.440000,197.476945
1346,-12.696936,-12.888233,-14.138233,-11.638233,informed,none,0.000000,-12,35.179425,187.542653,1.440000,186.102653
1347,-11.770089,-11.663627,-12.913627,-10.413627,informed,none,0.000000,-12,35.179425,176.420496,1.440000,174.980496
1348,-11.768896,-11.915396,-13.165396,-10.665396,noise,none,0.000000,-12,35.179425,176.406179,1.440000,174.966179
1349,-11.693691,-11.852387,-13.102387,-10.602387,informed,none,0.000000,-12,35.179425,175.503717,1.440000,174.063717
1350,-10.836436,-9.896443,-11.146443,-8.646443,noise,sell_to_mm,-11.146443,-11,46.325868,165.526664,1.210000,164.316664
1351,-10.355293,-10.526314,-11.776314,-9.276314,noise,sell_to_mm,-11.776314,-10,58.102183,161.655112,1.000000,160.655112
1352,-11.069409,-11.578026,-12.828026,-10.328026,noise,none,0.000000,-10,58.102183,168.796277,1.000000,167.796277
1353,-10.951257,-10.189055,-11.439055,-8.939055,informed,none,0.000000,-10,58.102183,167.614754,1.000000,166.614754
1354,-12.228058,-12.427972,-13.677972,-11.177972,informed,none,0.000000,-10,58.102183,180.382759,1.000000,179.382759
1355,-12.447879,-11.918090,-13.168090,-10.668090,noise,buy_from_mm,-10.668090,-11,47.434093,184.360761,1.210000,183.150761
1356,-13.203948,-13.529308,-14.779308,-12.279308,noise,none,0.000000,-11,47.434093,192.677517,1.210000,191.467517
1357,-14.064255,-13.686061,-14.936061,-12.436061,noise,none,0.000000,-11,47.434093,202.140896,1.210000,200.930896
1358,-12.882530,-12.985737,-14.235737,-11.735737,noise,none,0.000000,-11,47.434093,189.141918,1.210000,187.931918
1359,-14.222746,-14.420172,-15.670172,-13.170172,informed,none,0.000000,-11,47.434093,203.884296,1.210000,202.674296
1360,-12.781782,-12.855745,-14.105745,-11.605745,noise,none,0.000000,-11,47.434093,188.033691,1.210000,186.823691
1361,-11.979078,-11.655138,-12.905138,-10.405138,informed,none,0.000000,-11,47.434093,179.203951,1.210000,177.993951
1362,-12.672020,-12.227517,-13.477517,-10.977517,noise,none,0.000000,-11,47.434093,186.826309,1.210000,185.616309
1363,-12.061504,-11.341172,-12.591172,-10.091172,informed,none,0.000000,-11,47.434093,180.110641,1.210000,178.900641
1364,-11.913542,-12.742067,-13.992067,-11.492067,noise,none,0.000000,-11,47.434093,178.483053,1.210000,177.273053
1365,-12.673533,-13.078795,-14.328795,-11.828795,informed,none,0.000000,-11,47.434093,186.842958,1.210000,185.632958
1366,-11.735714,-10.588957,-11.838957,-9.338957,informed,none,0.000000,-11,47.434093,176.526949,1.210000,175.316949
1367,-10.619206,-9.793625,-11.043625,-8.543625,informed,none,0.000000,-11,47.434093,164.245363,1.210000,163.035363
1368,-10.192078,-9.467608,-10.717608,-8.217608,informed,none,0.000000,-11,47.434093,159.546946,1.210000,158.336946
1369,-10.858686,-10.485137,-11.735137,-9.235137,noise,none,0.000000,-11,47.434093,166.879640,1.210000,165.669640
1370,-9.500749,-9.641110,-10.891110,-8.391110,noise,none,0.000000,-11,47.434093,151.942327,1.210000,150.732327
1371,-9.837826,-9.437102,-10.687102,-8.187102,noise,sell_to_mm,-10.687102,-10,58.121194,156.499457,1.000000,155.499457
1372,-8.980572,-8.425947,-9.675947,-7.175947,noise,none,0.000000,-10,58.121194,147.926918,1.000000,146.926918
1373,-9.895226,-10.636436,-11.886436,-9.386436,informed,none,0.000000,-10,58.121194,157.073455,1.000000,156.073455
1374,-11.246994,-11.538605,-12.788605,-10.288605,noise,buy_from_mm,-10.288605,-11,47.832590,171.549529,1.210000,170.339529
1375,-11.118018,-10.437804,-11.687804,-9.187804,noise,sell_to_mm,-11.687804,-10,59.520394,170.700576,1.000000,169.700576
1376,-9.502679,-9.622477,-10.872477,-8.372477,noise,none,0.000000,-10,59.520394,154.547181,1.000000,153.547181
1377,-8.926179,-8.436185,-9.686185,-7.186185,noise,sell_to_mm,-9.686185,-9,69.206579,149.542192,0.810000,148.732192
1378,-9.433033,-9.520822,-10.770822,-8.270822,noise,none,0.000000,-9,69.206579,154.103879,0.810000,153.293879
1379,-8.703391,-8.691535,-9.941535,-7.441535,noise,none,0.000000,-9,69.206579,147.537098,0.810000,146.727098
1380,-9.640303,-9.301536,-10.551536,-8.051536,noise,buy_from_mm,-8.051536,-10,61.155043,157.558074,1.000000,156.558074
1381,-8.725173,-8.761840,-10.011840,-7.511840,noise,none,0.000000,-10,61.155043,148.406770,1.000000,147.406770
1382,-7.892937,-7.176548,-8.426548,-5.926548,informed,none,0.000000,-10,61.155043,140.084417,1.000000,139.084417
1383,-7.471592,-8.259738,-9.509738,-7.009738,noise,buy_from_mm,-7.009738,-11,54.145304,136.332818,1.210000,135.122818
1384,-7.722908,-8.216912,-9.466912,-6.966912,noise,none,0.000000,-11,54.145304,139.097295,1.210000,137.887295
1385,-6.667680,-6.358657,-7.608657,-5.108657,informed,none,0.000000,-11,54.145304,127.489780,1.210000,126.279780
1386,-7.218178,-6.450803,-7.700803,-5.200803,noise,sell_to_mm,-7.700803,-10,61.846108,134.027890,1.000000,133.027890
1387,-8.046455,-8.572431,-9.822431,-7.322431,noise,none,0.000000,-10,61.846108,142.310655,1.000000,141.310655
1388,-7.842286,-8.125733,-9.375733,-6.875733,noise,none,0.000000,-10,61.846108,140.268967,1.000000,139.268967
1389,-6.409769,-6.518113,-7.768113,-5.268113,noise,none,0.000000,-10,61.846108,125.943794,1.000000,124.943794
1390,-8.906763,-8.347404,-9.597404,-7.097404,noise,none,0.000000,-10,61.846108,150.913739,1.000000,149.913739
1391,-7.815814,-7.167777,-8.417777,-5.917777,noise,buy_from_mm,-5.917777,-11,55.928331,141.902281,1.210000,140.692281
1392,-7.219432,-7.073088,-8.323088,-5.823088,informed,none,0.000000,-11,55.928331,135.342088,1.210000,134.132088
1393,-7.208713,-7.860119,-9.110119,-6.610119,noise,none,0.000000,-11,55.928331,135.224176,1.210000,134.014176
1394,-6.454522,-6.855207,-8.105207,-5.605207,noise,none,0.000000,-11,55.928331,126.928074,1.210000,125.718074
1395,-7.055307,-8.052235,-9.302235,-6.802235,noise,none,0.000000,-11,55.928331,133.536712,1.210000,132.326712
1396,-8.038614,-8.327249,-9.577249,-7.077249,informed,none,0.000000,-11,55.928331,144.353080,1.210000,143.143080
1397,-7.261521,-7.953436,-9.203436,-6.703436,informed,none,0.000000,-11,55.928331,135.805061,1.210000,134.595061
1398,-7.528374,-7.292413,-8.542413,-6.042413,noise,buy_from_mm,-6.042413,-12,49.885918,140.226406,1.440000,138.786406
1399,-8.806056,-7.924862,-9.174862,-6.674862,noise,sell_to_mm,-9.174862,-11,59.060780,155.927392,1.210000,154.717392
1400,-9.681098,-10.244393,-11.494393,-8.994393,informed,none,0.000000,-11,59.060780,165.552860,1.210000,164.342860
1401,-9.059113,-8.506627,-9.756627,-7.256627,noise,none,0.000000,-11,59.060780,158.711020,1.210000,157.501020
1402,-10.356603,-10.202634,-11.452634,-8.952634,noise,none,0.000000,-11,59.060780,172.983416,1.210000,171.773416
1403,-11.047518,-11.778506,-13.028506,-10.528506,informed,none,0.000000,-11,59.060780,180.583474,1.210000,179.373474
1404,-10.737397,-9.775815,-11.025815,-8.525815,informed,none,0.000000,-11,59.060780,177.172143,1.210000,175.962143
1405,-9.378754,-8.711088,-9.961088,-7.461088,informed,none,0.000000,-11,59.060780,162.227076,1.210000,161.017076
1406,-8.854539,-8.996910,-10.246910,-7.746910,informed,none,0.000000,-11,59.060780,156.460710,1.210000,155.250710
1407,-8.265418,-7.898294,-9.148294,-6.648294,noise,none,0.000000,-11,59.060780,149.980377,1.210000,148.770377
1408,-7.062967,-7.469069,-8.719069,-6.219069,noise,none,0.000000,-11,59.060780,136.753419,1.210000,135.543419
1409,-7.043359,-6.920098,-8.170098,-5.670098,noise,sell_to_mm,-8.170098,-10,67.230878,137.664467,1.000000,136.664467
1410,-5.527003,-5.049659,-6.299659,-3.799659,informed,none,0.000000,-10,67.230878,122.500913,1.000000,121.500913
1411,-4.304681,-5.193031,-6.443031,-3.943031,informed,none,0.000000,-10,67.230878,110.277684,1.000000,109.277684
1412,-6.029570,-6.804267,-8.054267,-5.554267,noise,none,0.000000,-10,67.230878,127.526581,1.000000,126.526581
1413,-7.164739,-7.788702,-9.038702,-6.538702,informed,none,0.000000,-10,67.230878,138.878266,1.000000,137.878266
1414,-5.479135,-5.854989,-7.104989,-4.604989,informed,none,0.000000,-10,67.230878,122.022225,1.000000,121.022225
1415,-4.719005,-4.604623,-5.854623,-3.354623,informed,none,0.000000,-10,67.230878,114.420929,1.000000,113.420929
1416,-5.035095,-5.617170,-6.867170,-4.367170,noise,none,0.000000,-10,67.230878,117.581832,1.000000,116.581832
1417,-4.675091,-4.569516,-5.819516,-3.319516,informed,none,0.000000,-10,67.230878,113.981786,1.000000,112.981786
1418,-3.550398,-3.386297,-4.636297,-2.136297,noise,buy_from_mm,-2.136297,-11,65.094581,104.148960,1.210000,102.938960
1419,-4.088703,-3.138247,-4.388247,-1.888247,informed,none,0.000000,-11,65.094581,110.070310,1.210000,108.860310
1420,-4.028826,-3.108577,-4.358577,-1.858577,informed,none,0.000000,-11,65.094581,109.411662,1.210000,108.201662
1421,-3.787558,-3.481597,-4.731597,-2.231597,informed,none,0.000000,-11,65.094581,106.757722,1.210000,105.547722
1422,-4.444684,-5.910805,-7.160805,-4.660805,noise,none,0.000000,-11,65.094581,113.986104,1.210000,112.776104
1423,-5.165950,-4.479560,-5.729560,-3.229560,noise,buy_from_mm,-3.229560,-12,61.865021,123.856426,1.440000,122.416426
1424,-4.833448,-5.208482,-6.458482,-3.958482,noise,none,0.000000,-12,61.865021,119.866402,1.440000,118.426402
1425,-3.766122,-4.099052,-5.349052,-2.849052,noise,none,0.000000,-12,61.865021,107.058482,1.440000,105.618482
1426,-3.895481,-3.853564,-5.103564,-2.603564,informed,none,0.000000,-12,61.865021,108.610793,1.440000,107.170793
1427,-5.226080,-5.829628,-7.079628,-4.579628,noise,none,0.000000,-12,61.865021,124.577986,1.440000,123.137986
1428,-6.502660,-7.029211,-8.279211,-5.779211,informed,none,0.000000,-12,61.865021,139.896940,1.440000,138.456940
1429,-5.161852,-5.310596,-6.560596,-4.060596,noise,none,0.000000,-12,61.865021,123.807242,1.440000,122.367242
1430,-6.083880,-6.662389,-7.912389,-5.412389,informed,none,0.000000,-12,61.865021,134.871577,1.440000,133.431577
1431,-5.529051,-5.108857,-6.358857,-3.858857,noise,none,0.000000,-12,61.865021,128.213629,1.440000,126.773629
1432,-5.422728,-5.884507,-7.134507,-4.634507,informed,none,0.000000,-12,61.865021,126.937756,1.440000,125.497756
1433,-7.422639,-7.267710,-8.517710,-6.017710,informed,none,0.000000,-12,61.865021,150.936688,1.440000,149.496688
1434,-6.575897,-6.676764,-7.926764,-5.426764,informed,none,0.000000,-12,61.865021,140.775788,1.440000,139.335788
1435,-8.296169,-8.484799,-9.734799,-7.234799,informed,none,0.000000,-12,61.865021,161.419054,1.440000,159.979054
1436,-8.340073,-7.807094,-9.057094,-6.557094,noise,none,0.000000,-12,61.865021,161.945894,1.440000,160.505894
1437,-9.471787,-9.771883,-11.021883,-8.521883,noise,sell_to_mm,-11.021883,-11,72.886904,177.076565,1.210000,175.866565
1438,-9.651016,-9.419572,-10.669572,-8.169572,noise,none,0.000000,-11,72.886904,179.048084,1.210000,177.838084
1439,-10.937686,-10.635250,-11.885250,-9.385250,noise,buy_from_mm,-9.385250,-12,63.501654,194.753890,1.440000,193.313890
1440,-9.420076,-8.951480,-10.201480,-7.701480,noise,none,0.000000,-12,63.501654,176.542567,1.440000,175.102567
1441,-9.692462,-9.332340,-10.582340,-8.082340,informed,none,0.000000,-12,63.501654,179.811199,1.440000,178.371199
1442,-10.717294,-10.941103,-12.191103,-9.691103,noise,none,0.000000,-12,63.501654,192.109186,1.440000,190.669186
1443,-8.863611,-8.966300,-10.216300,-7.716300,informed,none,0.000000,-12,63.501654,169.864990,1.440000,168.424990
1444,-8.609608,-8.055682,-9.305682,-6.805682,noise,buy_from_mm,-6.805682,-13,56.695971,168.620876,1.690000,166.930876
1445,-9.182086,-7.789424,-9.039424,-6.539424,noise,sell_to_mm,-9.039424,-12,65.735395,175.920427,1.440000,174.480427
1446,-8.154841,-8.352869,-9.602869,-7.102869,informed,none,0.000000,-12,65.735395,163.593488,1.440000,162.153488
1447,-7.873634,-8.000140,-9.250140,-6.750140,informed,none,0.000000,-12,65.735395,160.219006,1.440000,158.779006
1448,-5.890468,-5.551299,-6.801299,-4.301299,noise,sell_to_mm,-6.801299,-11,72.536695,137.331846,1.210000,136.121846
1449,-6.718826,-6.607904,-7.857904,-5.357904,informed,none,0.000000,-11,72.536695,146.443775,1.210000,145.233775
1450,-6.644165,-7.297848,-8.547848,-6.047848,informed,none,0.000000,-11,72.536695,145.622504,1.210000,144.412504
1451,-7.078591,-8.025713,-9.275713,-6.775713,informed,none,0.000000,-11,72.536695,150.401191,1.210000,149.191191
1452,-7.052895,-6.853708,-8.103708,-5.603708,informed,none,0.000000,-11,72.536695,150.118537,1.210000,148.908537
1453,-6.931978,-6.730513,-7.980513,-5.480513,noise,none,0.000000,-11,72.536695,148.788456,1.210000,147.578456
1454,-9.021475,-9.874365,-11.124365,-8.624365,noise,none,0.000000,-11,72.536695,171.772924,1.210000,170.562924
1455,-10.231958,-10.550556,-11.800556,-9.300556,noise,sell_to_mm,-11.800556,-10,84.337250,186.656829,1.000000,185.656829
1456,-10.655523,-10.163902,-11.413902,-8.913902,noise,sell_to_mm,-11.413902,-9,95.751152,191.650860,0.810000,190.840860
1457,-10.379918,-10.825781,-12.075781,-9.575781,noise,buy_from_mm,-9.575781,-10,86.175371,189.974553,1.000000,188.974553
1458,-11.444662,-11.724259,-12.974259,-10.474259,noise,none,0.000000,-10,86.175371,200.621993,1.000000,199.621993
1459,-10.396734,-10.423097,-11.673097,-9.173097,noise,none,0.000000,-10,86.175371,190.142708,1.000000,189.142708
1460,-10.427376,-10.111550,-11.361550,-8.861550,noise,sell_to_mm,-11.361550,-9,97.536921,191.383308,0.810000,190.573308
1461,-10.003749,-10.067598,-11.317598,-8.817598,noise,none,0.000000,-9,97.536921,187.570665,0.810000,186.760665
1462,-11.195384,-11.747620,-12.997620,-10.497620,noise,none,0.000000,-9,97.536921,198.295375,0.810000,197.485375
1463,-13.067033,-13.989307,-15.239307,-12.739307,informed,none,0.000000,-9,97.536921,215.140220,0.810000,214.330220
1464,-13.226734,-13.671480,-14.921480,-12.421480,informed,none,0.000000,-9,97.536921,216.577528,0.810000,215.767528
1465,-14.091863,-14.461954,-15.711954,-13.211954,noise,none,0.000000,-9,97.536921,224.363685,0.810000,223.553685
1466,-13.156890,-13.208000,-14.458000,-11.958000,informed,none,0.000000,-9,97.536921,215.948934,0.810000,215.138934
1467,-12.656214,-12.276955,-13.526955,-11.026955,noise,none,0.000000,-9,97.536921,211.442847,0.810000,210.632847
1468,-13.811176,-13.724416,-14.974416,-12.474416,informed,none,0.000000,-9,97.536921,221.837504,0.810000,221.027504
1469,-14.437562,-13.635542,-14.885542,-12.385542,informed,none,0.000000,-9,97.536921,227.474983,0.810000,226.664983
1470,-14.774417,-14.966880,-16.216880,-13.716880,noise,buy_from_mm,-13.716880,-10,83.820041,231.564209,1.000000,230.564209
1471,-14.220746,-13.480544,-14.730544,-12.230544,noise,buy_from_mm,-12.230544,-11,71.589497,228.017698,1.210000,226.807698
1472,-13.908917,-14.150003,-15.400003,-12.900003,noise,none,0.000000,-11,71.589497,224.587579,1.210000,223.377579
1473,-14.193837,-13.509080,-14.759080,-12.259080,noise,buy_from_mm,-12.259080,-12,59.330416,229.656458,1.440000,228.216458
1474,-16.557951,-17.223223,-18.473223,-15.973223,noise,none,0.000000,-12,59.330416,258.025829,1.440000,256.585829
1475,-15.697336,-15.963920,-17.213920,-14.713920,informed,none,0.000000,-12,59.330416,247.698448,1.440000,246.258448
1476,-15.382116,-14.427287,-15.677287,-13.177287,noise,none,0.000000,-12,59.330416,243.915806,1.440000,242.475806
1477,-17.128659,-16.951916,-18.201916,-15.701916,informed,none,0.000000,-12,59.330416,264.874328,1.440000,263.434328
1478,-17.492966,-17.589663,-18.839663,-16.339663,informed,none,0.000000,-12,59.330416,269.246007,1.440000,267.806007
1479,-18.108109,-17.643174,-18.893174,-16.393174,informed,none,0.000000,-12,59.330416,276.627727,1.440000,275.187727
1480,-17.102574,-16.944101,-18.194101,-15.694101,informed,none,0.000000,-12,59.330416,264.561303,1.440000,263.121303
1481,-15.819995,-15.980490,-17.230490,-14.730490,informed,none,0.000000,-12,59.330416,249.170352,1.440000,247.730352
1482,-17.845038,-17.747134,-18.997134,-16.497134,noise,none,0.000000,-12,59.330416,273.470868,1.440000,272.030868
1483,-17.747921,-17.491422,-18.741422,-16.241422,informed,none,0.000000,-12,59.330416,272.305470,1.440000,270.865470
1484,-17.810523,-17.499464,-18.749464,-16.249464,noise,none,0.000000,-12,59.330416,273.056691,1.440000,271.616691
1485,-18.442659,-18.517878,-19.767878,-17.267878,informed,none,0.000000,-12,59.330416,280.642330,1.440000,279.202330
1486,-18.613889,-18.351644,-19.601644,-17.101644,informed,none,0.000000,-12,59.330416,282.697083,1.440000,281.257083
1487,-17.740722,-17.927252,-19.177252,-16.677252,informed,none,0.000000,-12,59.330416,272.219076,1.440000,270.779076
1488,-18.382442,-17.650346,-18.900346,-16.400346,informed,none,0.000000,-12,59.330416,279.919715,1.440000,278.479715
1489,-19.371781,-18.981643,-20.231643,-17.731643,informed,none,0.000000,-12,59.330416,291.791790,1.440000,290.351790
1490,-21.230459,-20.901771,-22.151771,-19.651771,noise,none,0.000000,-12,59.330416,314.095922,1.440000,312.655922
1491,-22.205038,-22.458273,-23.708273,-21.208273,noise,buy_from_mm,-21.208273,-13,38.122144,326.787644,1.690000,325.097644
1492,-22.156582,-21.630370,-22.880370,-20.380370,noise,buy_from_mm,-20.380370,-14,17.741773,327.933918,1.960000,325.973918
1493,-21.910193,-22.329396,-23.579396,-21.079396,noise,sell_to_mm,-23.579396,-13,41.321169,326.153672,1.690000,324.463672
1494,-22.409656,-21.912418,-23.162418,-20.662418,informed,none,0.000000,-13,41.321169,332.646694,1.690000,330.956694
1495,-21.020626,-21.724311,-22.974311,-20.474311,informed,none,0.000000,-13,41.321169,314.589304,1.690000,312.899304
1496,-21.168499,-20.949010,-22.199010,-19.699010,informed,none,0.000000,-13,41.321169,316.511662,1.690000,314.821662
1497,-21.274924,-21.044899,-22.294899,-19.794899,informed,none,0.000000,-13,41.321169,317.895178,1.690000,316.205178
1498,-21.166325,-21.789546,-23.039546,-20.539546,noise,none,0.000000,-13,41.321169,316.483393,1.690000,314.793393
1499,-22.125228,-22.101512,-23.351512,-20.851512,informed,none,0.000000,-13,41.321169,328.949138,1.690000,327.259138
1500,-21.639722,-20.734152,-21.984152,-19.484152,informed,none,0.000000,-13,41.321169,322.637557,1.690000,320.947557
1501,-20.950593,-20.931394,-22.181394,-19.681394,noise,none,0.000000,-13,41.321169,313.678872,1.690000,311.988872
1502,-21.038616,-21.008208,-22.258208,-19.758208,noise,none,0.000000,-13,41.321169,314.823180,1.690000,313.133180
1503,-22.629224,-22.200267,-23.450267,-20.950267,noise,none,0.000000,-13,41.321169,335.501084,1.690000,333.811084
1504,-24.345777,-24.305809,-25.555809,-23.055809,noise,none,0.000000,-13,41.321169,357.816275,1.690000,356.126275
1505,-24.146896,-23.784527,-25.034527,-22.534527,noise,buy_from_mm,-22.534527,-14,18.786642,356.843187,1.960000,354.883187
1506,-22.257775,-22.297457,-23.547457,-21.047457,noise,buy_from_mm,-21.047457,-15,-2.260815,331.605811,2.250000,329.355811
1507,-21.311379,-21.762324,-23.012324,-20.512324,informed,none,0.000000,-15,-2.260815,317.409874,2.250000,315.159874
1508,-22.546977,-21.917768,-23.167768,-20.667768,noise,none,0.000000,-15,-2.260815,335.943836,2.250000,333.693836
1509,-23.330122,-24.281214,-25.531214,-23.031214,noise,none,0.000000,-15,-2.260815,347.691016,2.250000,345.441016
1510,-24.549930,-25.066406,-26.316406,-23.816406,noise,sell_to_mm,-26.316406,-14,24.055591,367.754612,1.960000,365.794612
1511,-24.674813,-24.388202,-25.638202,-23.138202,informed,none,0.000000,-14,24.055591,369.502967,1.960000,367.542967
1512,-23.963776,-23.891768,-25.141768,-22.641768,noise,none,0.000000,-14,24.055591,359.548453,1.960000,357.588453
1513,-24.433503,-23.264792,-24.514792,-22.014792,informed,none,0.000000,-14,24.055591,366.124636,1.960000,364.164636
1514,-24.101197,-24.094093,-25.344093,-22.844093,informed,none,0.000000,-14,24.055591,361.472343,1.960000,359.512343
1515,-25.685651,-25.275716,-26.525716,-24.025716,noise,none,0.000000,-14,24.055591,383.654703,1.960000,381.694703
1516,-27.288235,-28.006314,-29.256314,-26.756314,noise,none,0.000000,-14,24.055591,406.090880,1.960000,404.130880
1517,-27.427504,-27.639151,-28.889151,-26.389151,noise,none,0.000000,-14,24.055591,408.040646,1.960000,406.080646
1518,-27.808982,-27.655167,-28.905167,-26.405167,noise,none,0.000000,-14,24.055591,413.381332,1.960000,411.421332
1519,-29.050740,-28.759398,-30.009398,-27.509398,noise,sell_to_mm,-30.009398,-13,54.064989,431.724612,1.690000,430.034612
1520,-29.276885,-28.516887,-29.766887,-27.266887,informed,none,0.000000,-13,54.064989,434.664499,1.690000,432.974499
1521,-31.784501,-31.905895,-33.155895,-30.655895,noise,none,0.000000,-13,54.064989,467.263498,1.690000,465.573498
1522,-30.635336,-30.019931,-31.269931,-28.769931,noise,none,0.000000,-13,54.064989,452.324356,1.690000,450.634356
1523,-30.875906,-30.464760,-31.714760,-29.214760,noise,sell_to_mm,-31.714760,-12,85.779748,456.290617,1.440000,454.850617
1524,-29.595171,-28.863949,-30.113949,-27.613949,noise,none,0.000000,-12,85.779748,440.921797,1.440000,439.481797
1525,-29.330243,-29.633361,-30.883361,-28.383361,noise,buy_from_mm,-28.383361,-13,57.396387,438.689541,1.690000,436.999541
1526,-29.271809,-28.228342,-29.478342,-26.978342,noise,sell_to_mm,-29.478342,-12,86.874730,438.136438,1.440000,436.696438
1527,-30.032604,-29.811158,-31.061158,-28.561158,noise,none,0.000000,-12,86.874730,447.265978,1.440000,445.825978
1528,-30.315289,-30.381001,-31.631001,-29.131001,informed,none,0.000000,-12,86.874730,450.658201,1.440000,449.218201
1529,-30.053031,-29.928461,-31.178461,-28.678461,noise,none,0.000000,-12,86.874730,447.511105,1.440000,446.071105
1530,-29.435775,-29.789246,-31.039246,-28.539246,informed,none,0.000000,-12,86.874730,440.104030,1.440000,438.664030
1531,-29.023571,-29.001950,-30.251950,-27.751950,informed,none,0.000000,-12,86.874730,435.157582,1.440000,433.717582
1532,-30.112909,-31.067966,-32.317966,-29.817966,noise,none,0.000000,-12,86.874730,448.229637,1.440000,446.789637
1533,-30.765293,-30.868303,-32.118303,-29.618303,noise,none,0.000000,-12,86.874730,456.058244,1.440000,454.618244
1534,-31.399700,-30.910550,-32.160550,-29.660550,noise,none,0.000000,-12,86.874730,463.671126,1.440000,462.231126
1535,-32.399288,-32.731369,-33.981369,-31.481369,noise,none,0.000000,-12,86.874730,475.666185,1.440000,474.226185
1536,-33.120537,-32.934153,-34.184153,-31.684153,noise,none,0.000000,-12,86.874730,484.321179,1.440000,482.881179
1537,-32.881885,-32.877418,-34.127418,-31.627418,noise,none,0.000000,-12,86.874730,481.457352,1.440000,480.017352
1538,-33.558253,-33.427065,-34.677065,-32.177065,noise,sell_to_mm,-34.677065,-11,121.551795,490.692577,1.210000,489.482577
1539,-34.146561,-33.762446,-35.012446,-32.512446,noise,none,0.000000,-11,121.551795,497.163961,1.210000,495.953961
1540,-34.837063,-34.543124,-35.793124,-33.293124,noise,buy_from_mm,-33.293124,-12,88.258670,506.303424,1.440000,504.863424
1541,-35.387574,-35.075587,-36.325587,-33.825587,noise,none,0.000000,-12,88.258670,512.909558,1.440000,511.469558
1542,-34.758464,-34.739841,-35.989841,-33.489841,noise,sell_to_mm,-35.989841,-11,124.248511,506.591613,1.210000,505.381613
1543,-33.972381,-34.014638,-35.264638,-32.764638,informed,none,0.000000,-11,124.248511,497.944702,1.210000,496.734702
1544,-35.749216,-35.680529,-36.930529,-34.430529,informed,none,0.000000,-11,124.248511,517.489886,1.210000,516.279886
1545,-36.589938,-36.743970,-37.993970,-35.493970,noise,none,0.000000,-11,124.248511,526.737825,1.210000,525.527825
1546,-36.469540,-36.459005,-37.709005,-35.209005,noise,none,0.000000,-11,124.248511,525.413451,1.210000,524.203451
1547,-34.912332,-34.718283,-35.968283,-33.468283,noise,sell_to_mm,-35.968283,-10,160.216794,509.340118,1.000000,508.340118
1548,-33.290736,-32.967015,-34.217015,-31.717015,noise,sell_to_mm,-34.217015,-9,194.433809,494.050434,0.810000,493.240434
1549,-33.144174,-33.553169,-34.803169,-32.303169,informed,none,0.000000,-9,194.433809,492.731375,0.810000,491.921375
1550,-33.332974,-33.176835,-34.426835,-31.926835,informed,none,0.000000,-9,194.433809,494.430573,0.810000,493.620573
1551,-33.906128,-33.353946,-34.603946,-32.103946,noise,none,0.000000,-9,194.433809,499.588958,0.810000,498.778958
1552,-33.905844,-33.529658,-34.779658,-32.279658,noise,buy_from_mm,-32.279658,-10,162.154151,501.212594,1.000000,500.212594
1553,-33.833446,-34.308992,-35.558992,-33.058992,informed,none,0.000000,-10,162.154151,500.488607,1.000000,499.488607
1554,-34.290873,-34.635329,-35.885329,-33.385329,noise,none,0.000000,-10,162.154151,505.062885,1.000000,504.062885
1555,-33.666098,-33.721315,-34.971315,-32.471315,noise,none,0.000000,-10,162.154151,498.815132,1.000000,497.815132
1556,-34.711598,-34.819301,-36.069301,-33.569301,noise,sell_to_mm,-36.069301,-9,198.223453,510.627837,0.810000,509.817837
1557,-34.550596,-35.333312,-36.583312,-34.083312,noise,buy_from_mm,-34.083312,-10,164.140140,509.646101,1.000000,508.646101
1558,-34.212398,-34.193797,-35.443797,-32.943797,noise,none,0.000000,-10,164.140140,506.264117,1.000000,505.264117
1559,-33.449278,-33.381113,-34.631113,-32.131113,noise,none,0.000000,-10,164.140140,498.632917,1.000000,497.632917
1560,-32.956138,-33.714536,-34.964536,-32.464536,informed,none,0.000000,-10,164.140140,493.701525,1.000000,492.701525
1561,-33.405060,-33.125466,-34.375466,-31.875466,informed,none,0.000000,-10,164.140140,498.190738,1.000000,497.190738
1562,-33.815012,-33.537843,-34.787843,-32.287843,informed,none,0.000000,-10,164.140140,502.290264,1.000000,501.290264
1563,-35.037096,-34.874128,-36.124128,-33.624128,informed,none,0.000000,-10,164.140140,514.511102,1.000000,513.511102
1564,-34.479336,-34.175145,-35.425145,-32.925145,informed,none,0.000000,-10,164.140140,508.933498,1.000000,507.933498
1565,-34.364009,-33.234013,-34.484013,-31.984013,noise,sell_to_mm,-34.484013,-9,198.624153,507.900236,0.810000,507.090236
1566,-35.226491,-34.442005,-35.692005,-33.192005,noise,none,0.000000,-9,198.624153,515.662574,0.810000,514.852574
1567,-36.091095,-36.306211,-37.556211,-35.056211,informed,none,0.000000,-9,198.624153,523.444009,0.810000,522.634009
1568,-38.564593,-39.011065,-40.261065,-37.761065,noise,none,0.000000,-9,198.624153,545.705490,0.810000,544.895490
1569,-38.126670,-38.336395,-39.586395,-37.086395,noise,none,0.000000,-9,198.624153,541.764183,0.810000,540.954183
1570,-37.826936,-37.099347,-38.349347,-35.849347,informed,none,0.000000,-9,198.624153,539.066577,0.810000,538.256577
1571,-37.583210,-37.330982,-38.580982,-36.080982,noise,none,0.000000,-9,198.624153,536.873041,0.810000,536.063041
1572,-38.767525,-38.792922,-40.042922,-37.542922,noise,sell_to_mm,-40.042922,-8,238.667076,548.807279,0.640000,548.167279
1573,-38.430013,-38.941774,-40.191774,-37.691774,noise,none,0.000000,-8,238.667076,546.107178,0.640000,545.467178
1574,-38.542531,-38.365977,-39.615977,-37.115977,noise,none,0.000000,-8,238.667076,547.007321,0.640000,546.367321
1575,-37.772799,-37.794318,-39.044318,-36.544318,noise,none,0.000000,-8,238.667076,540.849467,0.640000,540.209467
1576,-38.074538,-38.185969,-39.435969,-36.935969,noise,none,0.000000,-8,238.667076,543.263376,0.640000,542.623376
1577,-39.197759,-39.375693,-40.625693,-38.125693,noise,sell_to_mm,-40.625693,-7,279.292769,553.677079,0.490000,553.187079
1578,-38.060444,-38.844307,-40.094307,-37.594307,informed,none,0.000000,-7,279.292769,545.715874,0.490000,545.225874
1579,-38.756098,-38.058802,-39.308802,-36.808802,noise,sell_to_mm,-39.308802,-6,318.601571,551.138158,0.360000,550.778158
1580,-37.578043,-37.152250,-38.402250,-35.902250,informed,none,0.000000,-6,318.601571,544.069829,0.360000,543.709829
1581,-38.295822,-38.773836,-40.023836,-37.523836,noise,none,0.000000,-6,318.601571,548.376504,0.360000,548.016504
1582,-37.333428,-37.191095,-38.441095,-35.941095,informed,none,0.000000,-6,318.601571,542.602141,0.360000,542.242141
1583,-36.704180,-36.903849,-38.153849,-35.653849,informed,none,0.000000,-6,318.601571,538.826653,0.360000,538.466653
1584,-35.653242,-35.202178,-36.452178,-33.952178,noise,sell_to_mm,-36.452178,-5,355.053749,533.319961,0.250000,533.069961
1585,-36.017818,-36.219077,-37.469077,-34.969077,noise,none,0.000000,-5,355.053749,535.142840,0.250000,534.892840
1586,-35.770612,-35.723504,-36.973504,-34.473504,informed,none,0.000000,-5,355.053749,533.906810,0.250000,533.656810
1587,-35.572571,-35.460632,-36.710632,-34.210632,noise,sell_to_mm,-36.710632,-4,391.764381,534.054666,0.160000,533.894666
1588,-35.649490,-35.819524,-37.069524,-34.569524,noise,none,0.000000,-4,391.764381,534.362339,0.160000,534.202339
1589,-34.415528,-33.730446,-34.980446,-32.480446,noise,sell_to_mm,-34.980446,-3,426.744827,529.991411,0.090000,529.901411
1590,-35.110159,-35.945138,-37.195138,-34.695138,informed,none,0.000000,-3,426.744827,532.075305,0.090000,531.985305
1591,-33.708381,-34.563649,-35.813649,-33.313649,informed,none,0.000000,-3,426.744827,527.869969,0.090000,527.779969
1592,-33.811255,-33.657708,-34.907708,-32.407708,informed,none,0.000000,-3,426.744827,528.178592,0.090000,528.088592
1593,-34.211559,-34.572598,-35.822598,-33.322598,informed,none,0.000000,-3,426.744827,529.379503,0.090000,529.289503
1594,-33.704999,-33.772276,-35.022276,-32.522276,informed,none,0.000000,-3,426.744827,527.859825,0.090000,527.769825
1595,-33.593179,-33.330316,-34.580316,-32.080316,noise,none,0.000000,-3,426.744827,527.524364,0.090000,527.434364
1596,-32.759144,-32.806374,-34.056374,-31.556374,noise,none,0.000000,-3,426.744827,525.022258,0.090000,524.932258
1597,-33.603463,-34.089009,-35.339009,-32.839009,noise,none,0.000000,-3,426.744827,527.555214,0.090000,527.465214
1598,-33.473606,-33.635580,-34.885580,-32.385580,informed,none,0.000000,-3,426.744827,527.165645,0.090000,527.075645
1599,-32.548992,-32.831528,-34.081528,-31.581528,informed,none,0.000000,-3,426.744827,524.391802,0.090000,524.301802
1600,-32.416429,-32.688823,-33.938823,-31.438823,informed,none,0.000000,-3,426.744827,523.994114,0.090000,523.904114
1601,-32.263967,-31.856123,-33.106123,-30.606123,informed,none,0.000000,-3,426.744827,523.536728,0.090000,523.446728
1602,-32.880851,-32.027657,-33.277657,-30.777657,informed,none,0.000000,-3,426.744827,525.387379,0.090000,525.297379
1603,-32.058354,-32.622840,-33.872840,-31.372840,noise,none,0.000000,-3,426.744827,522.919888,0.090000,522.829888
1604,-33.437213,-33.705290,-34.955290,-32.455290,noise,sell_to_mm,-34.955290,-2,461.700117,528.574543,0.040000,528.534543
1605,-33.271437,-33.668863,-34.918863,-32.418863,informed,none,0.000000,-2,461.700117,528.242991,0.040000,528.202991
1606,-33.230880,-33.625940,-34.875940,-32.375940,noise,none,0.000000,-2,461.700117,528.161876,0.040000,528.121876
1607,-29.559254,-29.443950,-30.693950,-28.193950,noise,none,0.000000,-2,461.700117,520.818624,0.040000,520.778624
1608,-30.025675,-29.842837,-31.092837,-28.592837,informed,none,0.000000,-2,461.700117,521.751467,0.040000,521.711467
1609,-28.709651,-28.810932,-30.060932,-27.560932,informed,none,0.000000,-2,461.700117,519.119419,0.040000,519.079419
1610,-28.862853,-29.191931,-30.441931,-27.941931,noise,buy_from_mm,-27.941931,-3,433.758186,520.346744,0.090000,520.256744
1611,-29.888248,-30.971386,-32.221386,-29.721386,noise,none,0.000000,-3,433.758186,523.422929,0.090000,523.332929
1612,-30.798249,-31.132315,-32.382315,-29.882315,noise,none,0.000000,-3,433.758186,526.152934,0.090000,526.062934
1613,-32.843517,-32.717683,-33.967683,-31.467683,noise,none,0.000000,-3,433.758186,532.288738,0.090000,532.198738
1614,-31.594339,-32.422791,-33.672791,-31.172791,noise,none,0.000000,-3,433.758186,528.541204,0.090000,528.451204
1615,-31.004122,-31.620521,-32.870521,-30.370521,noise,sell_to_mm,-32.870521,-2,466.628707,528.636952,0.040000,528.596952
1616,-28.723350,-28.675936,-29.925936,-27.425936,informed,none,0.000000,-2,466.628707,524.075408,0.040000,524.035408
1617,-27.775357,-27.505521,-28.755521,-26.255521,informed,none,0.000000,-2,466.628707,522.179422,0.040000,522.139422
1618,-28.412635,-28.494165,-29.744165,-27.244165,noise,none,0.000000,-2,466.628707,523.453976,0.040000,523.413976
1619,-29.525874,-29.911127,-31.161127,-28.661127,noise,none,0.000000,-2,466.628707,525.680455,0.040000,525.640455
1620,-30.078656,-29.477310,-30.727310,-28.227310,noise,none,0.000000,-2,466.628707,526.786018,0.040000,526.746018
1621,-29.039906,-28.905462,-30.155462,-27.655462,informed,none,0.000000,-2,466.628707,524.708519,0.040000,524.668519
1622,-30.599499,-30.460609,-31.710609,-29.210609,noise,buy_from_mm,-29.210609,-3,437.418098,529.216596,0.090000,529.126596
1623,-31.709015,-30.865200,-32.115200,-29.615200,noise,none,0.000000,-3,437.418098,532.545145,0.090000,532.455145
1624,-32.228382,-32.685035,-33.935035,-31.435035,noise,none,0.000000,-3,437.418098,534.103246,0.090000,534.013246
1625,-29.965917,-29.701841,-30.951841,-28.451841,noise,none,0.000000,-3,437.418098,527.315849,0.090000,527.225849
1626,-28.950574,-29.490082,-30.740082,-28.240082,noise,none,0.000000,-3,437.418098,524.269821,0.090000,524.179821
1627,-27.954831,-28.271725,-29.521725,-27.021725,informed,none,0.000000,-3,437.418098,521.282591,0.090000,521.192591
1628,-28.365344,-28.380074,-29.630074,-27.130074,noise,sell_to_mm,-29.630074,-2,467.048172,523.778859,0.040000,523.738859
1629,-29.081554,-29.008447,-30.258447,-27.758447,noise,sell_to_mm,-30.258447,-1,497.306619,526.388173,0.010000,526.378173
1630,-28.374735,-28.347031,-29.597031,-27.097031,informed,none,0.000000,-1,497.306619,525.681354,0.010000,525.671354
1631,-26.964195,-26.763114,-28.013114,-25.513114,informed,none,0.000000,-1,497.306619,524.270814,0.010000,524.260814
1632,-27.086907,-26.544061,-27.794061,-25.294061,noise,none,0.000000,-1,497.306619,524.393526,0.010000,524.383526
1633,-28.971152,-28.294806,-29.544806,-27.044806,noise,none,0.000000,-1,497.306619,526.277771,0.010000,526.267771
1634,-28.080636,-27.751581,-29.001581,-26.501581,noise,none,0.000000,-1,497.306619,525.387255,0.010000,525.377255
1635,-26.963939,-27.227565,-28.477565,-25.977565,informed,none,0.000000,-1,497.306619,524.270558,0.010000,524.260558
1636,-26.516625,-27.284301,-28.534301,-26.034301,noise,none,0.000000,-1,497.306619,523.823244,0.010000,523.813244
1637,-26.859686,-25.847912,-27.097912,-24.597912,noise,none,0.000000,-1,497.306619,524.166305,0.010000,524.156305
1638,-26.350654,-27.408325,-28.658325,-26.158325,noise,none,0.000000,-1,497.306619,523.657273,0.010000,523.647273
1639,-25.274202,-25.378148,-26.628148,-24.128148,noise,none,0.000000,-1,497.306619,522.580821,0.010000,522.570821
1640,-25.525703,-24.560457,-25.810457,-23.310457,noise,buy_from_mm,-23.310457,-2,473.996162,525.047569,0.040000,525.007569
1641,-25.359711,-25.587834,-26.837834,-24.337834,informed,none,0.000000,-2,473.996162,524.715584,0.040000,524.675584
1642,-26.055919,-26.563089,-27.813089,-25.313089,informed,none,0.000000,-2,473.996162,526.108001,0.040000,526.068001
1643,-25.874597,-25.671593,-26.921593,-24.421593,noise,none,0.000000,-2,473.996162,525.745357,0.040000,525.705357
1644,-25.181403,-25.079628,-26.329628,-23.829628,noise,none,0.000000,-2,473.996162,524.358967,0.040000,524.318967
1645,-26.429449,-25.958753,-27.208753,-24.708753,noise,sell_to_mm,-27.208753,-1,501.204915,527.634364,0.010000,527.624364
1646,-25.840838,-26.324888,-27.574888,-25.074888,noise,none,0.000000,-1,501.204915,527.045753,0.010000,527.035753
1647,-26.753042,-26.896512,-28.146512,-25.646512,informed,none,0.000000,-1,501.204915,527.957957,0.010000,527.947957
1648,-24.441238,-24.450037,-25.700037,-23.200037,informed,none,0.000000,-1,501.204915,525.646153,0.010000,525.636153
1649,-22.250497,-21.996655,-23.246655,-20.746655,noise,none,0.000000,-1,501.204915,523.455412,0.010000,523.445412
1650,-20.733500,-20.668447,-21.918447,-19.418447,informed,none,0.000000,-1,501.204915,521.938415,0.010000,521.928415
1651,-21.704718,-21.878609,-23.128609,-20.628609,noise,none,0.000000,-1,501.204915,522.909633,0.010000,522.899633
1652,-21.998105,-22.248108,-23.498108,-20.998108,noise,none,0.000000,-1,501.204915,523.203020,0.010000,523.193020
1653,-21.210467,-21.113246,-22.363246,-19.863246,noise,none,0.000000,-1,501.204915,522.415383,0.010000,522.405383
1654,-19.662780,-18.936997,-20.186997,-17.686997,informed,none,0.000000,-1,501.204915,520.867695,0.010000,520.857695
1655,-19.696285,-20.009931,-21.259931,-18.759931,informed,none,0.000000,-1,501.204915,520.901200,0.010000,520.891200
1656,-19.628626,-19.297734,-20.547734,-18.047734,informed,none,0.000000,-1,501.204915,520.833541,0.010000,520.823541
1657,-20.245967,-19.897420,-21.147420,-18.647420,noise,buy_from_mm,-18.647420,-2,482.557495,523.049429,0.040000,523.009429
1658,-20.130777,-20.458851,-21.708851,-19.208851,noise,none,0.000000,-2,482.557495,522.819049,0.040000,522.779049
1659,-20.797094,-20.082668,-21.332668,-18.832668,noise,buy_from_mm,-18.832668,-3,463.724827,526.116109,0.090000,526.026109
1660,-19.039938,-18.983162,-20.233162,-17.733162,noise,buy_from_mm,-17.733162,-4,445.991666,522.151418,0.160000,521.991418
1661,-21.180349,-20.738212,-21.988212,-19.488212,informed,none,0.000000,-4,445.991666,530.713063,0.160000,530.553063
1662,-19.788044,-19.583298,-20.833298,-18.333298,noise,none,0.000000,-4,445.991666,525.143840,0.160000,524.983840
1663,-19.089858,-19.321910,-20.571910,-18.071910,informed,none,0.000000,-4,445.991666,522.351099,0.160000,522.191099
1664,-19.550157,-19.951214,-21.201214,-18.701214,informed,none,0.000000,-4,445.991666,524.192295,0.160000,524.032295
1665,-20.303684,-21.273358,-22.523358,-20.023358,noise,none,0.000000,-4,445.991666,527.206403,0.160000,527.046403
1666,-19.133857,-19.986552,-21.236552,-18.736552,noise,none,0.000000,-4,445.991666,522.527092,0.160000,522.367092
1667,-19.722236,-19.813329,-21.063329,-18.563329,noise,none,0.000000,-4,445.991666,524.880610,0.160000,524.720610
1668,-19.082284,-19.408677,-20.658677,-18.158677,informed,none,0.000000,-4,445.991666,522.320801,0.160000,522.160801
1669,-20.825228,-20.842530,-22.092530,-19.592530,informed,none,0.000000,-4,445.991666,529.292578,0.160000,529.132578
1670,-21.181557,-21.374842,-22.624842,-20.124842,noise,sell_to_mm,-22.624842,-3,468.616508,532.161180,0.090000,532.071180
1671,-19.877286,-19.602304,-20.852304,-18.352304,informed,none,0.000000,-3,468.616508,528.248366,0.090000,528.158366
1672,-20.115682,-20.483937,-21.733937,-19.233937,noise,buy_from_mm,-19.233937,-4,449.382571,529.845299,0.160000,529.685299
1673,-21.256156,-21.023180,-22.273180,-19.773180,noise,none,0.000000,-4,449.382571,534.407194,0.160000,534.247194
1674,-20.633287,-18.888184,-20.138184,-17.638184,informed,sell_to_mm,-20.138184,-3,469.520755,531.420617,0.090000,531.330617
1675,-19.128497,-18.740102,-19.990102,-17.490102,noise,none,0.000000,-3,469.520755,526.906245,0.090000,526.816245
1676,-19.272453,-19.976645,-21.226645,-18.726645,noise,none,0.000000,-3,469.520755,527.338115,0.090000,527.248115
1677,-16.797916,-16.414686,-17.664686,-15.164686,informed,none,0.000000,-3,469.520755,519.914504,0.090000,519.824504
1678,-15.897396,-16.905605,-18.155605,-15.655605,informed,none,0.000000,-3,469.520755,517.212943,0.090000,517.122943
1679,-15.098398,-14.696273,-15.946273,-13.446273,noise,sell_to_mm,-15.946273,-2,485.467028,515.663825,0.040000,515.623825
1680,-15.514126,-14.206226,-15.456226,-12.956226,informed,sell_to_mm,-15.456226,-1,500.923254,516.437380,0.010000,516.427380
1681,-15.985684,-16.394622,-17.644622,-15.144622,noise,buy_from_mm,-15.144622,-2,485.778632,517.750001,0.040000,517.710001
1682,-15.084780,-15.076685,-16.326685,-13.826685,informed,none,0.000000,-2,485.778632,515.948193,0.040000,515.908193
1683,-14.747400,-15.371361,-16.621361,-14.121361,informed,none,0.000000,-2,485.778632,515.273431,0.040000,515.233431
1684,-13.804980,-13.839965,-15.089965,-12.589965,informed,none,0.000000,-2,485.778632,513.388592,0.040000,513.348592
1685,-12.901083,-13.273214,-14.523214,-12.023214,noise,none,0.000000,-2,485.778632,511.580798,0.040000,511.540798
1686,-13.721624,-12.956316,-14.206316,-11.706316,noise,none,0.000000,-2,485.778632,513.221881,0.040000,513.181881
1687,-15.529681,-15.514434,-16.764434,-14.264434,noise,sell_to_mm,-16.764434,-1,502.543066,518.072748,0.010000,518.062748
1688,-13.884864,-13.812538,-15.062538,-12.562538,noise,sell_to_mm,-15.062538,0,517.605604,517.605604,0.000000,517.605604
1689,-14.504307,-14.825328,-16.075328,-13.575328,noise,none,0.000000,0,517.605604,517.605604,0.000000,517.605604
1690,-16.437207,-15.945442,-17.195442,-14.695442,noise,none,0.000000,0,517.605604,517.605604,0.000000,517.605604
1691,-17.578813,-18.390708,-19.640708,-17.140708,informed,none,0.000000,0,517.605604,517.605604,0.000000,517.605604
1692,-16.410307,-16.254807,-17.504807,-15.004807,noise,sell_to_mm,-17.504807,1,535.110411,518.700104,0.010000,518.690104
1693,-17.942531,-17.663468,-18.913468,-16.413468,informed,none,0.000000,1,535.110411,517.167880,0.010000,517.157880
1694,-16.882668,-16.556014,-17.806014,-15.306014,noise,none,0.000000,1,535.110411,518.227743,0.010000,518.217743
1695,-17.512694,-17.321679,-18.571679,-16.071679,noise,buy_from_mm,-16.071679,0,519.038733,519.038733,0.000000,519.038733
1696,-18.156131,-17.582089,-18.832089,-16.332089,noise,none,0.000000,0,519.038733,519.038733,0.000000,519.038733
1697,-18.034721,-17.400742,-18.650742,-16.150742,informed,none,0.000000,0,519.038733,519.038733,0.000000,519.038733
1698,-19.170870,-18.643754,-19.893754,-17.393754,noise,sell_to_mm,-19.893754,1,538.932486,519.761616,0.010000,519.751616
1699,-20.009302,-20.451332,-21.701332,-19.201332,noise,none,0.000000,1,538.932486,518.923185,0.010000,518.913185
1700,-19.611325,-19.148829,-20.398829,-17.898829,informed,none,0.000000,1,538.932486,519.321161,0.010000,519.311161
1701,-20.421763,-20.521977,-21.771977,-19.271977,noise,buy_from_mm,-19.271977,0,519.660509,519.660509,0.000000,519.660509
1702,-22.492919,-22.835297,-24.085297,-21.585297,noise,sell_to_mm,-24.085297,1,543.745807,521.252888,0.010000,521.242888
1703,-20.669464,-21.680024,-22.930024,-20.430024,noise,none,0.000000,1,543.745807,523.076343,0.010000,523.066343
1704,-21.695148,-21.642389,-22.892389,-20.392389,noise,sell_to_mm,-22.892389,2,566.638195,523.247900,0.040000,523.207900
1705,-22.470593,-23.407122,-24.657122,-22.157122,noise,none,0.000000,2,566.638195,521.697010,0.040000,521.657010
1706,-24.023686,-24.416773,-25.666773,-23.166773,informed,none,0.000000,2,566.638195,518.590824,0.040000,518.550824
1707,-23.593785,-23.754978,-25.004978,-22.504978,noise,none,0.000000,2,566.638195,519.450625,0.040000,519.410625
1708,-23.048413,-23.034890,-24.284890,-21.784890,informed,none,0.000000,2,566.638195,520.541370,0.040000,520.501370
1709,-22.361643,-21.817785,-23.067785,-20.567785,noise,sell_to_mm,-23.067785,3,589.705980,522.621052,0.090000,522.531052
1710,-22.619480,-22.397007,-23.647007,-21.147007,noise,none,0.000000,3,589.705980,521.847541,0.090000,521.757541
1711,-22.044618,-21.988875,-23.238875,-20.738875,noise,none,0.000000,3,589.705980,523.572127,0.090000,523.482127
1712,-20.656285,-20.477931,-21.727931,-19.227931,noise,none,0.000000,3,589.705980,527.737124,0.090000,527.647124
1713,-21.741414,-20.814396,-22.064396,-19.564396,informed,none,0.000000,3,589.705980,524.481738,0.090000,524.391738
1714,-22.757153,-22.140709,-23.390709,-20.890709,informed,none,0.000000,3,589.705980,521.434520,0.090000,521.344520
1715,-22.733505,-22.725846,-23.975846,-21.475846,noise,buy_from_mm,-21.475846,2,568.230134,522.763124,0.040000,522.723124
1716,-22.354352,-22.300423,-23.550423,-21.050423,informed,none,0.000000,2,568.230134,523.521430,0.040000,523.481430
1717,-22.097123,-21.930388,-23.180388,-20.680388,informed,none,0.000000,2,568.230134,524.035888,0.040000,523.995888
1718,-22.919552,-23.153579,-24.403579,-21.903579,informed,none,0.000000,2,568.230134,522.391030,0.040000,522.351030
1719,-24.180948,-24.570785,-25.820785,-23.320785,noise,none,0.000000,2,568.230134,519.868238,0.040000,519.828238
1720,-25.230269,-25.464242,-26.714242,-24.214242,informed,none,0.000000,2,568.230134,517.769595,0.040000,517.729595
1721,-23.570840,-23.925656,-25.175656,-22.675656,noise,none,0.000000,2,568.230134,521.088453,0.040000,521.048453
1722,-21.617864,-21.461290,-22.711290,-20.211290,informed,none,0.000000,2,568.230134,524.994406,0.040000,524.954406
1723,-21.932944,-21.746498,-22.996498,-20.496498,noise,none,0.000000,2,568.230134,524.364246,0.040000,524.324246
1724,-23.945709,-23.599541,-24.849541,-22.349541,informed,none,0.000000,2,568.230134,520.338715,0.040000,520.298715
1725,-24.621835,-24.309156,-25.559156,-23.059156,informed,none,0.000000,2,568.230134,518.986463,0.040000,518.946463
1726,-24.102590,-24.289328,-25.539328,-23.039328,noise,none,0.000000,2,568.230134,520.024954,0.040000,519.984954
1727,-22.793139,-22.569481,-23.819481,-21.319481,informed,none,0.000000,2,568.230134,522.643857,0.040000,522.603857
1728,-23.078144,-22.434103,-23.684103,-21.184103,informed,none,0.000000,2,568.230134,522.073847,0.040000,522.033847
1729,-23.668025,-23.900587,-25.150587,-22.650587,noise,none,0.000000,2,568.230134,520.894084,0.040000,520.854084
1730,-24.701482,-24.392741,-25.642741,-23.142741,informed,none,0.000000,2,568.230134,518.827170,0.040000,518.787170
1731,-24.837101,-24.533428,-25.783428,-23.283428,informed,none,0.000000,2,568.230134,518.555932,0.040000,518.515932
1732,-23.947349,-23.567692,-24.817692,-22.317692,noise,sell_to_mm,-24.817692,3,593.047826,521.205780,0.090000,521.115780
1733,-24.131818,-24.480295,-25.730295,-23.230295,noise,none,0.000000,3,593.047826,520.652371,0.090000,520.562371
1734,-23.896706,-24.748013,-25.998013,-23.498013,noise,none,0.000000,3,593.047826,521.357707,0.090000,521.267707
1735,-21.737354,-21.620777,-22.870777,-20.370777,noise,sell_to_mm,-22.870777,4,615.918603,528.969186,0.160000,528.809186
1736,-21.964256,-22.253613,-23.503613,-21.003613,noise,none,0.000000,4,615.918603,528.061581,0.160000,527.901581
1737,-23.009340,-23.076325,-24.326325,-21.826325,noise,none,0.000000,4,615.918603,523.881245,0.160000,523.721245
1738,-23.317928,-23.014722,-24.264722,-21.764722,noise,none,0.000000,4,615.918603,522.646889,0.160000,522.486889
1739,-23.593890,-23.382263,-24.632263,-22.132263,informed,none,0.000000,4,615.918603,521.543044,0.160000,521.383044
1740,-22.593847,-21.652422,-22.902422,-20.402422,informed,none,0.000000,4,615.918603,525.543217,0.160000,525.383217
1741,-23.553050,-24.608103,-25.858103,-23.358103,informed,none,0.000000,4,615.918603,521.706401,0.160000,521.546401
1742,-23.641203,-23.986713,-25.236713,-22.736713,informed,none,0.000000,4,615.918603,521.353790,0.160000,521.193790
1743,-23.952376,-23.983203,-25.233203,-22.733203,informed,none,0.000000,4,615.918603,520.109100,0.160000,519.949100
1744,-24.492670,-24.275042,-25.525042,-23.025042,noise,none,0.000000,4,615.918603,517.947922,0.160000,517.787922
1745,-26.196339,-25.985328,-27.235328,-24.735328,informed,none,0.000000,4,615.918603,511.133249,0.160000,510.973249
1746,-28.577163,-29.415389,-30.665389,-28.165389,informed,none,0.000000,4,615.918603,501.609951,0.160000,501.449951
1747,-28.425004,-27.786143,-29.036143,-26.536143,noise,none,0.000000,4,615.918603,502.218587,0.160000,502.058587
1748,-28.146850,-28.720184,-29.970184,-27.470184,noise,none,0.000000,4,615.918603,503.331202,0.160000,503.171202
1749,-28.414216,-28.892809,-30.142809,-27.642809,informed,none,0.000000,4,615.918603,502.261738,0.160000,502.101738
1750,-27.434020,-27.488824,-28.738824,-26.238824,noise,buy_from_mm,-26.238824,3,589.679779,507.377718,0.090000,507.287718
1751,-28.929271,-27.835809,-29.085809,-26.585809,informed,none,0.000000,3,589.679779,502.891966,0.090000,502.801966
1752,-28.818415,-28.884911,-30.134911,-27.634911,informed,none,0.000000,3,589.679779,503.224534,0.090000,503.134534
1753,-28.710949,-28.899953,-30.149953,-27.649953,noise,none,0.000000,3,589.679779,503.546934,0.090000,503.456934
1754,-29.352729,-30.267316,-31.517316,-29.017316,informed,none,0.000000,3,589.679779,501.621592,0.090000,501.531592
1755,-30.165250,-30.537051,-31.787051,-29.287051,noise,none,0.000000,3,589.679779,499.184029,0.090000,499.094029
1756,-29.589068,-29.991270,-31.241270,-28.741270,noise,none,0.000000,3,589.679779,500.912575,0.090000,500.822575
1757,-28.652851,-28.377217,-29.627217,-27.127217,noise,none,0.000000,3,589.679779,503.721226,0.090000,503.631226
1758,-29.094584,-29.120784,-30.370784,-27.870784,noise,none,0.000000,3,589.679779,502.396026,0.090000,502.306026
1759,-30.387873,-30.517253,-31.767253,-29.267253,informed,none,0.000000,3,589.679779,498.516162,0.090000,498.426162
1760,-30.814871,-30.069448,-31.319448,-28.819448,informed,none,0.000000,3,589.679779,497.235167,0.090000,497.145167
1761,-31.024718,-31.385777,-32.635777,-30.135777,noise,none,0.000000,3,589.679779,496.605624,0.090000,496.515624
1762,-31.534997,-31.738235,-32.988235,-30.488235,informed,none,0.000000,3,589.679779,495.074790,0.090000,494.984790
1763,-31.761313,-31.524833,-32.774833,-30.274833,noise,sell_to_mm,-32.774833,4,622.454612,495.409362,0.160000,495.249362
1764,-32.243214,-32.933349,-34.183349,-31.683349,noise,none,0.000000,4,622.454612,493.481756,0.160000,493.321756
1765,-33.177804,-33.452012,-34.702012,-32.202012,informed,none,0.000000,4,622.454612,489.743398,0.160000,489.583398
1766,-34.376475,-33.360791,-34.610791,-32.110791,noise,none,0.000000,4,622.454612,484.948712,0.160000,484.788712
1767,-34.013394,-34.648508,-35.898508,-33.398508,noise,sell_to_mm,-35.898508,5,658.353120,488.286149,0.250000,488.036149
1768,-34.665230,-35.125253,-36.375253,-33.875253,noise,none,0.000000,5,658.353120,485.026973,0.250000,484.776973
1769,-33.933099,-33.396822,-34.646822,-32.146822,noise,none,0.000000,5,658.353120,488.687623,0.250000,488.437623
1770,-33.494087,-33.510791,-34.760791,-32.260791,noise,none,0.000000,5,658.353120,490.882686,0.250000,490.632686
1771,-33.578160,-33.029136,-34.279136,-31.779136,informed,none,0.000000,5,658.353120,490.462318,0.250000,490.212318
1772,-33.536997,-33.864676,-35.114676,-32.614676,noise,none,0.000000,5,658.353120,490.668134,0.250000,490.418134
1773,-32.506473,-32.639997,-33.889997,-31.389997,informed,none,0.000000,5,658.353120,495.820753,0.250000,495.570753
1774,-33.453689,-33.600143,-34.850143,-32.350143,noise,none,0.000000,5,658.353120,491.084677,0.250000,490.834677
1775,-33.995173,-34.704553,-35.954553,-33.454553,informed,none,0.000000,5,658.353120,488.377254,0.250000,488.127254
1776,-34.067857,-35.030702,-36.280702,-33.780702,noise,sell_to_mm,-36.280702,6,694.633822,490.226681,0.360000,489.866681
1777,-35.460417,-35.790652,-37.040652,-34.540652,noise,sell_to_mm,-37.040652,7,731.674473,483.451557,0.490000,482.961557
1778,-35.479185,-36.173937,-37.423937,-34.923937,noise,none,0.000000,7,731.674473,483.320179,0.490000,482.830179
1779,-36.372387,-36.674754,-37.924754,-35.424754,informed,none,0.000000,7,731.674473,477.067768,0.490000,476.577768
1780,-35.526758,-34.704195,-35.954195,-33.454195,informed,none,0.000000,7,731.674473,482.987166,0.490000,482.497166
1781,-34.970683,-35.375770,-36.625770,-34.125770,noise,none,0.000000,7,731.674473,486.879691,0.490000,486.389691
1782,-36.256792,-35.835735,-37.085735,-34.585735,informed,none,0.000000,7,731.674473,477.876933,0.490000,477.386933
1783,-37.228736,-36.748233,-37.998233,-35.498233,informed,none,0.000000,7,731.674473,471.073322,0.490000,470.583322
1784,-37.262788,-38.109073,-39.359073,-36.859073,noise,none,0.000000,7,731.674473,470.834960,0.490000,470.344960
1785,-36.468642,-36.053959,-37.303959,-34.803959,informed,none,0.000000,7,731.674473,476.393979,0.490000,475.903979
1786,-38.923620,-38.263204,-39.513204,-37.013204,informed,none,0.000000,7,731.674473,459.209133,0.490000,458.719133
1787,-40.412396,-40.910382,-42.160382,-39.660382,informed,none,0.000000,7,731.674473,448.787700,0.490000,448.297700
1788,-39.517068,-39.949758,-41.199758,-38.699758,noise,none,0.000000,7,731.674473,455.054995,0.490000,454.564995
1789,-39.132115,-38.620542,-39.870542,-37.370542,noise,none,0.000000,7,731.674473,457.749667,0.490000,457.259667
1790,-39.357325,-38.823948,-40.073948,-37.573948,noise,none,0.000000,7,731.674473,456.173196,0.490000,455.683196
1791,-39.782560,-40.149162,-41.399162,-38.899162,noise,none,0.000000,7,731.674473,453.196554,0.490000,452.706554
1792,-39.969852,-39.633540,-40.883540,-38.383540,informed,none,0.000000,7,731.674473,451.885509,0.490000,451.395509
1793,-41.029708,-40.743990,-41.993990,-39.493990,noise,none,0.000000,7,731.674473,444.466521,0.490000,443.976521
1794,-40.934582,-41.590482,-42.840482,-40.340482,informed,none,0.000000,7,731.674473,445.132402,0.490000,444.642402
1795,-39.476844,-39.756329,-41.006329,-38.506329,noise,none,0.000000,7,731.674473,455.336563,0.490000,454.846563
1796,-39.386715,-38.200346,-39.450346,-36.950346,informed,none,0.000000,7,731.674473,455.967470,0.490000,455.477470
1797,-41.591968,-42.022018,-43.272018,-40.772018,noise,none,0.000000,7,731.674473,440.530696,0.490000,440.040696
1798,-41.357897,-41.690314,-42.940314,-40.440314,noise,none,0.000000,7,731.674473,442.169196,0.490000,441.679196
1799,-42.124654,-42.327951,-43.577951,-41.077951,noise,none,0.000000,7,731.674473,436.801898,0.490000,436.311898
1800,-41.614654,-42.052852,-43.302852,-40.802852,informed,none,0.000000,7,731.674473,440.371898,0.490000,439.881898
1801,-42.791784,-43.367049,-44.617049,-42.117049,noise,sell_to_mm,-44.617049,8,776.291522,433.957251,0.640000,433.317251
1802,-44.357756,-44.273422,-45.523422,-43.023422,noise,none,0.000000,8,776.291522,421.429474,0.640000,420.789474
1803,-44.525209,-44.992627,-46.242627,-43.742627,noise,none,0.000000,8,776.291522,420.089851,0.640000,419.449851
1804,-42.437124,-42.693609,-43.943609,-41.443609,informed,none,0.000000,8,776.291522,436.794534,0.640000,436.154534
1805,-41.218790,-40.700283,-41.950283,-39.450283,informed,none,0.000000,8,776.291522,446.541206,0.640000,445.901206
1806,-41.838240,-42.388034,-43.638034,-41.138034,noise,sell_to_mm,-43.638034,9,819.929556,443.385398,0.810000,442.575398
1807,-42.517787,-41.940254,-43.190254,-40.690254,noise,sell_to_mm,-43.190254,10,863.119810,437.941944,1.000000,436.941944
1808,-43.339708,-42.383440,-43.633440,-41.133440,noise,none,0.000000,10,863.119810,429.722732,1.000000,428.722732
1809,-44.757127,-44.662830,-45.912830,-43.412830,informed,none,0.000000,10,863.119810,415.548537,1.000000,414.548537
1810,-42.867897,-42.720184,-43.970184,-41.470184,noise,none,0.000000,10,863.119810,434.440843,1.000000,433.440843
1811,-44.736800,-43.938252,-45.188252,-42.688252,informed,none,0.000000,10,863.119810,415.751808,1.000000,414.751808
1812,-43.487193,-42.634111,-43.884111,-41.384111,noise,sell_to_mm,-43.884111,11,907.003921,428.644798,1.210000,427.434798
1813,-44.001913,-44.264457,-45.514457,-43.014457,noise,none,0.000000,11,907.003921,422.982883,1.210000,421.772883
1814,-43.294737,-43.357318,-44.607318,-42.107318,noise,none,0.000000,11,907.003921,430.761810,1.210000,429.551810
1815,-44.885689,-43.941348,-45.191348,-42.691348,informed,none,0.000000,11,907.003921,413.261338,1.210000,412.051338
1816,-46.681291,-46.692449,-47.942449,-45.442449,informed,none,0.000000,11,907.003921,393.509725,1.210000,392.299725
1817,-47.605874,-46.948503,-48.198503,-45.698503,noise,none,0.000000,11,907.003921,383.339302,1.210000,382.129302
1818,-46.221232,-46.354295,-47.604295,-45.104295,noise,sell_to_mm,-47.604295,12,954.608216,399.953437,1.440000,398.513437
1819,-45.001506,-44.274807,-45.524807,-43.024807,noise,none,0.000000,12,954.608216,414.590148,1.440000,413.150148
1820,-43.047007,-43.442209,-44.692209,-42.192209,noise,none,0.000000,12,954.608216,438.044133,1.440000,436.604133
1821,-41.895445,-40.519350,-41.769350,-39.269350,noise,none,0.000000,12,954.608216,451.862873,1.440000,450.422873
1822,-44.672539,-45.109516,-46.359516,-43.859516,noise,none,0.000000,12,954.608216,418.537751,1.440000,417.097751
1823,-45.215627,-45.922350,-47.172350,-44.672350,noise,none,0.000000,12,954.608216,412.020690,1.440000,410.580690
1824,-45.441347,-45.138195,-46.388195,-43.888195,noise,none,0.000000,12,954.608216,409.312046,1.440000,407.872046
1825,-44.396372,-44.222337,-45.472337,-42.972337,noise,sell_to_mm,-45.472337,13,1000.080553,422.927713,1.690000,421.237713
1826,-43.518389,-44.520329,-45.770329,-43.270329,noise,buy_from_mm,-43.270329,12,956.810224,434.589554,1.440000,433.149554
1827,-42.157934,-42.387676,-43.637676,-41.137676,informed,none,0.000000,12,956.810224,450.915019,1.440000,449.475019
1828,-40.792533,-40.742101,-41.992101,-39.492101,noise,sell_to_mm,-41.992101,13,998.802326,468.499392,1.690000,466.809392
1829,-42.361255,-42.366595,-43.616595,-41.116595,noise,buy_from_mm,-41.116595,12,957.685730,449.350669,1.440000,447.910669
1830,-41.853172,-41.646342,-42.896342,-40.396342,noise,none,0.000000,12,957.685730,455.447669,1.440000,454.007669
1831,-41.993917,-42.597692,-43.847692,-41.347692,noise,none,0.000000,12,957.685730,453.758721,1.440000,452.318721
1832,-42.783279,-42.595633,-43.845633,-41.345633,noise,none,0.000000,12,957.685730,444.286385,1.440000,442.846385
1833,-45.776825,-46.641195,-47.891195,-45.391195,informed,none,0.000000,12,957.685730,408.363836,1.440000,406.923836
1834,-45.725218,-46.545710,-47.795710,-45.295710,noise,sell_to_mm,-47.795710,13,1005.481440,411.053604,1.690000,409.363604
1835,-45.000872,-45.214764,-46.464764,-43.964764,informed,none,0.000000,13,1005.481440,420.470103,1.690000,418.780103
1836,-44.082453,-43.515026,-44.765026,-42.265026,noise,none,0.000000,13,1005.481440,432.409556,1.690000,430.719556
1837,-42.947622,-42.862900,-44.112900,-41.612900,noise,none,0.000000,13,1005.481440,447.162354,1.690000,445.472354
1838,-44.139265,-44.604362,-45.854362,-43.354362,noise,none,0.000000,13,1005.481440,431.670998,1.690000,429.980998
1839,-44.626802,-44.141115,-45.391115,-42.891115,informed,none,0.000000,13,1005.481440,425.333013,1.690000,423.643013
1840,-43.864176,-44.083022,-45.333022,-42.833022,informed,none,0.000000,13,1005.481440,435.247156,1.690000,433.557156
1841,-43.919904,-44.978453,-46.228453,-43.728453,informed,none,0.000000,13,1005.481440,434.522694,1.690000,432.832694
1842,-44.222382,-44.276748,-45.526748,-43.026748,noise,sell_to_mm,-45.526748,14,1051.008188,431.894841,1.960000,429.934841
1843,-43.921302,-44.192904,-45.442904,-42.942904,informed,none,0.000000,14,1051.008188,436.109959,1.960000,434.149959
1844,-43.443338,-44.114142,-45.364142,-42.864142,informed,none,0.000000,14,1051.008188,442.801456,1.960000,440.841456
1845,-43.450135,-43.432482,-44.682482,-42.182482,informed,none,0.000000,14,1051.008188,442.706301,1.960000,440.746301
1846,-43.553961,-43.056101,-44.306101,-41.806101,noise,none,0.000000,14,1051.008188,441.252739,1.960000,439.292739
1847,-43.873314,-43.456908,-44.706908,-42.206908,noise,none,0.000000,14,1051.008188,436.781794,1.960000,434.821794
1848,-45.568097,-45.756595,-47.006595,-44.506595,noise,sell_to_mm,-47.006595,15,1098.014784,414.493332,2.250000,412.243332
1849,-44.918788,-44.463000,-45.713000,-43.213000,noise,none,0.000000,15,1098.014784,424.232963,2.250000,421.982963
1850,-44.127069,-44.589085,-45.839085,-43.339085,informed,none,0.000000,15,1098.014784,436.108745,2.250000,433.858745
1851,-44.222378,-44.061144,-45.311144,-42.811144,informed,none,0.000000,15,1098.014784,434.679121,2.250000,432.429121
1852,-44.566244,-44.213620,-45.463620,-42.963620,noise,none,0.000000,15,1098.014784,429.521127,2.250000,427.271127
1853,-46.341014,-45.731188,-46.981188,-44.481188,noise,buy_from_mm,-44.481188,14,1053.533596,404.759401,1.960000,402.799401
1854,-45.306271,-45.597987,-46.847987,-44.347987,noise,none,0.000000,14,1053.533596,419.245807,1.960000,417.285807
1855,-43.604304,-43.911173,-45.161173,-42.661173,noise,none,0.000000,14,1053.533596,443.073346,1.960000,441.113346
1856,-43.773923,-44.563981,-45.813981,-43.313981,noise,none,0.000000,14,1053.533596,440.698672,1.960000,438.738672
1857,-44.804727,-45.265347,-46.515347,-44.015347,noise,buy_from_mm,-44.015347,13,1009.518250,427.056793,1.690000,425.366793
1858,-44.468355,-44.402107,-45.652107,-43.152107,informed,none,0.000000,13,1009.518250,431.429632,1.690000,429.739632
1859,-45.256963,-44.525620,-45.775620,-43.275620,noise,sell_to_mm,-45.775620,14,1055.293870,421.696381,1.960000,419.736381
1860,-43.647162,-43.304280,-44.554280,-42.054280,informed,none,0.000000,14,1055.293870,444.233604,1.960000,442.273604
1861,-43.759957,-43.219829,-44.469829,-41.969829,noise,none,0.000000,14,1055.293870,442.654467,1.960000,440.694467
1862,-44.457929,-44.022265,-45.272265,-42.772265,noise,none,0.000000,14,1055.293870,432.882868,1.960000,430.922868
1863,-42.957118,-42.627468,-43.877468,-41.377468,noise,none,0.000000,14,1055.293870,453.894213,1.960000,451.934213
1864,-41.729129,-41.372106,-42.622106,-40.122106,noise,buy_from_mm,-40.122106,13,1015.171763,472.693089,1.690000,471.003089
1865,-42.044806,-41.831267,-43.081267,-40.581267,noise,none,0.000000,13,1015.171763,468.589283,1.690000,466.899283
1866,-40.903469,-41.257773,-42.507773,-40.007773,noise,none,0.000000,13,1015.171763,483.426672,1.690000,481.736672
1867,-39.965319,-39.801400,-41.051400,-38.551400,informed,none,0.000000,13,1015.171763,495.622618,1.690000,493.932618
1868,-39.827861,-39.893902,-41.143902,-38.643902,informed,none,0.000000,13,1015.171763,497.409572,1.690000,495.719572
1869,-39.974703,-39.124263,-40.374263,-37.874263,noise,none,0.000000,13,1015.171763,495.500629,1.690000,493.810629
1870,-40.191460,-39.658988,-40.908988,-38.408988,informed,none,0.000000,13,1015.171763,492.682777,1.690000,490.992777
1871,-39.834777,-40.613830,-41.863830,-39.363830,noise,none,0.000000,13,1015.171763,497.319658,1.690000,495.629658
1872,-38.498036,-37.913319,-39.163319,-36.663319,informed,none,0.000000,13,1015.171763,514.697290,1.690000,513.007290
1873,-38.836447,-38.377025,-39.627025,-37.127025,informed,none,0.000000,13,1015.171763,510.297958,1.690000,508.607958
1874,-38.619728,-38.637621,-39.887621,-37.387621,noise,sell_to_mm,-39.887621,14,1055.059384,514.383195,1.960000,512.423195
1875,-37.957347,-37.558758,-38.808758,-36.308758,noise,none,0.000000,14,1055.059384,523.656528,1.960000,521.696528
1876,-38.511399,-38.714538,-39.964538,-37.464538,noise,sell_to_mm,-39.964538,15,1095.023922,517.352939,2.250000,515.102939
1877,-39.971517,-39.513779,-40.763779,-38.263779,noise,none,0.000000,15,1095.023922,495.451160,2.250000,493.201160
1878,-39.379171,-39.800551,-41.050551,-38.550551,informed,none,0.000000,15,1095.023922,504.336358,2.250000,502.086358
1879,-39.044046,-38.397946,-39.647946,-37.147946,noise,sell_to_mm,-39.647946,16,1134.671868,509.967128,2.560000,507.407128
1880,-38.830667,-38.930906,-40.180906,-37.680906,noise,buy_from_mm,-37.680906,15,1096.990962,514.530962,2.250000,512.280962
1881,-38.076623,-37.813095,-39.063095,-36.563095,noise,none,0.000000,15,1096.990962,525.841622,2.250000,523.591622
1882,-36.330151,-36.760711,-38.010711,-35.510711,informed,none,0.000000,15,1096.990962,552.038698,2.250000,549.788698
1883,-38.316112,-38.341010,-39.591010,-37.091010,noise,buy_from_mm,-37.091010,14,1059.899951,523.474380,1.960000,521.514380
1884,-38.043349,-37.727243,-38.977243,-36.477243,informed,none,0.000000,14,1059.899951,527.293063,1.960000,525.333063
1885,-39.088471,-38.805442,-40.055442,-37.555442,noise,sell_to_mm,-40.055442,15,1099.955393,513.628325,2.250000,511.378325
1886,-42.145699,-42.542646,-43.792646,-41.292646,informed,none,0.000000,15,1099.955393,467.769901,2.250000,465.519901
1887,-39.988879,-40.582958,-41.832958,-39.332958,informed,none,0.000000,15,1099.955393,500.122210,2.250000,497.872210
1888,-41.772451,-42.187424,-43.437424,-40.937424,noise,none,0.000000,15,1099.955393,473.368623,2.250000,471.118623
1889,-41.965124,-41.780655,-43.030655,-40.530655,informed,none,0.000000,15,1099.955393,470.478533,2.250000,468.228533
1890,-41.427156,-42.194393,-43.444393,-40.944393,noise,none,0.000000,15,1099.955393,478.548052,2.250000,476.298052
1891,-42.012187,-42.382078,-43.632078,-41.132078,informed,none,0.000000,15,1099.955393,469.772587,2.250000,467.522587
1892,-39.503452,-39.541530,-40.791530,-38.291530,noise,none,0.000000,15,1099.955393,507.403614,2.250000,505.153614
1893,-38.214916,-38.324954,-39.574954,-37.074954,noise,none,0.000000,15,1099.955393,526.731646,2.250000,524.481646
1894,-39.027799,-38.890420,-40.140420,-37.640420,informed,none,0.000000,15,1099.955393,514.538411,2.250000,512.288411
1895,-39.124084,-40.532928,-41.782928,-39.282928,informed,buy_from_mm,-39.282928,14,1060.672465,512.935291,1.960000,510.975291
1896,-39.540085,-39.706491,-40.956491,-38.456491,noise,sell_to_mm,-40.956491,15,1101.628956,508.527681,2.250000,506.277681
1897,-38.896221,-38.497235,-39.747235,-37.247235,noise,sell_to_mm,-39.747235,16,1141.376191,519.036649,2.560000,516.476649
1898,-39.224765,-39.347215,-40.597215,-38.097215,informed,none,0.000000,16,1141.376191,513.779949,2.560000,511.219949
1899,-39.227037,-38.564465,-39.814465,-37.314465,informed,none,0.000000,16,1141.376191,513.743593,2.560000,511.183593
1900,-39.338389,-40.082609,-41.332609,-38.832609,noise,buy_from_mm,-38.832609,15,1102.543582,512.467750,2.250000,510.217750
1901,-40.550419,-41.009008,-42.259008,-39.759008,noise,none,0.000000,15,1102.543582,494.287298,2.250000,492.037298
1902,-39.822560,-40.313480,-41.563480,-39.063480,informed,none,0.000000,15,1102.543582,505.205182,2.250000,502.955182
1903,-40.047707,-40.222473,-41.472473,-38.972473,noise,none,0.000000,15,1102.543582,501.827977,2.250000,499.577977
1904,-40.163041,-39.311715,-40.561715,-38.061715,informed,none,0.000000,15,1102.543582,500.097961,2.250000,497.847961
1905,-40.233803,-40.108840,-41.358840,-38.858840,noise,buy_from_mm,-38.858840,14,1063.684742,500.411494,1.960000,498.451494
1906,-41.050780,-41.105642,-42.355642,-39.855642,noise,sell_to_mm,-42.355642,15,1106.040383,490.278683,2.250000,488.028683
1907,-42.406647,-41.558137,-42.808137,-40.308137,noise,none,0.000000,15,1106.040383,469.940674,2.250000,467.690674
1908,-42.872307,-42.669655,-43.919655,-41.419655,noise,none,0.000000,15,1106.040383,462.955772,2.250000,460.705772
1909,-41.314123,-40.235866,-41.485866,-38.985866,noise,sell_to_mm,-41.485866,16,1147.526249,486.500277,2.560000,483.940277
1910,-41.914864,-41.687532,-42.937532,-40.437532,noise,sell_to_mm,-42.937532,17,1190.463780,477.911099,2.890000,475.021099
1911,-42.393537,-42.784266,-44.034266,-41.534266,informed,none,0.000000,17,1190.463780,469.773647,2.890000,466.883647
1912,-42.278564,-42.305545,-43.555545,-41.055545,informed,none,0.000000,17,1190.463780,471.728200,2.890000,468.838200
1913,-43.091552,-42.446866,-43.696866,-41.196866,noise,none,0.000000,17,1190.463780,457.907396,2.890000,455.017396
1914,-44.255413,-45.133118,-46.383118,-43.883118,noise,buy_from_mm,-43.883118,16,1146.580662,438.494053,2.560000,435.934053
1915,-42.573613,-41.821730,-43.071730,-40.571730,noise,sell_to_mm,-43.071730,17,1189.652392,465.900966,2.890000,463.010966
1916,-42.089475,-42.742985,-43.992985,-41.492985,noise,sell_to_mm,-43.992985,18,1233.645377,476.034832,3.240000,472.794832
1917,-41.662204,-41.802892,-43.052892,-40.552892,noise,none,0.000000,18,1233.645377,483.725713,3.240000,480.485713
1918,-41.787472,-40.937032,-42.187032,-39.687032,noise,none,0.000000,18,1233.645377,481.470873,3.240000,478.230873
1919,-42.122903,-42.536393,-43.786393,-41.286393,informed,none,0.000000,18,1233.645377,475.433126,3.240000,472.193126
1920,-41.659729,-41.459216,-42.709216,-40.209216,noise,none,0.000000,18,1233.645377,483.770247,3.240000,480.530247
1921,-41.770770,-42.747195,-43.997195,-41.497195,informed,none,0.000000,18,1233.645377,481.771508,3.240000,478.531508
1922,-42.723071,-42.632242,-43.882242,-41.382242,noise,none,0.000000,18,1233.645377,464.630106,3.240000,461.390106
1923,-43.720474,-44.726695,-45.976695,-43.476695,informed,none,0.000000,18,1233.645377,446.676839,3.240000,443.436839
1924,-45.581876,-47.009416,-48.259416,-45.759416,noise,none,0.000000,18,1233.645377,413.171606,3.240000,409.931606
1925,-45.054876,-44.630863,-45.880863,-43.380863,informed,none,0.000000,18,1233.645377,422.657605,3.240000,419.417605
1926,-43.789924,-43.519894,-44.769894,-42.269894,noise,none,0.000000,18,1233.645377,445.426745,3.240000,442.186745
1927,-43.517597,-43.983797,-45.233797,-42.733797,noise,none,0.000000,18,1233.645377,450.328628,3.240000,447.088628
1928,-44.344961,-44.299766,-45.549766,-43.049766,noise,none,0.000000,18,1233.645377,435.436083,3.240000,432.196083
1929,-43.994255,-43.958888,-45.208888,-42.708888,noise,none,0.000000,18,1233.645377,441.748783,3.240000,438.508783
1930,-44.121874,-42.814453,-44.064453,-41.564453,informed,sell_to_mm,-44.064453,19,1277.709830,439.394214,3.610000,435.784214
1931,-44.039922,-44.491698,-45.741698,-43.241698,noise,none,0.000000,19,1277.709830,440.951318,3.610000,437.341318
1932,-44.108115,-43.805723,-45.055723,-42.555723,informed,none,0.000000,19,1277.709830,439.655639,3.610000,436.045639
1933,-45.269799,-45.246154,-46.496154,-43.996154,noise,none,0.000000,19,1277.709830,417.583640,3.610000,413.973640
1934,-44.438679,-44.668130,-45.918130,-43.418130,noise,none,0.000000,19,1277.709830,433.374924,3.610000,429.764924
1935,-45.177491,-45.452662,-46.702662,-44.202662,noise,none,0.000000,19,1277.709830,419.337509,3.610000,415.727509
1936,-46.780273,-47.203376,-48.453376,-45.953376,informed,none,0.000000,19,1277.709830,388.884645,3.610000,385.274645
1937,-47.061951,-48.106157,-49.356157,-46.856157,informed,none,0.000000,19,1277.709830,383.532755,3.610000,379.922755
1938,-46.821739,-46.735470,-47.985470,-45.485470,noise,none,0.000000,19,1277.709830,388.096787,3.610000,384.486787
1939,-45.456784,-45.685608,-46.935608,-44.435608,noise,sell_to_mm,-46.935608,20,1324.645437,415.509748,4.000000,411.509748
1940,-46.569790,-46.155716,-47.405716,-44.905716,noise,none,0.000000,20,1324.645437,393.249636,4.000000,389.249636
1941,-48.979496,-48.623342,-49.873342,-47.373342,informed,none,0.000000,20,1324.645437,345.055508,4.000000,341.055508
1942,-49.472001,-49.792982,-51.042982,-48.542982,informed,none,0.000000,20,1324.645437,335.205419,4.000000,331.205419
1943,-49.591523,-49.216928,-50.466928,-47.966928,noise,buy_from_mm,-47.966928,19,1276.678509,334.439567,3.610000,330.829567
1944,-49.786989,-50.732183,-51.982183,-49.482183,noise,sell_to_mm,-51.982183,20,1328.660692,332.920905,4.000000,328.920905
1945,-49.379967,-49.588481,-50.838481,-48.338481,noise,none,0.000000,20,1328.660692,341.061357,4.000000,337.061357
1946,-48.173184,-47.570631,-48.820631,-46.320631,informed,none,0.000000,20,1328.660692,365.197008,4.000000,361.197008
1947,-48.303911,-48.383218,-49.633218,-47.133218,noise,none,0.000000,20,1328.660692,362.582479,4.000000,358.582479
1948,-48.561464,-48.362406,-49.612406,-47.112406,informed,none,0.000000,20,1328.660692,357.431419,4.000000,353.431419
1949,-47.660269,-47.817918,-49.067918,-46.567918,informed,none,0.000000,20,1328.660692,375.455304,4.000000,371.455304
1950,-47.730356,-47.517153,-48.767153,-46.267153,informed,none,0.000000,20,1328.660692,374.053574,4.000000,370.053574
1951,-47.036628,-47.036800,-48.286800,-45.786800,noise,none,0.000000,20,1328.660692,387.928125,4.000000,383.928125
1952,-46.690893,-45.460359,-46.710359,-44.210359,noise,none,0.000000,20,1328.660692,394.842828,4.000000,390.842828
1953,-45.632441,-45.113045,-46.363045,-43.863045,noise,none,0.000000,20,1328.660692,416.011877,4.000000,412.011877
1954,-44.620558,-44.351361,-45.601361,-43.101361,noise,none,0.000000,20,1328.660692,436.249523,4.000000,432.249523
1955,-43.845295,-43.175793,-44.425793,-41.925793,informed,none,0.000000,20,1328.660692,451.754791,4.000000,447.754791
1956,-43.218884,-42.669201,-43.919201,-41.419201,noise,none,0.000000,20,1328.660692,464.283003,4.000000,460.283003
1957,-45.627104,-45.749864,-46.999864,-44.499864,informed,none,0.000000,20,1328.660692,416.118616,4.000000,412.118616
1958,-46.155771,-46.438881,-47.688881,-45.188881,informed,none,0.000000,20,1328.660692,405.545274,4.000000,401.545274
1959,-45.094084,-45.619456,-46.869456,-44.369456,informed,none,0.000000,20,1328.660692,426.779021,4.000000,422.779021
1960,-43.774435,-42.843766,-44.093766,-41.593766,informed,none,0.000000,20,1328.660692,453.171987,4.000000,449.171987
1961,-44.874205,-45.037849,-46.287849,-43.787849,noise,buy_from_mm,-43.787849,19,1284.872843,432.262939,3.610000,428.652939
1962,-45.001807,-44.591242,-45.841242,-43.341242,noise,none,0.000000,19,1284.872843,429.838507,3.610000,426.228507
1963,-43.523631,-44.046328,-45.296328,-42.796328,informed,none,0.000000,19,1284.872843,457.923854,3.610000,454.313854
1964,-42.739411,-41.838570,-43.088570,-40.588570,informed,none,0.000000,19,1284.872843,472.824042,3.610000,469.214042
1965,-43.062312,-42.576879,-43.826879,-41.326879,noise,none,0.000000,19,1284.872843,466.688924,3.610000,463.078924
1966,-44.072020,-44.468088,-45.718088,-43.218088,informed,none,0.000000,19,1284.872843,447.504457,3.610000,443.894457
1967,-43.613498,-43.878335,-45.128335,-42.628335,noise,none,0.000000,19,1284.872843,456.216383,3.610000,452.606383
1968,-43.552388,-44.308419,-45.558419,-43.058419,informed,none,0.000000,19,1284.872843,457.377478,3.610000,453.767478
1969,-43.818046,-44.289758,-45.539758,-43.039758,informed,none,0.000000,19,1284.872843,452.329975,3.610000,448.719975
1970,-43.882081,-43.650001,-44.900001,-42.400001,noise,sell_to_mm,-44.900001,20,1329.772844,452.131229,4.000000,448.131229
1971,-44.448469,-44.032826,-45.282826,-42.782826,noise,none,0.000000,20,1329.772844,440.803461,4.000000,436.803461
1972,-45.069699,-45.527867,-46.777867,-44.277867,informed,none,0.000000,20,1329.772844,428.378855,4.000000,424.378855
1973,-44.797051,-44.098542,-45.348542,-42.848542,informed,none,0.000000,20,1329.772844,433.831822,4.000000,429.831822
1974,-46.277618,-45.531480,-46.781480,-44.281480,noise,buy_from_mm,-44.281480,19,1285.491364,406.216617,3.610000,402.606617
1975,-46.244072,-46.658064,-47.908064,-45.408064,noise,none,0.000000,19,1285.491364,406.854001,3.610000,403.244001
1976,-46.279392,-46.204904,-47.454904,-44.954904,informed,none,0.000000,19,1285.491364,406.182924,3.610000,402.572924
1977,-47.934672,-47.849812,-49.099812,-46.599812,noise,none,0.000000,19,1285.491364,374.732601,3.610000,371.122601
1978,-48.968410,-49.582424,-50.832424,-48.332424,informed,none,0.000000,19,1285.491364,355.091565,3.610000,351.481565
1979,-49.644302,-50.332317,-51.582317,-49.082317,informed,none,0.000000,19,1285.491364,342.249625,3.610000,338.639625
1980,-50.143757,-50.618902,-51.868902,-49.368902,noise,none,0.000000,19,1285.491364,332.759972,3.610000,329.149972
1981,-50.934712,-51.559065,-52.809065,-50.309065,noise,none,0.000000,19,1285.491364,317.731834,3.610000,314.121834
1982,-49.952027,-50.372434,-51.622434,-49.122434,informed,none,0.000000,19,1285.491364,336.402843,3.610000,332.792843
1983,-49.533975,-49.930923,-51.180923,-48.680923,noise,buy_from_mm,-48.680923,18,1236.810441,345.198886,3.240000,341.958886
1984,-50.927129,-51.020955,-52.270955,-49.770955,noise,none,0.000000,18,1236.810441,320.122127,3.240000,316.882127
1985,-51.517152,-52.326681,-53.576681,-51.076681,informed,none,0.000000,18,1236.810441,309.501702,3.240000,306.261702
1986,-50.412047,-49.460706,-50.710706,-48.210706,noise,sell_to_mm,-50.710706,19,1287.521147,329.692260,3.610000,326.082260
1987,-51.233650,-51.507417,-52.757417,-50.257417,noise,sell_to_mm,-52.757417,20,1340.278564,315.605573,4.000000,311.605573
1988,-51.050566,-50.458198,-51.708198,-49.208198,noise,none,0.000000,20,1340.278564,319.267235,4.000000,315.267235
1989,-49.702473,-50.536865,-51.786865,-49.286865,noise,buy_from_mm,-49.286865,19,1290.991699,346.644704,3.610000,343.034704
1990,-49.402610,-49.411687,-50.661687,-48.161687,informed,none,0.000000,19,1290.991699,352.342111,3.610000,348.732111
1991,-48.487706,-48.288780,-49.538780,-47.038780,noise,none,0.000000,19,1290.991699,369.725288,3.610000,366.115288
1992,-50.463579,-50.518389,-51.768389,-49.268389,informed,none,0.000000,19,1290.991699,332.183689,3.610000,328.573689
1993,-51.679709,-52.214360,-53.464360,-50.964360,informed,none,0.000000,19,1290.991699,309.077230,3.610000,305.467230
1994,-51.423827,-51.808087,-53.058087,-50.558087,noise,buy_from_mm,-50.558087,18,1240.433612,314.804730,3.240000,311.564730
1995,-51.711809,-51.701710,-52.951710,-50.451710,informed,none,0.000000,18,1240.433612,309.621048,3.240000,306.381048
1996,-52.468059,-52.165867,-53.415867,-50.915867,noise,none,0.000000,18,1240.433612,296.008544,3.240000,292.768544
1997,-51.391913,-51.404010,-52.654010,-50.154010,noise,sell_to_mm,-52.654010,19,1293.087622,316.641273,3.610000,313.031273
1998,-51.761380,-52.034334,-53.284334,-50.784334,informed,none,0.000000,19,1293.087622,309.621401,3.610000,306.011401
1999,-51.895067,-52.306459,-53.556459,-51.056459,noise,none,0.000000,19,1293.087622,307.081357,3.610000,303.471357
2000,-52.094942,-51.880158,-53.130158,-50.630158,noise,buy_from_mm,-50.630158,18,1242.457464,304.748510,3.240000,301.508510
